3409,130,143,50
3337,140,147,178
3335,141,146,174
3339,139,146,177
3335,139,146,181
3339,140,144,178
3337,139,146,186
3338,137,149,186
3343,137,147,187
3341,137,145,183
3340,139,149,184
3336,136,150,186
3339,135,154,192
3346,136,155,193
3358,133,153,194
3352,134,161,206
3357,133,156,208
3347,136,158,209
3346,134,157,205
3347,133,158,204
3338,134,156,199
3338,135,156,196
3337,131,156,195
3341,132,155,192
3338,134,155,193
3339,133,155,190
3339,133,155,192
3337,131,153,188
3338,134,154,189
3354,130,153,186
3357,131,152,184
3345,130,152,186
3345,128,154,182
3336,131,153,182
3338,129,151,182
3340,132,153,182
3338,129,149,179
3339,129,153,183
3338,128,149,176
3340,129,152,172
3338,130,151,172
3350,128,152,166
3340,129,151,166
3347,128,147,164
3338,129,150,165
3339,126,147,161
3339,126,149,161
3347,128,151,161
3348,118,150,162
3350,124,148,162
3350,124,147,161
3346,125,149,162
3349,125,147,158
3354,125,148,157
3348,125,146,158
3340,125,148,161
3340,125,147,160
3341,124,145,157
3337,124,148,156
3339,125,148,154
3338,125,150,156
3339,123,149,151
3338,124,151,151
3338,124,147,147
3354,122,149,146
3355,121,146,144
3357,121,148,142
3345,121,147,144
3354,124,146,142
3348,121,147,142
3346,121,144,139
3350,122,146,139
3346,121,144,140
3341,123,146,137
3336,123,146,138
3339,122,150,138
3337,122,151,138
3337,122,158,139
3341,122,154,138
3346,120,152,136
3347,120,155,139
3347,120,151,142
3346,121,152,148
3343,121,160,156
3345,119,177,158
3342,118,187,163
3347,118,190,157
3336,122,189,156
3334,119,192,155
3336,119,197,153
3345,119,197,152
3345,122,208,160
3347,121,197,162
3347,121,197,160
3340,120,196,160
3346,1493,152,195,302
3485,62,193,304
3482,180,207,300
3511,168,201,291
3474,202,186,288
3451,175,186,285
3480,180,186,269
3489,175,185,274
3487,94,192,276
3481,154,187,264
3484,168,181,261
3468,176,210,280
3463,167,182,268
3488,171,185,293
3474,170,182,271
3478,173,199,264
3482,156,179,258
3483,169,178,232
3496,172,161,279
3510,152,177,272
3483,183,171,260
3482,162,182,250
3479,163,174,226
3506,159,172,246
3499,160,187,247
3474,161,178,227
3483,181,175,236
3475,135,183,244
3465,136,175,245
3512,180,177,246
3493,158,108,248
3474,159,187,252
3487,158,128,237
3480,162,190,291
3498,158,113,296
3487,150,173,296
3480,157,185,288
3482,150,82,282
3486,147,200,280
3484,149,194,285
3484,149,184,375
3459,165,166,315
3583,124,180,286
3487,148,191,281
3461,145,186,288
3483,153,210,291
3472,159,90,329
3494,150,152,328
3487,152,42,329
3482,147,193,385
3513,136,199,353
3496,149,179,344
3486,140,180,335
3481,145,184,358
3475,154,193,367
3492,135,176,429
3488,156,199,364
3470,156,180,380
3507,169,158,365
3474,169,171,360
3496,153,179,350
3470,166,155,354
3445,154,176,343
3474,154,205,332
3475,111,173,334
3475,154,174,329
3470,154,184,322
3463,152,176,315
3487,149,217,322
3479,145,170,316
3510,87,166,312
3583,159,152,331
3485,152,177,311
3475,149,177,288
3468,149,173,274
3479,166,155,293
3484,149,165,281
3462,146,173,269
3480,133,185,267
3474,148,164,277
3484,157,176,268
3473,149,190,263
3472,155,158,273
3445,149,181,258
3466,138,197,258
3466,155,182,264
3464,156,166,282
3467,155,180,264
3483,130,182,262
3486,148,227,265
3444,165,179,265
3485,157,180,274
3483,152,188,274
3477,157,198,267
3481,155,191,266
3467,127,194,264
3479,165,183,276
3422,156,192,283
3467,146,189,258
3466,146,192,256
3441,148,194,251
3454,155,188,250
3467,144,186,238
3486,157,178,261
3495,153,181,267
3452,158,183,260
3475,149,177,261
3478,148,189,239
3454,153,214,265
3478,152,195,264
3472,97,214,271
3475,143,200,264
3476,150,190,257
3462,154,222,252
3467,148,198,256
3460,149,254,258
3466,149,193,380
3463,167,183,322
3479,160,184,298
3471,242,208,302
3483,148,207,324
3472,145,221,246
3465,135,214,317
3477,142,215,310
3477,143,234,324
3481,141,222,302
3475,144,230,319
3486,144,223,304
3468,125,225,431
3483,128,223,286
3472,137,221,287
3473,138,197,278
3476,142,222,277
3464,122,220,281
3470,144,216,278
3462,153,215,275
3442,161,208,264
3480,131,217,270
3479,133,212,258
3483,144,304,256
3467,114,211,256
3472,144,234,272
3491,131,208,319
3474,147,171,325
3493,128,199,361
3467,137,203,321
3465,133,202,466
3469,145,201,326
3471,137,190,322
3473,123,209,317
3475,118,192,358
3460,142,205,341
3505,149,196,344
3523,137,189,343
3462,175,191,338
3473,158,193,341
3469,167,205,353
3435,163,189,352
3473,162,162,343
3461,172,193,335
3442,164,174,327
3476,167,195,355
3479,159,212,336
3477,153,202,326
3471,148,225,324
3469,164,196,329
3469,170,218,346
3467,162,193,339
3470,161,204,360
3470,162,194,391
3468,164,202,400
3467,164,182,381
3448,156,208,373
3473,161,202,363
3476,159,196,361
3473,156,196,360
3474,157,206,352
3476,157,221,348
3479,156,213,356
3474,158,216,327
3467,160,212,340
3463,158,221,326
3477,160,215,333
3462,164,209,334
3541,176,211,439
3469,170,224,330
3477,178,211,257
3446,167,209,315
3472,166,207,336
3491,150,206,321
3486,141,204,310
3464,151,202,308
3473,216,190,301
3497,168,202,327
3478,158,207,302
3495,174,168,308
3488,126,193,293
3481,143,193,286
3478,158,182,308
3453,137,193,254
3479,160,193,272
3469,152,202,282
3465,142,204,277
3472,155,205,270
3479,159,204,264
3467,145,196,256
3473,149,186,284
3394,152,204,249
3475,131,202,257
3474,145,176,260
3480,146,205,284
3482,145,222,275
3472,148,230,313
3478,147,218,326
3449,146,202,310
3482,149,184,317
3464,156,209,308
3465,113,199,311
3470,147,217,289
3467,148,206,311
3483,147,206,299
3474,161,193,290
3461,145,201,273
3472,135,200,430
3466,137,217,263
3461,141,218,280
3466,165,191,382
3477,124,195,320
3487,137,204,315
3431,158,200,341
3467,142,198,345
3465,146,210,346
3473,141,208,343
3474,147,214,334
3475,139,193,343
3470,146,207,339
3476,141,198,329
3477,216,207,335
3475,260,184,333
3475,142,202,341
3469,138,221,270
3468,139,217,357
3470,138,230,346
3469,140,272,339
3482,122,252,336
3489,135,250,335
3475,141,239,348
3467,149,237,324
3466,138,248,348
3461,123,253,355
3468,143,259,354
3472,138,241,350
3476,129,262,337
3451,176,252,338
3475,80,268,335
3477,145,247,329
3477,140,247,345
3470,138,250,324
3469,125,239,333
3465,138,267,317
3477,130,230,320
3471,137,239,314
3471,142,214,319
3473,136,233,289
3475,133,221,302
3475,133,221,339
3470,136,260,336
3469,136,221,331
3470,146,228,308
3469,117,241,331
3454,154,230,326
3464,134,213,322
3471,141,215,338
3460,160,223,332
3465,148,219,338
3472,153,216,319
3473,154,231,322
3476,26,221,320
3486,164,195,329
3494,152,138,322
3476,145,196,329
3477,145,215,305
3475,151,208,305
3491,165,220,274
3503,86,216,286
3479,157,207,282
3484,164,204,277
3479,206,212,275
3467,150,188,264
3480,139,202,277
3473,153,208,268
3485,129,209,300
3468,153,202,300
3475,145,205,308
3469,146,184,297
3474,155,180,307
3471,139,302,312
3472,162,193,340
3461,153,199,289
3478,146,173,284
3478,139,198,283
3473,153,218,256
3468,134,195,274
3520,136,208,280
3471,155,197,272
3458,146,193,263
3472,154,186,268
3457,169,189,236
3488,142,197,260
3503,144,179,261
3480,62,173,254
3472,149,125,269
3468,151,193,256
3467,148,194,259
3459,160,197,197
3490,155,192,251
3477,144,197,249
3475,144,186,273
3493,144,206,284
3474,144,212,282
3476,148,207,280
3475,163,213,196
3478,135,213,263
3471,107,209,269
3465,154,217,275
3449,145,208,286
3466,193,210,321
3476,141,230,326
3482,142,203,320
3477,140,196,327
3479,142,201,314
3472,139,198,312
3475,142,199,299
3468,86,212,303
3467,149,198,302
3474,142,196,300
3475,119,210,295
3479,139,189,298
3437,141,195,299
3452,136,198,294
3472,194,190,292
3469,144,190,287
3472,151,191,280
3475,126,187,284
3471,141,165,328
3493,140,187,344
3471,137,187,338
3482,131,186,340
3467,141,185,343
3461,144,175,329
3464,243,166,346
3474,123,184,320
3472,132,184,385
3443,148,192,301
3470,117,193,381
3472,187,202,382
3469,138,201,377
3469,140,164,382
3470,140,195,368
3464,133,119,370
3455,160,193,364
3468,138,164,358
3464,144,196,353
3465,148,187,361
3464,200,180,326
3354,136,188,336
3475,156,175,325
3469,116,186,328
3464,122,181,394
3460,141,184,310
3476,139,184,324
3473,117,179,320
3453,155,164,316
3451,129,198,317
3462,134,172,316
3465,148,188,318
3451,154,179,306
3470,137,182,310
3477,56,192,300
3473,136,180,325
3475,140,180,324
3444,152,181,302
3458,154,174,277
3479,162,178,283
3485,134,177,290
3490,193,182,294
3466,151,175,290
3476,155,178,261
3471,143,191,320
3471,186,160,314
3473,143,161,314
3475,135,177,301
3467,128,205,319
3475,136,161,313
3473,142,178,316
3431,144,187,308
3467,144,190,359
3477,168,148,358
3474,168,174,337
3474,134,175,352
3491,139,292,354
3471,141,145,351
3491,136,146,355
3448,176,171,358
3453,130,145,345
3476,152,146,347
3473,151,161,329
3478,135,177,332
3468,139,192,322
3474,139,202,318
3471,152,160,309
3451,146,164,315
3477,154,164,390
3482,119,186,294
3471,109,196,306
3475,144,177,302
3474,133,277,281
3496,130,137,292
3484,134,167,285
3483,134,193,294
3483,133,165,285
3458,132,162,281
3483,134,160,267
3487,136,180,321
3394,148,169,410
3479,134,169,317
3449,139,164,312
3464,141,166,315
3470,141,163,330
3472,152,156,332
3484,155,141,330
3464,172,162,342
3475,172,168,328
3337,168,164,310
3334,167,171,362
3482,181,132,309
3487,167,150,305
3463,177,163,281
3469,160,100,298
3478,186,164,301
3500,167,169,302
3478,189,174,299
3473,165,174,270
3482,165,180,278
3475,157,191,194
3606,142,175,284
3474,164,176,288
3472,170,175,281
3486,161,181,303
3475,146,164,330
3481,147,174,342
3471,144,184,322
3476,171,182,331
3468,138,171,326
3466,173,46,308
3479,175,162,305
3479,137,169,322
3481,166,171,318
3489,166,173,322
3463,170,175,391
3467,161,181,300
3472,176,165,305
3463,167,170,306
3491,172,163,302
3471,170,168,300
3493,154,166,321
3440,181,167,348
3484,160,154,349
3466,152,177,344
3497,158,169,342
3469,145,167,334
3479,165,169,321
3471,167,163,317
3464,165,145,328
3486,158,163,314
3475,162,169,314
3462,164,176,387
3485,106,198,306
3470,170,163,290
3471,158,174,320
3469,156,178,324
3501,156,188,332
3456,166,187,342
3471,160,161,368
3473,154,185,422
3479,155,192,433
3473,151,185,427
3488,152,81,424
3480,154,176,418
3480,197,178,416
3478,150,184,406
3477,167,179,394
3487,128,176,531
3495,161,186,425
3472,148,307,420
3476,149,193,432
3490,172,187,416
3486,147,197,420
3500,147,197,421
3471,133,196,401
3468,145,215,410
3475,145,195,401
3477,76,203,438
3477,142,197,441
3462,148,215,442
3475,164,214,441
3458,159,213,445
3475,144,202,430
3480,147,185,426
3489,125,224,417
3477,156,202,430
3484,156,216,432
3477,307,214,441
3478,157,221,454
3467,169,155,447
3479,153,208,454
3476,165,190,456
3485,158,197,441
3472,148,215,419
3484,143,184,446
3492,153,213,438
3489,152,207,418
3474,157,208,420
3455,168,204,423
3473,165,208,411
3475,162,177,404
3482,144,204,410
3480,171,178,407
3478,175,198,389
3481,201,171,408
3470,166,197,391
3445,171,197,381
3480,165,214,370
3507,174,196,404
3484,157,190,369
3485,173,189,368
3478,189,185,357
3475,168,195,361
3473,165,193,351
3475,168,191,348
3504,161,192,429
3479,51,191,337
3482,179,189,330
3456,166,186,338
3481,164,190,324
3487,161,187,340
3485,157,187,307
3482,152,196,317
3483,148,197,326
3478,161,181,314
3479,162,206,312
3540,145,211,316
3481,164,190,312
3482,166,193,313
3487,166,189,314
3474,143,218,350
3445,161,188,286
3448,156,192,346
3485,157,163,360
3469,144,199,344
3464,148,185,341
3455,152,180,338
3488,161,163,338
3485,159,180,348
3485,148,154,373
3483,153,185,348
3479,143,168,377
3483,154,185,403
3494,167,149,392
3429,129,194,320
3487,128,176,365
3485,151,180,367
3475,151,178,356
3475,151,178,357
3476,153,181,356
3465,145,178,392
3478,164,178,340
3471,146,177,330
3489,144,164,328
3484,150,176,324
3482,122,195,306
3491,152,182,312
3483,147,179,303
3485,132,186,317
3547,149,191,290
3490,142,271,309
3470,135,196,310
3557,161,189,424
3453,148,197,316
3481,143,201,334
3474,146,194,406
3471,162,196,399
3473,170,201,380
3497,146,197,387
3470,108,209,395
3480,141,192,397
3498,145,112,410
3467,134,190,389
3487,142,170,412
3483,163,192,411
3483,112,188,414
3494,143,181,418
3482,144,190,419
3479,144,181,506
3502,129,188,415
3498,139,172,430
3485,138,175,413
3488,165,162,501
3478,136,197,503
3496,135,184,499
3474,138,201,501
3481,119,176,541
3473,138,200,497
3477,147,180,506
3465,136,192,541
3488,161,185,516
3476,149,190,518
3499,129,190,523
3492,129,205,490
3485,148,198,499
3470,141,197,484
3478,137,220,483
3458,140,206,464
3477,142,204,464
3478,138,203,459
3491,149,191,469
3474,105,203,454
3491,126,197,438
3487,137,170,440
3480,129,177,426
3566,147,200,520
3478,134,205,421
3495,135,194,417
3485,134,197,414
3513,107,190,417
3479,132,188,409
3500,134,192,404
3473,138,198,420
3466,158,204,420
3471,132,209,436
3472,146,227,415
3468,136,211,528
3469,176,209,445
3473,157,216,452
3490,163,336,450
3481,272,214,444
3490,157,212,439
3343,157,214,456
3480,150,216,388
3489,155,209,417
3482,156,214,410
3492,136,208,429
3480,150,208,475
3481,152,205,478
3504,154,202,472
3480,178,200,479
3520,144,192,468
3496,153,199,460
3499,139,283,449
3480,154,190,439
3441,150,194,446
3474,149,204,458
3463,156,232,446
3472,151,217,453
3478,151,206,425
3484,136,216,436
3486,146,200,436
3485,158,176,436
3497,136,206,424
3476,147,200,406
3475,132,154,404
3480,151,192,404
3487,147,194,397
3474,141,178,388
3470,141,189,381
3477,144,232,366
3485,122,217,369
3468,145,208,407
3473,144,184,408
3469,144,214,401
3478,116,209,404
3478,146,215,400
3483,145,211,394
3480,144,190,386
3483,116,219,378
3483,119,210,508
3481,142,202,380
3477,158,210,381
3500,144,210,371
3485,142,216,374
3486,138,210,347
3476,149,234,362
3483,140,196,362
3479,164,209,357
3474,138,195,351
3355,143,206,345
3481,132,204,338
3476,148,208,330
3471,125,204,324
3449,138,197,320
3479,112,197,322
3487,137,202,308
3488,138,201,323
3490,144,193,187
3487,140,185,302
3490,142,172,301
3478,25,194,295
3484,158,180,293
3502,144,180,285
3472,143,189,280
3483,169,182,279
3477,141,191,274
3490,137,183,294
3496,141,186,266
3479,132,187,284
3472,165,185,239
3494,134,150,256
3480,136,164,248
3484,154,158,254
3491,144,185,254
3498,118,204,251
3477,112,193,245
3394,153,199,248
3479,133,193,245
3487,132,183,247
3464,131,199,250
3467,130,190,245
3483,130,209,251
3476,130,190,256
3473,82,190,272
3456,129,370,247
3494,133,190,239
3487,133,189,237
3481,122,192,245
3496,126,322,233
3478,133,195,228
3484,135,90,233
3477,131,189,244
3474,135,190,249
3487,146,186,268
3477,133,190,272
3469,139,193,277
3485,130,208,288
3468,138,188,280
3452,128,223,266
3481,131,232,256
3476,120,216,316
3483,132,205,248
3522,115,236,249
3481,130,217,243
3494,133,218,240
3493,137,221,244
3474,131,217,247
3488,130,126,254
3450,128,217,256
3475,108,212,256
3495,133,208,249
3487,134,199,250
3497,123,225,265
3486,134,238,266
3459,140,229,182
3483,141,225,245
3483,133,223,258
3473,137,223,268
3467,141,253,261
3499,173,245,312
3462,133,224,308
3484,125,252,325
3473,134,221,326
3480,136,245,315
3477,3,243,312
3464,133,233,314
3484,92,240,312
3480,133,238,301
3470,120,239,311
3485,121,246,301
3484,129,252,292
3495,131,258,294
3466,133,257,290
3490,121,263,285
3485,128,252,295
3503,123,234,288
3514,135,230,283
3456,138,249,197
3475,120,238,276
3477,156,235,278
3487,116,258,266
3485,108,240,267
3460,128,360,264
3483,138,215,281
3482,126,209,270
3482,126,239,269
3485,128,234,293
3479,134,237,264
3491,135,232,273
3481,132,227,288
3489,124,243,271
3495,123,225,266
3481,128,224,265
3503,160,206,277
3472,133,201,258
3476,121,233,257
3487,121,214,260
3462,122,220,247
3480,126,215,256
3462,135,204,250
3480,123,214,250
3464,128,179,244
3425,125,206,231
3503,123,177,228
3502,120,305,228
3461,125,286,229
3467,133,189,227
3474,124,206,226
3492,146,196,236
3397,128,206,223
3478,129,212,238
3463,156,196,230
3484,102,208,252
3474,126,210,282
3473,129,220,275
3475,119,222,276
3483,156,220,274
3485,124,218,266
3575,129,215,204
3488,103,214,260
3491,148,216,268
3488,124,213,251
3485,114,213,248
3500,137,216,244
3488,128,218,243
3478,134,214,250
3505,131,214,227
3501,139,213,238
3479,0,218,234
3484,133,234,226
3510,130,203,237
3480,130,228,249
3472,138,226,236
3481,138,231,221
3486,136,221,248
3400,137,219,230
3486,135,195,234
3482,102,222,234
3483,137,209,246
3476,148,218,290
3498,126,218,291
3479,126,222,285
3476,122,225,285
3477,132,225,283
3495,153,193,278
3481,132,215,269
3470,141,222,314
3500,126,216,343
3488,145,215,350
3480,136,210,379
3484,142,214,326
3496,128,204,352
3483,132,200,338
3472,138,241,340
3488,11,222,355
3483,129,224,340
3488,118,217,389
3487,132,195,370
3480,138,226,385
3495,130,205,392
3467,140,224,377
3471,131,202,391
3481,130,192,377
3477,136,193,369
3479,107,200,378
3455,125,208,386
3482,151,199,407
3472,145,206,417
3475,136,200,412
3482,128,179,417
3494,125,192,417
3469,145,194,403
3480,128,201,402
3504,120,206,404
3485,151,193,401
3477,128,196,388
3492,128,197,391
3476,121,214,359
3484,138,187,384
3487,128,189,354
3499,118,200,361
3474,126,181,366
3460,141,188,360
3471,138,189,352
3450,132,177,342
3474,110,181,349
3480,151,176,336
3467,125,189,333
3486,117,185,324
3479,143,132,315
3508,119,42,309
3491,141,171,389
3508,126,181,298
3482,49,180,300
3477,126,184,300
3477,135,178,298
3482,114,151,290
3488,143,172,285
3488,124,166,298
3465,125,176,288
3485,0,168,283
3476,129,179,277
3477,128,187,273
3480,123,162,270
3480,123,174,267
3479,126,145,270
3475,119,194,261
3468,119,175,257
3487,124,159,251
3491,123,192,265
3482,120,170,278
3449,124,170,250
3467,128,180,254
3490,128,172,247
3570,126,172,243
3491,142,169,240
3475,128,157,238
3472,131,166,274
3479,130,158,266
3478,126,171,274
3491,125,156,296
3480,124,156,282
3511,117,141,276
3493,123,183,268
3505,120,158,271
3491,70,165,267
3487,122,134,269
3509,137,165,253
3481,128,161,236
3484,123,160,252
3480,126,176,251
3500,123,144,240
3490,108,160,354
3457,125,159,264
3447,126,159,278
3385,124,160,272
3469,142,148,277
3481,124,153,303
3458,111,177,289
3484,134,145,289
3472,136,157,298
3503,117,156,283
3496,113,155,373
3486,124,184,269
3532,140,162,364
3502,110,160,286
3452,122,171,240
3485,123,149,243
3483,121,151,247
3481,119,155,250
3482,122,146,261
3462,122,330,264
3465,132,164,246
3466,129,79,235
3461,137,161,243
3486,122,163,254
3477,130,159,260
3481,114,174,250
3477,116,170,244
3483,122,172,243
3483,120,165,234
3489,110,170,234
3485,137,173,132
3482,112,172,246
3489,135,170,288
3493,111,178,230
3480,121,181,228
3479,105,195,199
3499,130,178,224
3381,134,164,222
3478,88,190,274
3492,112,176,270
3469,119,172,269
3481,143,167,282
3488,120,182,270
3512,111,191,276
3479,119,173,280
3509,109,196,281
3482,66,175,314
3469,28,170,316
3484,118,177,328
3487,119,175,326
3487,93,201,328
3469,122,183,317
3487,125,175,312
3459,119,262,308
3474,134,179,328
3483,128,195,339
3484,128,187,368
3465,116,128,358
3481,136,209,363
3487,106,183,351
3484,80,183,352
3484,122,188,351
3485,123,205,358
3497,131,181,360
3470,151,177,374
3486,113,184,358
3491,129,187,353
3488,125,174,345
3483,126,214,343
3481,116,185,338
3463,134,186,338
3473,116,266,320
3479,126,200,328
3475,216,177,323
3465,139,183,310
3476,125,186,331
3474,142,176,283
3479,123,184,310
3479,122,176,293
3489,121,181,283
3486,117,168,274
3490,30,179,282
3487,124,189,320
3485,133,160,333
3479,121,204,328
3488,122,179,323
3477,125,176,302
3475,120,176,333
3475,108,181,316
3467,97,176,317
3461,152,136,307
3462,119,178,292
3472,124,173,296
3466,133,175,285
3496,132,174,288
3473,140,163,289
3476,132,179,278
3495,138,172,282
3490,122,150,276
3478,125,172,273
3481,148,172,270
3474,124,179,266
3468,189,180,267
3485,152,171,261
3480,136,172,243
3479,132,173,263
3474,135,198,269
3478,136,192,271
3466,134,228,276
3465,132,256,262
3480,106,207,281
3488,107,207,296
3490,134,204,293
3489,129,197,291
3498,134,300,281
3485,128,208,292
3501,128,115,288
3516,71,209,308
3483,154,205,314
3486,147,193,306
3475,143,212,289
3475,128,230,290
3462,128,212,320
3474,145,186,316
3473,132,201,311
3480,123,202,307
3473,134,204,384
3476,129,194,292
3533,110,212,304
3479,124,201,271
3481,132,215,290
3479,0,199,280
3470,128,327,282
3473,137,201,274
3491,172,194,267
3499,107,216,257
3487,125,196,262
3481,50,190,258
3324,129,198,231
3484,138,201,227
3493,101,215,237
3485,118,196,250
3480,224,198,260
3474,0,199,333
3477,142,190,330
3476,45,197,346
3531,129,205,353
3473,130,213,367
3479,250,219,373
3461,132,224,360
3479,126,231,390
3481,123,228,387
3483,112,224,384
3483,130,233,374
3446,137,222,378
3487,129,234,352
3478,130,223,387
3467,130,240,366
3482,149,232,358
3462,131,317,353
3478,130,208,348
3483,141,226,339
3483,122,224,350
3478,134,217,336
3484,133,233,334
3489,132,229,332
3497,133,225,321
3482,124,222,317
3478,134,217,313
3504,138,224,330
3487,136,216,342
3481,136,213,340
3486,128,204,332
3372,137,218,334
3477,110,225,342
3405,153,213,329
3452,140,212,325
3477,130,201,341
3501,133,218,309
3479,112,208,315
3475,137,198,314
3477,113,204,309
3516,141,204,300
3475,142,256,299
3472,144,204,298
3474,146,181,291
3489,144,168,282
3470,137,215,286
3475,145,194,281
3483,137,195,296
3477,140,184,272
3485,170,194,265
3481,147,190,261
3473,144,149,243
3483,146,192,253
3475,301,188,285
3477,139,206,292
3465,134,203,294
3502,145,189,302
3561,141,184,310
3483,144,183,272
3474,154,188,305
3483,124,197,301
3481,141,193,295
3487,138,214,281
3469,152,198,260
3502,139,201,305
3483,141,209,194
3484,134,253,292
3485,139,206,288
3475,137,202,291
3497,137,65,285
3476,89,208,288
3342,117,207,232
3463,137,209,328
3466,116,214,338
3476,140,194,336
3483,141,218,304
3506,107,229,309
3472,130,290,312
3481,134,207,287
3485,96,217,306
3497,129,216,300
3483,134,220,298
3480,149,213,290
3354,126,228,307
3478,125,226,288
3470,134,315,275
3497,124,234,284
3504,133,219,281
3480,121,219,352
3480,108,226,320
3462,132,239,316
3475,141,217,311
3475,128,223,312
3489,104,224,313
3511,132,225,325
3471,126,244,297
3499,131,221,328
3483,63,203,305
3483,124,216,298
3479,114,221,307
3457,125,240,293
3502,134,217,281
3462,125,264,280
3485,125,215,318
3462,133,318,290
3477,135,216,314
3466,136,232,367
3445,142,230,494
3480,125,231,413
3478,130,228,394
3479,136,228,383
3477,140,216,458
3462,210,224,378
3476,139,252,382
3470,132,220,367
3481,126,213,366
3483,142,215,365
3483,137,219,364
3480,134,211,354
3455,151,215,456
3484,129,198,356
3489,130,211,337
3481,136,225,340
3482,151,179,339
3487,132,209,220
3478,133,204,313
3475,154,196,342
3498,129,206,422
3545,139,210,314
3473,128,202,343
3491,139,312,319
3487,159,204,315
3482,136,200,346
3467,130,207,341
3481,133,178,339
3491,137,196,350
3502,144,204,329
3483,142,202,338
3482,142,203,326
3480,142,204,331
3479,142,184,331
3482,141,187,372
3498,192,195,389
3476,138,198,355
3472,147,217,390
3472,140,212,380
3486,138,205,384
3485,138,192,380
3487,0,212,375
3485,130,202,368
3475,150,204,335
3514,136,212,366
3484,135,208,349
3472,213,198,344
3454,136,206,296
3337,136,205,326
3483,129,222,340
3483,138,182,348
3476,134,223,342
3488,135,212,375
3484,136,202,459
3482,133,203,428
3489,124,202,435
3478,126,199,436
3477,149,173,445
3476,218,198,438
3473,110,194,437
3472,147,190,309
3489,133,195,421
3487,0,194,416
3470,124,192,414
3482,135,186,416
3462,141,337,400
3341,121,204,419
3480,159,180,392
3480,128,217,388
3453,134,196,406
3449,133,198,382
3485,258,195,377
3613,134,194,373
3475,125,192,416
3491,34,190,361
3488,133,208,357
3493,138,180,350
3488,104,192,342
3464,139,171,337
3492,133,187,343
3478,123,189,312
3490,80,193,325
3669,131,192,308
3477,132,190,325
3475,148,184,330
3476,121,188,336
3482,132,188,336
3476,115,186,320
3475,115,199,319
3473,133,194,320
3469,105,202,346
3482,131,188,346
3470,145,71,334
3481,116,202,351
3470,128,195,330
3484,141,212,311
3487,128,187,340
3495,136,197,342
3484,128,198,338
3486,136,200,301
3482,129,210,312
3486,123,199,306
3484,125,276,302
3506,128,198,306
3477,137,197,290
3476,128,225,299
3477,133,194,305
3465,152,139,282
3479,132,193,283
3471,140,192,284
3477,128,200,274
3487,102,196,268
3482,133,188,284
3486,145,185,334
3484,111,182,318
3490,122,188,286
3481,130,173,256
3465,129,184,250
3486,128,176,251
3483,54,190,251
3500,140,185,270
3482,122,181,184
3470,129,187,269
3477,128,191,268
3492,117,183,304
3505,126,139,315
3489,138,203,280
3482,133,180,306
3460,134,184,315
3472,133,184,316
3497,126,200,343
3486,116,186,353
3499,129,178,339
3479,135,180,330
3486,122,190,311
3482,136,162,338
3480,133,196,356
3475,129,170,375
3500,128,158,354
3474,124,195,365
3484,98,206,386
3474,136,192,385
3498,149,186,384
3478,151,189,376
3490,140,186,427
3465,162,176,375
3447,158,188,372
3511,163,168,377
3468,171,160,391
3513,192,192,380
3622,161,185,392
3481,156,191,356
3492,163,302,371
3421,160,182,375
3496,135,181,359
3455,157,181,352
3491,161,168,327
3484,157,182,337
3477,159,181,341
3501,154,180,334
3481,106,188,328
3474,128,202,318
3474,156,186,318
3477,157,188,333
3492,151,185,321
3447,155,188,311
3480,114,204,315
3483,154,199,307
3480,140,208,306
3477,152,189,303
3482,150,196,293
3492,134,196,287
3471,145,206,286
3472,160,226,285
3488,152,208,294
3465,136,227,355
3427,148,206,395
3473,149,191,393
3473,138,213,386
3477,151,213,387
3489,154,307,384
3469,164,216,398
3445,170,215,393
3481,165,210,390
3484,163,234,377
3489,158,253,373
3486,163,219,376
3489,180,206,364
3453,163,224,378
3489,146,223,349
3503,149,240,345
3480,149,238,336
3476,163,221,332
3476,153,204,345
3485,153,317,349
3472,141,219,332
3486,158,213,339
3474,163,220,334
3481,160,188,335
3484,158,215,327
3473,156,224,326
3475,156,298,316
3483,156,201,322
3475,159,200,322
3459,153,206,330
3473,162,188,340
3486,159,203,371
3468,161,211,318
3471,162,220,310
3482,159,198,307
3487,160,187,318
3472,169,199,314
3435,161,200,315
3470,162,240,306
3497,164,200,310
3493,155,207,323
3473,149,208,298
3477,157,217,318
3482,152,285,287
3510,154,320,293
3488,157,195,299
3490,155,198,286
3481,158,209,249
3486,167,204,267
3481,154,213,298
3479,157,180,277
3486,149,190,276
3498,146,200,291
3476,159,199,316
3473,160,205,330
3479,162,188,309
3461,169,226,319
3486,186,179,316
3452,189,176,309
3472,196,204,346
3475,196,212,331
3475,192,196,326
3473,199,194,374
3489,196,200,383
3425,196,201,388
3505,170,218,364
3492,192,210,358
3478,192,198,358
3477,190,194,336
3477,167,191,359
3477,198,192,349
3490,165,198,346
3479,261,191,341
3435,183,190,339
3491,170,214,341
3469,188,205,328
3472,162,223,344
3472,189,198,341
3489,185,205,334
3505,183,201,333
3501,178,203,320
3475,154,201,264
3483,183,200,315
3469,179,231,334
3492,177,189,315
3481,176,248,315
3501,153,213,310
3477,182,190,310
3475,172,204,368
3478,178,181,357
3473,176,189,374
3314,180,191,371
3445,188,200,355
3484,177,184,380
3475,213,194,356
3473,216,176,358
3617,190,194,372
3503,194,188,373
3482,157,189,367
3476,172,188,358
3478,181,228,344
3477,184,161,352
3492,191,181,363
3486,226,183,355
3481,180,184,346
3463,179,361,350
3475,178,178,340
3483,193,187,333
3477,179,158,329
3501,165,185,326
3473,187,203,328
3481,200,179,324
3473,192,182,322
3496,173,178,323
3495,169,180,315
3479,46,179,312
3473,182,174,330
3451,172,180,313
3476,194,179,312
3477,183,179,276
3479,175,163,316
3477,180,188,304
3477,190,180,287
3481,171,177,346
3475,50,170,357
3494,183,177,346
3479,171,173,346
3498,171,174,326
3475,149,188,350
3481,171,174,345
3475,170,171,354
3473,172,167,358
3477,167,167,370
3481,164,168,364
3612,167,169,356
3475,163,168,359
3482,164,186,339
3483,160,166,328
3451,154,171,334
3502,164,289,350
3467,179,147,352
3479,162,167,347
3482,175,152,348
3483,165,176,328
3462,163,187,344
3372,178,168,343
3482,111,177,341
3486,161,171,338
3510,160,175,328
3484,160,184,311
3483,153,176,358
3479,160,175,374
3471,160,174,470
3486,156,160,362
3476,152,156,355
3466,158,168,349
3476,158,174,347
3489,171,282,345
3473,170,144,335
3482,172,254,348
3478,98,172,329
3475,183,169,330
3486,177,170,329
3488,178,173,328
3482,165,178,388
3478,253,185,325
3488,167,190,331
3503,172,187,352
3661,176,188,368
3501,168,167,352
3490,172,187,362
3530,149,180,350
3468,167,188,338
3471,177,184,334
3491,166,185,355
3547,182,185,368
3471,189,189,425
3463,202,193,391
3472,199,182,409
3477,190,178,412
3476,192,184,438
3517,179,207,424
3475,183,189,407
3487,185,183,420
3481,215,177,392
3488,171,192,413
3481,183,161,385
3482,181,189,379
3468,160,188,439
3463,181,182,365
3461,184,193,382
3473,181,193,380
3473,180,193,381
3553,180,193,395
3484,169,207,363
3467,177,197,345
3477,182,182,360
3487,176,177,357
3500,166,187,346
3476,182,193,365
3454,162,209,343
3474,151,189,347
3481,172,208,355
3463,166,342,353
3499,163,187,336
3549,168,184,331
3496,158,182,394
3479,154,177,342
3486,154,196,345
3483,165,176,348
3475,156,235,339
3472,164,174,312
3479,61,182,336
3488,156,250,330
3561,181,175,421
3477,160,168,337
3497,161,177,330
3483,150,179,285
3481,184,176,299
3486,115,173,309
3482,160,176,304
3481,168,153,308
3482,16,172,298
3497,154,166,333
3486,163,175,247
3484,169,164,284
3494,168,200,283
3470,171,166,286
3483,189,172,265
3472,177,174,299
3487,180,176,298
3464,147,203,312
3492,176,192,320
3498,177,312,312
3495,174,61,304
3483,174,185,312
3423,174,188,313
3484,165,186,332
3480,160,200,310
3483,170,185,300
3463,199,186,310
3489,166,189,305
3475,170,194,293
3499,167,192,278
3492,160,191,281
3462,166,122,281
3370,172,190,298
3491,179,185,286
3485,185,189,290
3477,179,189,288
3481,170,188,259
3493,171,186,277
3474,171,182,264
3481,170,198,280
3489,163,228,300
3491,166,217,292
3491,164,181,304
3487,275,187,288
3494,167,178,276
3483,168,162,285
3472,170,185,280
3447,160,200,281
3479,170,197,268
3476,196,182,270
3467,160,180,247
3465,172,183,256
3487,169,189,258
3475,171,202,239
3447,173,198,257
3445,168,192,249
3476,167,212,249
3485,170,190,259
3471,173,186,233
3480,171,205,247
3480,168,192,254
3480,160,183,245
3503,155,186,257
3464,152,188,232
3481,168,183,241
3467,164,181,233
3479,165,164,267
3482,179,181,234
3475,188,198,228
3489,192,187,236
3473,195,196,220
3505,189,171,226
3480,197,165,227
3494,190,162,226
3498,187,174,230
3490,186,169,218
3488,186,166,221
3483,210,171,218
3476,184,172,220
3465,191,171,227
3482,184,180,237
3482,188,250,236
3479,174,193,234
3471,181,198,234
3464,175,199,240
3470,189,204,246
3485,192,197,247
3485,189,193,248
3477,192,187,276
3480,187,196,280
3478,185,224,286
3486,185,200,285
3453,181,202,277
3486,183,202,297
3508,175,199,400
3477,178,192,307
3476,185,201,312
3471,196,223,319
3469,171,199,318
3474,180,190,286
3476,179,196,302
3481,176,191,305
3483,182,173,340
3477,187,178,339
3467,192,188,324
3461,197,196,340
3455,196,186,323
3545,195,186,340
3483,179,186,338
3486,196,183,233
3490,180,185,364
3492,188,168,342
3468,210,179,357
3479,201,160,334
3481,302,183,334
3480,184,183,330
3465,198,180,291
3485,183,174,312
3474,187,178,336
3489,186,174,307
3479,180,177,354
3455,177,237,357
3458,183,177,347
3484,192,170,357
3532,176,176,345
3487,189,162,345
3478,174,172,343
3503,175,172,333
3498,179,262,343
3492,174,163,337
3484,173,168,344
3484,172,177,339
3470,176,118,335
3471,172,159,341
3474,164,174,339
3563,165,156,299
3475,176,170,398
3483,206,166,386
3488,174,170,388
3475,175,163,389
3491,176,168,379
3477,169,174,377
3475,171,186,364
3477,169,170,361
3480,163,168,368
3489,166,166,360
3475,159,178,370
3491,165,184,379
3480,157,173,333
3482,164,168,353
3444,165,177,353
3471,164,187,347
3476,125,186,346
3462,171,202,343
3476,149,210,348
3472,175,191,350
3489,180,196,343
3472,249,193,346
3479,179,189,341
3498,164,210,334
3488,177,217,318
3480,180,177,341
3479,174,207,313
3485,178,198,343
3489,171,192,394
3465,173,203,403
3497,186,174,409
3484,165,200,424
3477,176,205,414
3490,163,208,378
3485,196,186,389
3494,172,192,389
3469,144,196,418
3478,173,192,414
3483,178,190,418
3475,170,186,414
3475,169,262,416
3478,167,207,418
3478,170,186,415
3476,160,183,400
3485,138,193,406
3485,164,157,414
3480,159,175,415
3504,164,192,410
3480,166,174,384
3472,176,183,400
3486,186,193,387
3485,187,172,386
3478,188,168,393
3477,184,178,386
3458,195,190,280
3493,187,311,407
3488,200,176,476
3465,183,202,398
3486,63,187,397
3483,177,165,400
3476,183,185,375
3488,294,182,380
3482,171,156,385
3462,172,264,388
3504,172,175,388
3485,185,190,414
3481,175,196,381
3477,177,172,373
3496,174,197,370
3448,172,197,372
3470,173,182,360
3502,138,197,405
3485,174,209,420
3454,184,212,438
3483,176,214,465
3465,180,277,458
3457,173,239,455
3475,180,224,534
3477,169,229,447
3478,175,256,425
3467,165,226,433
3503,160,226,422
3498,166,213,419
3476,165,224,408
3492,160,241,408
3484,165,226,388
3479,172,215,415
3481,193,216,381
3477,180,218,395
3472,149,244,377
3478,161,227,384
3450,148,245,384
3458,164,229,367
3481,160,224,382
3469,159,316,388
3477,162,225,368
3478,250,231,367
3492,156,248,349
3501,154,216,386
3481,164,220,369
3476,148,216,371
3483,143,213,452
3464,156,212,352
3476,156,196,361
3388,154,222,344
3479,160,236,373
3475,152,267,346
3480,152,217,368
3482,147,217,356
3594,164,214,345
3496,158,212,343
3482,223,214,342
3470,152,215,328
3485,140,223,333
3488,157,210,324
3517,149,190,361
3489,318,204,386
3480,160,207,387
3505,149,188,383
3484,133,203,406
3487,168,184,392
3480,155,209,374
3481,138,204,378
3395,156,197,362
3478,156,197,372
3479,130,184,364
3483,157,208,354
3491,139,197,352
3467,157,187,343
3465,152,224,333
3482,157,179,331
3469,155,192,331
3499,146,190,346
3480,151,186,335
3485,18,191,340
3461,165,190,339
3475,240,196,316
3480,160,172,344
3535,153,186,317
3481,130,184,328
3480,146,200,312
3475,132,201,307
3483,150,223,329
3483,147,180,318
3499,148,177,317
3495,147,185,313
3477,148,189,309
3482,142,200,302
3479,46,176,294
3507,140,185,301
3471,148,185,291
3496,140,177,286
3615,141,187,288
3486,144,189,281
3483,142,213,269
3455,145,181,278
3479,160,191,256
3474,144,176,272
3464,245,186,273
3477,141,189,276
3476,142,192,278
3475,142,196,274
3482,162,189,277
3485,140,201,271
3481,133,194,271
3484,155,187,266
3680,141,190,241
3476,136,189,273
3498,132,185,294
3503,140,181,294
3473,137,194,285
3504,143,174,288
3472,147,202,306
3483,137,210,304
3483,133,205,290
3482,128,198,286
3504,155,190,281
3484,134,160,275
3480,121,198,276
3479,136,190,268
3472,136,218,262
3484,135,208,273
3479,138,218,261
3506,133,218,260
3495,149,188,285
3479,118,216,308
3480,123,244,331
3343,132,238,323
3500,130,234,327
3480,134,231,320
3477,124,245,338
3493,137,233,319
3472,125,234,310
3481,143,219,317
3465,149,229,331
3478,116,226,351
3475,131,226,348
3477,131,228,368
3477,134,251,370
3479,129,236,367
3505,131,217,364
3479,129,220,343
3505,122,225,352
3490,128,222,347
3494,128,221,341
3485,137,203,345
3486,129,218,334
3501,120,217,417
3488,129,222,317
3482,130,214,334
3495,128,169,344
3484,130,213,340
3480,123,206,357
3465,140,214,335
3459,121,214,357
3497,128,214,341
3491,131,226,343
3488,142,214,320
3471,132,216,375
3491,123,252,365
3482,144,188,380
3476,130,200,372
3477,129,197,373
3477,129,205,361
3453,149,203,368
3349,129,202,361
3463,133,197,364
3482,136,183,381
3473,128,193,357
3479,176,210,352
3470,146,198,275
3478,155,201,338
3463,132,206,325
3475,127,216,327
3512,120,217,322
3485,114,226,325
3476,128,247,320
3491,124,201,313
3492,126,220,308
3519,70,223,309
3512,131,226,302
3485,128,226,304
3485,132,215,302
3478,133,222,299
3484,240,219,293
3479,129,228,296
3471,128,220,295
3493,120,309,332
3476,124,224,377
3476,127,200,344
3448,111,219,342
3489,128,229,343
3487,129,228,315
3493,115,226,330
3495,126,227,336
3491,123,222,321
3494,128,217,329
3489,138,234,332
3532,128,223,338
3559,128,224,323
3470,121,233,320
3480,125,221,318
3478,120,216,308
3485,128,210,307
3467,147,215,222
3455,133,208,297
3480,128,212,298
3483,133,221,285
3486,119,200,286
3482,103,212,289
3479,130,218,272
3484,129,198,277
3483,129,238,282
3480,130,199,286
3515,124,209,357
3491,128,224,270
3481,154,206,267
3464,125,209,259
3488,122,197,271
3473,111,158,261
3484,120,203,264
3472,126,201,261
3471,128,203,264
3481,122,218,264
3483,146,183,271
3475,126,201,260
3534,115,213,264
3479,127,210,256
3466,131,198,247
3484,139,186,264
3521,118,206,272
3491,125,200,277
3496,117,199,273
3483,86,185,266
3480,126,197,252
3478,129,175,274
3477,202,213,260
3489,115,199,215
3469,115,150,257
3482,129,198,248
3472,126,212,257
3481,128,201,228
3504,120,204,267
3464,118,202,238
3479,112,208,253
3485,126,215,248
3482,109,204,243
3512,124,199,237
3477,122,205,231
3490,114,215,158
3488,138,185,246
3344,125,201,245
3498,121,162,238
3448,131,201,241
3506,137,210,238
3465,125,195,244
3472,123,219,239
3457,123,197,241
3467,129,195,231
3392,100,190,130
3483,123,195,236
3473,122,189,214
3492,120,81,238
3482,117,183,224
3489,131,199,235
3472,120,185,229
3494,121,131,214
3475,123,193,230
3480,126,220,213
3481,78,205,224
3481,111,204,187
3479,122,201,221
3486,160,198,219
3472,116,207,214
3493,125,186,280
3485,133,201,280
3486,120,186,276
3468,125,190,281
3482,94,217,258
3483,120,181,284
3477,125,192,272
3484,121,179,298
3489,123,192,286
3475,112,214,298
3495,147,192,293
3493,120,196,305
3485,122,195,295
3476,130,188,274
3478,122,339,290
3488,122,192,282
3503,143,193,262
3488,137,178,291
3474,104,187,278
3482,123,200,282
3480,122,182,283
3471,134,198,282
3480,141,177,289
3453,116,199,282
3480,112,178,281
3480,111,188,279
3489,111,189,284
3499,118,179,335
3505,115,190,308
3489,128,194,317
3489,129,186,329
3491,119,197,313
3488,138,178,302
3510,132,176,289
3501,113,182,301
3489,122,194,295
3481,121,181,297
3482,124,181,292
3471,121,189,290
3487,117,151,288
3479,122,197,284
3503,108,178,279
3474,117,192,199
3465,120,177,272
3490,120,176,283
3485,120,181,293
3483,124,179,286
3500,108,186,285
3489,112,177,280
3481,119,160,279
3484,105,168,424
3494,120,154,297
3478,243,171,282
3470,121,177,324
3484,123,176,310
3482,109,174,389
3477,118,175,322
3479,122,189,321
3481,125,173,294
3488,102,168,297
3477,117,175,313
3549,128,149,320
3471,113,175,311
3495,121,184,317
3490,123,180,292
3490,90,184,289
3486,120,179,282
3480,129,200,270
3480,124,197,269
3458,124,186,249
3508,120,180,269
3474,124,180,272
3474,93,177,236
3483,123,177,256
3480,112,177,254
3486,94,173,256
3477,112,180,251
3477,109,178,251
3480,120,178,257
3436,118,176,279
3521,116,184,286
3491,120,182,269
3489,109,192,274
3488,120,191,279
3478,121,188,269
3504,123,308,281
3463,134,190,264
3471,129,191,291
3486,134,207,300
3481,132,222,345
3481,132,231,342
3484,130,236,347
3494,110,235,413
3493,130,243,371
3480,124,223,368
3493,132,229,353
3498,146,231,338
3499,125,224,363
3494,130,221,355
3483,104,212,323
3493,131,202,338
3486,126,210,343
3491,129,219,326
3490,122,200,362
3488,119,216,365
3483,145,219,379
3478,146,214,325
3481,128,203,430
3496,135,202,426
3486,102,234,435
3486,140,208,419
3503,123,205,422
3483,125,185,412
3488,124,204,416
3489,117,200,437
3494,128,209,416
3483,119,221,432
3477,121,210,440
3487,108,227,439
3514,124,206,443
3491,124,204,434
3481,130,200,488
3473,116,213,476
3465,117,197,485
3484,126,202,476
3472,108,233,469
3478,129,208,468
3503,122,201,462
3466,111,192,454
3490,125,196,449
3477,109,195,449
3478,126,191,437
3494,177,194,433
3491,124,182,430
3489,127,183,422
3483,134,171,415
3491,130,199,435
3483,141,181,412
3490,132,196,407
3481,131,169,399
3488,128,189,434
3499,128,192,502
3448,126,187,497
3488,126,73,497
3477,126,188,512
3486,128,202,503
3494,123,165,510
3481,114,187,506
3477,129,202,502
3489,123,88,524
3479,100,178,532
3483,118,181,520
3505,128,181,504
3481,126,180,502
3484,130,177,494
3490,112,177,488
3498,123,172,480
3479,128,190,492
3473,133,205,474
3477,128,174,506
3471,124,291,514
3465,131,177,501
3477,126,172,499
3482,129,177,506
3489,115,179,488
3496,115,178,477
3467,140,180,474
3492,128,177,473
3506,122,144,462
3482,115,208,460
3474,118,186,448
3453,120,274,440
3480,110,219,446
3487,130,226,435
3350,125,232,421
3485,125,234,425
3489,128,228,416
3485,137,247,414
3483,125,226,410
3496,128,220,402
3503,122,223,388
3483,128,225,371
3485,126,218,373
3485,126,196,368
3473,132,193,341
3492,187,218,359
3490,145,209,354
3490,101,227,352
3489,124,205,346
3490,113,216,336
3490,125,190,326
3485,121,229,344
3487,118,212,335
3479,121,210,319
3482,123,120,323
3473,126,196,298
3475,122,205,305
3481,128,200,305
3478,130,204,291
3542,124,202,310
3503,113,199,284
3499,103,197,372
3490,148,193,280
3494,141,189,285
3495,130,202,278
3459,126,197,202
3458,120,208,269
3473,123,200,277
3480,112,203,262
3480,122,198,276
3475,137,194,270
3479,129,196,261
3479,156,193,305
3460,111,194,251
3492,132,196,309
3477,136,144,275
3472,110,165,290
3498,146,232,286
3480,122,192,296
3497,130,184,277
3487,227,206,278
3493,123,187,270
3471,135,190,246
3495,130,208,265
3476,133,211,288
3479,36,209,270
3505,119,193,271
3482,121,290,290
3479,129,194,315
3474,147,184,340
3479,128,190,343
3489,96,193,353
3482,129,214,341
3486,131,192,342
3482,150,203,338
3500,110,206,342
3477,125,187,340
3504,138,189,348
3499,144,163,364
3488,136,187,329
3492,128,184,345
3499,128,153,348
3494,141,168,332
3514,131,185,333
3518,171,171,348
3484,115,184,288
3482,99,183,319
3472,128,180,314
3490,124,186,332
3451,125,177,312
3452,128,169,297
3481,129,193,302
3497,110,172,303
3491,136,149,301
3505,139,172,295
3483,124,168,286
3483,129,165,281
3480,122,175,297
3491,133,164,277
3490,121,167,271
3479,118,174,274
3473,130,168,270
3371,125,174,271
3479,212,176,267
3481,118,192,256
3447,109,178,270
3487,128,176,264
3487,120,164,280
3484,125,178,250
3487,128,175,264
3496,120,180,260
3481,114,179,262
3478,116,171,267
3506,136,167,273
3459,135,168,270
3515,69,169,268
3486,125,188,274
3499,129,167,269
3481,136,168,250
3490,145,153,286
3485,155,178,288
3480,134,173,303
3460,111,192,305
3475,128,182,274
3480,98,203,293
3478,130,179,297
3488,137,185,323
3495,182,182,315
3479,129,210,312
3482,128,180,321
3486,128,180,349
3490,128,193,351
3498,130,172,362
3468,129,193,344
3470,104,192,417
3477,130,187,345
3509,121,192,443
3471,132,171,353
3480,130,189,346
3479,130,178,346
3472,139,72,320
3477,132,185,336
3482,150,188,336
3480,131,173,340
3482,129,154,318
3482,122,170,317
3459,125,181,334
3485,123,291,307
3493,142,179,306
3503,135,176,303
3483,105,182,294
3490,100,202,294
3487,129,129,275
3482,115,176,275
3480,128,175,289
3486,154,152,270
3479,129,166,307
3489,106,164,316
3501,131,156,322
3467,144,168,322
3487,125,170,312
3482,129,165,312
3459,120,174,312
3502,121,170,313
3485,121,169,309
3358,107,165,172
3487,121,166,316
3490,210,169,299
3457,125,168,299
3490,138,163,169
3471,128,161,277
3474,145,159,305
3475,148,173,210
3462,191,174,303
3466,130,315,310
3473,129,194,334
3481,143,223,331
3486,133,209,332
3480,133,211,324
3480,134,197,348
3486,128,211,322
3489,138,202,362
3488,123,219,322
3495,155,198,326
3477,125,55,305
3562,131,208,301
3488,136,210,306
3502,116,208,297
3479,141,194,297
3491,132,203,289
3482,133,206,279
3481,133,215,324
3479,121,197,345
3487,126,85,354
3383,132,210,369
3476,155,203,382
3489,128,206,368
3501,128,133,367
3478,128,210,337
3504,126,209,358
3487,133,194,340
3492,125,215,334
3504,119,212,326
3495,136,209,318
3485,120,209,332
3503,116,207,315
3485,130,208,307
3473,128,307,307
3482,131,202,294
3459,135,202,221
3509,129,75,294
3476,114,226,296
3507,123,172,287
3477,129,194,265
3480,128,215,270
3478,129,204,282
3481,133,187,278
3486,117,189,300
3490,125,191,277
3499,125,234,282
3454,124,192,284
3484,115,187,277
3484,233,186,278
3485,126,186,322
3491,128,193,266
3480,132,204,268
3480,132,192,165
3477,142,184,283
3480,136,182,293
3479,104,206,412
3472,115,210,286
3483,128,212,279
3462,143,214,276
3360,99,210,155
3491,124,201,284
3483,124,208,262
3500,98,226,256
3479,134,211,222
3360,102,207,137
3486,125,209,269
3492,105,212,259
3510,121,205,264
3484,124,220,229
3477,87,196,256
3468,144,205,198
3476,120,218,296
3495,132,202,307
3487,123,200,291
3475,212,198,286
3487,130,198,266
3492,118,204,271
3488,112,195,263
3505,116,183,244
3491,116,181,267
3490,118,196,277
3505,162,196,257
3479,122,174,257
3489,86,195,253
3485,137,208,244
3479,130,192,224
3502,124,194,242
3480,133,214,240
3487,186,191,245
3479,138,160,245
3501,114,187,235
3495,116,168,243
3477,123,188,240
3489,115,188,250
3492,120,194,205
3363,125,182,225
3488,121,185,224
3480,163,175,238
3486,67,190,233
3492,133,184,243
3488,128,200,226
3505,135,191,225
3475,136,194,229
3491,132,203,226
3486,137,199,246
3485,130,206,235
3487,130,207,236
3487,130,201,225
3490,134,194,228
3483,146,176,235
3491,102,217,227
3492,107,202,236
3481,132,198,213
3491,120,186,218
3498,152,196,217
3493,104,202,223
3497,125,192,222
3468,128,224,226
3488,132,97,230
3488,141,197,195
3502,124,200,219
3480,128,181,211
3472,106,196,212
3477,144,186,219
3479,132,199,216
3478,117,197,226
3495,130,200,211
3476,116,204,232
3483,128,184,219
3455,130,197,303
3480,132,192,221
3489,131,190,219
3483,102,196,221
3477,136,272,217
3481,140,232,217
3489,254,190,224
3490,137,205,216
3492,134,213,218
3481,137,191,229
3476,128,213,147
3477,152,198,214
3484,133,212,210
3484,128,207,215
3481,136,203,215
3483,123,205,208
3480,160,205,215
3483,129,202,234
3471,122,204,222
3480,146,200,160
3477,132,251,234
3456,145,192,226
3474,138,166,214
3473,133,194,224
3486,94,198,226
3495,114,208,234
3493,136,190,226
3490,110,213,222
3480,120,204,230
3478,141,206,224
3499,133,186,231
3488,137,191,234
3483,121,181,264
3466,134,173,230
3470,128,201,228
3403,130,188,222
3475,131,184,201
3499,96,182,217
3493,116,184,218
3483,125,187,193
3477,131,186,236
3504,147,188,274
3496,126,184,216
3491,128,172,212
3474,125,188,214
3482,122,189,210
3479,135,188,203
3469,129,188,189
3482,154,163,214
3467,115,139,203
3502,130,184,212
3501,143,185,296
3504,120,180,201
3488,129,180,205
3489,133,179,199
3488,143,167,206
3466,130,24,240
3505,132,151,239
3479,130,192,240
3484,133,183,241
3486,132,177,235
3490,96,175,236
3493,139,177,257
3484,134,171,232
3545,130,174,225
3498,121,174,331
3485,129,189,217
3393,124,178,235
3475,124,176,223
3507,131,184,224
3494,133,179,222
3494,128,186,212
3477,130,180,209
3500,127,181,225
3490,128,186,216
3487,121,207,218
3495,128,203,212
3435,109,195,160
3481,130,224,208
3478,121,195,209
3478,143,177,203
3499,106,198,204
3487,125,187,200
3485,124,190,213
3480,106,197,200
3447,129,190,192
3483,116,189,208
3389,126,176,188
3490,120,196,190
3492,126,174,187
3489,128,187,184
3499,125,78,203
3490,128,186,164
3485,114,132,178
3492,125,187,168
3488,111,187,181
3488,132,184,181
3480,125,187,183
3473,126,195,200
3336,126,194,185
3473,134,216,191
3473,140,190,197
3474,140,224,177
3485,136,212,218
3469,126,230,201
3479,124,187,213
3484,147,213,230
3483,133,224,226
3518,135,213,258
3496,135,221,226
3506,123,230,223
3487,132,221,219
3467,136,219,200
3504,128,217,218
3489,144,233,220
3490,133,212,210
3474,131,290,225
3476,115,228,239
3487,77,193,266
3469,129,215,249
3464,129,208,256
3493,122,215,259
3481,137,187,250
3493,119,211,249
3482,121,202,224
3483,136,195,251
3483,130,204,282
3491,145,184,260
3618,131,198,262
3501,126,184,219
3483,136,207,265
3488,157,173,260
3485,125,203,257
3495,115,202,265
3572,129,195,165
3483,121,200,253
3466,131,198,240
3476,117,197,260
3490,128,190,261
3487,123,197,240
3483,128,193,241
3509,124,197,249
3460,130,201,242
3489,129,191,264
3490,97,206,306
3480,123,202,310
3478,133,221,313
3476,123,211,281
3490,100,210,306
3485,126,189,297
3477,130,173,302
3480,80,178,328
3481,222,207,344
3480,128,177,340
3482,117,190,342
3487,145,197,344
3466,124,184,338
3488,140,184,330
3501,137,184,208
3491,134,182,318
3484,118,183,326
3492,110,194,324
3474,150,174,314
3482,122,181,296
3485,128,198,307
3482,123,195,313
3483,125,182,303
3498,151,176,293
3480,126,184,289
3480,126,179,285
3488,66,180,288
3478,132,189,288
3497,112,201,287
3480,112,184,280
3496,121,186,280
3468,141,188,280
3513,124,176,274
3511,131,169,270
3477,114,198,312
3485,118,224,311
3493,121,189,303
3514,112,173,316
3488,133,162,305
3503,113,183,387
3485,117,178,289
3488,126,173,286
3489,117,208,278
3485,123,182,279
3479,121,177,282
3464,125,189,264
3478,111,193,270
3476,0,183,277
3469,118,181,286
3483,41,189,289
3468,118,126,279
3490,110,199,262
3492,146,184,276
3495,122,206,258
3487,123,190,268
3484,122,200,249
3485,97,197,263
3483,120,195,258
3479,105,193,242
3473,103,217,248
3479,110,202,252
3383,96,194,128
3480,149,197,251
3489,151,199,248
3498,120,94,260
3488,122,198,267
3485,129,198,273
3501,112,201,257
3488,148,197,256
3491,150,184,258
3485,120,200,252
3528,108,176,248
3494,106,205,235
3489,113,199,296
3488,119,193,253
3461,120,189,252
3485,122,192,246
3465,128,189,238
3469,141,170,241
3477,113,182,247
3479,135,183,303
3477,135,219,237
3461,128,185,236
3481,133,186,240
3477,138,188,256
3483,126,202,236
3493,128,160,229
3503,129,189,242
3490,122,179,258
3491,137,239,223
3492,136,185,236
3483,128,190,239
3459,138,185,231
3511,120,159,227
3457,134,198,230
3559,129,184,251
3487,156,186,270
3482,130,202,264
3483,129,174,268
3479,104,188,274
3506,125,194,284
3507,129,196,282
3489,106,191,280
3491,124,184,284
3492,126,205,262
3492,120,192,274
3486,66,175,266
3486,101,202,270
3485,130,189,252
3457,137,178,262
3475,118,190,246
3484,121,283,260
3483,129,190,256
3483,128,183,302
3489,130,199,289
3453,116,217,306
3450,128,209,301
3503,117,197,348
3474,128,205,321
3471,126,203,312
3485,125,195,306
3493,115,211,309
3521,172,199,318
3487,122,196,315
3495,128,207,297
3477,98,219,285
3477,122,162,290
3480,129,219,291
3480,131,212,285
3471,125,217,280
3480,126,198,274
3481,128,235,301
3455,124,235,285
3478,128,215,303
3486,128,235,302
3480,140,177,296
3493,122,246,298
3488,126,225,284
3496,123,226,286
3515,125,219,314
3460,118,240,284
3488,125,222,298
3491,124,228,295
3492,129,224,288
3483,157,224,291
3502,129,344,296
3482,118,237,302
3480,122,256,284
3339,125,225,278
3477,132,199,297
3477,125,220,277
3481,150,215,274
3484,147,217,272
3538,127,217,268
3494,143,216,250
3489,115,216,258
3491,104,193,254
3349,125,210,232
3482,135,186,246
3500,120,183,239
3502,124,194,242
3455,123,208,219
3480,132,214,248
3478,126,206,254
3457,127,214,270
3478,123,223,268
3514,125,232,181
3506,132,226,271
3473,139,240,284
3481,125,240,313
3501,116,242,315
3483,126,245,324
3473,125,244,303
3487,126,241,295
3465,122,250,306
3496,128,246,350
3459,108,274,298
3460,120,249,346
3433,117,242,324
3489,109,242,340
3500,145,241,326
3404,140,228,317
3485,125,226,334
3451,124,256,351
3479,134,291,348
3481,123,236,368
3468,147,234,368
3453,122,307,365
3495,123,231,364
3482,122,228,351
3560,125,227,347
3482,126,233,346
3485,124,224,369
3480,116,225,365
3478,148,218,376
3478,126,211,395
3468,133,215,370
3476,246,220,375
3476,124,240,376
3487,124,221,360
3492,137,216,366
3457,110,232,392
3504,110,208,434
3480,130,204,393
3357,132,221,487
3472,138,221,451
3473,133,227,406
3495,126,222,404
3492,119,212,409
3491,95,235,404
3497,145,223,382
3484,91,237,389
3507,117,224,400
3477,109,210,397
3464,125,218,374
3482,124,240,383
3490,111,219,382
3477,128,211,377
3485,117,227,356
3487,119,214,389
3487,126,195,356
3474,129,213,360
3479,246,197,360
3474,129,209,362
3482,121,207,358
3476,129,298,382
3474,130,205,382
3490,144,180,393
3492,156,194,380
3503,121,268,388
3485,125,201,372
3481,117,226,374
3479,135,186,369
3490,207,202,362
3494,12,205,361
3460,125,41,341
3467,113,188,395
3479,154,174,387
3482,128,201,404
3484,139,208,389
3479,126,212,383
3478,116,206,388
3460,136,210,383
3479,134,224,349
3469,121,205,370
3443,128,205,373
3477,128,205,361
3481,137,83,329
3504,126,338,348
3407,139,190,337
3477,126,203,344
3485,142,204,247
3361,125,205,381
3472,137,194,341
3475,138,184,354
3481,80,189,335
3453,120,268,348
3469,134,228,345
3487,152,199,341
3469,128,207,341
3487,120,208,288
3511,102,204,317
3493,64,183,324
3492,123,204,316
3485,125,210,291
3482,115,213,311
3491,125,211,307
3469,118,206,298
3497,113,202,310
3487,124,197,323
3484,135,222,327
3484,123,181,352
3495,125,197,360
3483,128,198,361
3470,125,199,345
3490,114,196,354
3478,133,194,354
3471,111,195,359
3490,121,193,348
3490,122,192,339
3477,120,197,337
3476,129,190,336
3481,121,188,322
3488,123,181,335
3465,115,185,347
3473,122,190,310
3502,120,182,305
3508,123,184,314
3482,123,173,338
3481,234,186,345
3478,120,174,361
3497,116,182,354
3471,132,187,350
3478,128,192,350
3507,114,181,340
3482,124,180,342
3502,137,177,333
3488,122,168,354
3495,117,182,334
3493,125,170,331
3484,141,178,352
3481,125,178,331
3480,121,169,332
3482,121,189,332
3489,18,180,322
3474,122,189,325
3495,103,188,327
3487,115,256,379
3486,124,176,362
3483,118,176,374
3376,144,165,349
3479,125,187,342
3491,132,147,347
3481,128,197,326
3492,128,180,326
3489,136,174,332
3493,128,162,327
3498,141,140,320
3488,125,168,314
3489,132,176,305
3476,131,165,277
3469,125,168,295
3495,143,157,304
3482,122,170,294
3495,126,174,304
3508,125,177,281
3478,119,193,302
3491,126,160,276
3473,125,192,272
3476,128,193,267
3489,134,188,261
3474,124,307,269
3474,135,177,224
3462,131,192,256
3501,121,184,258
3485,122,191,242
3485,123,176,240
3487,125,182,240
3488,96,184,237
3491,0,182,238
3479,120,153,237
3496,134,180,233
3478,135,197,220
3595,114,183,238
3606,104,184,236
3477,111,192,230
3460,123,188,230
3488,123,206,229
3491,121,179,226
3486,139,198,144
3491,104,193,239
3483,213,206,226
3495,108,224,230
3532,141,189,307
3472,129,187,215
3481,99,196,229
3475,123,188,229
3478,123,189,236
3495,97,216,225
3491,120,194,264
3533,100,194,256
3486,125,192,257
3491,119,183,267
3438,120,187,270
3494,114,190,261
3492,172,208,257
3494,121,188,258
3482,150,185,265
3493,142,180,301
3492,64,175,313
3499,111,192,298
3484,125,197,312
3467,123,196,297
3485,146,184,307
3494,9,170,301
3492,123,194,304
3483,129,193,309
3481,122,204,314
3482,146,185,339
3480,111,188,259
3608,123,185,354
3485,115,160,345
3506,123,184,387
3484,122,177,373
3499,95,177,437
3498,118,175,390
3476,116,192,366
3492,98,187,381
3492,117,171,370
3484,120,177,355
3489,117,167,361
3487,141,187,351
3478,122,168,355
3472,57,171,340
3490,132,149,357
3490,126,245,354
3494,103,172,345
3488,120,172,352
3457,190,176,345
3499,50,181,344
3485,125,162,344
3472,133,162,340
3492,114,148,368
3479,116,179,374
3492,120,189,370
3482,141,178,376
3511,116,64,357
3416,120,180,358
3502,115,158,350
3489,130,170,347
3495,107,182,368
3481,144,180,342
3479,128,175,336
3487,66,173,334
3481,132,173,329
3452,123,170,304
3483,123,180,322
3482,120,169,315
3484,119,178,314
3483,66,184,312
3484,107,166,289
3476,116,158,302
3481,148,179,299
3480,115,181,296
3483,52,167,288
3483,141,156,285
3471,118,113,279
3471,134,39,258
3471,124,168,288
3481,127,184,256
3477,119,176,265
3468,131,154,267
3481,122,160,246
3477,121,167,275
3483,125,166,259
3462,135,152,272
3493,121,157,241
3485,119,163,274
3515,123,170,291
3476,121,160,287
3495,120,162,301
3501,128,162,299
3492,121,150,300
3487,213,180,301
3485,132,161,280
3487,113,165,289
3485,123,167,292
3484,101,169,276
3482,122,169,332
3484,124,159,328
3474,128,169,342
3488,125,162,332
3487,146,156,332
3513,116,160,336
3477,122,162,312
3447,125,135,339
3497,122,122,328
3480,121,181,325
3492,122,166,333
3500,116,178,328
3491,131,188,326
3485,109,174,321
3546,107,173,320
3496,123,172,309
3472,115,173,325
3491,119,178,346
3445,128,169,329
3468,146,166,322
3495,121,181,335
3486,131,180,344
3487,129,169,353
3513,124,144,333
3483,114,171,335
3487,130,153,362
3493,131,121,381
3484,131,165,362
3507,128,132,364
3476,133,157,358
3479,141,154,396
3469,112,163,355
3489,130,160,372
3478,140,155,374
3487,118,173,411
3479,219,172,407
3465,125,185,395
3477,136,176,400
3479,230,161,385
3484,129,172,384
3489,126,164,405
3485,135,155,389
3488,109,184,406
3493,128,173,412
3499,142,157,429
3455,121,176,400
3497,128,170,397
3489,154,166,378
3467,134,234,378
3495,132,162,372
3507,57,170,366
3485,138,171,367
3486,140,167,258
3503,122,172,368
3481,143,153,370
3486,141,157,364
3486,125,167,361
3491,121,166,358
3515,125,168,357
3506,117,159,346
3483,125,166,335
3488,114,170,367
3492,221,170,333
3483,126,184,320
3487,139,166,324
3492,117,174,324
3370,128,168,314
3490,260,169,310
3476,137,150,307
3481,130,175,312
3487,102,172,314
3484,99,162,330
3477,117,179,310
3478,19,164,315
3504,125,170,317
3485,126,170,313
3490,140,153,306
3498,121,158,356
3487,128,173,347
3489,122,172,337
3493,120,163,311
3501,93,187,318
3499,101,172,337
3500,147,173,320
3472,117,18,321
3482,125,170,322
3479,123,156,315
3492,130,101,342
3475,120,169,317
3485,110,174,316
3494,123,186,320
3472,122,165,306
3480,120,162,323
3473,129,166,326
3479,123,168,321
3554,120,164,317
3483,112,165,318
3511,108,159,343
3492,131,171,297
3498,118,174,301
3463,119,240,301
3492,114,186,291
3496,107,167,291
3472,122,169,280
3490,134,157,336
3488,125,158,281
3472,99,172,253
3473,131,143,268
3481,121,158,302
3481,113,175,246
3483,128,160,250
3483,122,136,245
3510,97,182,260
3498,2,151,287
3495,119,159,293
3495,120,160,274
3483,141,160,286
3477,121,154,300
3480,117,190,309
3466,112,173,316
3480,121,165,319
3473,107,161,317
3495,128,155,307
3487,146,177,307
3487,120,162,336
3480,122,152,320
3487,121,153,332
3493,124,150,330
3504,101,160,326
3493,124,155,335
3515,128,164,313
3485,125,154,318
3485,143,160,316
3612,100,157,324
3481,144,160,331
3471,120,97,327
3493,123,160,321
3490,157,144,314
3618,126,158,327
3470,132,160,266
3468,108,124,348
3485,128,161,352
3475,134,160,342
3470,132,161,337
3486,151,145,339
3486,173,158,325
3467,118,162,337
3467,118,229,320
3491,225,163,315
3499,133,141,321
3488,153,133,306
3497,111,164,316
3567,126,162,299
3479,124,159,325
3483,137,143,307
3499,113,174,319
3463,209,161,286
3481,61,183,291
3490,133,133,284
3481,116,167,285
3481,126,149,285
3488,165,147,282
3488,140,137,285
3484,141,168,200
3490,120,165,302
3491,119,172,290
3509,135,153,284
3487,122,182,285
3483,124,171,286
3497,115,183,285
3444,132,174,260
3503,114,183,277
3472,150,170,254
3514,118,164,272
3483,123,189,260
3450,122,173,268
3475,147,132,269
3477,115,168,292
3487,122,178,261
3491,120,78,260
3483,135,166,258
3488,123,179,231
3486,99,174,254
3486,138,172,306
3486,120,196,315
3492,122,176,298
3486,123,175,318
3511,122,152,332
3483,130,166,322
3480,96,173,331
3522,119,150,316
3474,112,209,306
3482,137,194,322
3476,136,174,302
3480,125,173,308
3479,124,192,305
3476,125,169,292
3488,121,185,293
3488,121,166,287
3487,125,176,280
3480,119,172,300
3495,116,167,304
3633,122,171,294
3474,110,169,263
3477,123,169,291
3477,131,165,284
3503,112,176,299
3504,103,184,286
3485,121,170,277
3468,125,165,320
3477,134,164,332
3499,123,141,315
3481,123,145,314
3478,144,181,308
3482,243,162,326
3473,120,164,333
3488,122,150,334
3486,141,156,320
3479,110,160,317
3486,17,160,311
3453,133,159,309
3521,122,137,301
3464,122,165,313
3484,123,161,314
3491,121,138,314
3467,120,167,317
3481,0,168,309
3465,125,173,313
3647,122,177,300
3484,124,152,313
3466,136,176,306
3494,124,174,320
3474,135,159,288
3486,110,172,305
3493,122,170,294
3491,127,189,289
3488,140,168,304
3472,133,178,329
3474,125,193,325
3479,141,165,344
3491,128,176,347
3491,105,185,342
3466,117,190,331
3483,134,199,322
3487,129,186,327
3478,119,184,324
3481,150,164,322
3483,128,176,316
3497,131,273,306
3477,204,168,300
3482,105,164,284
3486,120,166,284
3491,123,170,289
3494,113,183,284
3495,129,175,293
3474,118,321,292
3460,145,174,289
3481,124,245,290
3568,136,172,398
3506,181,168,298
3486,121,165,286
3500,130,174,289
3494,125,170,293
3479,126,160,317
3481,208,170,320
3485,150,161,320
3487,136,166,310
3490,106,165,306
3461,118,239,311
3493,113,174,226
3489,121,140,299
3488,123,189,300
3502,116,162,308
3499,120,163,304
3476,132,200,297
3480,122,165,300
3472,108,166,296
3482,117,148,298
3493,136,154,293
3490,125,160,332
3485,123,163,360
3484,129,164,374
3476,140,159,360
3480,132,175,373
3498,123,156,385
3453,123,109,397
3479,128,189,402
3497,123,177,395
3489,129,165,366
3549,129,171,475
3488,125,158,389
3487,119,160,381
3423,98,160,278
3482,128,192,380
3483,130,148,383
3505,121,168,362
3476,112,125,387
3618,126,170,416
3470,128,181,408
3447,110,201,433
3475,125,179,406
3479,122,170,423
3470,116,134,414
3492,123,178,412
3433,123,178,423
3475,134,61,408
3488,132,183,404
3486,94,187,410
3492,96,187,410
3484,122,173,403
3487,123,186,391
3486,195,184,386
3487,132,174,413
3479,123,177,373
3420,124,183,375
3467,129,180,354
3460,120,176,370
3483,128,195,361
3489,194,173,363
3485,121,175,367
3470,136,177,345
3517,123,181,365
3488,138,185,354
3460,128,198,353
3366,121,191,358
3474,137,173,358
3481,119,162,341
3499,121,185,334
3485,110,196,324
3509,115,40,320
3489,146,181,328
3484,121,178,319
3484,124,199,355
3478,117,163,382
3451,121,189,389
3483,103,198,393
3482,128,182,395
3437,116,179,395
3505,119,149,401
3488,123,184,390
3485,133,185,383
3488,141,183,381
3484,123,192,375
3484,110,201,368
3508,177,194,371
3477,109,179,382
3481,111,216,352
3480,125,166,353
3493,122,182,349
3339,121,180,351
3511,122,183,351
3467,142,168,361
3490,111,202,352
3477,112,210,352
3488,119,199,337
3486,128,200,344
3491,118,195,328
3491,115,209,354
3501,117,139,345
3494,118,196,327
3500,119,202,351
3491,119,204,343
3490,135,212,343
3487,120,201,335
3494,93,213,336
3493,138,198,314
3487,114,205,321
3501,122,199,383
3478,102,198,362
3478,113,203,325
3466,117,283,373
3466,116,224,356
3486,131,198,363
3477,133,199,368
3366,97,196,240
3493,112,198,366
3479,118,207,349
3478,108,211,342
3484,128,224,330
3489,126,209,354
3506,119,200,328
3497,119,178,310
3472,122,196,325
3460,117,190,315
3481,124,200,226
3480,121,199,330
3475,87,210,328
3574,129,200,433
3471,122,164,305
3478,117,219,299
3481,120,193,307
3496,92,207,293
3482,93,198,297
3483,119,196,276
3474,111,211,289
3489,118,203,281
3505,106,207,284
3482,114,187,277
3475,99,193,241
3486,119,185,272
3459,132,192,270
3455,120,193,264
3489,121,175,271
3480,226,183,265
3475,136,168,263
3475,124,184,266
3464,122,179,250
3468,124,176,270
3484,119,222,256
3489,144,178,253
3495,117,185,258
3488,118,167,252
3493,115,173,262
3497,128,193,269
3487,98,191,270
3472,130,172,280
3424,139,180,258
3481,122,187,277
3483,108,184,256
3480,120,186,256
3489,125,186,302
3486,144,185,304
3492,120,193,313
3490,119,176,297
3483,107,208,293
3481,139,181,229
3492,118,171,296
3484,122,178,307
3484,119,178,304
3485,199,187,321
3489,128,178,322
3467,113,124,315
3489,123,196,316
3496,118,168,317
3499,97,191,320
3483,116,161,317
3490,122,174,288
3480,105,177,314
3482,125,171,313
3476,117,175,300
3461,113,190,295
3467,110,173,282
3480,102,178,295
3484,93,165,297
3499,118,179,268
3512,118,175,292
3492,115,181,271
3492,111,170,264
3493,120,170,265
3482,109,183,262
3497,133,171,284
3470,135,163,266
3508,122,169,317
3492,119,184,262
3497,107,167,271
3483,119,177,306
3484,105,166,308
3495,118,166,321
3481,122,156,292
3479,118,174,303
3487,143,167,294
3453,123,162,290
3499,118,163,320
3480,121,176,292
3508,117,169,303
3490,117,160,284
3477,114,165,283
3485,207,192,290
3497,119,175,285
3513,96,174,283
3496,132,169,262
3492,111,171,279
3484,95,154,275
3480,118,200,276
3517,118,152,270
3474,120,170,295
3495,114,193,267
3485,120,168,264
3484,122,193,281
3505,114,29,252
3491,115,162,263
3498,87,168,247
3478,127,154,267
3483,93,164,271
3475,115,12,288
3495,112,163,288
3493,116,114,286
3484,121,160,278
3482,118,192,282
3470,104,176,290
3478,130,208,295
3510,78,180,339
3468,120,186,334
3488,118,183,331
3477,117,183,340
3487,125,169,320
3487,84,174,332
3480,120,196,333
3591,118,174,336
3477,126,177,230
3491,121,184,298
3476,103,176,310
3439,117,176,297
3488,108,180,308
3487,107,189,297
3492,120,182,289
3485,125,185,290
3490,119,185,283
3607,121,187,333
3470,124,176,302
3492,136,160,330
3475,125,167,320
3493,108,259,321
3463,116,339,328
3496,122,167,334
3487,0,200,317
3483,114,198,320
3499,44,190,324
3483,265,198,317
3491,241,200,313
3499,108,211,304
3480,120,201,323
3515,57,198,310
3499,143,194,308
3471,118,194,280
3487,113,197,346
3470,132,194,338
3484,120,194,348
3474,123,196,348
3497,105,209,346
3504,131,195,344
3480,128,247,334
3488,104,191,339
3491,121,183,338
3495,122,189,343
3493,116,189,341
3475,108,202,336
3479,112,175,330
3460,116,293,328
3472,121,182,314
3492,105,186,307
3487,119,195,324
3484,122,187,320
3461,114,188,310
3475,122,190,308
3567,135,179,335
3482,161,182,308
3491,111,225,325
3479,39,160,300
3492,96,181,314
3481,88,180,249
3492,123,187,296
3522,116,168,303
3511,129,163,296
3483,99,179,289
3488,136,181,280
3480,119,196,290
3486,120,176,288
3487,115,167,290
3515,157,181,276
3504,113,173,272
3478,112,188,276
3480,146,155,272
3501,120,171,256
3483,122,173,261
3481,119,165,234
3479,120,179,246
3482,116,187,258
3495,120,172,248
3489,31,169,256
3468,115,164,258
3484,125,183,259
3478,122,167,265
3485,126,188,252
3485,123,169,247
3488,119,165,254
3481,96,163,323
3453,115,161,283
3482,118,169,301
3484,125,163,309
3486,121,166,309
3567,121,165,314
3376,124,164,288
3483,111,180,294
3489,134,163,313
3486,102,165,303
3492,121,166,294
3490,122,183,285
3482,108,170,290
3491,124,166,297
3478,121,172,285
3488,124,160,280
3493,113,164,276
3490,93,168,274
3484,135,169,271
3457,117,128,260
3477,97,189,250
3479,118,213,268
3477,125,194,267
3481,120,203,257
3488,209,188,265
3484,138,165,260
3477,123,183,273
3482,111,197,259
3484,120,193,276
3443,139,210,304
3487,137,202,301
3480,125,203,300
3495,126,196,302
3488,118,205,298
3583,119,203,312
3489,122,201,292
3477,125,202,293
3493,126,211,286
3498,93,197,347
3485,123,194,280
3480,120,102,306
3481,128,198,275
3475,125,186,289
3467,115,192,293
3497,134,184,280
3485,120,186,280
3491,0,195,320
3480,120,200,322
3483,117,208,320
3540,121,209,216
3502,116,254,321
3492,115,209,328
3507,119,209,320
3505,124,207,300
3485,125,180,282
3485,124,208,335
3513,123,198,378
3478,123,196,371
3485,126,213,395
3492,125,181,380
3480,106,206,386
3498,108,189,390
3464,118,156,392
3515,116,193,400
3494,91,205,393
3503,125,193,395
3495,133,172,402
3480,130,161,410
3485,121,190,394
3503,105,195,389
3480,96,206,393
3480,172,171,392
3490,120,188,427
3480,123,168,443
3461,121,59,428
3486,123,185,432
3496,124,176,422
3486,114,182,407
3497,171,182,413
3460,118,141,400
3506,110,186,396
3490,147,189,393
3499,123,189,380
3505,118,186,389
3480,123,200,364
3478,99,182,449
3492,165,183,372
3487,121,186,370
3493,123,182,372
3479,122,181,361
3496,109,179,362
3482,124,179,353
3473,96,180,356
3475,188,183,342
3469,121,184,321
3502,120,253,334
3479,121,183,349
3492,120,179,321
3494,121,160,351
3494,96,179,407
3504,108,184,392
3487,120,170,406
3478,116,182,392
3479,124,169,371
3479,109,183,380
3483,121,174,382
3501,116,144,367
3393,122,176,430
3467,134,177,410
3485,87,174,410
3498,130,160,417
3490,142,169,406
3477,125,176,389
3475,142,175,377
3479,125,194,394
3476,126,176,401
3481,7,176,398
3488,139,164,405
3489,128,152,387
3489,119,179,380
3483,122,178,369
3499,146,182,359
3491,126,177,365
3490,128,179,358
3479,0,180,401
3476,139,178,440
3478,134,178,420
3484,133,176,424
3477,138,159,423
3481,134,155,424
3511,137,166,453
3485,134,191,426
3489,140,171,430
3487,133,173,416
3498,129,184,426
3480,80,190,391
3509,136,188,399
3465,133,176,396
3482,134,196,399
3482,136,192,386
3465,128,191,365
3492,151,167,370
3490,161,177,355
3490,134,173,400
3483,151,183,470
3469,128,195,381
3479,130,182,394
3502,117,183,401
3490,127,182,402
3474,160,167,450
3495,128,174,433
3494,128,183,453
3506,129,166,446
3490,132,186,419
3479,160,183,406
3485,131,200,415
3506,144,185,432
3513,130,195,404
3491,128,190,389
3476,157,146,392
3466,145,185,384
3477,82,173,404
3486,137,88,374
3483,236,196,367
3498,124,256,368
3485,137,181,363
3485,151,174,365
3467,111,180,352
3504,129,181,387
3480,123,178,414
3480,132,162,406
3496,136,176,418
3492,133,188,410
3501,14,175,421
3473,124,170,413
3484,123,170,417
3577,132,173,406
3469,136,178,428
3510,134,164,431
3481,141,192,429
3490,144,72,425
3494,140,179,433
3479,140,176,436
3491,138,150,424
3492,139,174,412
3487,113,168,532
3491,128,177,435
3384,131,179,450
3525,138,180,442
3499,135,176,464
3501,139,173,457
3492,140,174,446
3479,120,170,451
3482,145,179,461
3481,137,168,468
3492,138,161,497
3485,130,173,495
3484,137,171,492
3477,145,164,496
3482,113,176,487
3479,140,149,481
3485,136,171,477
3494,128,180,469
3487,126,158,473
3491,146,146,504
3487,135,148,472
3481,138,169,483
3477,139,142,481
3488,140,172,499
3493,201,186,481
3481,144,167,478
3474,144,151,475
3480,153,168,483
3486,139,167,478
3524,138,164,459
3483,160,171,466
3481,136,165,458
3489,160,156,450
3483,146,111,439
3493,127,178,436
3470,137,181,416
3477,121,181,427
3484,135,179,420
3497,102,205,411
3500,124,184,420
3517,132,176,425
3505,149,145,387
3463,140,165,386
3465,130,186,389
3491,132,157,378
3482,126,179,351
3480,120,193,419
3478,151,186,417
3467,132,192,414
3490,134,178,408
3483,136,182,400
3448,134,186,393
3493,144,182,403
3492,131,186,398
3489,128,219,398
3481,124,193,384
3486,128,178,384
3476,144,135,365
3486,116,191,369
3403,145,192,363
3478,130,199,356
3492,146,188,298
3493,133,181,352
3482,134,182,337
3585,156,177,402
3480,137,204,338
3484,91,181,353
3493,134,189,326
3483,133,162,331
3463,159,182,330
3514,130,180,315
3494,154,165,346
3493,97,177,325
3479,109,177,322
3516,133,175,312
3489,153,181,293
3483,135,177,320
3491,124,174,304
3482,147,179,299
3481,132,178,301
3477,131,192,302
3474,138,177,281
3476,148,201,306
3476,143,176,302
3481,156,208,291
3478,155,180,265
3487,155,183,270
3491,170,184,358
3490,151,197,290
3488,146,204,222
3492,156,173,296
3487,154,194,275
3481,142,192,285
3497,151,197,288
3481,149,206,283
3508,147,172,276
3479,151,199,271
3476,150,200,286
3479,152,189,259
3470,175,192,269
3450,157,208,267
3471,138,197,261
3483,167,177,276
3457,153,197,265
3494,123,202,258
3493,148,184,260
3501,144,192,261
3482,146,194,256
3490,145,194,247
3491,140,193,258
3479,150,195,249
3484,164,186,242
3504,121,209,240
3461,142,208,239
3485,134,192,239
3489,160,192,235
3496,139,210,239
3490,139,186,231
3474,143,211,214
3449,128,204,228
3486,142,182,204
3473,129,188,226
3491,142,178,218
3481,143,216,217
3439,137,181,239
3488,212,182,222
3467,134,199,226
3492,141,194,225
3498,113,192,225
3499,137,228,227
3482,154,194,224
3484,141,192,232
3494,138,160,221
3482,134,205,257
3480,137,180,261
3480,126,199,240
3458,150,165,277
3483,140,185,261
3483,145,189,269
3479,141,185,284
3483,140,173,269
3490,89,193,271
3488,125,181,262
3511,134,299,266
3486,136,184,268
3473,118,191,252
3495,137,191,264
3496,137,197,256
3501,136,53,256
3484,136,169,256
3494,208,194,262
3504,137,193,269
3502,136,193,264
3482,124,192,264
3498,138,191,271
3495,131,141,275
3495,135,186,227
3505,134,196,284
3492,142,197,282
3491,132,204,266
3490,121,212,320
3498,132,205,329
3497,135,214,313
3488,130,209,318
3612,136,210,299
3498,131,208,322
3481,132,206,348
3482,133,213,346
3481,152,194,367
3477,136,202,342
3458,136,193,347
3498,130,122,350
3637,131,196,345
3489,128,192,331
3490,132,215,322
3477,128,307,321
3491,138,193,308
3486,128,199,320
3488,129,169,331
3493,130,220,312
3498,118,194,327
3481,131,203,316
3479,124,192,300
3483,140,180,284
3479,117,190,291
3491,150,191,286
3484,78,190,301
3469,129,192,275
3480,144,189,292
3493,91,193,300
3480,111,202,302
3492,125,182,310
3492,126,182,310
3438,125,180,282
3366,109,175,155
3494,125,179,290
3487,126,185,277
3477,129,178,279
3484,130,178,276
3486,129,204,272
3484,105,202,260
3481,152,188,266
3494,128,179,266
3471,131,191,266
3478,136,183,285
3471,131,284,281
3480,132,178,264
3477,116,198,337
3484,129,294,254
3488,130,224,284
3493,137,198,280
3489,126,202,282
3494,133,208,299
3475,133,206,306
3484,100,217,327
3473,133,204,328
3477,139,109,341
3482,155,237,373
3470,165,251,382
3554,131,231,394
3478,139,227,378
3490,121,233,359
3484,150,219,356
3485,119,233,378
3486,132,223,388
3486,133,237,384
3493,130,221,407
3487,145,217,330
3493,133,226,377
3492,126,210,405
3473,133,224,432
3513,115,214,424
3489,138,210,440
3486,160,211,445
3484,129,209,454
3489,249,210,433
3484,130,198,449
3486,139,204,437
3500,129,200,434
3479,128,210,431
3479,77,213,431
3499,126,200,425
3486,127,210,419
3501,134,207,415
3488,141,202,429
3482,187,205,447
3487,126,198,436
3489,131,204,423
3494,125,210,423
3393,145,192,426
3488,124,198,424
3479,129,189,435
3460,124,198,421
3494,128,193,423
3485,136,190,418
3483,135,186,414
3470,128,194,440
3554,126,192,455
3486,124,184,450
3487,125,191,428
3487,128,205,418
3502,121,77,419
3484,95,193,418
3430,136,178,404
3470,118,195,398
3494,122,193,431
3493,123,194,426
3487,132,186,437
3519,184,202,447
3483,125,185,450
3478,137,181,480
3495,125,193,470
3476,111,182,506
3480,125,190,467
3495,130,192,474
3486,128,188,464
3486,126,181,436
3492,122,194,474
3492,112,184,487
3493,125,184,441
3489,125,182,445
3487,164,181,445
3481,133,211,447
3501,128,182,490
3483,125,182,474
3469,126,184,469
3492,125,197,463
3493,0,184,453
3492,95,178,445
3608,128,183,461
3455,126,180,452
3484,124,196,481
3421,144,179,433
3455,124,176,431
3479,121,161,437
3505,124,174,413
3485,132,172,407
3470,147,173,403
3489,133,174,392
3531,132,174,400
3482,132,166,378
3499,122,106,400
3571,136,183,479
3490,124,152,360
3492,124,175,369
3486,126,170,354
3378,112,180,221
3456,126,176,352
3474,116,184,337
3485,106,186,347
3485,125,186,341
3486,125,172,249
3481,128,172,314
3491,97,174,384
3482,101,185,322
3475,225,170,294
3485,114,190,307
3481,134,173,338
3497,25,175,355
3503,122,169,345
3505,116,184,328
3489,128,177,339
3483,128,176,340
3499,124,173,340
3481,125,157,328
3471,122,179,336
3484,128,175,333
3479,116,165,324
3319,124,184,341
3479,145,193,305
3435,128,196,312
3486,143,187,308
3461,128,190,310
3492,125,186,304
3465,115,158,308
3500,119,189,332
3494,122,186,335
3466,119,343,343
3502,122,190,323
3494,126,181,330
3330,122,183,304
3476,129,185,300
3470,122,182,312
3488,124,106,320
3477,122,182,344
3672,124,180,348
3489,120,169,335
3483,97,179,342
3480,125,197,349
3469,132,179,341
3452,127,187,357
3481,128,148,348
3491,123,189,353
3493,121,167,348
3472,121,182,358
3487,112,200,333
3494,0,182,336
3491,122,180,328
3493,122,193,312
3489,117,182,324
3499,122,177,322
3487,130,197,360
3483,125,165,362
3463,121,8,351
3479,122,182,363
3477,102,194,345
3324,125,192,353
3504,116,183,365
3488,124,164,362
3501,111,185,459
3512,95,185,369
3481,123,214,362
3498,123,188,392
3502,128,187,356
3487,143,190,356
3481,94,184,362
3480,124,208,338
3485,118,184,360
3489,124,180,350
3469,125,175,348
3475,121,173,364
3483,114,184,411
3484,118,153,317
3480,130,179,325
3490,123,177,324
3508,122,177,311
3488,112,179,312
3413,139,168,344
3494,121,170,348
3495,12,160,354
3492,290,174,359
3487,123,174,356
3493,126,173,350
3471,112,180,326
3458,125,170,318
3480,123,170,309
3487,154,159,355
3466,123,173,366
3478,110,172,359
3486,130,167,373
3479,117,168,372
3499,120,165,368
3479,121,165,359
3488,124,183,359
3483,117,159,359
3462,115,170,395
3492,120,188,395
3472,131,181,416
3481,125,192,417
3466,128,191,415
3480,116,210,408
3492,131,196,417
3473,122,200,408
3495,122,202,420
3477,118,187,454
3466,115,210,448
3488,205,196,448
3485,115,197,456
3484,130,192,451
3481,121,201,489
3483,121,208,480
3473,121,205,487
3503,137,212,503
3502,113,215,531
3483,125,233,549
3490,122,233,546
3490,125,239,544
3457,123,240,542
3487,119,250,532
3491,114,213,527
3508,119,226,528
3491,123,230,522
3467,141,226,518
3489,133,215,513
3450,122,225,497
3515,123,222,486
3479,129,128,462
3488,95,234,486
3491,123,218,474
3487,120,213,465
3491,117,215,456
3478,130,211,454
3495,98,221,456
3481,197,203,456
3351,122,211,453
3487,129,212,446
3489,121,226,440
3490,109,219,466
3476,141,210,364
3485,125,210,436
3482,131,208,422
3485,130,207,416
3499,118,213,428
3482,114,211,426
3471,96,212,412
3474,112,217,384
3476,120,260,389
3492,121,218,384
3476,114,54,372
3488,116,214,375
3405,141,221,365
3493,119,233,359
3487,111,215,364
3493,122,164,336
3484,98,217,349
3484,119,213,352
3475,111,212,426
3484,117,221,367
3482,149,188,356
3511,124,207,386
3474,118,224,347
3491,119,216,376
3501,85,233,375
3489,122,218,370
3507,110,291,388
3487,120,212,358
3492,116,248,368
3483,140,211,361
3479,123,214,379
3494,120,220,436
3489,122,211,364
3476,97,214,367
3489,138,213,360
3476,122,206,345
3465,120,212,364
3488,139,212,357
3609,92,204,354
3493,120,220,353
3451,114,226,332
3479,90,219,329
3474,111,202,328
3485,126,198,327
3469,117,372,334
3481,94,166,323
3494,120,223,327
3472,118,194,301
3469,114,268,315
3489,118,189,306
3493,88,208,302
3471,118,215,304
3487,121,189,297
3479,243,191,294
3465,129,211,299
3482,101,246,300
3451,120,209,290
3479,123,220,297
3495,130,216,292
3485,103,216,288
3489,142,220,306
3492,120,228,310
3494,119,237,315
3492,112,220,301
3492,126,223,288
3494,113,220,290
3493,119,218,298
3492,90,217,282
3497,119,208,278
3466,135,216,267
3509,121,215,266
3477,124,218,285
3476,122,227,298
3483,124,234,302
3451,120,235,309
3471,124,231,300
3487,114,210,308
3487,112,225,343
3501,141,226,320
3485,118,230,337
3490,145,222,377
3491,123,226,372
3460,125,231,368
3490,111,216,372
3502,126,230,356
3482,140,227,284
3478,141,224,356
3463,117,231,349
3469,128,233,347
3478,106,241,381
3478,131,171,349
3474,117,249,369
3476,115,241,352
3492,54,220,358
3481,122,229,354
3482,123,235,335
3491,109,231,347
3497,120,189,343
3494,128,258,323
3493,121,224,321
3494,125,238,345
3513,122,224,325
3493,124,237,317
3474,119,219,306
3496,121,222,328
3481,142,213,323
3483,125,226,342
3477,126,210,340
3482,76,232,367
3481,125,243,353
3485,123,242,339
3491,136,242,356
3486,112,243,369
3496,123,235,386
3490,118,245,379
3519,124,224,377
3485,126,244,360
3467,114,197,372
3487,121,244,360
3486,116,213,360
3490,141,229,368
3489,128,230,354
3476,133,238,342
3479,117,236,338
3576,139,235,432
3480,123,268,338
3505,128,224,340
3483,121,258,316
3509,142,244,330
3404,130,237,321
3477,93,231,328
3506,119,222,314
3483,111,229,325
3512,106,238,307
3480,133,229,312
3499,125,218,286
3490,121,237,304
3488,120,235,286
3503,119,244,305
3486,130,230,311
3429,119,262,261
3479,130,228,292
3482,132,228,275
3488,133,232,299
3475,130,227,300
3483,128,226,298
3476,129,239,305
3487,115,263,274
3470,128,235,300
3495,120,256,289
3509,122,207,292
3367,130,229,275
3486,133,246,278
3480,129,224,296
3486,131,225,292
3673,128,227,298
3489,128,136,298
3463,119,236,278
3463,130,216,280
3475,107,234,250
3501,141,226,274
3486,128,226,275
3493,128,222,283
3479,150,220,272
3492,126,226,249
3493,105,222,318
3488,122,215,328
3494,125,217,360
3487,122,214,357
3467,141,215,367
3476,126,216,366
3480,123,214,381
3496,119,216,384
3484,129,219,384
3482,129,215,386
3487,128,210,366
3457,126,205,367
3477,124,200,406
3492,124,108,397
3481,128,207,405
3476,126,218,413
3460,123,208,401
3493,125,191,400
3472,136,237,387
3484,135,201,365
3484,126,204,371
3472,120,199,410
3493,118,169,399
3485,124,197,395
3618,123,195,407
3494,124,194,387
3496,125,193,395
3497,121,185,398
3486,120,183,373
3483,134,191,462
3488,123,187,450
3488,95,187,452
3484,125,188,454
3476,98,186,451
3479,125,185,451
3482,130,184,448
3515,116,178,447
3493,137,182,432
3367,121,176,443
3423,131,184,436
3495,120,171,443
3482,123,199,451
3466,123,180,427
3482,122,182,429
3490,126,158,408
3493,112,173,402
3491,109,177,404
3502,123,179,439
3481,112,176,440
3485,130,177,425
3482,125,189,432
3471,125,164,436
3503,123,172,422
3489,115,175,420
3481,120,161,412
3489,93,180,402
3518,121,172,443
3490,121,171,452
3479,97,167,453
3460,121,41,448
3486,119,164,426
3486,122,181,443
3482,122,194,427
3513,111,194,426
3483,113,178,454
3498,119,213,462
3603,123,178,465
3479,104,191,456
3493,117,193,459
3475,135,200,458
3488,105,198,457
3492,107,220,449
3489,119,211,445
3490,122,195,495
3493,122,191,481
3495,95,207,473
3494,124,201,497
3491,116,192,423
3482,122,190,473
3486,106,195,463
3503,111,188,457
3482,125,195,455
3473,99,214,485
3479,124,206,483
3467,120,211,472
3480,126,222,489
3451,123,222,491
3477,98,223,495
3476,119,243,489
3481,125,239,498
3493,125,228,485
3483,26,254,477
3490,116,237,474
3486,119,256,474
3618,128,264,453
3476,129,284,443
3486,124,262,442
3486,125,263,431
3503,126,254,445
3482,129,260,448
3481,130,232,439
3482,149,258,429
3477,131,263,434
3468,128,260,430
3468,128,264,428
3484,128,256,436
3516,121,254,444
3496,120,259,440
3494,129,265,443
3492,106,267,425
3485,121,268,418
3485,122,279,412
3488,130,265,402
3481,145,265,346
3488,129,264,410
3481,137,261,384
3482,122,224,394
3481,136,257,373
3600,126,253,360
3488,128,250,359
3476,130,239,367
3478,131,237,357
3485,104,233,347
3489,152,248,340
3484,141,218,350
3486,115,236,326
3492,114,237,330
3474,138,236,294
3483,154,230,325
3491,138,239,330
3483,110,266,335
3509,126,232,348
3488,145,235,317
3485,128,235,340
3482,127,262,354
3483,118,221,388
3502,124,225,397
3478,125,226,382
3476,104,227,387
3494,104,240,366
3495,186,224,362
3489,126,218,354
3492,125,233,347
3489,189,233,373
3489,140,212,381
3488,125,231,393
3501,126,337,386
3473,122,74,378
3502,129,210,384
3484,123,207,375
3483,110,219,358
3480,146,185,381
3466,125,203,383
3501,106,204,396
3455,145,205,391
3479,123,207,402
3500,124,200,394
3479,128,228,409
3487,125,196,390
3490,123,195,390
3479,128,199,375
3487,142,194,389
3481,142,186,397
3480,124,194,408
3474,140,194,382
3486,103,200,384
3348,123,189,385
3478,129,190,386
3489,124,179,366
3478,122,226,404
3481,125,196,408
3483,124,192,375
3483,117,193,410
3486,126,188,416
3496,120,170,418
3307,120,200,422
3485,121,201,417
3486,111,190,394
3474,126,200,408
3491,126,194,401
3503,112,188,353
3480,132,191,390
3491,98,217,386
3484,123,180,380
3486,115,190,374
3488,128,184,367
3478,125,160,361
3507,124,190,362
3485,125,180,325
3480,135,209,340
3473,128,186,347
3483,124,180,334
3479,123,159,341
3481,67,193,335
3480,132,179,349
3493,153,179,332
3485,120,178,314
3472,123,183,310
3475,121,24,307
3487,121,183,307
3509,123,102,314
3496,109,175,334
3493,138,156,295
3488,128,200,270
3481,141,180,285
3455,121,187,283
3482,18,181,291
3482,122,146,295
3526,141,181,349
3492,126,80,287
3489,128,179,277
3487,122,176,269
3481,141,166,265
3487,57,175,276
3488,132,164,282
3481,108,183,258
3514,124,164,274
3486,112,166,266
3494,119,176,270
3483,147,160,273
3500,120,158,257
3480,123,174,256
3471,124,172,260
3481,146,178,277
3482,125,145,278
3481,123,109,272
3488,133,163,288
3469,121,320,285
3488,121,178,286
3501,135,160,285
3489,149,184,286
3494,111,183,282
3481,28,187,279
3487,118,190,302
3487,129,184,281
3490,123,190,276
3486,125,168,286
3480,128,191,305
3482,117,186,309
3483,214,188,322
3485,130,194,330
3497,133,192,327
3480,106,186,324
3475,128,243,318
3487,125,181,317
3498,128,181,332
3482,296,187,320
3495,125,202,304
3519,121,183,352
3491,124,200,354
3493,125,183,348
3493,125,184,350
3478,128,191,345
3481,126,182,344
3470,126,182,317
3486,126,164,333
3485,128,180,320
3482,128,183,328
3495,128,171,370
3465,128,201,366
3487,114,166,362
3484,133,185,352
3477,134,181,336
3488,214,182,344
3489,115,197,335
3517,125,179,351
3488,122,176,328
3511,128,180,348
3474,129,180,345
3487,122,175,336
3486,126,174,347
3474,130,205,340
3474,115,190,341
3463,133,178,340
3511,118,184,336
3478,122,188,335
3478,123,204,331
3481,107,233,331
3479,124,220,316
3491,129,214,344
3485,122,186,325
3493,140,192,316
3484,121,187,311
3494,126,213,315
3493,105,226,333
3492,138,201,350
3488,123,208,343
3488,121,208,353
3473,202,225,347
3484,110,208,373
3492,125,212,349
3478,124,208,352
3483,205,203,339
3488,85,201,387
3498,111,200,396
3482,123,210,372
3505,114,211,381
3491,122,200,382
3489,122,200,376
3494,124,202,366
3493,146,206,366
3484,78,197,436
3481,142,167,431
3500,96,220,426
3492,130,229,425
3491,123,190,448
3491,105,192,422
3485,122,207,423
3488,124,194,426
3472,98,194,394
3461,119,203,415
3480,127,194,417
3478,109,183,428
3496,122,186,392
3489,119,185,403
3486,119,194,402
3483,118,189,402
3519,116,181,396
3498,136,174,391
3498,97,180,389
3489,91,184,386
3484,244,185,384
3487,123,172,379
3481,130,175,390
3480,136,177,366
3481,122,175,368
3483,117,173,362
3478,121,203,350
3490,112,178,340
3362,123,174,332
3468,119,173,326
3506,125,307,342
3487,122,171,336
3504,114,214,338
3479,121,161,328
3488,100,175,330
3509,128,173,320
3493,123,181,332
3499,104,187,401
3494,113,188,329
3499,126,184,331
3512,123,184,322
3494,120,188,314
3487,113,172,322
3493,126,188,318
3479,119,204,307
3486,137,173,298
3501,123,186,293
3509,120,180,288
3487,116,182,275
3482,124,197,282
3485,128,188,273
3483,108,170,299
3494,121,168,269
3484,122,175,313
3505,117,172,308
3464,124,177,266
3493,121,184,311
3483,123,186,311
3489,98,181,312
3495,139,168,303
3516,128,173,319
3413,130,170,274
3474,124,165,324
3477,128,166,320
3491,121,201,340
3478,124,216,348
3483,128,227,342
3489,121,223,349
3497,137,237,347
3489,124,238,336
3494,120,270,342
3505,102,264,342
3491,46,258,335
3494,120,251,336
3502,112,259,321
3494,107,258,320
3493,117,252,320
3476,113,250,320
3478,117,245,334
3480,114,259,320
3470,145,258,318
3472,120,256,311
3487,136,237,346
3488,121,265,327
3476,133,241,311
3488,138,236,318
3465,123,254,317
3493,104,242,308
3493,120,246,329
3474,134,240,331
3511,118,364,319
3485,117,207,323
3444,101,256,258
3493,119,228,299
3494,117,233,298
3494,125,226,296
3375,129,216,324
3462,134,218,330
3485,122,231,336
3458,120,285,336
3531,122,227,335
3500,135,210,351
3481,121,236,345
3492,114,188,353
3497,134,220,345
3494,114,215,332
3466,130,222,335
3489,186,218,330
3499,118,197,329
3487,123,189,316
3492,118,249,324
3480,123,247,316
3480,113,230,322
3474,141,235,314
3619,122,233,336
3489,123,229,344
3489,112,237,333
3492,117,230,331
3495,121,231,320
3495,119,231,312
3503,46,220,311
3481,120,225,291
3497,128,213,306
3489,119,222,347
3485,92,232,330
3513,121,220,342
3484,91,228,308
3497,136,209,318
3482,118,213,303
3493,126,218,309
3500,134,214,304
3486,110,222,304
3488,120,200,310
3473,129,240,307
3509,114,193,303
3481,122,204,305
3479,122,211,307
3481,126,193,308
3474,117,220,275
3467,96,200,302
3489,119,194,295
3491,93,206,336
3496,122,200,325
3489,109,205,250
3487,124,214,328
3487,119,198,318
3512,124,182,311
3487,145,198,299
3481,138,185,295
3483,109,192,447
3478,120,295,317
3477,119,313,327
3487,119,190,332
3492,128,195,338
3491,117,177,328
3470,110,198,323
3481,143,181,317
3495,119,197,317
3500,110,268,418
3492,73,184,410
3424,126,166,417
3505,116,186,439
3487,126,187,443
3479,117,197,454
3482,138,176,443
3483,122,213,444
3488,136,182,330
3475,123,182,452
3484,122,184,463
3479,100,182,468
3481,119,183,466
3475,110,193,438
3485,115,160,462
3490,115,170,446
3494,118,187,437
3485,130,173,437
3485,95,188,447
3493,123,141,447
3495,139,187,437
3477,122,187,430
3518,111,189,437
3482,128,189,440
3479,102,157,432
3496,128,185,437
3493,111,183,466
3519,118,186,484
3482,123,183,452
3485,94,215,460
3477,123,164,450
3493,118,187,451
3513,118,179,449
3494,152,187,440
3491,138,193,431
3488,135,186,480
3506,144,193,478
3542,139,194,485
3491,151,192,472
3490,138,201,466
3509,136,47,451
3496,0,189,450
3474,119,204,444
3492,138,212,434
3380,137,183,480
3484,139,186,455
3480,135,179,463
3486,140,168,456
3482,109,184,479
3481,126,174,484
3493,130,90,480
3487,149,172,476
3488,129,189,484
3493,132,213,486
3508,130,138,479
3510,134,183,477
3490,136,184,463
3570,136,183,375
3477,132,184,449
3483,148,184,457
3482,134,196,443
3481,136,194,432
3483,132,171,414
3482,132,204,433
3483,129,249,437
3486,135,174,431
3485,136,205,398
3488,129,208,416
3486,115,213,407
3493,121,201,404
3477,123,212,387
3489,137,205,393
3491,139,212,387
3488,140,235,390
3495,138,223,381
3490,133,217,424
3460,113,216,296
3493,141,218,342
3470,144,216,326
3491,148,216,352
3484,132,216,355
3481,138,228,340
3475,135,218,328
3488,142,195,344
3477,134,314,331
3490,132,221,320
3471,133,216,309
3481,130,232,300
3480,131,213,329
3479,149,194,350
3496,132,220,350
3492,102,215,347
3484,135,204,323
3500,142,262,339
3489,144,201,329
3471,140,207,337
3486,130,231,316
3478,116,244,369
3488,142,223,376
3474,139,247,364
3497,145,228,380
3491,137,239,370
3490,137,248,377
3491,139,256,367
3489,158,280,343
3491,135,269,346
3486,146,266,369
3495,115,272,411
3485,140,273,344
3469,134,276,338
3487,113,283,328
3484,130,266,328
3504,120,264,335
3485,158,246,354
3474,125,282,329
3482,141,259,330
3458,150,249,338
3515,136,260,335
3481,147,245,357
3499,132,249,325
3495,151,247,260
3480,141,245,331
3508,141,240,322
3466,122,212,320
3498,121,244,313
3495,144,244,296
3480,135,242,300
3501,129,223,311
3485,145,228,303
3490,131,234,314
3482,119,244,311
3510,130,233,288
3485,128,227,294
3478,128,231,289
3485,129,214,286
3479,127,234,302
3489,132,233,289
3489,132,214,288
3482,118,227,276
3496,135,218,275
3512,122,86,277
3495,125,219,298
3514,108,220,304
3473,128,214,303
3483,128,211,311
3476,151,212,234
3482,128,221,237
3498,123,200,310
3481,128,210,310
3495,15,190,355
3475,135,206,346
3484,139,203,354
3488,116,218,337
3493,123,221,352
3487,128,184,343
3490,126,198,350
3475,128,200,326
3496,137,174,350
3510,125,198,363
3507,126,193,349
3478,130,197,344
3495,127,192,343
3496,128,205,320
3468,133,175,330
3498,130,191,331
3479,125,196,327
3478,137,217,329
3484,134,190,309
3511,122,190,339
3459,130,190,304
3483,116,194,292
3588,132,188,291
3474,147,184,301
3479,136,182,313
3492,100,184,297
3496,152,177,290
3565,170,181,291
3493,163,179,290
3516,164,36,281
3492,164,171,274
3490,140,177,334
3462,166,179,273
3483,168,189,274
3479,165,168,283
3472,176,205,258
3503,145,190,310
3473,173,189,314
3476,165,217,311
3489,149,188,303
3481,167,216,306
3493,159,188,306
3480,169,175,294
3497,141,183,346
3499,180,173,348
3492,141,185,340
3503,153,165,337
3485,157,205,344
3490,140,194,334
3501,182,189,324
3461,152,195,381
3494,147,192,333
3476,150,188,316
3503,140,186,316
3487,144,191,275
3469,146,187,321
3494,161,188,325
3489,144,176,315
3489,151,192,314
3488,140,198,309
3494,272,184,300
3436,144,187,304
3493,160,179,198
3481,144,182,304
3491,157,167,305
3491,146,190,303
3491,167,179,289
3465,147,179,282
3492,148,183,278
3488,148,175,268
3484,148,183,276
3484,148,166,337
3401,151,181,349
3493,144,202,348
3485,148,173,337
3485,134,186,341
3488,136,186,355
3479,149,164,359
3494,130,183,290
3462,139,175,356
3497,142,179,366
3487,157,181,349
3493,137,174,343
3410,159,181,338
3492,155,149,342
3492,150,177,325
3493,118,194,316
3471,142,178,323
3485,138,175,308
3508,137,137,354
3486,120,195,354
3489,141,152,347
3485,149,174,350
3483,138,173,259
3489,143,165,354
3493,135,158,367
3512,192,174,369
3491,135,186,365
3484,139,179,362
3492,136,169,358
3493,149,149,361
3482,136,160,359
3492,133,184,358
3491,139,162,343
3459,154,169,342
3509,102,170,336
3487,132,167,347
3463,144,157,325
3482,136,167,327
3483,164,184,317
3476,147,176,312
3489,133,170,308
3497,132,158,296
3508,130,159,294
3527,135,176,319
3493,95,169,292
3489,130,198,288
3496,129,175,253
3495,132,170,279
3483,120,172,271
3494,120,171,281
3493,132,169,279
3480,140,168,279
3483,132,194,293
3488,132,173,289
3482,143,191,265
3497,120,176,309
3486,124,191,261
3460,133,183,261
3487,105,180,254
3477,123,186,245
3474,141,187,254
3494,123,203,250
3475,132,186,261
3489,126,161,249
3503,126,188,262
3491,44,182,243
3472,140,190,242
3489,115,187,242
3408,142,175,244
3492,126,175,242
3472,128,176,222
3483,129,174,242
3428,125,174,235
3482,138,178,222
3486,139,168,237
3497,162,146,242
3492,132,173,235
3488,176,158,131
3485,154,180,236
3494,162,169,232
3492,158,172,235
3471,154,177,224
3492,154,174,236
3475,155,171,229
3494,181,165,234
3487,154,147,210
3488,157,177,224
3488,164,174,226
3483,166,186,215
3481,160,177,231
3464,154,258,227
3465,147,196,212
3483,145,193,222
3478,245,212,228
3487,154,188,218
3504,155,192,216
3492,124,195,216
3493,156,203,222
3500,152,213,224
3489,172,208,225
3482,139,237,217
3475,128,210,225
3475,160,208,213
3468,150,205,214
3454,145,209,210
3476,152,210,210
3494,144,209,238
3469,167,206,142
3486,152,205,214
3487,150,191,216
3487,142,198,209
3494,149,210,230
3490,154,198,194
3497,149,204,197
3492,132,217,239
3485,141,199,237
3502,140,198,240
3474,144,277,244
3477,147,225,245
3477,144,194,246
3462,151,194,250
3505,198,183,264
3457,132,212,248
3467,160,192,226
3496,139,200,288
3473,124,214,276
3482,50,222,284
3491,136,207,323
3502,135,214,280
3488,140,195,301
3490,142,229,258
3508,120,224,265
3495,145,197,271
3490,156,228,256
3492,161,212,266
3491,146,216,273
3501,145,204,254
3486,146,203,256
3481,160,203,259
3506,98,204,260
3473,176,212,310
3471,178,208,303
3492,165,198,305
3495,192,195,301
3495,171,205,285
3447,190,205,282
3478,183,184,278
3496,177,184,280
3477,168,197,263
3487,95,217,270
3494,155,210,237
3492,146,205,261
3486,161,174,279
3486,171,198,269
3498,167,177,271
3488,170,196,283
3458,155,217,265
3478,178,195,294
3479,155,163,378
3473,175,197,360
3504,160,195,386
3485,159,190,352
3494,156,193,376
3486,152,198,375
3490,130,194,343
3488,159,194,370
3492,156,190,370
3350,157,189,382
3490,157,176,363
3489,148,203,339
3478,157,181,354
3479,155,185,348
3487,155,190,354
3489,156,174,349
3474,134,184,344
3481,152,179,340
3484,114,182,343
3482,146,170,341
3473,154,183,322
3486,152,186,327
3495,122,186,338
3485,148,183,329
3477,145,184,306
3492,132,178,346
3494,149,187,352
3495,145,181,332
3466,138,201,350
3485,147,158,347
3479,143,184,350
3497,140,185,361
3470,145,200,384
3468,146,196,363
3499,142,165,357
3450,160,180,348
3501,146,181,347
3479,145,189,350
3480,137,192,347
3469,152,172,338
3487,141,219,335
3502,155,201,361
3485,53,219,326
3493,140,210,343
3489,138,209,314
3493,114,217,328
3498,138,230,333
3492,141,222,317
3488,132,216,310
3477,152,104,284
3469,146,227,305
3481,183,199,343
3473,146,187,336
3493,27,214,382
3478,141,213,377
3477,139,217,384
3492,115,195,372
3485,137,211,376
3516,150,191,377
3479,160,208,390
3493,154,195,390
3502,138,253,376
3498,149,220,372
3492,161,174,372
3488,142,200,352
3486,165,207,347
3487,152,197,339
3490,136,206,334
3468,126,199,337
3474,149,200,323
3512,147,198,337
3508,141,199,331
3481,143,213,333
3479,150,213,331
3487,166,204,331
3507,144,172,322
3479,142,202,309
3491,82,223,321
3493,143,235,326
3483,137,212,332
3489,208,200,336
3497,144,216,303
3495,134,204,331
3492,152,192,343
3482,110,197,358
3485,144,195,352
3493,140,201,339
3512,133,208,338
3484,142,186,333
3488,123,189,336
3489,144,207,328
3477,129,206,331
3503,141,191,326
3482,143,207,329
3490,124,181,345
3491,141,192,324
3494,143,191,393
3494,140,187,403
3484,216,212,397
3493,120,206,397
3455,146,192,400
3485,137,203,388
3493,138,191,397
3489,67,208,382
3483,145,194,382
3481,148,192,374
3461,131,192,372
3478,141,192,371
3481,161,195,374
3482,145,186,374
3487,139,198,386
3485,141,192,391
3500,137,190,385
3498,140,201,370
3491,136,188,392
3468,142,222,380
3486,137,204,379
3481,137,211,377
3498,125,209,373
3485,134,183,357
3497,132,223,368
3494,132,198,354
3490,135,196,346
3490,128,199,282
3490,135,203,342
3476,133,204,341
3487,143,202,342
3469,138,363,349
3464,142,207,340
3492,142,196,324
3473,161,194,339
3495,147,192,354
3471,138,208,352
3517,148,202,350
3471,157,205,326
3507,137,216,339
3491,168,216,369
3485,151,231,357
3480,146,226,358
3490,145,232,348
3489,140,233,348
3506,147,227,350
3493,122,235,342
3493,140,200,329
3487,150,215,331
3486,145,225,328
3499,147,223,326
3491,148,238,310
3516,204,214,326
3483,132,231,305
3496,140,230,328
3482,148,193,299
3505,129,226,295
3492,147,215,293
3481,146,206,292
3502,145,213,298
3483,146,218,289
3483,146,204,276
3499,148,330,290
3490,205,210,283
3482,149,214,289
3486,142,204,274
3496,137,209,282
3489,142,197,274
3498,142,197,271
3509,132,213,288
3494,142,201,336
3485,139,357,366
3491,166,199,365
3494,141,201,368
3500,147,197,384
3486,143,188,400
3514,184,209,400
3499,129,202,398
3487,129,214,392
3489,141,203,429
3501,155,200,423
3503,126,198,413
3493,139,201,407
3507,125,208,304
3506,138,191,400
3489,111,194,403
3518,130,197,399
3501,128,192,409
3481,128,205,435
3497,130,194,396
3509,137,178,427
3337,140,192,431
3495,131,195,416
3495,138,212,415
3486,135,181,397
3503,146,170,415
3493,136,167,436
3479,144,216,422
3484,129,190,428
3481,123,196,420
3482,143,184,512
3488,150,160,434
3486,136,205,433
3487,134,188,438
3480,133,202,431
3488,128,200,388
3500,132,204,429
3482,137,184,436
3486,134,201,428
3493,241,183,428
3496,131,193,431
3472,140,205,342
3502,86,208,425
3494,148,208,425
3462,129,221,415
3497,130,218,417
3479,140,218,399
3469,142,213,405
3564,146,189,394
3486,150,157,393
3491,144,188,384
3481,148,207,367
3510,150,212,384
3483,156,252,375
3498,245,207,373
3493,178,195,384
3478,173,86,342
3487,157,219,362
3481,160,206,373
3498,139,203,424
3515,156,206,373
3504,155,71,406
3513,150,206,403
3490,108,212,406
3461,158,203,388
3487,180,183,391
3490,128,203,378
3482,157,196,371
3459,150,269,375
3484,143,196,381
3483,153,165,367
3491,150,183,356
3497,167,192,344
3472,156,34,336
3478,162,189,341
3498,158,192,332
3494,143,186,327
3494,116,189,326
3458,145,206,320
3492,151,182,318
3495,146,186,320
3517,152,291,320
3468,144,185,313
3489,155,210,310
3474,134,198,256
3492,128,181,302
3487,142,181,298
3505,171,178,300
3462,152,180,352
3509,151,91,363
3493,152,174,378
3477,162,185,386
3482,314,183,367
3503,151,188,354
3511,147,180,353
3496,150,200,349
3489,148,178,347
3488,148,168,353
3478,153,164,332
3483,150,169,350
3485,146,169,347
3491,148,175,328
3495,148,177,321
3484,123,178,317
3493,144,177,313
3495,136,175,313
3494,157,175,317
3495,140,173,306
3476,155,172,262
3489,149,164,296
3488,122,179,309
3508,140,168,330
3513,146,146,306
3497,171,162,308
3482,188,161,296
3494,148,192,434
3538,159,190,343
3458,161,212,340
3476,161,207,340
3483,164,204,336
3355,156,211,203
3494,163,184,320
3483,164,242,331
3496,148,218,329
3492,161,214,340
3496,164,233,317
3504,166,228,323
3488,144,237,319
3491,155,198,308
3481,174,110,302
3491,160,202,325
3492,181,232,333
3494,157,246,408
3488,162,226,451
3479,165,259,428
3488,164,208,439
3459,161,232,421
3485,153,236,433
3495,157,232,433
3478,158,256,447
3502,156,231,457
3489,157,220,468
3488,162,229,465
3485,173,218,549
3498,168,218,449
3495,162,220,453
3485,165,230,430
3491,156,228,446
3497,163,218,439
3491,171,231,432
3490,160,223,426
3492,149,257,406
3498,158,223,398
3494,157,262,397
3490,157,219,395
3492,155,231,416
3478,149,221,384
3497,151,217,376
3500,168,223,361
3523,152,224,371
3489,149,188,381
3483,135,234,375
3492,153,135,375
3491,148,223,378
3510,151,211,369
3502,162,197,363
3494,188,215,358
3488,167,216,401
3483,151,214,397
3488,145,216,414
3491,130,229,400
3498,158,202,394
3470,169,208,381
3494,130,224,367
3489,162,184,379
3486,117,208,455
3494,148,204,440
3486,160,203,434
3442,146,206,446
3485,141,221,462
3505,149,91,455
3481,160,176,454
3483,132,214,437
3490,151,199,440
3404,161,198,547
3486,145,184,475
3496,139,227,439
3554,150,197,454
3487,148,196,460
3510,146,315,443
3473,149,195,447
3492,123,208,433
3492,165,215,434
3492,171,215,403
3495,155,200,431
3488,160,197,424
3497,154,218,428
3489,154,213,406
3514,151,179,406
3488,153,195,387
3480,156,191,394
3506,196,189,390
3486,160,192,379
3477,165,206,363
3490,168,193,356
3490,148,203,368
3489,149,182,370
3476,149,204,368
3481,122,219,379
3489,150,206,396
3502,138,208,448
3520,144,203,411
3469,128,221,389
3481,148,202,411
3491,152,212,405
3459,148,202,416
3503,152,198,414
3486,117,213,394
3497,128,210,401
3492,142,201,405
3488,294,212,387
3470,144,217,383
3499,130,203,375
3494,141,200,370
3479,138,219,440
3461,149,189,381
3469,149,207,362
3515,135,232,380
3495,140,215,368
3492,160,232,363
3517,138,244,360
3477,139,242,340
3507,134,226,354
3497,136,223,344
3492,139,240,347
3491,131,256,341
3491,143,231,236
3491,137,238,350
3485,149,224,395
3400,156,224,383
3485,135,224,384
3471,143,230,396
3479,155,229,395
3481,186,225,393
3492,148,229,388
3488,165,225,379
3469,166,256,378
3548,175,220,369
3489,176,238,375
3492,171,232,371
3498,152,213,385
3496,176,226,361
3500,165,231,355
3472,168,160,343
3483,164,212,404
3477,169,224,437
3487,144,220,417
3485,171,210,455
3507,167,208,408
3511,173,185,400
3483,161,185,397
3496,165,153,402
3515,160,200,394
3500,162,200,392
3512,150,189,398
3501,161,225,382
3469,163,144,373
3477,162,200,367
3562,173,178,386
3495,106,184,360
3434,176,194,352
3495,158,192,390
3463,167,186,344
3482,160,197,343
3507,170,194,341
3487,173,196,328
3502,164,195,346
3507,168,195,333
3492,191,185,326
3507,163,276,322
3500,173,179,298
3495,171,185,330
3491,175,196,319
3487,165,194,331
3477,170,180,342
3486,144,206,311
3510,168,188,322
3458,168,187,333
3497,164,176,356
3495,165,172,350
3484,166,209,346
3502,167,188,333
3488,165,182,334
3490,154,192,315
3486,154,186,335
3481,179,171,318
3471,173,176,301
3490,159,183,320
3481,161,179,334
3496,171,167,355
3496,162,172,353
3490,167,165,368
3514,170,159,376
3479,132,187,360
3489,164,168,377
3474,174,56,341
3501,169,173,350
3479,166,186,389
3431,162,184,400
3473,243,201,399
3501,156,172,402
3493,171,195,370
3503,153,205,377
3491,150,201,374
3467,160,197,452
3485,170,196,369
3495,180,197,364
3477,161,190,354
3520,164,205,365
3474,154,146,346
3493,171,190,350
3486,176,200,344
3488,209,194,336
3489,208,189,328
3493,193,200,328
3390,179,194,336
3480,177,188,320
3488,177,182,341
3491,181,188,301
3492,149,189,305
3495,171,185,315
3477,172,192,305
3506,181,181,312
3485,171,192,322
3498,143,208,318
3489,170,173,306
3505,161,183,304
3488,169,175,303
3494,175,180,296
3463,185,172,291
3504,174,172,275
3489,25,179,294
3491,153,177,290
3484,171,178,286
3487,185,176,280
3462,170,146,289
3484,192,170,285
3475,180,167,279
3508,221,174,290
3487,174,47,252
3493,161,172,268
3498,161,183,279
3507,162,170,262
3490,163,169,257
3491,142,189,248
3483,157,169,251
3507,175,174,266
3483,152,173,240
3483,165,185,243
3474,158,166,232
3488,158,165,290
3466,159,169,295
3488,184,164,290
3487,282,167,290
3506,153,170,274
3490,159,165,278
3503,155,160,275
3496,240,162,269
3495,156,165,279
3470,154,167,314
3506,154,171,310
3494,158,159,324
3477,162,179,302
3506,152,175,311
3492,150,186,297
3492,150,182,304
3504,147,178,300
3486,153,192,296
3485,153,174,331
3483,153,174,329
3484,141,181,246
3477,171,180,240
3485,145,183,322
3477,159,195,335
3486,148,177,310
3497,141,177,334
3490,147,180,330
3487,145,190,299
3492,154,187,322
3495,145,190,301
3481,171,199,302
3506,150,195,314
3469,160,228,292
3481,176,88,291
3489,170,196,299
3462,181,196,302
3486,185,188,304
3483,165,187,285
3506,141,196,294
3502,188,189,386
3515,173,312,291
3497,172,187,285
3490,147,199,273
3572,171,188,280
3477,165,184,283
3498,173,175,286
3497,175,185,278
3484,148,176,374
3497,173,270,272
3477,273,187,295
3501,181,180,327
3482,201,173,288
3490,167,180,385
3483,194,179,326
3474,179,184,327
3460,217,208,332
3478,197,201,318
3483,216,191,335
3486,198,273,346
3490,181,219,337
3490,205,223,341
3464,212,201,427
3525,208,184,343
3507,221,185,347
3491,208,209,338
3494,208,186,337
3538,208,215,345
3504,204,158,358
3484,206,216,352
3479,214,233,327
3486,202,225,342
3500,206,228,337
3455,202,226,324
3487,200,129,324
3485,198,228,319
3501,191,224,317
3486,197,209,311
3488,193,236,357
3472,190,319,312
3492,196,215,309
3495,208,220,327
3498,189,228,312
3508,208,225,312
3495,200,211,321
3494,213,212,314
3505,214,195,300
3495,203,211,286
3488,202,216,292
3459,202,220,314
3478,197,213,326
3489,190,207,322
3510,179,215,328
3477,195,219,320
3491,193,204,318
3500,192,198,333
3486,201,211,330
3508,183,206,340
3488,169,231,385
3450,187,214,392
3495,186,219,390
3493,183,240,378
3488,181,204,384
3499,205,224,370
3504,181,232,360
3484,185,214,352
3480,185,238,407
3493,185,251,469
3489,177,262,441
3477,187,242,438
3486,172,254,462
3494,171,246,458
3491,172,301,463
3495,172,249,465
3496,115,249,474
3484,172,232,484
3477,163,219,462
3479,322,231,474
3454,191,230,464
3467,201,351,452
3486,200,231,439
3504,204,219,463
3468,219,228,455
3482,180,228,456
3477,221,215,433
3491,201,218,430
3526,214,224,545
3530,195,204,421
3487,197,215,401
3490,195,220,414
3496,194,224,426
3479,186,216,397
3482,207,217,402
3486,190,244,402
3499,200,197,405
3490,186,212,386
3516,190,331,379
3487,190,214,370
3499,155,198,370
3494,185,185,370
3487,190,164,342
3496,188,303,370
3481,184,236,360
3497,168,220,364
3503,168,219,358
3507,175,220,288
3493,177,211,360
3480,172,219,351
3502,171,220,346
3494,173,215,346
3473,170,213,377
3500,169,216,415
3495,167,206,394
3512,162,229,399
3498,181,213,394
3503,170,196,387
3490,161,211,384
3482,168,203,385
3485,168,210,370
3486,173,155,371
3483,166,208,382
3485,165,207,370
3480,161,178,379
3496,153,201,348
3493,152,202,355
3495,153,197,357
3493,168,198,334
3494,19,198,337
3499,185,192,345
3502,152,288,341
3504,146,194,328
3524,150,198,349
3471,178,162,336
3489,128,203,346
3476,157,192,331
3488,166,192,324
3484,168,193,320
3491,139,192,329
3577,191,190,428
3491,186,167,342
3473,189,163,322
3487,188,231,324
3475,191,188,338
3490,220,188,325
3483,204,203,327
3495,223,185,310
3489,223,172,364
3488,213,188,352
3471,202,29,344
3485,192,203,344
3493,216,188,344
3487,201,229,345
3512,195,194,349
3482,189,207,345
3478,175,207,330
3458,211,194,347
3474,182,214,338
3494,195,221,349
3480,211,213,358
3488,187,225,349
3481,207,225,317
3488,177,248,336
3486,175,241,330
3486,181,241,336
3507,171,239,347
3367,182,238,259
3482,168,254,333
3490,206,239,341
3506,178,244,336
3487,179,240,335
3487,179,238,328
3477,179,240,323
3477,181,226,320
3481,179,232,323
3483,169,210,316
3475,174,233,299
3487,171,229,305
3489,171,229,307
3475,173,252,292
3459,174,226,303
3484,179,216,304
3500,160,243,284
3518,179,207,281
3470,168,226,281
3485,181,224,276
3471,181,247,259
3473,177,220,289
3472,179,217,270
3489,164,233,266
3463,193,217,242
3473,178,216,268
3470,173,213,263
3474,173,227,266
3477,175,221,265
3458,168,212,252
3479,139,224,241
3474,254,215,250
3480,167,226,247
3481,166,217,265
3470,173,208,290
3465,173,216,288
3486,114,214,287
3492,160,215,283
3473,165,212,272
3478,174,230,265
3478,172,214,290
3479,162,217,290
3481,164,222,328
3471,166,241,334
3457,175,401,334
3466,141,228,336
3484,190,231,336
3475,167,238,329
3479,182,217,336
3477,168,226,365
3479,167,222,338
3462,168,233,349
3480,163,230,358
3493,187,219,352
3493,142,225,342
3440,158,224,357
3487,180,231,333
3485,172,238,329
3479,166,224,323
3491,162,220,336
3475,137,226,328
3480,144,225,303
3473,161,225,318
3465,178,222,234
3336,163,221,308
3463,151,218,285
3447,158,234,302
3477,142,243,322
3493,146,249,301
3469,155,245,299
3486,155,242,298
3476,173,242,305
3476,167,239,327
3492,150,336,338
3477,145,242,324
3471,148,243,311
3470,180,244,319
3478,151,249,317
3491,162,105,322
3483,146,243,332
3486,172,244,327
3449,153,240,318
3478,160,221,324
3464,147,237,316
3488,151,234,313
3469,160,186,310
3472,158,231,314
3484,167,213,328
3474,150,241,330
3498,162,220,352
3473,139,215,346
3488,158,229,336
3490,128,226,340
3485,160,240,326
3479,173,217,338
3453,158,227,333
3473,156,226,331
3490,186,209,320
3485,157,224,323
3492,156,214,326
3478,156,208,292
3465,129,212,312
3496,174,204,294
3486,151,211,301
3468,269,218,295
3483,130,217,292
3484,129,224,297
3486,161,214,294
3351,156,218,327
3499,156,185,279
3486,149,209,259
3493,157,204,273
3488,158,207,261
3481,155,169,262
3435,156,204,261
3480,153,205,264
3469,200,210,262
3465,164,208,278
3468,144,218,206
3481,158,215,272
3482,167,213,256
3502,178,217,269
3472,189,236,262
3483,154,239,260
3475,179,203,257
3490,179,194,238
3479,178,205,258
3479,177,227,251
3483,169,209,250
3474,179,205,253
3475,180,223,297
3474,177,203,288
3492,175,182,295
3480,174,193,284
3480,178,212,290
3483,291,206,287
3488,173,198,277
3490,169,205,283
3489,184,203,282
3452,166,222,286
3484,154,200,276
3488,142,209,272
3454,170,212,268
3491,166,206,272
3480,148,210,264
3482,169,213,260
3475,167,183,260
3469,159,206,261
3471,168,226,260
3473,166,200,258
3495,174,203,256
3477,173,179,251
3479,161,200,238
3466,151,204,254
3481,164,189,242
3474,162,194,240
3487,167,190,280
3480,160,197,290
3493,187,225,266
3465,142,199,280
3480,182,194,219
3482,89,211,285
3495,162,192,286
3480,149,189,290
3476,154,192,280
3485,133,201,275
3477,162,194,272
3472,162,180,276
3495,160,184,285
3479,160,186,276
3481,131,198,258
3494,155,171,260
3503,149,218,272
3497,159,182,290
3494,142,181,291
3474,156,182,288
3469,155,178,291
3469,161,165,311
3471,154,177,286
3483,156,80,283
3486,157,176,267
3469,143,160,261
3483,170,167,270
3475,143,177,270
3475,39,178,276
3523,147,169,265
3489,150,177,302
3479,167,241,260
3471,167,179,250
3495,159,162,260
3478,146,175,250
3510,158,168,342
3472,168,164,261
3504,172,167,330
3507,169,32,251
3480,177,168,233
3411,146,160,146
3473,167,96,258
3476,167,166,276
3477,194,171,276
3475,167,172,282
3483,154,168,277
3471,171,169,278
3475,170,188,283
3482,187,181,287
3479,167,171,292
3497,152,189,282
3481,166,177,279
3486,148,192,264
3497,174,177,322
3483,175,174,314
3509,177,174,328
3485,176,195,298
3487,149,188,305
3477,175,173,316
3488,165,189,310
3474,174,162,304
3474,179,143,301
3479,168,180,304
3475,173,172,293
3469,157,171,296
3480,186,160,285
3480,161,174,218
3673,166,168,289
3482,174,166,277
3359,153,171,282
3484,181,166,265
3473,160,163,262
3467,164,104,261
3474,165,167,259
3473,323,164,254
3471,170,157,256
3461,149,173,257
3485,161,168,238
3449,159,163,266
3469,166,166,272
3475,158,169,293
3478,157,164,291
3463,158,170,288
3486,156,156,299
3487,153,170,293
3481,151,167,299
3480,148,168,304
3479,146,178,304
3484,153,140,300
3478,146,155,307
3488,141,186,309
3480,154,191,339
3477,136,183,343
3480,146,193,320
3482,171,180,337
3484,95,166,339
3496,136,173,362
3482,165,184,383
3495,144,147,394
3478,147,177,401
3464,151,212,412
3494,137,183,410
3477,148,180,387
3474,142,182,422
3465,199,197,404
3483,135,200,430
3473,157,150,435
3473,58,163,445
3501,179,186,455
3469,182,184,449
3481,178,182,437
3491,243,176,446
3482,180,181,416
3483,180,174,431
3479,189,177,410
3473,182,180,406
3487,186,177,398
3480,177,194,392
3506,177,174,407
3508,173,168,382
3502,174,174,375
3502,180,146,368
3479,181,176,372
3503,225,176,411
3455,170,177,402
3481,158,177,397
3480,170,170,390
3454,171,178,398
3466,165,174,524
3501,175,157,394
3472,156,175,386
3472,168,176,389
3470,163,184,396
3497,173,176,381
3468,163,173,384
3512,166,174,371
3485,162,176,364
3469,159,173,365
3486,161,174,349
3484,151,171,347
3494,138,184,346
3484,146,165,348
3474,137,173,346
3469,156,160,340
3479,153,168,327
3513,163,149,324
3501,157,142,322
3477,156,44,311
3464,177,168,310
3488,158,132,355
3483,152,163,344
3478,165,196,335
3477,154,183,337
3474,133,162,335
3364,164,167,330
3483,156,177,322
3471,156,170,340
3451,137,170,327
3469,159,187,335
3459,149,209,330
3485,154,188,324
3486,124,182,334
3465,154,183,324
3495,157,185,305
3484,156,192,311
3482,155,180,308
3505,134,179,306
3483,146,182,336
3451,133,197,282
3474,155,167,290
3490,166,169,290
3474,158,151,291
3476,187,165,274
3460,163,173,253
3483,165,168,275
3483,170,178,291
3503,99,169,305
3475,165,141,311
3501,144,187,317
3478,158,160,311
3476,170,172,310
3466,154,183,306
3488,155,151,305
3482,151,170,307
3488,182,157,345
3484,181,187,330
3409,162,166,357
3483,164,154,336
3495,168,164,343
3481,166,166,341
3473,162,223,345
3513,211,169,338
3508,166,70,332
3487,160,160,363
3472,180,128,365
3510,142,173,378
3475,150,158,380
3453,164,174,378
3475,157,164,389
3484,166,163,368
3498,136,185,360
3481,165,156,405
3479,167,150,401
3471,175,154,402
3455,177,148,409
3476,163,174,385
3502,170,8,384
3503,186,144,380
3489,171,258,375
3612,179,154,379
3472,194,157,375
3488,172,153,395
3483,179,162,397
3490,65,173,404
3490,179,163,388
3484,181,155,387
3485,184,164,379
3478,181,162,374
3475,183,160,371
3476,182,160,390
3504,183,160,382
3469,199,160,396
3475,181,170,394
3501,172,170,387
3464,185,153,386
3497,171,144,392
3477,178,151,356
3468,185,146,392
3474,189,153,447
3530,179,158,424
3479,182,167,431
3485,174,146,441
3480,160,166,416
3483,177,163,407
3491,196,160,341
3478,178,150,414
3464,178,152,426
3470,168,169,398
3471,174,173,422
3480,178,176,425
3480,173,172,423
3489,167,145,423
3479,169,174,416
3480,178,175,408
3482,163,178,445
3481,168,140,408
3467,193,174,420
3483,174,170,436
3483,175,160,435
3478,169,169,441
3475,174,181,415
3478,171,194,416
3472,157,167,421
3597,173,169,382
3476,181,157,397
3468,164,178,407
3481,169,152,394
3492,194,165,384
3475,168,152,369
3480,163,157,360
3474,168,164,368
3480,169,164,349
3515,166,174,365
3463,166,158,336
3487,170,181,343
3466,176,164,317
3483,182,145,348
3486,172,152,328
3485,118,181,329
3483,171,154,328
3497,169,151,326
3476,256,164,316
3464,187,156,423
3476,247,164,356
3488,201,166,350
3489,161,203,344
3487,165,176,339
3468,142,162,334
3483,162,173,333
3467,160,166,346
3501,153,177,330
3486,135,173,333
3389,181,167,330
3499,162,164,325
3469,157,183,333
3471,150,175,317
3495,152,177,317
3491,178,171,296
3515,93,166,310
3476,156,141,318
3484,157,128,345
3482,171,166,352
3457,161,248,351
3474,158,161,349
3468,173,155,346
3500,146,173,341
3493,198,163,328
3489,36,163,325
3511,174,160,323
3484,169,203,322
3486,189,168,304
3497,149,139,312
3480,214,163,315
3505,179,162,309
3481,167,172,280
3482,167,161,300
3493,173,132,296
3476,166,159,305
3496,163,132,298
3457,169,163,304
3483,163,155,306
3485,178,161,281
3488,173,162,299
3485,161,167,432
3486,164,166,284
3480,86,185,278
3487,168,162,293
3484,141,171,305
3502,180,301,302
3488,166,189,297
3490,169,62,291
3472,178,163,283
3476,160,147,314
3474,251,172,284
3460,166,172,281
3328,164,168,303
3476,165,164,329
3482,163,167,327
3478,160,162,317
3489,165,164,314
3485,160,164,331
3461,164,165,320
3473,162,164,339
3592,160,166,350
3488,157,152,334
3473,157,162,346
3479,179,156,349
3469,175,165,314
3499,157,168,333
3524,160,166,328
3483,154,148,320
3487,92,164,317
3478,165,182,304
3474,181,163,305
3473,164,151,322
3475,203,168,292
3491,193,160,296
3490,208,133,286
3482,199,161,280
3483,206,160,275
3459,206,166,273
3505,202,115,270
3491,206,149,273
3478,205,155,257
3498,219,136,268
3452,205,151,253
3486,199,158,262
3475,200,140,256
3485,220,148,258
3485,173,156,252
3486,195,160,280
3480,200,147,301
3479,212,144,275
3475,206,153,288
3490,185,157,297
3493,190,154,213
3479,192,134,337
3485,204,197,339
3540,174,164,364
3491,192,153,374
3504,196,137,382
3479,189,166,378
3442,207,153,366
3480,187,153,367
3485,184,140,366
3493,194,151,364
3425,182,152,373
3507,193,160,460
3508,175,160,389
3475,199,146,367
3476,161,168,352
3489,180,162,354
3469,171,44,340
3482,175,171,364
3469,190,149,343
3483,173,172,336
3480,172,180,363
3458,171,169,336
3480,173,175,341
3477,183,147,331
3492,166,165,321
3478,184,166,244
3479,172,156,326
3476,163,171,336
3482,254,178,330
3480,172,174,328
3489,172,190,325
3490,173,152,318
3480,166,174,321
3476,179,175,304
3478,158,177,275
3481,174,176,307
3487,143,182,308
3482,172,162,308
3479,168,198,308
3481,170,164,288
3484,324,169,311
3485,175,159,310
3502,174,282,305
3473,173,194,290
3488,167,145,290
3485,171,161,290
3479,200,166,266
3480,171,159,281
3484,170,164,274
3479,172,138,267
3488,169,154,266
3483,168,161,263
3460,180,142,272
3483,138,162,258
3491,166,168,245
3494,169,143,273
3485,171,183,291
3486,162,160,316
3480,145,168,298
3491,170,157,304
3475,173,181,296
3467,150,155,307
3477,140,154,377
3482,184,148,284
3486,166,166,300
3475,163,154,296
3479,146,163,299
3542,166,159,324
3476,164,156,295
3483,160,150,289
3485,140,154,293
3487,229,154,290
3477,156,156,280
3488,154,141,288
3488,156,171,304
3492,143,170,275
3488,156,137,281
3492,154,155,276
3485,321,156,273
3450,154,166,274
3489,187,157,272
3501,154,158,275
3509,144,180,281
3475,165,141,289
3451,153,160,272
3482,200,167,290
3486,149,168,262
3474,153,158,280
3474,51,165,275
3479,144,177,269
3452,153,157,269
3478,170,155,246
3475,146,164,268
3483,148,162,272
3489,93,176,276
3487,145,176,276
3491,183,172,278
3507,153,151,267
3479,165,171,276
3482,157,181,272
3479,152,175,278
3460,186,167,279
3506,153,190,264
3474,158,182,270
3463,154,189,258
3478,158,187,261
3479,155,192,250
3480,154,183,264
3494,167,181,260
3494,149,191,252
3477,154,191,267
3462,215,202,259
3479,146,200,261
3449,158,192,259
3479,161,195,260
3477,152,178,242
3482,154,200,283
3480,142,198,288
3480,150,207,314
3480,151,196,306
3476,147,185,307
3484,137,203,289
3478,155,147,297
3480,149,200,292
3482,137,197,297
3482,157,181,337
3475,118,196,370
3469,132,215,373
3481,131,230,378
3482,148,229,379
3478,150,211,370
3476,119,218,375
3487,175,210,359
3470,137,209,349
3482,143,212,333
3482,144,216,348
3495,134,219,300
3457,148,226,340
3483,147,241,338
3484,134,210,333
3501,149,173,326
3506,149,321,328
3486,115,207,322
3492,132,210,328
3496,156,190,317
3507,166,206,298
3474,154,209,314
3503,144,289,296
3489,141,202,302
3479,172,151,293
3484,170,192,291
3485,155,172,285
3506,154,200,290
3475,144,196,277
3470,158,186,266
3473,160,197,277
3479,0,201,274
3481,157,151,270
3512,178,200,279
3490,236,197,267
3489,131,208,264
3495,189,199,270
3510,164,199,248
3493,164,201,264
3486,164,205,248
3487,135,217,237
3453,161,202,253
3453,165,213,238
3478,162,209,241
3467,172,216,247
3473,162,221,187
3453,156,110,294
3461,206,244,307
3434,174,231,326
3472,165,215,315
3489,187,146,314
3468,185,240,322
3465,179,258,353
3545,165,245,377
3484,196,247,371
3495,195,251,352
3490,212,250,360
3484,183,258,348
3502,193,244,348
3474,197,249,325
3485,288,244,340
3482,190,238,340
3478,196,229,379
3471,177,246,398
3466,183,238,392
3477,156,235,390
3480,192,243,382
3483,184,225,388
3481,183,228,389
3485,53,225,382
3485,179,227,414
3484,183,238,439
3434,189,223,436
3479,197,210,429
3489,181,231,442
3482,184,192,445
3477,178,218,438
3484,186,226,441
3498,187,185,433
3477,174,218,434
3471,178,211,470
3453,181,216,456
3476,170,209,464
3484,176,200,477
3477,180,212,463
3399,177,206,452
3461,173,206,452
3473,174,205,440
3495,189,208,332
3496,162,202,444
3490,173,204,438
3485,143,209,424
3499,169,210,424
3475,178,199,405
3457,169,203,402
3475,165,198,392
3475,166,198,404
3476,188,196,431
3479,164,211,429
3481,162,168,426
3467,157,204,414
3480,154,188,408
3308,162,190,398
3507,164,188,448
3466,150,218,410
3489,160,173,448
3487,153,178,464
3423,163,183,463
3490,174,184,464
3487,168,187,465
3493,46,190,475
3500,149,181,458
3503,166,164,454
3481,182,173,518
3476,133,197,446
3486,165,186,499
3484,162,183,520
3497,155,183,513
3474,153,182,507
3482,164,184,499
3489,130,184,504
3488,160,154,486
3478,160,189,491
3481,175,168,530
3476,164,171,488
3471,170,207,471
3468,173,205,440
3474,185,178,460
3487,199,181,450
3478,192,184,474
3473,182,180,469
3497,159,175,484
3467,182,179,464
3483,188,186,469
3469,184,199,464
3495,167,184,513
3488,188,178,467
3489,169,192,443
3471,180,253,459
3491,182,181,421
3499,245,180,438
3466,187,182,404
3529,176,198,413
3470,178,179,420
3478,179,185,399
3483,175,172,399
3368,178,182,401
3462,174,183,383
3481,178,178,374
3481,194,179,358
3481,170,177,372
3478,167,176,371
3481,143,192,363
3498,170,212,357
3472,172,227,356
3402,171,227,378
3472,168,233,363
3486,167,219,357
3477,165,281,363
3464,169,400,348
3477,178,240,348
3477,159,248,365
3489,168,237,358
3476,186,241,317
3483,178,246,342
3491,194,245,333
3516,186,240,332
3487,179,263,327
3482,158,230,357
3487,168,238,351
3479,221,246,352
3475,174,235,339
3495,156,232,344
3479,163,354,329
3512,163,229,327
3488,180,216,346
3481,160,225,362
3491,160,223,392
3488,145,236,396
3492,149,220,402
3475,139,216,422
3477,158,234,418
3477,160,209,409
3493,174,213,403
3484,157,217,408
3454,154,241,445
3486,177,218,453
3477,126,221,465
3478,152,214,472
3485,156,242,462
3535,157,213,436
3507,156,213,460
3481,155,257,454
3489,153,213,449
3489,164,217,437
3489,150,212,420
3490,158,218,427
3492,150,210,399
3508,150,341,409
3487,151,208,412
3592,151,209,416
3490,141,280,420
3478,151,202,438
3473,157,216,482
3477,175,229,486
3486,156,221,466
3487,150,237,500
3557,151,241,478
3482,147,232,489
3474,146,237,487
3484,145,208,478
3499,166,229,482
3486,280,246,481
3502,156,262,468
3500,161,240,475
3490,150,251,430
3504,161,236,449
3551,154,239,434
3517,142,240,438
3516,154,215,427
3480,129,246,421
3486,157,225,429
3478,139,237,425
3611,157,238,416
3471,148,234,402
3490,161,251,400
3482,152,267,391
3486,126,231,397
3478,151,205,387
3481,152,242,363
3488,138,222,373
3488,151,221,378
3482,153,218,341
3479,153,206,358
3487,153,215,334
3485,153,215,350
3460,169,221,345
3459,146,226,381
3472,157,215,389
3477,134,222,368
3564,148,215,397
3488,152,209,384
3476,129,166,375
3478,135,218,371
3563,157,202,361
3487,158,197,363
3472,148,204,354
3492,148,210,366
3484,146,215,350
3482,146,202,325
3484,146,178,344
3480,252,183,346
3477,138,211,362
3482,155,209,335
3470,141,383,348
3478,141,208,352
3479,144,210,380
3479,142,217,396
3497,142,208,384
3482,142,221,364
3484,140,209,370
3484,146,209,359
3511,150,210,350
3486,140,212,345
3486,142,201,346
3478,158,203,321
3337,143,208,346
3478,147,182,351
3496,144,214,361
3479,141,206,367
3469,149,211,264
3459,136,224,352
3489,139,178,351
3481,137,208,358
3513,146,209,378
3480,188,213,356
3479,138,207,344
3497,139,200,336
3479,160,204,344
3480,141,200,317
3463,134,246,327
3482,119,198,324
3496,163,215,325
3476,157,190,324
3485,273,175,326
3480,154,219,322
3483,149,191,322
3454,158,182,314
3475,121,188,312
3475,144,214,306
3485,148,123,302
3508,146,181,318
3485,180,188,278
3477,152,184,298
3469,140,200,293
3479,151,187,289
3480,186,184,285
3492,138,184,239
3485,143,186,286
3493,134,204,293
3480,166,193,284
3492,160,192,331
3482,165,187,283
3479,154,203,274
3483,192,197,263
3477,163,197,263
3476,170,191,265
3477,136,190,264
3480,146,192,240
3432,161,190,254
3358,157,197,319
3473,151,194,260
3480,157,192,252
3499,149,189,251
3506,98,190,258
3483,168,193,252
3434,168,190,246
3485,160,207,240
3515,171,174,244
3487,174,187,247
3488,146,197,306
3358,172,197,239
3481,176,208,235
3389,177,202,249
3507,173,180,239
3483,174,193,259
3541,178,198,272
3489,169,199,268
3479,181,200,304
3479,177,235,300
3489,172,220,298
3483,179,211,288
3487,172,216,293
3487,176,238,288
3474,169,221,300
3486,185,221,280
3475,185,212,274
3484,180,246,272
3489,184,223,273
3488,178,214,265
3503,179,212,269
3474,177,235,254
3497,178,209,272
3472,189,212,284
3477,178,211,301
3479,192,204,310
3488,55,187,306
3473,176,192,311
3476,180,199,389
3458,174,384,307
3487,167,204,309
3489,186,205,307
3493,186,201,318
3487,182,206,291
3482,150,200,295
3488,175,201,293
3467,167,198,277
3486,169,184,288
3510,177,204,301
3485,159,196,299
3475,170,193,264
3478,168,214,278
3479,169,190,316
3472,63,212,262
3476,168,191,256
3470,119,192,260
3481,161,208,235
3479,190,188,266
3485,182,199,259
3487,161,200,263
3478,162,193,279
3480,121,214,301
3485,152,196,291
3486,158,192,291
3490,152,193,289
3486,165,173,301
3498,173,192,280
3467,176,189,276
3475,148,197,282
3510,154,186,285
3491,160,192,273
3474,162,184,310
3469,172,180,253
3477,173,178,268
3480,170,184,261
3481,166,201,265
3490,160,176,262
3490,167,178,239
3485,180,174,265
3501,179,156,274
3487,163,196,252
3479,155,183,267
3477,150,172,251
3475,163,166,236
3479,189,175,258
3493,184,177,245
3454,157,185,256
3479,159,177,248
3518,191,186,256
3475,170,174,258
3482,138,174,272
3477,28,175,272
3489,160,171,264
3502,130,173,265
3488,158,179,268
3487,147,170,271
3494,161,169,258
3489,157,186,253
3497,154,78,257
3478,157,175,256
3432,145,196,223
3486,157,168,244
3397,166,169,237
3481,109,164,240
3478,157,182,236
3473,163,188,240
3475,148,197,244
3332,179,186,235
3476,153,184,228
3475,158,132,223
3489,147,194,228
3485,163,202,229
3503,136,206,326
3485,148,210,237
3480,155,222,231
3665,148,226,239
3483,148,219,214
3605,136,224,220
3488,171,214,209
3473,149,240,222
3478,142,191,223
3477,146,218,224
3430,152,223,227
3487,144,222,206
3481,157,219,220
3483,140,207,234
3477,142,242,228
3487,138,217,247
3479,140,211,234
3502,145,214,222
3485,158,219,149
3410,143,224,240
3488,140,227,244
3506,143,220,280
3364,130,224,239
3481,160,207,303
3453,115,214,231
3482,142,213,225
3512,141,206,229
3475,143,218,216
3472,155,278,226
3479,142,210,218
3480,164,197,224
3477,140,207,188
3484,130,218,223
3467,107,197,212
3478,140,200,220
3485,160,203,225
3511,136,199,218
3486,147,199,232
3490,134,198,228
3483,128,196,224
3470,137,207,230
3475,156,196,218
3481,129,198,226
3475,147,202,191
3472,121,204,244
3474,142,209,240
3477,143,190,237
3468,118,214,217
3485,124,210,234
3559,141,212,256
3514,135,211,242
3492,112,219,233
3485,128,233,229
3492,228,217,228
3481,135,215,234
3467,139,274,227
3480,136,212,225
3503,139,208,240
3477,128,229,225
3502,141,215,217
3470,147,208,209
3483,136,198,250
3475,128,214,302
3502,122,206,294
3471,128,246,288
3491,139,202,312
3489,135,192,298
3477,137,202,304
3481,136,195,316
3480,26,197,316
3488,135,192,403
3500,133,216,411
3481,163,194,412
3485,149,206,424
3483,154,192,435
3481,156,197,447
3489,155,193,462
3484,162,186,455
3472,173,64,444
3421,162,192,471
3482,161,192,486
3502,146,177,471
3484,161,166,482
3480,143,182,453
3488,157,177,455
3474,158,164,460
3518,157,184,468
3479,160,175,443
3489,164,193,456
3488,155,184,445
3485,158,165,450
3484,172,181,432
3483,156,184,416
3488,153,160,411
3487,157,168,420
3484,153,182,411
3474,156,155,386
3476,172,181,400
3477,157,165,396
3478,153,183,368
3482,171,198,390
3476,160,171,379
3491,148,178,391
3484,151,163,364
3501,152,142,370
3440,155,173,423
3463,162,162,390
3493,151,163,396
3483,156,163,324
3481,155,141,374
3483,141,169,373
3509,135,164,437
3489,64,168,363
3478,188,149,371
3475,133,183,365
3478,169,162,365
3475,155,171,342
3483,171,158,354
3485,155,170,352
3495,151,209,344
3478,151,196,334
3481,145,169,346
3476,165,43,341
3490,155,167,329
3487,149,180,322
3462,148,167,327
3469,143,172,325
3485,148,180,315
3506,134,180,317
3495,142,251,343
3469,125,174,336
3482,141,171,337
3475,152,193,371
3475,152,158,389
3488,132,186,377
3346,128,183,309
3486,147,187,369
3486,138,188,400
3480,157,227,392
3479,149,193,374
3490,140,213,385
3486,149,218,393
3471,148,206,362
3479,154,244,368
3485,166,212,298
3478,155,210,347
3489,139,211,356
3483,146,212,356
3477,148,217,341
3485,149,224,369
3486,116,215,374
3482,144,224,380
3474,156,220,392
3427,140,225,390
3491,143,218,403
3480,143,218,386
3472,144,228,376
3464,156,236,366
3487,141,230,381
3480,135,233,501
3480,144,252,359
3488,140,216,349
3492,143,231,362
3474,160,240,282
3488,144,232,352
3491,144,270,344
3487,149,138,369
3507,146,237,376
3477,135,236,394
3479,125,263,367
3470,143,233,365
3500,128,228,363
3486,140,243,363
3471,139,235,339
3491,139,217,333
3485,129,224,355
3485,146,221,382
3479,144,221,386
3475,162,219,332
3487,156,217,368
3480,146,214,389
3495,144,214,370
3485,124,212,382
3510,143,214,366
3489,142,219,352
3488,149,217,328
3488,146,208,343
3478,144,222,340
3501,134,212,332
3477,149,223,329
3480,140,188,364
3478,132,212,336
3491,117,198,337
3484,142,173,344
3483,143,230,336
3480,150,185,334
3464,139,214,339
3486,129,220,343
3501,140,208,349
3489,141,190,337
3492,141,209,340
3480,146,217,318
3498,133,207,331
3479,161,196,312
3480,143,237,317
3478,144,205,318
3485,138,205,318
3459,130,265,313
3471,138,200,301
3488,128,210,304
3479,134,194,294
3477,146,197,310
3489,137,192,303
3479,118,202,306
3499,137,192,294
3474,129,211,281
3483,135,194,295
3489,135,180,302
3515,121,183,300
3563,134,191,290
3507,22,186,288
3491,0,186,290
3457,125,204,292
3478,141,179,298
3491,137,109,304
3476,126,184,277
3483,136,192,249
3488,132,188,277
3513,134,53,267
3485,151,198,274
3479,133,121,258
3485,111,184,278
3487,139,176,262
3489,140,184,253
3484,134,177,256
3494,138,181,257
3488,116,186,261
3486,137,180,250
3480,138,205,250
3484,139,180,257
3606,142,179,230
3480,181,177,237
3501,137,176,231
3482,128,189,226
3498,150,173,229
3490,140,176,222
3486,151,188,221
3491,76,183,219
3493,112,186,214
3489,134,177,222
3487,145,178,204
3490,89,161,216
3490,135,177,188
3479,112,187,210
3394,131,177,206
3481,136,181,220
3481,138,183,215
3488,150,184,211
3480,152,190,228
3484,251,186,206
3489,119,213,211
3509,152,194,214
3491,143,192,219
3490,138,198,221
3488,144,190,219
3481,130,210,214
3480,145,165,219
3467,148,194,211
3482,146,171,223
3477,151,201,217
3482,142,200,216
3487,141,190,236
3483,131,215,254
3482,86,199,291
3476,141,192,302
3468,158,197,286
3465,148,202,303
3482,136,197,298
3489,111,203,309
3477,146,216,292
3503,131,195,303
3488,158,195,299
3490,136,214,298
3490,137,200,296
3479,132,209,270
3484,130,173,308
3477,142,182,283
3438,114,204,234
3512,135,185,294
3475,197,204,317
3503,143,172,315
3468,82,171,315
3476,136,185,309
3492,134,181,318
3480,124,182,333
3477,136,187,324
3462,148,206,320
3476,133,204,342
3498,145,200,344
3486,134,189,372
3484,139,193,355
3485,148,183,366
3472,143,270,347
3484,146,183,338
3487,135,204,340
3447,157,194,336
3484,146,203,345
3485,155,192,306
3495,145,212,327
3502,148,122,322
3471,142,186,314
3489,165,202,305
3479,144,202,314
3483,140,195,336
3473,148,186,312
3493,145,158,325
3479,124,152,344
3477,109,180,348
3487,152,179,357
3486,139,178,347
3482,149,175,349
3489,148,177,350
3487,145,187,336
3461,151,177,339
3499,154,187,370
3474,168,194,322
3475,150,210,359
3478,152,205,366
3482,140,196,349
3477,153,198,351
3485,164,194,339
3486,135,196,341
3483,146,206,365
3479,122,192,331
3479,135,195,317
3492,144,189,329
3469,144,192,321
3488,149,188,315
3501,176,182,304
3491,143,196,298
3480,141,185,300
3483,147,195,297
3487,145,187,295
3481,146,183,297
3465,150,182,265
3461,132,201,286
3495,141,177,280
3478,143,192,274
3497,133,189,272
3486,142,158,280
3487,146,181,247
3481,158,156,292
3483,152,178,267
3485,128,169,300
3501,148,177,282
3499,135,177,272
3506,112,171,290
3476,135,176,257
3451,125,192,274
3475,152,166,278
3479,126,168,282
3474,142,219,306
3471,123,232,294
3486,132,299,312
3482,141,204,302
3489,123,209,294
3484,139,216,294
3481,138,202,275
3479,133,226,350
3467,144,217,353
3480,142,208,334
3482,264,203,351
3483,144,204,352
3549,142,203,360
3453,142,200,330
3491,153,180,346
3476,150,203,346
3607,118,202,342
3422,157,199,337
3484,136,218,338
3506,140,201,348
3480,145,191,416
3540,140,200,360
3603,136,196,337
3562,131,197,335
3495,140,187,324
3491,140,199,324
3488,130,193,324
3484,142,182,324
3471,143,190,318
3489,142,191,329
3457,125,185,313
3484,62,191,321
3462,117,172,325
3477,123,205,310
3474,141,199,308
3475,144,204,293
3493,137,186,314
3499,132,227,305
3496,139,213,314
3480,126,257,304
3482,138,234,316
3482,141,234,316
3485,144,252,320
3490,138,235,298
3499,136,232,309
3477,141,250,310
3489,132,221,280
3489,135,228,292
3481,129,225,335
3495,128,297,318
3486,128,237,326
3486,131,217,331
3464,131,220,329
3470,133,209,340
3475,141,211,420
3473,123,229,352
3472,135,224,366
3485,134,182,330
3495,136,219,344
3489,146,220,282
3491,124,214,342
3479,117,223,341
3479,116,220,332
3509,125,275,339
3630,129,213,306
3490,112,211,323
3479,122,219,344
3489,131,210,314
3489,128,207,318
3479,128,207,308
3465,139,206,288
3479,132,204,298
3471,126,204,296
3480,128,211,288
3479,132,205,298
3483,119,205,311
3479,128,200,303
3474,136,211,386
3456,134,217,407
3475,133,235,396
3471,142,243,398
3496,147,215,386
3483,140,226,309
3470,151,224,358
3466,140,223,370
3481,170,190,366
3475,166,211,382
3478,145,208,375
3507,152,216,376
3473,145,166,361
3459,126,205,316
3476,155,205,363
3449,153,205,285
3478,160,202,340
3490,141,280,364
3497,130,199,392
3483,147,192,356
3482,150,211,383
3482,147,196,377
3572,168,199,471
3478,148,194,359
3467,146,194,366
3469,134,200,370
3462,154,217,372
3473,144,197,527
3455,147,375,384
3498,136,215,380
3551,151,198,377
3451,157,198,366
3483,137,195,418
3487,147,203,356
3482,121,218,354
3564,159,188,448
3476,143,193,392
3494,146,192,404
3468,157,190,400
3482,144,182,387
3493,146,168,378
3488,145,180,396
3488,145,190,398
3486,143,194,398
3493,124,191,394
3479,146,195,402
3473,148,165,385
3475,169,189,381
3481,153,188,379
3489,143,172,392
3481,135,190,362
3488,142,187,352
3486,137,163,339
3496,134,182,340
3492,136,204,348
3489,138,196,352
3471,152,187,305
3472,139,180,333
3494,137,187,335
3475,138,187,322
3480,133,204,322
3475,124,201,323
3452,131,276,318
3468,137,213,311
3445,139,218,324
3494,150,228,327
3476,132,222,340
3577,130,237,348
3478,136,243,315
3483,124,229,317
3483,139,228,357
3497,138,231,385
3487,133,223,358
3486,124,225,368
3474,154,218,338
3581,135,220,345
3477,145,212,364
3477,123,194,353
3460,143,221,344
3472,139,224,364
3476,133,221,354
3475,168,220,365
3479,149,215,358
3475,147,212,362
3474,168,197,349
3486,140,221,339
3477,142,201,337
3477,142,214,333
3479,138,308,371
3449,156,208,372
3498,167,210,365
3478,172,186,346
3480,165,225,348
3503,180,199,359
3482,185,214,348
3479,181,212,342
3478,180,201,338
3482,176,211,398
3479,187,190,426
3458,189,198,424
3480,166,192,432
3481,186,196,431
3481,175,193,432
3485,182,197,434
3458,173,190,429
3484,175,210,411
3488,130,189,442
3483,154,203,443
3502,149,202,430
3474,154,194,406
3467,165,193,433
3443,176,196,425
3493,170,200,424
3467,170,185,414
3475,175,201,406
3484,174,249,418
3474,171,181,402
3498,162,186,416
3469,149,183,418
3474,140,204,401
3478,11,186,402
3473,157,187,378
3526,165,183,378
3490,163,184,384
3485,152,182,421
3486,168,188,374
3480,165,178,367
3474,172,178,348
3444,168,189,350
3478,168,147,356
3480,166,185,354
3479,170,193,346
3481,169,189,346
3479,171,198,358
3477,192,205,329
3486,165,192,337
3485,188,206,346
3491,159,210,346
3463,142,199,341
3464,161,209,344
3472,170,210,343
3484,165,233,342
3481,163,225,335
3489,177,216,335
3505,168,208,324
3447,160,219,304
3488,162,215,312
3476,165,208,296
3489,164,193,308
3475,278,208,333
3472,151,205,332
3474,171,202,306
3485,148,201,321
3462,159,204,311
3474,156,201,300
3471,186,194,312
3474,156,217,314
3482,156,206,304
3427,159,205,336
3485,169,206,338
3479,179,204,337
3484,171,199,348
3465,171,210,333
3479,157,202,352
3476,170,216,344
3459,180,201,351
3459,168,173,356
3473,156,200,345
3495,151,198,348
3456,164,192,339
3475,163,221,336
3475,161,173,322
3474,281,178,318
3475,163,202,325
3497,150,210,313
3474,167,200,315
3485,186,166,322
3487,204,213,330
3485,170,183,337
3484,173,189,330
3485,172,201,308
3486,185,192,306
3474,176,197,304
3495,176,181,298
3491,180,173,305
3485,169,188,304
3467,182,187,284
3474,169,195,300
3477,168,193,296
3480,169,180,308
3479,134,195,300
3498,159,188,280
3470,164,195,281
3484,167,206,281
3480,172,182,278
3495,162,190,291
3473,165,193,281
3478,156,196,266
3411,166,186,290
3484,146,182,286
3483,150,184,339
3482,170,178,271
3502,152,192,270
3479,162,177,263
3478,153,187,260
3471,163,176,290
3483,167,168,276
3475,130,187,286
3463,177,176,200
3478,168,195,310
3473,156,173,279
3489,173,175,248
3495,149,179,289
3479,145,170,310
3480,159,172,297
3484,115,152,290
3461,157,166,299
3489,154,169,287
3473,157,187,282
3476,181,158,270
3482,157,157,303
3475,178,175,311
3460,156,106,307
3461,157,221,303
3481,165,159,309
3465,155,152,310
3390,150,164,309
3479,170,158,317
3484,257,166,321
3481,165,165,241
3507,142,167,363
3485,149,162,333
3485,162,166,339
3494,159,155,324
3480,149,165,333
3482,50,162,339
3465,155,142,341
3473,121,160,336
3480,126,153,331
3473,150,161,329
3500,142,165,346
3400,147,165,314
3483,220,164,329
3480,144,158,335
3486,143,166,320
3495,145,156,333
3485,143,161,324
3461,145,176,302
3486,143,173,320
3483,149,145,309
3431,118,161,205
3498,144,163,302
3478,154,159,302
3482,260,161,293
3478,148,139,291
3474,154,162,290
3473,134,161,303
3472,145,193,285
3477,131,178,304
3471,146,175,265
3479,138,169,269
3477,141,162,281
3483,116,172,279
3487,150,70,277
3473,149,182,350
3541,156,179,354
3481,143,200,345
3479,155,192,346
3478,154,181,351
3449,151,177,353
3468,154,193,366
3487,153,162,361
3483,150,214,366
3472,161,179,371
3541,148,193,428
3470,151,183,378
3473,178,158,368
3470,142,186,363
3485,152,186,375
3498,156,158,367
3470,112,192,360
3544,160,183,499
3487,145,187,387
3499,147,309,384
3484,144,180,366
3500,116,198,369
3490,147,178,367
3490,141,184,362
3488,168,172,364
3473,170,174,352
3467,161,188,334
3477,161,175,321
3485,139,196,328
3481,149,187,328
3486,156,183,320
3496,157,45,318
3507,86,175,320
3483,156,176,313
3500,154,172,316
3484,151,189,300
3484,150,176,306
3486,138,195,306
3471,153,300,294
3480,146,174,275
3479,154,170,286
3449,151,171,278
3466,153,201,282
3437,152,171,284
3521,147,166,321
3452,170,169,315
3472,170,169,269
3459,139,168,312
3484,147,167,304
3462,147,166,307
3480,137,174,329
3475,136,173,333
3491,124,170,331
3455,154,173,330
3476,154,165,343
3481,149,172,364
3498,155,171,324
3476,160,157,334
3475,154,177,320
3477,153,177,317
3468,181,174,320
3501,156,170,332
3472,154,177,377
3472,156,172,376
3478,151,190,395
3473,151,171,358
3482,154,165,373
3466,132,168,365
3472,147,174,365
3475,198,163,348
3486,165,166,427
3483,170,186,401
3483,145,169,381
3468,163,158,425
3484,147,172,428
3487,180,164,435
3496,166,163,402
3483,155,170,436
3474,111,166,420
3477,142,173,418
3479,153,164,420
3479,149,160,404
3480,154,162,402
3465,162,32,369
3480,150,152,392
3486,146,154,377
3483,161,159,378
3497,148,129,388
3483,148,132,408
3475,140,154,414
3495,142,173,426
3475,151,175,433
3472,148,181,456
3471,154,190,447
3473,146,172,441
3483,154,178,447
3485,146,189,465
3566,155,186,472
3451,132,200,490
3474,153,168,506
3475,141,186,495
3499,143,169,480
3484,155,183,453
3496,137,162,482
3499,146,180,475
3468,134,126,469
3485,129,180,458
3476,155,178,450
3481,115,188,448
3485,139,175,453
3494,149,178,434
3477,238,189,426
3478,139,221,420
3497,133,174,413
3501,146,178,403
3473,129,218,398
3501,146,167,398
3466,148,172,375
3471,136,173,382
3475,145,174,380
3476,145,172,374
3501,134,162,372
3474,145,175,377
3488,144,90,372
3560,148,181,374
3499,138,183,372
3466,144,172,341
3480,158,181,358
3486,163,182,290
3473,146,184,350
3474,143,196,347
3446,131,187,339
3447,129,200,340
3475,145,182,345
3491,144,292,327
3523,136,175,321
3477,143,200,315
3483,139,201,309
3473,152,181,400
3461,140,184,298
3497,149,175,324
3483,144,177,337
3481,138,172,344
3344,151,178,334
3473,140,200,342
3463,161,178,349
3476,153,180,329
3465,151,244,352
3464,146,174,344
3479,149,172,331
3477,150,176,348
3474,159,170,315
3478,132,161,323
3483,166,169,313
3489,146,143,308
3478,148,155,306
3483,149,168,313
3470,160,170,303
3473,155,166,329
3478,150,169,315
3470,162,137,317
3440,153,170,265
3468,145,319,310
3482,155,173,295
3474,91,174,309
3486,168,175,321
3475,148,253,309
3481,142,169,315
3465,156,178,277
3475,137,181,355
3475,140,164,292
3477,145,187,281
3475,120,184,288
3482,149,185,279
3477,136,187,275
3474,148,155,278
3483,143,179,272
3493,135,182,274
3477,140,182,269
3474,129,186,279
3468,170,173,250
3478,144,182,260
3479,156,163,291
3472,158,197,243
3474,144,172,263
3470,142,192,262
3476,151,171,261
3470,142,152,256
3477,139,178,267
3504,140,155,251
3499,147,282,254
3483,149,175,258
3495,154,145,243
3483,113,181,260
3488,20,180,267
3474,149,176,256
3502,148,176,256
3476,150,178,253
3471,153,167,246
3471,145,172,388
3477,150,171,241
3508,152,181,230
3459,151,170,228
3481,150,184,243
3499,144,169,233
3486,150,170,216
3477,142,151,229
3477,147,174,230
3478,149,165,223
3492,146,171,220
3480,160,173,208
3489,140,180,286
3478,148,155,294
3473,146,173,315
3519,148,170,304
3479,118,174,336
3485,117,171,324
3485,143,186,320
3461,147,185,323
3479,148,158,310
3475,116,187,319
3499,142,287,317
3474,128,199,323
3465,133,176,322
3476,141,163,315
3470,131,187,327
3499,143,186,339
3476,148,194,366
3477,146,200,376
3477,141,192,377
3478,140,193,475
3479,171,197,358
3481,142,202,363
3488,135,211,364
3458,143,209,347
3482,152,173,361
3470,141,207,347
3465,118,213,363
3468,143,203,346
3473,138,215,328
3470,117,220,333
3454,144,192,325
3466,146,191,320
3479,155,192,334
3475,138,222,336
3478,138,188,342
3469,146,190,304
3470,132,202,325
3484,140,188,315
3484,135,197,312
3484,136,198,330
3480,144,210,316
3468,145,200,330
3481,126,180,321
3475,138,201,314
3472,136,198,330
3470,60,219,320
3481,109,222,305
3467,139,208,316
3465,107,211,310
3467,145,214,314
3475,115,237,297
3465,140,220,299
3480,128,202,298
3463,139,221,300
3484,143,213,300
3484,136,213,296
3478,148,211,292
3335,141,208,277
3476,28,212,283
3458,150,189,287
3545,142,208,282
3468,142,205,324
3505,137,221,320
3479,143,209,338
3487,165,205,314
3495,141,203,306
3476,140,197,367
3474,130,204,306
3547,134,198,311
3467,225,202,281
3473,126,209,284
3495,136,64,280
3459,128,206,283
3472,139,193,288
3461,144,204,268
3468,146,193,286
3465,153,213,296
3469,154,208,297
3477,151,209,283
3509,146,215,282
3475,155,218,282
3469,198,206,282
3473,154,214,286
3487,158,193,279
3488,136,202,282
3502,142,264,285
3481,152,193,257
3482,153,194,302
3482,152,321,318
3477,143,197,300
3478,151,200,336
3474,156,190,327
3480,163,196,336
3472,174,195,340
3468,150,224,350
3483,146,199,351
3466,144,190,378
3470,139,206,458
3469,147,185,443
3468,141,211,351
3488,147,200,427
3471,144,227,414
3467,144,321,410
3482,151,199,417
3478,124,201,430
3483,148,202,409
3463,129,221,409
3476,234,217,406
3421,140,201,371
3349,132,203,402
3493,153,180,403
3469,144,201,386
3473,154,182,372
3472,136,176,385
3498,169,190,403
3451,142,203,394
3537,143,205,399
3466,142,240,398
3472,149,248,395
3473,216,211,408
3478,137,241,404
3487,113,246,415
3478,136,231,411
3472,141,211,381
3474,106,258,390
3471,79,235,394
3472,119,246,408
3500,143,242,382
3476,162,211,398
3545,141,244,401
3459,155,116,373
3450,132,208,376
3472,146,235,375
3479,139,217,376
3476,140,240,368
3466,142,244,440
3481,138,235,346
3482,139,235,344
3481,161,229,349
3477,142,222,352
3452,130,236,349
3482,114,231,351
3482,125,206,339
3482,140,228,345
3487,130,217,328
3483,124,218,348
3398,137,217,324
3543,151,218,419
3443,137,222,318
3478,136,197,323
3474,10,229,309
3469,152,227,369
3467,125,234,304
3482,26,231,301
3482,151,210,305
3476,135,210,312
3488,116,224,324
3469,145,233,312
3482,129,222,358
3574,151,227,414
3489,130,242,347
3487,131,226,343
3479,134,218,352
3481,132,228,339
3476,159,226,336
3477,128,232,352
3478,144,218,343
3466,138,215,333
3477,134,224,340
3468,141,242,328
3475,140,221,338
3480,137,120,321
3480,125,213,315
3496,127,216,310
3482,139,226,297
3482,132,214,328
3484,141,207,343
3471,144,193,339
3463,142,222,347
3465,133,209,329
3441,120,204,296
3441,145,203,340
3475,149,204,331
3564,150,198,240
3482,149,198,342
3481,175,198,345
3472,156,202,320
3457,146,319,322
3486,148,203,324
3480,174,206,339
3485,145,202,330
3453,189,202,332
3477,146,198,330
3481,146,195,388
3475,140,203,364
3512,139,179,368
3484,134,214,367
3467,139,198,364
3479,161,182,371
3493,143,126,363
3476,148,207,363
3464,154,222,379
3473,187,181,353
3473,162,194,324
3423,162,201,332
3480,151,272,322
3479,152,204,328
3485,128,197,336
3472,150,174,316
3461,157,207,304
3483,160,186,312
3481,152,203,317
3491,139,248,314
3496,158,202,290
3483,156,190,306
3457,162,191,235
3481,138,187,442
3509,153,187,299
3457,142,207,291
3479,178,172,288
3460,156,310,290
3471,154,184,283
3472,154,192,272
3463,141,227,279
3479,153,188,281
3506,166,204,365
3401,149,196,152
3462,156,199,262
3481,159,173,258
3494,162,197,256
3460,146,189,258
3465,146,196,246
3448,144,203,251
3495,126,208,248
3481,147,186,256
3467,133,130,242
3475,148,163,256
3478,160,171,256
3470,146,203,245
3469,148,180,240
3470,266,191,237
3475,142,192,237
3465,153,187,211
3475,138,184,240
3474,153,165,260
3483,135,201,254
3484,136,173,260
3447,137,181,272
3527,139,181,296
3449,160,153,270
3473,139,182,278
3481,143,194,278
3354,148,176,304
3485,156,163,330
3471,172,174,313
3472,160,176,322
3471,153,175,325
3474,153,205,330
3486,151,195,338
3476,148,182,321
3493,139,177,366
3485,153,158,338
3483,139,196,306
3467,152,217,332
3474,148,212,351
3473,148,181,321
3489,155,184,342
3468,121,184,355
3472,167,183,341
3465,157,212,344
3472,149,184,362
3470,146,144,351
3463,151,189,360
3455,138,188,358
3492,149,186,365
3480,139,184,357
3477,154,184,350
3483,122,178,346
3462,148,181,348
3474,146,182,336
3493,176,173,325
3482,145,180,327
3472,145,301,303
3491,142,208,311
3474,134,176,309
3475,146,165,319
3469,148,173,311
3453,146,174,238
3469,163,175,303
3469,145,170,304
3469,171,169,298
3476,142,170,298
3481,146,174,297
3488,131,159,318
3467,152,92,280
3474,141,162,282
3485,159,152,290
3484,138,165,281
3483,143,155,270
3481,132,160,270
3470,140,168,264
3474,143,168,260
3477,140,157,267
3484,122,193,250
3480,137,170,250
3493,158,157,243
3483,140,151,238
3476,142,158,233
3471,139,135,241
3465,140,160,222
3469,140,172,224
3482,136,154,224
3456,139,164,232
3479,129,155,165
3483,136,164,217
3472,133,161,230
3607,138,162,287
3467,136,160,283
3480,137,157,285
3483,137,159,288
3455,143,150,280
3477,65,158,277
3469,145,155,260
3477,106,178,274
3471,122,172,280
3453,143,144,286
3477,134,162,280
3456,133,294,310
3327,133,173,281
3468,134,173,299
3477,133,176,298
3496,131,173,313
3464,148,158,307
3479,139,182,325
3476,130,186,309
3435,135,186,318
3482,133,217,312
3481,156,191,303
3484,125,190,324
3483,150,181,308
3468,134,196,302
3486,134,185,311
3466,121,195,312
3468,135,192,326
3468,139,149,313
3470,125,204,305
3478,156,214,279
3472,138,200,288
3478,148,198,302
3456,163,185,296
3466,156,197,231
3491,138,198,276
3468,144,228,264
3480,152,200,273
3490,151,197,263
3482,155,196,239
3478,137,197,274
3470,148,197,261
3468,156,182,245
3473,151,198,285
3472,141,205,292
3461,144,205,292
3470,155,195,282
3476,145,192,279
3479,148,201,278
3498,152,171,269
3484,143,180,285
3479,150,203,254
3469,151,195,265
3471,144,187,304
3470,145,184,308
3482,126,197,311
3471,150,209,308
3481,150,194,285
3483,178,202,299
3481,176,204,308
3491,154,174,307
3476,164,202,345
3459,159,197,331
3468,167,192,346
3467,159,198,349
3470,245,200,331
3464,156,214,346
3475,154,203,336
3478,174,189,340
3476,154,176,325
3478,163,185,371
3477,162,182,367
3483,165,192,353
3389,181,188,354
3451,163,190,364
3480,167,168,342
3481,160,194,354
3492,138,189,360
3465,161,181,361
3470,162,189,349
3337,140,185,310
3474,161,176,363
3447,156,286,353
3489,159,315,346
3469,156,178,336
3475,145,181,332
3461,173,185,330
3530,171,160,338
3470,157,194,379
3472,149,160,382
3485,210,188,375
3477,154,193,377
3466,153,28,360
3465,166,192,367
3461,173,176,361
3668,164,185,366
3479,162,192,352
3467,160,245,344
3452,160,186,332
3447,172,186,436
3470,160,162,329
3467,159,183,330
3542,158,178,341
3481,154,189,327
3481,133,192,328
3478,158,190,313
3506,168,189,347
3477,167,192,305
3482,162,190,304
3472,168,188,308
3466,178,185,286
3346,177,188,273
3481,168,182,289
3474,177,179,299
3474,177,190,320
3470,179,184,313
3466,190,182,302
3481,174,188,337
3481,179,153,314
3467,174,189,309
3472,172,174,307
3460,166,176,300
3490,169,176,329
3477,174,177,333
3509,166,178,331
3478,166,177,318
3475,176,181,316
3474,175,164,312
3474,184,148,314
3495,167,166,328
3472,171,172,316
3473,159,188,321
3459,158,175,342
3471,168,208,329
3482,157,180,331
3473,167,176,304
3459,167,188,321
3455,192,183,340
3471,152,195,325
3471,155,209,315
3475,148,189,322
3479,169,190,298
3480,171,177,312
3493,173,191,303
3492,172,189,302
3477,166,191,288
3471,176,64,291
3449,172,185,304
3479,167,187,304
3469,168,186,339
3471,150,189,308
3463,164,181,325
3465,165,188,339
3461,167,186,350
3475,174,195,340
3421,161,184,339
3473,154,189,320
3467,168,185,311
3455,180,170,322
3479,168,186,315
3479,195,187,302
3469,173,183,330
3495,173,184,333
3470,143,192,310
3476,146,181,304
3469,140,181,315
3474,163,179,298
3461,177,208,353
3487,163,147,353
3462,167,175,358
3404,153,209,340
3477,176,169,359
3472,156,196,354
3478,214,174,354
3477,154,182,352
3479,148,206,354
3477,170,186,345
3476,171,187,324
3478,171,188,346
3474,169,181,336
3474,169,191,329
3479,168,189,320
3461,164,179,325
3468,169,213,317
3468,162,164,326
3434,164,193,348
3465,164,197,318
3458,150,217,331
3471,161,209,337
3473,183,207,329
3481,164,210,336
3476,151,224,351
3478,13,216,352
3488,158,208,366
3489,171,224,273
3478,158,223,391
3475,248,205,387
3479,155,226,381
3469,162,231,356
3459,152,84,362
3471,155,256,354
3457,154,234,394
3474,144,227,397
3473,168,226,399
3465,155,241,405
3463,142,241,403
3474,129,218,502
3481,142,216,398
3463,150,220,384
3510,150,216,388
3481,152,216,387
3622,155,215,391
3481,148,191,371
3478,238,192,363
3477,140,213,359
3488,157,211,368
3462,163,208,338
3474,173,198,375
3468,158,208,365
3465,171,204,345
3468,165,202,407
3451,149,218,392
3473,171,206,404
3477,148,176,392
3473,156,198,386
3450,150,198,375
3479,139,201,379
3468,137,192,356
3465,147,233,370
3474,150,195,360
3471,157,196,352
3477,178,196,359
3461,178,183,368
3464,175,194,370
3470,68,205,352
3497,165,160,371
3473,163,190,352
3475,167,200,407
3486,191,193,417
3476,168,191,397
3481,169,179,394
3479,176,192,376
3475,176,196,391
3474,178,196,394
3475,192,185,322
3482,176,186,399
3488,169,186,444
3476,173,187,434
3483,167,266,425
3467,175,176,424
3459,169,181,426
3450,163,181,406
3470,169,172,394
3475,168,178,415
3482,167,171,442
3474,138,196,441
3475,166,165,480
3475,166,166,497
3492,143,186,483
3491,166,173,481
3473,160,181,476
3478,161,171,482
3476,156,170,455
3477,119,171,472
3471,161,167,476
3472,157,165,478
3477,160,147,453
3469,181,160,457
3472,160,168,447
3463,168,187,432
3485,146,168,433
3480,162,163,428
3484,112,166,422
3481,153,152,416
3484,152,162,402
3483,136,164,400
3458,152,162,396
3458,148,6,388
3477,149,181,384
3501,204,144,387
3481,150,157,375
3484,154,154,368
3458,137,110,369
3477,146,138,359
3431,166,159,359
3497,139,134,354
3484,141,150,360
3466,146,161,349
3470,149,144,349
3476,146,163,347
3477,145,91,402
3475,135,163,414
3471,138,177,379
3468,144,164,376
3478,140,164,374
3481,150,155,402
3467,141,159,407
3476,157,161,395
3465,117,168,386
3480,173,168,410
3467,185,165,394
3481,184,169,395
3473,192,169,409
3483,176,160,385
3486,39,160,380
3485,154,158,374
3438,182,159,377
3470,176,153,397
3471,292,134,366
3471,172,159,384
3468,175,164,360
3511,164,158,353
3449,270,160,335
3478,38,158,334
3477,171,171,336
3477,181,151,346
3457,173,156,336
3405,182,156,334
3478,170,227,332
3478,180,156,325
3465,167,153,317
3466,173,153,332
3469,193,130,320
3462,181,162,312
3479,167,159,376
3465,182,134,293
3479,183,157,301
3480,172,160,296
3483,179,148,303
3475,182,145,312
3466,181,156,284
3515,177,148,300
3485,158,160,379
3477,177,171,303
3496,174,138,301
3483,170,164,286
3494,172,165,314
3449,170,235,295
3495,147,169,285
3478,150,161,278
3488,173,161,274
3473,113,162,297
3472,161,158,328
3466,168,55,328
3471,168,174,324
3471,159,175,320
3498,165,174,313
3502,165,174,304
3479,162,173,305
3486,164,161,299
3475,136,167,272
3485,227,168,294
3483,152,168,292
3494,153,179,288
3480,155,164,284
3484,162,162,277
3486,164,163,274
3484,164,167,285
3490,157,168,277
3477,157,154,256
3609,150,164,262
3481,175,150,259
3475,161,188,267
3542,159,167,271
3468,164,161,264
3471,160,159,253
3485,132,165,256
3476,125,162,269
3481,148,161,275
3482,164,143,272
3484,139,171,274
3473,169,155,280
3468,150,163,280
3475,156,162,282
3474,158,165,281
3475,156,153,292
3466,165,156,268
3479,144,172,284
3469,159,161,257
3468,180,160,323
3479,163,164,333
3481,153,179,324
3483,137,161,319
3494,155,154,324
3479,154,169,315
3482,152,164,313
3483,160,156,320
3499,151,93,307
3465,164,169,264
3503,136,168,315
3479,150,168,320
3475,150,242,314
3506,146,161,306
3485,158,151,327
3482,137,165,362
3471,206,142,341
3449,133,178,285
3477,150,164,330
3457,151,163,314
3479,150,174,343
3477,145,165,358
3483,205,162,359
3467,146,160,355
3485,140,162,377
3478,177,153,397
3476,128,162,409
3473,152,160,409
3470,150,159,394
3472,143,160,402
3486,144,179,387
3460,154,161,309
3474,154,150,464
3476,148,132,404
3478,137,157,412
3491,141,189,427
3477,93,156,408
3473,125,172,391
3477,189,156,394
3500,124,152,385
3504,140,264,382
3461,129,174,380
3503,141,80,407
3480,141,158,417
3485,135,173,417
3494,140,153,423
3476,140,152,415
3504,137,163,425
3467,141,157,399
3495,143,149,429
3477,204,156,414
3476,147,167,407
3478,123,205,405
3478,141,157,387
3495,137,155,389
3478,141,152,373
3486,140,155,373
3501,122,162,390
3484,143,155,383
3483,136,64,370
3480,142,155,419
3489,137,153,412
3490,139,162,421
3477,125,160,404
3479,223,177,404
3475,150,161,392
3494,140,279,408
3392,143,163,403
3478,118,172,408
3490,121,189,405
3513,144,170,400
3488,146,169,476
3485,170,164,387
3491,97,152,373
3495,142,170,380
3480,141,150,375
3500,133,250,396
3489,139,149,379
3509,121,169,375
3485,139,154,377
3483,137,164,367
3484,137,164,360
3468,149,158,353
3470,144,166,326
3477,138,156,343
3472,142,166,383
3478,140,147,388
3506,132,179,407
3476,138,183,361
3492,138,157,368
3480,126,187,368
3481,138,150,368
3479,137,166,405
3485,133,159,387
3484,137,210,410
3443,136,161,397
3498,155,160,409
3510,128,166,425
3501,139,256,393
3487,122,140,385
3487,155,159,384
3480,135,161,390
3491,193,142,391
3475,135,163,378
3485,128,171,396
3484,138,160,372
3479,132,162,376
3485,158,134,363
3478,132,188,348
3490,132,162,334
3483,107,141,358
3485,134,155,352
3486,117,174,362
3507,112,156,354
3487,130,165,350
3483,128,154,350
3488,126,148,337
3490,71,171,339
3474,128,164,321
3481,128,182,323
3473,129,167,326
3460,132,165,337
3472,118,190,331
3477,128,210,325
3512,130,189,334
3363,129,187,339
3497,118,186,324
3455,128,184,302
3501,126,66,300
3492,141,176,298
3487,130,192,312
3486,128,186,292
3491,133,190,298
3491,149,184,300
3478,128,186,299
3492,133,182,296
3473,129,182,269
3467,132,185,286
3474,130,194,332
3476,109,192,333
3501,128,42,321
3481,113,191,320
3475,132,177,322
3484,129,190,306
3466,141,190,294
3513,126,189,323
3488,131,192,310
3489,69,204,316
3484,128,196,305
3452,134,195,315
3484,129,194,307
3484,128,191,323
3495,130,199,325
3479,123,242,308
3516,121,199,321
3490,130,212,312
3488,122,209,313
3510,137,179,309
3495,136,194,300
3481,114,203,299
3481,139,199,282
3483,138,194,332
3481,138,184,325
3482,135,193,334
3487,112,186,338
3460,139,180,312
3516,138,176,332
3488,135,177,310
3492,153,179,400
3488,139,186,318
3483,142,170,326
3499,139,181,327
3482,138,181,314
3489,115,185,363
3490,138,180,360
3463,137,18,349
3491,152,164,346
3480,144,182,329
3486,139,177,323
3487,211,176,329
3439,147,162,330
3473,137,164,330
3453,153,163,379
3477,135,187,378
3465,160,183,329
3485,137,182,400
3496,130,185,395
3477,140,298,370
3491,143,175,376
3381,156,167,368
3492,131,194,371
3487,160,181,371
3458,138,179,388
3478,122,145,359
3482,142,178,354
3493,138,178,341
3479,142,155,362
3515,134,180,342
3464,139,180,339
3483,166,172,317
3493,138,174,366
3490,137,172,363
3475,140,176,364
3478,146,173,368
3486,134,176,376
3509,159,159,378
3483,136,161,356
3482,136,161,357
3493,156,169,381
3474,133,173,425
3482,136,174,422
3484,152,176,366
3477,115,171,439
3488,134,172,427
3472,128,191,408
3504,142,164,414
3561,150,175,495
3491,120,185,398
3483,132,184,393
3483,147,182,390
3477,150,171,382
3469,108,177,435
3509,129,180,452
3483,132,175,355
3484,130,182,365
3488,134,177,364
3483,135,193,434
3478,139,186,440
3475,136,176,426
3477,138,176,434
3481,133,175,436
3479,129,171,431
3470,133,173,454
3487,141,173,479
3488,137,171,465
3491,130,161,467
3483,130,190,476
3481,124,166,482
3484,129,168,489
3464,144,166,459
3490,154,172,462
3467,134,192,472
3475,141,91,462
3467,134,167,445
3509,147,165,496
3484,157,165,434
3481,145,179,435
3476,145,157,423
3479,128,165,408
3493,141,179,410
3488,153,160,386
3472,149,163,303
3490,144,160,384
3488,142,190,379
3479,130,176,370
3480,139,156,350
3485,121,153,368
3482,152,162,346
3483,140,171,351
3488,152,151,346
3478,142,157,364
3491,143,169,348
3479,161,153,354
3476,136,135,344
3461,136,237,339
3487,144,168,310
3495,128,236,347
3485,136,152,324
3505,111,170,308
3489,138,162,310
3473,190,182,308
3479,111,144,300
3488,140,111,304
3502,140,152,303
3519,143,154,310
3470,140,164,291
3485,145,150,294
3442,154,160,293
3480,142,153,303
3483,148,156,331
3483,143,162,328
3479,141,164,328
3462,150,161,293
3478,141,166,321
3450,148,152,317
3501,110,179,299
3481,138,160,306
3470,133,171,306
3518,136,166,322
3527,126,181,305
3511,132,147,298
3492,135,145,284
3480,137,172,299
3487,124,172,284
3481,131,182,268
3476,126,177,286
3471,137,144,286
3481,109,177,276
3495,156,172,279
3488,123,173,269
3484,139,198,246
3485,132,170,264
3492,122,187,253
3483,145,173,252
3491,31,178,250
3506,133,176,249
3492,166,176,247
3544,117,189,254
3509,133,286,248
3519,136,154,244
3491,136,179,248
3491,131,176,248
3487,128,190,271
3485,131,148,260
3485,134,177,248
3487,136,177,256
3482,135,170,252
3480,125,177,252
3494,145,172,245
3487,136,172,252
3450,134,174,241
3486,136,183,245
3491,130,184,269
3488,0,186,251
3483,133,188,263
3468,129,129,239
3467,120,203,247
3464,110,185,216
3485,131,200,248
3484,130,184,252
3521,129,162,256
3485,132,208,256
3492,128,161,291
3481,128,177,274
3478,130,178,304
3479,275,179,288
3505,135,167,286
3491,34,191,279
3489,136,190,270
3492,137,174,272
3490,155,177,249
3479,135,183,279
3474,152,177,266
3484,130,174,219
3483,149,165,267
3487,148,169,256
3504,130,174,263
3483,144,162,249
3558,138,170,249
3484,144,168,272
3487,145,180,283
3487,114,155,289
3487,141,166,283
3583,126,166,290
3485,140,164,273
3475,131,167,264
3509,125,167,282
3498,153,162,272
3496,104,176,280
3499,141,167,274
3471,136,162,274
3476,135,163,261
3480,145,168,275
3475,135,201,273
3487,141,170,277
3458,126,162,267
3486,131,164,260
3467,149,163,249
3479,144,161,256
3470,143,165,266
3467,125,168,261
3482,118,170,289
3458,148,175,279
3504,136,146,272
3477,156,179,278
3492,252,181,283
3493,155,183,286
3488,150,179,422
3491,157,182,279
3488,163,186,262
3509,152,189,267
3490,140,178,272
3491,153,149,263
3506,167,175,259
3489,184,169,320
3500,154,174,349
3566,155,175,334
3489,172,164,354
3477,153,137,339
3460,147,173,327
3488,136,173,349
3495,152,165,362
3491,148,179,354
3503,173,172,356
3491,152,188,357
3494,137,178,375
3465,150,185,363
3489,147,173,348
3491,148,177,350
3484,147,174,336
3480,96,156,341
3482,151,168,326
3487,148,174,335
3489,146,172,312
3479,136,187,306
3478,144,74,307
3489,160,168,300
3491,123,170,316
3500,145,132,272
3497,134,167,288
3495,158,160,284
3355,143,165,306
3503,141,165,316
3503,136,166,324
3478,122,178,336
3488,149,179,338
3479,139,182,337
3489,144,181,353
3488,146,183,335
3491,144,179,324
3463,152,168,320
3485,110,179,332
3479,125,176,320
3484,144,171,282
3502,142,94,320
3511,142,24,295
3491,140,170,294
3498,138,177,288
3491,143,188,282
3527,136,164,285
3473,130,168,278
3487,145,191,268
3471,223,187,282
3456,144,173,262
3497,145,169,268
3465,141,172,260
3487,121,191,258
3500,128,170,292
3479,117,169,299
3485,157,153,308
3480,143,170,292
3509,165,181,308
3482,145,171,298
3496,128,193,282
3499,152,163,285
3481,131,180,280
3508,134,293,286
3499,139,185,273
3485,140,185,275
3489,140,169,272
3474,141,185,266
3487,140,178,165
3488,138,180,279
3497,133,171,262
3481,141,179,259
3482,138,177,260
3481,138,168,257
3479,144,188,250
3487,136,180,234
3488,138,181,236
3484,208,182,235
3496,135,176,250
3495,150,168,185
3504,151,172,278
3502,141,173,279
3495,224,170,287
3481,172,159,304
3500,137,169,299
3499,119,150,290
3493,148,170,276
3483,116,237,287
3483,138,177,286
3496,128,177,321
3478,154,150,334
3486,141,175,322
3473,140,151,313
3488,141,122,294
3492,139,172,306
3491,132,175,324
3487,104,185,307
3499,129,173,300
3495,64,169,299
3493,133,168,307
3432,152,159,288
3507,134,168,290
3486,126,165,289
3475,152,168,259
3500,136,171,285
3492,144,176,276
3490,136,176,281
3374,138,179,286
3455,139,186,269
3494,139,178,260
3481,137,185,258
3489,136,183,250
3497,136,165,264
3494,160,154,245
3517,125,175,329
3478,140,158,246
3476,133,178,252
3504,138,141,247
3491,137,173,232
3457,137,176,210
3478,148,197,227
3488,134,188,231
3474,123,172,294
3484,139,171,228
3487,135,147,247
3482,223,174,243
3494,125,182,240
3495,132,160,240
3491,109,196,246
3493,152,188,224
3485,159,155,250
3492,128,162,251
3483,140,176,237
3527,130,190,222
3500,158,176,237
3485,131,185,218
3490,137,192,224
3479,158,188,227
3478,153,177,238
3490,134,186,214
3478,117,177,190
3470,135,187,211
3475,134,180,208
3481,145,196,208
3434,114,192,154
3450,148,183,209
3453,133,182,220
3484,149,197,217
3482,115,184,327
3502,134,115,232
3497,142,185,211
3491,135,188,236
3491,139,195,242
3509,111,223,250
3490,145,199,248
3487,111,219,246
3489,138,130,235
3481,146,201,238
3518,138,199,239
3487,212,199,241
3491,117,189,260
3487,158,196,237
3476,148,190,233
3458,139,196,237
3478,138,189,231
3494,117,192,221
3638,136,191,221
3571,125,185,92
3491,135,160,234
3500,136,183,234
3496,113,181,232
3488,138,192,217
3483,108,183,240
3492,134,185,240
3490,119,190,237
3481,137,180,225
3484,128,179,230
3499,147,156,293
3478,164,170,282
3512,137,180,279
3521,131,160,264
3492,138,178,270
3464,135,181,282
3489,136,177,265
3488,134,162,273
3480,133,175,273
3489,117,174,263
3480,130,122,265
3487,128,176,282
3514,133,171,268
3489,128,134,256
3480,107,167,167
3435,131,171,244
3481,120,170,250
3478,137,169,314
3483,136,169,246
3483,131,168,254
3474,137,169,241
3511,154,154,256
3495,130,168,233
3496,129,165,237
3498,154,152,226
3490,126,185,224
3491,123,172,220
3493,126,176,230
3489,106,177,232
3478,133,190,225
3462,122,185,208
3498,96,184,217
3514,121,182,236
3489,130,180,214
3477,102,181,218
3482,130,197,208
3470,133,177,193
3482,135,172,202
3475,116,195,196
3478,119,187,208
3492,68,158,201
3476,130,202,202
3503,124,164,207
3491,118,171,223
3492,128,166,218
3477,130,180,218
3482,130,177,217
3498,116,184,206
3486,113,195,218
3485,131,181,222
3485,126,172,270
3489,121,183,268
3484,143,152,269
3483,129,170,258
3501,126,145,264
3466,137,172,256
3480,104,192,259
3467,104,182,268
3491,146,182,264
3509,130,177,268
3492,124,184,248
3485,120,204,268
3490,126,198,268
3492,128,212,250
3463,126,189,275
3489,130,209,262
3499,94,219,256
3494,46,195,250
3498,121,193,229
3494,102,197,267
3491,136,192,270
3491,100,190,280
3478,126,188,282
3478,95,206,265
3483,130,189,280
3479,132,187,303
3485,110,179,323
3495,123,181,330
3492,124,224,318
3486,124,174,310
3485,125,207,321
3472,120,347,320
3491,80,163,327
3460,133,185,231
3464,123,178,315
3572,114,166,268
3480,125,176,308
3460,128,177,297
3472,125,136,303
3485,113,179,303
3487,147,157,298
3482,126,173,294
3505,100,172,300
3485,121,162,291
3507,111,164,336
3479,138,153,317
3486,118,175,309
3504,100,180,316
3469,120,310,314
3491,201,192,298
3492,122,169,290
3482,123,170,309
3486,122,155,324
3483,141,173,320
3466,117,183,329
3474,136,161,372
3479,124,167,425
3462,135,176,408
3482,155,180,406
3482,136,174,408
3475,136,175,403
3489,137,173,402
3491,142,175,410
3492,137,176,417
3444,136,176,430
3488,136,164,430
3492,138,162,421
3483,120,177,424
3480,139,156,419
3486,128,173,564
3485,137,175,412
3476,147,173,413
3492,126,159,445
3488,137,172,395
3470,141,174,416
3493,140,163,400
3495,158,169,460
3480,138,192,404
3454,157,201,410
3481,135,208,404
3492,306,201,406
3501,137,208,400
3505,124,207,443
3490,132,219,384
3486,128,220,430
3495,143,223,350
3488,133,213,433
3502,133,221,421
3499,133,77,412
3494,139,136,410
3477,218,217,422
3480,149,231,423
3479,147,213,418
3485,139,210,408
3434,123,208,299
3465,144,266,394
3501,137,214,391
3503,76,206,386
3607,145,207,362
3487,150,206,378
3489,156,207,367
3487,132,217,355
3479,166,208,354
3479,140,214,359
3511,139,222,359
3477,150,215,358
3474,146,201,361
3479,147,212,347
3480,145,211,320
3479,143,200,340
3478,142,218,340
3481,132,198,337
3480,143,192,326
3477,153,214,328
3468,141,194,305
3478,160,193,316
3484,150,190,311
3483,128,190,307
3486,140,171,302
3484,194,190,297
3490,195,173,290
3478,143,187,295
3475,142,194,292
3490,144,180,292
3567,143,184,275
3480,144,206,284
3474,149,180,283
3486,123,194,261
3477,133,190,277
3458,143,183,270
3470,167,192,258
3476,169,173,273
3437,149,186,277
3463,126,174,148
3490,147,190,300
3541,150,200,294
3487,147,203,289
3476,119,212,305
3477,158,200,296
3494,150,200,290
3502,141,200,389
3477,147,200,314
3475,99,202,304
3506,144,181,324
3474,142,212,298
3481,137,197,317
3478,143,196,293
3504,143,83,282
3479,143,164,273
3484,122,205,274
3491,140,191,275
3475,142,180,272
3496,136,195,261
3487,140,183,264
3504,103,200,258
3513,134,168,253
3513,177,179,263
3461,133,170,245
3481,131,157,239
3553,141,187,254
3509,137,180,278
3471,136,183,303
3478,138,195,309
3477,138,182,309
3483,131,182,313
3489,138,156,324
3456,140,182,311
3479,239,190,321
3469,149,174,292
3329,136,175,330
3515,132,187,319
3477,123,200,318
3501,116,173,318
3475,147,172,295
3494,136,164,286
3497,136,175,301
3452,133,170,288
3499,139,165,297
3479,41,172,289
3480,136,170,288
3478,140,172,278
3477,136,178,290
3484,129,169,306
3461,149,181,285
3507,123,170,311
3499,133,183,280
3490,133,197,286
3491,84,183,317
3492,133,201,307
3555,132,184,315
3615,130,180,296
3481,110,182,315
3512,129,180,312
3490,132,187,303
3507,131,177,296
3480,36,169,298
3479,125,189,336
3482,156,178,331
3481,129,176,342
3503,127,177,326
3481,134,183,328
3482,133,177,324
3480,141,173,310
3482,128,155,332
3492,129,175,332
3489,114,170,325
3489,131,189,320
3485,107,176,320
3479,123,177,313
3477,131,193,312
3477,128,175,304
3488,125,172,303
3479,129,166,303
3475,129,173,308
3479,109,167,299
3470,130,174,312
3473,129,186,305
3464,128,188,296
3494,132,308,307
3484,131,179,299
3548,130,187,290
3504,128,56,290
3510,149,189,308
3491,158,191,371
3487,144,180,440
3468,144,187,354
3489,138,194,369
3436,137,190,369
3455,138,183,369
3483,146,188,368
3474,125,183,361
3476,140,166,362
3483,119,196,345
3479,156,183,361
3500,169,190,374
3479,244,179,340
3485,169,157,342
3480,165,181,335
3489,166,169,303
3477,147,180,346
3501,153,166,380
3463,178,159,333
3423,146,167,284
3482,188,178,322
3465,150,208,296
3484,162,184,330
3505,135,179,325
3481,160,172,329
3478,156,183,386
3473,187,160,377
3479,167,148,369
3516,154,154,359
3481,156,169,381
3482,175,171,337
3483,152,142,360
3484,149,164,367
3501,152,135,346
3512,152,166,334
3493,154,171,342
3479,149,168,336
3483,149,156,327
3466,148,167,310
3493,140,165,321
3461,171,166,320
3469,149,166,312
3493,154,168,311
3480,147,164,312
3479,150,174,316
3480,148,157,306
3469,128,148,314
3482,156,158,301
3480,144,177,288
3501,143,164,313
3484,142,157,285
3488,134,250,306
3460,140,161,293
3493,136,174,327
3496,141,161,298
3479,146,166,296
3503,146,146,300
3482,151,152,281
3478,154,155,289
3490,151,160,290
3472,149,164,295
3479,35,174,306
3475,154,160,297
3465,127,168,288
3499,147,163,285
3476,144,163,293
3485,91,161,288
3476,147,153,290
3507,137,163,300
3485,147,152,281
3495,170,161,273
3505,130,188,278
3483,147,169,272
3497,160,163,268
3465,153,168,262
3449,154,171,299
3482,144,160,300
3485,144,159,298
3471,149,189,300
3480,148,173,303
3495,144,164,298
3478,135,165,295
3477,131,171,273
3479,149,148,283
3481,159,141,292
3474,157,160,291
3486,140,160,273
3486,49,171,276
3481,150,151,279
3482,143,181,244
3508,138,153,297
3486,172,166,260
3488,150,160,256
3488,62,164,240
3474,153,160,251
3480,152,158,240
3502,144,162,268
3474,136,160,245
3475,150,156,246
3472,95,174,247
3487,130,157,239
3461,141,156,246
3462,147,156,252
3486,146,132,260
3539,148,163,256
3478,140,156,273
3478,145,170,256
3518,143,175,310
3474,140,279,301
3431,141,175,286
3480,138,187,308
3458,141,174,291
3479,142,181,296
3463,155,160,300
3470,159,121,302
3475,138,168,279
3502,145,172,298
3494,136,172,299
3454,136,181,278
3477,140,170,294
3481,171,148,265
3474,138,176,273
3482,145,175,280
3480,143,178,302
3487,136,185,333
3487,149,156,316
3482,123,176,322
3479,164,171,320
3472,142,177,325
3475,140,156,340
3474,167,175,322
3484,141,172,332
3461,137,169,338
3455,139,188,317
3481,141,173,330
3624,136,171,284
3485,139,169,302
3502,139,292,307
3477,134,174,296
3479,256,166,300
3469,135,184,290
3483,149,180,294
3477,309,185,288
3471,158,183,289
3454,148,207,292
3446,149,205,272
3501,150,192,304
3484,155,198,272
3487,158,203,285
3518,154,213,279
3496,177,202,277
3450,161,196,252
3474,168,195,270
3468,156,261,277
3479,160,175,263
3466,160,193,251
3487,157,189,256
3474,169,190,251
3511,155,181,250
3494,153,158,247
3473,154,186,236
3497,132,186,241
3479,154,188,240
3513,156,178,256
3479,176,185,232
3490,180,183,221
3477,141,182,303
3474,148,182,228
3458,144,181,225
3460,161,177,211
3483,149,176,222
3463,144,198,198
3472,152,194,212
3487,164,176,209
3483,148,182,192
3505,136,180,212
3485,172,172,202
3481,148,190,197
3485,144,218,194
3482,153,181,207
3480,144,178,194
3483,145,180,192
3483,112,191,196
3479,146,178,191
3473,154,179,237
3495,140,170,238
3473,135,172,240
3474,149,174,246
3463,131,184,242
3474,145,173,275
3474,319,173,242
3499,125,170,248
3497,151,170,242
3469,154,350,252
3482,131,179,249
3482,166,180,231
3485,153,177,244
3495,149,183,235
3477,132,196,235
3472,145,178,231
3475,153,186,230
3362,156,178,256
3460,155,182,280
3475,154,179,274
3554,153,180,269
3482,137,192,271
3457,149,178,278
3485,148,168,268
3478,164,172,276
3489,144,174,294
3489,149,172,325
3497,147,173,332
3486,165,168,320
3488,148,168,320
3481,140,170,318
3471,163,164,337
3487,149,162,314
3499,146,159,312
3482,141,170,302
3481,149,178,308
3475,150,172,311
3473,146,156,299
3485,148,163,306
3482,144,177,296
3481,147,149,307
3480,125,167,292
3494,148,162,273
3468,155,247,290
3479,140,171,283
3463,158,190,279
3460,168,172,260
3467,176,175,266
3479,166,181,258
3481,165,189,259
3488,65,168,259
3478,162,181,286
3473,163,183,312
3498,169,292,332
3479,162,221,335
3475,163,178,327
3475,162,181,315
3470,163,164,320
3487,145,170,320
3487,144,176,309
3487,158,173,315
3485,158,206,319
3479,173,184,284
3485,155,178,308
3481,143,186,300
3350,159,188,296
3476,178,181,297
3474,155,160,304
3496,128,188,294
3328,152,183,316
3469,150,181,304
3483,179,175,298
3470,149,176,295
3476,148,166,299
3495,152,172,302
3487,153,149,313
3503,142,175,318
3482,150,167,313
3488,167,177,314
3479,165,177,324
3481,153,170,340
3458,160,178,331
3480,144,192,327
3488,154,169,265
3485,149,173,321
3482,143,168,337
3473,141,167,332
3477,142,174,324
3471,154,128,328
3475,151,171,301
3465,224,174,312
3496,151,183,304
3483,166,176,305
3482,119,169,297
3487,151,167,296
3466,142,168,288
3504,144,290,287
3480,144,170,297
3488,125,166,284
3486,132,172,280
3453,141,160,283
3482,144,169,291
3445,124,157,269
3489,139,166,277
3481,119,166,269
3482,102,165,269
3482,140,163,263
3477,153,162,258
3485,140,147,253
3483,149,161,251
3476,140,163,246
3476,143,154,261
3450,138,234,261
3474,141,161,265
3476,156,155,277
3482,146,161,308
3489,160,163,278
3456,165,166,295
3485,157,171,296
3489,165,174,200
3475,142,163,291
3485,154,151,289
3469,142,176,277
3483,161,166,282
3490,141,174,276
3478,143,168,283
3489,153,162,315
3484,113,180,267
3477,140,141,256
3484,146,168,253
3487,140,163,225
3493,150,146,252
3505,131,173,256
3473,157,167,172
3480,130,166,241
3470,140,167,251
3538,140,165,273
3447,146,168,167
3483,133,182,235
3476,140,165,244
3483,134,152,256
3481,141,166,246
3482,120,265,265
3488,81,160,247
3479,134,165,256
3483,131,160,256
3487,128,164,245
3485,135,178,244
3485,139,157,264
3486,135,154,245
3461,131,160,243
3495,132,152,249
3484,149,147,246
3473,144,179,246
3473,137,170,246
3479,136,153,244
3561,132,162,245
3472,134,190,256
3445,131,183,262
3472,131,185,267
3478,132,184,264
3474,130,196,267
3479,132,181,264
3466,112,188,263
3485,142,192,267
3485,138,194,280
3490,132,190,289
3482,134,201,278
3485,132,211,290
3511,136,191,280
3485,132,206,264
3487,150,213,266
3486,132,225,264
3490,136,188,272
3482,133,225,253
3472,134,208,251
3494,131,130,256
3484,178,207,251
3463,131,205,251
3482,133,208,241
3484,124,203,240
3488,128,195,238
3486,136,192,237
3477,107,174,231
3477,129,197,245
3463,128,199,226
3485,129,185,243
3496,130,196,250
3430,131,196,263
3492,132,184,244
3486,128,195,249
3484,16,194,247
3462,134,196,244
3477,133,197,249
3463,137,197,164
3483,27,195,250
3482,129,164,249
3487,121,174,250
3487,124,189,250
3494,144,182,230
3483,250,188,242
3489,128,181,243
3482,125,187,245
3479,142,184,248
3481,134,194,175
3480,132,186,232
3481,135,198,232
3466,144,186,226
3476,118,184,214
3470,156,172,212
3501,128,175,219
3472,157,179,224
3479,133,190,219
3481,133,172,196
3484,128,188,231
3493,121,186,274
3534,122,182,280
3482,118,185,258
3482,157,178,268
3475,142,177,266
3472,140,192,260
3483,148,188,264
3488,140,187,258
3484,147,164,256
3489,138,188,253
3485,136,200,249
3462,118,180,242
3483,136,194,244
3479,140,175,324
3477,138,188,234
3476,84,165,247
3476,138,208,224
3493,134,177,228
3467,131,188,207
3474,135,197,228
3488,131,176,220
3477,129,203,225
3480,132,193,217
3480,116,176,220
3471,146,198,220
3480,131,168,212
3484,133,186,210
3481,135,167,207
3474,135,190,216
3474,135,179,220
3452,145,173,253
3469,133,208,251
3470,132,205,272
3471,130,197,290
3475,134,228,291
3476,131,230,292
3474,132,224,292
3489,134,291,300
3477,135,219,343
3472,142,225,342
3477,141,204,352
3472,152,228,336
3480,147,214,342
3489,139,212,338
3517,138,205,334
3487,142,218,332
3483,140,214,330
3482,138,186,378
3482,141,222,398
3495,136,194,411
3468,151,216,403
3479,180,202,412
3484,150,201,409
3452,135,211,413
3487,220,205,410
3485,128,210,406
3490,134,211,448
3470,152,216,442
3485,134,215,439
3486,162,216,431
3464,145,134,424
3467,137,214,449
3470,138,201,437
3460,119,208,433
3475,163,206,425
3471,135,208,434
3468,146,221,446
3460,134,347,423
3472,129,226,426
3478,133,205,417
3460,138,221,390
3476,123,237,408
3484,137,219,411
3482,131,205,412
3481,144,206,476
3482,135,224,384
3472,109,220,380
3507,148,225,374
3483,125,226,374
3497,126,223,365
3477,136,222,362
3483,119,216,445
3457,160,218,356
3478,129,218,373
3477,130,219,349
3473,135,220,355
3467,109,218,349
3464,135,215,345
3482,128,182,336
3491,128,204,341
3486,111,208,338
3463,140,214,236
3477,117,212,328
3489,187,192,331
3481,128,210,317
3492,141,211,362
3501,137,204,374
3490,138,208,308
3457,130,199,320
3464,140,159,315
3480,142,107,330
3478,146,210,304
3496,138,202,310
3467,156,183,304
3480,117,226,309
3477,145,183,323
3469,123,200,299
3478,145,199,305
3480,156,207,276
3481,140,211,292
3482,146,176,304
3484,145,204,284
3481,134,181,288
3450,139,209,277
3476,133,204,268
3482,118,197,266
3478,144,194,263
3473,128,189,267
3469,145,192,278
3471,131,192,253
3473,160,192,181
3649,142,186,246
3481,129,191,306
3471,125,190,247
3477,115,206,250
3466,109,188,246
3486,101,189,244
3495,138,313,244
3483,139,189,247
3484,128,200,236
3477,141,188,232
3471,118,208,208
3481,145,186,235
3490,157,186,223
3477,123,179,239
3484,142,182,227
3470,142,186,225
3473,143,182,216
3469,142,176,214
3494,129,183,223
3493,131,178,225
3466,131,197,225
3380,138,182,221
3493,163,180,224
3483,145,155,231
3483,142,189,273
3490,136,178,270
3471,150,190,289
3462,131,165,268
3472,141,180,295
3470,149,189,287
3477,139,188,314
3468,137,187,294
3457,136,34,335
3475,167,192,351
3490,110,203,355
3472,141,184,350
3472,149,192,340
3482,262,196,350
3484,137,192,338
3486,117,190,484
3501,135,192,344
3483,128,229,331
3483,138,198,326
3487,133,204,308
3480,106,223,294
3497,132,189,321
3489,128,216,304
3480,126,203,305
3472,133,200,302
3439,161,200,340
3470,149,176,344
3456,146,238,349
3497,159,197,356
3473,158,197,350
3480,158,206,347
3475,169,193,338
3389,138,190,214
3500,162,160,336
3469,155,189,323
3486,160,178,336
3484,134,185,342
3562,159,178,324
3477,155,180,321
3473,149,181,322
3480,164,187,328
3461,128,173,300
3512,160,162,302
3468,178,165,309
3480,160,182,293
3470,148,186,282
3473,157,183,293
3473,157,191,295
3462,170,162,301
3474,155,185,290
3477,170,165,304
3475,153,181,303
3472,150,182,306
3472,165,166,327
3461,153,205,341
3478,149,178,320
3477,144,224,316
3468,152,172,316
3475,154,191,312
3477,147,188,316
3458,146,217,324
3480,96,190,334
3479,151,201,338
3468,150,190,307
3478,152,191,334
3483,153,170,323
3469,150,191,320
3499,133,184,321
3463,150,184,304
3479,153,185,333
3478,313,182,308
3479,151,201,312
3459,147,173,344
3476,161,193,313
3476,126,191,304
3477,148,176,303
3476,157,177,310
3484,215,176,299
3474,159,177,293
3431,141,195,251
3481,160,169,274
3470,131,164,308
3478,156,156,291
3479,140,209,286
3476,64,178,281
3474,156,174,273
3483,172,180,274
3485,152,184,269
3469,151,175,282
3325,150,184,256
3476,150,185,268
3529,137,200,264
3479,144,184,274
3481,174,170,253
3483,148,168,250
3486,149,81,258
3480,149,173,244
3467,148,180,252
3466,148,226,226
3468,148,183,246
3477,141,184,253
3479,146,177,259
3471,144,73,283
3478,265,183,261
3470,151,181,265
3467,136,180,306
3475,148,181,304
3469,153,174,274
3472,143,176,269
3482,156,176,294
3484,147,176,437
3496,157,231,303
3486,163,178,256
3470,163,173,286
3475,160,185,291
3475,155,166,281
3475,161,174,276
3487,172,150,295
3476,166,171,278
3475,155,171,262
3498,153,169,261
3485,178,160,342
3485,167,137,265
3468,158,170,272
3476,154,176,248
3482,155,171,251
3481,160,166,264
3505,135,162,271
3490,151,140,276
3474,134,189,270
3485,135,162,277
3484,154,80,320
3472,158,163,309
3538,148,143,291
3489,138,162,313
3476,153,153,310
3469,162,160,304
3468,153,100,302
3484,146,154,298
3536,150,160,311
3490,152,58,307
3458,148,162,304
3483,147,159,303
3487,161,137,302
3478,142,158,300
3474,151,158,286
3466,152,157,290
3482,146,161,276
3477,158,158,285
3464,151,159,320
3492,150,274,322
3492,156,158,320
3481,140,144,314
3477,146,163,304
3486,117,169,320
3458,145,161,325
3489,142,165,319
3502,145,103,320
3340,142,160,322
3486,132,160,302
3483,130,160,328
3470,130,177,293
3486,140,159,298
3451,142,157,268
3450,142,158,281
3491,141,159,286
3478,142,149,275
3469,142,145,282
3477,132,157,247
3476,141,157,272
3484,138,158,264
3490,141,148,245
3499,126,153,257
3452,135,155,247
3477,142,152,275
3464,149,152,277
3474,128,143,340
3475,143,149,318
3491,171,148,322
3490,128,202,314
3482,149,159,309
3493,147,152,302
3469,172,152,304
3460,139,145,317
3470,146,150,343
3472,144,158,349
3471,221,136,337
3465,147,156,349
3478,117,157,349
3549,143,149,359
3498,142,150,359
3531,145,151,351
3481,140,147,305
3475,141,234,310
3479,158,149,318
3475,119,148,324
3471,144,149,314
3507,141,144,334
3459,140,227,308
3474,142,134,302
3470,139,164,326
3474,137,138,329
3459,142,152,300
3472,149,154,342
3475,137,236,341
3497,117,162,335
3491,51,139,331
3464,139,147,316
3481,135,148,350
3385,155,140,331
3478,136,150,414
3485,153,141,482
3479,124,148,418
3477,128,137,384
3481,200,142,378
3484,178,148,375
3475,151,146,390
3406,150,152,364
3489,124,155,370
3446,128,157,367
3468,143,153,361
3445,160,135,365
3467,142,181,369
3469,163,189,378
3451,163,281,372
3468,172,200,373
3475,310,199,364
3476,182,195,358
3472,186,225,374
3461,175,242,360
3481,182,210,369
3468,170,216,356
3467,174,287,352
3395,182,194,341
3463,177,214,334
3454,156,208,343
3461,192,214,341
3475,177,205,342
3481,179,211,338
3479,43,217,332
3471,150,202,374
3482,171,204,300
3506,162,206,330
3485,197,205,312
3483,141,201,309
3481,121,198,326
3482,165,196,303
3477,166,181,290
3477,165,211,289
3478,164,210,277
3482,161,202,278
3484,163,219,263
3454,157,199,257
3470,168,199,288
3469,163,201,303
3477,161,195,294
3455,161,200,294
3464,160,211,308
3468,153,212,315
3467,158,202,320
3477,159,208,300
3490,146,210,310
3494,156,207,311
3480,161,236,303
3482,240,222,308
3483,159,215,301
3481,157,233,300
3502,157,73,292
3470,129,222,294
3484,159,218,286
3472,169,219,282
3475,146,214,342
3467,159,208,265
3478,155,204,210
3499,129,224,256
3479,152,208,260
3474,159,193,273
3466,154,196,252
3479,151,224,268
3481,164,205,269
3467,257,212,253
3472,160,170,273
3465,160,200,225
3479,155,202,268
3484,156,205,268
3482,157,171,277
3474,171,197,251
3486,152,203,264
3473,130,186,315
3469,160,198,340
3464,240,183,340
3473,151,175,354
3475,142,206,344
3475,149,195,346
3461,157,204,262
3485,147,216,353
3508,150,200,354
3449,145,214,345
3483,152,208,361
3477,151,203,343
3481,50,198,330
3479,155,197,325
3489,153,202,320
3469,138,203,312
3475,168,195,222
3474,162,184,304
3472,167,188,335
3460,142,263,312
3472,153,168,317
3468,169,190,297
3474,120,192,304
3475,169,191,305
3478,148,190,297
3482,133,208,293
3488,139,188,292
3478,147,181,302
3492,152,158,328
3483,123,185,325
3477,139,160,323
3468,142,187,316
3476,149,185,344
3475,155,174,318
3475,141,180,302
3477,144,178,333
3474,143,199,315
3476,140,181,302
3470,148,178,298
3504,136,162,178
3489,140,169,288
3463,129,175,285
3486,136,177,290
3334,138,172,252
3479,140,174,269
3495,141,49,266
3481,148,177,264
3480,145,175,262
3483,142,178,254
3473,151,182,248
3473,150,181,230
3465,146,182,248
3505,103,180,250
3480,149,179,256
3474,39,157,261
3466,161,173,237
3469,172,173,260
3475,153,178,258
3473,150,177,260
3493,155,152,256
3483,148,175,249
3480,155,153,264
3482,160,172,237
3481,167,213,307
3481,165,203,307
3472,156,184,292
3477,160,186,272
3491,162,187,301
3492,159,195,302
3494,145,188,309
3470,166,212,296
3505,208,165,313
3473,173,184,291
3454,165,164,283
3471,154,186,348
3475,161,182,293
3471,176,183,293
3460,155,181,290
3501,144,263,304
3486,155,166,285
3486,122,194,282
3476,159,154,274
3485,157,180,272
3483,158,176,271
3473,153,148,252
3483,158,176,265
3471,169,120,260
3473,158,182,240
3494,170,141,259
3465,153,174,253
3460,153,220,269
3477,169,161,252
3466,149,173,254
3494,87,167,256
3473,150,170,288
3511,143,158,302
3480,150,168,308
3474,167,184,292
3486,148,155,311
3465,146,55,301
3460,145,123,298
3483,174,166,294
3478,139,164,292
3612,152,169,293
3474,152,168,285
3473,150,163,286
3470,138,138,283
3489,146,163,321
3483,120,172,321
3445,140,215,325
3442,152,164,335
3468,152,166,324
3475,156,179,320
3463,158,101,332
3476,162,168,312
3478,140,172,308
3479,194,170,301
3475,170,181,298
3458,176,169,292
3495,167,175,284
3494,187,170,271
3484,167,171,272
3477,163,162,276
3473,169,144,279
3464,176,162,272
3471,177,168,267
3468,181,167,268
3497,186,166,253
3374,186,165,232
3482,184,164,251
3480,188,151,232
3483,157,163,250
3485,180,153,260
3482,180,163,254
3484,186,164,273
3577,189,140,232
3477,182,162,248
3482,184,134,243
3477,184,175,235
3472,186,157,229
3483,182,123,245
3463,181,155,231
3391,191,159,224
3460,180,156,208
3483,181,166,245
3485,191,160,220
3474,171,92,223
3481,189,177,184
3476,174,188,215
3487,176,133,210
3483,174,161,208
3481,171,174,212
3458,175,183,209
3480,160,166,298
3490,185,166,154
3485,143,179,223
3512,208,158,216
3485,169,154,203
3484,167,159,202
3489,141,160,242
3479,166,163,246
3484,162,136,262
3478,165,168,258
3478,168,175,259
3610,164,170,269
3465,157,251,273
3511,164,159,273
3481,158,198,262
3538,141,196,281
3527,148,176,272
3466,160,182,256
3480,125,178,264
3451,175,169,256
3477,167,182,242
3472,233,174,248
3480,134,195,243
3466,174,176,141
3468,140,177,226
3504,97,176,253
3481,171,180,251
3476,154,175,246
3464,153,172,241
3473,144,192,240
3456,136,193,241
3471,161,153,243
3483,140,172,250
3472,160,166,260
3446,146,187,251
3485,166,159,249
3480,153,166,240
3480,168,166,257
3477,145,169,250
3462,151,164,252
3482,167,164,278
3474,166,160,287
3453,185,166,287
3478,174,164,268
3433,162,163,274
3325,163,164,274
3457,155,234,276
3486,167,165,268
3499,166,273,265
3499,162,165,266
3481,154,169,260
3466,257,171,256
3494,158,169,259
3487,160,170,252
3489,169,167,258
3485,167,154,259
3458,169,171,265
3470,177,165,267
3453,175,167,297
3477,156,172,368
3499,150,189,375
3480,161,194,371
3490,187,188,349
3471,170,183,353
3479,160,170,362
3449,163,183,362
3488,145,178,349
3481,158,179,380
3484,157,182,379
3480,163,176,384
3447,161,175,379
3481,156,173,374
3480,162,181,373
3486,158,181,367
3484,162,167,385
3337,161,175,354
3468,161,168,390
3455,158,178,414
3485,148,178,408
3468,157,155,401
3319,159,178,396
3469,148,156,410
3472,160,174,409
3475,145,177,410
3472,166,229,399
3480,179,188,429
3453,176,187,411
3489,174,187,423
3482,166,199,437
3477,179,178,418
3477,146,190,436
3474,155,219,417
3487,174,185,412
3470,170,179,416
3456,180,193,408
3461,159,184,407
3471,171,187,400
3470,172,192,390
3471,170,191,466
3469,166,186,384
3472,152,198,369
3482,195,166,388
3482,177,183,402
3486,187,172,411
3464,180,173,392
3477,150,190,400
3461,181,181,400
3483,178,177,386
3477,198,163,390
3481,178,205,386
3494,160,191,378
3476,189,187,350
3471,183,200,371
3475,174,197,353
3469,176,207,350
3483,125,178,352
3547,173,176,335
3478,293,178,342
3477,168,176,335
3480,118,176,339
3446,170,175,378
3481,179,177,368
3483,165,167,369
3465,176,180,365
3474,141,192,347
3479,164,172,365
3473,162,173,364
3485,134,173,356
3456,170,152,334
3471,264,169,348
3464,167,157,342
3439,162,186,341
3470,161,175,343
3469,152,192,253
3471,156,182,346
3476,130,190,325
3479,139,186,318
3480,157,184,333
3476,143,176,327
3476,160,186,328
3486,154,184,321
3473,158,183,321
3476,161,175,323
3475,158,182,317
3465,158,180,328
3478,177,173,299
3452,151,36,308
3488,152,181,311
3470,142,178,313
3478,150,189,332
3473,143,187,304
3383,159,178,307
3483,159,177,295
3471,161,168,290
3481,160,176,296
3480,153,176,229
3496,157,175,288
3467,190,172,300
3453,173,174,282
3473,161,178,257
3484,164,76,282
3475,157,176,280
3555,175,180,376
3462,147,180,264
3431,168,175,265
3469,194,173,272
3467,163,196,278
3481,194,192,278
3479,173,198,270
3471,149,191,269
3479,177,189,274
3516,159,189,279
3473,163,203,251
3495,177,199,302
3477,184,174,301
3475,193,188,296
3478,184,179,298
3478,183,184,315
3475,172,269,287
3490,180,184,276
3473,177,209,291
3466,167,190,268
3471,175,317,289
3476,175,180,280
3461,170,244,284
3470,174,205,268
3476,173,214,273
3423,172,187,273
3497,147,194,251
3480,160,184,320
3490,142,190,261
3474,172,188,261
3487,168,169,261
3494,156,181,258
3479,166,191,249
3477,175,200,246
3477,152,180,243
3481,165,181,233
3478,148,180,242
3486,155,178,279
3478,266,176,290
3471,175,175,285
3466,160,185,286
3455,162,175,294
3461,163,172,287
3465,162,175,294
3465,157,163,279
3464,157,173,325
3498,168,172,280
3479,175,176,278
3502,168,171,285
3597,169,172,261
3536,153,188,285
3477,162,171,279
3461,165,163,293
3482,163,165,288
3471,168,164,277
3465,165,172,275
3465,160,176,291
3462,149,190,276
3467,181,161,282
3466,169,61,270
3479,148,160,289
3453,172,174,272
3462,171,105,264
3473,176,164,307
3464,170,171,283
3491,149,170,309
3462,184,167,276
3475,178,176,293
3472,172,148,304
3472,169,214,326
3466,166,166,320
3470,174,170,350
3467,171,189,382
3466,188,192,472
3469,161,208,394
3482,166,200,407
3464,158,212,387
3474,155,205,386
3473,173,202,399
3474,149,208,374
3482,162,208,371
3484,185,193,363
3474,157,199,379
3478,172,213,364
3450,176,205,357
3479,174,195,361
3475,158,206,341
3479,158,213,339
3450,152,210,330
3485,144,206,376
3467,155,205,362
3481,143,264,357
3482,161,197,358
3467,153,188,360
3463,143,197,360
3471,134,198,418
3465,152,188,340
3470,152,178,341
3471,128,221,336
3470,154,206,337
3474,179,207,312
3479,157,205,328
3470,173,200,313
3467,158,221,327
3475,149,294,336
3388,157,199,326
3459,156,203,337
3461,167,204,360
3471,143,214,364
3470,139,212,350
3559,154,216,380
3471,126,234,349
3477,167,204,345
3463,151,203,345
3494,149,194,335
3467,161,212,336
3479,148,196,370
3454,153,211,372
3484,137,218,393
3501,160,188,361
3476,150,173,357
3493,148,189,395
3455,148,202,390
3459,148,216,378
3484,150,202,406
3475,151,193,403
3484,148,211,409
3459,152,213,407
3462,156,219,404
3462,148,219,391
3473,158,208,382
3491,148,211,385
3481,164,199,388
3392,147,210,354
3477,163,215,438
3451,157,218,433
3473,160,203,431
3470,162,207,431
3479,221,205,424
3458,161,209,426
3485,156,206,429
3464,164,205,438
3449,163,201,421
3446,159,203,447
3471,163,218,417
3449,153,202,417
3472,158,186,406
3467,137,202,413
3469,155,189,409
3459,163,196,391
3480,128,197,434
3490,150,201,448
3483,150,199,441
3478,179,195,448
3458,151,192,432
3524,156,198,442
3470,150,193,425
3485,157,207,425
3474,154,174,420
3477,152,190,413
3469,159,167,417
3455,165,60,389
3463,175,192,407
3453,169,164,398
3470,125,181,411
3494,148,184,397
3439,149,189,362
3469,139,175,379
3469,168,181,407
3474,137,181,430
3473,155,178,432
3495,156,181,450
3423,162,180,446
3486,145,199,422
3487,139,168,423
3473,159,164,412
3470,156,182,408
3468,158,192,418
3484,157,197,431
3479,162,56,429
3461,183,205,448
3467,161,210,435
3478,166,197,433
3447,163,62,418
3479,169,205,417
3476,168,158,406
3477,110,204,402
3473,194,187,409
3471,174,203,388
3504,173,202,439
3475,168,197,368
3466,167,208,374
3477,184,196,364
3471,288,171,366
3468,166,172,367
3445,165,192,362
3476,168,188,352
3484,164,68,356
3479,164,164,362
3472,136,197,369
3456,158,190,348
3459,171,178,345
3476,163,189,344
3474,160,210,347
3491,154,181,340
3459,171,184,332
3476,159,187,362
3465,161,184,323
3466,161,194,333
3485,159,314,329
3477,161,187,320
3437,145,209,280
3468,161,182,340
3485,153,189,313
3494,97,183,308
3470,162,189,295
3482,152,176,298
3470,160,184,296
3462,171,157,315
3464,157,178,288
3476,158,196,291
3491,153,92,286
3483,148,187,295
3501,148,193,278
3461,153,189,292
3467,154,189,298
3526,155,189,288
3488,153,139,292
3433,134,215,243
3479,155,190,278
3474,149,176,308
3464,153,160,302
3452,149,185,284
3477,149,188,303
3464,156,195,290
3458,148,198,277
3466,151,190,304
3473,169,177,305
3479,144,187,307
3473,147,190,306
3475,153,194,302
3453,154,198,218
3469,138,200,314
3467,173,190,294
3463,165,190,288
3468,170,172,302
3471,153,190,288
3480,140,200,292
3460,159,180,297
3461,154,191,294
3488,158,191,320
3457,162,68,267
3477,148,173,291
3470,154,165,257
3473,165,173,267
3484,144,184,264
3464,168,128,256
3470,230,187,263
3475,159,171,258
3472,162,200,260
3477,157,187,260
3444,166,183,251
3470,146,184,242
3461,184,173,254
3483,148,197,236
3469,157,177,239
3445,152,182,240
3450,162,182,235
3459,154,180,232
3463,151,180,214
3467,157,152,239
3444,147,185,224
3463,148,168,225
3447,152,172,216
3455,166,180,220
3458,191,166,218
3472,172,185,212
3479,169,195,231
3474,170,193,208
3474,169,172,211
3474,169,207,206
3490,169,176,219
3474,161,148,203
3477,167,177,209
3467,165,169,210
3469,167,176,206
3462,164,179,207
3504,160,157,208
3468,162,173,203
3476,155,170,203
3483,146,169,207
3475,154,182,197
3502,92,169,194
3474,157,175,193
3476,169,161,209
3466,156,178,199
3469,148,159,201
3463,159,167,204
3469,128,174,204
3473,156,90,199
3464,156,145,206
3475,150,155,214
3488,154,161,212
3464,130,178,215
3475,54,167,224
3463,155,171,211
3470,163,166,212
3470,164,157,291
3483,163,167,217
3474,110,165,212
3465,167,195,214
3477,180,150,225
3468,172,164,186
3462,154,185,199
3470,172,164,208
3477,155,163,213
3467,144,168,230
3475,156,271,234
3470,161,161,220
3468,190,148,224
3467,171,180,229
3470,161,142,221
3468,146,168,187
3466,176,145,219
3440,164,170,210
3465,149,165,207
3475,159,166,204
3472,107,184,204
3475,156,169,200
3443,161,167,140
3466,159,182,198
3457,156,156,194
3471,157,154,223
3518,132,169,114
3458,150,185,220
3472,233,172,240
3539,164,171,236
3463,173,173,228
3452,153,165,239
3486,160,146,230
3457,155,173,230
3492,144,256,230
3490,140,186,225
3478,153,192,240
3485,160,156,238
3475,152,165,237
3459,184,164,254
3499,145,170,236
3597,148,166,236
3460,150,37,228
3486,148,141,224
3456,150,163,225
3499,148,166,223
3463,154,171,256
3460,155,182,261
3468,160,167,256
3442,154,235,260
3474,151,161,249
3467,159,140,246
3470,157,152,248
3478,158,159,262
3516,156,162,232
3492,154,32,278
3469,172,168,288
3473,172,163,290
3493,153,165,290
3472,155,161,286
3471,166,160,280
3479,168,159,278
3487,151,162,296
3468,141,159,277
3468,153,152,272
3476,151,162,256
3445,156,159,256
3467,141,160,249
3477,174,144,252
3471,148,156,249
3503,142,140,252
3468,141,156,256
3467,153,154,260
3467,189,154,295
3468,158,158,293
3467,168,134,295
3464,156,144,296
3468,157,151,285
3466,157,164,282
3473,155,153,259
3466,173,140,273
3469,153,153,292
3469,148,125,303
3469,150,166,301
3467,153,144,300
3446,150,155,306
3469,156,143,296
3442,154,153,306
3468,160,165,288
3455,165,151,289
3480,166,140,308
3465,153,150,315
3501,176,147,312
3473,163,150,312
3473,177,144,292
3475,190,151,271
3463,167,140,288
3491,179,281,288
3465,177,149,292
3468,175,150,285
3468,174,151,284
3509,167,148,283
3462,177,143,266
3451,161,129,271
3451,171,175,276
3448,171,286,260
3473,168,152,263
3464,178,154,258
3474,152,175,258
3484,168,157,268
3469,169,180,260
3470,251,182,254
3472,169,176,240
3490,176,171,254
3442,167,161,242
3526,174,168,241
3460,158,175,244
3453,172,178,264
3456,156,198,272
3464,186,195,286
3364,148,198,265
3412,161,196,294
3447,161,194,280
3464,162,203,280
3471,162,182,276
3466,148,190,290
3345,160,192,295
3471,173,188,185
3476,167,191,293
3455,175,164,279
3460,189,197,278
3469,163,220,268
3449,168,204,265
3470,336,192,262
3382,180,185,262
3473,158,192,268
3464,167,123,292
3439,161,189,277
3481,157,119,281
3476,177,187,256
3470,159,182,277
3471,158,180,266
3470,154,198,285
3472,155,156,280
3466,174,182,286
3486,154,170,286
3370,162,165,279
3466,157,173,280
3466,149,175,279
3474,154,185,280
3468,154,177,300
3468,159,177,278
3451,158,180,288
3456,144,174,277
3466,160,201,272
3467,168,162,262
3462,168,177,260
3468,161,174,258
3445,147,180,252
3479,149,170,254
3482,151,172,252
3471,153,197,250
3474,152,177,244
3453,157,153,241
3467,153,169,237
3473,164,161,243
3460,159,172,232
3482,145,174,256
3462,138,170,237
3463,140,177,242
3465,140,172,390
3467,149,171,225
3468,146,190,238
3473,155,186,238
3471,145,164,251
3466,148,163,252
3471,137,173,244
3472,138,171,240
3478,145,168,220
3492,134,38,229
3478,156,156,227
3478,133,179,224
3477,141,164,222
3458,144,198,217
3477,142,137,226
3468,141,168,214
3465,142,166,219
3484,143,165,263
3459,141,185,254
3455,237,182,263
3458,154,170,268
3456,157,170,279
3479,156,179,270
3503,144,184,268
3463,155,167,275
3461,164,188,259
3490,152,168,254
3469,238,165,269
3466,129,180,256
3461,154,196,267
3466,138,167,236
3462,215,164,262
3465,154,159,242
3469,153,172,262
3460,151,184,313
3457,160,185,313
3463,158,187,304
3468,148,188,293
3461,145,180,291
3462,140,182,306
3449,140,160,328
3458,147,188,338
3470,144,195,330
3466,156,194,330
3475,146,199,329
3468,146,195,331
3467,145,194,330
3476,155,195,203
3499,145,170,320
3444,141,192,323
3470,124,189,310
3581,144,189,342
3459,144,195,348
3468,146,187,342
3462,139,166,338
3463,134,195,354
3468,157,168,329
3453,134,173,308
3477,130,188,328
3442,136,184,320
3475,136,180,341
3483,128,190,360
3475,125,178,321
3471,152,174,324
3455,164,172,311
3474,139,174,323
3462,163,168,304
3458,135,195,324
3467,144,185,312
3451,143,173,316
3467,151,180,321
3461,151,203,328
3480,146,172,334
3463,145,170,334
3473,144,170,338
3473,141,141,329
3488,167,171,321
3472,138,170,321
3474,170,173,346
3475,137,178,355
3468,145,161,362
3475,166,172,272
3459,140,156,364
3453,141,172,361
3468,142,197,349
3475,162,172,278
3322,145,170,338
3479,144,168,355
3459,140,184,321
3478,145,169,424
3549,174,168,410
3464,148,188,315
3465,168,174,325
3465,142,164,345
3467,170,184,326
3468,178,182,296
3468,148,170,304
3487,141,166,317
3469,158,180,317
3489,148,244,336
3448,161,153,314
3472,147,172,221
3472,175,173,313
3476,157,160,316
3471,157,153,353
3469,157,157,330
3467,146,161,352
3506,134,173,359
3456,160,160,353
3450,149,162,356
3472,140,158,376
3472,161,167,342
3469,154,161,341
3449,151,161,331
3469,155,165,336
3461,158,160,300
3488,154,180,318
3547,156,162,377
3474,155,153,313
3473,151,161,292
3457,151,146,285
3484,151,132,294
3374,150,162,316
3462,134,177,329
3467,152,179,341
3457,167,184,320
3451,157,187,345
3451,147,200,339
3462,138,200,336
3471,246,182,333
3464,154,196,332
3371,145,182,390
3468,148,182,375
3469,159,181,384
3453,158,177,366
3473,151,185,368
3476,148,175,373
3466,148,200,367
3481,148,181,367
3470,150,183,395
3443,163,192,394
3485,147,190,391
3461,155,189,389
3468,147,171,394
3475,139,191,406
3432,145,186,390
3472,146,161,378
3517,156,181,373
3476,136,178,407
3477,124,184,437
3475,147,185,415
3464,117,192,408
3447,140,206,400
3480,140,189,404
3469,156,187,392
3467,135,192,391
3468,148,149,370
3437,144,188,378
3470,144,160,384
3467,68,178,379
3488,138,192,398
3468,143,188,365
3466,132,188,363
3471,142,172,365
3458,146,183,343
3467,150,184,336
3457,157,206,340
3467,154,198,357
3459,166,183,332
3466,167,202,318
3484,166,156,338
3455,158,182,307
3465,165,189,308
3463,150,184,304
3467,161,202,305
3469,162,219,297
3467,172,177,299
3465,154,285,312
3447,174,183,306
3474,148,197,306
3455,151,206,310
3467,85,196,350
3477,145,190,353
3471,172,208,323
3468,155,218,340
3471,181,220,248
3477,153,218,326
3471,169,201,324
3484,176,193,316
3504,160,224,319
3474,164,217,314
3467,154,231,308
3489,162,189,306
3477,167,208,305
3480,165,211,308
3477,162,209,292
3477,164,216,289
3472,156,205,283
3467,166,204,284
3487,158,201,279
3470,164,208,302
3496,151,216,284
3481,140,223,286
3472,168,206,278
3474,218,200,284
3466,174,207,292
3482,141,211,276
3474,188,198,270
3474,165,213,316
3468,148,194,286
3469,166,169,375
3466,142,194,378
3463,161,190,377
3466,172,171,388
3467,164,182,374
3478,158,188,384
3496,128,188,376
3468,162,185,374
3481,152,202,365
3468,172,182,367
3454,153,178,354
3465,174,185,358
3500,173,181,364
3467,172,179,349
3473,174,173,334
3460,165,190,328
3465,173,168,352
3488,179,184,422
3445,173,185,434
3468,184,165,496
3468,169,188,427
3451,158,192,446
3469,177,162,448
3460,169,188,442
3458,178,170,519
3446,182,169,433
3475,160,180,444
3471,188,174,443
3475,184,146,430
3434,185,180,427
3465,169,168,414
3473,187,167,407
3483,176,165,400
3470,188,164,397
3454,185,165,376
3465,187,162,406
3450,197,165,311
3467,171,183,360
3469,197,147,384
3480,182,160,357
3459,184,154,354
3444,179,240,352
3456,198,162,340
3473,186,138,346
3535,202,163,450
3472,186,163,340
3455,181,101,344
3467,177,167,348
3465,169,158,352
3463,203,161,226
3480,189,141,336
3468,165,143,333
3463,185,168,326
3470,181,163,318
3469,183,173,317
3484,200,141,311
3478,179,87,306
3472,170,170,279
3472,194,169,182
3590,178,170,306
3465,176,168,298
3471,179,194,321
3473,164,177,328
3474,179,174,228
3466,179,175,333
3479,152,187,306
3468,200,173,309
3465,180,169,307
3466,182,168,320
3464,174,176,336
3463,173,163,381
3458,182,177,381
3446,175,162,392
3471,170,171,378
3473,175,70,368
3429,176,168,363
3453,166,167,385
3455,182,164,380
3468,190,189,361
3510,170,163,366
3471,197,165,361
3468,187,173,350
3473,216,143,348
3460,195,162,322
3500,184,179,337
3459,193,165,357
3465,171,181,320
3466,194,146,332
3467,189,169,334
3464,187,166,336
3460,187,158,349
3460,185,84,326
3465,184,182,340
3473,177,168,318
3471,179,144,315
3476,181,173,320
3469,182,169,320
3481,158,173,316
3463,188,148,328
3462,179,160,315
3458,187,174,310
3479,194,168,320
3465,193,169,315
3487,183,179,295
3462,201,168,322
3471,197,154,371
3490,192,136,421
3457,192,166,412
3460,182,179,416
3475,220,166,416
3473,184,164,438
3470,184,163,455
3468,182,165,407
3472,187,158,432
3460,188,166,466
3416,180,151,419
3470,218,156,460
3459,189,161,442
3463,190,165,463
3466,192,114,458
3468,190,163,484
3463,189,153,464
3454,225,167,466
3488,174,162,492
3439,185,158,464
3461,177,158,498
3454,188,90,480
3541,183,160,468
3465,185,141,480
3461,106,174,452
3521,204,157,474
3449,220,145,471
3470,208,138,470
3471,201,8,457
3470,206,184,465
3490,202,98,473
3464,185,150,466
3557,201,152,471
3470,191,118,470
3461,218,156,392
3473,195,154,456
3483,194,117,451
3466,187,164,443
3461,210,126,447
3476,182,159,427
3466,190,147,433
3498,190,140,416
3474,193,148,410
3470,186,110,407
3472,189,163,406
3469,191,154,403
3481,200,143,388
3469,189,149,383
3470,132,151,377
3591,188,152,378
3483,189,122,364
3474,189,155,354
3474,171,153,367
3436,180,148,439
3464,185,143,438
3471,195,144,446
3462,51,154,454
3461,201,130,469
3456,188,162,471
3491,213,169,437
3476,187,153,440
3469,181,151,438
3489,185,147,439
3466,187,135,438
3474,190,157,429
3471,192,151,408
3467,192,169,417
3488,187,162,409
3472,191,184,400
3482,299,170,393
3459,186,168,391
3474,186,155,384
3462,187,157,379
3470,185,146,329
3463,195,161,365
3465,183,153,353
3468,172,154,358
3463,185,147,358
3469,180,148,358
3499,178,152,363
3476,177,152,371
3462,176,156,362
3462,181,170,357
3473,175,167,349
3469,181,149,353
3470,188,156,343
3448,215,153,314
3481,188,151,371
3441,193,19,329
3462,214,169,332
3466,196,180,283
3472,176,186,327
3462,202,186,328
3469,176,194,317
3470,194,183,322
3469,195,177,314
3469,196,188,318
3464,206,192,305
3419,210,175,294
3476,207,174,296
3471,202,198,287
3482,202,197,293
3471,197,216,282
3472,197,186,276
3450,205,197,256
3540,200,198,353
3454,196,175,265
3464,214,210,249
3486,194,196,272
3493,193,191,259
3464,188,199,274
3461,192,138,268
3465,177,202,258
3471,186,188,258
3470,189,186,149
3473,186,192,291
3472,179,160,285
3465,187,210,296
3462,185,177,298
3468,179,209,272
3473,187,183,302
3456,214,175,291
3468,181,182,274
3468,180,192,299
3472,187,182,269
3464,176,181,272
3441,188,173,261
3470,233,177,257
3465,174,158,250
3465,222,173,249
3478,167,256,247
3480,170,171,233
3469,194,173,250
3467,197,173,246
3474,173,164,243
3472,187,94,258
3456,172,172,241
3468,198,180,238
3461,199,170,234
3463,207,161,231
3380,180,173,267
3460,185,176,318
3470,197,169,300
3465,190,171,338
3470,175,167,351
3468,183,168,329
3470,183,178,323
3473,175,179,331
3480,191,167,329
3466,184,170,330
3491,128,175,330
3461,193,174,331
3485,183,177,330
3467,189,174,343
3441,203,174,237
3520,201,172,298
3467,190,180,308
3476,187,164,290
3454,208,198,340
3467,227,164,346
3455,210,184,347
3458,185,177,361
3473,204,185,355
3447,197,188,348
3468,204,188,356
3466,202,206,341
3464,203,190,355
3465,213,182,372
3464,205,198,370
3473,202,200,439
3458,234,198,348
3460,214,203,336
3468,251,197,365
3467,236,181,372
3464,223,180,357
3443,218,193,336
3461,235,164,414
3473,220,186,374
3455,210,191,405
3497,218,188,406
3464,215,189,398
3466,215,185,404
3434,214,187,387
3465,209,186,389
3470,230,165,389
3478,244,177,390
3465,214,189,376
3463,213,195,350
3489,221,181,372
3464,225,169,343
3466,175,177,354
3475,215,175,360
3453,289,188,338
3424,215,154,368
3459,209,181,375
3466,204,174,379
3461,203,171,373
3484,206,175,365
3439,206,172,351
3463,215,173,373
3441,212,170,360
3467,209,166,366
3453,194,180,358
3491,207,175,362
3475,217,177,228
3440,227,173,346
3467,219,161,350
3467,202,173,333
3578,202,171,333
3468,204,174,320
3465,192,171,313
3403,223,171,345
3453,199,210,346
3469,201,170,346
3459,169,171,336
3448,196,170,349
3546,216,157,401
3471,179,176,332
3448,207,152,329
3475,208,154,339
3468,208,169,334
3466,213,169,328
3441,217,164,324
3452,229,167,346
3466,214,164,323
3458,208,158,310
3468,221,187,313
3466,213,160,340
3480,210,150,385
3466,211,160,406
3474,222,160,338
3459,192,165,402
3457,214,161,409
3534,204,162,398
3462,204,155,394
3469,199,160,423
3453,214,161,396
3472,212,162,409
3466,224,166,403
3469,238,168,402
3466,313,163,395
3469,216,159,386
3452,212,165,393
3456,229,186,394
3449,213,176,392
3354,223,152,379
3465,211,174,402
3453,211,129,410
3453,211,117,399
3465,216,176,407
3481,206,165,414
3458,223,164,359
3471,199,171,420
3488,206,149,405
3463,208,167,440
3467,220,163,428
3480,217,163,423
3479,200,151,417
3456,189,173,403
3433,194,177,407
3468,206,161,418
3411,201,146,366
3472,210,160,406
3453,193,149,393
3456,219,160,282
3452,203,158,365
3478,198,80,402
3462,198,160,381
3463,172,157,375
3295,196,154,371
3436,190,158,364
3482,199,278,364
3454,207,153,343
3463,205,169,348
3454,205,234,351
3457,190,185,336
3442,203,167,347
3466,219,162,327
3463,189,171,317
3467,200,147,309
3461,205,165,305
3462,196,138,327
3461,202,161,333
3460,254,164,331
3463,193,134,346
3452,180,176,336
3460,189,164,345
3462,195,163,324
3454,192,164,343
3463,187,161,339
3464,204,162,374
3465,177,155,387
3480,185,158,333
3459,190,164,380
3457,192,175,375
3427,193,178,370
3469,193,181,366
3452,300,178,363
3476,201,178,364
3461,189,177,373
3461,169,176,392
3460,204,182,398
3459,184,185,395
3459,315,177,390
3445,194,162,390
3469,179,176,399
3477,200,165,386
3468,203,172,389
3469,178,174,391
3486,178,171,376
3467,177,176,393
3470,175,162,371
3477,155,180,368
3558,185,174,460
3459,174,194,364
3456,177,171,363
3443,196,154,358
3452,193,176,357
3446,188,167,338
3450,183,169,342
3474,201,164,328
3595,183,167,326
3466,172,170,335
3467,177,141,327
3463,167,176,326
3465,180,167,373
3465,181,171,358
3484,171,234,379
3453,181,172,348
3468,183,158,352
3466,183,167,353
3447,170,173,338
3461,166,171,315
3459,184,178,355
3460,181,164,404
3447,192,168,404
3456,180,182,437
3470,199,154,414
3459,176,153,432
3456,176,164,404
3462,170,162,420
3470,163,172,404
3473,170,162,419
3441,171,160,402
3457,175,107,392
3479,166,28,397
3460,180,187,404
3464,168,162,391
3463,166,186,380
3441,173,176,380
3465,176,172,364
3463,176,187,413
3447,185,175,410
3460,126,195,404
3471,157,176,401
3431,172,177,364
3461,157,173,542
3463,176,170,392
3449,216,196,391
3471,140,172,445
3449,162,227,376
3448,176,172,385
3441,189,178,375
3462,160,181,372
3469,196,172,371
3466,153,186,343
3483,172,170,362
3462,167,171,370
3479,156,165,360
3440,170,174,348
3454,167,167,269
3449,168,166,363
3449,167,112,344
3455,163,176,339
3468,162,162,321
3457,143,194,341
3466,161,177,342
3429,181,175,341
3303,164,189,314
3441,168,195,330
3466,148,194,323
3448,160,187,317
3466,162,187,314
3465,159,210,308
3492,187,171,310
3446,160,188,292
3464,162,194,275
3439,166,123,315
3457,159,181,310
3443,158,182,296
3455,146,192,323
3467,147,181,315
3435,156,177,296
3453,133,187,277
3445,156,161,303
3476,150,170,305
3467,154,172,299
3464,155,187,295
3465,152,157,298
3470,212,178,290
3466,154,158,294
3460,128,159,283
3460,146,194,278
3472,124,188,277
3451,162,175,268
3464,152,181,274
3452,149,72,272
3453,148,182,297
3458,174,178,288
3459,148,188,288
3471,151,158,288
3425,170,178,282
3461,148,187,281
3438,163,201,282
3469,136,194,289
3474,164,184,282
3481,162,187,280
3458,164,170,283
3460,166,206,262
3467,152,188,236
3469,137,188,402
3461,161,197,268
3461,164,173,290
3470,160,253,270
3464,151,197,172
3545,169,188,365
3456,158,201,241
3458,151,188,261
3460,161,179,247
3473,130,186,243
3460,157,185,131
3473,154,171,218
3467,173,177,239
3463,200,182,233
3459,153,184,230
3463,149,193,247
3462,154,178,217
3438,122,181,168
3461,144,201,223
3482,150,174,222
3460,145,181,216
3516,130,196,221
3460,147,166,212
3447,135,190,201
3462,144,167,226
3485,142,176,208
3451,170,167,223
3487,146,266,205
3455,120,179,253
3466,148,183,251
3480,146,181,243
3466,145,169,239
3494,146,181,245
3512,139,196,229
3424,147,184,241
3460,142,182,232
3463,150,187,234
3449,141,183,252
3460,139,182,240
3461,136,183,243
3460,143,182,222
3459,134,185,243
3459,150,201,245
3460,140,186,247
3453,144,183,245
3450,142,123,240
3449,128,182,294
3465,137,183,253
3536,136,182,274
3445,136,173,251
3474,130,203,235
3473,135,181,256
3468,138,195,248
3466,136,184,240
3465,135,176,265
3460,0,181,283
3463,152,156,276
3441,112,179,271
3455,131,183,284
3461,125,211,284
3483,135,176,293
3472,157,166,284
3437,129,178,289
3452,130,254,292
3463,123,171,277
3468,129,160,280
3465,144,170,273
3462,133,180,270
3458,132,168,267
3466,131,174,263
3465,125,178,233
3464,128,172,285
3462,143,172,289
3452,143,173,296
3471,128,172,292
3452,131,165,310
3447,135,183,286
3457,130,184,314
3462,136,158,282
3434,149,170,288
3473,141,185,297
3478,140,158,281
3474,132,198,278
3477,165,197,267
3358,144,171,270
3459,145,197,266
3458,162,145,271
3481,143,160,261
3421,152,187,262
3446,117,174,251
3465,148,149,306
3459,34,178,299
3460,148,177,311
3446,141,195,292
3478,143,175,285
3464,143,173,282
3464,157,170,278
3475,135,164,277
3454,140,336,278
3466,145,168,273
3465,147,182,268
3469,146,185,266
3478,146,163,258
3469,138,203,259
3470,139,187,256
3443,140,133,247
3457,146,183,271
3461,299,183,264
3467,170,186,265
3446,123,178,318
3459,144,194,269
3465,125,197,244
3528,142,180,259
3461,145,208,252
3468,120,178,247
3442,137,169,243
3467,159,233,249
3469,145,200,251
3455,137,202,218
3471,156,188,237
3464,143,166,256
3460,128,183,260
3455,142,177,263
3463,140,187,260
3464,134,172,306
3459,151,185,318
3455,142,185,328
3635,140,185,317
3458,131,188,332
3469,169,181,358
3461,140,188,355
3462,144,174,348
3430,147,186,276
3468,129,183,339
3465,149,179,338
3474,152,190,328
3459,148,185,336
3466,159,177,330
3412,151,182,334
3454,167,169,314
3457,154,180,325
3465,147,178,328
3452,150,180,316
3453,150,180,330
3451,148,188,320
3449,146,186,334
3470,171,182,328
3468,120,187,323
3469,144,176,327
3436,147,199,313
3447,143,360,315
3463,155,198,310
3462,151,197,306
3476,145,198,304
3455,164,215,290
3451,151,203,304
3467,149,207,312
3468,153,183,318
3467,163,192,299
3477,137,213,345
3483,136,192,374
3454,154,184,362
3465,139,200,360
3458,146,190,369
3459,148,208,347
3474,134,189,343
3438,142,193,322
3469,135,195,345
3472,128,199,368
3359,147,181,384
3473,163,181,377
3465,137,191,374
3453,141,190,416
3447,150,165,393
3470,147,176,397
3471,28,172,393
3467,143,170,412
3459,145,181,454
3568,163,177,532
3487,140,176,448
3454,148,163,464
3461,144,179,450
3487,142,171,464
3473,125,189,462
3462,131,177,464
3456,154,178,471
3467,142,176,459
3483,142,181,469
3456,137,179,445
3460,123,168,425
3465,123,177,431
3467,141,176,428
3428,131,176,417
3477,140,175,409
3458,141,178,417
3464,155,171,394
3463,129,186,392
3455,138,171,390
3465,139,171,383
3464,212,189,377
3434,138,174,374
3477,129,173,362
3487,138,171,365
3468,172,158,354
3477,144,219,351
3467,151,189,341
3461,140,201,340
3455,154,187,344
3466,126,188,338
3472,138,188,333
3463,149,190,336
3461,133,183,367
3461,171,189,328
3455,147,198,327
3421,146,180,335
3458,144,183,325
3464,49,198,325
3478,136,182,315
3467,149,168,327
3461,178,172,315
3464,152,194,312
3474,230,178,304
3454,156,180,290
3469,166,190,298
3471,149,163,289
3468,177,192,287
3464,160,153,296
3457,155,180,256
3459,168,154,295
3454,174,165,267
3473,158,170,270
3464,155,174,276
3453,150,192,263
3475,152,88,258
3467,182,168,254
3460,132,169,243
3467,146,167,254
3463,166,176,251
3462,124,172,262
3462,154,177,258
3461,152,177,239
3466,153,183,210
3453,206,189,248
3462,170,180,242
3453,161,180,224
3443,157,181,243
3457,182,158,251
3458,277,174,273
3466,157,181,290
3463,70,178,288
3464,280,178,294
3456,176,176,219
3456,160,183,292
3456,179,174,299
3482,37,176,296
3464,143,178,269
3458,161,177,288
3467,122,179,284
3474,158,152,292
3471,131,180,328
3468,162,183,299
3462,156,188,276
3459,135,179,271
3459,183,160,276
3470,145,177,271
3468,150,172,334
3448,167,174,299
3479,155,172,290
3462,155,174,288
3463,137,170,280
3412,139,168,288
3460,139,170,283
3465,144,164,280
3460,159,171,282
3651,152,170,269
3470,154,152,278
3469,152,169,273
3483,150,186,270
3435,157,167,267
3470,146,167,260
3487,161,146,256
3455,152,162,259
3472,150,140,304
3455,149,180,290
3471,163,211,295
3465,145,164,294
3460,151,165,310
3451,132,157,320
3456,154,162,313
3477,150,160,312
3463,166,161,288
3463,178,162,297
3473,214,161,306
3466,161,165,300
3459,158,157,311
3458,166,154,289
3468,144,160,293
3463,158,160,290
3462,146,169,220
3477,154,142,281
3423,146,169,328
3452,150,163,361
3453,162,167,350
3442,141,172,347
3455,140,163,362
3451,149,165,362
3458,163,170,445
3440,149,182,408
3476,147,182,416
3485,137,169,447
3465,149,170,451
3436,148,174,455
3465,161,181,448
3457,126,171,421
3465,146,174,427
3457,154,201,438
3458,161,156,435
3464,153,172,417
3452,125,161,422
3452,162,180,407
3455,146,188,403
3452,145,168,402
3430,148,171,384
3465,149,161,405
3467,166,164,386
3461,168,167,378
3463,150,174,409
3459,247,185,390
3462,150,177,403
3471,151,222,398
3388,160,175,388
3466,176,169,391
3431,129,178,362
3462,166,175,318
3422,138,172,370
3431,148,175,373
3450,136,145,380
3441,125,137,357
3445,146,175,365
3438,150,166,352
3453,131,193,335
3451,143,171,360
3465,144,171,346
3475,142,177,353
3449,137,20,359
3483,133,162,363
3468,168,147,360
3471,135,164,356
3454,138,171,360
3463,143,171,368
3448,149,172,373
3452,159,173,296
3457,167,176,390
3455,140,156,437
3445,145,176,430
3466,139,176,433
3456,140,177,429
3449,138,166,410
3458,139,166,422
3456,101,176,417
3473,136,175,422
3445,138,173,404
3469,132,159,411
3461,147,178,416
3458,142,181,406
3475,133,183,407
3459,132,183,390
3486,141,183,401
3468,140,182,389
3463,158,185,378
3460,138,201,444
3451,102,208,439
3448,105,193,434
3457,140,176,426
3463,132,173,432
3463,144,176,457
3465,120,182,432
3463,147,174,428
3466,144,148,426
3463,159,178,416
3467,160,175,421
3471,151,177,417
3453,140,206,398
3465,154,177,397
3464,145,156,383
3461,164,177,388
3455,147,182,404
3458,150,166,379
3438,152,174,368
3468,149,115,380
3437,150,173,356
3452,148,174,357
3466,147,154,354
3474,169,170,356
3469,130,175,346
3459,144,163,316
3467,96,181,342
3477,145,170,330
3470,143,194,331
3440,154,161,333
3465,150,199,325
3473,149,172,331
3444,143,171,310
3452,135,173,326
3442,142,231,328
3453,148,200,328
3450,145,173,334
3466,145,163,394
3461,122,168,394
3456,141,158,324
3450,231,182,310
3460,146,224,314
3457,138,286,310
3368,148,163,304
3471,138,155,337
3470,150,146,349
3475,136,160,333
3455,124,183,306
3475,139,180,320
3450,135,164,314
3466,133,167,322
3467,109,172,314
3458,141,161,233
3463,124,166,343
3437,143,163,345
3451,132,165,348
3447,135,168,350
3434,149,347,356
3468,170,164,360
3451,158,155,350
3457,157,180,346
3447,158,172,339
3460,169,198,339
3376,164,176,342
3455,161,173,326
3460,161,176,321
3459,162,153,311
3459,164,172,323
3458,162,174,318
3446,169,176,306
3428,162,173,308
3455,168,160,309
3462,162,176,312
3474,161,164,284
3466,158,178,294
3463,147,184,280
3462,159,155,282
3466,156,174,278
3455,158,182,283
3469,148,165,267
3463,169,169,278
3475,161,166,260
3484,160,164,261
3464,162,147,258
3464,133,173,256
3458,156,164,288
3313,156,161,252
3465,111,151,259
3462,157,162,246
3465,148,171,282
3464,157,155,268
3489,154,170,260
3462,154,161,293
3543,165,140,316
3459,153,162,283
3447,147,228,281
3474,144,133,276
3469,150,75,284
3432,151,163,268
3479,151,162,283
3458,150,173,246
3452,147,180,265
3455,117,184,259
3434,145,164,256
3496,145,140,251
3439,139,173,254
3456,118,155,290
3468,163,157,296
3455,126,162,301
3474,143,99,299
3462,149,164,295
3455,130,173,291
3488,120,168,281
3459,114,158,295
3466,142,133,286
3464,144,153,287
3466,146,161,281
3456,147,169,275
3459,164,184,256
3458,164,136,282
3456,144,160,265
3482,144,53,267
3464,243,160,265
3460,143,162,267
3437,143,162,272
3452,133,171,254
3468,145,172,252
3457,146,168,260
3452,133,194,264
3472,140,156,260
3454,143,185,243
3488,142,181,249
3463,148,196,246
3467,133,180,251
3466,150,181,252
3497,146,192,246
3461,120,177,254
3453,144,176,230
3485,152,178,266
3468,152,179,232
3487,152,176,250
3378,155,179,318
3426,154,174,300
3521,156,177,316
3450,162,179,318
3462,150,192,342
3458,149,173,350
3435,153,182,340
3449,139,119,336
3467,152,178,341
3464,148,179,322
3463,153,164,310
3466,155,183,317
3454,152,214,312
3443,169,183,396
3465,139,181,323
3452,149,181,300
3466,152,183,311
3461,149,172,305
3461,168,172,293
3459,150,178,290
3463,189,197,294
3454,122,186,278
3471,146,166,280
3440,142,173,283
3462,138,175,263
3461,147,181,286
3470,144,176,281
3467,133,176,289
3466,145,181,279
3486,146,148,276
3459,134,199,277
3455,142,172,278
3466,118,172,260
3466,143,170,251
3452,142,165,246
3432,141,168,288
3485,141,168,294
3432,138,190,272
3459,128,181,292
3465,137,148,277
3460,143,167,280
3459,143,68,296
3484,141,162,268
3462,112,166,230
3465,128,173,293
3463,134,170,269
3473,155,154,280
3462,102,152,278
3459,134,169,278
3452,139,169,262
3463,141,153,241
3519,150,164,236
3462,130,168,258
3457,140,176,258
3463,171,176,256
3445,138,168,260
3461,114,189,250
3437,129,165,281
3511,125,162,248
3430,132,232,249
3457,141,180,244
3444,151,152,253
3461,135,170,242
3481,141,310,248
3443,161,173,240
3459,152,194,236
3455,171,124,234
3450,152,180,227
3426,151,168,230
3447,152,170,268
3459,150,200,298
3447,142,171,309
3444,144,173,318
3455,176,166,324
3450,170,172,320
3293,165,173,334
3434,184,173,326
3463,151,177,327
3463,166,158,326
3454,171,161,327
3452,232,169,324
3481,172,172,328
3455,144,192,320
3362,167,171,320
3453,174,174,315
3463,163,155,312
3460,164,171,301
3460,166,182,344
3458,164,181,354
3453,149,198,357
3456,136,187,356
3456,162,180,356
3457,163,176,353
3476,148,174,394
3439,146,194,352
3459,148,176,343
3454,133,179,360
3459,160,168,368
3457,165,179,339
3454,164,184,343
3451,128,180,346
3437,155,179,364
3472,152,174,384
3449,164,198,361
3448,150,176,370
3439,170,176,362
3448,134,176,373
3458,152,164,332
3439,135,193,367
3449,141,183,366
3430,157,184,267
3454,231,181,354
3464,148,180,348
3471,123,176,347
3467,148,178,389
3441,150,185,386
3475,148,176,386
3459,120,178,392
3517,161,176,499
3452,155,176,378
3453,148,173,381
3454,141,187,405
3456,148,190,408
3450,116,177,414
3456,144,119,431
3454,159,146,417
3453,145,172,409
3446,141,182,419
3469,142,181,389
3466,160,141,386
3458,136,170,386
3458,138,183,366
3458,146,170,384
3459,140,194,364
3463,120,192,357
3463,153,183,353
3463,15,182,352
3461,139,186,340
3453,138,185,336
3449,134,180,333
3310,138,184,344
3433,135,176,356
3453,134,172,353
3452,118,192,329
3462,138,185,324
3455,138,193,319
3456,262,184,310
3451,0,183,304
3462,98,188,309
3459,139,189,331
3445,128,133,310
3467,140,188,328
3458,139,158,318
3483,114,189,310
3461,194,182,314
3457,130,194,309
3363,137,182,303
3449,113,188,283
3450,155,181,343
3421,136,179,302
3451,112,178,332
3619,137,177,315
3462,138,179,318
3461,134,163,332
3483,130,151,321
3457,111,174,325
3456,128,183,347
3455,124,177,324
3449,136,164,363
3447,141,173,384
3467,189,170,393
3455,138,221,388
3435,124,221,400
3463,131,169,390
3441,132,175,384
3452,133,141,428
3450,138,149,420
3462,128,200,402
3451,133,169,398
3448,132,165,369
3451,147,165,389
3452,123,151,384
3466,236,162,382
3458,128,168,384
3452,130,181,355
3460,132,156,368
3434,145,162,357
3449,135,170,352
3448,130,154,368
3393,130,144,328
3437,131,160,362
3448,130,151,344
3451,128,161,388
3377,139,157,395
3456,135,155,395
3453,107,157,400
3460,155,165,380
3460,130,149,396
3429,133,158,364
3509,132,160,388
3461,132,157,377
3462,119,155,377
3473,147,156,431
3462,55,184,404
3465,124,156,397
3471,131,144,395
3431,130,165,397
3464,130,162,396
3475,146,161,393
3454,123,163,392
3445,131,160,467
3456,131,164,445
3457,153,152,440
3452,144,140,445
3455,130,148,450
3432,128,158,441
3457,126,155,442
3385,128,158,448
3459,182,154,452
3471,128,130,476
3445,109,176,457
3454,131,142,462
3427,137,149,433
3449,101,154,442
3454,129,153,428
3443,108,154,420
3447,137,157,416
3448,123,148,405
3439,136,161,412
3444,142,161,395
3444,141,167,396
3436,125,174,402
3429,218,169,386
3449,162,165,364
3452,226,168,374
3456,145,156,372
3458,159,177,371
3455,172,207,370
3453,165,187,356
3445,176,186,358
3461,161,192,353
3460,117,183,351
3451,165,187,344
3476,150,168,357
3455,164,181,338
3475,160,182,356
3446,161,158,330
3452,162,147,327
3457,135,175,283
3450,161,175,310
3455,152,187,332
3462,6,174,308
3499,137,188,317
3461,155,170,303
3464,148,177,328
3461,146,158,342
3456,164,171,324
3462,146,173,346
3469,150,170,344
3428,150,171,321
3458,148,168,373
3448,148,170,362
3457,146,173,385
3453,153,170,398
3447,151,169,406
3450,149,168,404
3440,151,170,395
3430,141,189,413
3456,148,141,412
3458,146,168,476
3534,146,175,422
3461,136,267,429
3461,152,220,401
3446,152,160,405
3472,123,166,466
3463,143,162,393
3463,26,158,384
3469,125,198,342
3461,142,161,361
3457,137,171,373
3452,145,172,392
3446,157,140,414
3456,134,168,418
3443,140,171,389
3430,143,175,383
3451,158,169,390
3457,141,187,393
3462,136,166,385
3453,132,156,395
3349,141,170,384
3449,157,169,377
3462,142,161,355
3465,153,169,428
3447,140,177,342
3460,137,171,340
3401,158,175,372
3470,139,178,366
3468,141,308,376
3448,129,173,403
3450,139,167,412
3452,138,177,417
3476,133,160,420
3451,106,160,444
3448,304,174,423
3457,156,160,414
3433,138,116,412
3453,142,187,408
3358,144,162,419
3408,144,181,431
3470,136,181,573
3347,143,176,400
3455,145,195,405
3469,153,171,402
3531,140,183,410
3453,141,167,401
3447,144,195,396
3446,142,180,404
3445,152,186,401
3445,139,189,392
3362,133,178,382
3461,140,175,377
3451,148,186,367
3459,136,199,368
3461,128,188,360
3488,70,189,365
3459,137,183,370
3476,122,199,363
3449,137,189,357
3477,138,189,358
3454,143,175,362
3454,138,185,355
3473,129,200,345
3474,144,155,344
3381,137,186,349
3452,142,179,332
3472,132,190,341
3463,138,184,342
3455,147,188,331
3457,155,190,328
3436,136,188,318
3472,132,276,337
3463,139,178,321
3462,139,195,359
3469,138,188,350
3456,142,202,349
3454,139,189,346
3451,147,178,342
3453,137,197,356
3472,149,244,339
3452,137,215,334
3472,141,177,351
3451,145,188,367
3459,138,257,373
3452,137,176,356
3445,137,177,331
3458,135,169,361
3447,142,171,330
3461,128,264,360
3478,137,181,358
3470,143,157,364
3456,135,148,365
3455,130,231,360
3482,119,175,358
3451,156,177,341
3457,139,188,358
3449,152,174,359
3485,183,162,370
3481,131,152,358
3454,137,166,372
3476,103,183,338
3415,133,170,336
3431,131,12,329
3460,140,237,336
3448,138,147,322
3456,136,168,329
3471,133,165,309
3464,128,166,313
3445,134,165,319
3463,147,156,300
3446,135,160,284
3469,159,160,289
3450,257,165,298
3467,138,136,291
3438,155,113,290
3476,123,160,279
3456,154,199,295
3453,76,160,290
3450,136,154,293
3447,136,167,285
3461,143,170,306
3439,169,149,294
3448,129,164,280
3449,166,155,278
3462,34,158,270
3459,145,140,278
3461,141,167,267
3455,143,174,278
3463,135,168,273
3461,144,188,258
3462,142,169,268
3602,144,173,231
3444,144,190,258
3454,161,213,268
3446,142,191,262
3447,251,181,264
3448,144,220,268
3458,132,192,271
3445,147,179,263
3447,137,192,292
3459,156,179,356
3453,145,190,264
3461,138,184,281
3541,139,187,264
3447,146,175,266
3459,143,179,257
3442,129,187,265
3475,136,183,260
3317,139,181,235
3486,115,180,276
3482,79,178,251
3454,131,179,239
3458,141,158,284
3456,136,177,258
3454,130,181,252
3471,146,176,279
3464,138,176,277
3443,138,224,280
3442,140,179,270
3456,141,174,272
3449,135,160,261
3465,160,161,331
3377,142,169,351
3463,136,169,366
3468,136,220,372
3459,133,178,367
3471,133,135,371
3435,137,168,373
3459,136,161,354
3448,136,180,361
3462,125,166,354
3460,125,149,350
3449,152,176,327
3447,137,163,339
3463,134,161,336
3445,124,162,344
3483,133,160,332
3477,132,166,332
3479,131,150,339
3460,130,155,334
3465,126,172,313
3451,115,190,328
3447,129,176,320
3479,129,101,315
3472,129,125,314
3451,133,160,302
3450,132,178,307
3443,126,158,330
3470,129,260,343
3441,129,164,345
3431,121,188,345
3451,224,164,339
3449,130,164,335
3449,130,159,332
3446,135,154,314
3459,109,168,322
3458,128,140,313
3461,128,164,311
3477,121,166,315
3428,133,181,309
3470,132,182,304
3449,136,156,298
3450,132,182,303
3451,130,163,305
3440,131,173,307
3450,131,178,293
3449,139,162,301
3426,119,171,291
3455,146,172,293
3462,129,176,280
3458,129,183,281
3431,133,175,197
3464,128,182,291
3463,118,173,264
3464,132,200,268
3469,121,178,270
3457,99,185,248
3463,128,171,272
3449,118,171,269
3432,129,178,245
3455,122,142,244
3451,128,170,243
3447,128,166,260
3462,137,156,280
3446,114,166,284
3453,129,171,265
3442,131,163,267
3446,124,161,270
3453,138,164,277
3450,117,174,267
3458,126,153,268
3457,126,166,266
3469,122,178,283
3469,124,148,285
3461,145,155,259
3459,125,161,249
3465,122,158,256
3456,129,132,264
3446,126,157,240
3445,124,164,214
3442,160,166,259
3448,140,170,260
3450,140,180,265
3445,141,187,253
3481,180,188,266
3471,139,184,258
3451,136,197,265
3459,175,190,268
3472,136,202,256
3452,142,208,237
3459,128,211,254
3456,129,215,243
3443,143,215,165
3439,135,225,243
3474,139,206,238
3457,0,216,234
3460,118,210,285
3464,138,212,224
3435,130,226,217
3461,136,74,221
3448,144,215,245
3460,121,222,219
3462,141,208,225
3448,139,208,202
3464,225,203,211
3462,161,198,210
3469,149,201,212
3471,139,212,220
3459,124,198,242
3451,250,200,221
3431,134,194,222
3474,136,198,242
3448,142,196,222
3442,132,202,222
3455,160,194,216
3444,131,204,250
3438,144,192,256
3451,133,168,256
3448,144,192,262
3451,139,192,262
3430,142,198,264
3447,137,180,272
3456,170,188,267
3591,139,193,283
3459,142,181,267
3449,256,189,262
3455,137,179,263
3514,117,184,259
3458,123,171,259
3461,144,189,239
3447,136,186,250
3462,154,179,240
3441,117,190,241
3450,147,183,252
3449,134,182,248
3458,149,181,263
3438,143,184,157
3464,178,180,243
3467,132,177,247
3447,141,207,243
3463,125,167,257
3454,147,179,274
3458,132,185,285
3460,107,180,296
3448,117,195,287
3480,134,179,292
3456,131,176,281
3420,132,176,280
3453,157,169,285
3457,29,171,283
3461,129,178,366
3475,136,173,360
3444,147,164,374
3444,150,169,365
3432,141,115,381
3448,141,152,403
3455,0,171,389
3482,182,174,394
3450,140,237,399
3443,141,166,392
3470,54,142,392
3464,132,163,390
3464,146,152,402
3470,138,160,385
3449,132,175,386
3336,124,163,315
3450,137,159,357
3445,137,160,362
3457,128,140,355
3474,143,161,349
3450,149,163,349
3445,138,181,339
3447,148,160,248
3445,134,165,340
3474,144,174,335
3446,131,160,478
3462,145,179,367
3471,159,155,361
3462,142,173,356
3461,118,165,372
3458,156,167,352
3449,140,172,356
3438,131,173,340
3455,141,160,333
3463,128,163,338
3449,142,152,370
3445,150,194,369
3455,141,144,358
3445,128,160,359
3475,138,271,366
3444,276,158,364
3540,115,155,362
3445,140,146,346
3459,137,185,374
3470,139,157,361
3452,138,154,353
3456,120,157,354
3455,139,150,340
3441,139,172,357
3455,140,160,345
3454,131,151,334
3447,80,159,342
3472,131,163,362
3432,136,169,337
3446,153,152,332
3444,110,160,322
3468,130,150,312
3448,125,162,298
3433,118,159,312
3440,134,168,302
3459,123,167,221
3463,129,157,312
3465,139,171,304
3452,124,174,306
3459,106,155,302
3454,124,145,309
3450,149,152,372
3447,152,159,289
3448,132,149,283
3460,138,150,283
3321,128,163,388
3455,132,156,336
3358,108,152,220
3467,133,155,338
3453,132,174,322
3440,122,178,327
3471,133,140,329
3451,156,155,315
3457,131,155,316
3457,119,150,306
3459,119,158,306
3445,156,115,304
3483,123,166,301
3447,146,140,381
3457,128,164,310
3396,130,153,309
3450,115,146,291
3446,130,160,296
3461,133,124,293
3371,108,145,213
3467,146,152,283
3447,152,156,261
3473,142,171,267
3455,134,158,176
3443,146,150,267
3464,90,145,289
3457,142,167,281
3462,135,151,281
3449,158,132,289
3445,141,149,276
3458,144,147,268
3439,144,150,281
3456,133,150,256
3438,154,134,273
3452,176,144,269
3457,156,138,278
3449,123,146,305
3451,142,147,308
3451,170,147,314
3463,130,150,317
3449,141,142,325
3456,145,148,316
3472,145,146,319
3423,152,147,313
3457,163,149,307
3456,183,147,305
3458,150,165,295
3460,154,147,302
3471,158,146,286
3456,156,144,290
3315,156,147,276
3449,158,165,290
3443,154,133,304
3451,148,149,342
3450,153,142,363
3452,154,144,374
3456,155,151,380
3476,140,147,396
3449,153,152,388
3450,150,144,392
3456,163,164,385
3468,143,114,392
3463,151,151,384
3447,147,151,375
3469,137,250,382
3452,146,143,386
3450,146,153,378
3449,156,151,377
3457,147,144,391
3456,148,148,374
3446,150,154,344
3458,135,172,361
3435,161,147,340
3448,161,154,335
3453,153,134,331
3434,146,158,324
3455,152,155,345
3465,150,172,324
3490,148,143,357
3472,147,158,320
3465,147,131,320
3450,136,159,316
3446,148,277,295
3480,147,159,308
3459,150,150,286
3449,148,153,304
3454,145,145,298
3448,154,79,282
3453,142,157,334
3446,146,270,330
3474,144,265,325
3460,172,154,325
3445,144,152,326
3456,141,161,317
3449,145,175,299
3443,149,162,313
3456,152,154,390
3460,162,137,314
3458,147,132,322
3480,139,157,305
3436,160,156,293
3451,160,141,319
3465,177,152,301
3466,149,155,313
3467,142,158,234
3460,146,160,320
3451,146,158,366
3464,139,157,372
3451,144,132,373
3467,157,156,373
3461,126,152,374
3451,143,150,370
3457,150,164,374
3449,145,122,373
3445,134,157,365
3458,141,157,398
3453,113,156,396
3453,142,154,396
3453,162,149,406
3450,140,164,405
3455,157,144,405
3453,85,154,400
3449,143,160,418
3451,225,153,390
3467,131,151,385
3456,144,144,396
3457,143,168,380
3458,130,124,374
3450,143,152,366
3439,154,152,359
3537,141,134,330
3491,141,149,362
3469,141,168,359
3478,136,144,351
3455,149,160,328
3482,145,134,340
3458,114,162,335
3454,142,150,332
3448,150,156,343
3472,167,137,321
3479,162,152,348
3448,180,152,354
3479,145,150,358
3458,142,155,352
3449,159,134,345
3451,161,158,341
3447,159,150,341
3456,158,148,336
3439,161,151,326
3474,153,150,329
3463,151,144,322
3487,151,145,321
3476,158,273,320
3467,152,147,320
3455,169,137,310
3426,150,163,315
3480,157,159,331
3442,165,146,290
3451,163,139,335
3450,280,144,341
3441,164,162,315
3444,150,102,332
3426,167,152,329
3504,148,161,333
3468,166,34,317
3435,166,146,299
3446,189,140,317
3435,171,156,318
3471,145,151,322
3452,187,138,306
3465,162,172,309
3444,176,154,289
3466,162,162,304
3466,147,241,328
3453,159,149,285
3452,158,157,296
3452,157,126,310
3457,38,152,300
3448,149,156,303
3449,168,161,286
3433,172,148,286
3431,176,163,282
3448,157,166,257
3441,157,160,265
3457,161,156,266
3464,155,161,257
3464,157,151,258
3460,150,154,190
3458,100,159,256
3426,154,155,242
3460,154,157,246
3450,153,219,267
3447,152,147,244
3451,153,160,240
3460,162,156,242
3420,148,176,246
3451,173,159,245
3451,152,164,243
3447,180,150,241
3426,159,141,234
3379,153,155,246
3458,153,131,230
3458,151,154,235
3454,140,151,230
3452,151,154,230
3447,152,178,229
3453,176,124,235
3421,152,164,233
3457,170,160,235
3453,149,169,241
3459,149,180,232
3447,145,202,245
3483,150,156,244
3459,181,150,267
3455,151,180,249
3456,171,165,248
3426,161,165,246
3449,167,159,253
3449,156,134,254
3470,136,161,253
3462,182,160,272
3449,155,180,254
3475,169,159,261
3451,184,155,253
3477,173,161,252
3463,205,182,237
3465,177,158,246
3455,102,177,250
3455,177,153,247
3464,179,159,251
3443,187,137,256
3445,149,173,235
3450,149,168,221
3462,174,163,242
3459,170,162,256
3469,170,161,227
3404,151,184,199
3552,178,168,351
3448,155,185,240
3463,166,187,236
3465,168,200,238
3473,155,174,241
3457,181,164,232
3452,148,186,216
3467,164,148,224
3450,162,187,216
3443,153,157,242
3448,160,189,209
3451,160,199,225
3445,174,186,227
3428,169,183,219
3459,171,192,216
3490,165,192,224
3462,171,210,231
3460,161,173,222
3480,163,184,225
3478,160,192,229
3452,161,182,222
3456,190,190,232
3469,160,90,227
3443,164,206,226
3429,171,186,230
3452,160,187,227
3423,172,186,235
3451,162,186,242
3466,158,186,232
3445,154,315,233
3437,168,85,218
3423,150,262,228
3448,158,186,230
3573,139,197,230
3458,151,188,233
3431,162,200,276
3492,93,200,273
3461,156,195,266
3458,149,206,279
3464,148,208,258
3461,164,187,284
3454,150,212,275
3455,170,195,256
3452,149,197,259
3448,146,213,253
3435,145,137,248
3443,147,196,251
3450,147,199,253
3450,146,208,275
3451,125,196,242
3439,140,193,241
3454,147,194,241
3456,163,198,229
3459,135,202,244
3457,146,204,233
3439,144,212,229
3450,143,198,297
3450,124,229,236
3449,138,216,231
3424,144,205,216
3448,120,202,234
3450,142,193,215
3505,145,202,220
3442,145,203,217
3451,146,205,221
3479,141,184,221
3463,153,194,217
3461,146,205,214
3448,135,196,211
3461,152,193,216
3452,153,214,195
3438,144,279,210
3464,131,212,207
3463,139,176,210
3437,145,198,205
3468,147,186,218
3444,165,196,209
3458,176,199,220
3452,162,192,219
3454,167,211,232
3447,150,214,258
3444,186,189,252
3444,150,221,252
3464,138,208,262
3446,156,227,247
3438,156,229,244
3443,163,216,232
3478,162,130,242
3460,156,223,229
3455,150,226,248
3459,165,252,246
3466,159,222,246
3480,163,220,239
3454,158,230,225
3457,148,231,144
3461,167,201,247
3451,156,218,236
3434,148,228,235
3447,140,234,235
3451,165,219,234
3431,156,213,239
3455,150,226,220
3451,161,210,258
3448,156,208,222
3460,144,217,230
3447,150,213,236
3454,137,218,224
3459,272,211,242
3452,152,212,247
3469,133,294,253
3461,224,208,251
3458,150,230,253
3454,136,217,246
3444,148,200,212
3482,148,202,246
3448,153,203,244
3468,117,216,226
3451,152,200,231
3460,147,200,208
3453,145,196,210
3454,144,211,221
3457,30,192,219
3470,144,195,224
3436,140,204,221
3489,139,193,228
3457,147,218,218
3459,148,189,211
3457,138,188,197
3440,137,188,207
3450,167,181,207
3452,140,207,194
3449,156,187,210
3445,161,191,210
3451,144,197,241
3455,151,199,247
3441,163,204,244
3463,146,200,262
3447,162,197,267
3405,151,198,258
3458,144,194,258
3463,69,201,232
3469,145,186,254
3475,120,199,295
3460,149,206,242
3454,133,190,234
3441,131,197,234
3455,144,168,235
3418,121,189,113
3460,129,192,244
3446,145,199,210
3451,145,192,235
3447,145,202,226
3452,92,190,242
3454,143,185,220
3387,136,189,223
3450,143,182,220
3446,133,184,224
3465,142,190,213
3461,137,243,233
3455,159,160,220
3483,146,194,281
3454,156,195,227
3434,146,197,219
3458,144,193,222
3458,142,189,219
3471,145,123,240
3449,139,173,254
3451,132,199,254
3459,144,173,253
3427,118,187,216
3459,143,166,261
3450,247,187,243
3449,131,192,202
3448,161,187,245
3577,145,187,238
3450,237,192,216
3457,129,183,220
3456,129,177,223
3467,124,182,219
3452,137,199,229
3468,147,188,229
3454,140,186,223
3458,140,178,246
3484,136,166,228
3443,135,183,225
3473,140,186,242
3441,128,183,210
3446,123,178,372
3443,137,183,223
3448,115,198,215
3464,140,196,216
3439,137,184,223
3462,135,186,217
3467,132,201,208
3510,117,206,221
3468,125,195,220
3458,132,224,224
3454,218,203,222
3421,144,202,212
3451,158,210,223
3458,143,209,215
3457,137,204,199
3452,147,181,214
3449,162,195,216
3459,145,196,225
3453,141,196,212
3447,144,194,217
3458,173,167,243
3444,134,223,250
3457,154,192,241
3459,145,185,231
3459,119,187,194
3466,167,187,224
3456,137,187,253
3459,141,186,240
3453,140,170,241
3465,142,184,243
3451,146,176,245
3442,148,154,216
3455,141,154,238
3434,132,178,232
3457,142,180,232
3449,114,178,227
3467,133,181,226
3446,175,157,232
3458,142,160,216
3458,133,152,217
3428,138,183,214
3466,146,195,216
3464,133,160,212
3481,128,184,213
3466,133,187,226
3441,137,174,219
3452,3,173,209
3437,144,152,197
3451,144,180,195
3449,109,186,208
3433,128,200,204
3450,133,186,221
3435,147,191,185
3416,134,214,208
3456,136,182,217
3459,108,209,221
3457,128,212,228
3472,140,222,236
3457,132,209,231
3457,157,208,241
3456,112,217,240
3448,132,213,247
3463,143,225,218
3463,170,207,233
3321,151,204,125
3461,175,228,239
3478,170,216,235
3454,194,208,263
3455,172,194,243
3456,154,206,308
3455,172,208,233
3451,181,198,244
3436,168,204,243
3453,139,208,242
3439,180,202,223
3457,186,238,211
3457,185,181,227
3468,165,201,219
3470,156,200,216
3480,162,197,208
3443,172,193,206
3458,164,122,212
3447,172,183,212
3410,168,202,208
3459,174,192,199
3450,174,194,212
3449,173,198,217
3453,170,194,221
3448,169,210,259
3464,179,211,222
3456,168,190,238
3464,165,216,230
3466,167,205,224
3461,226,206,224
3448,158,214,207
3464,164,192,224
3464,161,234,213
3445,174,217,212
3460,162,207,205
3460,162,220,213
3473,145,222,214
3454,154,210,188
3455,166,209,206
3455,160,207,226
3449,149,218,250
3453,157,208,264
3449,149,222,262
3449,11,247,261
3459,175,230,268
3453,146,217,266
3459,155,214,253
3464,149,222,266
3475,151,222,250
3487,152,216,244
3466,148,216,242
3453,149,216,237
3455,149,205,246
3408,150,220,246
3459,149,217,237
3453,77,196,231
3457,152,212,215
3450,156,220,244
3452,173,206,231
3461,146,228,235
3453,147,206,239
3450,146,209,205
3459,131,214,228
3458,145,184,219
3442,137,210,199
3465,146,202,216
3436,140,209,197
3338,143,204,221
3469,141,199,213
3452,128,225,204
3455,95,198,202
3452,150,198,195
3453,128,204,190
3443,157,189,215
3449,141,186,207
3455,156,192,214
3464,138,197,203
3449,128,196,211
3460,135,179,211
3452,142,190,213
3453,142,183,283
3440,121,210,209
3462,141,184,207
3452,148,178,226
3437,140,194,242
3465,152,188,239
3463,119,213,243
3477,150,185,215
3434,151,168,236
3447,145,180,251
3450,148,148,244
3449,172,162,248
3464,155,177,283
3403,153,182,268
3468,148,183,286
3456,160,239,302
3452,141,194,312
3462,178,197,320
3463,100,195,300
3470,149,195,313
3463,145,183,305
3463,123,210,366
3472,151,210,354
3431,149,215,360
3460,146,190,359
3425,150,214,351
3459,153,204,357
3451,165,184,368
3451,150,224,365
3469,138,237,372
3459,146,222,400
3452,150,212,392
3469,158,221,388
3460,146,226,378
3460,153,207,379
3459,146,216,386
3468,135,188,363
3457,150,218,364
3459,131,210,392
3472,146,202,403
3480,164,206,403
3467,149,197,410
3449,152,214,402
3460,163,221,374
3468,150,194,397
3464,162,174,389
3453,74,212,385
3452,144,196,389
3444,145,206,392
3437,145,197,413
3458,121,195,414
3467,138,193,401
3434,142,196,378
3434,144,190,382
3457,158,180,370
3478,128,190,486
3466,134,189,542
3469,141,187,396
3465,136,187,394
3470,138,189,405
3459,136,185,377
3617,143,187,368
3460,141,227,368
3456,106,193,370
3446,149,209,355
3492,133,168,357
3466,141,175,339
3459,129,182,345
3471,135,167,339
3447,136,286,316
3463,118,156,328
3456,152,179,323
3480,137,196,322
3468,121,197,359
3446,129,153,352
3477,133,70,360
3452,145,179,387
3470,116,224,375
3471,132,176,369
3441,124,176,367
3457,133,175,361
3455,209,166,355
3478,119,166,349
3455,140,178,334
3461,131,175,344
3451,101,172,336
3471,121,172,327
3473,138,165,325
3466,154,160,329
3464,135,152,313
3466,128,177,310
3446,125,239,347
3483,139,169,327
3443,143,174,347
3467,138,163,336
3469,166,158,339
3461,128,184,318
3464,144,170,302
3446,172,158,330
3488,146,168,309
3455,146,154,304
3454,121,165,302
3462,147,158,313
3463,144,192,308
3329,145,179,324
3455,161,164,329
3472,161,171,310
3469,143,188,297
3474,152,169,337
3468,141,168,340
3491,148,174,342
3466,144,182,332
3470,140,161,323
3469,132,192,320
3460,145,171,315
3460,141,171,315
3472,123,171,316
3332,134,168,185
3458,138,187,312
3461,141,144,302
3448,140,171,292
3468,139,178,296
3460,157,162,379
3455,136,167,280
3464,157,151,276
3472,130,183,282
3493,124,166,312
3487,146,138,336
3467,142,158,403
3469,136,156,320
3467,137,142,315
3467,146,148,320
3465,138,164,289
3468,128,173,266
3470,95,169,314
3457,123,180,325
3460,136,200,344
3458,136,203,337
3443,132,193,325
3452,143,193,338
3470,108,205,328
3480,192,175,345
3463,134,195,324
3479,136,203,341
3483,131,192,348
3458,125,205,350
3461,135,191,342
3472,139,192,227
3456,211,204,334
3468,137,181,332
3598,105,182,326
3466,118,184,469
3462,132,180,294
3458,120,181,309
3457,134,130,305
3476,103,202,300
3443,141,182,294
3460,136,211,290
3457,130,178,298
3461,126,173,264
3447,139,181,284
3493,122,182,278
3351,113,182,267
3476,106,193,268
3465,133,183,249
3461,172,183,263
3462,130,182,259
3458,134,274,259
3455,157,157,258
3449,243,187,243
3464,154,188,308
3471,158,199,306
3545,153,185,330
3462,157,184,307
3437,150,139,303
3468,169,172,305
3473,170,168,300
3471,156,176,293
3475,167,179,276
3476,157,188,292
3479,152,181,293
3475,171,175,177
3476,160,185,277
3448,146,195,261
3471,153,192,274
3469,169,176,270
3446,163,170,237
3463,154,150,290
3453,142,45,305
3455,150,195,310
3460,154,199,310
3463,149,236,333
3461,149,208,334
3460,162,83,342
3468,147,214,359
3465,149,211,335
3473,147,208,389
3467,149,244,417
3467,146,209,391
3470,148,226,388
3475,145,230,383
3477,140,227,388
3466,129,235,383
3479,144,237,389
3474,149,209,385
3457,145,224,382
3479,146,216,378
3464,162,217,373
3462,145,222,374
3490,143,214,400
3477,144,213,360
3464,122,212,359
3469,132,206,358
3471,129,213,353
3464,144,240,344
3462,139,230,345
3506,131,208,356
3442,144,205,317
3471,130,201,416
3475,171,192,329
3462,142,214,304
3468,118,192,320
3449,136,211,318
3455,112,193,314
3462,138,199,318
3462,116,207,312
3461,131,199,423
3485,146,197,306
3462,129,198,304
3476,157,192,294
3471,124,195,302
3493,120,194,292
3502,136,199,301
3472,108,199,414
3481,135,198,268
3481,118,209,261
3462,160,187,284
3466,132,197,278
3469,133,195,266
3465,145,189,265
3596,117,194,290
3462,133,217,299
3456,133,223,296
3465,122,193,291
3473,133,195,287
3472,100,200,283
3462,149,177,278
3475,149,189,264
3369,130,190,290
3470,129,199,276
3473,115,192,267
3466,103,188,269
3469,133,222,258
3469,134,188,274
3443,132,188,281
3433,136,190,304
3458,153,188,275
3476,124,187,237
3471,135,207,285
3466,139,183,264
3467,138,175,280
3445,138,184,252
3474,0,181,265
3489,163,185,263
3460,146,175,230
3476,128,180,254
3446,135,181,256
3477,126,180,253
3479,161,177,245
3457,131,175,248
3458,128,177,251
3464,130,177,220
3470,130,175,241
3485,128,174,238
3443,132,176,244
3473,54,152,249
3466,136,178,254
3491,139,161,250
3464,135,176,231
3478,119,176,261
3472,132,168,275
3475,133,181,279
3477,133,176,269
3476,117,177,247
3499,132,174,329
3488,130,172,325
3445,140,174,329
3472,128,170,364
3487,130,171,341
3471,121,174,355
3494,129,172,335
3464,120,182,336
3476,133,31,331
3455,148,170,282
3460,135,146,357
3461,118,154,350
3453,128,167,334
3452,133,175,327
3459,133,208,325
3469,113,177,328
3453,128,192,305
3467,133,182,319
3471,114,184,310
3479,57,181,302
3481,140,176,296
3470,141,181,284
3485,141,101,283
3463,130,183,295
3447,140,186,281
3465,146,191,285
3477,152,166,280
3470,144,195,278
3480,143,189,273
3464,130,200,273
3465,159,185,277
3454,139,190,264
3466,114,195,276
3450,137,259,260
3478,140,193,261
3466,154,182,261
3467,149,210,254
3466,161,186,256
3481,170,184,240
3463,156,189,249
3473,174,180,246
3471,169,204,256
3478,165,162,260
3468,169,194,240
3463,145,177,285
3462,193,182,268
3463,188,193,259
3459,170,173,298
3468,165,174,269
3470,166,176,288
3464,175,175,284
3466,153,173,289
3488,164,182,350
3464,143,174,375
3470,165,164,379
3469,152,166,394
3463,166,177,402
3463,169,171,406
3471,140,186,407
3484,155,162,402
3446,152,208,399
3465,150,208,398
3481,160,196,391
3460,176,189,391
3468,173,187,392
3468,142,202,382
3469,146,189,385
3438,163,190,376
3466,159,203,374
3478,150,162,366
3484,168,186,363
3475,231,186,358
3445,158,178,332
3455,153,182,368
3463,157,165,346
3468,151,188,332
3483,150,177,336
3472,158,185,318
3477,148,180,319
3469,172,210,320
3488,142,161,315
3467,166,171,314
3461,150,200,310
3470,148,168,301
3442,152,170,302
3469,148,175,305
3464,143,147,305
3461,135,184,304
3474,137,180,352
3483,147,165,363
3446,233,171,343
3467,163,158,349
3468,148,184,337
3474,156,170,360
3454,139,177,324
3470,143,180,321
3574,169,152,387
3473,132,234,357
3471,141,168,374
3455,124,183,330
3464,134,169,363
3488,115,164,342
3460,132,154,337
3478,167,162,332
3464,128,195,326
3489,141,166,320
3461,151,170,309
3463,144,178,306
3470,163,154,318
3464,155,180,294
3476,153,86,310
3505,148,156,302
3465,175,181,308
3468,187,176,308
3475,229,175,350
3463,160,172,361
3470,158,167,349
3383,141,176,326
3467,175,171,349
3494,157,174,358
3501,101,176,343
3488,146,176,332
3465,45,189,345
3473,133,170,346
3461,154,262,314
3468,154,171,326
3470,154,199,320
3473,151,175,327
3469,153,158,317
3466,151,156,312
3442,153,177,320
3460,149,179,320
3459,116,175,384
3459,151,164,389
3460,150,164,381
3468,152,169,372
3465,148,174,377
3320,148,176,382
3490,152,173,378
3467,34,189,384
3471,159,178,388
3473,134,183,294
3497,147,172,398
3460,134,168,390
3463,41,172,380
3436,146,170,364
3451,148,168,375
3472,139,163,357
3456,144,192,354
3466,130,169,360
3457,141,167,364
3473,144,167,352
3468,143,164,352
3491,111,164,340
3509,143,163,340
3474,148,146,349
3483,134,131,324
3476,151,162,316
3473,150,155,324
3476,153,157,370
3455,138,190,345
3465,105,158,348
3467,149,212,352
3464,136,168,354
3482,138,149,410
3470,136,160,418
3473,142,160,414
3462,128,164,461
3462,137,156,465
3463,140,160,494
3455,135,174,483
3459,137,158,478
3473,139,156,462
3466,135,146,484
3444,130,135,467
3474,133,135,464
3480,133,144,466
3472,130,147,451
3462,114,155,451
3457,160,146,458
3473,132,161,438
3470,130,153,445
3478,0,153,422
3467,132,150,396
3459,133,153,422
3449,128,153,432
3451,158,169,458
3459,145,149,444
3464,153,138,447
3438,216,151,441
3464,168,148,438
3469,175,122,440
3467,169,154,436
3482,162,138,438
3471,160,149,429
3465,171,167,410
3462,172,147,414
3321,157,148,423
3472,158,134,416
3457,159,145,397
3474,154,148,392
3460,157,146,367
3467,146,155,395
3483,157,272,396
3466,157,149,389
3476,169,137,390
3474,153,158,392
3473,151,140,408
3482,167,143,381
3482,154,136,371
3543,166,139,369
3462,161,170,371
3471,143,147,375
3527,154,145,347
3452,151,148,358
3469,151,160,360
3463,152,203,331
3466,150,129,340
3472,154,140,330
3482,139,146,322
3475,148,147,326
3465,128,155,318
3481,152,106,312
3470,148,157,306
3442,142,156,286
3472,146,155,305
3468,163,145,297
3479,148,140,297
3461,134,151,283
3472,141,147,282
3475,147,154,272
3464,172,152,277
3454,144,153,282
3423,141,160,343
3470,219,172,268
3484,140,151,252
3457,156,144,238
3496,140,140,263
3482,4,153,266
3466,148,151,264
3459,140,150,251
3480,138,145,272
3578,138,149,241
3471,143,130,250
3486,121,164,248
3472,130,152,256
3474,136,152,300
3482,136,154,283
3476,125,162,304
3462,147,153,300
3462,146,152,187
3491,152,120,295
3470,138,152,288
3467,114,158,288
3461,128,170,290
3454,136,158,298
3475,137,160,306
3465,138,107,301
3488,135,80,295
3472,136,143,297
3455,132,160,293
3465,128,160,283
3460,133,160,265
3507,130,148,285
3461,133,159,272
3463,0,162,282
3422,137,158,294
3452,211,163,280
3464,137,167,278
3479,142,243,277
3478,198,158,267
3468,152,148,274
3462,123,155,262
3437,134,156,282
3468,138,157,256
3460,136,160,248
3454,137,176,229
3461,114,151,247
3465,125,153,238
3458,132,149,237
3473,114,147,245
3474,132,153,229
3469,130,167,221
3467,132,208,231
3460,129,150,205
3473,132,147,236
3418,142,153,223
3458,129,151,222
3467,148,153,231
3484,130,154,226
3465,130,148,258
3481,132,152,271
3460,132,154,271
3465,102,151,274
3468,133,151,266
3470,143,150,262
3466,107,166,265
3465,112,153,264
3492,128,147,265
3471,131,151,269
3469,125,115,256
3479,129,147,258
3437,131,149,187
3469,140,136,232
3466,114,159,249
3467,150,142,250
3454,118,167,256
3462,128,146,268
3491,136,118,258
3466,113,157,263
3475,126,144,261
3469,125,142,261
3471,133,145,256
3472,125,139,257
3464,123,151,281
3439,123,142,296
3460,113,142,298
3473,125,114,294
3446,122,158,286
3474,91,142,307
3472,131,148,288
3344,112,146,276
3451,95,157,290
3480,129,141,290
3481,123,152,329
3454,136,136,350
3474,130,158,371
3458,142,140,372
3459,141,168,361
3471,137,142,315
3464,150,146,355
3465,148,145,361
3467,149,144,356
3474,152,119,375
3469,150,143,359
3459,150,143,342
3490,124,162,342
3455,146,142,339
3445,141,155,335
3466,148,146,337
3452,152,124,342
3460,151,138,363
3437,148,167,329
3448,126,109,349
3456,148,153,347
3462,139,144,338
3468,215,150,350
3453,134,147,345
3476,143,149,339
3459,144,146,334
3482,150,148,240
3469,153,138,346
3471,150,163,337
3543,151,148,362
3485,132,140,343
3477,48,148,330
3470,146,121,336
3450,167,139,320
3466,152,142,334
3459,144,157,336
3456,152,150,320
3459,148,148,317
3456,158,149,317
3463,150,159,339
3464,166,164,317
3457,146,175,321
3460,146,141,321
3441,140,171,315
3481,140,160,308
3462,144,164,304
3463,125,162,309
3487,144,158,303
3534,143,160,300
3479,164,150,304
3474,147,142,306
3472,133,165,296
3467,135,163,436
3467,130,182,325
3465,142,195,322
3460,136,158,320
3497,139,158,344
3465,138,158,318
3487,137,166,307
3470,158,142,311
3474,116,157,308
3468,138,179,276
3451,130,174,297
3471,139,171,292
3479,108,172,294
3467,137,174,292
3465,136,160,290
3514,138,164,278
3495,134,158,299
3464,117,153,277
3451,125,172,285
3462,136,136,274
3465,126,159,276
3467,134,160,278
3573,135,162,277
3467,122,114,249
3469,135,174,254
3465,130,159,240
3472,124,152,251
3448,128,167,247
3470,126,156,239
3475,50,157,244
3466,135,152,222
3486,136,153,250
3463,136,154,223
3463,74,168,238
3448,144,156,221
3455,129,157,226
3454,152,128,237
3447,143,157,210
3481,134,171,228
3452,134,161,223
3467,135,181,224
3474,264,163,220
3475,144,155,266
3466,133,177,261
3461,155,161,258
3468,120,159,356
3467,148,164,328
3458,131,174,323
3318,144,170,344
3467,147,167,315
3407,129,193,307
3474,144,169,344
3466,143,166,362
3472,160,169,315
3458,152,144,370
3462,29,166,358
3445,140,166,351
3473,139,174,358
3475,128,166,351
3486,138,166,351
3476,136,166,360
3471,132,176,342
3472,129,159,352
3465,148,158,345
3464,142,227,356
3482,144,164,350
3457,144,148,312
3475,142,160,325
3467,159,157,320
3481,141,166,312
3466,136,146,309
3469,144,155,305
3465,139,161,334
3466,139,159,338
3448,150,159,331
3469,131,160,340
3455,150,115,328
3465,141,173,333
3469,157,168,333
3445,130,170,325
3469,109,169,306
3484,127,155,322
3474,247,159,319
3470,141,215,299
3489,135,160,321
3467,138,149,296
3465,132,148,311
3462,134,160,298
3449,130,0,294
3458,132,172,308
3469,110,148,303
3436,131,104,306
3458,137,165,320
3482,118,154,283
3490,135,166,311
3442,140,149,304
3471,132,162,304
3469,178,137,305
3462,111,175,246
3480,115,158,290
3438,123,164,281
3469,132,155,276
3469,143,152,225
3470,132,162,274
3507,85,156,268
3449,110,172,268
3457,123,145,263
3466,129,147,291
3470,115,159,306
3442,129,154,314
3451,129,158,304
3468,126,148,296
3558,143,158,396
3456,133,167,316
3482,134,271,302
3469,132,159,295
3466,128,222,328
3467,128,176,332
3467,116,182,316
3482,124,161,325
3473,124,159,334
3492,112,170,326
3471,125,166,314
3465,129,170,320
3525,128,169,335
3455,117,167,324
3628,137,170,333
3424,139,170,312
3457,129,152,315
3469,142,166,313
3467,140,165,302
3467,139,164,307
3470,144,170,296
3469,141,172,301
3473,140,170,305
3461,134,107,318
3472,139,151,294
3464,141,167,289
3477,129,160,285
3455,146,152,272
3482,143,163,282
3472,141,160,283
3465,139,159,273
3466,135,155,283
3461,137,152,280
3477,120,187,274
3468,144,161,274
3416,123,154,215
3464,146,150,268
3439,142,155,262
3469,138,168,258
3469,163,150,258
3468,150,166,265
3466,146,153,256
3478,146,135,247
3461,149,143,241
3464,146,157,259
3457,157,141,249
3446,150,157,239
3458,147,155,232
3461,145,160,245
3460,144,179,246
3456,128,162,230
3461,143,163,232
3459,128,167,238
3473,139,156,238
3485,198,147,242
3469,133,156,226
3461,185,174,233
3467,148,183,234
3470,146,141,235
3470,135,172,220
3476,147,164,228
3372,130,167,90
3467,143,166,218
3475,149,153,221
3475,147,168,207
3474,157,160,265
3534,156,170,379
3454,141,164,286
3479,169,156,294
3468,147,163,284
3476,148,168,290
3464,154,169,265
3464,147,168,275
3464,165,168,184
3495,133,182,290
3475,140,168,320
3468,22,168,295
3483,140,165,299
3458,87,165,301
3448,145,177,314
3483,150,136,302
3449,123,141,304
3472,136,160,332
3458,167,182,332
3436,152,193,331
3472,138,172,331
3454,126,200,343
3469,155,184,364
3469,140,177,354
3470,130,182,342
3468,166,192,336
3461,112,203,349
3487,132,281,333
3460,138,192,329
3465,133,184,314
3461,141,190,310
3461,148,191,328
3462,149,193,352
3465,154,187,302
3453,174,190,297
3463,158,190,300
3461,154,184,289
3462,300,191,296
3467,145,190,290
3463,154,188,295
3460,150,181,259
3471,143,206,286
3470,154,184,280
3475,144,170,276
3451,128,182,378
3460,155,186,307
3485,142,248,321
3439,150,186,310
3475,128,180,304
3473,150,169,300
3470,140,185,284
3457,156,152,300
3460,165,192,294
3456,151,190,295
3609,150,181,288
3467,161,159,284
3463,219,174,278
3445,156,176,254
3512,141,171,270
3450,145,179,273
3470,146,173,272
3458,124,176,331
3467,147,175,323
3459,147,180,314
3469,155,164,354
3456,144,211,332
3461,150,169,337
3466,74,187,329
3455,165,173,313
3429,153,161,323
3471,126,174,326
3457,142,173,324
3454,105,173,326
3454,144,177,326
3449,144,177,315
3354,153,177,333
3452,157,179,325
3457,117,160,322
3470,135,168,326
3455,138,250,367
3481,137,180,362
3469,144,184,353
3461,158,188,358
3431,129,195,364
3469,136,185,365
3469,136,205,348
3474,161,186,345
3450,132,241,344
3461,134,164,352
3460,22,189,344
3465,156,190,338
3456,138,190,333
3464,116,187,325
3471,132,214,319
3475,72,185,317
3464,137,207,299
3450,133,182,354
3464,136,186,391
3473,147,183,368
3465,135,196,376
3463,135,183,394
3439,131,171,376
3458,134,171,386
3465,131,169,372
3456,136,189,368
3457,151,178,369
3456,135,192,360
3454,143,181,388
3452,134,178,352
3449,132,190,346
3456,129,192,366
3467,121,198,339
3470,129,182,347
3436,132,181,320
3462,131,170,344
3484,64,182,354
3464,105,184,350
3479,128,180,335
3466,116,202,332
3477,128,181,355
3463,132,175,332
3458,126,183,323
3444,151,171,331
3436,120,178,294
3463,134,157,318
3459,128,175,306
3442,136,176,212
3468,132,151,283
3459,128,187,281
3471,99,188,282
3459,129,190,273
3476,119,257,334
3441,122,174,319
3468,132,157,310
3465,146,168,269
3497,116,165,320
3383,128,169,320
3467,124,161,297
3457,104,161,317
3465,149,161,298
3464,138,166,301
3475,137,163,298
3458,144,159,299
3457,126,151,294
3463,131,162,300
3448,128,160,270
3462,148,152,289
3463,128,156,272
3456,127,145,280
3471,128,160,274
3464,111,176,270
3477,126,152,269
3455,124,160,266
3476,116,156,258
3486,127,159,252
3457,128,158,257
3470,118,164,248
3433,108,160,235
3458,184,158,245
3457,125,123,256
3459,128,157,240
3458,128,168,239
3490,134,156,230
3454,0,160,228
3457,149,166,206
3454,140,158,221
3463,158,141,325
3478,129,167,243
3465,120,151,256
3441,145,149,252
3483,144,152,261
3475,145,153,263
3463,264,152,267
3466,160,151,267
3449,147,143,268
3433,144,150,273
3449,156,165,300
3453,129,174,317
3451,145,165,314
3443,142,235,318
3455,144,152,326
3449,117,166,316
3455,143,160,308
3469,139,147,312
3450,143,160,305
3440,139,163,325
3456,151,149,325
3466,129,177,315
3443,133,195,321
3462,132,181,304
3460,137,198,310
3445,141,177,301
3460,126,169,316
3454,136,177,320
3452,136,181,298
3456,97,161,293
3579,142,178,280
3453,138,177,288
3451,147,192,278
3463,119,179,282
3455,141,174,284
3459,126,192,277
3460,142,170,273
3467,138,220,278
3464,125,165,270
3449,138,172,289
3455,137,187,267
3459,137,170,270
3459,137,199,263
3482,138,180,290
3457,137,170,302
3450,134,177,321
3442,138,188,334
3449,133,172,325
3446,211,176,331
3458,136,172,331
3452,131,170,337
3455,134,170,326
3447,128,171,316
3449,37,178,313
3453,112,132,319
3460,110,162,419
3467,156,148,308
3457,134,187,337
3431,118,155,300
3439,132,164,288
3450,119,166,301
3440,137,161,268
3456,130,164,273
3458,131,162,288
3444,149,189,289
3426,128,232,287
3473,131,161,264
3443,134,160,269
3447,139,141,266
3444,112,164,266
3451,48,159,264
3453,144,153,268
3459,124,178,265
3449,169,154,264
3451,141,140,246
3445,142,230,261
3459,133,157,251
3479,134,142,246
3451,136,156,256
3459,134,154,204
3449,143,130,283
3441,136,152,257
3634,144,154,292
3457,140,144,261
3463,120,154,269
3468,162,152,269
3454,139,145,264
3456,141,160,268
3458,138,148,262
3449,137,190,262
3454,138,173,265
3452,141,181,257
3453,136,152,274
3450,137,148,276
3442,137,157,268
3456,140,170,277
3460,139,154,178
3454,149,154,313
3451,134,138,387
3453,129,155,396
3444,128,169,397
3422,135,157,392
3459,135,159,414
3464,151,141,408
3461,133,161,428
3463,130,174,441
3464,116,155,442
3453,133,177,444
3439,149,162,449
3472,146,165,483
3451,121,158,463
3452,119,164,457
3462,133,162,547
3437,151,162,450
3468,159,151,444
3449,147,192,461
3495,142,152,454
3434,146,169,432
3355,150,160,455
3457,163,149,526
3445,248,171,448
3456,148,156,436
3475,144,156,431
3473,136,165,429
3462,144,156,430
3449,144,128,418
3483,134,156,445
3475,144,154,423
3458,133,157,407
3444,176,146,415
3450,133,153,398
3478,142,154,392
3466,149,247,401
3451,133,142,419
3461,138,153,421
3449,140,178,418
3479,134,178,409
3455,136,160,398
3453,114,164,404
3459,129,158,524
3459,135,159,388
3472,146,158,375
3455,134,154,366
3457,150,164,367
3456,138,171,365
3467,138,160,354
3446,163,152,368
3450,126,182,358
3471,136,288,357
3464,135,24,356
3447,136,176,366
3413,136,185,374
3447,136,180,363
3465,132,40,351
3455,142,185,345
3455,123,192,342
3448,154,187,337
3448,149,189,343
3434,150,183,330
3457,153,205,324
3461,157,188,327
3443,153,184,321
3473,150,186,316
3469,154,202,327
3459,132,196,322
3463,154,194,326
3458,144,188,318
3455,161,190,310
3430,154,188,302
3443,152,196,304
3456,154,174,299
3457,147,180,292
3450,155,183,304
3449,145,190,302
3457,144,190,258
3460,146,171,283
3467,145,153,279
3457,146,158,281
3473,146,180,267
3458,146,178,267
3454,144,164,256
3459,146,177,256
3465,157,171,272
3446,144,178,245
3462,132,174,278
3456,144,166,256
3455,146,168,256
3454,164,163,265
3465,150,140,264
3446,149,169,261
3446,175,170,251
3451,157,176,242
3460,156,170,244
3433,158,182,246
3464,132,168,250
3462,150,182,235
3525,153,167,247
3460,156,145,232
3456,155,231,254
3464,153,171,267
3465,151,172,240
3458,133,172,266
3454,200,142,262
3455,152,167,322
3449,148,153,320
3441,162,51,306
3448,147,180,333
3451,167,165,235
3450,153,167,330
3461,145,207,345
3449,145,330,326
3463,154,171,322
3467,163,161,215
3500,140,177,318
3464,162,132,315
3432,128,183,274
3479,138,163,324
3442,134,23,300
3460,132,161,256
3469,156,140,303
3457,129,170,342
3459,160,144,366
3430,136,226,355
3485,143,156,350
3451,138,86,352
3451,134,173,352
3528,143,158,242
3447,140,329,352
3484,135,157,343
3467,146,156,334
3482,144,155,339
3473,141,154,332
3459,146,173,316
3485,139,158,338
3444,153,154,311
3453,167,154,318
3463,144,147,314
3453,156,153,342
3470,155,154,348
3448,143,150,360
3429,137,176,364
3450,142,164,377
3464,171,161,384
3477,134,164,386
3453,142,184,368
3450,150,180,374
3465,155,156,374
3461,136,132,380
3615,138,164,395
3458,139,166,385
3461,139,178,379
3459,145,157,377
3460,121,171,278
3451,140,154,384
3447,136,228,370
3465,128,168,370
3452,136,145,373
3453,126,162,320
3446,148,142,364
3451,161,162,355
3535,175,163,358
3455,176,156,336
3460,250,135,330
3459,196,158,320
3468,175,173,372
3465,178,159,336
3465,178,156,325
3450,184,158,328
3437,183,157,279
3456,176,164,312
3450,189,145,310
3450,72,188,306
3468,144,175,290
3453,184,167,315
3483,118,163,321
3453,169,153,318
3455,196,139,314
3452,169,139,309
3437,175,178,302
3472,161,128,307
3457,172,160,294
3453,157,160,301
3479,163,149,315
3481,158,122,341
3454,140,160,334
3431,162,167,336
3450,148,154,333
3455,187,153,328
3460,160,158,332
3452,168,163,336
3470,174,142,349
3481,155,155,349
3442,170,158,357
3457,144,158,374
3395,157,160,336
3453,164,155,326
3471,158,158,348
3439,175,122,325
3462,151,170,316
3471,173,160,324
3449,152,247,324
3450,153,174,315
3460,178,146,310
3455,152,158,305
3455,154,154,299
3459,149,161,288
3455,147,162,288
3451,36,165,285
3455,139,163,288
3443,150,177,321
3463,149,161,304
3446,156,170,304
3460,151,168,286
3459,143,178,308
3464,166,158,308
3454,148,186,300
3464,147,172,312
3462,144,168,299
3463,146,179,240
3472,157,169,291
3453,151,168,291
3460,169,162,305
3452,153,195,282
3456,137,167,309
3460,144,161,281
3461,137,176,358
3461,94,163,312
3458,141,162,297
3476,140,162,309
3452,144,180,293
3455,159,164,284
3485,138,173,294
3450,140,166,288
3509,158,160,380
3446,152,189,324
3457,129,156,348
3480,138,162,364
3443,123,158,383
3460,143,167,384
3465,145,158,391
3450,168,149,398
3454,163,157,370
3450,156,162,373
3461,144,180,382
3445,146,197,403
3454,171,169,405
3445,152,192,395
3456,154,197,390
3451,154,183,394
3459,124,186,393
3436,125,184,320
3431,147,200,368
3453,148,192,352
3468,146,195,347
3461,155,208,364
3419,149,188,366
3429,155,188,357
3414,132,209,350
3464,154,193,348
3453,123,198,343
3439,142,256,340
3457,159,172,377
3430,143,187,369
3420,140,170,346
3443,122,185,351
3468,131,191,351
3429,140,190,338
3455,156,189,312
3463,141,188,346
3475,125,193,338
3448,146,185,377
3457,138,198,378
3573,140,197,377
3468,148,200,361
3467,136,191,362
3458,136,194,358
3450,137,194,353
3452,140,184,349
3420,140,192,409
3465,147,190,340
3447,137,190,333
3453,130,191,332
3403,137,184,318
3447,128,186,309
3447,132,188,330
3360,135,182,303
3462,116,183,312
3454,122,192,325
3439,136,182,312
3460,135,208,311
3446,134,182,305
3447,139,179,308
3448,146,170,295
3499,137,180,302
3453,125,194,284
3446,126,178,290
3453,131,162,289
3450,134,176,291
3451,125,176,290
3445,134,169,296
3457,130,176,280
3457,124,176,278
3453,135,219,280
3477,129,172,272
3459,133,176,275
3463,117,169,299
3472,126,195,306
3441,128,170,286
3450,143,161,289
3462,160,172,288
3447,165,179,192
3459,177,161,292
3464,185,193,274
3458,184,188,288
3482,180,164,314
3448,176,178,306
3459,205,165,294
3454,196,166,301
3482,171,137,296
3453,147,165,287
3454,155,152,305
3466,165,161,292
3449,173,162,313
3471,186,160,320
3453,168,162,313
3371,155,161,200
3450,178,165,345
3450,163,181,340
3450,184,161,319
3453,160,165,345
3478,166,157,376
3438,164,164,358
3441,168,162,350
3451,164,163,353
3449,171,188,367
3458,164,172,333
3450,162,161,326
3448,132,176,346
3482,154,166,347
3462,161,189,348
3482,168,150,353
3451,165,187,336
3472,153,176,333
3451,158,170,336
3443,160,166,306
3457,128,172,320
3464,153,182,318
3448,164,167,312
3451,157,172,298
3320,144,168,308
3455,155,188,300
3440,163,195,311
3466,146,169,298
3456,143,166,297
3448,149,161,296
3463,156,154,291
3451,140,175,290
3409,150,171,299
3461,141,181,304
3476,130,182,277
3439,162,183,278
3434,141,120,271
3452,145,184,265
3447,69,165,260
3451,139,181,280
3453,147,195,236
3445,130,192,244
3433,176,171,236
3439,124,181,221
3447,147,189,250
3442,154,65,216
3451,128,182,232
3459,144,156,214
3434,138,174,224
3463,130,163,224
3436,145,187,221
3459,144,178,220
3458,117,181,224
3426,150,177,217
3448,153,171,226
3446,156,175,222
3462,146,175,244
3454,170,166,207
3463,122,170,248
3457,155,172,269
3460,157,162,268
3458,160,176,282
3426,162,181,244
3448,160,178,252
3453,156,169,251
3455,165,164,250
3476,160,154,256
3447,146,116,249
3483,150,170,244
3476,160,221,246
3455,156,169,238
3461,156,190,231
3461,121,187,223
3472,147,163,271
3471,157,167,227
3444,156,169,223
3449,144,165,240
3454,149,165,260
3450,239,175,262
3483,146,175,284
3459,124,177,257
3452,183,158,254
3457,152,193,252
3469,138,162,256
3460,133,165,260
3461,142,171,205
3463,211,147,294
3470,150,163,289
3458,151,161,296
3453,150,152,298
3480,170,172,300
3441,158,152,287
3451,120,180,306
3446,152,161,349
3448,112,162,306
3451,120,166,265
3306,147,174,313
3444,145,174,275
3436,144,173,282
3455,150,200,312
3451,125,172,331
3465,48,170,317
3459,139,181,312
3474,142,170,304
3464,119,169,314
3632,144,170,309
3494,143,165,284
3452,135,182,288
3460,144,173,286
3459,142,199,284
3487,139,178,298
3483,136,158,270
3452,117,178,271
3450,142,168,272
3449,135,179,268
3451,141,164,262
3450,140,168,265
3452,140,174,250
3441,146,167,234
3443,136,179,245
3465,137,164,243
3460,149,174,250
3458,138,160,244
3453,136,165,267
3574,118,171,256
3444,132,175,250
3454,129,177,261
3463,152,174,251
3478,145,177,256
3451,135,175,272
3441,151,181,259
3451,148,177,273
3438,135,200,240
3473,150,165,257
3476,146,197,260
3463,167,197,244
3330,151,218,317
3459,170,216,261
3468,146,218,302
3486,149,218,298
3462,155,232,273
3462,150,217,296
3454,151,201,300
3523,169,212,390
3459,148,196,298
3449,151,206,296
3457,150,206,290
3458,152,129,280
3464,131,203,290
3459,142,191,292
3443,55,224,280
3450,148,212,281
3450,136,195,271
3460,155,175,284
3459,144,209,272
3545,142,197,252
3465,142,185,264
3463,149,247,254
3446,128,196,263
3457,158,169,265
3464,139,202,263
3464,153,193,257
3444,137,271,256
3458,123,190,251
3443,156,175,252
3459,121,199,258
3446,141,175,272
3462,142,193,276
3439,157,170,249
3452,131,220,246
3456,180,188,241
3453,159,170,235
3465,133,182,231
3463,140,186,258
3430,148,178,268
3461,151,181,266
3475,148,73,259
3464,150,173,269
3476,206,176,263
3429,144,181,252
3454,141,185,272
3461,91,178,262
3444,147,174,269
3471,148,169,264
3446,148,175,254
3451,125,194,257
3446,153,175,242
3455,144,178,256
3479,137,176,261
3443,141,168,253
3463,153,172,257
3463,147,177,257
3443,147,177,241
3453,0,169,249
3462,143,164,242
3464,135,166,242
3425,145,176,238
3455,146,165,232
3458,144,157,220
3451,149,167,226
3467,145,134,250
3461,146,164,243
3458,161,162,247
3448,145,161,234
3454,148,162,238
3481,153,157,239
3452,133,161,242
3415,144,158,236
3463,146,150,223
3451,146,165,237
3464,152,152,236
3449,146,159,221
3478,132,169,229
3459,148,166,229
3471,147,155,241
3456,154,153,228
3462,145,149,226
3473,118,156,254
3446,150,170,251
3375,155,154,266
3436,159,153,191
3460,129,148,261
3448,144,142,268
3457,134,152,256
3456,169,145,260
3451,146,37,256
3463,141,152,275
3458,139,149,261
3459,136,122,266
3459,139,154,257
3453,148,32,229
3486,143,147,244
3449,181,130,245
3446,142,157,245
3453,130,159,252
3445,150,168,268
3449,121,158,297
3455,140,143,289
3445,151,151,288
3451,159,162,281
3489,133,146,275
3457,140,150,276
3455,124,145,272
3463,104,167,279
3474,134,158,277
3474,140,168,273
3462,135,170,275
3452,148,166,268
3291,134,171,257
3453,130,151,269
3455,132,173,266
3454,130,141,264
3438,128,258,259
3461,36,167,258
3447,128,132,268
3450,133,177,257
3461,146,167,279
3343,130,171,235
3454,131,162,259
3469,144,147,254
3467,121,167,314
3471,157,165,329
3460,132,171,309
3466,120,169,304
3449,130,168,283
3449,145,162,370
3457,126,165,317
3455,145,144,310
3473,142,172,300
3569,132,170,289
3455,117,169,290
3483,67,168,288
3451,154,157,284
3455,142,154,270
3454,128,181,277
3445,132,165,272
3447,156,151,286
3465,144,153,269
3483,109,161,270
3455,114,164,270
3443,140,164,260
3446,131,156,240
3433,131,164,271
3453,150,148,289
3450,136,156,265
3469,107,179,264
3464,141,171,260
3450,131,175,268
3479,138,173,261
3455,138,184,285
3472,134,130,260
3463,144,183,245
3459,136,153,256
3462,155,157,245
3478,108,157,244
3543,151,157,350
3442,134,157,239
3489,177,140,246
3464,140,164,222
3468,139,172,239
3539,138,154,228
3409,138,167,295
3447,141,123,251
3445,153,160,256
3445,152,163,242
3449,50,163,294
3461,136,266,306
3448,140,166,313
3442,141,110,289
3453,139,160,184
3451,160,164,288
3470,109,160,278
3459,148,158,281
3459,133,168,317
3462,23,179,314
3460,133,157,307
3463,108,180,309
3600,134,179,312
3434,126,196,309
3428,128,194,308
3451,144,172,386
3454,119,180,309
3453,132,157,310
3447,134,187,386
3445,298,178,390
3443,131,189,388
3476,131,184,406
3444,139,85,416
3435,131,182,407
3464,129,183,400
3450,81,183,401
3435,189,180,389
3452,153,167,394
3511,131,179,377
3459,131,178,378
3439,126,174,367
3433,128,176,356
3450,154,160,366
3461,104,169,348
3448,136,175,356
3428,129,174,339
3447,130,176,335
3447,129,173,334
3456,152,178,331
3462,131,151,311
3444,127,174,318
3452,122,165,323
3460,124,215,306
3461,130,174,304
3486,120,172,344
3458,107,182,342
3453,123,173,336
3448,128,200,334
3459,119,165,332
3455,116,144,324
3462,120,170,320
3450,118,177,228
3447,116,172,322
3442,128,205,326
3443,126,194,297
3419,143,194,315
3451,146,208,285
3454,123,204,299
3452,106,193,312
3455,103,204,342
3463,112,185,348
3493,120,198,336
3456,96,184,362
3452,232,171,357
3463,117,181,356
3465,126,77,368
3457,125,182,352
3448,141,172,425
3450,125,190,358
3448,103,206,351
3434,116,182,363
3459,132,272,387
3467,147,190,390
3435,134,179,404
3443,116,187,370
3436,132,182,391
3454,134,175,392
3458,108,179,400
3439,139,178,377
3448,135,208,360
3469,109,178,415
3453,132,211,359
3458,122,180,505
3459,145,181,352
3459,104,202,343
3470,165,176,337
3443,130,182,306
3421,135,197,362
3435,146,60,351
3439,110,180,361
3446,135,192,364
3447,137,146,341
3451,128,184,357
3453,130,172,352
3459,131,152,341
3458,130,180,338
3447,122,178,362
3434,128,179,349
3444,132,173,309
3462,111,176,326
3427,133,173,318
3433,129,175,320
3441,128,177,310
3445,130,169,308
3441,132,171,310
3437,140,201,344
3442,130,281,347
3454,130,179,354
3439,122,191,330
3438,141,204,322
3453,150,182,337
3399,145,188,333
3453,152,180,412
3428,152,193,326
3455,166,187,328
3448,165,190,329
3472,151,192,326
3457,161,193,322
3437,168,191,316
3437,157,194,307
3438,165,174,310
3446,169,169,322
3444,159,180,305
3445,160,192,314
3443,161,192,313
3444,119,188,312
3466,151,170,304
3439,148,192,305
3438,135,197,317
3455,156,192,300
3445,160,131,302
3451,159,212,301
3457,128,210,298
3453,149,188,298
3431,156,190,295
3439,153,195,265
3454,151,183,230
3454,122,203,280
3473,145,185,279
3424,142,206,277
3449,136,201,276
3443,153,212,278
3456,124,207,278
3444,155,186,275
3437,149,214,271
3433,142,217,308
3439,154,218,291
3437,139,247,279
3442,145,212,296
3475,154,209,281
3452,131,253,302
3437,148,266,299
3454,133,283,302
3451,147,269,298
3442,145,258,293
3443,147,275,298
3441,144,274,271
3429,135,280,293
3438,145,273,279
3445,121,268,280
3434,125,266,338
3447,143,263,262
3457,136,352,286
3448,143,256,271
3453,142,268,266
3472,140,253,277
3455,140,260,296
3449,137,256,296
3441,158,242,303
3451,143,256,270
3445,140,240,303
3407,140,250,301
3439,107,256,306
3448,117,244,306
3456,129,251,306
3446,138,244,301
3433,143,270,296
3444,142,239,290
3423,149,237,286
3438,130,251,263
3530,138,234,281
3455,135,229,270
3449,137,231,266
3434,135,224,250
3444,133,276,263
3441,133,224,252
3448,133,230,253
3446,129,195,256
3445,123,220,248
3537,108,214,246
3430,138,217,243
3438,134,214,313
3452,134,213,233
3440,146,189,230
3440,134,211,248
3434,144,218,215
3437,128,208,228
3533,133,218,224
3444,132,220,223
3451,140,203,234
3411,136,204,219
3441,129,75,216
3435,135,183,221
3444,132,224,226
3449,136,196,218
3439,140,225,216
3446,137,185,222
3443,133,196,219
3443,123,191,227
3438,138,181,214
3439,136,193,233
3435,135,198,246
3435,149,212,237
3439,48,206,241
3448,142,205,221
3465,98,216,232
3459,143,203,243
3450,134,205,208
3429,124,191,220
3442,157,199,232
3448,110,204,224
3451,139,188,233
3449,138,220,230
3442,133,200,217
3441,143,186,210
3485,132,200,218
3462,146,172,217
3433,146,192,207
3435,148,196,256
3451,146,197,244
3434,209,203,253
3434,224,180,262
3437,158,212,245
3437,145,214,279
3453,139,314,279
3439,129,218,274
3447,137,186,278
3451,140,252,282
3447,137,207,298
3463,138,200,281
3461,141,229,280
3440,147,281,278
3438,166,230,283
3447,142,230,285
3460,136,84,268
3436,132,226,288
3437,146,217,275
3442,137,230,276
3442,144,226,272
3418,149,208,264
3425,115,218,172
3426,136,221,273
3451,141,225,253
3470,69,224,272
3454,117,233,267
3453,125,229,267
3444,134,226,258
3421,146,218,257
3436,143,217,264
3445,128,232,261
3444,119,210,293
3442,137,214,250
3436,131,214,253
3437,136,203,282
3435,138,194,273
3439,52,212,295
3433,145,224,274
3449,131,223,278
3435,162,209,257
3435,125,211,296
3441,148,184,293
3448,142,178,291
3448,150,207,297
3439,150,208,268
3444,156,212,306
3448,170,211,285
3448,138,216,191
3421,147,208,270
3468,140,185,272
3452,157,207,272
3437,164,208,272
3427,146,205,285
3431,142,203,284
3456,142,206,294
3432,154,196,277
3436,152,206,262
3433,133,201,302
3437,142,200,283
3447,150,200,306
3447,136,195,311
3433,138,208,316
3444,138,202,334
3448,142,195,326
3526,117,198,334
3455,126,200,328
3436,141,208,317
3471,136,185,314
3436,134,184,311
3439,153,189,296
3450,161,183,303
3434,138,204,287
3434,137,215,286
3421,136,308,295
3433,146,195,290
3431,137,182,287
3415,121,205,283
3434,157,190,231
3431,138,174,272
3441,137,189,275
3442,137,200,268
3451,128,189,294
3441,140,189,256
3435,156,187,256
3469,133,188,347
3441,125,155,249
3434,113,188,253
3445,154,187,269
3443,76,188,251
3377,139,187,262
3447,138,187,244
3436,137,185,243
3441,135,176,240
3499,135,182,237
3441,142,182,237
3434,149,166,242
3572,132,179,250
3444,156,173,234
3428,135,177,239
3441,134,93,228
3427,135,198,227
3430,133,171,221
3326,140,163,215
3442,134,183,214
3437,132,177,218
3438,133,174,204
3438,134,29,209
3436,132,172,198
3420,136,169,216
3431,130,173,231
3431,130,176,227
3430,143,179,237
3455,128,173,237
3439,130,176,286
3461,128,29,280
3437,123,176,229
3436,138,170,281
3439,130,193,266
3443,131,171,251
3425,132,161,288
3431,136,176,265
3420,146,178,155
3421,123,175,245
3433,119,173,316
3438,130,173,259
3424,139,163,253
3437,139,183,236
3431,142,189,241
3442,123,196,230
3443,159,172,221
3369,160,168,268
3439,135,168,418
3443,141,168,274
3457,145,119,287
3437,147,182,268
3431,133,167,294
3435,144,159,265
3522,134,166,273
3462,161,148,330
3429,142,173,278
3459,142,157,331
3350,138,164,292
3430,141,165,311
3504,141,163,314
3431,138,256,290
3459,151,128,304
3446,148,162,298
3440,113,158,317
3454,134,65,330
3437,136,162,334
3415,130,158,338
3436,137,160,332
3439,138,160,324
3441,137,162,312
3417,121,184,317
3431,165,148,322
3422,135,162,304
3442,135,164,288
3421,131,173,316
3389,141,157,291
3398,140,164,301
3442,132,160,287
3431,133,95,286
3442,145,150,279
3452,115,157,324
3455,162,155,268
3444,111,157,272
3435,256,160,274
3436,144,169,272
3328,134,165,285
3433,129,161,267
3437,136,169,263
3431,128,157,283
3420,147,150,282
3414,154,165,278
3443,142,166,315
3404,167,165,312
3432,163,186,316
3442,164,162,314
3439,154,163,308
3428,123,141,304
3430,169,144,303
3437,153,158,292
3311,163,160,288
3443,165,163,296
3437,165,153,295
3428,149,161,293
3427,135,157,308
3437,163,158,288
3436,163,156,277
3434,171,140,280
3405,170,163,279
3418,164,132,273
3437,258,154,289
3422,156,152,281
3435,154,171,258
3445,160,162,293
3447,152,119,256
3453,141,151,262
3438,152,151,261
3445,152,156,254
3431,150,274,262
3428,146,228,282
3435,148,161,290
3433,148,149,282
3431,150,155,283
3433,146,128,285
3443,148,144,276
3429,146,67,275
3458,122,152,273
3419,230,162,301
3442,157,162,328
3434,217,153,312
3523,136,142,317
3440,153,164,320
3439,150,144,280
3438,125,150,307
3427,154,147,292
3441,243,142,299
3441,151,147,285
3449,144,213,284
3440,176,146,278
3452,145,144,297
3429,146,157,256
3441,144,147,271
3330,126,142,183
3406,157,139,274
3425,152,164,264
3448,149,144,278
3423,150,155,273
3420,125,154,336
3427,146,172,278
3418,122,160,259
3417,136,171,276
3430,145,185,268
3441,128,160,270
3459,139,156,269
3569,130,160,273
3439,145,165,278
3409,168,156,292
3426,191,156,281
3431,143,151,276
3429,107,156,275
3443,140,156,272
3447,141,149,278
3437,142,156,279
3402,143,153,262
3438,109,158,264
3432,142,144,257
3442,126,171,259
3440,139,153,297
3431,137,171,293
3436,136,139,293
3408,137,157,316
3440,109,152,358
3438,136,148,359
3423,136,157,357
3427,140,156,367
3420,153,147,368
3400,161,153,376
3418,150,160,361
3437,160,151,361
3433,172,140,359
3431,155,135,398
3429,157,148,393
3402,176,157,400
3416,168,162,400
3437,151,130,409
3429,130,162,413
3435,153,170,410
3434,151,173,427
3417,150,333,461
3436,150,159,463
3427,150,160,457
3434,150,141,455
3411,144,167,445
3442,150,160,439
3429,156,150,516
3433,124,160,443
3422,153,130,457
3422,156,158,484
3425,140,152,467
3429,142,173,478
3448,140,142,475
3428,33,149,475
3429,146,157,464
3433,133,165,473
3429,144,162,471
3431,132,175,475
3426,124,193,486
3437,140,160,478
3441,145,162,468
3431,129,145,476
3429,146,174,482
3433,116,167,456
3432,146,161,460
3435,96,162,473
3427,146,153,442
3418,125,155,451
3340,165,157,432
3418,144,160,431
3444,154,138,426
3435,145,160,407
3434,131,164,409
3430,152,164,390
3429,143,142,406
3455,141,157,390
3431,113,159,387
3437,103,172,385
3408,146,165,376
3428,130,115,354
3422,301,166,361
3431,142,169,350
3439,126,175,357
3502,142,166,363
3423,136,178,359
3423,143,164,335
3434,111,164,341
3431,139,160,328
3434,136,165,347
3537,122,164,324
3568,139,167,300
3423,121,180,312
3460,138,159,318
3446,135,166,325
3443,106,183,307
3436,117,162,298
3432,108,164,299
3430,135,153,288
3423,136,150,290
3447,123,149,282
3460,132,150,152
3362,132,184,266
3433,135,173,276
3427,138,144,283
3445,134,171,280
3423,145,170,261
3441,116,165,301
3436,130,171,266
3437,146,173,279
3438,129,173,258
3463,137,175,261
3438,128,167,258
3435,139,164,336
3442,125,169,262
3436,133,172,249
3427,201,186,248
3433,125,172,245
3430,142,173,227
3404,129,178,242
3437,134,170,236
3431,122,174,171
3595,133,170,260
3429,125,151,261
3441,130,168,264
3444,149,146,256
3434,137,175,250
3431,150,164,249
3425,117,175,253
3429,99,179,319
3442,130,179,332
3441,118,162,344
3439,129,163,364
3433,120,165,354
3441,129,146,354
3458,132,170,352
3446,128,162,354
3432,131,167,346
3420,229,167,346
3430,131,167,358
3421,136,151,354
3424,130,164,328
3431,125,140,325
3437,118,171,317
3433,128,164,316
3436,123,159,316
3431,128,164,336
3453,128,152,329
3443,126,160,321
3362,113,163,318
3457,124,151,309
3438,125,152,309
3418,142,141,300
3432,134,161,304
3427,121,158,294
3413,137,159,294
3424,121,145,291
3429,115,158,291
3383,135,165,289
3424,131,132,302
3427,132,157,305
3444,110,184,299
3412,134,164,300
3438,138,169,307
3437,292,165,352
3438,126,169,348
3439,133,178,354
3429,136,181,338
3435,134,192,342
3434,151,181,333
3434,133,183,335
3450,126,176,326
3417,135,176,344
3421,137,183,353
3420,137,181,358
3442,132,188,382
3424,135,185,346
3431,130,201,351
3422,109,179,349
3420,130,178,326
3437,130,183,337
3440,129,167,332
3437,148,169,441
3432,133,172,359
3435,122,175,354
3428,129,179,357
3437,147,192,325
3431,119,199,344
3425,128,191,336
3425,144,185,335
3425,18,169,338
3405,139,186,340
3413,121,187,368
3417,150,204,361
3435,147,204,350
3428,153,207,349
3432,154,200,335
3334,149,199,230
3435,158,203,314
3434,129,207,331
3437,143,206,317
3422,145,204,283
3479,154,189,299
3415,151,202,285
3432,167,200,285
3440,174,204,325
3418,148,196,317
3426,167,169,340
3421,155,196,322
3419,134,193,342
3415,147,179,336
3437,165,161,321
3424,155,193,313
3411,157,191,294
3440,134,207,312
3447,144,188,312
3402,130,217,268
3437,111,185,320
3423,138,190,303
3399,145,185,302
3429,136,166,310
3431,121,187,367
3511,144,189,316
3415,137,355,328
3435,139,191,326
3437,173,172,321
3384,140,190,310
3437,142,181,320
3418,130,191,309
3473,141,189,320
3412,137,185,298
3451,116,204,295
3420,144,161,301
3450,133,66,282
3438,132,188,299
3416,151,186,392
3429,123,185,281
3454,126,184,279
3441,135,196,285
3436,133,177,266
3441,99,183,274
3435,137,193,274
3326,150,167,272
3424,101,194,284
3434,128,184,285
3426,121,193,265
3430,142,159,287
3427,109,186,364
3427,132,193,267
3436,126,206,304
3410,130,191,261
3422,110,212,215
3421,132,194,246
3429,134,185,256
3404,132,128,257
3418,139,198,260
3427,126,188,264
3398,136,185,266
3363,138,186,172
3431,153,183,253
3431,108,185,277
3410,147,178,290
3435,129,158,294
3439,133,205,302
3432,99,199,292
3441,137,185,306
3284,137,184,285
3427,135,182,289
3434,122,180,316
3439,133,187,284
3437,136,180,259
3426,146,177,210
3439,133,174,283
3436,137,173,280
3410,141,170,271
3467,130,175,296
3429,134,178,263
3429,133,157,256
3423,136,144,256
3433,132,188,272
3430,132,180,229
3424,138,178,274
3428,131,186,250
3446,118,186,252
3419,123,182,251
3430,134,179,219
3433,135,187,243
3440,145,182,261
3420,131,192,293
3431,121,188,292
3430,134,187,313
3419,125,187,286
3428,141,185,195
3431,146,198,297
3439,123,188,261
3430,144,180,304
3427,120,185,303
3419,133,185,304
3427,128,175,310
3422,106,178,299
3423,150,177,284
3415,133,187,284
3420,128,157,299
3431,154,171,294
3430,111,178,291
3444,137,165,282
3430,142,161,309
3435,137,192,285
3438,144,175,282
3458,129,179,279
3435,129,185,188
3429,137,174,286
3411,138,173,276
3406,162,169,295
3413,130,169,268
3421,138,161,271
3426,136,165,269
3424,138,175,274
3439,143,170,262
3427,135,171,281
3418,141,202,268
3448,120,165,308
3435,159,165,262
3408,157,164,266
3437,154,170,262
3397,140,161,261
3428,139,170,272
3432,138,180,240
3424,137,164,256
3418,162,155,249
3430,168,156,229
3417,140,168,262
3422,134,163,242
3428,141,165,239
3430,141,146,232
3432,146,166,234
3433,145,163,252
3426,144,132,244
3447,138,164,230
3435,144,155,265
3433,146,162,301
3436,130,162,277
3430,161,160,291
3428,158,199,310
3414,142,161,311
3429,136,157,302
3436,308,156,294
3438,143,157,267
3428,130,160,260
3421,142,155,200
3418,126,155,296
3426,138,149,293
3444,137,161,305
3455,141,158,294
3445,142,158,288
3429,147,156,275
3421,150,142,269
3428,124,173,280
3437,136,159,276
3431,135,149,273
3456,162,165,272
3426,136,147,266
3423,154,155,261
3428,151,125,276
3433,0,154,253
3419,125,156,221
3424,134,134,260
3426,137,147,262
3439,132,150,264
3421,136,154,258
3448,130,257,256
3423,135,142,236
3433,112,149,247
3431,97,160,247
3431,136,152,247
3328,133,154,264
3430,254,158,245
3431,104,152,297
3424,138,143,237
3430,139,165,214
3448,132,156,223
3429,128,155,230
3444,106,175,230
3261,136,158,234
3435,160,166,273
3448,136,160,266
3441,138,160,257
3437,117,169,260
3495,135,154,245
3558,125,158,256
3428,132,149,256
3432,135,154,254
3505,134,157,265
3432,146,147,256
3429,131,58,254
3438,134,136,238
3425,124,161,242
3435,125,154,264
3429,135,158,257
3435,131,154,253
3427,133,142,282
3523,132,157,313
3429,146,122,321
3437,130,157,321
3423,124,156,314
3431,138,146,314
3408,228,153,307
3423,132,147,308
3431,103,149,380
3442,123,154,338
3463,129,143,347
3433,0,153,350
3433,127,128,355
3389,131,178,358
3438,129,129,353
3439,126,143,350
3435,128,151,356
3423,126,139,340
3276,128,152,334
3428,126,152,375
3428,128,153,332
3392,134,158,331
3418,144,167,330
3425,130,164,332
3421,124,161,324
3429,128,188,323
3450,135,155,314
3434,149,179,294
3453,142,164,316
3449,64,142,309
3438,138,165,320
3444,140,149,322
3433,238,151,305
3433,132,168,320
3444,157,144,306
3426,145,160,300
3436,144,138,296
3414,143,166,293
3427,141,168,302
3415,161,120,280
3428,139,164,278
3432,148,151,276
3431,110,159,263
3456,138,166,269
3424,130,162,256
3440,124,162,256
3438,137,240,270
3436,185,161,253
3432,144,160,252
3428,137,161,245
3442,136,87,232
3433,126,158,230
3431,138,194,229
3447,131,162,241
3411,137,249,270
3441,124,153,301
3427,134,163,268
3427,131,181,306
3430,236,160,265
3434,129,163,272
3466,126,174,254
3444,134,161,252
3442,132,160,245
3439,130,133,250
3436,132,160,248
3430,124,157,247
3430,133,172,241
3428,117,160,248
3447,132,154,254
3427,130,168,240
3449,116,175,247
3399,128,183,227
3415,112,121,242
3407,131,160,246
3448,130,156,234
3465,83,156,236
3431,137,156,225
3369,111,161,185
3427,129,156,236
3444,131,161,217
3438,143,154,237
3428,122,158,223
3430,126,152,231
3428,129,163,232
3430,115,160,230
3435,126,137,224
3425,102,164,224
3433,140,152,221
3425,129,154,214
3423,131,132,220
3431,128,159,208
3424,146,158,303
3431,125,157,222
3428,145,174,202
3448,125,155,231
3432,152,154,216
3429,134,158,236
3433,152,147,214
3430,114,157,209
3436,99,161,226
3412,124,159,215
3471,123,158,224
3438,125,172,239
3437,122,153,217
3442,141,158,232
3424,141,147,216
3444,129,282,217
3423,126,156,210
3430,98,162,207
3436,124,168,222
3399,126,165,182
3423,191,164,203
3436,144,150,201
3428,120,162,203
3443,146,149,198
3440,72,161,229
3429,128,149,239
3276,125,159,217
3423,114,160,236
3432,122,158,247
3421,121,161,232
3438,125,152,230
3434,116,158,227
3424,119,162,245
3434,134,161,256
3419,138,164,264
3438,126,165,270
3406,137,171,282
3434,124,179,273
3428,131,170,269
3431,96,185,277
3387,125,169,279
3430,126,167,352
3439,125,163,279
3447,126,164,278
3417,123,168,268
3433,125,169,266
3433,110,165,265
3418,133,166,266
3432,133,160,260
3434,124,168,276
3452,131,177,252
3426,137,197,277
3439,130,141,295
3427,141,161,289
3422,130,168,288
3444,134,167,292
3435,132,178,297
3437,91,161,309
3435,125,164,266
3437,122,163,287
3441,130,159,288
3441,122,167,241
3435,133,138,274
3431,114,190,275
3463,124,162,274
3441,133,154,272
3433,120,164,265
3427,133,160,262
3427,147,161,216
3419,135,140,293
3422,143,158,276
3428,122,163,250
3425,155,156,283
3429,152,151,284
3432,133,165,290
3408,125,162,281
3446,135,139,289
3434,130,169,306
3432,131,173,291
3445,130,133,306
3430,121,166,289
3435,126,178,306
3432,138,154,297
3528,145,163,395
3437,157,160,286
3409,129,156,280
3421,148,143,306
3412,133,164,274
3424,122,162,289
3431,132,169,304
3411,106,167,254
3433,132,173,297
3421,131,174,286
3436,117,182,276
3443,128,166,297
3433,118,184,297
3442,132,175,299
3301,126,173,276
3436,130,172,296
3415,139,172,291
3403,124,169,282
3433,104,177,284
3431,131,121,263
3432,129,169,277
3430,108,174,278
3442,136,53,270
3413,144,224,290
3432,133,193,258
3419,176,167,264
3432,152,197,249
3457,155,172,256
3438,148,187,253
3436,127,191,260
3434,159,168,257
3383,143,167,258
3396,152,165,234
3432,150,157,233
3428,139,158,258
3425,147,166,248
3408,250,164,242
3425,156,136,250
3422,146,169,241
3435,145,164,246
3463,146,154,244
3416,141,170,247
3435,146,168,245
3414,154,159,244
3440,143,157,242
3435,163,159,221
3442,148,164,240
3425,153,153,236
3440,21,168,265
3428,144,167,259
3407,133,189,259
3425,136,180,254
3425,169,177,246
3426,98,172,250
3432,119,190,247
3440,140,166,273
3435,138,150,282
3410,147,165,258
3423,161,161,288
3441,133,158,260
3435,44,172,274
3433,139,166,295
3431,126,169,267
3423,133,170,269
3440,130,175,266
3437,138,170,272
3434,128,162,265
3444,129,253,286
3430,138,169,257
3303,136,173,261
3443,131,268,258
3427,135,176,254
3420,123,186,258
3424,134,171,252
3423,107,190,256
3437,131,181,262
3426,136,164,261
3430,133,196,248
3430,134,178,266
3418,133,173,256
3426,133,174,260
3438,132,188,249
3542,130,176,256
3437,128,163,248
3438,116,173,238
3426,128,160,240
3447,131,172,249
3434,150,172,238
3419,130,183,241
3458,114,188,234
3425,150,173,238
3418,130,174,238
3408,120,175,245
3402,126,171,228
3419,128,170,231
3438,112,170,231
3434,154,174,229
3427,116,182,208
3427,117,173,220
3411,132,170,224
3439,133,167,221
3436,128,180,239
3411,130,164,217
3432,210,167,217
3417,132,168,194
3396,155,168,213
3425,151,158,212
3434,130,171,222
3430,155,156,274
3400,163,161,274
3420,164,167,275
3423,155,160,272
3434,155,166,264
3421,154,174,268
3407,150,166,289
3443,150,162,308
3411,166,136,306
3435,162,162,326
3425,165,160,318
3438,147,128,329
3430,136,158,361
3412,168,147,321
3430,146,156,336
3398,154,170,294
3438,153,163,303
3422,203,172,317
3406,143,218,309
3454,149,174,306
3432,142,213,286
3426,145,184,297
3431,149,137,289
3433,189,182,294
3429,145,152,288
3435,147,179,290
3510,145,180,270
3481,147,192,360
3435,139,204,283
3447,145,145,288
3433,120,214,283
3415,144,198,268
3423,150,195,291
3444,160,193,284
3448,144,190,286
3434,131,209,279
3421,139,245,309
3436,140,212,299
3419,165,188,320
3423,148,185,316
3430,146,220,282
3456,136,162,305
3405,143,188,313
3432,114,185,305
3413,151,180,343
3434,132,209,326
3436,162,179,329
3416,142,188,330
3415,144,185,306
3442,140,189,325
3427,140,184,326
3425,154,163,332
3409,139,182,332
3425,132,182,311
3423,138,168,302
3424,136,171,315
3428,139,174,314
3428,136,208,316
3443,139,305,312
3422,142,179,306
3427,213,177,302
3423,139,177,330
3425,140,175,325
3430,200,175,328
3413,119,173,322
3425,155,180,388
3423,140,167,310
3470,142,180,289
3424,224,170,297
3425,140,158,303
3415,132,171,290
3423,141,178,290
3409,123,190,285
3422,138,162,277
3438,154,171,222
3441,133,168,265
3424,142,187,265
3424,135,293,265
3422,148,159,256
3435,135,173,257
3440,136,162,258
3440,129,166,251
3431,124,166,246
3423,143,163,241
3415,128,170,218
3421,131,140,238
3420,122,171,234
3495,137,172,237
3415,138,182,240
3420,141,181,234
3419,138,181,237
3436,135,165,203
3422,136,148,242
3424,139,176,227
3456,134,174,241
3433,135,170,231
3415,150,158,222
3436,144,172,232
3424,133,171,210
3431,114,171,220
3420,128,179,200
3422,135,170,212
3417,130,168,200
3408,135,165,197
3417,97,165,203
3428,136,158,203
3414,131,167,190
3420,144,180,200
3414,151,167,200
3444,153,166,204
3428,161,223,187
3357,151,173,203
3437,139,169,278
3430,147,170,192
3439,149,156,226
3437,150,170,218
3436,142,166,238
3438,141,246,229
3438,151,170,216
3410,152,173,205
3429,145,170,204
3409,154,147,205
3417,130,168,207
3449,149,176,206
3420,101,193,214
3421,125,155,207
3419,158,174,199
3429,147,163,204
3404,156,174,122
3425,144,158,204
3429,145,171,204
3442,142,178,227
3433,149,187,196
3445,158,185,214
3492,142,186,226
3421,118,185,221
3415,144,212,206
3429,143,184,205
3425,144,238,215
3408,145,179,203
3423,142,193,206
3422,146,175,230
3418,142,199,226
3421,134,174,211
3421,142,203,216
3425,140,199,212
3429,0,193,209
3419,128,192,216
3439,119,202,206
3431,135,197,205
3437,125,184,203
3434,130,177,203
3434,138,193,198
3439,136,117,202
3421,138,189,217
3445,140,191,270
3421,138,173,203
3423,133,187,195
3440,136,185,233
3419,139,195,238
3429,105,187,240
3393,149,186,244
3418,141,188,235
3429,148,176,245
3424,170,180,241
3424,153,192,240
3428,149,186,237
3486,142,177,275
3435,151,177,280
3425,111,193,273
3440,181,181,275
3422,146,181,273
3412,98,193,272
3413,147,170,269
3416,152,173,278
3419,165,180,279
3420,136,181,264
3415,162,148,286
3417,153,176,272
3416,142,243,258
3492,141,176,273
3405,130,187,248
3430,143,163,264
3414,150,52,245
3434,139,167,187
3431,148,170,305
3434,138,116,299
3432,124,169,292
3419,138,171,302
3415,139,169,304
3434,136,168,296
3434,126,177,293
3375,136,167,298
3414,126,184,280
3404,129,180,289
3443,127,163,289
3437,124,163,296
3415,126,169,296
3443,138,286,299
3446,132,142,292
3411,139,168,267
3420,140,167,280
3443,122,163,297
3437,266,168,294
3435,130,171,290
3431,124,252,293
3427,137,123,271
3421,126,174,236
3422,129,173,280
3420,141,174,262
3397,127,162,260
3422,125,177,275
3419,120,182,268
3429,133,170,273
3417,133,160,268
3416,129,170,246
3402,132,172,263
3429,124,168,253
3432,114,175,253
3517,116,158,203
3460,128,174,240
3450,125,168,250
3417,147,177,244
3418,129,176,234
3411,145,174,259
3417,134,179,239
3430,132,184,228
3411,144,208,236
3419,122,178,237
3439,146,152,236
3426,110,195,246
3429,136,151,239
3426,138,180,229
3427,135,275,243
3419,157,176,232
3416,134,173,246
3427,145,164,226
3420,140,167,267
3435,156,148,227
3425,160,163,219
3461,141,176,245
3461,143,175,232
3441,144,167,228
3428,146,160,216
3423,142,195,208
3393,155,184,218
3422,144,171,217
3431,171,175,206
3419,135,174,157
3408,220,182,213
3417,155,184,168
3423,150,166,188
3427,150,175,206
3430,152,169,196
3428,126,172,216
3448,155,142,243
3431,150,146,239
3420,156,168,225
3461,152,144,242
3416,136,175,228
3455,119,164,237
3426,149,168,234
3430,150,173,215
3421,152,170,237
3418,164,156,276
3432,130,164,274
3409,143,182,264
3423,133,188,276
3420,144,169,286
3439,113,160,338
3430,143,160,276
3430,147,102,243
3456,142,171,262
3423,147,163,263
3439,119,178,270
3419,141,164,272
3414,123,177,250
3429,139,166,284
3420,136,162,270
3402,139,165,261
3419,139,175,258
3414,130,171,260
3430,125,178,256
3431,151,170,247
3404,139,172,256
3418,152,147,257
3432,251,170,242
3279,136,171,238
3421,122,171,258
3425,125,171,247
3441,140,165,240
3443,125,168,237
3436,136,172,233
3418,130,138,249
3435,134,172,241
3425,130,148,238
3311,115,167,96
3408,134,178,212
3421,138,167,224
3420,142,141,264
3426,128,173,264
3459,136,166,269
3393,167,166,262
3430,125,169,256
3399,152,166,258
3422,137,169,272
3441,154,129,248
3332,144,163,246
3416,161,164,269
3423,161,98,272
3442,221,156,294
3434,171,160,288
3449,171,162,277
3433,170,151,280
3432,161,158,279
3430,113,160,274
3435,169,257,275
3439,152,162,271
3280,159,158,284
3404,161,166,256
3427,162,171,266
3401,143,190,233
3547,159,161,265
3427,160,161,268
3402,152,180,252
3434,144,172,168
3435,154,164,261
3436,131,188,254
3436,154,161,266
3419,138,189,260
3426,151,160,251
3417,125,149,264
3409,160,180,249
3417,163,160,256
3420,166,172,253
3426,173,164,261
3425,164,145,245
3426,135,161,262
3430,160,131,256
3432,162,157,257
3366,150,152,116
3431,158,150,229
3433,135,168,251
3435,156,129,250
3422,160,159,241
3446,150,150,247
3441,163,159,269
3423,130,169,287
3440,134,167,281
3422,155,142,262
3431,153,157,279
3426,154,154,265
3417,123,163,284
3438,150,54,273
3421,137,161,250
3429,152,156,275
3418,160,152,269
3431,123,155,264
3421,149,148,266
3439,133,168,270
3442,146,151,301
3430,147,152,301
3430,145,154,311
3428,150,142,309
3421,146,252,312
3420,144,164,301
3420,147,153,301
3451,145,132,294
3424,146,156,278
3395,145,164,282
3408,159,152,281
3432,137,150,288
3454,140,157,289
3430,144,182,266
3435,126,148,266
3438,146,154,249
3441,155,137,256
3442,136,166,257
3436,130,154,257
3438,139,144,254
3428,138,152,250
3333,144,136,242
3516,158,146,314
3439,116,161,240
3423,138,153,235
3391,138,158,220
3439,138,152,228
3426,126,152,238
3426,135,143,239
3422,147,152,245
3435,143,250,240
3408,166,143,249
3443,126,161,256
3446,136,156,242
3429,134,162,237
3431,126,174,225
3392,134,160,229
3435,139,156,217
3420,242,159,236
3416,133,155,234
3430,138,159,236
3431,137,146,256
3428,77,174,232
3414,130,165,241
3429,123,138,224
3338,147,160,329
3430,124,152,234
3420,193,157,236
3419,122,158,230
3401,143,152,232
3419,145,156,240
3426,167,139,230
3419,168,183,231
3435,161,149,224
3433,157,155,224
3431,162,165,219
3434,145,200,220
3429,160,164,220
3450,217,165,230
3421,157,174,198
3423,153,178,239
3426,157,74,249
3408,164,169,249
3373,164,173,276
3436,156,140,263
3425,161,167,273
3428,67,169,261
3542,159,167,263
3450,157,174,256
3438,162,169,250
3437,154,172,252
3464,147,175,252
3429,145,185,261
3446,166,174,246
3426,191,174,243
3435,148,166,228
3435,153,167,237
3429,146,196,222
3423,149,177,236
3420,152,168,242
3440,141,136,273
3443,151,177,273
3418,150,179,274
3421,149,168,276
3421,144,203,282
3444,146,181,275
3421,148,180,264
3356,122,174,186
3435,151,178,273
3437,168,180,269
3425,148,152,266
3408,137,182,277
3426,140,190,289
3422,141,186,266
3425,137,190,222
3421,146,181,272
3421,126,183,253
3448,141,182,265
3424,153,196,244
3422,104,182,259
3415,141,179,264
3422,161,181,176
3433,136,181,252
3396,128,197,249
3425,118,196,240
3431,133,175,294
3435,139,168,317
3428,138,180,299
3425,139,201,314
3410,136,301,322
3436,139,176,320
3425,136,170,311
3428,135,145,307
3434,130,244,316
3428,136,169,315
3429,139,162,300
3423,136,170,280
3428,164,163,282
3421,136,163,288
3410,130,185,288
3425,142,114,264
3425,141,156,259
3427,153,150,260
3437,166,161,298
3411,138,166,289
3435,136,195,290
3426,145,164,270
3430,159,165,292
3421,137,158,298
3424,135,165,317
3405,201,186,318
3420,144,170,326
3429,117,168,320
3416,128,182,229
3419,154,143,320
3431,138,172,298
3416,151,174,302
3420,132,187,314
3420,136,188,327
3442,146,160,328
3430,133,185,330
3444,131,167,338
3455,68,190,326
3427,132,209,322
3427,134,189,320
3428,148,194,314
3427,132,178,311
3441,141,192,312
3428,136,192,300
3435,131,192,309
3422,124,190,309
3435,130,181,302
3422,131,188,294
3427,128,187,289
3402,131,184,288
3421,142,186,281
3420,293,184,276
3429,130,191,266
3429,123,177,277
3429,129,183,258
3399,138,179,263
3427,139,178,260
3425,126,169,282
3427,100,176,261
3426,147,172,266
3421,142,162,267
3421,140,175,239
3445,132,181,296
3423,138,179,298
3419,136,176,296
3424,139,204,290
3416,136,171,275
3455,134,305,284
3429,274,177,275
3431,138,172,276
3433,136,184,272
3460,127,156,266
3430,141,156,283
3429,142,175,256
3430,150,162,280
3441,132,180,270
3432,133,173,283
3420,133,194,276
3397,144,184,268
3435,134,168,285
3421,137,179,270
3410,192,199,270
3417,142,152,266
3410,138,177,247
3427,131,178,295
3428,133,169,279
3430,135,179,279
3493,132,179,284
3428,129,192,258
3478,126,170,275
3431,130,189,293
3429,131,184,269
3426,130,179,265
3430,131,172,262
3437,266,173,258
3436,129,166,245
3423,158,168,243
3383,138,182,301
3409,130,171,290
3419,138,185,318
3428,130,185,330
3419,124,183,336
3413,128,187,327
3406,121,213,313
3431,105,191,343
3425,146,198,342
3426,133,194,334
3326,147,179,326
3440,124,195,378
3440,149,192,329
3470,151,171,312
3430,158,171,324
3429,166,179,312
3423,256,190,300
3422,154,172,302
3422,152,187,291
3443,158,186,288
3412,171,184,262
3418,152,184,292
3429,175,170,268
3369,150,180,309
3424,142,184,309
3429,148,181,313
3444,144,179,316
3411,149,164,337
3434,141,189,344
3419,150,174,294
3430,148,187,311
3422,147,163,309
3422,161,160,321
3418,117,188,305
3424,159,193,282
3393,144,188,338
3439,141,182,346
3435,157,172,340
3421,133,184,348
3417,145,183,329
3442,144,184,327
3415,141,178,317
3428,150,178,300
3431,130,177,307
3419,140,156,314
3432,115,186,303
3427,138,179,297
3427,144,176,293
3424,148,176,303
3445,146,173,278
3428,173,168,288
3430,122,177,297
3422,139,204,288
3448,143,158,322
3419,150,180,324
3415,150,182,349
3421,139,187,341
3413,202,200,339
3434,144,203,344
3435,144,177,321
3443,151,193,343
3430,202,200,341
3426,136,204,263
3439,155,183,326
3420,144,196,328
3412,153,192,293
3422,47,200,313
3427,115,208,301
3439,142,188,304
3423,151,193,304
3394,143,145,326
3419,162,197,337
3423,129,188,374
3415,144,237,339
3414,148,144,322
3424,141,165,308
3438,141,185,325
3447,121,200,327
3437,140,174,328
3430,143,198,336
3432,158,154,358
3416,152,181,343
3391,152,184,344
3407,141,180,339
3426,133,188,351
3432,142,168,331
3423,131,177,333
3427,140,176,320
3422,140,173,333
3422,0,176,316
3426,193,173,315
3466,150,169,310
3460,137,172,304
3421,135,158,318
3421,136,169,298
3428,139,171,288
3446,132,173,207
3433,136,173,303
3436,143,173,294
3427,136,173,292
3413,140,170,204
3429,135,174,290
3419,136,142,291
3419,136,283,280
3428,125,168,280
3425,140,169,325
3440,147,170,351
3418,148,172,346
3421,174,168,242
3432,157,183,348
3412,166,174,345
3435,128,167,340
3428,144,158,337
3429,191,166,341
3426,147,158,314
3433,134,166,330
3429,137,163,347
3424,173,162,329
3400,151,163,323
3422,147,151,326
3423,150,165,322
3421,139,160,314
3409,156,161,286
3425,144,168,304
3417,140,160,299
3424,147,159,298
3452,149,153,338
3401,144,158,282
3415,138,169,292
3432,74,144,272
3559,144,157,256
3438,143,158,276
3348,144,156,279
3432,129,159,276
3426,154,153,273
3414,142,163,267
3433,152,135,284
3444,165,145,270
3432,141,160,277
3423,170,153,286
3426,123,168,287
3399,155,136,278
3426,137,160,297
3423,139,147,275
3423,178,158,278
3417,148,163,279
3440,163,132,266
3427,152,155,260
3458,144,149,263
3435,146,166,268
3433,117,168,263
3428,141,160,272
3437,118,180,259
3454,141,166,260
3449,146,260,256
3429,132,171,251
3402,167,156,249
3410,151,153,232
3421,282,153,246
3428,150,180,249
3447,121,164,238
3419,138,157,208
3417,154,154,256
3433,145,152,245
3428,144,142,250
3414,141,213,244
3438,142,158,209
3437,166,140,241
3429,141,172,245
3434,81,151,253
3434,142,167,247
3426,148,155,240
3426,136,167,248
3438,140,162,237
3431,142,129,235
3444,136,133,236
3417,221,172,274
3412,150,161,268
3414,138,145,272
3422,131,152,326
3436,130,171,261
3495,135,148,244
3417,134,153,262
3436,136,156,247
3439,126,147,220
3446,154,142,262
3422,104,162,278
3424,129,140,283
3420,139,142,259
3435,126,153,269
3425,106,158,253
3424,136,154,280
3428,136,152,266
3428,121,165,271
3422,137,150,309
3418,133,139,288
3411,147,149,303
3427,131,144,292
3422,142,180,289
3429,136,161,286
3439,140,143,292
3438,129,160,274
3452,137,124,286
3433,151,150,285
3434,128,141,279
3430,135,147,282
3431,13,150,269
3432,148,148,275
3421,115,150,266
3439,12,138,272
3413,126,168,280
3423,118,155,318
3418,145,145,310
3402,128,158,310
3422,131,160,304
3439,60,156,304
3435,127,156,296
3435,120,148,297
3425,139,139,288
3434,79,146,318
3437,129,243,320
3431,134,164,318
3430,130,161,315
3434,121,169,316
3400,133,164,324
3421,157,166,318
3421,114,164,317
3408,125,223,310
3429,130,161,303
3439,132,103,300
3423,144,162,286
3453,149,174,291
3425,118,162,288
3435,150,153,288
3428,156,162,266
3447,151,160,283
3428,217,175,278
3437,136,163,280
3444,150,157,274
3428,145,159,268
3430,153,156,250
3426,156,159,264
3428,151,151,261
3425,152,158,264
3435,143,154,256
3435,141,239,244
3491,150,156,241
3428,152,151,250
3424,141,154,250
3422,142,178,237
3429,149,152,242
3430,155,148,241
3422,146,168,229
3431,142,151,241
3439,141,180,226
3430,119,150,307
3462,138,166,241
3432,170,164,211
3432,145,133,209
3417,138,157,227
3434,144,129,228
3437,146,148,209
3421,146,152,230
3419,137,165,267
3417,147,158,298
3411,146,161,307
3412,148,165,299
3423,107,165,330
3421,143,167,325
3436,134,162,324
3438,144,153,327
3432,135,148,311
3434,140,166,308
3432,160,174,304
3423,153,165,182
3422,157,161,292
3422,142,193,297
3422,140,137,291
3420,140,175,278
3411,140,175,264
3420,136,157,288
3394,124,189,285
3415,132,134,312
3430,80,161,307
3440,139,153,309
3429,149,160,299
3428,139,163,304
3434,160,148,310
3412,133,161,358
3437,139,154,320
3433,152,157,326
3443,135,156,324
3434,139,146,324
3415,134,174,310
3426,154,139,311
3432,154,159,190
3503,134,155,302
3428,141,140,313
3419,123,171,309
3430,135,145,307
3396,147,164,308
3420,141,155,310
3336,152,159,306
3421,21,158,304
3428,138,130,311
3432,139,156,298
3439,141,158,295
3438,153,154,251
3390,138,156,296
3446,45,152,304
3447,137,130,301
3435,142,144,300
3431,135,145,284
3421,130,162,292
3422,154,153,368
3431,137,161,281
3443,137,162,278
3573,139,159,256
3428,131,163,232
3423,143,156,348
3420,140,166,263
3421,136,153,265
3419,146,158,266
3412,147,166,256
3419,213,157,258
3433,139,171,254
3430,151,149,257
3425,147,160,246
3447,161,151,245
3513,165,156,221
3419,168,153,241
3426,167,153,236
3417,170,140,232
3415,182,155,243
3431,173,144,220
3431,182,152,234
3439,172,143,229
3415,173,167,228
3433,189,141,224
3430,170,148,200
3431,168,132,231
3497,176,147,198
3354,167,144,222
3311,166,150,230
3275,167,148,215
3433,157,147,162
3423,152,147,212
3435,157,160,252
3431,162,148,180
3427,156,148,207
3423,161,134,209
3437,161,147,211
3417,171,144,197
3421,160,137,205
3434,158,101,218
3432,177,114,209
3411,168,147,185
3419,139,130,213
3426,158,147,192
3436,154,141,204
3437,151,140,204
3429,146,140,182
3432,149,136,210
3424,160,142,184
3372,132,161,144
3418,161,141,192
3422,152,146,166
3409,150,145,189
3427,155,97,199
3424,152,150,202
3422,149,153,202
3418,140,144,194
3409,107,115,201
3421,146,145,203
3421,147,148,201
3432,143,149,196
3414,145,158,200
3447,144,148,213
3421,172,151,200
3427,142,161,219
3427,164,162,231
3425,160,158,233
3430,145,161,229
3425,144,169,231
3409,155,167,275
3437,147,170,266
3425,141,176,280
3424,151,160,308
3428,140,163,306
3401,138,164,312
3431,144,205,321
3425,140,150,317
3423,156,162,325
3481,138,162,328
3427,137,165,330
3421,43,151,328
3462,137,162,394
3431,124,170,308
3436,125,160,407
3427,153,155,320
3405,155,159,315
3414,138,159,303
3421,146,143,290
3428,148,153,305
3421,140,166,312
3416,137,161,298
3413,131,160,274
3334,145,151,293
3425,131,164,307
3413,131,181,304
3416,136,183,287
3419,32,176,274
3427,133,158,279
3440,128,168,288
3428,139,69,265
3422,125,167,221
3411,134,193,290
3422,153,167,295
3438,168,166,309
3409,163,167,295
3371,161,200,268
3430,132,163,291
3427,178,202,302
3431,163,167,311
3396,158,189,302
3423,166,235,294
3420,167,233,297
3428,173,181,279
3423,179,178,296
3425,167,212,285
3402,179,200,294
3461,165,190,293
3444,165,176,302
3431,179,168,317
3406,162,200,305
3435,158,200,300
3435,153,208,293
3433,160,188,286
3428,165,191,288
3411,172,196,288
3428,154,186,311
3510,163,194,269
3417,162,192,302
3415,156,201,285
3395,158,183,293
3445,154,192,292
3429,152,189,275
3429,169,186,201
3407,154,188,314
3424,151,184,306
3447,156,187,308
3419,156,176,290
3425,160,184,315
3449,148,185,316
3448,139,192,298
3437,149,169,320
3429,169,175,305
3428,151,177,314
3429,149,168,304
3445,155,179,304
3410,148,177,308
3428,148,129,304
3425,144,168,309
3420,161,51,284
3431,8,176,301
3431,147,159,361
3404,141,246,367
3427,155,139,370
3429,145,172,360
3433,141,166,355
3458,130,169,446
3417,137,169,346
3425,141,166,342
3428,150,168,333
3428,140,151,332
3425,142,169,324
3409,142,174,318
3425,140,142,314
3378,138,164,304
3434,122,160,306
3428,135,162,304
3430,138,167,302
3437,138,153,297
3413,137,161,286
3442,139,151,295
3424,139,281,272
3453,128,161,272
3435,153,151,336
3409,134,174,267
3428,136,154,253
3434,145,171,264
3424,139,154,260
3391,146,161,261
3420,139,174,268
3407,126,176,263
3425,117,171,333
3423,142,157,291
3420,138,180,280
3408,138,196,274
3426,114,188,278
3423,142,189,317
3435,140,186,326
3419,131,186,297
3428,143,200,304
3424,123,205,319
3432,131,216,314
3432,157,175,329
3428,165,192,305
3429,156,183,320
3401,155,196,362
3429,142,190,357
3429,130,193,360
3429,147,174,368
3433,136,193,369
3436,151,177,366
3431,141,192,361
3427,126,184,359
3445,152,182,352
3432,139,182,388
3435,146,199,345
3449,147,211,362
3428,165,180,366
3441,151,179,374
3445,146,41,358
3437,145,182,354
3423,128,193,357
3421,150,180,346
3418,170,173,322
3427,146,181,341
3428,133,180,334
3418,124,174,452
3408,149,177,311
3442,120,178,316
3429,148,169,314
3433,138,174,319
3451,138,172,311
3421,160,181,296
3433,144,173,300
3436,168,172,320
3429,134,190,321
3429,152,173,320
3427,160,174,312
3427,145,173,309
3427,170,165,310
3432,146,187,340
3427,149,143,305
3419,139,167,280
3422,150,108,302
3416,155,166,268
3437,138,161,317
3441,144,159,292
3423,154,193,285
3430,150,166,275
3437,144,172,277
3429,135,147,301
3425,145,166,276
3395,117,163,218
3426,141,166,288
3453,143,149,274
3423,136,166,271
3432,162,168,274
3427,157,161,251
3432,160,155,264
3418,124,190,258
3436,131,147,264
3452,130,153,262
3430,158,164,244
3421,140,159,259
3448,152,163,275
3430,139,141,262
3432,202,164,253
3449,153,163,240
3434,173,126,250
3431,138,182,246
3437,146,165,257
3463,150,148,235
3451,160,144,236
3426,170,160,229
3564,156,160,225
3426,151,165,243
3442,149,157,222
3421,146,167,224
3415,180,167,203
3419,146,173,288
3417,166,170,214
3421,168,170,196
3452,169,169,238
3419,171,170,228
3422,166,175,251
3350,187,179,250
3437,158,199,250
3455,190,165,245
3417,200,176,242
3430,171,185,256
3438,183,157,234
3436,241,172,231
3437,176,100,242
3421,151,182,241
3428,167,185,268
3420,187,187,251
3425,167,189,248
3440,171,193,256
3415,180,191,261
3445,160,192,251
3425,167,189,256
3438,167,200,246
3439,168,164,284
3436,159,182,296
3435,113,197,290
3286,166,190,274
3432,158,188,280
3449,161,184,274
3429,153,186,272
3425,161,184,283
3422,164,179,283
3391,166,185,209
3426,165,172,277
3431,203,185,273
3436,157,185,270
3428,144,183,270
3437,154,181,274
3435,162,187,260
3440,147,191,297
3439,154,205,265
3415,152,174,261
3451,151,173,260
3442,152,182,259
3427,165,170,222
3411,148,198,229
3419,148,183,240
3422,167,175,220
3422,150,158,258
3425,152,172,267
3407,128,138,267
3352,150,176,266
3424,145,178,283
3433,145,158,268
3423,154,196,247
3443,153,172,247
3425,131,175,264
3427,143,165,257
3431,45,186,280
3426,147,173,294
3430,147,183,286
3450,128,170,301
3436,147,146,312
3425,126,186,292
3424,165,150,310
3419,145,180,303
3413,115,180,298
3425,170,174,312
3427,126,175,350
3426,128,173,326
3422,49,174,305
3460,137,306,315
3441,142,174,315
3437,129,183,310
3429,137,146,301
3407,134,177,300
3452,140,168,304
3408,140,177,306
3439,139,197,304
3424,142,150,305
3426,31,171,295
3425,134,191,296
3438,151,157,300
3422,141,165,290
3424,164,168,288
3425,0,172,282
3421,140,174,276
3425,130,168,278
3428,138,168,274
3421,154,133,270
3435,140,176,271
3437,37,174,268
3406,159,168,264
3411,137,169,289
3427,134,155,288
3432,134,186,286
3429,139,178,280
3429,146,191,284
3428,146,173,287
3427,142,173,285
3426,141,177,294
3430,141,156,307
3430,142,178,298
3420,141,172,291
3299,137,168,281
3428,156,170,295
3421,146,156,289
3437,128,182,277
3431,136,141,286
3425,143,165,275
3428,137,170,283
3464,138,168,290
3432,136,180,281
3422,139,169,276
3426,180,170,279
3442,142,291,280
3433,134,162,250
3434,138,172,272
3405,131,245,273
3420,136,172,262
3437,127,143,269
3436,120,180,266
3421,124,173,263
3426,136,180,269
3428,134,163,264
3430,126,107,251
3429,134,165,247
3432,126,150,257
3435,144,186,256
3432,152,158,280
3425,140,165,284
3457,128,183,291
3429,136,170,312
3428,122,166,292
3485,114,175,297
3427,134,141,277
3429,133,163,295
3424,138,163,332
3428,136,175,325
3436,131,158,325
3417,134,153,321
3429,132,157,299
3436,128,160,313
3430,132,138,306
3426,137,170,308
3448,122,156,308
3430,132,170,304
3355,128,155,316
3433,131,154,288
3434,129,168,295
3430,122,156,293
3432,120,158,288
3399,129,152,274
3432,128,183,274
3448,129,151,266
3401,133,154,277
3430,129,157,276
3428,129,150,268
3415,128,231,264
3446,141,152,253
3417,118,154,245
3425,113,151,257
3436,114,158,246
3439,233,147,247
3434,128,120,254
3429,53,140,250
3429,130,141,267
3420,128,144,262
3428,131,151,254
3413,130,156,256
3390,123,152,258
3425,130,154,254
3389,130,174,256
3418,133,179,266
3435,129,158,281
3411,128,183,282
3434,128,169,284
3493,144,149,318
3433,130,82,288
3434,152,172,277
3424,121,178,269
3440,136,175,280
3438,163,171,341
3431,149,167,242
3431,141,196,256
3425,146,185,261
3432,150,168,261
3404,139,195,268
3423,149,202,267
3400,157,180,261
3419,173,197,300
3413,158,212,294
3414,164,259,284
3424,148,232,287
3433,140,252,288
3431,166,242,304
3430,164,217,296
3431,166,235,314
3431,166,218,310
3436,168,240,299
3432,167,242,306
3429,174,232,308
3424,155,247,311
3434,187,237,301
3437,182,234,291
3439,166,225,314
3413,157,177,277
3429,163,238,284
3426,187,232,278
3424,162,248,280
3405,162,250,294
3418,162,265,281
3421,176,304,288
3403,170,256,285
3417,156,272,286
3433,170,268,282
3422,174,289,268
3432,160,280,260
3433,164,270,284
3424,185,283,267
3426,149,301,281
3434,161,265,256
3409,159,272,257
3438,171,268,257
3429,147,263,264
3420,159,270,267
3422,158,257,260
3403,155,402,262
3398,158,256,267
3439,154,181,244
3426,170,242,335
3465,146,245,251
3439,152,226,257
3448,160,249,254
3425,164,247,252
3430,156,249,252
3521,156,256,118
3429,172,256,238
3438,129,256,228
3426,158,263,246
3429,171,250,239
3439,155,207,239
3428,156,240,240
3436,145,256,237
3461,148,259,237
3427,162,236,242
3371,144,265,212
3424,154,235,244
3419,156,237,238
3418,148,211,235
3455,158,243,261
3435,261,236,241
3429,132,248,247
3439,160,228,250
3429,161,228,249
3416,162,236,247
3423,159,232,262
3420,158,235,247
3424,165,241,238
3425,166,231,307
3417,160,230,217
3434,155,232,257
3416,166,219,221
3425,161,226,231
3427,158,200,220
3413,160,223,222
3439,152,221,232
3436,166,230,215
3421,162,219,230
3431,163,198,206
3447,160,216,242
3428,174,212,214
3441,159,185,220
3424,144,216,240
3427,180,250,211
3400,167,218,219
3432,160,213,230
3419,161,204,202
3445,168,206,241
3370,168,206,214
3403,164,207,216
3423,186,202,226
3420,167,214,216
3426,176,204,213
3424,172,209,209
3430,171,219,209
3413,208,195,218
3419,183,203,195
3431,181,188,218
3439,190,195,216
3434,169,210,203
3436,154,229,208
3441,207,199,227
3435,183,193,254
3416,177,205,242
3431,171,200,274
3401,172,258,288
3287,177,202,305
3440,176,198,299
3438,172,203,303
3428,168,204,305
3433,171,202,293
3435,169,197,278
3446,105,194,292
3430,172,195,284
3426,170,189,299
3428,166,192,273
3435,163,201,264
3431,172,178,272
3425,154,188,274
3464,163,200,274
3444,160,189,267
3457,208,196,278
3428,169,185,301
3422,165,170,288
3428,166,183,300
3431,162,108,306
3429,130,193,308
3426,168,183,285
3408,181,183,310
3432,157,170,297
3419,156,179,344
3434,171,183,383
3428,171,182,360
3430,161,207,374
3434,195,176,368
3424,176,190,363
3439,169,70,366
3451,172,181,382
3420,166,178,361
3431,192,177,360
3419,189,166,339
3427,168,165,366
3421,168,177,349
3408,148,195,301
3428,167,176,339
3446,165,298,344
3429,164,168,330
3426,153,191,321
3437,151,171,349
3421,176,296,365
3424,156,155,391
3429,176,171,380
3441,142,182,367
3426,183,140,381
3400,170,168,371
3455,176,150,370
3426,172,171,385
3554,153,167,395
3426,188,156,392
3449,172,139,382
3418,170,162,378
3414,180,146,400
3421,154,164,416
3429,180,159,421
3427,162,193,390
3426,138,169,422
3425,161,153,413
3483,161,167,402
3434,196,141,394
3438,174,154,388
3434,168,166,382
3413,163,66,373
3414,150,167,369
3425,164,170,363
3367,160,171,370
3428,158,208,380
3422,159,185,406
3421,160,187,353
3519,176,180,416
3408,177,188,350
3416,161,180,347
3413,160,187,356
3421,157,186,317
3431,158,195,363
3473,168,185,359
3424,173,169,366
3448,178,187,355
3431,176,193,356
3433,156,190,353
3434,170,199,368
3419,163,256,338
3427,178,213,341
3426,170,162,374
3434,158,186,441
3390,174,194,389
3430,187,165,396
3432,156,197,387
3443,166,166,394
3556,167,181,379
3436,174,175,390
3438,193,176,380
3425,161,189,418
3434,163,178,394
3427,152,196,398
3427,154,177,406
3432,202,177,388
3443,160,308,382
3447,168,157,380
3417,158,196,364
3426,149,190,355
3416,152,171,335
3432,157,154,371
3432,154,172,327
3434,128,179,338
3427,62,172,329
3418,161,181,322
3447,156,139,325
3431,162,166,316
3426,155,235,325
3431,162,164,313
3431,164,167,309
3429,165,198,306
3436,162,164,290
3436,125,168,289
3446,161,151,302
3415,164,166,284
3423,174,167,288
3413,164,168,276
3381,163,168,274
3419,163,172,277
3421,163,184,274
3419,160,168,267
3407,149,219,257
3410,154,170,260
3426,168,169,252
3432,152,176,268
3439,160,167,294
3426,139,192,283
3434,141,179,290
3430,161,167,296
3416,147,218,286
3426,153,167,286
3414,132,179,271
3413,165,144,290
3409,151,168,290
3404,149,309,309
3407,149,176,290
3421,142,178,301
3421,149,182,304
3433,145,177,305
3455,148,170,302
3428,154,169,377
3434,150,177,292
3433,148,161,282
3406,150,189,289
3432,147,171,298
3428,154,172,283
3270,149,177,257
3426,151,176,269
3425,259,178,264
3426,145,176,258
3414,161,161,267
3419,146,177,256
3427,148,177,236
3413,15,175,252
3413,179,182,248
3428,154,182,246
3426,161,178,237
3530,161,151,229
3431,129,175,234
3429,140,183,235
3427,165,188,229
3435,157,168,230
3433,157,176,253
3429,144,174,233
3407,158,169,247
3422,154,173,248
3438,164,172,256
3444,140,240,253
3411,150,175,240
3389,152,172,241
3417,140,191,236
3419,152,174,253
3429,153,172,248
3427,155,169,258
3418,148,160,243
3440,150,172,256
3415,173,172,263
3447,160,173,284
3425,148,170,261
3423,137,175,263
3426,157,174,268
3446,82,168,263
3433,152,164,262
3426,151,162,257
3426,143,181,284
3423,139,178,260
3425,133,184,266
3414,138,193,259
3423,166,186,258
3446,147,187,261
3459,145,200,286
3326,145,193,266
3436,135,190,345
3429,162,165,260
3434,142,202,244
3469,140,177,286
3461,78,186,290
3446,133,194,289
3430,118,182,361
3414,142,182,288
3434,142,183,298
3429,148,181,262
3480,123,193,291
3408,156,163,285
3411,117,182,307
3404,130,194,286
3394,143,178,286
3417,144,179,288
3427,112,166,283
3420,147,195,280
3430,152,174,278
3431,137,190,266
3435,123,173,264
3485,137,176,276
3483,124,195,256
3436,133,179,249
3421,130,186,236
3436,141,177,263
3427,136,169,235
3415,134,207,250
3416,66,177,261
3410,113,183,282
3415,257,195,314
3419,142,194,331
3428,136,195,330
3430,130,180,304
3414,133,192,306
3421,121,196,303
3424,130,224,304
3438,132,190,329
3433,121,185,325
3422,144,189,323
3434,130,159,321
3429,133,213,308
3414,136,192,322
3425,121,178,317
3426,134,182,320
3433,129,179,314
3423,132,185,318
3410,132,176,292
3415,134,187,266
3414,122,196,309
3407,130,177,315
3415,146,196,308
3427,144,187,314
3423,109,205,290
3430,128,186,305
3439,147,219,318
3432,223,192,328
3425,123,204,277
3416,124,200,332
3433,126,195,310
3447,122,199,359
3421,119,208,328
3424,128,174,303
3438,154,189,299
3419,137,196,305
3444,132,200,332
3418,132,176,304
3408,139,182,298
3432,130,211,296
3429,132,117,311
3428,29,172,291
3424,116,194,292
3557,113,188,288
3431,132,189,284
3439,144,155,278
3435,128,192,276
3435,110,244,282
3430,157,194,274
3424,118,193,270
3410,117,191,269
3417,145,184,267
3422,12,194,275
3418,132,185,272
3416,113,209,257
3513,145,185,336
3418,101,194,266
3421,124,184,290
3408,122,262,270
3429,123,192,213
3443,108,194,263
3431,124,206,256
3463,121,204,320
3432,124,194,299
3436,102,201,321
3433,87,190,325
3416,128,195,325
3415,187,191,331
3427,123,174,339
3426,109,196,336
3422,123,185,318
3430,126,186,377
3429,123,177,372
3414,116,185,377
3420,120,183,382
3415,129,182,357
3420,129,183,398
3424,129,189,376
3432,126,188,368
3428,124,177,372
3418,130,184,378
3418,119,198,365
3423,110,193,371
3425,118,208,339
3429,132,191,340
3425,129,202,338
3425,128,196,333
3421,128,210,336
3422,126,230,335
3416,130,210,336
3423,121,246,329
3419,131,200,333
3421,129,194,331
3419,140,239,313
3439,129,196,296
3434,122,202,297
3432,140,200,295
3423,120,253,280
3433,103,199,286
3431,116,202,282
3428,130,158,259
3425,143,195,273
3418,136,193,270
3418,130,203,272
3419,134,197,254
3418,128,211,277
3416,128,175,280
3422,123,203,281
3408,130,202,277
3458,121,201,280
3420,135,204,277
3415,138,214,278
3431,258,197,270
3439,140,195,282
3423,139,216,246
3425,150,194,267
3412,145,178,262
3422,148,188,258
3439,140,199,270
3448,156,158,248
3431,140,185,244
3416,136,150,240
3406,153,186,251
3429,142,178,275
3426,141,186,275
3426,138,183,288
3385,145,193,277
3402,137,183,279
3416,128,149,285
3404,167,172,269
3419,137,178,292
3404,133,58,274
3407,142,190,200
3434,138,262,281
3399,129,196,282
3432,147,172,307
3423,133,184,289
3425,136,182,286
3423,131,220,283
3413,133,192,278
3433,133,190,285
3413,139,195,282
3389,138,205,272
3419,152,194,284
3417,110,198,286
3420,148,189,271
3403,136,189,264
3440,100,197,279
3432,134,195,275
3432,123,191,290
3435,133,198,259
3432,133,221,265
3439,128,256,266
3421,133,200,252
3424,134,177,258
3433,138,214,249
3420,121,214,244
3433,126,202,249
3414,129,205,265
3418,133,221,248
3415,139,228,236
3409,131,222,230
3420,132,213,244
3415,72,243,239
3422,129,244,238
3412,131,223,225
3438,128,225,238
3435,128,219,236
3436,99,222,239
3506,131,219,248
3417,130,221,217
3406,139,214,213
3423,156,220,218
3426,124,234,228
3428,111,211,223
3422,134,217,224
3424,141,208,257
3426,134,209,233
3420,118,204,256
3438,136,207,254
3417,129,231,252
3417,128,232,252
3415,134,203,248
3450,128,185,245
3436,132,194,238
3442,126,86,244
3426,127,197,243
3413,49,190,230
3421,153,179,236
3415,138,194,231
3412,118,192,237
3415,151,194,240
3416,194,198,248
3390,121,243,265
3415,139,206,290
3286,106,202,157
3418,143,201,275
3416,130,199,265
3425,131,209,281
3425,148,199,200
3445,121,191,280
3418,129,188,269
3414,125,194,326
3430,141,183,350
3429,128,193,355
3422,128,186,358
3421,141,177,379
3429,156,169,356
3418,131,180,362
3386,134,194,356
3419,129,187,365
3413,126,186,380
3426,128,196,378
3416,145,189,311
3414,128,205,369
3412,137,166,375
3437,128,185,374
3422,123,188,404
3418,123,187,386
3416,129,186,413
3411,138,185,418
3437,188,181,421
3423,116,178,560
3423,125,190,400
3420,105,184,397
3416,140,177,450
3431,115,181,386
3420,129,164,392
3414,124,339,393
3411,123,189,376
3425,151,174,368
3419,115,175,423
3415,121,174,378
3415,133,178,355
3406,94,175,357
3434,115,186,345
3425,123,194,344
3430,115,168,340
3429,125,168,335
3429,110,173,330
3431,124,171,327
3427,122,170,323
3405,106,204,322
3413,124,186,321
3420,128,172,306
3398,130,168,329
3415,116,187,227
3410,118,183,257
3422,117,204,311
3421,87,163,339
3424,144,182,320
3314,149,172,314
3413,125,172,310
3412,112,178,322
3423,135,149,302
3431,133,171,301
3423,150,186,298
3290,139,176,288
3431,140,176,260
3416,256,150,281
3424,149,196,277
3318,152,167,274
3416,140,173,270
3415,139,204,265
3408,154,175,271
3409,161,176,260
3400,174,188,256
3447,153,174,258
3486,142,187,260
3431,162,170,252
3408,159,169,228
3428,162,169,245
3407,155,177,256
3433,136,180,243
3416,155,170,244
3423,155,164,155
3431,155,147,241
3409,165,158,239
3425,180,171,237
3407,155,174,242
3413,138,182,218
3415,117,165,234
3405,147,167,236
3391,154,165,218
3417,154,159,224
3419,139,169,224
3416,150,163,218
3425,177,162,200
3381,152,161,220
3425,156,164,213
3426,147,178,220
3430,148,164,218
3397,144,105,217
3417,138,159,218
3402,161,176,203
3417,148,157,214
3416,152,152,220
3415,145,152,216
3422,142,156,218
3422,164,156,112
3416,151,170,204
3414,145,164,195
3395,136,147,215
3414,160,129,220
3416,129,181,209
3434,137,250,219
3427,136,168,215
3431,141,141,228
3426,139,173,270
3413,137,156,278
3473,141,152,270
3404,123,151,284
3423,130,149,284
3424,117,149,286
3426,140,141,280
3424,134,149,282
3409,139,150,283
3418,141,141,273
3396,198,150,269
3399,144,169,266
3417,139,155,261
3408,138,152,269
3416,129,136,259
3422,170,166,263
3442,134,148,251
3430,151,147,251
3419,155,149,258
3432,124,166,267
3421,143,157,300
3420,116,157,268
3430,135,161,268
3418,132,168,264
3440,188,155,280
3404,125,177,260
3519,111,163,266
3410,123,171,265
3416,130,184,259
3402,132,334,266
3419,120,180,261
3410,110,202,282
3418,128,196,328
3428,128,208,262
3424,161,196,274
3435,146,212,278
3458,141,204,270
3432,192,214,269
3419,124,211,257
3428,128,211,257
3422,147,214,231
3413,146,207,254
3414,144,228,244
3425,118,206,310
3393,156,206,253
3404,144,205,247
3395,244,204,246
3421,154,201,245
3375,135,216,193
3413,168,202,276
3420,147,209,254
3431,160,191,281
3421,156,186,284
3422,170,194,277
3445,159,193,268
3422,157,197,269
3419,160,201,266
3407,164,187,274
3428,149,175,264
3430,164,187,259
3430,128,190,262
3415,141,184,258
3413,136,195,236
3430,154,184,265
3412,154,301,245
3503,154,178,260
3421,168,183,241
3427,139,186,227
3429,150,167,234
3421,144,181,236
3429,147,176,233
3413,159,178,209
3400,164,176,228
3419,154,179,227
3405,128,177,238
3417,141,180,230
3413,154,173,212
3412,129,195,228
3411,152,161,227
3414,148,166,238
3406,154,205,247
3377,142,169,242
3422,141,154,237
3496,148,177,252
3437,137,175,238
3386,140,188,236
3408,146,211,232
3394,146,192,264
3429,140,181,266
3424,141,185,265
3429,141,201,268
3385,138,171,272
3428,138,177,261
3417,138,177,258
3433,140,174,240
3423,167,174,241
3325,118,172,128
3413,126,198,242
3418,141,171,242
3406,140,172,239
3437,128,153,229
3391,140,171,232
3443,140,27,226
3414,133,168,227
3426,138,175,249
3419,163,124,233
3426,135,166,376
3364,143,160,236
3435,144,169,244
3418,128,170,240
3405,150,173,238
3435,141,164,237
3431,150,276,243
3420,125,157,244
3411,158,156,248
3399,139,164,231
3429,132,251,259
3423,143,164,234
3420,150,164,232
3391,131,157,256
3407,145,162,203
3420,146,161,221
3317,143,159,216
3415,138,176,273
3444,148,300,264
3410,152,172,250
3433,147,61,250
3430,163,178,250
3421,146,169,247
3413,146,169,251
3400,138,175,240
3412,148,146,246
3411,148,186,251
3413,135,174,256
3415,147,163,256
3412,144,167,256
3422,147,173,252
3415,144,176,265
3418,156,169,237
3427,156,162,241
3435,113,176,243
3416,126,169,239
3409,141,168,227
3406,161,177,231
3389,146,175,234
3441,125,172,232
3451,141,176,234
3405,123,172,222
3413,108,184,230
3412,141,181,176
3415,139,171,224
3412,144,164,235
3411,126,171,219
3417,137,169,226
3415,128,165,201
3409,116,155,226
3410,142,164,219
3427,136,166,211
3429,131,156,215
3426,124,186,187
3428,140,168,209
3426,144,164,246
3425,128,172,213
3421,131,140,208
3424,157,159,211
3419,136,162,205
3402,79,156,208
3393,154,167,218
3405,172,154,230
3407,143,194,221
3425,140,165,238
3417,212,164,220
3411,128,252,226
3408,140,174,230
3431,116,160,216
3427,149,162,214
3453,130,156,237
3445,128,162,211
3425,130,170,227
3422,139,160,206
3422,161,146,209
3394,139,158,205
3423,117,157,250
3415,136,167,209
3411,142,162,235
3396,134,325,245
3411,138,155,231
3412,134,149,248
3437,107,158,247
3412,126,165,247
3414,128,173,249
3408,134,157,249
3430,151,158,265
3436,123,149,279
3428,132,145,281
3442,143,134,279
3416,138,157,281
3414,143,162,284
3410,132,157,281
3418,153,162,279
3429,152,156,279
3423,138,163,306
3421,144,145,318
3418,155,154,302
3429,145,141,303
3411,151,152,281
3422,151,156,302
3421,139,129,288
3423,149,151,286
3469,167,152,379
3428,148,149,279
3426,146,154,296
3437,161,149,279
3421,118,170,284
3416,143,148,322
3415,156,151,266
3411,148,176,262
3415,145,152,252
3412,171,139,270
3411,151,148,293
3410,146,181,284
3413,142,148,297
3413,144,169,268
3407,143,162,290
3416,144,142,277
3427,84,186,270
3425,150,176,262
3428,136,154,261
3430,129,156,282
3428,147,161,290
3426,114,162,282
3425,254,164,284
3419,143,187,280
3419,143,157,296
3412,141,152,289
3413,112,164,300
3393,124,162,312
3410,138,171,327
3422,144,177,333
3400,147,184,329
3412,140,178,318
3453,128,188,328
3417,141,198,320
3417,139,200,321
3415,147,168,316
3451,134,188,314
3425,124,182,313
3424,152,177,307
3425,227,173,308
3421,145,182,296
3424,150,176,215
3418,159,173,303
3410,139,171,317
3416,166,173,320
3380,148,170,312
3399,149,177,310
3384,155,175,312
3286,151,172,318
3419,148,173,313
3394,144,166,306
3422,145,157,298
3421,174,163,299
3428,146,165,291
3419,165,166,289
3424,146,164,270
3422,149,170,284
3422,145,168,275
3415,147,165,270
3421,145,156,270
3418,131,166,280
3427,113,174,265
3413,123,173,283
3405,151,183,324
3417,140,77,331
3411,153,166,360
3420,153,142,358
3419,160,154,368
3427,172,150,372
3431,160,171,363
3422,172,157,360
3414,162,180,347
3437,161,160,371
3438,158,145,364
3418,160,153,359
3412,168,168,360
3413,174,143,420
3421,144,173,352
3412,158,167,355
3422,157,163,353
3410,156,158,329
3413,148,160,310
3413,146,170,344
3405,155,186,352
3415,151,170,348
3410,145,170,355
3415,152,168,335
3421,135,170,332
3522,166,169,426
3427,150,138,305
3421,145,174,325
3439,157,144,313
3426,145,168,328
3438,136,183,334
3412,148,196,306
3438,121,168,295
3409,146,171,290
3443,151,174,316
3419,136,180,273
3408,137,178,281
3411,148,170,274
3399,183,166,278
3427,170,149,283
3416,180,170,272
3421,170,166,277
3431,194,158,260
3425,169,164,264
3447,168,16,257
3417,175,165,262
3441,154,179,260
3453,166,160,262
3422,167,182,279
3450,171,136,252
3421,162,158,248
3434,157,170,248
3411,165,169,250
3412,145,195,256
3408,165,178,256
3403,158,181,238
3424,150,186,245
3396,168,183,225
3423,135,201,230
3418,160,177,228
3429,148,189,215
3449,145,179,229
3418,162,180,205
3427,139,205,218
3415,154,181,212
3425,154,181,190
3439,154,177,201
3403,163,179,198
3418,165,176,222
3411,168,184,201
3421,168,186,223
3430,169,177,240
3415,171,173,264
3498,172,187,272
3315,169,187,264
3403,161,184,262
3492,170,185,263
3419,163,174,270
3400,163,254,270
3427,150,192,244
3433,167,148,261
3415,166,186,258
3431,156,266,254
3422,180,184,254
3439,161,181,259
3405,179,173,248
3415,152,181,265
3423,133,202,260
3419,160,176,284
3421,149,192,274
3416,153,168,289
3424,159,176,258
3377,156,177,284
3424,156,165,275
3416,171,177,275
3437,152,174,302
3433,167,179,278
3428,126,170,290
3443,120,158,284
3430,134,172,294
3417,147,144,276
3408,151,170,270
3425,141,172,285
3425,149,169,282
3416,148,176,280
3420,149,145,274
3419,130,167,269
3417,140,160,267
3420,153,128,252
3409,136,128,246
3413,148,166,261
3429,148,162,246
3430,137,224,271
3403,144,160,252
3431,132,173,248
3430,144,160,241
3428,142,192,241
3438,199,155,252
3420,148,159,211
3426,142,158,234
3434,245,157,226
3421,149,167,226
3415,157,146,222
3405,141,158,230
3428,134,159,230
3418,157,164,168
3409,148,193,233
3435,138,184,247
3370,147,184,259
3426,238,192,256
3413,157,190,256
3426,133,200,253
3429,145,194,285
3433,154,190,296
3446,141,188,287
3429,182,191,286
3414,133,192,283
3347,143,189,292
3594,145,189,286
3365,142,192,292
3420,145,193,329
3325,124,187,302
3417,140,179,341
3424,143,186,340
3425,144,186,356
3420,140,184,343
3414,114,198,352
3415,131,181,352
3418,98,174,365
3431,168,175,367
3412,148,209,366
3261,150,178,379
3422,155,180,360
3421,146,180,365
3424,145,196,354
3415,147,171,360
3419,148,173,345
3412,152,177,335
3413,120,187,317
3399,167,177,328
3424,140,194,331
3426,145,172,327
3428,150,152,333
3511,147,171,333
3443,142,170,312
3447,128,168,307
3425,145,160,306
3435,139,164,318
3420,113,165,374
3424,141,179,296
3421,134,160,300
3421,116,140,314
3422,139,162,300
3427,137,155,305
3439,138,85,305
3419,157,150,298
3418,147,154,369
3425,137,134,278
3414,137,150,278
3448,144,163,303
3404,128,179,272
3488,156,160,362
3425,152,168,237
3466,129,157,254
3446,133,151,259
3431,122,154,254
3429,112,165,268
3420,92,159,244
3432,134,147,248
3426,115,154,272
3428,133,156,233
3403,129,164,239
3427,132,157,238
3418,175,134,236
3414,130,149,237
3429,133,150,239
3400,137,165,242
3449,132,159,241
3402,160,146,259
3417,129,153,239
3433,122,166,248
3423,120,4,240
3428,132,172,246
3434,128,152,228
3405,130,174,246
3414,125,169,230
3413,129,165,246
3415,133,190,247
3407,126,163,246
3415,135,177,243
3411,143,169,245
3472,149,178,288
3415,157,181,266
3427,148,182,283
3434,135,173,321
3419,147,182,288
3422,124,179,288
3429,140,206,299
3435,137,184,291
3432,145,181,323
3531,148,183,313
3424,145,193,318
3435,147,188,309
3425,160,185,312
3427,149,186,302
3435,152,185,294
3427,148,185,302
3439,135,195,301
3421,121,187,292
3417,157,184,284
3415,154,186,268
3417,145,176,296
3457,146,186,282
3424,165,186,288
3421,233,181,285
3439,142,184,295
3425,160,166,288
3428,150,170,305
3411,169,181,308
3460,139,193,304
3416,148,175,288
3467,143,177,283
3417,161,172,291
3420,115,174,310
3433,146,166,299
3408,138,176,336
3423,157,164,353
3409,157,198,347
3416,147,180,365
3408,166,183,365
3422,161,172,380
3427,135,200,362
3422,139,186,357
3463,147,167,361
3433,150,188,350
3440,145,201,354
3433,137,152,345
3433,140,164,337
3429,138,179,352
3427,153,180,306
3424,151,167,324
3407,125,177,327
3421,160,167,321
3425,152,157,351
3407,139,177,328
3451,135,166,342
3393,137,188,357
3420,138,204,356
3430,131,188,364
3417,139,181,362
3422,135,186,361
3430,152,172,363
3441,117,183,355
3435,133,209,355
3408,133,180,354
3429,133,182,357
3414,134,294,360
3431,132,179,345
3435,121,195,329
3412,121,203,318
3428,133,172,370
3419,133,162,355
3435,133,176,356
3421,129,182,342
3411,132,178,334
3421,126,151,337
3418,153,174,335
3425,131,178,344
3424,144,169,352
3435,129,183,327
3432,126,179,327
3418,126,230,324
3427,121,167,321
3447,146,160,307
3431,135,164,301
3435,131,176,291
3295,136,177,281
3423,121,160,299
3392,155,172,325
3417,114,179,333
3402,149,195,319
3419,136,207,340
3431,131,213,349
3411,158,231,344
3442,133,243,348
3418,139,273,325
3426,131,253,332
3401,148,239,327
3425,132,241,326
3430,125,237,326
3426,145,241,329
3420,102,237,312
3427,134,242,368
3424,133,268,286
3420,132,260,299
3419,132,256,300
3555,108,243,309
3415,156,252,205
3415,147,270,300
3415,152,258,301
3427,168,266,294
3433,176,270,294
3436,108,261,288
3433,177,280,273
3434,172,264,313
3431,155,279,311
3437,133,278,316
3417,157,285,303
3433,157,276,301
3429,176,270,296
3434,151,272,293
3442,148,253,302
3423,200,281,283
3412,159,267,320
3430,155,283,301
3444,151,225,305
3423,160,237,305
3441,153,256,302
3434,150,251,299
3421,158,227,289
3438,146,245,299
3451,143,237,276
3430,151,237,286
3421,147,292,279
3434,153,237,278
3440,134,238,256
3426,148,223,266
3421,154,236,271
3419,158,231,264
3407,166,235,254
3410,29,243,256
3417,183,224,265
3418,172,225,273
3434,178,226,238
3406,173,231,244
3436,162,249,239
3427,169,238,246
3424,176,224,244
3435,174,208,236
3436,173,216,233
3432,170,253,233
3437,182,212,114
3426,176,187,239
3436,168,186,218
3444,199,207,207
3435,156,209,218
3429,168,213,213
3419,157,209,213
3421,184,208,150
3419,171,211,235
3447,167,193,230
3411,176,200,214
3426,166,211,237
3432,182,209,226
3427,165,205,231
3436,151,200,245
3431,162,222,236
3436,158,208,228
3435,165,200,239
3440,160,201,212
3437,177,200,188
3433,191,174,226
3455,158,180,224
3420,172,195,241
3424,162,214,224
3434,184,192,221
3429,160,192,213
3438,164,185,217
3415,163,201,210
3425,149,193,209
3428,154,206,220
3397,157,191,205
3427,158,182,204
3413,166,81,188
3426,155,217,201
3419,169,203,170
3420,146,203,208
3438,277,188,194
3443,154,192,193
3434,151,215,200
3423,164,194,168
3425,145,210,191
3508,167,199,182
3427,148,172,187
3437,154,186,202
3527,158,207,269
3422,140,220,182
3366,166,189,186
3447,147,205,184
3428,135,201,251
3518,150,200,164
3449,141,211,180
3433,32,200,188
3435,148,206,186
3436,216,200,183
3437,150,200,181
3487,130,214,189
3279,144,198,178
3435,145,205,188
3436,147,193,194
3426,134,207,193
3423,148,190,199
3418,144,195,199
3417,146,168,205
3426,268,191,194
3430,143,164,198
3444,142,189,195
3421,146,193,163
3425,149,190,187
3433,155,238,196
3425,139,186,206
3429,182,186,206
3434,150,183,228
3424,155,186,206
3425,172,186,84
3445,150,180,204
3418,151,338,221
3446,126,176,216
3436,129,178,216
3433,152,178,243
3439,153,175,244
3429,154,168,245
3421,168,174,229
3433,149,171,262
3421,152,176,252
3443,151,180,259
3436,175,167,250
3430,140,191,256
3444,138,172,292
3432,149,170,191
3430,155,170,276
3419,154,168,283
3448,122,168,286
3442,153,170,280
3432,146,144,302
3414,174,162,304
3428,148,192,301
3498,146,189,313
3408,145,194,295
3405,135,188,297
3432,148,180,294
3403,151,178,271
3449,143,308,290
3433,140,185,294
3431,143,184,284
3436,145,168,320
3416,143,180,311
3436,141,180,305
3424,150,161,296
3442,133,178,294
3434,148,184,292
3412,138,194,288
3401,147,186,288
3431,143,176,280
3424,146,197,306
3421,146,182,326
3424,144,171,322
3451,146,167,312
3416,178,180,320
3403,138,256,306
3350,144,167,312
3427,140,199,325
3453,138,177,335
3428,142,189,311
3429,139,184,331
3449,148,160,332
3437,137,149,327
3436,134,171,346
3465,136,179,348
3439,138,177,307
3443,137,176,326
3281,137,177,332
3497,130,178,223
3428,140,177,348
3442,126,179,342
3423,137,178,338
3433,136,189,332
3442,138,176,326
3425,136,175,328
3430,144,163,324
3427,141,184,313
3432,130,192,319
3429,147,187,315
3448,143,185,322
3445,136,178,312
3437,145,192,272
3435,130,182,307
3440,157,179,301
3447,143,189,296
3549,143,179,334
3444,155,181,342
3438,129,262,352
3420,151,192,355
3438,130,182,340
3420,123,189,321
3411,139,181,333
3487,160,179,329
3454,141,180,328
3430,138,180,344
3432,141,186,327
3419,139,177,316
3430,132,200,316
3427,139,194,344
3434,135,191,303
3434,144,172,327
3432,138,191,312
3445,128,199,307
3421,158,188,301
3421,146,187,294
3481,148,180,285
3430,154,185,289
3433,158,192,294
3420,166,112,272
3434,138,201,333
3427,144,201,293
3431,148,200,282
3470,167,177,276
3436,165,201,280
3431,161,201,291
3463,162,211,298
3438,157,207,279
3440,183,192,280
3428,145,220,270
3427,161,202,272
3423,170,208,249
3421,159,187,260
3433,161,196,243
3424,156,219,256
3431,157,197,254
3427,164,177,261
3431,156,196,247
3424,153,196,257
3439,152,193,257
3428,159,192,320
3447,156,313,328
3431,161,177,353
3424,114,175,347
3429,149,189,346
3428,181,182,342
3460,88,185,345
3435,153,184,353
3410,163,174,348
3428,142,187,344
3452,159,181,336
3429,33,183,330
3429,148,168,320
3440,146,196,322
3432,96,179,317
3443,152,180,313
3430,134,176,309
3443,144,172,313
3490,147,177,288
3435,137,195,297
3431,160,161,300
3454,145,175,305
3453,130,305,293
3437,148,202,283
3430,137,176,290
3402,142,173,276
3427,144,176,273
3414,150,156,272
3422,142,189,264
3421,143,185,265
3421,147,207,256
3390,152,192,259
3420,152,184,254
3431,140,181,245
3434,148,182,245
3431,147,177,256
3459,154,163,252
3443,170,173,249
3438,159,176,248
3430,157,174,256
3439,161,173,235
3437,153,187,233
3437,161,169,209
3429,145,176,192
3302,152,171,221
3425,140,190,222
3428,152,174,222
3429,148,172,221
3430,153,221,210
3455,144,26,212
3427,137,172,214
3435,118,180,228
3429,142,174,228
3446,146,192,250
3431,163,175,265
3427,137,171,268
3439,154,168,266
3434,149,117,246
3438,145,170,264
3398,156,179,265
3425,146,178,261
3425,168,169,261
3424,132,174,245
3416,147,191,264
3415,145,205,259
3439,146,181,278
3421,148,195,258
3433,128,195,277
3420,146,195,253
3435,166,195,244
3451,128,192,257
3434,145,203,238
3437,145,205,256
3436,171,192,257
3434,157,208,256
3432,146,208,285
3411,153,205,183
3416,158,184,269
3437,143,189,251
3414,131,198,253
3432,165,173,248
3428,225,182,238
3431,164,193,243
3414,150,194,243
3447,137,192,236
3442,141,194,243
3433,144,183,217
3439,138,188,232
3430,140,185,248
3427,149,182,238
3423,139,158,240
3414,140,184,224
3407,129,184,240
3430,136,169,246
3418,148,189,250
3418,159,192,277
3429,16,198,248
3431,146,205,241
3406,137,240,244
3421,143,196,240
3425,175,195,231
3438,153,200,243
3431,155,193,247
3439,146,194,262
3419,159,191,260
3434,147,172,264
3435,151,197,268
3438,180,186,266
3519,159,200,275
3434,138,171,261
3416,170,183,264
3421,145,204,262
3434,122,190,283
3432,155,204,290
3439,158,203,294
3420,154,203,291
3431,153,196,287
3435,160,197,322
3437,148,199,280
3442,151,113,286
3431,151,192,288
3431,149,198,260
3438,163,192,266
3445,143,187,265
3427,141,196,288
3424,144,188,266
3418,157,193,283
3415,159,197,276
3427,155,184,294
3447,152,200,294
3429,137,198,292
3306,151,192,306
3433,152,194,319
3416,148,260,337
3421,0,194,318
3336,153,194,312
3455,148,192,318
3431,147,194,315
3437,125,192,317
3439,153,182,303
3434,156,188,276
3472,149,202,342
3443,147,192,356
3422,124,187,392
3387,154,189,338
3423,150,188,325
3409,152,191,326
3424,144,192,315
3423,147,188,317
3449,145,190,391
3534,150,186,328
3439,118,202,311
3422,133,190,311
3435,177,185,306
3426,146,177,302
3443,148,184,299
3421,153,165,292
3466,138,196,293
3412,134,175,299
3438,140,180,293
3453,158,163,293
3438,141,174,276
3432,141,180,394
3433,140,172,282
3416,146,180,272
3396,139,177,297
3427,149,177,272
3422,140,178,299
3420,139,175,308
3408,146,168,303
3503,137,173,309
3431,141,182,299
3423,136,175,296
3426,144,172,307
3430,138,170,291
3436,124,175,296
3399,120,181,324
3437,140,179,326
3426,152,168,308
3410,133,186,320
3422,151,163,327
3420,146,172,306
3455,139,166,310
3427,147,165,289
3430,142,168,302
3423,163,156,296
3443,154,165,292
3431,147,169,315
3421,156,164,282
3425,298,165,295
3427,144,122,279
3433,145,171,286
3433,138,164,283
3437,134,156,280
3440,139,169,341
3423,156,161,313
3418,134,175,324
3432,153,160,321
3429,143,162,321
3424,153,178,315
3424,130,158,311
3425,113,168,315
3426,140,164,297
3421,141,162,299
3424,146,170,292
3423,146,157,290
3454,137,166,282
3432,126,154,285
3425,122,160,269
3430,135,162,270
3437,151,160,206
3441,121,161,268
3385,134,143,233
3443,136,162,237
3449,134,126,272
3432,136,174,248
3438,136,161,254
3421,148,150,260
3424,126,169,248
3400,108,156,197
3413,136,166,236
3422,126,155,240
3429,131,163,217
3424,132,154,240
3447,133,175,220
3421,133,163,233
3447,129,134,231
3434,132,144,231
3624,130,161,277
3443,124,161,216
3406,129,158,258
3440,129,171,256
3432,120,159,256
3432,206,144,251
3432,130,163,252
3422,118,166,248
3429,154,148,245
3421,130,160,240
3443,121,156,246
3429,109,158,294
3418,129,156,245
3424,130,151,240
3405,109,175,230
3414,129,181,238
3431,134,154,234
3465,121,160,326
3452,130,158,241
3440,128,159,243
3441,128,166,254
3426,139,164,256
3415,128,177,235
3429,134,163,233
3427,129,185,248
3438,107,162,238
3425,126,163,256
3421,219,165,281
3401,142,174,198
3421,154,178,264
3431,153,166,285
3417,128,171,262
3452,106,162,214
3432,158,164,264
3431,206,162,267
3431,146,157,270
3432,139,153,300
3449,148,164,311
3425,155,107,296
3412,147,0,298
3429,175,197,311
3437,135,190,306
3437,149,179,313
3407,144,204,300
3437,273,194,298
3403,163,176,291
3430,124,179,304
3435,150,182,236
3423,134,223,283
3436,147,195,292
3430,134,187,266
3435,107,195,266
3432,142,211,298
3443,149,181,292
3438,144,202,313
3440,143,200,296
3421,133,197,298
3413,159,175,303
3449,119,205,294
3434,154,190,363
3454,190,180,309
3426,140,188,320
3438,138,201,318
3425,139,170,306
3427,141,173,304
3422,142,188,308
3427,140,195,310
3450,160,204,303
3420,140,198,269
3433,143,177,292
3434,138,224,287
3440,138,200,295
3436,108,197,279
3430,132,199,275
3427,149,208,272
3405,138,196,264
3430,257,186,267
3435,127,191,256
3434,136,97,248
3425,133,191,275
3425,124,192,265
3449,147,169,264
3428,139,203,265
3427,141,179,282
3424,141,192,270
3426,134,192,240
3443,110,205,271
3449,138,195,276
3442,83,184,296
3473,139,164,274
3436,143,185,277
3430,156,165,273
3422,138,179,277
3426,139,173,314
3424,139,196,299
3408,141,182,268
3409,151,186,320
3458,137,50,346
3434,136,152,364
3449,141,158,362
3411,149,178,356
3417,148,177,357
3445,140,171,340
3442,137,172,348
3433,113,169,471
3425,132,177,318
3412,134,177,335
3432,146,200,348
3415,152,157,343
3419,136,171,320
3431,134,174,333
3431,133,187,331
3434,134,150,327
3425,135,169,323
3424,138,151,362
3434,139,168,372
3419,146,192,352
3417,157,164,353
3457,146,167,357
3420,138,163,349
3445,122,186,345
3424,152,156,337
3438,139,164,349
3434,201,144,325
3436,146,176,325
3445,125,163,382
3417,139,162,336
3446,144,134,325
3428,253,166,341
3445,151,164,325
3435,140,174,367
3409,137,174,345
3427,149,170,402
3407,148,176,381
3425,148,193,406
3423,145,156,419
3421,149,186,401
3440,144,181,400
3434,150,182,394
3452,146,185,384
3423,154,185,397
3445,142,195,375
3439,140,193,373
3433,196,194,371
3429,136,192,383
3404,143,195,359
3509,140,190,335
3426,163,188,348
3427,140,190,336
3425,141,186,351
3421,138,231,346
3427,149,178,323
3423,195,187,337
3389,142,186,331
3423,156,192,334
3424,168,188,338
3431,148,196,335
3423,162,157,332
3433,160,166,313
3351,153,184,321
3441,160,180,317
3431,171,207,329
3425,174,183,328
3431,164,189,324
3433,161,183,322
3436,164,184,313
3452,178,185,320
3431,131,180,348
3423,166,182,352
3436,172,155,353
3418,165,202,334
3424,163,177,335
3427,162,206,340
3453,150,176,333
3452,160,170,330
3429,128,186,337
3433,160,173,329
3445,160,152,317
3457,159,98,321
3431,145,171,312
3425,154,170,305
3334,161,170,297
3432,158,199,301
3436,152,170,306
3419,170,166,292
3423,156,166,302
3443,169,146,286
3412,155,170,278
3427,165,169,284
3438,66,169,283
3436,14,169,278
3435,268,168,278
3442,147,171,284
3430,152,165,292
3441,151,169,299
3433,152,167,292
3299,149,162,298
3443,154,163,262
3425,152,155,272
3413,152,184,268
3433,150,164,264
3417,154,159,266
3446,157,154,294
3419,152,165,311
3426,157,171,300
3430,149,156,296
3434,148,162,276
3431,139,177,221
3420,145,152,291
3435,138,158,278
3449,144,152,281
3426,145,170,272
3441,125,197,275
3431,144,182,283
3439,168,182,262
3434,149,178,272
3418,132,184,273
3452,145,183,286
3429,148,179,254
3435,163,168,309
3435,142,160,305
3444,140,176,303
3427,144,180,298
3418,150,55,277
3435,134,188,294
3435,142,181,281
3445,136,180,278
3446,165,176,278
3440,136,175,277
3507,140,178,280
3463,128,186,293
3436,56,177,272
3443,153,167,277
3449,114,173,263
3421,146,151,269
3422,138,187,273
3425,135,170,265
3425,133,185,270
3426,165,173,267
3429,153,156,280
3447,150,176,290
3419,151,184,267
3422,155,249,278
3440,114,181,262
3439,160,173,278
3425,161,324,282
3432,166,183,282
3440,182,194,272
3427,179,200,261
3442,174,177,266
3439,170,170,252
3444,168,195,252
3417,168,129,246
3445,158,190,247
3430,163,169,262
3418,178,177,281
3434,164,215,306
3422,165,212,274
3421,147,202,284
3422,159,192,288
3435,164,196,280
3428,272,194,279
3430,177,190,262
3440,148,190,302
3424,161,186,285
3440,154,190,283
3420,179,189,275
3429,160,190,284
3445,156,184,275
3435,153,182,292
3423,156,193,267
3430,136,200,262
3431,154,216,262
3436,153,194,264
3455,143,201,268
3432,148,184,270
3422,156,185,235
3432,149,182,262
3440,143,187,262
3438,138,183,245
3439,153,183,260
3419,168,185,307
3439,181,179,313
3435,157,176,308
3443,156,190,301
3434,157,197,316
3438,141,204,297
3440,160,196,302
3435,38,199,300
3439,181,187,325
3430,154,185,332
3417,142,225,329
3301,129,192,240
3413,160,194,311
3424,130,201,312
3437,294,195,336
3410,163,177,333
3438,119,194,330
3414,145,194,317
3439,143,224,322
3437,149,198,328
3444,154,207,350
3443,140,196,353
3433,156,197,320
3424,135,205,323
3429,161,203,317
3396,151,204,406
3401,139,219,323
3422,154,204,326
3425,147,204,320
3435,170,198,313
3441,135,202,246
3425,205,204,305
3425,143,216,289
3436,140,134,295
3310,141,198,292
3433,131,198,324
3435,173,184,377
3409,162,189,352
3437,154,199,360
3439,155,197,348
3433,15,194,343
3427,160,204,348
3434,92,192,344
3434,151,176,346
3416,121,172,357
3421,155,200,351
3427,178,181,347
3417,148,190,346
3437,234,190,339
3434,149,187,334
3426,144,186,312
3440,173,172,336
3450,148,186,314
3437,151,213,324
3439,159,184,321
3442,145,183,320
3423,144,193,324
3428,146,181,311
3423,142,201,329
3527,150,177,287
3430,145,176,302
3434,161,161,310
3434,66,182,336
3441,155,176,332
3431,154,178,333
3426,153,178,340
3432,154,177,334
3423,164,177,313
3439,157,171,339
3429,154,182,322
3442,162,178,333
3418,153,186,317
3440,149,88,334
3437,158,177,299
3432,152,182,308
3445,173,173,352
3431,150,183,326
3430,139,182,326
3438,153,176,320
3421,120,178,332
3448,148,183,318
3427,148,191,311
3439,145,184,283
3430,168,190,303
3440,154,186,185
3437,149,171,276
3432,145,187,291
3437,152,174,300
3437,147,196,327
3438,133,192,322
3449,141,185,320
3442,145,203,316
3440,144,162,321
3455,139,185,315
3429,126,204,301
3425,143,190,324
3421,118,196,307
3431,149,176,328
3412,146,186,312
3427,132,188,305
3444,151,183,293
3439,140,184,310
3438,149,171,288
3442,145,198,297
3457,113,190,275
3442,140,180,287
3435,128,183,272
3447,147,179,259
3441,146,179,268
3439,145,152,261
3406,145,178,223
3440,149,209,259
3428,158,176,253
3425,148,174,174
3430,145,169,258
3422,144,176,248
3428,144,175,262
3395,145,184,244
3423,131,172,236
3431,146,168,240
3426,140,172,230
3498,140,172,248
3431,140,185,230
3436,23,174,251
3450,168,179,260
3455,133,176,250
3451,138,173,256
3442,130,159,256
3428,133,224,264
3409,141,167,262
3432,151,172,248
3420,142,163,260
3441,120,163,284
3425,140,160,252
3419,142,167,266
3480,145,173,237
3439,164,152,252
3437,146,167,245
3446,139,161,251
3436,168,149,248
3427,150,166,256
3437,155,152,271
3440,149,160,281
3434,145,164,302
3426,151,173,295
3432,138,172,296
3437,151,150,299
3421,124,195,307
3433,146,146,301
3417,130,171,337
3441,142,174,335
3419,146,285,317
3426,134,182,326
3419,141,162,314
3444,148,176,320
3427,144,158,337
3427,140,171,305
3438,146,180,323
3438,211,150,317
3440,149,167,317
3446,140,244,330
3439,150,168,295
3454,146,166,301
3430,169,170,282
3408,198,166,298
3432,146,144,291
3425,151,166,296
3426,155,174,288
3370,153,162,282
3429,145,148,277
3435,143,164,290
3440,143,150,290
3423,148,160,274
3438,249,160,273
3438,132,167,271
3436,141,145,268
3454,152,160,262
3435,128,163,234
3433,118,158,256
3550,117,157,258
3435,128,160,260
3437,142,176,248
3439,153,157,244
3437,137,158,266
3423,70,168,260
3439,129,166,252
3413,146,171,249
3418,132,143,252
3428,158,158,241
3458,140,161,243
3432,141,166,240
3425,123,160,237
3430,155,162,133
3429,138,194,237
3417,136,182,237
3440,137,168,236
3428,116,171,320
3616,139,172,220
3422,129,179,216
3434,153,163,245
3430,148,199,237
3417,152,170,237
3419,140,167,277
3527,131,173,281
3412,137,170,286
3418,134,123,279
3417,130,171,277
3426,133,168,278
3435,136,166,272
3441,132,166,269
3443,76,161,287
3435,134,154,266
3424,132,171,271
3441,111,199,264
3437,132,160,260
3352,136,187,326
3446,150,178,252
3433,152,176,244
3444,126,177,245
3431,137,180,243
3419,125,199,259
3431,136,191,268
3420,233,182,244
3428,143,188,244
3427,145,190,257
3423,0,189,260
3437,143,171,247
3425,154,190,239
3454,147,183,252
3440,149,185,251
3294,142,188,263
3461,140,186,256
3428,138,186,244
3429,128,187,233
3527,142,186,228
3435,167,185,235
3431,144,179,224
3450,140,182,245
3423,140,157,268
3397,154,185,252
3423,152,195,241
3447,147,179,256
3429,138,201,264
3390,138,194,262
3404,136,201,247
3445,139,195,245
3429,137,181,246
3431,128,216,247
3444,136,197,272
3412,137,216,246
3425,143,237,264
3428,145,214,259
3427,137,208,238
3435,134,211,256
3436,139,229,253
3432,135,137,256
3422,137,211,240
3425,133,190,260
3443,135,205,251
3430,130,209,241
3432,138,193,242
3435,129,198,238
3438,138,212,230
3424,145,204,228
3439,130,218,228
3440,132,197,227
3437,129,192,230
3418,136,234,226
3429,135,198,201
3439,125,202,266
3431,133,184,253
3435,135,227,256
3427,143,201,260
3428,144,217,266
3425,123,197,264
3414,132,196,253
3441,132,196,253
3442,123,194,252
3434,120,191,232
3428,132,181,250
3438,149,194,226
3432,96,192,248
3440,128,190,242
3444,128,184,246
3436,127,183,234
3406,135,187,212
3452,119,201,253
3444,131,181,224
3434,128,162,224
3434,130,188,220
3428,130,175,228
3373,126,166,193
3417,129,252,241
3435,126,189,235
3431,126,195,247
3395,131,214,244
3425,126,189,243
3437,98,199,249
3421,124,119,237
3436,129,174,284
3428,139,204,288
3427,133,198,306
3456,132,218,361
3429,134,225,301
3437,132,205,286
3433,137,228,293
3433,125,200,294
3425,135,224,282
3423,151,187,298
3417,135,228,291
3424,107,219,270
3426,134,208,282
3416,143,233,272
3471,134,207,278
3421,137,202,268
3423,129,201,287
3439,156,196,258
3416,133,201,265
3445,36,201,260
3556,131,200,258
3438,229,197,251
3514,157,173,258
3419,144,194,246
3451,146,199,251
3420,138,193,245
3424,137,196,240
3413,150,179,239
3429,142,191,236
3424,143,194,246
3439,139,89,236
3427,141,190,225
3414,110,193,232
3420,126,182,214
3488,142,188,219
3435,136,188,223
3435,141,196,225
3430,146,193,207
3415,149,192,213
3431,107,202,204
3431,155,189,203
3426,136,188,210
3416,144,186,195
3424,134,188,220
3421,139,169,208
3434,154,185,204
3447,136,173,208
3418,137,181,196
3420,143,182,206
3424,151,185,199
3437,132,204,201
3438,113,209,186
3437,56,196,201
3443,127,179,197
3438,121,185,219
3436,149,184,189
3438,134,181,192
3432,134,183,194
3426,139,176,209
3399,150,184,200
3427,130,189,205
3432,100,194,216
3431,166,180,215
3426,131,182,223
3423,132,192,214
3423,131,208,216
3369,115,182,155
3440,126,189,210
3417,126,188,228
3437,95,189,231
3433,128,192,230
3439,128,180,211
3432,125,231,216
3435,128,178,229
3439,128,206,223
3456,114,186,222
3452,126,191,224
3447,128,174,208
3329,128,185,222
3424,128,210,212
3419,128,182,225
3435,128,165,225
3435,93,192,214
3450,106,189,204
3414,111,178,193
3414,118,184,208
3424,118,165,208
3445,136,178,211
3546,137,177,244
3437,118,209,248
3441,134,145,250
3429,134,183,240
3438,138,181,249
3431,132,171,244
3425,134,223,248
3428,178,179,245
3417,138,176,258
3442,144,178,277
3428,145,183,298
3383,142,174,273
3432,114,174,277
3421,147,183,270
3438,137,174,277
3443,142,187,265
3432,144,172,274
3445,146,173,280
3421,130,200,277
3437,148,170,267
3443,161,168,253
3429,141,179,269
3436,146,172,272
3486,139,166,270
3435,141,160,257
3434,135,175,257
3442,146,167,273
3393,154,169,256
3439,132,176,256
3423,138,156,254
3409,138,159,250
3486,139,172,264
3419,44,155,254
3441,135,169,256
3419,133,183,235
3387,135,178,264
3435,156,177,271
3447,141,179,285
3439,221,180,263
3423,121,227,260
3445,107,206,248
3429,130,176,244
3456,122,196,251
3447,132,186,278
3428,139,181,290
3397,145,185,278
3411,138,200,260
3409,130,32,270
3442,145,180,279
3450,128,179,266
3441,115,187,260
3439,123,192,258
3437,90,190,258
3434,130,187,254
3432,118,183,265
3457,125,176,273
3426,129,191,246
3440,130,183,243
3441,134,196,236
3453,118,198,234
3440,122,194,252
3432,0,191,236
3430,132,191,232
3459,124,177,228
3425,131,215,224
3455,122,172,216
3427,130,199,227
3428,138,186,228
3408,140,167,253
3418,116,189,258
3472,144,178,365
3416,128,184,277
3369,130,180,206
3482,128,188,298
3444,127,200,307
3441,129,192,308
3439,115,197,303
3493,138,194,295
3439,135,185,293
3423,128,194,294
3449,132,194,287
3418,117,197,288
3455,135,169,277
3432,143,195,276
3436,133,175,269
3454,136,185,258
3445,150,172,269
3451,114,194,283
3433,134,186,275
3434,134,189,277
3433,142,184,281
3435,132,180,279
3433,136,176,282
3432,132,168,280
3418,145,212,279
3417,133,169,265
3426,123,188,212
3436,134,175,308
3436,134,176,301
3434,133,176,312
3438,140,183,288
3425,132,175,335
3441,131,172,314
3433,123,173,328
3459,122,162,323
3438,128,181,316
3436,130,177,322
3448,131,180,304
3435,130,161,315
3430,131,177,313
3414,125,177,288
3426,113,192,303
3436,124,164,298
3426,133,176,285
3443,131,165,297
3417,225,195,298
3376,128,177,302
3422,125,188,282
3436,118,174,348
3433,128,155,299
3436,125,171,290
3446,141,172,299
3429,125,174,306
3442,132,180,302
3433,123,147,301
3429,126,198,302
3427,135,171,293
3410,128,174,288
3440,120,166,285
3441,138,179,280
3451,126,168,277
3441,117,185,263
3441,129,168,264
3467,103,166,264
3440,126,177,236
3450,125,160,257
3429,115,168,242
3444,96,189,251
3429,126,158,228
3427,136,184,246
3438,119,167,248
3437,117,182,148
3427,110,178,238
3422,118,173,216
3403,123,168,162
3438,125,184,234
3438,125,157,236
3440,126,142,243
3437,124,157,230
3427,122,176,222
3430,121,265,224
3395,125,163,217
3444,126,111,232
3451,145,153,210
3440,122,163,208
3445,123,160,214
3460,125,282,207
3436,128,163,210
3444,129,154,208
3434,108,164,218
3457,138,155,204
3419,126,203,202
3442,121,160,198
3440,131,158,201
3429,132,162,205
3441,133,23,194
3451,138,133,206
3390,116,155,87
3449,124,175,218
3431,111,163,213
3435,144,160,211
3424,38,158,206
3441,158,155,200
3441,149,155,201
3436,139,162,201
3435,155,150,240
3441,144,130,240
3444,144,155,240
3434,143,160,239
3345,120,153,158
3433,141,145,238
3400,150,162,236
3424,153,156,242
3436,134,154,240
3432,141,162,241
3435,136,167,240
3425,128,164,247
3441,141,163,239
3421,140,124,235
3506,139,161,235
3425,140,159,219
3426,132,161,236
3429,137,157,281
3439,143,157,335
3438,141,130,289
3429,140,161,287
3441,121,167,283
3449,139,162,274
3437,137,179,276
3443,138,132,276
3437,133,160,277
3427,140,159,275
3419,140,175,291
3423,121,103,274
3352,138,157,272
3417,129,160,256
3432,130,154,264
3435,135,156,260
3434,123,156,277
3439,136,157,267
3433,136,161,262
3430,140,155,259
3433,136,155,277
3436,136,156,258
3428,141,164,263
3434,89,154,248
3442,140,123,251
3439,162,140,240
3432,153,145,240
3440,146,147,252
3440,143,157,289
3441,142,153,289
3457,137,150,289
3438,149,141,296
3434,148,130,305
3429,140,162,291
3435,144,156,288
3415,160,154,301
3438,135,154,293
3435,139,155,319
3430,146,152,308
3423,153,155,306
3509,140,155,319
3442,137,153,315
3411,171,151,336
3399,151,159,321
3413,152,152,258
3435,130,162,314
3425,137,133,321
3406,129,167,323
3433,128,156,315
3430,106,126,311
3436,111,160,296
3436,136,152,299
3438,145,168,280
3474,153,159,310
3442,144,162,262
3434,145,161,278
3442,122,152,258
3420,132,162,268
3423,131,156,266
3431,142,156,268
3425,131,154,287
3443,138,120,269
3428,133,163,217
3443,132,154,295
3423,141,156,289
3433,141,162,296
3433,140,156,296
3424,124,150,302
3463,114,162,286
3422,122,156,295
3444,141,162,288
3436,139,178,284
3433,114,174,283
3437,134,180,286
3436,141,171,269
3424,160,177,225
3420,134,184,260
3427,140,182,299
3451,75,179,272
3429,156,175,288
3427,162,150,330
3436,133,186,345
3395,138,168,305
3419,145,184,256
3433,139,180,425
3419,150,187,345
3435,136,199,346
3431,126,198,342
3439,136,179,342
3455,134,195,378
3437,161,196,370
3435,134,223,375
3440,132,199,376
3435,137,197,425
3435,145,250,364
3439,134,201,373
3432,139,215,379
3434,135,190,376
3420,131,199,384
3433,129,197,349
3422,150,188,373
3422,113,204,368
3452,150,90,358
3423,147,178,374
3407,150,199,365
3425,177,185,363
3436,125,186,347
3448,146,190,341
3431,128,203,321
3436,145,124,330
3429,146,198,315
3443,148,188,348
3437,155,162,320
3440,152,206,318
3419,153,182,317
3458,141,197,308
3455,151,176,308
3368,168,184,302
3430,150,185,300
3432,147,155,290
3436,152,183,311
3447,220,195,295
3377,169,182,284
3427,175,181,333
3441,153,178,323
3437,133,180,324
3436,150,179,320
3453,164,179,434
3431,63,178,324
3430,135,165,337
3427,139,181,322
3456,160,177,316
3425,151,174,312
3431,158,181,298
3456,151,173,311
3459,136,186,305
3428,149,173,284
3443,143,173,297
3436,148,166,311
3439,146,172,289
3435,138,173,280
3465,146,181,282
3430,139,178,278
3458,141,160,286
3418,142,111,273
3440,147,174,274
3441,145,169,265
3431,145,142,270
3423,125,168,280
3400,141,243,286
3421,136,182,326
3430,144,181,349
3443,134,183,351
3431,143,180,337
3428,146,190,335
3428,150,207,331
3454,133,184,325
3437,138,171,315
3451,142,294,322
3433,0,190,325
3446,147,90,320
3440,135,182,317
3426,144,192,296
3432,144,188,320
3439,143,213,304
3463,132,191,303
3429,144,185,308
3441,128,185,296
3431,146,184,290
3433,144,180,351
3430,141,180,288
3420,139,181,274
3424,114,196,272
3498,140,179,263
3431,140,200,273
3441,139,176,264
3439,153,179,286
3437,130,167,307
3421,139,288,282
3436,125,252,286
3433,138,154,291
3439,138,197,288
3431,143,176,318
3442,141,173,321
3414,125,198,327
3422,156,177,342
3423,134,176,365
3438,158,161,356
3437,164,175,337
3442,271,172,339
3425,165,181,351
3416,160,127,342
3433,180,166,417
3437,166,168,364
3612,168,174,386
3437,166,178,364
3446,146,183,372
3441,168,156,384
3421,167,154,381
3446,173,160,376
3453,167,167,377
3423,166,172,379
3431,162,160,370
3430,76,170,359
3432,156,142,365
3413,168,200,360
3430,150,171,356
3433,162,158,356
3424,158,166,347
3440,143,182,338
3411,155,165,333
3434,156,166,329
3434,156,170,310
3440,153,174,322
3426,148,169,315
3393,172,164,403
3434,144,151,306
3439,153,162,301
3439,150,168,294
3432,152,165,285
3291,154,158,293
3427,164,161,329
3373,133,161,283
3427,136,156,287
3440,147,159,280
3444,146,157,270
3425,136,184,262
3439,145,156,250
3444,148,58,264
3441,160,198,239
3433,144,164,252
3431,147,171,243
3417,146,209,249
3431,148,164,248
3433,145,153,241
3425,138,175,267
3428,148,142,237
3424,148,186,241
3439,144,169,256
3433,161,192,224
3446,161,210,265
3398,148,216,257
3433,132,203,265
3432,138,254,275
3566,142,206,256
3438,129,204,277
3435,133,201,331
3432,131,229,306
3442,140,226,303
3439,130,247,294
3444,133,230,278
3448,136,91,288
3431,134,218,293
3432,144,223,290
3432,140,246,287
3411,123,219,282
3429,141,216,279
3431,166,214,271
3376,130,203,238
3427,128,233,278
3425,139,234,292
3432,130,207,284
3437,139,212,285
3436,137,210,283
3442,76,227,281
3485,155,205,375
3438,137,232,288
3464,130,220,322
3434,136,214,281
3434,146,194,290
3461,134,214,296
3424,135,209,264
3422,138,211,276
3419,138,205,277
3424,130,212,292
3450,122,207,288
3424,136,237,274
3433,136,206,266
3396,139,206,265
3463,132,185,277
3429,145,209,296
3326,121,200,271
3444,122,213,318
3427,137,205,285
3456,135,208,317
3439,152,198,352
3448,111,202,356
3433,141,194,291
3427,144,226,286
3419,128,234,293
3426,143,200,290
3428,141,201,285
3418,144,190,281
3430,152,198,271
3432,111,197,272
3406,138,202,264
3430,134,181,281
3432,135,180,252
3438,122,211,264
3432,135,191,254
3433,227,192,237
3416,139,192,259
3411,135,196,256
3433,129,195,256
3440,95,192,252
3437,251,174,250
3430,140,191,231
3465,166,205,262
3430,134,195,260
3428,147,192,267
3430,140,192,308
3456,138,199,247
3432,130,197,248
3414,135,214,227
3451,102,172,238
3447,141,192,233
3449,156,192,241
3417,136,190,227
3464,137,191,231
3433,130,183,229
3434,138,195,224
3426,158,172,236
3435,198,186,215
3432,144,184,222
3421,161,146,221
3427,121,188,277
3430,104,172,313
3409,130,189,295
3432,137,93,297
3427,134,194,294
3458,128,179,314
3443,152,165,296
3440,134,177,274
3450,125,180,281
3311,130,181,303
3440,119,182,302
3437,206,178,346
3425,130,196,343
3430,125,172,367
3449,136,177,342
3432,134,185,306
3273,134,177,338
3415,133,186,322
3445,135,177,340
3427,148,178,347
3425,135,190,348
3425,131,176,353
3417,125,174,341
3430,128,179,329
3440,130,176,334
3457,123,162,330
3442,129,186,308
3432,125,185,268
3444,130,177,342
3433,132,165,333
3432,47,172,324
3434,132,172,321
3436,131,169,328
3443,122,174,329
3425,139,167,335
3454,133,168,325
3428,133,169,311
3430,112,168,380
3432,124,162,309
3433,154,163,400
3429,137,158,305
3424,131,178,307
3436,111,166,295
3433,130,166,289
3439,146,184,360
3439,131,158,364
3431,130,166,373
3424,133,164,378
3427,122,166,354
3430,106,162,369
3433,117,167,368
3436,93,168,351
3429,134,157,368
3428,132,160,411
3447,130,164,439
3451,128,157,440
3434,128,171,447
3443,128,149,450
3421,122,161,430
3437,125,150,452
3443,123,156,436
3439,93,157,428
3438,130,151,423
3452,135,158,296
3522,126,152,410
3413,119,159,410
3429,126,155,401
3421,130,149,401
3449,120,144,394
3434,126,154,387
3433,116,154,395
3414,131,154,403
3412,134,94,416
3432,128,98,403
3424,132,158,416
3430,123,154,407
3449,123,152,415
3430,109,152,408
3438,0,156,403
3437,146,155,400
3440,125,168,394
3439,113,171,383
3440,122,155,380
3450,116,160,375
3434,108,160,371
3441,114,156,451
3434,149,158,350
3431,144,168,358
3443,125,154,356
3400,132,157,269
3426,112,155,364
3426,124,155,354
3423,125,156,338
3423,129,159,342
3416,61,179,330
3429,105,167,334
3420,123,172,318
3533,124,161,352
3438,133,147,376
3437,125,179,362
3434,125,165,367
3433,119,152,372
3442,125,168,337
3430,128,167,345
3432,129,169,350
3443,129,168,367
3405,123,170,361
3416,129,184,350
3419,130,186,346
3430,130,179,344
3433,128,185,321
3439,126,176,329
3440,125,178,333
3455,124,153,328
3428,100,197,312
3460,128,192,348
3461,128,189,320
3429,137,177,316
3419,124,241,332
3421,124,190,316
3437,138,165,300
3426,121,190,283
3426,149,189,309
3411,126,199,337
3427,133,185,338
3425,131,176,346
3432,142,190,333
3422,128,183,325
3414,145,190,334
3431,136,198,342
3427,144,193,212
3414,122,192,315
3435,149,163,337
3432,135,186,325
3457,145,178,326
3440,134,204,325
3439,104,212,291
3422,162,189,293
3431,90,201,315
3429,135,187,292
3424,134,198,302
3412,109,196,265
3421,142,202,317
3443,117,196,309
3424,134,195,320
3412,123,212,320
3437,133,157,336
3430,134,192,328
3452,134,195,328
3435,118,207,330
3438,121,210,328
3452,128,206,322
3434,124,202,426
3439,132,201,371
3440,119,200,301
3422,126,198,297
3436,127,198,296
3410,130,199,294
3418,72,217,324
3413,129,192,340
3440,123,230,344
3427,116,198,320
3433,128,195,315
3443,122,180,310
3434,100,201,313
3427,125,186,290
3451,130,178,310
3439,123,184,318
3433,122,202,313
3430,134,201,304
3419,114,189,299
3426,142,189,296
3420,138,186,288
3415,126,193,260
3425,101,187,285
3413,128,178,288
3445,123,189,288
3440,121,181,278
3422,126,180,266
3434,148,184,274
3435,124,184,271
3447,147,182,257
3527,127,182,258
3436,87,181,257
3437,121,177,259
3435,142,166,258
3505,124,161,223
3417,135,182,256
3433,141,176,247
3408,136,177,246
3435,136,175,242
3435,139,176,242
3431,135,174,240
3431,139,169,234
3430,137,174,253
3432,143,190,240
3426,178,172,251
3433,135,168,248
3440,134,179,258
3433,118,167,242
3454,134,104,239
3435,133,161,220
3435,123,166,246
3444,132,170,252
3435,134,172,247
3453,136,166,253
3427,135,175,232
3430,123,165,240
3433,158,164,235
3436,137,162,245
3414,115,181,249
3436,128,198,280
3424,122,175,317
3429,106,185,304
3420,140,172,224
3429,130,177,306
3424,134,209,305
3430,103,191,298
3437,149,179,289
3436,128,165,310
3443,129,185,317
3436,112,178,334
3428,151,176,313
3434,132,170,309
3437,151,176,298
3435,129,168,299
3428,129,199,306
3426,132,180,303
3442,130,173,316
3330,144,168,318
3440,126,193,320
3292,130,189,313
3402,129,203,316
3431,107,215,308
3405,128,185,312
3457,124,179,309
3442,93,192,312
3435,126,182,314
3430,123,187,318
3421,140,176,299
3422,126,185,297
3403,126,178,309
3428,129,181,377
3437,36,202,305
3435,128,187,299
3424,128,186,292
3413,132,167,291
3313,117,183,280
3438,116,261,284
3429,123,182,280
3425,31,203,273
3345,126,180,293
3427,126,194,276
3435,124,185,266
3435,125,200,274
3438,124,169,274
3442,121,181,262
3445,96,164,258
3442,103,181,252
3432,145,183,201
3440,70,165,237
3410,118,193,247
3413,135,176,227
3471,126,176,261
3439,116,186,270
3435,124,173,264
3433,129,146,282
3423,116,186,264
3427,124,181,291
3432,138,170,270
3484,125,172,281
3435,122,169,274
3438,97,168,274
3458,121,165,285
3432,122,168,249
3434,113,165,267
3435,208,148,266
3431,141,170,262
3444,122,163,268
3419,126,157,265
3424,124,168,271
3414,129,161,260
3427,128,180,258
3421,128,160,237
3463,142,159,252
3428,126,169,249
3413,136,108,249
3429,124,174,239
3422,107,162,244
3444,112,160,240
3442,125,144,265
3425,123,166,275
3437,121,161,280
3437,172,150,268
3428,114,170,247
3475,123,151,258
3440,125,26,250
3431,113,166,253
3447,103,161,253
3429,128,187,262
3427,125,162,256
3429,129,175,256
3440,114,177,256
3401,128,165,250
3423,112,171,248
3438,21,138,244
3434,123,162,241
3441,122,157,280
3438,129,149,298
3423,111,169,290
3437,135,179,315
3428,132,155,317
3421,122,235,320
3420,117,189,318
3452,119,176,309
3429,129,138,302
3427,118,163,308
3421,135,136,326
3427,123,153,307
3413,136,152,293
3432,128,166,307
3427,128,158,299
3430,124,155,305
3453,133,160,305
3422,120,154,298
3425,121,162,280
3438,128,156,309
3439,109,173,293
3413,122,156,294
3421,113,152,287
3430,129,150,285
3425,124,158,280
3430,120,152,258
3426,146,146,280
3433,133,156,284
3427,111,163,273
3428,125,154,274
3418,121,155,282
3402,111,181,250
3430,121,151,260
3422,45,138,264
3454,116,151,265
3432,131,151,269
3439,104,158,273
3450,121,124,275
3412,119,155,266
3429,125,155,269
3424,138,150,266
3412,102,157,258
3431,126,165,260
3413,120,94,253
3434,125,182,256
3436,138,128,258
3436,124,157,270
3429,120,136,242
3431,240,153,241
3432,120,140,249
3423,117,158,242
3425,123,160,247
3411,137,129,245
3439,124,160,277
3435,94,181,286
3405,119,155,295
3434,122,150,277
3436,148,134,298
3429,122,156,305
3435,126,143,304
3426,128,219,293
3430,28,177,304
3433,140,153,303
3434,132,160,292
3436,161,143,306
3431,134,163,291
3454,138,160,282
3431,136,158,273
3433,132,152,276
3437,146,158,328
3440,136,152,276
3453,138,149,317
3435,136,155,307
3459,144,157,313
3444,152,152,315
3433,155,156,312
3439,126,147,325
3442,132,161,301
3452,128,157,300
3430,136,146,282
3427,136,157,300
3440,132,124,303
3423,135,161,295
3434,145,157,335
3440,134,173,276
3442,116,156,283
3440,134,157,274
3432,137,158,268
3455,135,213,283
3429,138,158,273
3464,143,133,281
3435,138,152,276
3432,156,158,274
3449,134,159,268
3441,135,171,260
3437,161,146,252
3437,143,161,258
3441,156,155,260
3435,137,154,300
3436,139,153,298
3434,141,163,294
3420,135,155,282
3422,130,162,281
3434,139,151,291
3436,158,140,290
3429,132,149,291
3439,141,150,281
3456,121,236,306
3422,149,152,284
3432,133,151,282
3438,133,140,272
3428,132,151,268
3397,134,147,272
3437,132,148,270
3452,119,147,267
3409,128,139,263
3427,133,179,270
3390,132,152,274
3424,143,155,253
3421,119,156,265
3432,130,155,264
3439,121,151,265
3424,114,154,276
3439,39,166,278
3441,131,173,288
3441,126,179,300
3435,134,169,294
3435,133,170,299
3435,139,170,288
3431,134,146,287
3434,140,169,278
3434,135,174,290
3429,134,168,294
3398,110,166,278
3432,140,160,336
3430,201,155,316
3424,137,168,320
3435,140,122,323
3441,140,165,315
3451,157,153,312
3498,135,163,316
3438,139,156,325
3433,136,242,353
3351,147,161,347
3441,136,130,356
3439,129,153,341
3442,136,167,363
3447,173,160,335
3441,136,169,324
3444,151,157,349
3423,138,138,358
3451,141,160,377
3400,145,152,345
3424,120,160,382
3452,105,143,358
3439,132,163,348
3439,131,146,350
3437,207,168,336
3465,133,159,359
3425,165,157,357
3445,104,168,370
3431,132,136,385
3430,110,156,369
3457,130,151,400
3363,145,160,353
3445,131,169,346
3471,120,177,348
3437,132,157,341
3430,133,156,384
3408,139,157,369
3416,143,171,373
3426,134,170,371
3434,149,160,375
3429,153,160,386
3461,150,149,431
3449,138,238,388
3448,141,130,413
3441,64,162,402
3451,167,152,423
3445,146,164,419
3451,139,170,401
3417,162,161,402
3433,143,240,391
3450,155,136,385
3424,142,148,364
3426,148,161,377
3415,236,159,375
3453,131,167,360
3435,19,160,364
3440,151,154,356
3449,130,145,351
3441,148,166,348
3440,126,165,343
3426,137,116,340
3439,140,161,336
3446,138,174,346
3442,137,170,325
3390,115,188,263
3445,134,170,303
3445,122,186,304
3439,165,164,315
3449,134,168,306
3419,133,173,284
3428,148,170,308
3433,118,201,300
3424,136,166,300
3427,117,166,438
3438,140,149,314
3424,201,186,289
3450,136,154,287
3439,134,157,274
3438,132,158,284
3461,123,165,275
3434,136,161,274
3441,146,151,280
3427,136,172,266
3438,133,151,279
3438,134,149,260
3433,136,161,257
3437,137,161,254
3438,127,160,365
3423,135,160,320
3577,139,160,318
3401,149,161,411
3434,134,183,309
3437,134,157,311
3504,135,158,322
3439,132,147,307
3445,123,155,293
3423,132,151,337
3431,159,146,337
3439,114,160,322
3442,154,156,320
3428,133,157,311
3441,130,153,320
3585,131,156,300
3429,132,152,322
3422,140,153,343
3417,130,144,385
3428,135,134,386
3420,138,159,360
3432,140,159,370
3425,179,160,373
3329,131,153,379
3438,130,153,370
3428,132,159,362
3442,134,156,384
3438,138,154,406
3467,138,161,410
3442,134,154,420
3428,137,164,408
3452,155,160,417
3431,144,160,400
3446,128,159,410
3427,138,160,402
3429,109,166,405
3427,87,160,404
3426,140,180,396
3436,136,166,416
3430,218,157,390
3429,125,167,387
3442,129,180,378
3441,114,183,376
3438,142,147,377
3445,134,150,369
3431,130,163,377
3353,128,162,361
3433,131,165,350
3452,132,134,353
3438,142,164,348
3437,130,65,356
3440,136,153,331
3430,129,140,334
3439,130,170,346
3397,124,163,329
3447,130,160,326
3430,132,162,318
3447,123,160,322
3437,161,161,297
3424,128,158,290
3451,131,62,300
3441,138,159,309
3460,129,157,336
3435,131,146,318
3442,126,140,320
3427,131,185,330
3431,142,165,337
3428,131,161,336
3421,124,227,329
3434,241,164,329
3265,132,157,317
3404,128,165,320
3430,131,140,325
3429,128,162,321
3426,130,172,322
3394,126,166,313
3386,130,161,320
3434,109,165,301
3444,153,150,299
3462,134,149,359
3443,98,156,358
3438,145,157,357
3459,125,158,356
3441,126,154,347
3463,125,157,333
3435,126,157,340
3433,98,165,338
3428,126,155,344
3428,125,168,340
3422,125,154,339
3423,146,149,335
3422,132,128,309
3432,151,146,321
3426,128,170,317
3427,128,145,317
3421,115,112,314
3569,122,153,316
3439,125,140,350
3441,125,172,348
3453,106,151,341
3431,132,170,330
3481,125,154,331
3429,120,123,343
3425,134,142,335
3433,124,157,348
3422,130,154,381
3428,104,177,390
3427,124,157,385
3437,122,164,396
3430,124,154,389
3415,107,168,372
3434,123,168,393
3439,98,160,393
3417,121,165,382
3441,125,162,376
3428,122,165,384
3439,116,142,366
3432,186,173,367
3427,136,171,359
3441,148,166,358
3433,89,176,356
3442,123,146,356
3403,139,172,343
3426,110,169,377
3433,145,172,374
3416,136,175,374
3430,122,151,375
3442,104,166,374
3424,117,144,380
3428,123,175,381
3451,120,177,375
3439,0,175,376
3441,119,171,370
3444,109,183,370
3415,119,135,368
3440,112,198,368
3444,124,163,361
3439,129,214,360
3425,108,179,399
3420,123,192,353
3437,117,189,337
3429,120,186,341
3262,125,181,332
3427,130,180,328
3422,141,180,335
3521,114,176,316
3405,145,180,315
3432,133,176,306
3428,136,237,312
3436,140,173,301
3438,152,183,290
3438,138,180,286
3433,134,256,283
3439,144,195,296
3421,150,180,297
3430,126,210,263
3435,140,199,279
3432,121,196,283
3429,133,200,316
3428,133,189,319
3433,22,189,313
3432,154,186,291
3439,150,194,304
3442,136,178,277
3453,133,187,298
3443,109,184,296
3450,132,183,307
3427,128,90,287
3462,133,176,286
3435,145,155,282
3433,136,163,278
3427,236,172,261
3443,132,179,274
3412,135,185,274
3427,159,165,283
3427,135,181,274
3418,145,165,278
3438,171,140,273
3417,162,59,266
3467,183,180,270
3440,158,175,275
3393,150,192,250
3442,176,164,264
3440,153,168,254
3419,148,62,257
3453,142,259,301
3443,175,162,285
3444,135,176,278
3450,148,165,285
3438,153,150,284
3426,154,168,270
3441,181,161,272
3422,169,161,248
3425,158,157,272
3427,157,166,273
3431,71,149,272
3439,152,173,265
3419,157,166,256
3382,150,185,238
3435,172,141,258
3419,152,163,252
3439,150,161,241
3434,151,175,256
3433,152,160,240
3429,143,169,243
3423,148,160,239
3454,154,148,239
3449,156,266,236
3422,182,148,244
3443,151,149,228
3440,149,158,226
3443,164,156,232
3426,152,158,233
3444,129,167,233
3424,155,160,129
3397,139,195,225
3433,144,168,241
3444,131,172,230
3426,139,160,238
3436,155,166,229
3429,143,172,241
3431,140,177,244
3452,142,173,261
3437,141,179,248
3419,152,180,240
3430,132,178,239
3431,160,165,239
3452,139,177,246
3427,154,175,241
3412,149,300,245
3433,148,176,236
3452,148,32,230
3432,149,167,233
3441,146,159,227
3455,134,192,227
3445,145,176,221
3439,134,176,222
3438,144,176,226
3441,148,178,214
3435,145,175,210
3435,156,177,219
3434,134,176,206
3437,146,187,208
3307,142,173,199
3415,144,174,209
3436,134,149,198
3429,148,173,233
3428,140,172,272
3434,139,166,238
3425,143,174,260
3445,138,173,257
3419,138,173,261
3429,141,176,262
3425,142,181,253
3433,145,163,259
3441,141,170,292
3438,144,152,260
3424,148,173,268
3442,140,170,262
3437,146,172,258
3434,145,193,258
3440,141,163,258
3443,154,149,250
3430,153,168,306
3429,146,181,334
3421,118,166,322
3428,145,192,339
3401,146,168,349
3423,148,166,342
3423,153,160,346
3425,131,174,334
3438,152,170,331
3437,154,153,333
3441,148,140,323
3442,146,148,282
3454,142,160,357
3420,160,155,317
3439,151,163,304
3424,142,163,298
3435,151,150,328
3430,156,161,307
3424,151,161,354
3432,150,160,364
3414,152,149,356
3429,128,158,422
3438,150,154,358
3434,141,161,371
3434,148,150,334
3434,136,165,340
3425,146,158,327
3455,130,162,378
3446,148,168,365
3435,144,172,368
3425,142,159,379
3409,142,161,368
3440,156,148,367
3433,159,142,378
3435,145,169,372
3435,147,157,368
3430,146,157,380
3422,141,200,356
3427,137,132,352
3418,147,156,349
3444,145,158,350
3421,157,130,351
3385,143,159,329
3448,136,167,368
3424,134,171,328
3409,140,166,328
3436,151,153,315
3440,136,167,312
3434,245,149,305
3433,137,164,292
3435,133,152,300
3432,135,163,281
3431,129,163,292
3432,136,162,329
3427,140,189,330
3434,128,247,333
3459,133,150,317
3444,133,160,308
3437,132,175,301
3422,113,165,289
3422,142,160,298
3428,152,183,292
3438,148,152,302
3437,176,166,295
3439,153,173,294
3423,144,186,267
3427,136,169,256
3430,157,173,283
3425,138,163,272
3449,142,146,288
3430,136,165,271
3415,148,164,311
3427,162,160,291
3424,150,164,308
3418,169,160,307
3554,126,159,313
3427,152,166,315
3409,144,232,321
3418,152,166,309
3432,157,172,315
3421,146,155,313
3439,152,162,314
3442,128,182,288
3445,141,164,320
3423,158,153,312
3435,148,168,306
3429,151,142,325
3445,149,156,309
3448,119,162,310
3437,145,164,300
3402,153,166,222
3421,157,156,290
3450,148,164,288
3435,139,134,277
3450,130,168,282
3428,134,180,274
3442,139,174,276
3441,157,165,282
3405,142,174,256
3435,140,155,291
3435,137,161,280
3442,113,163,278
3427,132,158,275
3435,141,171,272
3434,136,161,268
3437,140,161,298
3426,140,139,295
3434,143,150,361
3426,120,181,289
3444,136,148,281
3433,111,160,256
3431,128,150,279
3434,138,150,274
3388,137,156,274
3424,154,152,195
3432,136,167,278
3439,148,152,272
3431,133,173,269
3436,119,144,265
3431,139,150,266
3433,133,153,263
3436,134,158,289
3422,145,155,290
3425,133,150,321
3413,134,171,316
3442,131,179,308
3432,131,167,308
3443,130,185,310
3437,130,170,306
3432,124,182,306
3435,111,165,297
3442,129,163,291
3443,128,179,281
3418,123,165,285
3441,128,172,281
3434,130,160,282
3413,129,172,277
3422,113,167,285
3425,128,156,283
3426,154,129,272
3428,119,157,284
3433,136,158,416
3439,118,162,330
3434,115,169,328
3412,118,162,363
3441,123,140,321
3443,112,160,345
3430,90,172,316
3446,152,156,308
3436,124,180,297
3436,138,162,305
3492,133,163,313
3424,143,170,299
3423,143,150,298
3430,277,160,290
3433,99,161,280
3437,143,157,281
3441,137,161,278
3430,157,142,289
3436,150,142,288
3434,141,160,286
3293,142,160,285
3452,145,157,280
3434,141,156,269
3431,128,158,275
3422,155,163,256
3444,139,162,286
3438,128,192,262
3438,168,162,257
3430,140,171,269
3463,139,172,256
3424,128,170,260
3442,106,182,259
3443,144,116,276
3427,140,163,254
3440,141,88,246
3434,138,169,285
3433,138,166,289
3431,137,168,292
3456,142,142,274
3428,143,174,278
3426,135,175,282
3460,134,134,267
3440,111,184,249
3457,135,167,299
3439,204,162,292
3461,122,158,289
3432,133,160,282
3441,117,171,273
3451,132,161,285
3431,128,159,264
3445,130,155,288
3444,129,158,278
3445,110,153,335
3434,134,177,267
3420,132,157,272
3421,130,157,272
3403,137,166,267
3422,113,158,279
3459,133,154,275
3410,121,182,245
3427,132,133,263
3440,148,157,161
3441,116,155,253
3441,128,145,256
3425,153,146,243
3430,130,170,246
3432,130,271,233
3428,130,154,241
3338,143,143,237
3340,150,157,235
3423,139,146,241
3418,140,158,235
3439,145,157,241
3427,140,159,238
3375,142,159,230
3445,165,160,244
3433,144,160,297
3408,147,162,226
3439,170,158,221
3450,133,161,266
3433,146,159,269
3427,149,162,276
3431,124,161,304
3434,144,167,289
3454,151,161,290
3426,168,157,269
3431,152,160,284
3434,149,157,303
3437,69,158,349
3438,147,157,342
3431,210,160,348
3424,134,151,369
3434,142,173,348
3433,163,155,410
3433,141,147,360
3445,152,147,346
3434,171,156,355
3441,144,153,361
3450,133,155,339
3395,147,155,337
3439,155,164,322
3438,143,168,358
3432,146,155,331
3437,130,172,326
3421,140,168,307
3413,152,178,316
3416,146,212,329
3365,164,153,317
3415,145,151,315
3419,132,160,306
3435,138,140,320
3428,140,151,306
3436,156,151,305
3453,131,167,306
3435,142,125,312
3427,130,183,308
3430,134,189,314
3441,149,149,308
3431,138,151,306
3444,143,150,288
3435,139,128,293
3446,138,148,297
3435,139,150,292
3432,135,145,313
3416,140,152,312
3428,133,174,341
3574,139,166,327
3429,145,139,321
3423,108,175,314
3428,138,175,307
3433,132,152,304
3440,135,168,297
3439,128,172,248
3435,137,174,304
3442,134,168,274
3429,126,257,280
3426,111,174,298
3429,124,188,288
3447,120,173,302
3397,136,173,257
3425,118,172,288
3433,157,168,280
3426,134,148,280
3425,133,164,289
3419,134,170,274
3426,133,167,286
3410,134,168,275
3412,126,235,275
3440,118,172,266
3420,132,173,259
3518,130,177,268
3443,129,182,284
3439,128,198,266
3443,129,163,257
3445,108,175,317
3434,142,152,256
3425,136,179,224
3425,141,170,247
3421,129,188,286
3424,137,184,265
3426,140,177,268
3425,108,186,260
3437,125,164,268
3435,133,163,271
3416,121,190,271
3428,135,189,276
3444,134,160,242
3444,151,170,273
3427,143,204,270
3432,160,200,278
3431,169,176,270
3454,142,186,273
3452,161,164,264
3434,165,209,268
3447,146,190,266
3451,160,160,258
3413,158,256,268
3428,62,201,257
3418,168,213,265
3431,151,179,261
3422,179,184,256
3427,160,183,274
3444,154,178,259
3442,145,181,251
3440,151,177,243
3427,157,194,238
3451,152,182,240
3442,297,180,237
3446,151,170,241
3428,151,180,230
3418,151,251,229
3426,152,180,232
3422,153,183,230
3429,189,176,219
3433,152,178,204
3429,148,201,218
3427,151,187,215
3445,138,158,209
3435,142,175,210
3439,145,160,216
3443,161,165,213
3408,139,172,214
3434,142,160,225
3456,144,173,237
3438,174,145,221
3426,126,177,225
3417,139,150,191
3443,151,169,225
3427,133,105,227
3429,140,171,235
3433,131,185,233
3434,223,168,232
3418,139,174,233
3448,133,176,244
3399,142,194,240
3435,133,174,240
3425,114,182,236
3424,128,173,244
3436,132,174,245
3439,141,164,247
3433,145,189,253
3433,131,171,250
3431,133,188,240
3433,123,186,234
3392,135,173,241
3447,128,179,260
3428,133,166,281
3434,111,190,257
3433,138,176,268
3423,145,189,262
3426,167,174,253
3407,145,167,265
3395,141,198,240
3443,157,146,262
3432,139,168,235
3427,156,169,256
3441,151,158,245
3450,119,185,232
3450,140,154,237
3449,145,173,148
3434,144,169,231
3436,158,171,233
3447,142,153,230
3450,144,170,243
3371,141,179,299
3428,206,168,259
3427,149,178,258
3427,144,168,267
3433,144,155,262
3414,122,163,260
3435,141,161,258
3407,151,154,259
3423,141,163,241
3430,137,154,256
3435,133,174,264
3429,112,170,279
3405,132,233,280
3458,132,144,277
3421,95,142,275
3444,138,149,273
3427,139,160,274
3427,129,160,278
3433,135,147,279
3423,135,154,275
3434,137,164,252
3421,140,156,295
3406,143,158,272
3421,135,144,274
3451,131,163,290
3430,131,57,264
3447,134,158,265
3434,106,171,264
3586,130,159,259
3458,135,147,270
3438,135,51,280
3430,133,160,271
3432,138,156,273
3422,205,162,259
3453,84,156,277
3431,149,151,277
3392,130,166,225
3419,142,157,302
3433,152,155,310
3434,162,148,308
3406,144,166,289
3428,146,158,310
3426,136,156,296
3428,122,155,247
3434,123,164,295
3432,96,158,298
3447,149,163,315
3426,142,160,288
3441,15,162,292
3427,151,155,271
3454,138,32,278
3431,145,155,316
3416,152,187,301
3428,142,168,296
3420,142,167,329
3427,144,171,325
3430,138,172,336
3425,162,159,346
3423,147,169,330
3432,143,166,321
3426,160,173,318
3433,155,172,311
3473,147,184,303
3414,152,168,295
3451,152,214,294
3441,152,164,281
3437,170,148,285
3437,154,150,284
3435,152,190,280
3437,149,225,279
3423,161,162,273
3457,155,153,274
3428,154,164,282
3431,147,163,274
3442,147,161,270
3433,149,173,263
3448,148,164,259
3424,156,159,252
3416,221,171,274
3272,147,158,268
3444,136,182,247
3455,136,194,257
3436,158,152,245
3436,146,163,258
3433,145,154,261
3431,144,150,252
3443,126,160,249
3428,154,162,245
3424,141,168,256
3423,141,160,256
3420,117,159,264
3435,141,131,261
3427,132,164,230
3425,125,159,244
3430,146,160,245
3438,138,162,238
3442,137,164,243
3439,134,133,249
3444,137,144,239
3430,152,155,182
3449,134,155,237
3437,137,158,241
3433,43,173,234
3438,138,161,234
3404,136,160,234
3421,129,168,215
3430,162,150,236
3450,107,153,232
3432,134,144,236
3417,137,154,215
3430,256,156,229
3419,152,149,217
3435,135,155,223
3453,129,126,228
3422,145,130,238
3438,133,162,224
3449,154,153,210
3427,135,161,229
3437,135,140,226
3433,114,164,188
3445,130,149,211
3474,135,157,295
3434,128,157,221
3440,118,163,198
3449,131,139,204
3430,129,142,215
3424,136,174,197
3417,129,148,203
3425,127,148,226
3426,129,156,221
3432,144,150,231
3477,143,161,218
3432,126,147,224
3443,126,240,240
3438,128,180,204
3446,155,128,216
3448,146,158,206
3443,131,162,210
3321,128,156,79
3433,115,164,214
3435,147,244,205
3425,148,160,204
3429,95,156,236
3319,148,160,226
3421,128,165,208
3421,158,149,206
3433,150,189,200
3441,149,162,216
3452,148,172,204
3435,140,169,200
3438,157,171,212
3477,148,175,201
3442,144,144,216
3434,145,171,230
3437,133,178,253
3411,153,157,239
3420,118,166,221
3433,141,170,235
3422,121,166,245
3467,136,168,231
3414,144,168,252
3426,142,177,267
3417,155,151,273
3426,140,173,247
3419,138,166,257
3439,145,162,225
3437,123,173,257
3441,135,161,256
3439,138,153,242
3448,136,65,290
3441,133,162,292
3453,135,234,299
3435,145,160,297
3433,118,182,298
3434,135,64,288
3428,143,189,291
3553,136,160,301
3425,120,162,292
3437,104,161,291
3430,125,160,284
3422,142,160,291
3458,140,138,292
3429,137,154,300
3436,119,157,297
3448,132,128,294
3439,155,152,346
3441,132,146,286
3467,149,153,360
3444,129,162,284
3440,134,168,293
3433,128,164,281
3353,133,163,278
3430,147,106,275
3428,134,146,274
3432,155,160,294
3434,250,160,335
3428,133,152,335
3405,153,161,332
3446,122,161,340
3426,136,160,336
3409,144,167,344
3420,144,164,334
3429,117,187,352
3431,148,137,368
3423,161,151,372
3484,152,170,368
3435,148,171,387
3466,153,169,386
3451,150,171,391
3439,144,172,388
3525,152,171,402
3421,138,161,377
3436,151,158,366
3427,144,168,361
3409,146,180,344
3425,162,170,353
3426,152,166,342
3449,144,178,360
3433,142,163,331
3437,148,189,334
3442,149,169,329
3440,148,164,346
3435,132,168,368
3457,141,144,350
3440,130,171,349
3438,158,168,342
3439,146,159,340
3435,146,158,356
3434,146,161,338
3428,138,178,334
3425,152,162,371
3407,141,166,376
3424,154,164,362
3429,219,165,358
3432,134,176,354
3427,146,140,338
3429,154,135,360
3439,24,140,344
3440,142,160,375
3439,129,163,372
3443,150,148,372
3425,131,167,359
3431,119,171,355
3440,143,171,342
3411,139,174,326
3441,147,166,342
3423,137,168,340
3434,144,168,352
3416,125,180,344
3429,137,163,348
3424,137,175,320
3419,106,181,358
3483,137,192,342
3443,147,193,335
3398,136,194,323
3422,139,188,304
3441,134,181,316
3442,133,197,317
3439,131,204,320
3448,112,195,310
3429,129,193,308
3433,123,186,305
3444,134,189,280
3421,136,213,298
3460,130,176,298
3433,129,186,331
3432,129,183,325
3401,135,186,317
3418,130,185,336
3434,132,159,310
3426,132,177,313
3434,99,189,312
3429,130,171,295
3423,125,182,302
3453,133,152,300
3440,128,180,291
3437,99,179,297
3427,126,176,300
3316,134,178,234
3431,129,179,305
3457,101,188,292
3448,149,174,306
3432,132,166,310
3443,128,269,328
3437,147,172,320
3431,111,171,318
3427,128,174,313
3428,148,153,320
3418,154,148,316
3422,146,223,307
3447,153,163,300
3438,161,157,297
3424,229,183,305
3381,166,170,305
3491,164,169,295
3422,168,169,313
3436,173,164,281
3422,172,190,278
3436,160,178,276
3433,171,158,277
3445,173,176,320
3418,165,150,258
3432,194,164,364
3435,170,156,316
3423,166,150,366
3426,166,165,369
3414,175,166,373
3429,166,170,368
3432,164,163,376
3439,177,161,373
3439,160,162,373
3435,160,187,360
3435,140,180,354
3426,183,160,368
3428,159,174,369
3430,151,167,389
3420,162,162,385
3439,148,152,381
3431,154,164,390
3425,179,163,416
3433,168,139,414
3419,154,307,408
3428,157,177,414
3413,172,172,413
3441,146,173,407
3449,148,169,406
3445,130,181,392
3435,134,171,332
3442,147,187,362
3448,147,178,366
3432,150,177,361
3431,147,178,354
3457,144,175,356
3445,147,174,345
3457,144,169,350
3447,139,178,359
3425,146,187,356
3425,153,181,350
3425,154,182,340
3395,126,198,292
3396,149,192,336
3418,144,192,334
3418,134,190,324
3430,144,179,314
3456,137,178,321
3443,147,176,310
3452,122,210,304
3429,144,172,310
3417,143,178,289
3446,138,138,288
3438,143,164,305
3434,114,169,372
3437,140,161,276
3439,138,189,283
3433,139,142,282
3428,138,171,276
3446,128,176,274
3428,139,167,273
3421,111,167,276
3440,154,148,262
3440,137,144,266
3449,136,165,317
3438,148,170,314
3431,133,169,316
3506,138,168,316
3425,122,172,322
3425,146,169,325
3426,144,163,367
3443,139,172,325
3426,144,172,323
3433,144,172,318
3488,141,171,312
3429,152,168,323
3428,143,180,339
3423,146,161,292
3409,139,166,307
3430,141,161,246
3423,128,220,296
3441,140,186,284
3441,148,177,294
3454,155,137,306
3434,135,164,280
3387,123,167,291
3432,137,138,286
3428,138,164,258
3429,138,150,280
3515,144,166,380
3424,142,156,283
3443,149,168,326
3432,184,160,324
3428,166,174,316
3415,162,162,335
3467,161,167,329
3447,161,133,321
3440,160,150,321
3442,160,158,315
3438,160,187,310
3443,159,170,328
3575,161,160,318
3481,146,156,177
3445,154,161,317
3436,180,159,314
3447,129,172,307
3430,176,172,292
3432,158,164,311
3443,166,144,328
3434,166,135,313
3437,158,159,314
3427,128,156,319
3429,128,158,312
3427,155,162,296
3430,151,159,292
3428,153,166,249
3439,125,174,288
3446,150,166,286
3433,170,156,214
3432,141,179,294
3439,152,148,290
3423,150,166,275
3421,147,166,295
3433,208,165,283
3415,148,162,266
3435,146,146,270
3430,188,161,269
3429,145,162,262
3409,165,161,260
3434,141,172,256
3429,209,161,253
3402,143,158,243
3447,137,156,247
3543,148,133,252
3436,114,154,247
3443,140,160,279
3426,135,153,264
3414,140,233,291
3425,141,154,294
3424,129,162,298
3431,108,153,314
3429,144,184,292
3451,156,134,288
3427,141,158,275
3523,152,162,383
3455,74,157,291
3416,129,163,281
3423,143,141,278
3422,136,154,259
3427,138,155,277
3435,159,159,262
3438,109,156,295
3425,134,105,316
3439,137,187,311
3447,137,146,326
3430,157,161,307
3427,136,164,304
3433,140,162,302
3432,164,178,276
3433,144,151,290
3400,151,162,220
3435,155,149,296
3433,144,148,284
3438,141,155,273
3430,143,159,289
3427,141,157,260
3424,144,156,272
3426,148,153,271
3434,132,168,273
3438,106,156,270
3430,216,169,277
3421,137,224,280
3431,146,153,273
3439,148,157,275
3429,138,155,267
3437,137,135,260
3450,132,49,259
3401,132,148,263
3438,140,156,265
3429,138,139,270
3428,157,154,252
3429,138,141,272
3421,137,154,262
3416,132,0,250
3439,125,125,261
3443,134,144,258
3439,130,126,254
3461,138,137,294
3430,142,154,298
3414,101,135,300
3409,133,144,292
3430,166,147,291
3425,125,178,286
3435,129,138,278
3422,135,79,274
3436,117,149,284
3441,147,146,270
3431,116,144,327
3424,149,123,281
3439,126,160,264
3434,139,163,240
3503,152,155,296
3438,132,161,256
3439,133,156,274
3421,118,172,246
3438,132,146,254
3450,137,152,235
3439,133,161,248
3434,135,149,268
3438,135,166,242
3437,131,163,261
3407,150,162,241
3494,132,160,219
3453,144,144,227
3429,115,161,233
3443,188,163,240
3557,133,158,248
3444,129,154,240
3425,144,159,231
3431,135,157,225
3475,129,137,220
3469,66,153,217
3444,110,158,173
3424,129,154,249
3435,149,154,172
3459,130,284,253
3439,131,153,242
3426,132,156,252
3436,129,152,272
3435,125,142,280
3451,133,153,260
3422,131,152,235
3448,126,121,303
3434,79,151,302
3427,111,155,304
3432,134,136,300
3430,130,150,296
3439,163,152,297
3437,141,155,293
3433,108,146,289
3430,136,153,291
3429,122,161,306
3358,138,154,305
3435,132,151,308
3436,117,161,312
3426,146,156,300
3406,133,156,314
3437,137,153,314
3432,134,155,311
3441,134,150,318
3439,134,151,321
3426,119,105,321
3427,125,158,321
3517,116,155,317
3287,135,157,322
3424,132,149,281
3436,145,155,299
3441,151,157,279
3442,134,158,273
3442,154,146,286
3462,133,102,290
3433,131,149,277
3433,134,164,284
3423,150,146,257
3436,130,148,264
3430,134,155,259
3428,134,160,274
3437,133,152,230
3439,155,144,258
3425,133,151,249
3430,133,154,241
3434,53,154,242
3429,130,156,243
3397,131,154,251
3427,152,151,246
3433,124,149,249
3434,129,153,258
3443,93,151,247
3424,140,140,245
3427,137,152,234
3413,132,154,237
3432,129,146,197
3434,128,153,247
3445,128,160,271
3419,126,153,273
3427,119,158,284
3414,128,160,279
3427,136,155,261
3426,139,184,277
3427,115,174,279
3436,120,157,290
3445,117,154,284
3446,102,161,278
3453,137,154,289
3444,125,153,303
3430,124,154,319
3363,128,153,301
3427,113,155,307
3444,125,154,304
3409,140,152,299
3417,137,153,302
3419,152,157,324
3419,145,160,310
3435,149,164,302
3426,119,151,310
3454,152,153,292
3440,117,151,250
3442,121,151,284
3432,159,148,257
3444,167,147,276
3421,119,160,256
3443,131,178,258
3443,129,152,260
3428,138,161,261
3438,131,155,258
3425,250,135,257
3428,125,157,228
3440,136,160,242
3434,136,144,253
3435,123,153,304
3432,154,153,155
3432,136,160,244
3424,246,141,246
3431,136,158,247
3423,115,161,257
3423,144,160,251
3434,133,168,239
3449,128,129,237
3442,135,174,245
3491,116,163,247
3445,149,180,244
3439,122,183,242
3442,73,176,252
3434,132,173,259
3389,128,175,140
3445,135,179,250
3430,100,174,277
3428,183,165,304
3426,131,70,324
3453,135,181,320
3423,145,184,324
3437,151,179,306
3454,133,72,310
3425,184,192,310
3424,117,179,306
3433,141,183,298
3457,126,195,293
3449,146,190,288
3445,145,173,303
3428,136,186,295
3432,147,210,276
3439,134,171,281
3440,143,182,277
3428,163,182,256
3425,144,181,285
3443,138,186,313
3428,145,177,317
3382,144,203,295
3433,139,191,297
3452,141,198,287
3434,135,199,301
3451,141,195,292
3459,112,209,288
3454,129,195,340
3439,142,201,352
3438,133,214,298
3446,132,206,301
3459,149,200,309
3424,153,201,288
3439,152,178,280
3438,125,210,288
3424,138,195,323
3417,132,46,316
3434,117,196,317
3435,135,193,312
3511,136,195,320
3439,131,193,303
3418,133,366,312
3439,135,192,306
3441,150,185,214
3443,133,190,316
3442,132,186,325
3401,134,192,350
3431,138,223,358
3437,134,202,344
3441,131,197,337
3453,129,191,332
3449,129,197,321
3442,130,183,328
3429,133,197,310
3421,128,196,300
3353,132,195,294
3428,131,203,324
3432,132,194,337
3437,128,219,304
3435,130,207,308
3426,111,188,430
3441,125,187,294
3441,267,188,326
3434,126,186,321
3442,125,162,330
3438,126,186,310
3435,129,190,316
3433,122,178,306
3420,119,199,323
3446,109,195,331
3427,130,198,330
3431,129,204,365
3417,128,198,368
3434,130,194,374
3441,122,192,365
3417,128,194,356
3439,70,205,360
3445,144,201,353
3418,134,189,354
3434,124,196,353
3443,125,216,392
3452,138,187,401
3435,137,189,365
3449,118,160,398
3429,125,175,386
3420,125,188,384
3454,108,207,393
3434,122,201,390
3455,128,186,386
3438,126,185,419
3435,96,179,436
3431,124,185,411
3452,124,181,413
3462,107,195,406
3436,122,182,416
3432,114,170,399
3439,124,181,394
3441,125,182,379
3446,124,182,400
3425,130,183,366
3436,131,186,372
3435,238,182,366
3439,128,173,359
3443,143,180,301
3439,128,180,337
3435,106,202,340
3441,121,177,377
3426,136,171,336
3424,136,173,329
3421,117,178,324
3426,142,184,321
3431,156,181,320
3433,131,165,320
3445,135,173,311
3436,137,176,314
3452,134,177,307
3430,137,181,306
3443,112,180,306
3444,146,192,294
3438,150,163,285
3428,154,180,288
3429,150,176,260
3428,97,154,278
3419,134,179,310
3423,199,175,347
3432,145,180,346
3425,161,181,328
3421,149,167,349
3411,158,185,291
3417,146,192,340
3436,140,160,331
3435,144,204,342
3445,138,180,343
3369,141,184,258
3439,136,189,366
3438,172,165,363
3371,160,185,368
3434,153,159,362
3406,146,188,350
3439,146,205,380
3431,152,168,348
3433,148,181,355
3509,146,179,275
3447,122,179,333
3428,144,162,343
3424,157,174,300
3438,142,178,322
3424,116,175,307
3435,141,177,326
3447,139,192,331
3425,139,183,308
3466,141,172,320
3437,160,169,314
3439,129,170,308
3429,141,173,304
3425,261,171,298
3434,139,168,308
3433,158,164,292
3437,139,190,334
3439,87,153,343
3429,154,164,307
3451,136,176,330
3412,189,164,319
3439,107,172,308
3450,137,164,320
3436,129,167,320
3450,130,156,334
3344,130,168,326
3435,109,163,332
3447,118,169,321
3429,134,178,324
3437,81,164,322
3440,136,168,305
3433,136,181,316
3431,144,165,308
3433,121,166,306
3442,148,166,366
3415,136,170,358
3387,115,181,318
3428,141,169,368
3441,87,183,354
3434,145,148,359
3431,133,168,345
3439,133,170,346
3441,140,170,326
3425,149,146,338
3443,130,175,365
3441,129,186,361
3413,134,266,366
3410,135,181,344
3436,109,175,372
3439,134,175,380
3427,114,196,358
3432,110,189,385
3433,131,189,386
3430,121,192,394
3435,77,200,390
3423,116,212,369
3441,126,205,381
3439,129,176,444
3456,116,208,422
3424,128,199,421
3452,125,187,404
3444,128,182,416
3440,148,210,415
3461,133,187,411
3426,120,199,412
3429,141,209,409
3448,120,203,403
3445,142,198,427
3419,128,200,386
3440,129,211,390
3431,128,203,390
3425,127,205,387
3415,120,373,388
3437,124,189,381
3434,128,145,364
3439,129,208,359
3433,133,226,362
3442,132,201,360
3447,124,196,357
3439,128,198,354
3437,123,201,350
3432,136,248,356
3433,128,217,357
3424,132,207,362
3429,232,209,358
3434,124,186,347
3431,141,195,346
3435,106,204,341
3441,118,208,413
3405,127,201,368
3435,148,189,363
3435,70,202,362
3440,115,197,356
3439,136,180,359
3443,146,194,344
3435,121,218,340
3549,125,192,334
3453,119,193,356
3431,136,164,364
3435,130,201,355
3431,128,195,354
3443,128,205,338
3432,106,220,354
3545,126,185,349
3438,128,187,373
3417,135,188,414
3441,128,187,385
3436,149,194,382
3444,128,182,358
3441,98,176,386
3461,124,177,352
3426,128,176,350
3437,126,204,349
3442,138,180,340
3442,116,160,343
3458,128,178,342
3423,132,177,353
3436,120,165,327
3435,99,174,318
3431,125,174,310
3421,126,178,306
3438,127,171,308
3459,119,165,344
3439,124,160,337
3444,139,168,351
3434,128,186,340
3422,138,175,352
3451,120,44,346
3438,125,172,349
3454,102,176,344
3438,120,171,344
3438,117,177,339
3434,135,182,341
3431,128,191,344
3457,132,297,338
3421,130,204,331
3434,143,174,325
3440,128,192,320
3443,119,181,458
3442,147,178,312
3440,128,183,349
3433,126,185,348
3269,128,181,336
3448,121,154,372
3433,113,179,372
3430,116,192,276
3426,142,184,343
3429,128,211,346
3454,124,187,345
3442,123,181,389
3441,128,179,365
3443,127,201,364
3438,130,209,364
3442,117,172,346
3441,137,193,349
3438,128,178,338
3406,146,181,338
3391,126,178,339
3433,121,181,333
3434,124,176,333
3435,128,172,326
3438,124,178,321
3443,115,171,312
3428,126,152,301
3443,67,160,330
3436,119,173,327
3443,141,172,302
3442,130,174,307
3439,144,172,225
3434,126,193,277
3439,132,177,295
3405,140,172,279
3453,128,175,282
3441,128,167,275
3432,184,174,273
3425,139,179,272
3427,124,190,276
3410,125,26,262
3433,125,160,266
3441,105,186,260
3443,145,186,246
3414,124,190,298
3442,126,182,294
3439,140,192,292
3441,113,202,314
3444,128,197,347
3420,146,179,316
3470,121,169,314
3418,136,176,319
3435,116,195,322
3453,64,162,303
3442,101,180,368
3438,117,185,300
3421,112,204,281
3426,126,185,299
3437,127,172,286
3436,154,170,282
3432,126,178,295
3421,118,198,279
3435,122,178,290
3421,139,174,247
3416,136,180,297
3421,130,170,316
3440,125,175,311
3455,120,192,308
3442,108,172,445
3441,123,176,295
3452,142,167,290
3441,125,175,287
3444,104,171,288
3451,125,176,322
3426,122,183,340
3436,150,160,336
3299,125,170,341
3449,113,168,337
3415,113,172,337
3424,62,187,338
3441,124,170,330
3442,77,173,316
3415,124,143,334
3435,130,165,340
3440,139,178,357
3292,128,169,351
3447,130,153,331
3426,127,226,361
3439,106,199,362
3465,128,174,388
3413,129,186,373
3435,130,166,403
3436,129,152,416
3430,123,170,432
3443,114,180,411
3429,125,166,406
3440,167,151,408
3438,126,178,393
3471,125,149,398
3513,134,169,343
3440,135,175,390
3434,130,191,382
3444,134,179,367
3441,121,186,350
3447,135,178,368
3431,149,167,361
3389,145,170,365
3461,132,177,376
3443,135,151,408
3397,133,188,411
3442,184,189,410
3456,128,145,395
3423,112,183,392
3430,131,166,391
3441,144,181,380
3441,118,178,434
3516,129,181,388
3443,122,153,380
3435,144,182,382
3436,116,193,362
3441,132,162,372
3432,113,196,358
3443,98,174,360
3461,129,156,352
3434,114,173,349
3432,127,174,363
3435,128,173,346
3428,221,166,328
3448,126,167,343
3435,125,174,331
3433,121,180,329
3426,101,182,317
3419,128,173,319
3428,119,169,313
3430,128,188,320
3439,122,155,313
3448,129,168,293
3443,122,174,314
3443,102,172,333
3442,125,182,295
3441,114,167,308
3418,127,173,289
3437,111,166,314
3433,124,180,292
3437,123,166,310
3462,117,154,277
3410,135,171,286
3436,113,172,302
3454,123,146,265
3449,127,171,279
3425,120,165,282
3446,134,177,270
3427,131,173,278
3442,116,168,408
3441,111,172,276
3450,137,169,223
3435,124,186,279
3452,123,167,281
3437,122,169,279
3426,123,180,281
3450,99,203,272
3437,129,162,273
3448,121,135,284
3441,125,155,279
3441,112,162,297
3442,119,166,278
3423,110,168,272
3416,105,177,279
3430,121,163,266
3441,135,152,309
3539,130,172,363
3434,115,169,196
3437,124,152,270
3435,111,165,284
3440,192,174,265
3435,126,160,260
3445,119,164,253
3443,96,159,268
3415,125,159,268
3434,126,159,264
3433,125,154,234
3445,114,174,267
3421,140,166,232
3452,123,157,256
3443,116,134,244
3441,121,160,252
3438,125,171,266
3443,128,160,241
3434,129,165,231
3451,144,146,285
3426,141,149,256
3435,135,162,215
3330,136,147,248
3432,113,160,263
3432,128,162,248
3414,126,210,285
3392,134,140,267
3429,130,71,288
3433,128,160,298
3437,139,157,273
3431,141,157,286
3453,140,160,288
3437,142,158,279
3329,155,156,273
3445,116,167,277
3444,144,192,300
3441,146,136,300
3443,145,167,292
3439,145,152,316
3427,146,154,294
3451,145,160,296
3436,137,176,288
3433,161,170,274
3447,139,32,297
3406,146,166,313
3427,140,160,308
3429,149,160,302
3426,164,179,283
3424,130,156,296
3422,119,157,290
3414,136,41,281
3443,165,152,288
3435,140,163,279
3427,156,154,275
3444,152,180,280
3443,145,169,300
3458,144,182,277
3431,143,177,272
3434,165,169,276
3431,140,181,266
3439,142,155,259
3442,143,97,260
3428,116,193,261
3359,138,178,257
3419,131,120,252
3387,144,179,256
3411,152,175,245
3453,137,64,241
3438,137,174,241
3404,139,173,229
3437,136,169,256
3421,158,158,238
3449,146,172,256
3458,152,151,235
3433,147,173,229
3439,143,168,226
3427,145,170,214
3429,144,167,222
3430,151,170,229
3266,145,170,216
3422,136,167,367
3423,106,170,232
3423,147,176,231
3411,142,177,232
3432,137,179,227
3366,144,174,238
3420,140,176,252
3448,132,258,256
3565,141,175,263
3441,154,182,249
3434,135,192,251
3444,138,180,256
3451,126,181,249
3403,122,196,226
3423,123,182,246
3427,106,194,246
3428,141,180,262
3426,139,181,246
3436,125,207,238
3460,125,190,242
3426,152,178,237
3422,132,180,235
3434,139,208,231
3432,123,177,196
3453,126,174,236
3474,91,177,270
3461,135,161,292
3442,129,175,272
3445,115,181,272
3440,135,174,271
3493,137,176,269
3443,112,192,253
3437,126,177,261
3433,128,180,207
3417,136,173,321
3427,131,170,312
3436,134,168,301
3414,158,166,323
3422,139,178,297
3434,140,168,323
3416,137,124,309
3505,136,168,339
3437,124,165,328
3435,144,195,322
3430,150,167,319
3430,119,182,313
3439,136,164,308
3460,132,92,314
3442,135,164,307
3434,123,172,290
3434,134,167,316
3429,133,154,336
3458,134,163,370
3431,128,163,360
3436,132,165,358
3435,131,160,357
3443,71,144,365
3435,137,161,362
3455,121,157,344
3443,146,154,323
3424,126,160,342
3441,150,146,423
3456,102,157,337
3437,139,158,337
3444,122,148,373
3427,132,158,343
3446,157,160,335
3440,85,158,344
3425,130,158,326
3441,109,172,364
3434,129,147,371
3417,130,164,378
3417,131,158,368
3434,129,130,356
3419,110,164,361
3436,132,158,354
3438,134,160,329
3438,104,168,356
3437,130,158,358
3445,142,169,234
3435,126,148,335
3453,117,248,349
3445,120,178,370
3431,140,160,318
3435,117,187,319
3450,128,160,311
3425,149,165,300
3455,125,158,320
3429,128,157,303
3427,115,177,311
3449,32,144,298
3441,133,165,300
3438,134,163,298
3553,124,164,292
3434,122,161,282
3378,149,153,283
3435,137,160,280
3439,118,163,278
3413,128,167,254
3430,117,163,285
3437,120,160,260
3468,127,161,256
3437,143,153,261
3428,135,187,259
3429,129,166,258
3431,111,160,256
3431,128,140,254
3441,148,152,252
3429,141,150,247
3428,128,160,251
3436,123,161,246
3437,126,154,242
3439,0,161,241
3439,128,135,253
3419,120,147,206
3443,134,168,223
3420,137,156,230
3435,128,160,227
3409,123,239,232
3442,125,165,221
3434,137,167,210
3418,140,154,230
3444,152,175,219
3418,128,188,233
3427,123,170,224
3424,96,179,225
3437,129,164,220
3434,123,179,220
3433,122,163,217
3439,133,214,223
3426,128,204,211
3440,143,165,224
3440,144,155,205
3443,144,165,218
3438,128,165,216
3496,146,166,215
3447,145,161,214
3445,145,172,211
3456,124,166,213
3425,147,160,223
3395,137,186,189
3427,142,177,180
3423,231,149,188
3437,139,164,186
3443,148,155,194
3427,125,161,194
3439,140,159,190
3443,64,159,192
3440,136,150,220
3442,154,154,199
3444,138,166,188
3444,139,139,190
3423,139,160,175
3429,119,158,192
3408,137,168,190
3435,125,162,186
3438,160,160,176
3425,99,158,188
3428,141,175,182
3416,136,200,189
3429,137,177,209
3436,141,156,181
3438,137,164,183
3438,111,169,161
3444,134,162,178
3468,140,165,265
3443,154,159,253
3449,134,177,234
3438,126,197,235
3354,134,189,228
3430,132,186,240
3436,149,174,251
3431,129,189,259
3416,161,183,269
3426,134,198,268
3426,134,196,277
3424,135,197,276
3427,144,205,273
3451,138,177,273
3413,132,194,265
3444,128,169,275
3299,130,196,256
3437,130,199,274
3453,131,191,268
3441,114,230,270
3537,142,188,266
3434,137,187,267
3454,132,183,269
3434,128,187,262
3436,129,181,266
3353,126,180,265
3436,127,182,264
3441,24,170,261
3432,128,177,236
3437,99,192,258
3455,124,180,262
3436,128,187,245
3424,130,210,254
3433,138,198,245
3434,129,148,254
3439,125,174,234
3443,116,192,248
3458,132,68,232
3432,133,184,215
3437,126,201,240
3438,129,176,230
3420,129,180,226
3451,128,182,217
3433,121,181,182
3431,244,167,220
3428,133,198,210
3442,128,177,214
3430,130,181,206
3441,126,176,208
3451,116,177,212
3432,134,202,200
3444,129,128,181
3437,140,175,198
3441,119,192,203
3455,122,269,206
3441,124,170,204
3435,129,176,209
3433,125,175,203
3458,122,140,205
3431,125,162,216
3435,128,169,222
3427,130,214,228
3402,131,170,208
3417,126,325,223
3433,146,163,213
3333,107,168,120
3434,130,145,210
3443,121,169,205
3429,129,187,189
3437,137,160,290
3419,128,157,204
3432,124,171,227
3447,145,137,223
3425,105,133,222
3437,137,171,216
3437,128,160,248
3443,122,138,232
3439,128,163,226
3433,117,161,243
3415,137,159,226
3482,125,162,274
3428,147,152,313
3419,99,162,238
3435,121,160,231
3422,130,161,239
3443,125,157,225
3422,125,140,230
3435,135,158,219
3447,146,147,235
3440,130,173,215
3440,129,154,230
3419,111,142,211
3426,122,155,210
3431,128,165,233
3430,110,158,204
3457,133,158,204
3416,135,149,187
3443,125,128,208
3435,128,140,219
3426,96,174,209
3448,180,165,218
3423,128,161,192
3429,128,162,226
3440,108,184,217
3447,115,163,223
3443,137,149,250
3442,131,169,222
3435,122,160,218
3435,150,176,103
3472,128,176,223
3444,135,149,211
3440,107,190,200
3453,119,163,233
3413,128,257,204
3425,128,177,203
3442,133,169,238
3410,123,184,237
3415,132,166,226
3439,129,168,244
3422,131,171,245
3425,205,166,234
3421,133,189,227
3432,124,150,239
3440,128,168,198
3441,125,74,217
3424,124,119,221
3439,126,175,212
3456,134,166,216
3444,125,184,211
3439,108,169,218
3440,128,160,210
3417,128,166,224
3467,128,163,221
3415,128,164,211
3457,126,53,208
3432,126,160,211
3431,99,168,208
3435,129,156,214
3433,128,162,202
3454,124,159,207
3430,125,163,208
3447,104,156,258
3443,105,159,212
3441,111,162,197
3435,123,157,208
3433,121,171,207
3454,120,145,206
3422,133,149,209
3426,124,177,202
3425,125,160,212
3432,127,78,220
3425,126,141,243
3465,119,156,295
3443,106,176,206
3433,124,155,217
3425,130,108,201
3432,123,155,225
3436,103,130,207
3431,3,150,242
3433,119,153,246
3426,124,160,224
3437,123,180,244
3428,136,156,248
3440,128,149,247
3431,131,153,246
3415,117,150,249
3434,125,123,256
3429,106,161,242
3434,129,143,251
3424,128,162,254
3433,125,150,260
3437,134,147,246
3412,128,209,246
3430,127,150,244
3424,126,16,237
3441,129,152,261
3443,120,162,276
3417,134,139,276
3444,121,176,277
3441,131,147,288
3431,115,139,298
3432,130,137,293
3416,135,148,286
3433,117,165,290
3444,145,152,284
3425,129,152,334
3435,129,151,317
3434,126,160,310
3425,128,163,310
3434,128,144,304
3433,135,122,317
3432,126,147,298
3433,123,146,297
3439,122,146,302
3440,130,176,314
3443,121,145,318
3442,131,141,316
3439,126,154,309
3439,131,140,299
3432,129,147,306
3433,145,120,309
3425,130,144,296
3457,128,130,294
3360,131,147,278
3439,120,146,285
3420,116,147,300
3434,126,146,288
3453,130,140,285
3443,123,126,289
3436,117,159,237
3463,119,129,280
3435,132,146,278
3437,127,136,288
3427,126,145,271
3435,129,144,277
3442,128,135,260
3428,128,174,276
3443,126,146,258
3441,132,146,270
3465,128,146,258
3427,128,148,240
3433,127,144,261
3436,127,147,250
3443,142,142,249
3455,120,144,265
3437,122,144,252
3434,123,145,256
3443,116,152,244
3435,101,148,238
3433,125,246,313
3425,136,144,310
3433,141,149,321
3423,149,140,320
3435,97,144,309
3483,102,142,318
3440,125,154,301
3442,124,125,344
3428,128,139,314
3430,152,144,349
3427,126,148,343
3403,120,141,353
3445,122,112,364
3429,131,146,354
3426,131,149,362
3424,125,139,284
3438,101,161,338
3435,125,140,394
3428,132,142,370
3435,132,153,370
3487,131,142,386
3416,117,164,381
3439,134,139,377
3432,131,88,369
3429,128,142,369
3421,136,124,401
3418,144,129,428
3432,133,142,430
3425,140,147,414
3430,210,158,435
3428,137,142,411
3442,118,145,422
3434,140,142,434
3447,144,144,426
3439,150,132,436
3432,127,123,467
3439,146,129,473
3437,137,140,457
3427,118,95,463
3445,148,140,467
3427,148,140,448
3414,137,155,441
3417,142,116,442
3436,144,128,454
3425,136,139,484
3454,130,3,475
3431,140,150,478
3442,162,119,478
3453,111,137,478
3434,134,125,479
3444,134,0,471
3428,131,142,475
3415,145,131,482
3430,134,153,518
3439,193,141,499
3437,109,163,479
3433,140,146,484
3552,133,143,446
3453,132,145,490
3436,146,150,488
3433,130,142,486
3429,118,147,620
3429,129,146,466
3445,129,154,483
3426,143,139,456
3433,77,146,463
3409,130,136,449
3470,130,148,462
3429,121,133,446
3431,126,150,437
3432,130,160,452
3437,140,138,442
3439,149,153,434
3437,126,155,425
3443,126,153,412
3435,124,151,419
3445,128,174,411
3435,146,163,411
3427,123,170,390
3444,130,133,427
3426,130,61,438
3426,136,156,419
3422,137,154,409
3429,141,151,397
3458,191,134,408
3438,142,151,396
3432,158,148,388
3459,144,150,389
3440,150,167,387
3437,129,159,386
3437,135,149,376
3425,156,153,372
3440,147,150,376
3419,139,163,362
3426,148,139,357
3431,149,146,358
3429,142,146,382
3429,145,50,369
3399,145,151,378
3440,135,148,373
3501,143,146,265
3413,146,146,358
3433,142,147,355
3431,129,156,368
3433,137,134,343
3438,140,138,329
3436,141,153,325
3437,41,149,324
3439,144,142,321
3460,145,167,301
3431,136,149,317
3449,137,154,298
3435,139,146,310
3423,133,153,301
3423,123,146,332
3415,152,138,293
3426,119,154,286
3431,167,136,296
3421,154,61,286
3427,148,140,297
3429,147,160,299
3433,153,176,278
3444,139,158,287
3443,144,150,280
3424,142,156,276
3415,143,274,257
3357,149,154,284
3423,148,154,284
3379,162,148,278
3433,136,147,286
3428,145,153,284
3439,140,148,318
3444,164,152,317
3434,142,154,323
3437,151,152,333
3424,131,152,316
3427,128,153,344
3428,140,154,366
3480,141,160,337
3443,154,141,359
3435,128,156,355
3446,136,142,372
3434,138,154,352
3400,138,154,349
3514,161,152,427
3423,143,163,359
3443,134,154,368
3459,129,154,346
3453,122,152,388
3435,136,169,370
3412,132,256,376
3429,123,155,352
3417,119,152,360
3452,130,74,362
3454,112,156,354
3433,134,143,356
3444,130,150,361
3435,138,176,345
3434,137,162,355
3443,178,150,384
3435,131,152,380
3430,128,132,379
3441,172,154,384
3447,129,143,390
3430,129,165,392
3434,131,150,378
3408,132,154,398
3425,158,151,390
3437,136,139,379
3433,120,152,375
3338,145,144,365
3427,139,149,362
3420,128,164,351
3410,105,149,305
3439,4,149,342
3449,173,148,338
3413,128,149,332
3433,102,163,323
3433,98,133,334
3428,134,185,340
3450,114,176,346
3416,113,110,352
3426,128,160,343
3425,125,164,345
3415,128,164,362
3452,134,150,395
3449,123,162,381
3454,115,154,384
3454,114,160,376
3434,125,161,375
3431,248,160,373
3429,112,159,383
3439,125,152,377
3443,126,167,396
3429,150,190,405
3436,128,165,387
3428,132,179,379
3439,130,177,376
3426,130,188,374
3382,132,179,376
3421,56,180,378
3401,154,177,425
3430,132,175,416
3442,132,175,438
3441,119,190,452
3427,137,176,452
3422,128,176,444
3434,105,186,441
3427,131,199,431
3428,154,173,436
3439,128,172,435
3439,126,169,425
3439,121,189,422
3427,143,168,422
3464,82,173,420
3427,136,170,402
3437,129,179,402
3437,128,149,399
3430,130,168,392
3428,126,184,391
3427,193,161,393
3444,123,176,388
3425,132,162,386
3509,135,176,387
3432,205,172,380
3434,124,176,369
3437,126,165,374
3445,148,205,358
3426,130,177,374
3432,129,160,406
3414,128,232,398
3453,128,168,379
3407,138,173,310
3429,161,170,398
3433,128,194,433
3427,132,178,406
3425,132,171,420
3420,163,176,448
3414,139,193,438
3414,173,195,430
3429,143,192,449
3436,144,182,461
3430,145,201,447
3421,159,189,412
3434,158,190,433
3444,156,128,418
3389,180,193,416
3437,165,199,406
3429,170,194,390
3425,158,200,391
3443,183,188,385
3453,165,194,383
3440,249,194,374
3437,168,178,382
3429,164,190,363
3444,159,196,362
3412,158,185,378
3416,163,202,334
3443,185,165,338
3425,160,195,320
3424,165,201,332
3465,156,185,342
3432,145,165,328
3438,171,166,327
3433,153,184,309
3427,156,194,330
3441,240,180,325
3431,144,186,326
3437,155,180,336
3434,154,178,307
3441,128,192,290
3432,162,168,296
3421,146,186,308
3449,146,176,287
3430,149,202,281
3427,134,185,254
3397,149,191,224
3433,158,176,289
3435,148,178,267
3439,162,201,260
3450,197,197,273
3435,147,221,258
3424,154,197,254
3431,146,184,263
3423,141,211,262
3442,138,182,259
3418,121,212,242
3434,144,193,246
3419,154,192,214
3421,142,191,270
3389,144,182,281
3414,134,201,274
3437,234,187,284
3431,139,193,290
3428,134,190,320
3430,144,193,296
3432,140,223,322
3461,114,206,284
3438,141,194,289
3434,138,194,284
3415,153,199,196
3428,130,186,294
3437,143,173,311
3432,140,305,293
3434,160,172,311
3424,140,199,298
3444,141,141,293
3427,159,189,302
3437,148,172,298
3444,121,191,296
3426,144,188,272
3456,133,190,292
3428,163,182,291
3443,108,210,293
3439,135,176,299
3433,145,173,305
3419,137,187,310
3438,148,170,288
3439,229,172,288
3434,161,170,278
3429,134,194,282
3439,141,189,280
3435,135,171,279
3431,173,179,279
3433,165,168,282
3427,137,200,316
3445,134,174,312
3433,138,179,304
3434,137,183,318
3426,136,192,308
3432,136,198,299
3436,135,190,288
3429,134,166,274
3433,145,175,311
3421,125,182,354
3437,132,177,331
3449,150,172,324
3405,132,172,334
3435,126,169,332
3434,141,180,316
3429,107,170,335
3432,134,140,328
3445,136,169,326
3414,130,167,326
3430,144,166,197
3488,128,160,322
3437,102,170,305
3440,131,172,309
3463,131,162,302
3435,134,161,304
3431,136,158,309
3437,145,165,310
3302,130,162,309
3466,126,148,302
3455,136,148,305
3441,116,154,291
3445,130,162,288
3439,126,173,278
3419,125,154,280
3427,295,161,279
3430,24,172,281
3441,128,82,267
3448,128,158,262
3453,128,160,272
3429,126,156,248
3453,124,226,260
3434,124,157,264
3439,121,80,235
3447,223,154,246
3438,125,165,239
3456,123,160,238
3447,122,158,249
3441,134,186,266
3441,105,151,338
3423,116,166,278
3432,187,154,272
3429,115,156,274
3435,115,163,274
3421,124,150,260
3567,122,157,273
3436,126,129,261
3453,139,154,263
3465,122,153,264
3447,119,155,252
3439,132,184,249
3443,124,153,246
3435,230,160,253
3435,123,150,252
3443,123,156,269
3447,94,172,245
3437,123,150,242
3436,122,172,228
3422,123,150,236
3419,123,148,229
3369,127,155,272
3420,132,51,249
3301,118,153,304
3437,123,146,274
3414,128,167,269
3436,129,159,269
3419,123,145,267
3434,87,150,268
3429,136,149,184
3447,132,150,257
3434,135,139,261
3413,124,147,257
3440,112,139,259
3443,123,146,258
3422,123,146,257
3426,127,142,244
3406,128,145,249
3432,113,148,242
3431,116,156,247
3410,139,144,244
3434,124,144,238
3425,150,110,242
3451,119,137,238
3403,122,158,242
3435,100,146,239
3435,128,140,247
3418,133,135,241
3458,134,144,234
3442,130,142,222
3440,116,145,248
3445,133,131,235
3306,121,133,230
3441,121,132,233
3431,31,157,226
3430,122,138,230
3433,122,132,237
3427,126,161,258
3443,137,123,262
3439,120,142,247
3432,112,133,244
3456,121,135,256
3426,118,144,237
3437,122,140,238
3443,117,145,233
3453,112,140,230
3439,145,137,240
3436,119,145,246
3442,126,142,216
3432,90,148,232
3441,125,147,227
3441,118,159,227
3439,116,60,235
3426,122,141,232
3415,120,162,240
3421,125,164,251
3425,119,167,231
3457,123,160,261
3491,120,167,247
3432,107,177,133
3429,126,168,229
3434,114,163,223
3423,132,166,210
3421,98,128,223
3430,98,174,231
3403,128,163,224
3438,94,163,230
3433,126,162,261
3426,120,162,252
3442,136,165,270
3437,118,162,179
3437,120,159,259
3435,132,163,279
3435,118,164,275
3429,120,171,258
3435,120,166,276
3434,75,184,274
3436,119,154,276
3446,124,162,259
3442,119,160,272
3432,130,162,268
3435,91,154,222
3438,123,160,275
3438,118,173,278
3440,132,162,266
3434,123,165,274
3462,138,169,279
3435,138,149,267
3417,100,160,234
3430,120,161,266
3420,30,150,260
3465,129,154,261
3430,138,153,254
3522,137,161,293
3446,118,157,246
3438,116,158,253
3447,119,156,247
3444,136,163,246
3446,86,167,257
3418,117,156,264
3410,117,157,252
3434,118,157,254
3436,48,148,257
3435,118,152,256
3427,117,154,269
3437,96,157,259
3437,119,149,267
3398,130,157,260
3430,117,153,251
3419,120,162,267
3422,119,154,246
3412,113,190,256
3432,126,177,229
3458,62,165,245
3422,134,148,254
3326,134,164,251
3439,142,176,264
3438,109,166,244
3434,148,166,215
3410,158,154,237
3426,147,166,252
3437,145,155,230
3400,144,164,219
3434,142,165,223
3401,143,158,226
3427,141,178,231
3444,156,138,241
3432,16,166,226
3437,143,157,234
3443,143,179,199
3439,140,164,220
3440,140,145,213
3441,127,163,214
3444,139,129,225
3429,144,164,222
3439,142,168,212
3437,148,164,213
3411,146,161,209
3451,145,152,218
3440,141,174,199
3436,155,142,200
3554,145,161,194
3428,143,171,199
3428,142,163,192
3431,140,158,198
3370,154,162,287
3437,147,159,190
3439,136,155,200
3437,210,153,188
3439,124,154,183
3441,128,151,196
3450,19,142,180
3441,152,156,184
3436,135,162,170
3432,134,145,180
3341,136,156,179
3444,134,182,180
3446,133,158,186
3434,144,154,161
3434,134,154,175
3433,128,140,182
3413,136,163,178
3454,125,158,190
3431,142,163,186
3427,143,159,204
3437,138,160,183
3433,106,167,185
3398,132,161,194
3432,128,160,180
3439,130,160,245
3429,151,166,234
3414,137,148,224
3434,132,132,238
3418,119,174,233
3438,130,161,241
3467,129,144,236
3473,132,135,236
3429,132,140,245
3419,131,181,260
3614,131,159,267
3404,128,168,256
3455,142,152,266
3416,146,158,259
3432,140,156,274
3434,126,144,250
3442,136,156,265
3447,112,164,248
3452,103,149,286
3438,128,154,241
3440,125,146,247
3424,192,160,243
3508,125,152,256
3435,132,148,233
3432,121,172,212
3427,132,152,146
3424,126,179,225
3429,113,153,228
3427,128,176,220
3445,115,151,220
3419,135,154,130
3435,111,153,226
3442,122,140,210
3434,128,179,208
3442,132,152,237
3428,123,162,218
3335,123,153,247
3441,141,156,175
3423,111,188,239
3436,125,157,245
3420,132,152,245
3457,124,151,253
3427,122,170,259
3426,147,168,263
3422,128,170,259
3435,123,157,266
3421,142,143,278
3437,119,148,267
3438,122,168,274
3439,119,162,280
3445,114,202,268
3441,121,163,261
3439,121,171,290
3440,124,148,256
3437,122,169,262
3444,94,165,260
3445,114,179,278
3439,165,171,242
3431,114,166,244
3431,94,171,253
3425,145,162,249
3429,108,162,256
3422,113,189,248
3426,98,177,242
3437,108,176,242
3435,93,173,243
3436,122,142,240
3415,139,160,234
3444,109,158,244
3421,116,220,272
3440,122,160,268
3429,100,174,261
3437,118,150,284
3439,112,260,288
3411,115,164,274
3422,108,160,273
3433,132,140,276
3429,123,160,264
3426,116,151,294
3427,121,151,290
3426,121,269,310
3419,123,157,309
3427,126,164,316
3454,128,141,309
3434,102,184,309
3432,132,174,311
3405,128,163,315
3422,139,172,310
3459,146,152,345
3372,140,174,332
3459,137,224,336
3525,138,183,401
3435,163,168,340
3433,141,173,332
3410,138,167,324
3447,137,56,326
3422,140,171,313
3428,140,178,331
3425,140,175,337
3427,137,178,336
3429,140,182,348
3454,140,156,329
3443,118,192,325
3419,131,173,313
3437,141,198,313
3428,134,174,332
3441,134,175,322
3452,119,180,328
3414,141,168,321
3442,138,188,309
3434,138,179,312
3427,58,173,308
3441,131,174,324
3427,141,186,291
3434,245,174,295
3429,137,169,300
3431,109,177,288
3435,132,161,279
3426,142,174,276
3311,128,170,281
3436,130,170,268
3449,126,168,258
3443,126,167,308
3427,110,188,253
3465,109,173,289
3403,127,132,292
3426,137,199,297
3421,132,177,294
3427,129,169,292
3432,130,165,285
3425,145,166,312
3432,127,165,307
3408,141,156,302
3428,120,178,286
3427,137,165,313
3435,128,171,306
3432,130,182,314
3448,125,168,294
3439,128,145,307
3433,116,167,300
3440,118,171,281
3460,108,172,292
3449,130,134,273
3437,128,150,287
3447,124,162,292
3464,128,168,284
3458,124,163,273
3441,130,125,282
3442,128,173,254
3431,132,160,270
3437,126,146,259
3429,136,165,254
3402,132,166,256
3432,128,132,248
3427,130,158,256
3437,106,187,247
3436,122,156,253
3443,126,160,277
3437,109,165,280
3456,128,136,276
3443,129,171,268
3444,128,164,277
3445,123,172,274
3446,121,171,273
3433,128,170,268
3420,131,171,279
3430,110,167,418
3424,131,170,253
3428,132,175,271
3414,130,171,250
3422,116,173,263
3420,130,175,270
3421,128,193,258
3431,141,174,237
3434,126,175,224
3440,122,182,268
3445,128,173,243
3441,129,163,182
3435,128,252,245
3428,126,176,218
3433,132,163,231
3429,152,180,220
3426,114,173,234
3515,145,170,224
3419,113,173,243
3424,125,172,229
3426,130,179,220
3460,123,182,217
3429,130,168,216
3430,108,182,190
3407,111,176,214
3428,126,166,210
3436,120,102,227
3444,185,172,212
3439,153,168,217
3434,122,174,217
3438,143,172,102
3435,136,149,224
3427,135,171,204
3447,95,183,212
3450,110,168,208
3423,34,176,193
3427,130,188,230
3428,134,151,233
3442,125,174,249
3434,130,163,245
3433,189,188,256
3436,131,140,260
3434,142,163,250
3415,122,299,265
3442,117,177,267
3437,100,179,283
3445,128,204,257
3446,140,169,267
3441,130,179,256
3432,128,181,269
3433,102,178,264
3437,132,180,272
3430,122,176,275
3435,122,171,267
3448,108,176,271
3431,127,184,274
3468,128,180,254
3424,115,194,267
3494,125,173,272
3452,103,179,260
3444,123,177,261
3440,121,158,247
3429,125,170,241
3447,132,155,252
3465,122,290,248
3433,125,170,250
3427,97,183,241
3427,129,166,324
3430,122,166,251
3430,118,175,236
3423,123,157,251
3433,130,168,284
3621,126,164,296
3432,124,161,260
3429,126,194,280
3435,151,165,274
3429,118,248,282
3444,94,162,274
3443,124,162,271
3443,123,187,272
3460,130,178,278
3429,122,235,268
3441,121,163,261
3458,136,133,254
3450,216,162,248
3436,123,156,267
3441,128,160,238
3430,117,159,245
3430,133,151,242
3431,125,168,236
3407,128,176,233
3481,128,160,226
3427,121,162,284
3428,126,162,264
3426,113,176,282
3433,125,172,285
3448,126,178,285
3444,110,176,346
3413,123,172,355
3433,122,174,346
3435,120,170,340
3430,124,166,344
3455,122,81,335
3523,123,174,344
3440,122,200,330
3426,116,181,334
3430,118,184,340
3429,126,173,339
3425,123,174,336
3431,121,116,330
3431,133,168,333
3436,113,182,231
3436,119,162,328
3438,121,188,324
3455,120,256,323
3438,113,178,353
3378,119,202,333
3443,149,179,336
3434,95,188,349
3372,123,180,354
3454,112,180,343
3425,140,202,350
3428,140,180,343
3428,200,185,350
3435,118,182,385
3456,123,184,387
3436,103,182,380
3438,130,179,379
3429,82,197,350
3435,117,177,369
3404,123,176,365
3424,117,175,367
3425,179,176,363
3445,118,162,354
3442,121,171,363
3437,101,170,419
3431,122,172,346
3427,124,173,338
3437,119,172,350
3417,137,173,334
3430,118,146,340
3422,123,176,321
3426,135,174,331
3430,123,174,338
3431,115,176,349
3451,119,170,330
3437,120,170,305
3442,112,188,320
3420,121,169,318
3411,116,169,320
3430,107,176,320
3429,122,168,318
3438,119,171,320
3430,118,174,322
3436,126,181,320
3446,143,178,327
3441,136,178,327
3434,123,170,334
3378,122,176,329
3429,96,206,338
3429,118,192,277
3430,131,184,315
3433,119,188,332
3444,116,153,334
3453,88,175,404
3443,112,180,331
3476,117,166,330
3453,117,183,333
3441,122,214,344
3414,132,176,345
3443,73,174,367
3453,108,251,356
3427,111,176,345
3411,133,175,306
3432,111,175,321
3451,123,177,332
3437,172,177,362
3430,116,176,378
3439,110,253,393
3437,119,176,364
3422,119,167,353
3440,122,171,347
3465,103,170,346
3386,113,169,329
3463,108,171,433
3447,142,165,340
3447,119,169,327
3445,118,167,329
3453,119,161,326
3432,114,185,322
3352,133,168,309
3422,106,187,312
3426,220,177,298
3452,121,155,323
3425,124,163,332
3410,120,165,325
3433,116,184,315
3419,117,163,331
3451,118,162,312
3459,105,158,314
3425,114,4,304
3439,117,157,296
3447,115,160,308
3446,118,181,328
3438,49,161,339
3432,108,157,343
3441,85,160,345
3414,117,158,350
3431,113,197,335
3436,111,155,354
3419,120,160,357
3434,116,157,386
3444,117,157,407
3436,70,169,408
3438,117,149,398
3430,117,155,375
3435,119,155,392
3455,110,163,414
3427,114,36,418
3446,98,154,421
3444,118,151,432
3445,165,152,442
3437,130,165,427
3439,105,139,455
3429,93,175,470
3413,119,147,486
3416,128,159,488
3431,134,166,484
3447,139,154,485
3447,166,177,455
3435,136,181,458
3436,153,135,456
3457,132,176,444
3441,123,160,434
3418,133,333,461
3438,109,160,454
3443,158,143,458
3466,133,156,460
3462,132,141,467
3439,131,165,438
3444,105,156,441
3438,154,155,436
3437,250,148,431
3453,120,142,439
3445,132,155,413
3436,131,155,412
3437,137,147,491
3433,131,149,403
3456,126,150,399
3418,134,112,397
3542,131,144,411
3434,146,143,446
3476,132,153,376
3437,132,146,366
3419,128,149,354
3441,128,134,361
3443,145,149,356
3439,128,138,341
3431,117,177,336
3439,128,185,329
3446,130,158,320
3431,287,157,320
3449,120,162,313
3435,130,116,324
3439,125,160,316
3436,128,145,316
3428,136,154,304
3409,125,158,295
3436,128,150,293
3431,119,162,296
3431,140,152,357
3434,117,153,294
3437,124,152,302
3450,125,151,297
3434,125,155,297
3451,115,150,300
3439,110,184,294
3432,128,161,298
3507,128,158,275
3431,151,156,276
3429,136,137,283
3417,114,174,284
3421,144,140,323
3428,134,166,286
3446,133,184,291
3447,136,174,295
3441,151,160,288
3458,128,140,282
3444,126,166,290
3531,132,172,301
3439,130,170,306
3437,107,188,308
3464,132,175,309
3445,129,174,302
3434,143,54,284
3437,128,167,276
3460,110,180,304
3442,129,151,279
3434,140,175,261
3450,135,155,276
3425,142,184,258
3430,124,176,226
3430,136,154,261
3430,131,173,261
3281,131,168,268
3464,123,173,280
3441,121,149,277
3436,126,168,280
3443,126,156,286
3445,128,167,293
3440,139,168,284
3444,109,165,283
3451,137,155,324
3451,132,165,277
3441,118,163,272
3437,130,163,260
3437,113,160,266
3427,136,160,245
3445,128,160,257
3433,130,151,256
3417,160,155,242
3427,130,160,250
3429,131,149,264
3426,143,147,247
3442,135,148,248
3299,130,165,251
3445,150,163,252
3428,148,188,235
3436,0,165,237
3442,142,171,236
3457,121,162,232
3442,154,164,169
3439,140,161,225
3433,141,161,238
3427,94,171,274
3430,155,154,260
3435,156,153,275
3420,230,179,281
3431,133,137,272
3429,145,170,251
3433,127,160,266
3421,138,141,264
3438,126,160,268
3446,155,163,307
3457,136,150,323
3445,136,158,316
3431,162,150,330
3439,146,160,306
3425,162,141,336
3422,134,163,324
3437,136,167,349
3538,148,158,414
3420,131,320,318
3446,130,19,305
3432,134,157,307
3451,145,162,327
3427,132,157,304
3436,126,162,302
3439,142,137,305
3585,131,157,288
3458,133,141,292
3441,130,154,325
3439,126,155,324
3441,105,154,321
3441,132,163,233
3469,135,130,305
3451,126,28,306
3445,119,153,306
3431,125,165,308
3426,122,160,321
3446,144,155,317
3428,126,145,320
3453,132,164,320
3447,128,165,314
3432,114,169,316
3428,128,162,311
3439,117,159,303
3467,127,14,305
3442,136,159,297
3341,108,159,272
3449,125,159,304
3441,122,164,299
3461,129,159,298
3430,121,156,292
3447,126,155,288
3432,125,152,282
3426,126,157,279
3443,128,156,279
3434,125,147,280
3435,127,155,280
3434,128,154,260
3380,118,183,234
3416,122,143,256
3496,104,153,260
3457,78,159,261
3443,128,157,264
3421,113,169,297
3436,125,153,306
3434,117,165,302
3437,128,148,320
3425,112,162,310
3338,121,157,310
3445,122,162,292
3427,124,176,290
3434,113,178,326
3427,119,157,342
3613,124,158,334
3435,138,210,305
3426,115,168,308
3438,124,145,310
3441,124,181,302
3440,128,136,295
3447,120,153,291
3443,122,154,302
3449,120,144,282
3329,130,160,376
3428,120,156,300
3458,137,134,298
3431,139,155,309
3439,134,148,291
3415,159,152,288
3447,140,150,281
3446,225,151,278
3434,130,137,279
3436,155,147,256
3429,126,155,281
3431,144,157,279
3407,137,160,281
3464,139,142,282
3460,123,172,270
3436,128,165,274
3450,142,166,268
3419,148,158,282
3435,141,175,288
3441,92,179,311
3466,128,170,342
3452,148,179,282
3440,138,194,294
3422,141,176,285
3418,156,168,311
3452,138,171,319
3436,138,171,316
3431,135,173,319
3445,107,171,304
3439,135,162,297
3409,132,188,299
3398,135,180,279
3435,127,187,310
3440,131,190,310
3442,118,192,288
3439,128,164,283
3441,144,195,280
3450,139,166,278
3433,136,176,289
3438,132,192,272
3444,149,176,258
3441,132,190,250
3423,128,301,260
3435,96,176,270
3441,122,186,268
3437,149,152,273
3439,133,186,252
3412,130,172,232
3445,131,161,257
3447,129,168,253
3418,129,167,246
3447,128,194,241
3447,125,157,234
3442,283,168,234
3441,151,181,234
3434,132,168,226
3435,124,166,226
3443,142,142,220
3440,128,160,217
3421,142,167,222
3432,119,178,235
3435,132,165,247
3427,110,166,258
3428,130,173,241
3426,130,158,268
3440,146,164,274
3447,129,168,248
3462,115,167,249
3444,133,126,234
3446,133,148,243
3449,126,184,240
3442,149,168,227
3436,101,180,236
3441,111,175,220
3441,97,182,228
3435,134,60,222
3443,121,160,235
3456,126,157,248
3416,151,166,229
3501,130,185,240
3420,116,190,210
3463,128,182,237
3442,128,197,236
3427,141,175,227
3446,128,192,233
3434,120,194,230
3448,121,187,233
3441,123,200,224
3445,116,204,242
3447,132,198,234
3429,113,211,222
3450,124,198,222
3451,133,192,203
3430,138,195,217
3442,131,192,210
3422,154,186,206
3332,128,190,212
3427,141,197,305
3437,132,188,208
3438,124,196,200
3445,130,187,202
3443,146,185,196
3442,126,183,124
3448,128,184,192
3441,144,170,211
3451,128,182,199
3458,126,185,191
3457,135,185,194
3413,131,184,187
3435,155,179,188
3469,128,180,229
3431,148,166,284
3435,0,182,292
3433,132,184,297
3422,124,184,301
3423,129,182,300
3435,124,168,309
3443,103,184,310
3449,143,181,321
3422,128,185,320
3406,128,188,357
3445,124,170,342
3447,152,181,342
3467,108,182,344
3445,124,184,345
3439,132,164,342
3425,125,182,336
3436,160,184,338
3427,126,180,333
3438,153,172,329
3492,104,175,202
3458,129,183,331
3434,124,192,332
3441,170,184,329
3441,125,194,332
3452,122,180,318
3443,122,170,331
3445,121,168,318
3435,125,189,296
3448,123,197,307
3443,227,196,306
3441,123,194,297
3432,137,197,304
3442,121,181,305
3443,122,190,302
3439,143,187,298
3438,121,187,299
3423,105,200,315
3429,126,182,300
3439,128,193,298
3436,123,175,288
3429,122,188,289
3439,136,158,292
3448,123,200,286
3446,118,183,293
3453,136,179,279
3451,92,189,293
3473,124,156,301
3438,124,181,286
3545,122,180,294
3436,132,179,281
3432,109,181,285
3444,120,154,275
3442,119,166,290
3440,122,176,272
3435,120,158,278
3437,139,166,265
3436,147,174,262
3435,122,174,251
3445,135,172,251
3451,118,158,256
3444,119,174,250
3466,112,175,248
3539,134,173,374
3449,119,160,284
3442,117,168,291
3460,187,171,278
3444,122,164,269
3448,91,166,272
3441,117,165,261
3438,121,155,268
3452,129,170,237
3436,122,158,236
3434,110,166,243
3434,146,169,258
3430,141,179,256
3310,126,181,268
3442,117,212,249
3468,126,190,250
3431,139,185,241
3457,72,200,238
3460,130,194,258
3442,133,303,246
3447,129,197,227
3446,170,195,252
3430,131,195,240
3438,132,172,230
3437,248,178,242
3442,131,180,252
3408,128,196,216
3437,133,192,245
3423,128,209,247
3416,119,194,243
3452,121,182,204
3438,130,210,252
3442,132,203,241
3450,133,189,228
3425,138,190,216
3449,126,196,249
3442,118,190,237
3466,128,189,259
3449,115,198,247
3355,128,192,256
3447,112,188,237
3434,198,199,248
3457,135,177,242
3469,130,163,241
3430,121,126,236
3446,129,175,252
3414,149,192,248
3441,134,177,271
3441,136,159,251
3439,127,189,237
3414,141,180,234
3439,117,202,232
3450,126,159,239
3465,139,168,246
3482,129,189,278
3497,114,183,270
3447,128,182,261
3452,104,187,261
3444,111,178,261
3463,122,183,260
3418,122,19,251
3435,115,180,277
3434,155,181,280
3580,130,181,265
3431,122,164,290
3438,126,189,272
3449,105,198,272
3439,106,171,412
3440,128,178,271
3424,122,175,270
3455,117,185,292
3448,122,170,305
3450,125,183,307
3445,127,200,298
3435,136,184,307
3443,134,207,307
3465,125,48,301
3416,124,169,304
3436,130,177,307
3438,128,155,339
3432,115,187,335
3411,121,140,336
3421,130,176,335
3443,115,188,325
3450,126,190,320
3436,124,114,318
3459,125,177,324
3477,117,152,305
3454,109,172,313
3477,124,168,329
3460,111,185,307
3443,122,172,325
3433,123,168,311
3438,126,173,296
3474,119,165,298
3471,124,169,312
3438,126,170,297
3459,136,170,283
3450,122,168,305
3439,126,160,280
3440,107,179,277
3447,123,161,279
3418,123,325,280
3426,128,162,278
3430,142,188,260
3623,130,163,278
3450,137,152,306
3451,138,163,302
3458,136,156,312
3436,140,164,307
3464,137,160,304
3462,139,155,282
3453,0,158,296
3445,137,150,293
3431,143,157,290
3436,146,138,294
3344,147,144,281
3434,138,162,297
3431,156,166,277
3418,152,166,275
3445,132,171,272
3443,143,136,267
3453,124,164,289
3439,136,176,268
3450,105,173,323
3451,153,164,328
3445,159,130,315
3431,146,165,315
3444,133,165,314
3445,132,196,325
3443,132,176,307
3294,136,172,317
3445,123,155,322
3439,150,167,299
3453,134,177,301
3439,122,169,300
3443,133,168,298
3467,143,169,306
3443,134,169,282
3439,121,169,289
3448,134,104,306
3432,114,187,292
3450,131,190,322
3452,128,173,321
3453,123,178,316
3470,64,159,323
3446,131,143,321
3440,135,139,318
3443,116,172,310
3431,134,170,286
3446,150,171,312
3440,136,164,398
3417,128,116,306
3440,125,189,298
3443,136,166,308
3444,126,178,300
3441,106,168,314
3445,121,161,316
3450,125,197,310
3463,90,177,305
3453,128,176,300
3440,124,162,293
3453,128,157,292
3441,124,166,305
3462,149,156,289
3444,126,165,289
3492,118,167,317
3442,126,158,298
3429,128,145,284
3458,109,176,283
3414,117,161,305
3435,123,177,273
3445,136,165,252
3447,136,164,260
3450,141,155,269
3455,112,155,230
3461,149,157,292
3449,109,156,295
3446,113,163,301
3443,123,146,285
3402,123,154,283
3449,122,152,278
3439,110,170,268
3477,130,149,284
3428,120,164,296
3439,126,140,299
3443,124,159,303
3440,118,183,306
3402,124,184,308
3433,131,182,290
3454,124,183,300
3446,123,172,304
3453,136,155,312
3447,86,192,294
3452,125,183,294
3425,118,186,291
3445,128,178,372
3513,140,174,336
3460,134,191,235
3443,128,170,289
3454,130,181,269
3425,124,190,272
3443,47,180,300
3445,128,142,344
3453,124,179,318
3439,0,180,324
3436,117,167,321
3469,124,177,331
3448,126,165,322
3457,100,188,317
3467,136,166,315
3467,117,172,314
3436,125,173,312
3451,126,148,309
3424,100,172,252
3455,126,168,317
3447,130,170,303
3439,136,163,300
3430,144,165,276
3441,128,149,288
3453,128,164,303
3429,241,168,296
3434,130,166,281
3440,131,167,278
3441,130,166,285
3432,134,152,293
3441,112,166,276
3439,136,164,266
3465,101,181,268
3468,111,162,261
3438,152,156,253
3445,124,168,254
3441,131,161,256
3444,128,170,252
3447,122,171,249
3451,136,158,244
3442,131,160,237
3438,128,165,256
3452,234,162,239
3446,142,173,241
3439,126,163,233
3441,121,177,229
3441,132,149,236
3436,132,158,226
3449,126,160,222
3441,125,158,222
3452,124,164,218
3452,125,165,217
3445,123,188,212
3467,102,172,217
3447,179,173,216
3459,115,166,258
3447,122,169,209
3446,94,177,192
3455,117,165,212
3438,134,196,213
3440,94,185,214
3436,138,174,210
3428,97,182,214
3455,133,174,207
3446,104,181,202
3456,120,184,198
3423,120,181,200
3469,117,194,180
3455,120,152,238
3452,121,175,239
3455,119,175,251
3436,115,171,244
3423,114,187,239
3435,125,173,243
3439,123,188,231
3440,122,172,240
3446,122,166,230
3447,120,113,228
3440,121,176,222
3450,111,166,223
3438,137,140,229
3447,122,171,214
3457,121,169,222
3451,120,165,210
3450,118,190,193
3453,118,171,206
3450,122,191,214
3455,114,174,203
3451,116,191,209
3445,98,172,205
3445,110,179,203
3363,113,170,210
3440,139,160,208
3438,214,146,207
3441,120,168,221
3426,128,170,213
3437,111,170,234
3434,124,194,228
3435,121,193,221
3440,125,177,228
3419,132,164,228
3443,125,171,223
3454,130,141,229
3452,157,159,230
3453,143,141,244
3442,134,168,256
3448,136,169,232
3450,134,163,229
3453,132,163,230
3467,126,147,234
3439,71,177,240
3452,120,157,240
3447,146,160,272
3421,129,161,280
3453,131,172,286
3437,107,162,280
3449,128,154,274
3448,153,164,268
3447,129,179,266
3465,141,156,263
3429,139,149,290
3460,133,53,334
3453,133,163,305
3444,128,176,342
3439,104,161,288
3579,130,163,329
3460,121,240,357
3468,148,130,342
3437,110,162,344
3440,120,160,344
3442,130,163,340
3444,30,182,342
3447,130,161,330
3482,158,168,340
3433,130,167,304
3433,130,166,330
3438,132,165,322
3449,118,180,316
3470,123,144,330
3456,136,161,317
3462,117,163,417
3443,130,142,305
3440,137,167,307
3418,129,162,288
3447,128,181,292
3461,122,183,306
3443,128,153,296
3432,129,163,293
3444,126,133,294
3428,124,163,281
3441,140,158,268
3454,126,153,263
3450,113,160,264
3453,113,159,268
3444,120,157,247
3481,165,149,282
3432,128,158,266
3453,131,168,277
3455,141,153,273
3440,136,235,253
3424,121,169,263
3443,128,148,269
3455,95,164,269
3435,142,155,260
3523,122,156,260
3441,126,157,262
3430,128,157,266
3444,108,156,328
3495,124,152,253
3445,167,173,264
3453,114,163,256
3443,121,152,262
3420,128,170,252
3470,119,22,249
3461,124,162,279
3447,122,161,289
3444,109,181,273
3468,128,146,301
3446,124,160,272
3467,101,169,289
3462,95,167,287
3449,120,158,284
3444,119,145,292
3427,125,160,275
3472,119,138,275
3426,124,163,284
3445,245,156,268
3459,122,161,266
3444,132,160,263
3504,122,154,251
3458,121,157,244
3394,127,153,301
3457,129,144,294
3418,125,149,290
3453,128,155,287
3455,168,132,288
3454,129,156,278
3439,131,146,288
3435,122,155,276
3450,134,150,318
3429,142,140,320
3447,120,150,318
3455,138,123,329
3461,139,152,307
3451,123,149,307
3430,133,206,308
3448,136,149,310
3439,126,130,299
3524,133,148,298
3439,129,150,275
3443,133,157,273
3472,133,153,275
3451,146,137,279
3467,134,156,263
3441,162,151,276
3441,133,156,276
3440,83,137,308
3440,136,153,325
3439,128,160,354
3447,138,152,352
3455,136,157,344
3445,131,153,340
3446,132,149,306
3441,135,159,327
3443,0,158,320
3452,121,165,220
3461,109,153,314
3454,139,155,321
3457,122,156,332
3448,130,154,301
3449,125,146,304
3450,123,144,298
3448,151,144,295
3454,153,138,290
3299,132,152,268
3436,138,158,303
3437,132,167,300
3435,130,144,299
3418,109,164,296
3438,141,169,284
3459,142,142,290
3458,131,168,281
3449,131,164,283
3454,71,168,337
3429,123,183,318
3454,126,170,310
3454,135,170,306
3461,124,169,320
3473,125,169,296
3445,124,163,300
3453,119,268,290
3435,137,176,276
3441,130,170,298
3438,130,148,302
3429,120,168,308
3438,122,157,308
3435,125,161,303
3432,138,61,284
3432,124,172,310
3443,126,166,293
3476,122,169,296
3455,112,169,270
3446,114,166,293
3458,124,157,287
3445,102,169,293
3453,138,167,290
3465,114,170,276
3450,138,156,275
3453,132,161,352
3466,120,131,269
3456,123,167,269
3460,122,140,264
3440,128,169,272
3437,124,156,264
3445,116,166,279
3429,144,168,176
3534,101,163,253
3445,142,153,248
3443,124,157,332
3444,100,131,285
3434,108,148,285
3454,123,162,281
3436,128,152,278
3455,149,128,272
3437,133,161,273
3445,129,162,274
3482,132,139,267
3438,129,133,275
3448,137,224,285
3447,122,144,283
3450,198,161,258
3446,107,161,285
3450,111,137,274
3451,140,149,273
3465,128,152,272
3475,130,155,291
3447,128,154,301
3456,153,145,342
3451,123,165,339
3454,147,145,337
3446,133,189,327
3455,116,145,322
3578,111,155,326
3452,124,153,320
3445,220,133,318
3443,129,156,315
3460,119,143,337
3438,189,171,324
3445,126,159,324
3431,154,150,313
3461,117,160,323
3461,124,171,340
3456,89,154,320
3471,105,182,318
3449,124,145,320
3458,105,153,319
3471,125,271,322
3459,9,125,317
3445,97,151,259
3469,126,148,315
3444,124,166,302
3443,134,149,308
3443,123,151,327
3439,124,158,304
3441,134,134,312
3435,110,179,294
3441,121,179,288
3442,116,148,273
3485,116,144,276
3478,126,118,276
3477,112,156,260
3451,118,146,270
3455,125,145,270
3470,119,112,267
3440,127,163,265
3441,100,154,262
3434,137,150,263
3433,122,153,262
3453,141,147,259
3345,123,143,236
3465,124,212,256
3438,118,144,261
3446,0,147,249
3439,122,78,253
3436,123,134,240
3455,109,144,243
3463,109,143,238
3454,102,142,286
3452,120,123,232
3344,136,153,348
3454,214,147,268
3455,124,143,264
3459,124,156,259
3451,116,145,252
3449,124,151,260
3475,130,145,261
3441,128,176,262
3468,124,145,257
3448,128,144,267
3449,116,143,272
3436,128,145,260
3441,124,145,248
3451,124,145,243
3416,130,147,188
3450,120,41,248
3453,124,119,253
3472,130,144,239
3453,122,137,292
3451,124,135,280
3397,125,143,260
3448,126,132,269
3443,126,152,274
3421,124,145,269
3442,126,170,257
3439,128,161,277
3438,114,155,279
3439,125,158,277
3439,122,153,280
3435,137,160,264
3450,122,147,270
3462,125,160,272
3453,101,157,278
3454,121,156,263
3441,119,160,240
3474,121,129,256
3524,135,136,287
3452,120,152,266
3466,110,156,347
3441,133,164,249
3443,138,144,256
3441,123,155,262
3413,120,153,259
3453,117,133,272
3442,122,172,264
3430,110,164,250
3440,91,162,250
3460,123,157,250
3439,131,152,240
3447,111,160,267
3468,121,162,246
3442,119,153,239
3469,128,148,256
3446,120,153,251
3439,128,164,250
3463,125,167,244
3456,116,158,234
3444,128,158,234
3453,137,160,222
3455,117,150,237
3449,131,138,224
3438,126,157,226
3434,114,181,288
3466,125,153,288
3443,118,143,309
3465,125,161,280
3435,148,160,304
3448,125,160,289
3448,125,164,297
3470,122,153,294
3454,126,159,325
3452,124,153,313
3432,131,149,320
3447,116,156,318
3455,137,145,321
3443,130,161,314
3470,119,160,336
3440,126,137,308
3436,111,155,310
3438,125,149,301
3429,122,169,280
3440,125,141,306
3463,124,158,293
3450,124,153,297
3445,32,168,298
3469,125,159,286
3461,124,262,289
3457,141,163,278
3451,118,169,294
3441,114,159,409
3440,111,165,256
3466,137,136,264
3447,125,214,267
3441,112,148,286
3453,123,152,260
3437,111,163,268
3452,90,172,279
3433,128,166,272
3454,131,140,284
3446,122,163,281
3460,92,174,282
3454,94,171,283
3455,190,160,282
3436,124,161,281
3444,131,162,294
3448,120,165,318
3451,123,162,303
3415,122,145,297
3394,118,153,290
3447,114,159,296
3469,114,144,303
3439,132,159,299
3454,96,156,340
3440,147,159,293
3433,129,156,267
3470,124,157,284
3441,142,155,286
3440,117,158,280
3454,118,154,278
3447,117,166,391
3475,128,146,268
3455,117,164,265
3449,114,163,261
3467,144,173,280
3475,117,141,247
3457,122,164,248
3453,142,165,240
3464,115,165,266
3444,121,162,279
3445,0,163,274
3455,178,168,281
3441,120,182,268
3443,16,161,270
3434,152,154,267
3444,120,159,282
3445,141,161,284
3430,125,159,276
3421,125,158,272
3453,258,157,269
3456,122,166,263
3449,121,157,283
3472,128,157,266
3356,126,157,280
3451,100,149,267
3449,108,157,269
3472,119,164,257
3439,130,156,250
3451,124,151,265
3448,124,154,248
3411,128,157,267
3447,123,152,242
3442,152,159,246
3409,108,153,250
3425,220,153,242
3437,114,148,237
3451,129,153,237
3451,124,157,233
3460,125,148,227
3452,106,158,229
3454,75,165,220
3454,123,149,220
3436,139,154,216
3481,123,153,224
3456,123,152,219
3472,123,153,226
3448,128,152,204
3447,122,155,206
3433,150,144,200
3446,122,148,214
3464,119,38,202
3449,123,149,207
3444,121,144,219
3438,131,151,246
3443,113,149,253
3439,123,149,258
3443,124,169,251
3483,102,166,278
3452,118,147,296
3463,94,167,275
3453,119,159,275
3432,113,158,296
3450,110,157,273
3443,118,150,242
3437,116,83,250
3440,127,160,265
3439,122,170,265
3479,128,163,268
3445,131,167,287
3446,256,161,261
3447,109,153,265
3445,104,157,268
3454,132,148,260
3450,133,175,247
3461,117,155,321
3454,138,164,306
3480,138,143,298
3452,163,152,295
3435,144,184,302
3445,133,161,290
3436,135,150,278
3444,130,228,275
3443,120,153,292
3510,153,153,402
3441,130,156,330
3442,131,155,314
3437,139,155,314
3431,132,152,317
3447,131,153,309
3444,133,156,328
3445,144,146,329
3454,128,148,333
3459,132,149,311
3440,128,157,375
3454,133,147,272
3424,125,156,347
3442,135,133,334
3456,138,135,335
3453,130,156,314
3433,149,135,314
3439,131,165,314
3439,128,148,315
3430,144,175,292
3442,112,155,312
3439,129,173,302
3448,129,156,288
3447,132,139,288
3441,128,156,288
3465,118,147,329
3454,148,164,303
3453,122,160,295
3442,113,158,288
3448,128,160,290
3442,128,142,314
3440,129,153,290
3447,106,162,299
3438,115,159,278
3470,126,245,288
3450,128,160,278
3440,240,160,273
3439,116,159,269
3437,130,103,262
3420,128,162,259
3442,129,139,275
3439,152,145,276
3445,112,160,259
3434,126,229,265
3456,125,168,264
3472,130,159,261
3458,236,155,258
3474,127,152,277
3449,137,135,266
3455,117,162,247
3458,124,84,244
3439,116,173,239
3463,125,16,246
3445,120,153,250
3443,161,171,246
3430,125,152,247
3439,126,166,247
3441,130,161,252
3440,126,174,247
3462,118,176,256
3441,136,102,259
3450,123,158,239
3497,135,137,279
3455,124,155,243
3451,125,153,247
3445,129,148,243
3443,130,178,242
3442,115,168,236
3439,128,164,226
3457,117,167,232
3442,89,162,304
3449,91,164,312
3434,117,168,319
3422,126,146,314
3446,118,168,352
3447,123,165,362
3462,101,182,374
3417,128,178,384
3436,114,187,377
3469,123,167,400
3422,124,165,400
3449,124,167,378
3446,124,180,410
3454,94,178,387
3456,108,186,382
3483,134,163,374
3453,123,173,384
3439,120,180,368
3441,0,173,367
3449,124,170,367
3445,118,176,356
3462,121,170,359
3418,123,166,344
3449,115,169,337
3447,116,176,332
3456,116,168,325
3449,95,175,331
3451,147,165,308
3453,120,162,308
3455,128,170,307
3451,245,170,302
3437,108,186,303
3434,142,123,308
3456,115,165,304
3445,126,169,280
3349,125,166,291
3446,128,189,308
3421,123,312,305
3425,118,160,285
3434,155,167,320
3433,125,162,296
3434,117,177,313
3441,88,163,294
3445,124,134,295
3448,228,161,296
3450,125,163,305
3427,142,136,284
3450,133,173,294
3460,131,153,288
3442,144,159,275
3455,141,157,260
3451,140,202,280
3445,127,158,265
3447,128,158,304
3439,126,165,299
3444,136,146,314
3443,76,168,298
3440,146,156,301
3435,129,218,280
3445,121,182,288
3442,128,164,288
3461,130,167,287
3447,147,164,291
3458,132,152,283
3438,126,169,284
3447,126,170,277
3444,121,168,254
3456,115,158,269
3457,128,168,264
3447,115,174,168
3449,130,159,250
3442,117,165,246
3414,129,167,257
3553,127,169,231
3323,130,169,251
3449,124,168,248
3440,123,174,278
3448,119,169,299
3455,122,166,287
3432,139,173,296
3459,74,166,292
3457,124,166,290
3453,140,160,284
3444,115,165,272
3442,110,168,278
3447,122,157,257
3446,130,160,352
3440,120,159,286
3416,128,180,331
3438,142,147,337
3429,132,164,329
3436,120,160,331
3509,125,164,341
3434,104,162,346
3437,125,158,330
3431,128,185,326
3430,125,169,300
3451,137,162,306
3442,121,167,309
3437,131,164,308
3431,128,161,314
3431,132,173,282
3421,131,166,309
3450,130,160,300
3447,149,163,302
3442,129,158,322
3417,144,135,364
3442,132,152,336
3458,120,172,365
3437,133,162,341
3444,129,160,334
3447,130,184,336
3420,133,151,314
3325,128,156,335
3445,134,155,326
3455,131,172,327
3457,129,155,322
3466,137,134,317
3474,130,154,312
3449,129,155,316
3439,259,158,324
3439,128,138,333
3438,125,203,335
3438,128,178,350
3431,139,76,338
3450,120,178,362
3451,133,184,308
3457,144,177,364
3385,129,185,375
3433,128,178,354
3449,119,181,478
3446,130,151,350
3451,126,192,333
3452,126,195,332
3426,128,205,330
3446,129,205,318
3431,134,186,325
3458,157,201,306
3446,129,194,316
3432,126,198,305
3463,116,202,301
3441,143,192,297
3440,126,199,305
3446,125,196,304
3462,116,213,285
3451,118,192,288
3431,125,138,269
3442,136,192,277
3462,136,163,280
3458,141,190,277
3447,125,174,276
3447,75,189,273
3442,126,199,290
3441,136,185,264
3460,107,181,261
3461,128,178,253
3440,125,187,273
3448,123,195,190
3453,123,176,245
3442,124,184,236
3435,128,187,334
3442,124,184,238
3450,110,192,239
3420,124,183,241
3436,119,184,248
3472,129,156,231
3545,122,178,219
3455,127,170,248
3465,119,176,217
3441,122,180,215
3442,123,177,221
3453,149,178,220
3455,124,181,128
3423,138,173,228
3431,114,190,203
3436,138,184,235
3425,144,193,218
3464,130,192,252
3470,142,185,252
3522,112,186,260
3417,141,194,259
3459,138,191,266
3455,136,196,256
3455,136,224,258
3464,122,213,256
3451,152,209,228
3443,119,222,251
3449,142,197,254
3449,141,213,240
3475,141,201,246
3447,140,200,233
3453,135,122,228
3446,106,206,228
3441,141,176,203
3443,141,189,219
3448,136,193,209
3439,139,193,214
3432,139,202,212
3443,139,183,121
3441,132,194,213
3414,112,188,154
3397,136,188,214
3452,129,186,231
3452,152,207,248
3452,141,185,253
3360,122,183,125
3448,153,174,254
3441,138,185,236
3439,137,184,256
3441,155,183,252
3536,153,185,252
3440,157,176,258
3437,136,211,238
3448,137,183,240
3430,147,188,150
3424,130,236,239
3447,125,175,242
3449,134,183,232
3457,123,186,226
3456,135,183,230
3453,132,188,237
3448,130,205,239
3511,148,179,233
3461,135,185,240
3445,130,190,233
3450,133,186,241
3439,134,178,231
3421,136,189,226
3437,123,193,260
3487,136,197,257
3447,122,204,262
3441,140,194,236
3457,229,199,257
3453,152,185,262
3470,132,200,263
3455,130,207,273
3429,126,41,241
3466,114,222,244
3444,134,207,253
3425,144,208,246
3448,138,188,257
3442,137,218,229
3451,121,203,237
3349,156,196,232
3442,141,225,231
3448,134,191,228
3455,94,200,227
3449,140,187,239
3447,142,197,224
3437,124,202,222
3452,82,179,227
3438,135,193,208
3447,123,190,363
3449,149,167,228
3470,126,186,335
3447,139,166,236
3453,146,193,243
3455,147,182,248
3454,144,185,247
3453,137,191,251
3441,163,180,236
3451,136,188,240
3469,193,172,246
3449,109,185,227
3445,146,202,242
3440,136,183,228
3449,132,204,266
3438,136,176,224
3446,137,200,228
3470,119,174,222
3439,133,176,208
3440,128,191,210
3453,138,179,216
3454,140,196,209
3455,146,156,222
3452,141,177,198
3435,111,174,148
3448,144,178,204
3438,141,135,185
3467,147,155,202
3436,144,124,214
3449,119,222,222
3426,144,170,232
3451,134,205,224
3431,160,173,222
3444,137,207,219
3466,119,183,241
3447,145,176,294
3449,141,207,251
3445,137,172,244
3454,138,200,227
3486,135,195,244
3458,130,182,274
3449,126,186,256
3451,143,182,265
3442,123,185,242
3465,140,300,298
3419,139,179,296
3444,50,171,330
3443,186,176,360
3418,131,181,366
3442,133,176,372
3435,139,128,365
3465,128,144,364
3450,124,176,360
3441,133,180,352
3455,133,174,358
3441,149,171,363
3451,139,191,353
3447,155,161,357
3455,283,176,352
3453,136,172,346
3453,132,176,342
3443,119,128,336
3417,152,153,364
3447,137,169,363
3449,119,180,416
3378,138,172,390
3439,136,161,388
3424,161,170,403
3461,122,180,394
3452,123,188,296
3447,133,187,391
3452,127,147,369
3450,137,175,376
3500,132,181,392
3443,104,162,368
3441,134,194,364
3443,132,179,350
3358,134,182,332
3441,131,173,340
3449,133,192,337
3452,132,185,329
3450,156,178,324
3444,136,181,334
3446,133,184,338
3443,140,190,343
3465,123,198,356
3451,132,207,363
3446,132,204,364
3452,119,229,358
3450,132,232,375
3453,124,214,382
3448,198,221,387
3467,144,221,379
3439,136,221,380
3447,140,220,364
3451,140,196,369
3446,140,214,333
3465,134,212,348
3448,136,214,352
3435,128,216,333
3435,155,207,314
3455,138,205,330
3445,133,218,345
3467,141,325,324
3447,137,216,316
3447,136,204,324
3451,139,221,315
3435,145,228,317
3429,137,200,308
3462,137,202,312
3385,123,194,322
3448,137,208,316
3411,140,202,269
3453,154,204,308
3450,134,202,337
3450,139,199,345
3446,136,215,342
3443,137,178,338
3436,145,196,359
3424,142,194,337
3447,134,188,336
3450,133,218,329
3444,132,193,339
3443,131,190,305
3456,107,169,324
3459,153,181,308
3450,131,202,316
3472,131,193,339
3446,114,194,295
3455,148,186,315
3451,141,183,354
3450,124,195,309
3451,131,182,308
3441,132,265,283
3442,131,192,296
3414,133,193,286
3462,124,195,294
3432,130,177,283
3443,120,195,210
3443,133,194,297
3432,128,200,262
3464,122,162,289
3455,134,188,363
3468,98,204,307
3454,148,181,330
3438,209,205,318
3425,124,190,318
3430,143,187,312
3391,113,188,256
3451,129,188,302
3449,110,187,308
3446,124,189,305
3443,128,182,320
3433,138,190,334
3444,131,185,339
3449,130,208,320
3444,130,181,310
3440,118,196,298
3447,131,171,309
3457,151,207,308
3452,129,213,307
3452,140,180,313
3451,122,188,281
3453,130,179,300
3551,149,169,361
3524,129,181,304
3447,132,170,356
3447,130,195,305
3447,125,155,298
3420,140,171,295
3456,113,172,288
3460,98,156,310
3443,126,175,300
3457,110,164,362
3463,119,168,287
3542,128,179,297
3449,130,169,288
3467,125,143,284
3474,183,169,304
3439,138,168,300
3463,118,260,287
3442,124,166,284
3453,139,166,276
3474,124,24,275
3453,110,164,269
3447,102,162,273
3442,142,162,274
3458,120,163,264
3455,126,155,270
3436,130,192,269
3448,115,164,270
3455,69,161,267
3449,128,162,268
3453,128,158,294
3446,124,159,297
3468,110,150,256
3467,122,17,311
3446,120,158,319
3444,128,171,328
3440,125,147,312
3462,125,156,316
3449,120,150,324
3523,126,154,345
3443,73,155,324
3455,115,153,316
3439,128,143,316
3443,127,156,302
3443,120,156,307
3450,133,168,304
3434,114,183,302
3441,123,154,310
3444,101,159,297
3471,118,155,294
3425,121,152,242
3453,123,156,313
3450,114,167,296
3452,111,165,306
3466,121,149,288
3455,119,153,274
3445,116,157,273
3443,123,165,269
3443,126,158,268
3443,121,150,263
3450,124,82,262
3446,128,154,270
3443,135,151,256
3448,130,176,253
3451,141,142,248
3438,115,153,230
3443,123,136,252
3437,131,153,232
3449,106,145,247
3448,99,154,234
3435,92,147,204
3447,122,147,231
3445,121,144,228
3448,142,147,224
3457,118,139,222
3445,121,156,224
3439,151,122,232
3462,120,123,256
3443,114,138,261
3431,134,147,252
3443,122,158,256
3439,110,156,252
3462,133,148,126
3451,116,140,257
3451,118,147,223
3455,115,152,266
3464,116,137,235
3451,122,149,254
3440,120,146,241
3438,98,150,220
3438,123,168,285
3442,125,155,285
3440,123,168,291
3450,121,164,292
3462,134,169,277
3444,120,148,295
3391,120,166,278
3438,119,173,278
3445,121,141,277
3435,120,125,286
3453,120,132,292
3450,127,172,276
3451,116,164,296
3463,70,163,274
3440,107,190,275
3424,124,173,256
3465,140,145,266
3349,98,170,154
3438,123,178,257
3450,92,181,262
3444,139,151,270
3335,118,169,236
3442,112,155,251
3445,130,145,262
3446,119,187,250
3439,70,185,240
3443,121,174,240
3437,118,170,211
3481,118,170,236
3554,132,152,278
3465,114,168,239
3449,120,169,224
3443,192,183,234
3449,112,201,232
3441,117,176,238
3451,114,166,226
3446,105,172,211
3449,122,138,217
3459,120,165,218
3462,118,161,218
3428,121,171,215
3439,122,162,212
3439,98,163,209
3442,118,264,198
3450,114,159,116
3444,101,162,202
3442,128,189,198
3442,130,152,180
3454,117,159,201
3440,116,246,207
3426,115,175,202
3581,93,173,198
3438,113,171,192
3479,116,184,179
3450,135,144,188
3443,119,171,187
3458,106,190,187
3439,111,185,223
3424,128,180,220
3443,136,164,219
3441,128,178,221
3445,124,173,217
3506,121,175,191
3458,105,199,214
3455,120,194,207
3444,130,112,211
3459,113,169,213
3427,130,174,216
3458,121,182,213
3450,164,171,215
3446,133,165,228
3450,125,196,211
3426,156,161,228
3462,128,164,209
3440,105,163,216
3447,126,165,208
3437,128,168,215
3437,126,165,212
3439,129,172,219
3441,126,182,230
3459,123,171,252
3453,126,171,270
3433,120,182,269
3469,137,178,278
3457,130,169,346
3527,128,179,264
3447,128,180,289
3450,132,209,273
3447,128,173,280
3386,149,174,267
3440,128,189,274
3443,132,164,271
3413,128,180,270
3446,126,174,274
3443,128,180,271
3316,128,187,281
3425,134,172,266
3443,125,198,266
3450,125,167,258
3446,119,192,256
3453,123,185,271
3469,123,128,291
3457,115,189,297
3452,126,182,302
3455,123,202,289
3447,125,184,296
3446,127,181,292
3446,123,190,310
3466,129,306,293
3443,130,205,289
3455,126,183,293
3309,125,179,267
3377,129,181,296
3449,145,169,277
3444,118,177,265
3437,232,173,264
3429,121,174,268
3426,129,175,270
3462,128,174,282
3456,99,179,300
3456,120,156,311
3436,124,174,296
3463,113,144,293
3441,126,171,288
3454,105,170,289
3471,131,172,288
3441,125,165,296
3438,124,169,282
3443,123,172,269
3455,132,168,289
3441,126,164,274
3455,121,161,260
3462,121,158,266
3439,121,165,256
3457,117,170,253
3453,119,167,256
3451,123,171,268
3453,126,162,256
3447,102,171,245
3443,123,170,247
3445,133,164,230
3458,102,175,241
3463,129,170,238
3436,109,167,243
3439,141,168,235
3442,196,161,213
3467,124,156,254
3443,128,161,226
3450,98,166,234
3456,98,158,195
3447,224,154,228
3455,118,147,227
3450,135,164,225
3452,119,198,219
3415,120,161,225
3454,122,136,232
3433,32,177,216
3434,123,162,250
3459,133,279,264
3440,132,162,267
3440,134,188,272
3465,131,159,260
3422,130,152,273
3450,132,177,283
3452,131,158,289
3465,97,153,287
3447,130,158,291
3436,136,156,269
3445,150,147,280
3425,129,168,286
3456,128,179,273
3462,128,153,293
3446,144,146,280
3448,123,155,283
3440,151,154,278
3439,142,166,272
3440,132,153,343
3442,130,160,285
3517,129,161,285
3444,133,152,273
3444,129,146,275
3450,153,150,276
3444,150,154,262
3446,123,140,259
3448,134,138,270
3462,126,160,256
3447,128,154,257
3435,124,153,253
3458,127,150,265
3458,126,142,267
3457,117,132,263
3466,113,218,272
3466,112,165,265
3447,124,151,262
3440,123,150,252
3470,125,98,268
3570,125,150,266
3441,106,152,292
3359,140,151,284
3458,97,162,269
3457,125,145,276
3451,30,149,270
3472,128,141,252
3449,125,142,248
3423,124,150,261
3458,72,138,286
3445,120,150,272
3446,126,159,298
3505,145,147,267
3432,122,148,272
3465,61,146,276
3440,139,144,282
3469,130,155,274
3464,135,150,282
3451,114,146,294
3460,137,148,302
3447,140,153,288
3443,122,146,429
3436,132,150,287
3439,138,149,304
3444,138,151,286
3460,134,152,282
3450,135,151,282
3449,125,145,287
3546,110,142,281
3441,133,145,272
3451,130,155,272
3451,135,147,273
3522,132,144,243
3452,115,142,401
3450,120,146,252
3449,128,164,233
3442,149,134,246
3445,113,175,243
3458,129,146,240
3421,133,144,225
3462,126,230,236
3442,132,140,226
3449,120,151,251
3448,139,141,233
3456,126,144,224
3460,126,224,230
3456,129,146,226
3453,114,149,225
3453,130,140,223
3442,112,171,220
3450,126,121,228
3440,130,142,217
3438,117,150,197
3445,133,138,225
3436,133,171,236
3442,128,144,222
3440,130,141,224
3435,128,147,220
3447,122,150,184
3438,102,147,191
3472,126,146,224
3473,125,140,214
3459,107,155,231
3458,147,140,266
3458,194,150,267
3459,124,145,220
3454,128,158,266
3461,124,144,277
3460,108,160,256
3574,119,162,257
3444,124,178,252
3451,110,156,294
3447,123,159,337
3415,131,160,256
3402,127,158,334
3434,150,156,348
3438,128,169,350
3441,125,167,362
3435,144,159,358
3449,108,165,377
3455,128,161,356
3455,91,165,356
3455,121,151,346
3442,131,146,338
3446,124,165,337
3369,128,166,333
3450,108,162,328
3449,125,148,324
3451,139,160,243
3474,122,164,361
3437,129,183,335
3437,122,166,360
3439,124,184,353
3444,123,192,342
3437,120,194,350
3450,98,187,333
3444,119,179,344
3453,123,174,326
3454,121,190,338
3451,118,182,332
3547,122,184,299
3470,111,261,333
3455,111,172,313
3447,119,182,304
3466,143,179,298
3455,212,180,303
3441,121,177,337
3425,126,169,326
3436,130,186,345
3438,136,168,331
3444,128,185,332
3420,137,187,308
3449,160,170,330
3449,147,192,327
3469,130,181,320
3452,136,196,366
3468,137,186,349
3563,136,181,334
3458,154,182,350
3474,126,164,344
3455,125,185,252
3461,140,181,342
3444,136,177,341
3461,132,143,341
3428,245,175,343
3441,146,191,344
3353,150,175,330
3442,138,177,328
3442,136,172,350
3441,140,170,293
3445,108,170,261
3428,133,171,300
3455,130,188,294
3455,142,159,310
3455,130,183,290
3450,133,165,297
3442,160,168,297
3478,124,183,289
3458,134,206,288
3444,125,166,282
3414,129,172,275
3460,123,163,276
3441,126,66,300
3451,132,154,307
3425,113,172,285
3448,128,164,296
3443,141,169,286
3451,128,145,290
3451,135,161,292
3440,125,327,297
3457,128,149,296
3453,125,141,286
3445,129,168,294
3446,126,145,286
3427,121,146,286
3438,128,160,290
3448,120,158,274
3452,124,139,290
3471,116,158,372
3456,149,139,332
3429,150,156,358
3438,130,164,371
3468,132,136,378
3453,144,150,382
3442,125,158,385
3447,128,139,382
3428,122,0,380
3436,142,149,373
3440,118,148,370
3447,118,248,388
3440,125,147,385
3431,124,168,363
3461,128,143,375
3465,115,172,374
3455,124,180,399
3443,121,171,373
3546,109,168,370
3458,125,173,377
3451,134,152,437
3445,123,163,408
3448,97,163,447
3440,125,164,378
3445,122,157,386
3455,119,165,412
3456,111,184,368
3455,119,155,365
3457,137,157,455
3454,110,178,373
3458,124,166,396
3361,122,166,413
3468,124,253,399
3451,121,148,418
3451,121,142,381
3443,122,164,378
3452,121,150,404
3444,125,178,405
3438,124,166,408
3456,131,172,416
3442,128,163,405
3459,150,171,428
3429,108,170,402
3473,177,149,410
3457,132,165,398
3446,114,164,429
3441,138,158,440
3449,139,158,430
3470,140,138,422
3458,141,158,412
3460,137,162,427
3379,137,164,402
3450,139,157,406
3448,266,172,409
3441,137,161,388
3444,139,153,396
3438,146,160,374
3443,138,156,391
3457,126,161,396
3441,151,150,392
3442,137,144,390
3442,149,162,356
3426,143,163,288
3450,133,149,363
3451,134,160,363
3447,135,158,360
3450,134,161,334
3469,134,288,351
3441,134,150,335
3444,134,182,333
3462,111,164,401
3437,141,188,327
3459,136,276,328
3455,136,162,304
3459,121,168,314
3471,133,164,321
3438,124,160,315
3468,150,130,301
3439,138,160,248
3447,143,149,296
3451,125,151,300
3443,110,187,290
3450,118,158,293
3439,142,160,289
3437,143,152,286
3434,130,157,279
3448,129,171,279
3442,140,146,293
3449,53,186,286
3432,121,186,280
3437,129,242,285
3517,129,174,278
3459,121,178,269
3443,131,182,262
3441,128,192,257
3453,136,179,252
3477,114,178,247
3459,129,192,240
3455,106,204,284
3449,124,175,280
3422,133,190,288
3453,126,171,283
3451,119,177,242
3444,93,185,277
3456,128,165,276
3441,116,177,262
3436,122,172,275
3438,142,146,284
3433,140,159,274
3441,138,176,269
3457,133,175,266
3450,127,156,260
3510,143,169,358
3477,120,166,258
3461,125,146,264
3461,115,185,247
3480,134,171,265
3424,131,177,243
3435,125,174,243
3435,142,137,238
3445,116,187,236
3453,118,195,253
3444,126,170,232
3439,124,171,241
3452,140,156,268
3440,115,188,280
3458,177,160,290
3453,233,169,276
3447,125,153,273
3453,105,210,268
3443,95,168,265
3466,128,168,258
3454,117,166,259
3466,121,187,257
3440,122,168,256
3447,125,154,248
3457,141,265,253
3444,132,152,248
3462,118,162,115
3440,133,174,270
3445,131,165,246
3450,126,162,265
3458,133,164,284
3470,132,156,286
3447,131,160,279
3460,114,195,275
3450,128,160,268
3441,131,160,284
3456,141,152,274
3440,134,159,266
3451,133,171,278
3459,133,158,276
3465,133,176,258
3489,130,161,268
3451,132,155,262
3464,121,153,259
3435,130,157,247
3445,104,84,246
3447,133,150,254
3444,129,174,246
3461,130,155,278
3432,140,180,252
3434,120,166,249
3439,153,164,247
3435,153,154,244
3443,129,149,249
3442,105,156,239
3451,118,160,233
3462,105,160,256
3464,117,170,270
3453,128,179,270
3450,125,160,266
3439,129,157,273
3440,129,165,278
3429,126,165,279
3451,121,166,273
3470,107,171,273
3466,128,166,315
3450,107,176,322
3439,127,271,342
3440,130,151,328
3473,128,151,341
3442,123,160,336
3431,117,161,368
3443,123,201,372
3431,123,171,378
3459,124,152,375
3456,136,143,392
3411,100,160,283
3445,132,158,387
3440,137,163,407
3427,121,165,391
3439,123,162,397
3428,126,161,387
3452,86,161,374
3433,122,158,360
3450,124,153,361
3426,128,161,365
3452,122,142,366
3462,129,130,347
3459,131,170,348
3457,128,161,354
3456,128,156,327
3456,129,175,325
3455,140,160,312
3429,143,161,402
3484,128,140,305
3451,132,164,289
3450,111,160,295
3437,96,157,300
3443,136,185,289
3439,136,174,287
3427,144,159,317
3458,157,163,338
3448,147,161,424
3419,218,166,341
3440,155,142,330
3449,155,166,319
3447,149,165,357
3460,153,165,355
3457,137,185,360
3455,152,158,352
3447,162,166,351
3451,151,160,356
3441,148,189,337
3466,145,170,333
3456,122,157,399
3442,148,182,332
3442,150,156,330
3439,156,156,345
3457,138,249,411
3441,153,164,402
3443,144,168,404
3459,154,164,411
3466,124,157,348
3457,148,160,423
3459,150,144,410
3452,121,162,411
3448,141,160,410
3445,142,163,394
3461,153,164,499
3451,148,166,388
3450,130,175,373
3452,142,141,371
3438,144,162,356
3411,139,172,369
3441,156,166,343
3571,118,160,363
3410,139,160,352
3441,135,161,308
3443,141,136,338
3443,144,160,316
3437,122,157,477
3427,163,163,333
3445,154,176,308
3455,3,162,320
3442,145,184,320
3451,141,172,321
3427,137,160,301
3435,118,158,285
3441,141,158,309
3429,132,169,288
3420,134,158,304
3442,142,150,297
3458,105,156,292
3443,149,157,294
3437,222,164,276
3433,135,155,295
3420,140,149,292
3441,58,157,286
3434,128,215,269
3435,137,132,293
3440,145,166,311
3389,135,166,326
3436,117,162,353
3450,131,182,342
3454,144,146,344
3451,130,150,343
3444,119,166,318
3477,125,161,363
3449,115,180,339
3450,109,155,416
3443,140,161,335
3449,142,156,332
3442,158,162,343
3441,164,155,320
3447,154,157,334
3445,160,160,231
3446,101,144,338
3441,165,159,318
3465,137,178,309
3464,150,150,390
3443,151,99,343
3466,163,157,342
3449,176,159,274
3454,164,158,340
3447,156,163,348
3354,168,139,347
3400,155,160,348
3446,152,156,381
3433,160,158,419
3440,153,179,412
3437,168,138,430
3439,153,162,425
3441,151,137,440
3441,151,160,435
3435,151,118,431
3435,137,157,429
3448,149,149,429
3432,155,137,434
3447,151,153,417
3451,148,160,408
3441,145,184,397
3461,147,156,398
3456,154,165,401
3438,155,170,402
3448,183,164,384
3431,153,164,388
3450,161,164,414
3437,157,164,397
3444,156,167,402
3444,158,152,402
3451,131,184,393
3438,159,122,384
3444,156,173,365
3449,157,162,382
3480,153,156,379
3452,155,157,370
3447,146,132,364
3440,149,154,336
3440,156,158,361
3453,152,157,342
3444,151,171,359
3436,128,154,498
3440,152,172,344
3437,168,137,350
3438,154,153,342
3447,153,154,333
3455,144,158,348
3438,145,165,288
3441,155,151,341
3427,157,160,334
3448,137,154,357
3436,155,161,337
3456,150,157,354
3473,124,154,350
3420,148,157,326
3450,152,158,345
3454,152,121,346
3443,155,139,333
3443,150,155,345
3440,144,150,326
3434,129,191,328
3443,148,158,312
3440,155,153,409
3440,150,166,324
3446,166,150,317
3447,160,134,310
3451,148,152,281
3449,148,149,303
3464,155,157,295
3448,145,81,294
3458,143,156,294
3478,163,162,317
3468,140,155,295
3451,149,148,293
3351,144,153,294
3438,134,167,268
3444,131,158,285
3444,143,152,276
3436,142,163,279
3428,162,97,270
3443,178,144,265
3400,171,152,262
3449,276,152,256
3441,237,148,252
3476,168,142,246
3447,173,145,244
3448,167,149,263
3461,160,228,316
3457,120,144,329
3481,172,130,300
3450,184,141,314
3436,177,146,279
3451,160,148,342
3443,150,154,314
3441,171,149,306
3435,163,132,307
3446,165,153,307
3444,180,147,300
3441,152,148,324
3443,179,135,306
3435,176,152,305
3438,164,161,328
3441,176,138,322
3457,129,164,308
3459,156,147,306
3459,155,165,301
3448,157,165,304
3440,180,161,303
3450,158,145,304
3460,155,178,317
3425,146,147,293
3450,152,177,289
3443,180,166,286
3464,151,253,292
3443,163,146,297
3439,152,191,283
3436,144,181,279
3431,173,166,280
3429,152,166,283
3442,153,168,275
3449,147,157,266
3448,160,171,266
3483,146,164,264
3430,155,151,245
3444,157,162,264
3449,149,142,266
3458,134,155,268
3454,155,166,268
3439,151,196,257
3439,149,166,267
3438,152,154,270
3433,221,166,264
3465,153,172,261
3460,150,172,267
3384,151,178,256
3447,148,175,260
3426,149,175,264
3435,148,174,251
3471,125,181,248
3455,124,173,250
3463,137,169,315
3446,150,175,277
3449,147,188,262
3451,184,176,265
3437,137,171,256
3444,144,176,256
3463,148,177,252
3442,143,165,252
3577,145,171,266
3419,143,168,248
3449,150,169,254
3416,144,171,252
3413,144,186,249
3438,145,158,246
3438,146,171,236
3461,126,174,251
3451,143,144,247
3438,134,172,217
3448,144,159,231
3447,145,197,232
3429,143,297,228
3449,12,168,218
3450,154,163,223
3444,164,167,246
3437,149,167,247
3443,136,184,286
3432,138,169,304
3446,144,178,304
3409,156,180,312
3439,146,176,303
3431,124,196,327
3445,142,207,317
3451,146,187,309
3449,148,187,327
3445,143,193,304
3449,162,197,298
3448,142,203,307
3457,136,205,300
3451,140,196,297
3449,141,191,306
3447,147,188,269
3429,142,194,267
3438,143,184,281
3441,136,191,259
3449,139,191,304
3435,153,188,254
3440,117,194,276
3431,133,185,277
3444,148,196,267
3466,133,184,260
3457,157,183,261
3451,128,181,273
3455,145,176,185
3456,142,181,258
3459,135,179,252
3444,124,184,257
3443,139,200,254
3444,144,130,242
3443,145,176,249
3451,141,161,253
3411,139,180,233
3443,123,173,239
3447,158,175,222
3442,129,180,215
3445,156,175,169
3457,110,184,217
3442,140,153,240
3442,131,257,237
3443,137,136,214
3384,155,158,215
3449,142,168,250
3427,136,171,230
3445,150,159,246
3447,114,181,246
3331,112,162,125
3439,136,167,244
3453,133,136,256
3439,132,170,244
3440,134,158,256
3490,119,170,249
3439,133,199,275
3422,119,199,240
3439,134,186,235
3446,138,183,251
3431,136,184,234
3435,120,195,233
3452,128,170,229
3443,138,185,242
3471,130,176,269
3454,116,190,251
3448,128,193,264
3446,134,176,253
3424,133,177,336
3443,114,203,242
3451,130,174,262
3449,104,171,370
3543,144,175,337
3448,132,146,236
3446,213,173,234
3435,124,218,232
3422,136,168,231
3429,204,169,226
3499,119,185,225
3445,129,191,227
3461,129,171,226
3469,128,283,235
3439,128,167,245
3445,144,161,233
3450,127,182,235
3451,144,164,229
3459,121,149,227
3443,131,164,225
3458,112,174,224
3440,125,157,223
3416,126,166,262
3441,114,173,236
3441,129,168,276
3440,138,227,256
3436,130,180,261
3467,138,158,264
3356,129,179,273
3467,115,175,216
3459,108,158,298
3436,118,194,293
3454,136,184,289
3476,126,178,298
3445,181,187,286
3451,124,179,281
3455,138,155,274
3451,124,179,274
3449,143,166,271
3449,120,173,270
3412,129,178,283
3442,134,183,268
3434,135,180,284
3430,137,162,295
3441,113,184,280
3445,130,176,274
3419,130,178,274
3451,132,181,271
3456,130,178,334
3455,130,187,338
3438,130,179,351
3429,135,178,352
3446,129,149,346
3432,160,164,349
3442,108,173,340
3444,132,175,333
3456,130,172,329
3439,123,146,329
3440,131,186,336
3445,119,170,349
3425,130,189,342
3442,120,173,322
3441,128,168,320
3449,118,170,312
3470,133,161,361
3447,126,168,306
3443,125,175,353
3452,123,181,352
3450,114,166,345
3454,130,166,350
3449,126,164,344
3461,126,160,343
3450,114,162,393
3445,119,173,336
3446,125,150,343
3444,126,179,320
3438,111,163,336
3477,128,140,317
3445,124,183,322
3461,147,153,306
3445,124,283,293
3485,119,146,298
3460,208,160,294
3455,95,164,285
3458,124,158,279
3433,128,160,280
3451,77,139,294
3451,124,158,268
3449,110,164,266
3454,125,155,266
3445,124,146,260
3440,126,152,266
3432,149,153,264
3455,137,140,272
3456,146,149,260
3453,166,144,260
3445,129,168,254
3441,142,164,247
3457,134,148,283
3439,140,151,244
3439,144,152,232
3457,130,149,237
3465,133,151,249
3452,146,149,220
3452,136,150,224
3453,136,148,228
3458,134,150,223
3452,138,153,221
3436,135,146,222
3418,141,149,224
3446,116,152,218
3458,140,272,220
3437,134,161,220
3439,133,159,226
3468,130,166,240
3455,139,159,212
3444,157,164,216
3450,130,161,205
3461,148,149,233
3453,122,157,205
3449,254,156,211
3450,145,139,206
3461,113,170,210
3446,133,159,218
3470,115,162,201
3451,146,149,203
3430,86,151,202
3444,122,169,211
3441,131,168,227
3445,128,123,229
3436,126,175,234
3443,128,185,225
3469,134,160,222
3430,128,187,225
3449,110,175,221
3458,142,176,224
3433,122,185,218
3455,128,158,225
3452,134,174,218
3432,124,171,214
3451,128,164,214
3447,141,154,226
3458,126,175,208
3445,106,172,343
3445,128,175,222
3459,128,161,210
3448,110,168,251
3448,129,176,218
3416,186,175,214
3438,250,178,207
3435,107,176,202
3515,128,181,209
3452,241,174,206
3473,123,186,256
3452,135,184,186
3452,140,189,208
3467,147,200,213
3450,126,201,216
3449,125,204,211
3452,124,214,218
3443,145,146,205
3442,126,184,205
3432,138,187,213
3446,106,198,243
3441,125,186,252
3437,130,196,250
3445,125,200,259
3442,129,190,252
3435,123,186,246
3462,128,193,246
3458,88,193,240
3455,120,181,262
3333,128,192,225
3445,124,193,234
3453,125,189,235
3420,122,188,236
3454,122,167,230
3290,126,184,201
3441,115,192,213
3443,128,164,216
3435,126,212,216
3464,119,186,214
3459,112,189,208
3455,116,183,209
3447,142,181,211
3450,124,186,203
3447,125,179,204
3438,118,174,195
3449,108,166,216
3470,110,174,293
3456,125,177,200
3428,123,175,210
3444,125,175,201
3440,96,173,219
3457,126,171,220
3441,128,191,223
3438,141,176,146
3441,116,198,221
3447,128,178,233
3444,130,184,229
3435,124,196,231
3445,128,172,229
3443,128,193,242
3449,125,198,240
3444,129,217,217
3447,117,194,224
3452,114,208,239
3452,122,227,242
3451,131,219,224
3432,112,216,222
3456,125,203,222
3449,126,218,214
3448,105,224,214
3442,132,200,211
3431,123,210,213
3438,130,213,247
3441,124,209,265
3414,128,214,246
3439,201,192,247
3455,125,218,245
3455,132,200,244
3456,126,219,240
3447,112,211,237
3457,123,196,224
3445,118,208,234
3452,122,180,227
3471,121,202,234
3447,126,210,224
3447,126,197,214
3488,125,207,205
3443,125,189,221
3445,151,167,214
3443,130,203,220
3442,142,197,251
3386,124,197,264
3447,152,208,257
3441,26,215,269
3471,10,202,264
3435,115,203,272
3457,134,205,257
3444,151,197,264
3425,135,185,253
3458,124,168,268
3451,131,169,247
3455,123,196,245
3448,136,191,136
3451,118,194,243
3434,128,40,234
3432,152,187,221
3509,111,187,235
3473,112,199,260
3449,110,188,240
3454,146,180,228
3445,123,204,225
3446,112,185,281
3461,124,315,229
3461,115,182,325
3456,110,184,235
3582,121,182,222
3470,119,146,239
3475,120,181,222
3548,94,177,227
3449,126,184,225
3446,120,197,259
3445,182,199,222
3460,92,199,220
3452,122,176,214
3426,124,176,259
3453,112,182,264
3451,139,169,280
3434,124,199,275
3439,117,172,418
3442,249,173,282
3457,124,171,282
3437,142,173,286
3450,113,170,281
3481,121,170,277
3482,122,168,256
3444,100,169,397
3449,133,165,164
3457,118,181,274
3453,244,168,271
3440,121,168,260
3469,81,168,267
3533,123,167,312
3430,121,166,331
3445,121,263,331
3443,113,184,335
3472,122,172,358
3454,122,171,346
3443,104,180,352
3451,130,175,352
3443,117,170,328
3433,117,171,339
3415,120,171,342
3454,118,170,373
3450,119,170,375
3351,116,179,425
3454,128,171,364
3439,119,167,354
3423,138,169,360
3438,121,169,355
3447,0,167,356
3441,98,173,335
3439,115,162,349
3464,120,165,351
3444,118,172,322
3452,219,164,339
3445,122,177,328
3467,120,166,323
3452,128,192,323
3456,119,138,313
3453,113,172,314
3454,144,160,296
3443,119,163,295
3403,118,160,309
3441,129,47,295
3427,115,161,300
3442,128,164,294
3475,120,169,299
3453,119,166,304
3434,117,168,298
3476,120,164,320
3438,120,157,291
3452,117,164,301
3446,118,140,286
3449,118,160,293
3447,118,158,302
3446,128,138,288
3454,117,164,324
3439,124,164,322
3527,120,159,322
3467,133,162,306
3445,0,169,320
3441,128,173,305
3456,111,173,301
3453,112,176,307
3448,122,167,293
3451,112,173,308
3471,114,149,307
3459,114,138,295
3446,106,177,294
3452,117,157,362
3465,119,167,288
3449,117,182,280
3457,146,152,284
3459,89,166,298
3476,114,126,285
3452,111,177,272
3456,117,156,288
3440,117,178,266
3433,126,157,265
3443,119,160,265
3447,119,157,262
3437,137,140,253
3438,130,156,250
3448,119,141,259
3460,119,28,249
3445,118,166,242
3458,120,165,233
3444,105,160,239
3471,129,144,237
3441,120,153,234
3441,104,158,238
3439,119,162,240
3447,122,184,235
3425,117,156,229
3435,119,150,217
3446,103,155,247
3456,119,141,218
3453,103,167,212
3463,175,136,220
3441,111,155,209
3418,120,159,207
3441,119,154,215
3446,118,154,224
3461,90,157,215
3417,104,175,200
3439,120,177,202
3422,122,169,213
3445,110,170,118
3482,119,139,211
3451,119,159,210
3452,283,158,201
3449,110,152,201
3434,130,154,179
3443,123,157,198
3430,120,146,192
3496,138,159,297
3446,117,157,201
3424,121,151,199
3430,127,150,200
3445,109,157,199
3453,111,159,201
3324,116,153,182
3427,105,157,188
3450,119,158,177
3438,119,156,185
3454,132,148,182
3436,103,104,187
3441,97,146,217
3439,118,276,208
3449,111,145,234
3443,119,136,220
3453,0,155,227
3445,113,152,239
3439,114,158,216
3415,116,222,232
3435,128,156,246
3443,119,112,232
3387,121,157,231
3440,120,156,224
3445,122,154,226
3452,146,140,224
3446,125,151,231
3442,119,154,230
3471,126,135,223
3454,101,151,215
3437,114,149,213
3445,121,142,198
3437,120,161,222
3443,119,168,200
3447,114,153,218
3430,133,93,199
3450,118,150,204
3456,135,123,222
3443,118,158,263
3443,124,77,274
3328,121,149,277
3440,119,142,260
3444,133,130,272
3425,120,198,272
3460,22,139,273
3455,117,148,274
3468,109,135,298
3458,108,147,286
3449,116,157,292
3533,119,145,237
3452,124,146,284
3453,118,146,292
3441,122,147,288
3437,128,140,281
3450,138,151,280
3442,129,148,280
3449,108,145,284
3436,225,148,276
3441,122,147,269
3443,146,146,269
3436,117,151,271
3478,132,128,267
3419,119,160,270
3455,124,79,274
3451,122,147,290
3449,126,149,344
3468,123,143,347
3450,128,150,348
3458,121,152,352
3439,133,157,343
3438,122,180,381
3435,129,176,362
3434,132,189,359
3435,115,176,378
3432,137,300,363
3464,109,202,356
3435,126,177,349
3427,126,208,359
3443,78,188,346
3449,125,203,326
3450,114,191,355
3451,121,200,425
3441,120,196,485
3449,126,205,528
3444,128,236,531
3461,123,213,574
3426,127,221,579
3440,121,216,610
3444,129,208,678
3430,126,211,751
3484,126,205,793
3433,128,197,830
3424,118,205,807
3417,125,204,819
3436,125,180,825
3433,122,173,886
3459,122,192,899
3428,124,197,938
3443,111,196,901
3458,122,195,979
3443,122,190,1019
3456,121,178,1054
3437,115,174,1062
3432,123,190,1068
3412,118,213,1092
3440,121,177,1108
3446,98,211,1132
3449,114,234,1205
3446,126,180,1221
3417,126,183,1227
3437,128,191,1239
3429,134,194,1235
3441,121,188,1267
3435,125,332,1285
3433,118,185,1312
3425,137,176,1300
3437,124,199,1317
3434,224,162,1308
3429,111,207,1302
3438,33,193,1318
3434,131,178,1341
3427,128,191,1344
3429,126,79,1362
3412,118,179,1375
3424,135,186,1394
3398,119,182,1398
3418,128,193,1466
3422,116,186,1452
3421,130,197,1441
3452,137,181,1459
3423,135,192,1424
3431,133,203,1452
3438,133,187,1467
3430,143,181,1478
3445,132,157,1477
3432,133,186,1457
3440,115,184,1540
3420,131,262,1454
3452,126,183,1580
3427,146,167,1475
3421,136,183,1460
3428,144,171,1456
3426,128,197,1447
3447,121,190,1467
3422,131,181,1458
3402,145,168,1440
3455,134,182,1439
3417,198,182,1418
3439,131,180,1406
3427,128,186,1397
3410,127,206,1362
3420,116,207,1372
3430,130,171,1352
3570,132,186,1340
3422,129,184,1274
3450,104,187,1261
3424,147,163,1239
3429,123,183,1211
3489,130,188,1191
3428,133,177,1152
3426,121,185,1162
3422,131,183,1155
3426,132,190,1130
3444,128,34,1111
3432,129,203,1086
3427,69,190,1080
3429,128,169,1055
3434,126,185,1028
3421,126,174,997
3434,125,169,975
3461,117,171,975
3425,135,175,954
3423,114,176,919
3444,125,172,924
3415,126,186,896
3431,71,172,880
3424,138,167,867
3303,107,168,808
3425,125,178,834
3435,123,166,792
3452,120,28,800
3424,136,164,789
3430,120,166,772
3447,110,159,752
3451,116,165,727
3424,123,165,728
3415,118,165,706
3445,125,172,712
3427,128,172,674
3308,121,175,670
3432,132,166,648
3430,219,160,623
3422,129,173,631
3428,117,166,617
3426,128,98,607
3430,125,169,606
3421,124,174,588
3425,129,148,583
3412,127,180,576
3431,126,184,566
3430,131,118,535
3433,124,184,462
3431,125,185,541
3434,126,185,513
3419,126,186,500
3423,126,286,482
3417,143,192,487
3442,126,183,478
3405,131,187,472
3421,129,188,445
3444,112,190,460
3432,128,203,451
3427,132,180,431
3438,122,191,476
3427,136,193,457
3429,124,306,466
3438,126,188,463
3440,130,182,452
3519,126,182,426
3439,125,184,426
3441,128,183,416
3472,125,183,416
3436,124,180,396
3438,125,188,401
3436,122,205,402
3421,119,111,398
3433,129,192,392
3445,118,210,367
3443,123,190,377
3437,101,182,495
3428,121,205,356
3435,122,184,369
3430,121,165,350
3443,118,190,343
3433,131,184,334
3443,113,187,332
3434,118,192,311
3439,143,181,321
3427,132,180,312
3435,122,260,328
3434,121,188,345
3445,126,212,339
3437,123,176,330
3459,114,169,353
3439,130,174,396
3428,116,189,328
3434,120,171,304
3431,106,181,311
3432,124,178,308
3434,124,170,280
3433,116,177,300
3297,121,178,299
3440,124,183,296
3437,118,154,282
3544,123,180,275
3433,118,190,297
3443,122,179,271
3445,110,183,187
3436,122,176,266
3430,121,173,245
3430,113,177,240
3448,121,34,260
3432,120,178,268
3438,115,172,240
3439,119,173,258
3448,121,139,263
3431,122,181,249
3427,120,184,273
3479,106,180,262
3429,119,175,233
3441,120,180,261
3437,119,192,242
3441,119,176,236
3445,121,180,239
3455,120,154,265
3449,93,205,263
3447,115,177,261
3447,121,178,259
3427,130,177,249
3434,86,191,251
3445,122,176,252
3426,129,181,257
3426,122,191,254
3405,133,189,256
3433,129,194,263
3432,146,173,233
3401,116,183,285
3454,130,181,241
3407,123,180,254
3439,93,173,244
3439,118,170,240
3447,107,180,237
3451,120,179,242
3443,116,177,233
3447,116,185,227
3449,117,166,220
3443,92,