3469,103,130,128
3469,102,130,130
3472,104,130,126
3479,111,132,126
3475,107,128,123
3477,110,128,124
3475,108,131,122
3478,109,130,121
3477,110,131,121
3478,106,129,117
3468,110,131,119
3470,110,130,115
3467,109,133,124
3462,110,131,121
3462,110,129,123
3469,108,133,117
3470,110,133,120
3468,110,129,119
3471,109,132,118
3471,110,133,118
3476,107,129,114
3475,110,132,119
3475,110,130,114
3476,111,132,117
3474,112,131,114
3476,111,133,114
3468,110,132,114
3471,112,130,110
3467,109,132,113
3470,110,131,109
3464,112,133,112
3464,113,132,110
3467,108,133,110
3462,113,132,108
3473,111,130,106
3469,109,130,108
3471,110,128,106
3470,112,133,108
3469,109,130,147
3475,111,133,170
3475,110,130,175
3472,107,130,214
3467,112,128,220
3477,109,130,226
3470,110,132,253
3477,112,131,301
3472,104,130,306
3469,109,129,350
3463,112,132,390
3464,109,129,410
3470,110,133,432
3466,110,133,476
3472,112,137,481
3465,110,136,498
3470,110,136,531
3472,109,135,542
3474,108,134,555
3473,110,136,585
3471,110,136,603
3478,112,137,615
3474,111,134,662
3475,110,136,675
3465,109,135,677
3475,112,134,694
3468,112,136,702
3466,110,135,713
3466,113,137,746
3463,111,130,759
3462,112,136,760
3464,111,135,776
3468,111,135,797
3461,111,136,797
3469,108,135,822
3469,111,135,834
3473,111,137,852
3470,111,135,864
3473,109,133,905
3472,112,137,916
3473,111,133,926
3474,112,133,956
3466,110,134,982
3468,110,133,981
3463,112,134,1003
3467,110,134,1033
3466,112,136,1029
3466,110,135,1045
3467,111,135,1057
3469,109,133,1053
3472,111,136,1060
3470,109,133,1088
3472,110,133,1090
3472,109,133,1111
3471,109,132,1137
3470,111,133,1130
3470,111,132,1134
3470,112,134,1158
3465,107,137,1148
3467,112,134,1144
3465,110,128,1161
3469,109,133,1164
3464,110,133,1163
3466,111,132,13303,123,182,202
3320,150,184,205
3373,149,181,212
3317,138,168,202
3300,136,195,190
3302,150,168,197
3302,147,185,192
3289,136,174,200
3318,138,198,194
3311,148,176,195
3313,135,185,191
3333,129,181,197
3308,146,160,183
3307,142,176,186
3333,159,169,252
3315,146,170,205
3276,144,160,181
3299,206,168,182
3305,138,151,185
3417,142,166,202
3306,128,167,184
3310,145,144,178
3374,138,165,186
3289,156,164,183
3319,140,263,196
3300,141,172,198
3281,150,175,202
3295,147,176,198
3298,158,175,202
3293,161,177,185
3325,157,181,188
3304,149,156,188
3323,166,179,203
3302,239,184,199
3306,156,173,204
3301,177,161,207
3460,158,181,174
3301,149,179,192
3305,149,181,154
3308,158,172,180
3304,156,177,198
3298,145,176,210
3311,147,269,227
3313,152,172,212
3259,150,176,208
3322,151,180,205
3309,150,160,204
3302,135,189,208
3332,123,172,203
3304,159,162,192
3312,154,176,186
3302,157,196,203
3310,154,184,177
3308,154,158,194
3304,149,169,193
3290,150,171,198
3292,176,168,194
3308,150,178,186
3294,161,174,189
3298,150,163,193
3288,149,222,199
3298,148,154,189
3305,159,171,190
3294,148,135,170
3319,146,167,189
3304,143,159,169
3315,145,165,182
3293,196,182,169
3299,144,173,178
3303,143,173,178
3309,144,77,180
3325,144,43,168
3295,141,169,171
3306,139,176,172
3304,140,160,172
3299,133,166,186
3299,131,164,174
3300,133,168,174
3259,123,181,126
3284,140,170,172
3314,141,166,184
3310,129,160,176
3329,136,170,181
3300,140,175,184
3319,163,165,191
3326,122,172,186
3303,148,153,202
3320,135,182,226
3304,140,180,208
3297,125,177,217
3294,140,194,216
3295,154,178,213
3293,147,179,228
3309,132,175,229
3315,136,178,242
3300,135,172,239
3310,128,171,233
3304,134,178,249
3306,135,149,251
3296,136,171,239
3353,136,171,231
3297,134,193,237
3307,122,169,230
3321,125,177,232
3299,141,172,235
3302,128,174,238
3300,147,165,282
3311,208,171,229
3278,148,180,232
3306,155,176,238
3308,160,160,245
3303,148,189,237
3314,146,180,230
3298,139,173,247
3305,139,192,211
3304,143,185,241
3301,158,161,229
3306,137,164,239
3305,144,206,220
3314,144,194,217
3317,142,188,219
3335,144,176,218
3310,135,184,214
3305,153,150,225
3294,137,171,210
3302,149,200,203
3319,147,156,213
3301,137,173,171
3286,140,173,214
3299,146,172,209
3304,140,167,208
3294,145,162,215
3315,145,171,202
3299,146,194,202
3299,142,169,197
3306,139,166,197
3311,146,194,190
3298,140,171,200
3304,84,175,194
3281,134,136,189
3312,139,176,190
3308,141,178,186
3288,157,176,186
3303,141,176,183
3278,137,193,172
3302,141,175,175
3295,49,175,188
3282,122,181,168
3289,139,126,174
3306,154,171,185
3282,137,170,183
3299,133,169,204
3204,137,171,175
3316,133,267,188
3301,137,172,173
3312,132,177,219
3308,129,192,197
3297,133,176,225
3300,141,174,219
3300,134,176,229
3325,126,188,232
3294,133,184,212
3249,136,179,233
3294,142,177,219
3290,148,177,228
3313,142,184,224
3301,152,175,203
3298,140,168,204
3302,142,188,220
3302,144,171,227
3300,149,172,222
3226,145,170,238
3152,147,172,198
3303,138,170,214
3306,157,170,218
3301,136,171,221
3285,141,216,219
3277,149,180,201
3287,142,181,207
3288,169,197,212
3294,122,194,273
3294,144,211,209
3303,140,190,191
3304,139,219,219
3295,153,194,225
3284,133,200,220
3294,149,199,256
3291,161,174,227
3308,148,208,214
3303,145,197,212
3295,152,202,210
3301,151,208,210
3299,152,204,206
3290,145,204,215
3300,210,210,207
3296,290,204,208
3307,124,209,202
3277,154,201,193
3286,159,198,195
3266,151,196,200
3286,150,202,202
3293,145,183,190
3289,152,188,214
3275,149,191,229
3306,147,192,205
3279,143,184,187
3415,147,187,180
3292,169,187,196
3299,156,177,205
3297,119,193,192
3315,142,188,188
3296,134,190,189
3322,86,191,187
3278,130,197,189
3298,140,184,181
3298,146,195,172
3302,145,188,186
3303,156,184,189
3286,156,173,179
3277,182,185,189
3285,142,256,174
3298,141,180,180
3303,131,164,180
3286,140,237,190
3289,147,180,197
3294,150,185,220
3282,154,132,197
3301,140,168,232
3297,160,164,198
3291,157,174,210
3296,148,175,211
3289,148,174,215
3280,225,176,210
3296,157,180,202
3310,151,94,202
3314,148,150,203
3280,143,181,186
3298,150,168,195
3290,160,168,187
3297,147,164,188
3294,155,164,193
3304,146,158,186
3296,147,166,213
3292,116,178,209
3308,141,162,212
3294,145,163,198
3296,136,142,209
3295,143,136,210
3305,143,216,217
3291,148,165,119
3290,148,176,221
3291,149,182,218
3300,151,201,221
3303,151,172,213
3312,151,177,214
3305,134,184,182
3214,168,177,215
3295,139,195,229
3326,149,320,217
3308,147,188,213
3309,256,218,209
3305,154,210,207
3349,144,214,263
3298,161,187,212
3302,144,203,206
3285,146,207,203
3296,144,220,180
3292,135,206,201
3295,141,316,200
3302,155,193,202
3297,166,203,202
3298,137,224,181
3308,139,180,195
3299,145,192,180
3285,147,197,189
3281,138,39,183
3314,96,197,186
3309,137,192,162
3318,142,194,182
3293,149,193,180
3300,152,175,169
3322,146,182,186
3317,130,190,190
3290,154,188,173
3291,155,187,170
3301,100,187,168
3307,149,179,175
3297,144,182,172
3310,141,183,163
3291,146,213,164
3304,144,172,155
3329,132,180,163
3334,146,163,155
3303,145,253,160
3296,151,177,133
3314,138,176,153
3211,145,180,156
3295,144,176,150
3368,146,175,160
3291,137,174,133
3301,148,181,153
3291,161,177,139
3293,142,170,164
3297,167,177,150
3293,142,174,154
3291,144,159,153
3287,144,177,114
3300,150,162,156
3299,144,166,160
3312,165,162,156
3313,153,161,169
3309,135,172,176
3299,142,178,171
3302,133,166,198
3302,145,165,210
3285,168,160,221
3299,150,172,221
3297,142,169,225
3301,139,179,231
3298,141,176,205
3304,115,173,233
3294,140,159,230
3276,145,166,239
3301,149,170,243
3285,135,168,245
3287,150,171,232
3302,118,176,230
3306,144,169,224
3311,138,170,226
3324,126,169,217
3306,142,165,224
3311,217,142,221
3306,113,188,227
3307,138,167,227
3294,138,178,221
3292,143,166,226
3299,138,160,219
3300,135,167,223
3309,145,149,245
3299,146,165,220
3283,133,167,219
3310,134,167,227
3288,134,160,212
3290,132,134,225
3292,137,162,225
3284,151,114,214
3311,134,165,213
3294,147,153,218
3300,149,177,236
3304,142,170,243
3293,140,178,214
3329,148,183,224
3317,149,176,202
3301,164,183,167
3301,148,182,214
3304,147,150,228
3293,147,180,210
3295,147,173,215
3299,138,177,210
3203,152,181,214
3302,149,50,206
3291,152,169,206
3284,147,176,207
3286,135,176,210
3281,150,187,205
3209,135,178,206
3306,146,178,203
3321,129,179,195
3316,149,176,213
3299,139,175,211
3288,119,176,198
3282,173,164,208
3279,222,181,196
3290,156,172,176
3303,124,182,192
3282,148,171,197
3281,146,176,199
3303,150,172,205
3302,142,196,211
3316,139,245,202
3282,150,173,204
3304,144,174,173
3291,150,167,182
3295,145,163,169
3287,144,168,186
3297,156,146,196
3291,125,172,189
3282,150,189,191
3287,146,166,185
3292,145,152,183
3296,147,168,197
3240,137,194,156
3215,167,164,186
3297,157,192,192
3291,265,170,189
3314,154,169,197
3378,152,168,206
3313,132,169,208
3328,151,168,196
3305,154,165,206
3304,304,164,206
3325,148,242,206
3314,168,163,232
3319,158,166,208
3302,161,172,197
3287,179,165,189
3298,160,157,211
3294,290,177,196
3294,185,160,181
3292,167,158,197
3306,179,169,197
3293,154,166,195
3297,145,196,194
3294,160,164,171
3307,128,163,192
3304,168,154,217
3305,122,162,189
3308,151,167,189
3294,150,168,180
3305,150,173,182
3322,160,171,188
3303,149,172,186
3278,144,177,187
3300,149,172,194
3311,139,173,206
3301,138,173,184
3309,144,174,198
3297,150,164,193
3295,144,145,194
3293,145,173,183
3296,135,164,180
3291,133,165,171
3296,118,178,176
3283,144,168,165
3301,156,156,170
3318,144,173,193
3300,141,163,203
3295,141,171,212
3314,142,168,200
3305,132,167,208
3267,147,166,186
3296,161,160,215
3291,137,177,224
3286,151,181,210
3257,160,180,205
3292,161,174,197
3294,161,176,199
3295,153,259,207
3290,152,185,190
3292,159,182,206
3295,152,179,196
3269,159,180,195
3305,151,178,197
3314,207,175,198
3297,168,202,219
3317,152,203,210
3318,186,185,202
3315,175,178,203
3314,178,183,201
3307,175,172,183
3312,164,199,199
3311,184,188,185
3320,150,183,186
3303,168,186,188
3297,163,181,187
3289,161,192,193
3303,158,156,188
3296,160,156,194
3294,141,178,184
3295,152,180,175
3339,157,178,194
3315,183,172,188
3309,155,194,197
3306,157,183,188
3302,155,166,187
3295,153,179,176
3246,139,197,138
3290,244,181,180
3289,153,188,173
3301,151,184,192
3356,164,162,202
3302,154,147,169
3296,145,196,176
3309,151,181,165
3290,154,178,181
3311,174,176,172
3290,98,181,163
3314,157,190,156
3306,162,217,176
3311,159,183,174
3301,162,186,183
3296,94,183,186
3289,164,186,198
3291,150,144,201
3298,156,186,224
3297,245,196,194
3282,154,194,216
3296,141,203,226
3305,151,190,222
3304,125,197,231
3290,141,210,224
3296,144,216,204
3290,152,184,222
3323,140,269,244
3299,158,184,228
3283,162,176,236
3297,184,182,237
3296,176,184,227
3306,178,200,208
3303,178,174,218
3289,200,181,201
3299,177,177,300
3292,196,179,212
3310,185,176,224
3293,176,174,219
3284,182,196,223
3307,167,182,218
3290,185,157,230
3292,173,174,222
3296,187,174,212
3294,176,167,207
3297,173,148,216
3291,177,171,203
3308,149,188,203
3306,160,167,74
3376,173,176,274
3302,174,170,210
3302,172,168,200
3298,162,176,128
3289,171,166,201
3278,166,170,205
3289,162,183,208
3284,189,156,216
3285,166,205,224
3287,170,241,220
3284,161,210,246
3299,163,209,250
3310,165,221,246
3301,152,224,247
3304,163,224,249
3308,149,221,249
3307,161,217,248
3298,167,216,303
3302,154,222,242
3303,162,217,238
3301,161,222,238
3401,162,216,246
3311,152,186,240
3297,160,208,234
3287,161,195,217
3308,157,118,228
3291,138,214,234
3292,158,206,228
3292,155,206,204
3307,159,202,218
3314,148,203,220
3309,140,215,216
3296,141,215,222
3302,151,219,214
3306,156,206,218
3332,164,189,214
3315,157,202,216
3305,155,201,212
3293,166,198,214
3286,167,166,222
3287,169,187,239
3291,157,197,207
3298,168,184,217
3290,182,183,217
3280,143,195,207
3298,162,193,197
3298,154,194,196
3302,166,184,276
3300,159,191,196
3291,166,214,196
3303,158,201,191
3297,136,186,194
3300,154,189,196
3287,160,165,189
3287,173,175,202
3283,183,189,187
3277,183,182,176
3308,172,192,188
3298,180,180,176
3298,173,185,192
3313,184,177,197
3349,178,193,199
3290,168,181,223
3381,188,195,292
3297,175,204,200
3294,170,200,201
3292,174,188,208
3293,151,181,214
3307,169,176,192
3283,166,34,200
3288,138,194,204
3289,168,200,195
3260,165,197,200
3277,163,186,200
3305,146,207,196
3290,162,180,194
3303,162,179,201
3305,173,178,202
3289,161,178,198
3290,147,175,200
3279,166,175,199
3283,177,186,117
3274,141,186,197
3275,148,189,193
3291,149,187,191
3279,156,195,179
3302,160,190,204
3297,129,191,195
3306,151,192,190
3304,153,190,191
3301,154,183,180
3280,153,177,186
3286,156,164,166
3285,157,189,183
3285,138,189,163
3287,154,188,182
3276,128,185,180
3284,151,198,186
3286,98,188,177
3299,147,190,180
3281,144,164,179
3297,140,180,196
3260,157,195,204
3293,152,192,216
3291,146,180,236
3300,144,208,242
3301,144,215,244
3279,129,241,266
3298,146,199,285
3305,143,214,294
3288,143,230,299
3296,150,233,286
3293,141,238,292
3297,146,261,301
3324,149,232,308
3300,154,209,314
3309,149,246,309
3307,155,238,297
3298,158,229,293
3308,152,227,282
3293,151,105,282
3301,154,238,284
3291,177,238,288
3287,157,226,313
3263,158,238,299
3290,147,236,291
3295,152,227,302
3283,154,232,276
3308,146,226,284
3308,158,203,293
3293,152,215,285
3282,143,234,299
3288,151,236,282
3288,155,226,297
3287,151,219,264
3295,151,221,290
3297,126,204,285
3282,147,218,275
3308,161,216,274
3300,139,213,261
3299,152,219,230
3314,142,186,251
3308,121,212,252
3298,160,201,327
3309,138,206,243
3318,145,184,240
3290,143,204,239
3298,133,204,274
3306,134,201,236
3292,143,202,226
3303,136,186,220
3299,141,210,230
3300,139,197,211
3301,150,214,226
3292,144,214,256
3320,178,182,284
3277,175,150,224
3292,172,200,234
3295,180,194,242
3291,178,193,238
3297,174,194,247
3293,176,230,269
3309,180,194,280
3278,171,204,278
3308,160,202,311
3296,162,198,412
3283,157,202,258
3266,172,195,269
3287,167,194,262
3300,145,193,291
3301,163,182,264
3299,164,210,281
3301,146,190,276
3305,162,206,274
3332,164,209,304
3305,158,206,280
3296,152,181,268
3317,146,225,272
3298,174,215,277
3325,159,215,273
3291,153,217,269
3291,150,214,263
3285,156,202,265
3291,179,198,276
3288,153,253,268
3293,153,227,277
3288,164,216,260
3297,161,215,286
3297,146,222,275
3300,153,218,267
3312,145,300,278
3289,140,228,264
3336,144,210,348
3320,153,218,253
3307,154,200,253
3302,162,208,245
3301,157,213,246
3301,158,196,246
3309,150,142,238
3291,146,209,241
3306,157,251,254
3292,272,185,239
3298,165,193,248
3303,175,224,244
3298,176,210,242
3311,175,268,243
3307,181,210,251
3309,178,209,258
3287,167,213,272
3300,165,229,284
3313,167,212,269
3319,163,211,279
3280,169,212,269
3307,169,226,268
3311,164,217,265
3299,156,146,254
3327,150,213,264
3286,154,205,246
3347,162,213,262
3299,160,217,250
3300,167,200,246
3324,168,189,242
3301,152,247,244
3301,155,205,239
3283,172,205,237
3316,158,190,233
3316,158,199,223
3319,155,210,224
3320,208,203,235
3301,153,197,221
3297,156,206,225
3294,186,196,218
3309,144,193,219
3294,152,193,225
3295,154,189,227
3294,158,200,224
3291,156,198,206
3300,146,203,245
3393,150,194,178
3310,149,170,240
3306,140,188,244
3306,154,193,236
3302,161,192,231
3312,164,180,227
3316,151,198,240
3318,150,193,253
3299,160,190,244
3301,149,180,235
3305,131,203,238
3289,125,195,224
3345,154,184,229
3307,154,210,225
3302,156,182,239
3296,170,178,223
3280,152,184,229
3298,154,171,222
3307,147,150,213
3319,144,171,212
3297,155,187,213
3319,149,179,202
3317,170,176,200
3313,123,196,236
3315,152,178,236
3317,149,198,228
3310,129,190,233
3291,149,265,244
3302,142,178,334
3296,151,175,244
3295,153,176,232
3298,151,160,245
3286,150,175,249
3300,146,168,259
3308,147,176,252
3292,153,199,267
3305,143,146,253
3305,157,167,259
3305,159,169,256
3298,145,153,249
3292,140,168,254
3324,139,173,260
3333,147,157,262
3313,74,156,253
3308,145,186,265
3304,140,184,258
3313,146,187,262
3304,144,155,263
3345,145,186,268
3292,142,175,262
3297,141,192,277
3295,144,188,282
3294,142,164,269
3294,143,189,272
3322,128,265,285
3306,201,185,270
3220,153,185,270
3314,139,180,265
3318,150,192,269
3301,141,194,254
3303,152,209,258
3292,146,199,264
3311,140,190,272
3301,150,235,290
3301,153,166,270
3257,151,184,291
3309,201,180,269
3312,150,181,281
3297,145,182,263
3304,167,181,268
3306,149,166,276
3295,156,192,248
3283,143,200,258
3299,158,148,267
3293,256,167,263
3312,150,176,258
3328,147,182,260
3329,151,175,256
3324,139,161,252
3325,144,163,249
3300,164,182,275
3303,151,183,238
3310,170,177,252
3311,152,173,249
3297,164,174,242
3307,158,178,256
3310,140,180,295
3300,158,184,233
3316,152,188,244
3280,165,182,242
3301,176,163,243
3297,168,188,239
3319,164,180,239
3303,162,179,204
3311,161,179,247
3316,170,261,224
3316,159,177,223
3288,155,171,213
3303,158,202,219
3303,132,172,267
3297,160,176,219
3294,155,172,218
3322,155,155,219
3281,150,175,250
3297,155,171,253
3255,157,171,275
3300,157,106,244
3303,158,74,256
3313,158,173,253
3333,161,149,260
3318,60,166,258
3317,150,169,214
3310,160,167,247
3317,160,189,276
3314,157,167,257
3289,160,168,249
3292,137,187,258
3301,156,182,262
3307,157,179,267
3318,156,170,268
3290,169,172,260
3305,165,168,259
3159,163,168,237
3309,138,181,244
3306,173,173,249
3303,180,155,244
3325,182,168,258
3312,183,173,265
3295,180,166,237
3311,194,161,249
3297,191,164,241
3306,185,154,234
3315,185,152,231
3308,185,160,228
3290,190,161,228
3316,183,158,215
3307,180,129,225
3281,173,173,221
3258,179,157,218
3304,175,164,205
3320,163,168,210
3310,175,157,211
3317,173,145,200
3322,164,141,221
3280,173,157,196
3310,159,164,195
3309,169,154,200
3309,161,163,231
3313,160,148,217
3324,180,152,214
3304,165,167,218
3316,186,148,220
3292,171,152,201
3304,187,150,214
3311,164,153,226
3304,179,149,203
3305,180,187,200
3291,166,171,211
3292,162,178,198
3313,151,160,211
3307,173,146,215
3299,184,171,217
3305,178,160,213
3301,179,166,206
3298,182,161,198
3307,185,161,200
3312,182,206,198
3305,170,163,205
3293,201,155,205
3280,176,161,203
3291,176,165,204
3299,186,162,204
3328,203,171,210
3307,153,162,218
3307,183,171,199
3302,180,164,203
3305,204,159,197
3306,173,147,202
3292,173,111,201
3307,169,165,160
3299,151,159,204
3298,198,161,194
3307,182,136,205
3310,186,192,190
3325,171,250,197
3292,196,169,190
3290,171,170,180
3323,173,166,201
3300,133,165,186
3312,160,248,203
3299,158,166,197
3301,184,167,193
3387,210,166,229
3314,177,165,195
3300,197,165,180
3385,197,177,248
3302,195,168,202
3299,202,168,201
3295,205,170,203
3300,206,164,209
3299,204,167,192
3314,189,172,211
3314,193,170,220
3307,217,189,212
3304,232,158,218
3318,221,162,215
3305,226,165,140
3424,209,161,202
3339,206,174,202
3313,110,140,205
3302,213,162,206
3299,209,162,95
3297,190,160,203
3296,205,158,205
3292,203,157,200
3321,196,148,189
3313,203,162,209
3307,203,188,202
3317,194,128,201
3305,198,160,204
3310,192,164,201
3329,198,158,197
3312,195,164,218
3315,188,155,195
3176,184,155,77
3302,186,147,205
3311,186,131,199
3285,184,160,192
3272,197,152,200
3292,199,154,199
3299,184,172,197
3295,188,166,194
3306,178,156,176
3328,178,165,201
3306,183,166,204
3301,201,142,208
3302,192,162,209
3289,210,163,209
3302,229,161,219
3295,219,156,225
3285,216,162,249
3297,214,159,235
3301,215,161,217
3303,208,155,236
3298,231,157,221
3310,207,158,253
3305,206,158,244
3297,209,158,253
3292,212,159,254
3293,214,157,250
3306,211,152,244
3314,269,136,235
3307,209,152,257
3326,232,152,239
3289,220,154,241
3300,205,155,240
3310,208,160,228
3316,193,154,234
3309,200,150,247
3292,192,157,228
3294,215,149,235
3285,194,154,239
3293,198,168,228
3289,185,161,199
3294,192,161,240
3293,189,137,220
3296,180,157,234
3303,188,149,237
3305,186,128,245
3311,184,168,238
3311,187,141,236
3311,170,175,234
3307,189,146,232
3302,187,166,228
3303,182,178,231
3286,188,166,221
3294,178,165,234
3290,185,164,240
3292,184,169,240
3291,186,169,251
3330,178,178,251
3305,153,176,259
3316,181,166,251
3296,177,182,258
3294,181,173,260
3298,194,139,265
3298,169,173,266
3294,197,158,250
3309,169,162,292
3295,191,164,263
3308,192,162,260
3304,182,172,270
3307,188,178,268
3296,188,163,272
3299,189,137,264
3287,175,167,269
3282,189,176,274
3280,184,189,277
3289,177,189,267
3292,205,161,268
3304,180,186,265
3310,237,190,251
3315,177,191,264
3315,153,187,263
3313,175,176,256
3310,176,164,257
3325,168,65,248
3278,192,187,246
3297,170,191,270
3303,203,192,256
3309,186,160,252
3310,172,185,264
3293,170,197,248
3272,170,185,228
3298,163,197,240
3285,187,200,247
3284,183,182,247
3286,157,197,222
3305,162,178,251
3291,174,203,243
3310,158,209,252
3319,151,210,248
3299,156,205,253
3318,320,208,245
3293,164,214,246
3360,147,218,249
3312,160,205,236
3309,146,224,222
3315,168,209,232
3314,169,209,228
3326,162,207,229
3310,193,202,230
3314,84,185,221
3310,220,206,226
3316,173,215,232
3323,165,214,240
3307,162,214,226
3317,144,220,240
3317,176,206,234
3243,159,213,222
3318,11,218,233
3323,173,219,240
3428,157,222,248
3323,187,210,240
3299,141,238,244
3312,157,219,253
3292,171,206,237
3267,162,210,233
3297,178,166,247
3316,169,210,232
3317,296,211,230
3271,182,212,207
3309,165,215,232
3314,194,201,236
3300,174,208,226
3322,196,205,237
3323,148,206,228
3317,171,203,232
3325,168,204,226
3315,160,213,227
3309,130,195,254
3307,163,203,233
3312,162,200,228
3311,164,202,233
3336,131,210,237
3319,166,174,244
3307,164,194,243
3318,176,185,248
3300,183,199,237
3311,170,211,233
3325,182,186,233
3294,172,200,232
3305,171,200,237
3300,173,200,210
3303,174,204,189
3305,174,200,243
3311,171,197,260
3323,171,187,254
3301,164,202,252
3336,172,207,260
3312,204,199,243
3300,169,210,244
3282,161,189,241
3303,184,180,245
3297,166,203,243
3293,162,259,262
3303,157,280,276
3303,165,197,262
3307,154,198,268
3319,149,193,272
3300,162,186,266
3340,157,194,264
3335,135,212,252
3300,151,183,304
3285,159,196,301
3297,165,201,312
3298,86,182,322
3296,153,223,352
3304,156,224,333
3289,155,218,332
3289,126,228,340
3303,267,215,348
3311,157,219,361
3309,175,207,342
3313,151,232,342
3317,130,227,341
3333,149,221,337
3290,157,216,315
3313,147,214,326
3303,167,216,256
3318,149,216,301
3304,153,205,322
3318,158,213,334
3300,144,217,322
3283,170,210,285
3298,158,220,324
3307,162,211,326
3302,179,229,313
3301,164,240,308
3310,161,209,290
3307,154,197,338
3312,158,202,329
3304,154,221,326
3341,157,210,328
3311,160,188,331
3309,32,208,312
3311,184,211,228
3308,153,208,316
3315,166,206,307
3305,174,231,305
3304,169,200,297
3303,195,201,299
3325,134,200,294
3324,190,185,313
3319,159,201,283
3313,176,202,284
3305,174,200,269
3278,178,183,284
3300,180,193,280
3300,177,192,276
3297,191,204,275
3315,174,205,256
3309,176,202,289
3221,189,192,259
3322,175,208,264
3317,171,201,253
3332,179,177,250
3310,174,209,249
3321,242,196,243
3345,168,198,237
3305,170,178,245
3315,190,189,237
3313,165,185,241
3286,163,195,234
3305,145,197,239
3305,164,190,228
3308,156,200,232
3301,163,166,245
3308,157,192,269
3304,161,192,239
3310,182,194,232
3309,163,188,236
3315,149,192,361
3295,152,205,221
3323,161,197,240
3338,140,208,219
3325,156,190,219
3312,160,193,216
3311,158,177,216
3315,161,178,225
3308,156,176,215
3313,163,169,230
3290,137,191,218
3300,159,163,233
3304,160,198,238
3298,157,200,235
3312,169,190,286
3192,158,199,235
3307,124,194,225
3319,154,181,256
3321,154,212,245
3312,156,198,249
3304,154,200,248
3303,157,208,240
3290,167,197,246
3307,128,199,237
3290,151,195,238
3305,152,187,249
3329,153,210,220
3317,150,124,231
3313,153,217,232
3305,144,196,218
3299,153,179,223
3296,161,195,221
3221,159,198,224
3300,161,189,233
3307,170,196,234
3299,155,192,230
3319,155,188,230
3315,159,193,221
3316,160,200,228
3336,166,199,247
3315,173,195,232
3300,167,198,239
3276,171,195,239
3283,163,197,239
3306,187,189,241
3312,173,189,248
3299,159,180,249
3302,158,198,212
3301,157,217,231
3305,173,187,224
3310,158,189,225
3327,163,186,219
3291,156,185,183
3313,252,183,228
3321,169,174,221
3316,128,186,235
3318,156,184,218
3319,35,173,224
3304,158,172,228
3299,166,182,229
3297,153,183,236
3301,160,184,231
3296,154,183,212
3311,159,184,226
3324,153,179,244
3303,153,182,228
3310,154,170,224
3298,151,175,247
3321,154,156,227
3317,141,176,231
3319,150,180,225
3299,147,191,205
3322,147,180,222
3318,152,165,232
3292,144,179,209
3324,147,179,204
3303,142,178,208
3280,145,237,216
3305,147,154,207
3309,150,166,204
3301,151,190,222
3298,157,180,203
3302,152,183,202
3297,154,193,111
3306,181,186,192
3301,162,192,218
3305,158,185,224
3323,157,199,232
3320,160,178,238
3315,153,196,251
3306,149,199,245
3311,157,213,305
3319,153,201,309
3348,152,202,318
3310,151,216,306
3303,151,178,303
3310,135,197,307
3321,153,129,315
3301,152,218,296
3323,149,202,295
3311,123,208,294
3305,148,212,283
3305,113,197,287
3317,155,165,280
3319,140,206,245
3307,160,187,267
3326,149,207,279
3311,158,184,296
3313,153,217,270
3299,124,195,348
3279,155,195,278
3301,124,204,270
3297,171,184,266
3320,170,160,272
3319,133,189,277
3311,146,188,246
3295,144,190,254
3308,146,193,256
3304,133,189,252
3330,141,320,250
3309,149,186,247
3311,140,193,242
3188,142,180,246
3292,129,191,228
3324,134,181,200
3312,140,186,243
3334,118,183,239
3285,145,194,235
3316,137,184,217
3326,138,186,232
3310,136,180,222
3313,141,184,234
3328,135,179,211
3315,117,180,185
3312,111,178,223
3302,126,180,218
3293,143,176,228
3305,139,179,218
3231,144,176,226
3319,142,173,220
3321,104,185,218
3313,144,173,212
3323,150,173,219
3320,152,181,229
3300,159,170,217
3287,144,128,221
3322,175,172,219
3298,164,170,214
3283,170,173,221
3301,172,171,229
3303,169,167,222
3312,182,145,223
3296,176,166,200
3291,177,169,228
3347,164,168,217
3313,167,166,217
3301,166,160,211
3298,205,174,219
3323,154,169,219
3291,174,145,215
3319,160,180,219
3305,150,180,237
3311,144,170,220
3309,156,197,220
3303,153,183,208
3302,152,169,211
3302,157,142,214
3304,149,179,205
3305,160,158,234
3283,166,156,236
3303,152,161,230
3302,162,160,305
3333,143,165,233
3319,149,194,247
3292,152,165,235
3311,161,167,251
3322,163,169,224
3300,133,169,280
3313,155,169,288
3306,152,165,286
3318,152,108,313
3318,153,180,323
3326,154,182,330
3309,151,179,325
3303,123,192,324
3313,175,174,316
3298,149,173,306
3303,162,202,303
3325,170,157,299
3317,145,181,299
3316,183,169,294
3318,153,170,275
3337,159,170,293
3324,190,166,272
3326,179,173,286
3294,166,173,288
3304,153,173,294
3319,175,171,236
3319,164,171,279
3307,152,165,277
3357,163,169,267
3315,164,168,269
3314,160,184,272
3311,172,170,269
3305,160,160,254
3308,152,167,258
3300,158,167,262
3296,177,167,246
3316,154,166,244
3316,240,179,233
3319,158,175,235
3330,148,245,248
3330,160,160,332
3318,156,180,253
3314,12,165,272
3313,152,175,283
3341,157,166,289
3311,154,171,290
3310,153,216,288
3275,171,168,286
3308,153,168,282
3313,169,151,284
3340,152,169,283
3317,149,169,256
3388,148,165,279
3325,150,176,274
3322,159,157,276
3319,160,162,248
3372,133,173,272
3305,145,105,262
3329,149,159,259
3333,145,159,264
3322,148,214,256
3306,156,144,259
3318,145,157,243
3284,132,186,215
3325,142,140,232
3314,146,159,236
3318,141,156,234
3328,147,154,217
3312,143,164,234
3322,161,157,234
3301,152,158,232
3336,139,171,222
3306,165,160,230
3333,154,156,226
3321,162,132,225
3319,158,154,216
3366,164,155,232
3315,227,152,219
3300,177,150,228
3310,165,151,224
3395,175,137,244
3332,175,142,217
3327,109,153,203
3312,154,153,217
3213,163,136,229
3312,161,165,240
3380,157,158,237
3311,158,178,248
3313,157,171,252
3361,171,162,313
3341,140,159,256
3335,152,137,251
3325,19,161,256
3321,160,162,261
3313,161,162,256
3310,154,166,257
3316,171,157,265
3325,161,160,266
3328,183,159,275
3324,161,170,263
3339,162,170,251
3306,172,62,268
3313,161,167,264
3321,158,164,260
3252,156,167,272
3333,220,165,260
3338,157,158,256
3327,179,170,247
3315,162,157,250
3321,149,140,248
3307,152,166,233
3332,157,163,230
3359,149,157,243
3336,150,173,244
3299,148,173,208
3325,221,168,263
3309,174,192,277
3304,177,206,296
3303,158,237,285
3313,158,223,285
3319,171,220,282
3321,170,237,282
3318,189,212,284
3321,139,260,312
3325,168,257,314
3335,169,265,327
3321,187,263,326
3315,181,265,316
3330,178,274,288
3311,183,264,306
3322,183,268,391
3338,173,261,295
3337,158,262,350
3326,177,270,288
3310,174,256,268
3313,196,252,289
3316,175,253,284
3315,153,247,290
3343,168,246,305
3314,185,242,285
3320,165,242,266
3352,167,242,264
3354,165,349,268
3321,168,265,252
3328,163,237,256
3324,168,237,256
3347,169,236,252
3329,189,241,248
3324,167,217,253
3328,135,241,239
3306,167,239,232
3311,161,348,229
3318,164,228,244
3298,197,248,242
3312,172,209,244
3316,173,237,145
3308,92,211,230
3304,190,226,217
3311,174,221,225
3320,174,234,235
3310,168,246,219
3335,169,231,228
3324,177,222,232
3335,180,227,229
3321,180,210,233
3338,189,231,244
3332,157,258,230
3322,186,236,231
3325,81,236,227
3310,176,234,237
3315,163,252,224
3323,176,204,220
3320,139,222,248
3318,195,202,240
3320,177,229,231
3297,176,228,235
3318,181,224,241
3301,179,249,227
3316,178,234,244
3330,220,221,226
3317,174,226,230
3331,188,228,246
3330,182,232,253
3338,196,228,260
3279,188,237,242
3326,183,227,256
3325,194,206,261
3302,170,240,256
3327,222,220,250
3330,206,83,244
3316,202,227,249
3407,218,215,297
3318,194,234,260
3303,202,225,237
3309,199,238,247
3337,205,232,304
3315,204,222,254
3329,192,227,250
3309,191,225,271
3288,182,223,283
3331,197,256,283
3333,189,152,302
3330,180,256,286
3319,196,252,288
3319,209,256,281
3301,218,244,265
3307,227,245,263
3344,225,226,285
3320,215,284,268
3326,187,247,280
3482,212,237,266
3325,212,236,280
3333,214,241,261
3306,207,233,265
3333,194,230,402
3334,188,233,241
3328,205,253,256
3314,210,211,248
3319,200,230,282
3307,198,237,272
3320,181,228,263
3304,175,247,226
3316,208,228,259
3303,199,347,242
3307,190,226,219
3315,219,229,247
3315,212,225,173
3324,184,228,250
3321,192,229,247
3314,190,240,256
3323,194,217,254
3332,184,240,256
3329,185,237,256
3325,186,236,235
3338,182,249,250
3333,160,238,242
3315,174,180,226
3316,180,212,240
3315,180,222,238
3348,169,241,236
3321,176,215,238
3304,169,243,227
3300,181,248,233
3311,175,203,224
3381,175,223,230
3326,171,217,221
3350,151,248,222
3335,144,221,237
3323,175,208,218
3333,170,195,217
3338,170,223,230
3320,169,219,214
3311,153,214,221
3323,171,200,210
3332,167,219,225
3337,166,218,223
3382,176,221,235
3311,171,236,217
3331,158,240,209
3317,178,211,238
3312,166,241,235
3314,179,217,246
3317,177,230,262
3323,177,220,259
3325,188,209,245
3334,171,218,317
3334,176,216,256
3321,184,242,259
3272,175,213,277
3305,182,201,240
3312,174,210,256
3374,182,182,274
3311,108,221,275
3316,179,199,280
3313,174,215,268
3298,170,215,264
3314,193,200,249
3329,158,209,256
3332,192,195,274
3327,163,209,267
3319,171,119,262
3316,174,194,247
3494,170,202,256
3323,171,203,254
3330,166,138,248
3340,166,207,288
3331,148,204,270
3332,166,186,264
3331,180,205,265
3324,165,194,268
3330,163,203,259
3335,155,183,258
3320,166,195,262
3317,168,220,261
3314,161,199,322
3316,159,199,285
3316,162,199,286
3223,172,184,274
3318,155,196,270
3334,153,184,264
3308,141,211,267
3297,155,185,258
3325,160,191,246
3318,156,197,274
3329,176,189,261
3319,156,216,264
3322,163,190,271
3334,157,185,257
3316,152,193,241
3332,155,185,250
3396,171,174,294
3316,106,184,250
3315,155,184,256
3318,146,176,208
3327,147,211,242
3318,124,188,248
3333,129,202,236
3346,147,156,231
3324,153,177,219
3324,149,179,224
3397,146,173,213
3320,137,182,208
3322,147,183,216
3321,147,167,218
3331,146,92,221
3305,140,120,218
3335,140,194,204
3385,147,171,212
3329,138,174,181
3379,146,171,228
3311,149,179,222
3302,128,185,232
3308,220,194,240
3301,151,204,253
3309,130,216,253
3299,149,222,230
3319,156,219,273
3431,156,225,265
3319,148,249,266
3349,152,221,271
3328,149,215,295
3331,149,232,280
3322,144,250,296
3311,145,241,272
3400,150,238,274
3312,149,246,261
3313,148,221,262
3315,148,246,252
3271,148,230,260
3321,136,241,256
3317,156,225,147
3317,144,223,256
3293,144,225,249
3276,147,223,252
3327,166,222,247
3335,150,232,256
3320,144,217,246
3305,135,203,250
3327,140,215,254
3349,151,214,246
3329,148,226,245
3328,139,192,235
3320,147,293,232
3322,142,200,250
3313,148,224,220
3318,144,209,251
3314,143,208,227
3286,150,215,232
3321,132,232,224
3321,154,200,219
3326,142,201,218
3323,141,270,205
3337,140,211,215
3338,142,197,214
3304,124,186,210
3354,140,196,220
3331,130,204,233
3318,141,195,223
3321,137,216,221
3297,139,205,210
3316,61,221,222
3335,135,213,230
3310,140,224,219
3337,137,209,219
3429,138,222,224
3325,130,220,227
3321,137,249,226
3316,128,214,239
3325,140,250,212
3329,135,207,228
3338,137,160,234
3332,148,207,232
3355,116,216,250
3355,134,93,226
3332,128,226,136
3337,138,220,226
3334,138,244,222
3337,142,225,206
3329,78,194,210
3319,140,214,222
3334,131,218,247
3309,144,216,238
3310,138,211,260
3331,173,194,252
3347,142,218,254
3336,142,269,259
3330,119,213,245
3321,158,207,264
3328,146,197,247
3344,142,205,266
3361,152,193,267
3336,147,204,272
3328,152,199,274
3326,146,227,270
3317,165,201,342
3329,168,189,273
3330,145,213,269
3311,143,201,280
3317,152,196,282
3306,166,176,248
3315,172,204,271
3319,146,201,276
3348,168,201,268
3312,159,220,260
3345,161,167,284
3333,165,208,286
3343,153,198,284
3332,165,199,293
3330,163,196,280
3332,164,198,286
3312,154,193,254
3364,196,185,280
3390,165,192,250
3312,128,201,259
3299,170,182,260
3310,139,188,267
3314,225,191,262
3315,156,189,258
3329,156,188,254
3333,162,190,251
3404,152,187,253
3332,162,157,246
3321,155,181,236
3333,155,181,244
3347,140,183,272
3330,119,180,275
3323,148,178,273
3308,146,192,277
3312,150,192,293
3316,146,186,286
3333,153,199,302
3318,157,198,297
3297,158,208,313
3318,144,206,308
3330,167,208,302
3316,156,210,298
3330,157,212,294
3324,155,202,285
3345,154,198,289
3277,168,192,276
3323,155,188,260
3313,148,206,291
3318,153,196,277
3331,159,196,278
3368,173,190,355
3315,149,184,294
3323,146,163,302
3313,152,206,302
3311,157,194,307
3298,172,195,301
3327,42,196,314
3327,153,175,324
3331,170,188,317
3323,165,185,290
3328,158,193,309
3319,147,169,309
3331,152,203,311
3335,151,200,307
3336,149,232,325
3337,147,189,304
3342,146,158,300
3180,148,187,273
3330,152,177,288
3344,170,183,286
3336,150,183,284
3329,150,158,281
3315,147,181,281
3321,143,179,278
3318,148,180,272
3331,146,128,275
3322,225,178,275
3335,125,173,279
3331,144,171,261
3336,145,193,277
3314,156,176,213
3347,139,173,264
3335,247,150,289
3326,140,176,298
3324,153,171,299
3320,153,174,279
3238,156,173,298
3329,144,182,292
3295,162,162,290
3313,151,173,288
3313,164,170,308
3322,154,170,288
3323,150,176,296
3319,154,156,307
3307,150,169,296
3328,160,165,283
3319,151,159,278
3323,153,166,309
3341,152,296,290
3317,139,165,296
3335,159,166,298
3324,155,178,305
3324,147,172,314
3332,173,183,310
3397,171,162,343
3307,153,184,305
3319,159,125,296
3328,145,176,305
3319,161,168,300
3317,136,185,298
3318,158,170,292
3317,140,184,270
3325,164,155,314
3328,153,174,273
3337,168,165,352
3344,154,172,272
3338,147,174,273
3342,152,173,285
3326,154,159,276
3347,154,154,280
3332,175,169,265
3323,173,165,274
3339,147,178,276
3319,166,169,281
3331,159,169,265
3306,170,168,295
3320,275,169,309
3323,156,166,308
3319,155,189,303
3312,140,140,302
3331,161,168,297
3303,182,165,293
3332,172,158,380
3323,29,164,298
3332,153,164,293
3314,148,204,307
3293,142,154,262
3327,175,162,313
3336,132,162,310
3337,151,152,322
3312,155,162,308
3351,154,164,322
3316,156,162,291
3324,173,152,290
3318,157,203,278
3319,156,153,297
3320,164,161,284
3213,134,156,190
3326,154,161,294
3335,141,174,272
3330,148,163,234
3343,150,145,270
3337,152,163,295
3325,151,149,298
3331,160,145,288
3325,150,161,296
3361,169,154,306
3339,176,157,304
3345,157,154,285
3335,166,155,293
3344,164,149,300
3346,60,139,302
3317,161,157,301
3354,163,145,312
3328,164,169,307
3321,160,157,307
3329,160,168,321
3348,148,169,300
3372,161,170,306
3346,160,165,304
3337,154,168,309
3337,216,168,305
3339,158,172,300
3358,148,162,292
3359,135,162,298
3348,163,164,336
3385,151,171,280
3339,144,181,283
3288,137,170,284
3332,152,173,271
3325,152,166,251
3331,150,168,266
3344,144,183,299
3351,146,158,270
3331,138,158,257
3357,134,234,256
3342,144,174,229
3350,140,177,250
3354,91,166,253
3333,148,189,259
3348,125,170,245
3337,143,164,247
3360,139,161,334
3334,150,161,243
3334,146,161,237
3354,141,150,236
3322,146,186,238
3327,125,168,245
3302,148,172,253
3330,160,172,250
3360,165,170,258
3335,160,170,239
3372,160,166,258
3336,172,171,258
3296,157,156,223
3345,181,164,256
3358,163,147,253
3349,161,172,276
3338,166,178,246
3324,145,166,270
3337,164,168,264
3340,163,181,265
3338,162,155,265
3312,157,175,269
3371,150,191,292
3341,157,158,286
3333,160,168,293
3329,176,163,291
3334,254,184,289
3338,165,155,281
3327,150,149,297
3337,161,164,273
3311,162,164,280
3334,160,263,304
3312,162,166,292
3325,176,158,299
3317,156,9,287
3345,149,180,279
3335,151,136,288
3213,161,165,291
3344,163,157,263
3349,154,156,272
3328,192,144,269
3325,161,110,267
3313,155,178,264
3337,168,140,276
3343,160,81,263
3330,155,173,272
3328,137,174,277
3331,159,164,281
3324,159,167,296
3335,158,176,292
3348,150,167,329
3337,132,168,306
3351,130,181,320
3362,136,187,318
3353,170,165,304
3367,157,155,302
3328,152,168,308
3334,156,172,300
3363,138,184,300
3338,140,180,289
3336,160,169,306
3338,148,162,314
3332,151,237,299
3340,138,171,298
3343,157,171,292
3345,150,162,284
3336,150,160,292
3310,155,170,282
3341,151,179,275
3341,2,170,270
3335,153,176,258
3337,156,164,275
3368,155,158,261
3330,151,171,253
3326,164,166,253
3321,180,166,250
3337,168,165,249
3333,166,157,259
3329,165,186,246
3337,154,168,245
3324,164,168,252
3360,160,31,241
3342,286,167,248
3351,136,171,252
3337,162,181,254
3356,150,188,238
3330,160,182,253
3330,161,172,260
3347,150,180,260
3298,159,186,274
3328,140,194,274
3329,172,180,275
3324,150,194,340
3330,160,172,277
3348,158,192,262
3243,140,193,214
3348,156,194,267
3336,144,209,282
3337,156,194,292
3336,155,194,288
3344,222,192,284
3326,150,187,278
3355,144,260,265
3333,150,178,276
3349,154,213,273
3348,149,183,270
3347,149,182,241
3311,148,248,266
3337,175,172,257
3330,151,183,281
3376,152,189,275
3328,152,187,278
3334,134,189,298
3338,154,188,271
3313,150,189,274
3332,146,160,277
3320,146,183,253
3346,138,184,272
3347,126,184,268
3353,133,191,247
3343,145,158,263
3320,133,193,259
3364,149,181,257
3339,139,190,277
3322,125,178,248
3323,142,183,256
3316,141,176,260
3329,137,178,236
3325,216,192,236
3325,146,189,240
3333,152,177,230
3244,161,178,313
3335,150,166,234
3343,153,200,228
3346,151,172,222
3344,159,172,216
3344,170,172,211
3343,170,140,222
3336,175,168,216
3339,170,157,239
3332,181,165,203
3313,182,178,223
3340,182,178,226
3322,181,164,221
3341,181,153,236
3328,182,187,253
3325,180,168,262
3329,183,158,256
3317,190,118,249
3333,178,159,249
3336,180,165,239
3343,169,256,241
3340,183,163,222
3347,174,176,228
3339,168,183,232
3331,153,177,182
3345,171,162,230
3324,164,110,228
3341,167,174,233
3328,170,181,245
3323,175,161,226
3353,168,158,265
3322,164,158,239
3329,167,160,240
3333,150,155,250
3337,149,173,259
3334,158,156,256
3335,158,164,254
3370,157,160,258
3350,160,158,246
3348,157,174,239
3358,157,147,239
3346,152,155,234
3350,145,154,229
3319,163,165,235
3321,156,153,225
3325,173,138,226
3321,161,156,223
3345,156,165,235
3346,162,157,240
3338,121,165,245
3319,177,154,242
3324,152,177,256
3328,159,153,316
3337,116,152,246
3342,145,151,245
3347,148,136,241
3350,148,146,224
3375,157,128,263
3332,146,150,254
3350,150,228,263
3328,144,151,257
3326,142,155,233
3376,154,160,256
3316,152,163,238
3343,153,168,248
3346,152,160,244
3347,133,166,304
3336,144,215,261
3340,143,175,201
3340,160,170,243
3312,163,179,248
3400,158,170,242
3316,159,168,251
3309,155,11,248
3335,150,166,272
3328,156,162,278
3331,148,170,295
3331,169,172,301
3328,158,176,308
3257,129,166,242
3346,166,162,358
3350,153,81,369
3323,151,183,348
3341,151,174,362
3334,158,175,356
3335,146,173,372
3325,173,187,328
3328,161,182,340
3340,170,171,322
3337,162,170,327
3324,167,192,325
3335,175,168,328
3338,136,178,325
3344,162,164,330
3328,234,166,323
3343,170,185,308
3347,155,160,310
3281,160,169,305
3331,146,168,328
3328,122,150,301
3334,158,168,307
3343,154,156,294
3315,151,168,295
3341,144,169,294
3318,173,170,296
3318,165,165,285
3341,163,168,270
3347,162,183,283
3348,157,169,275
3342,162,129,269
3338,163,165,285
3345,173,159,276
3350,163,162,270
3349,165,167,278
3334,164,163,279
3337,157,145,282
3333,173,148,304
3331,129,168,283
3339,158,146,284
3341,160,186,298
3341,167,112,314
3343,169,170,296
3338,172,185,298
3342,170,164,288
3349,158,174,286
3338,178,166,274
3478,176,165,257
3349,174,165,275
3321,166,180,272
3334,161,171,256
3349,167,159,256
3347,165,164,259
3329,168,158,260
3323,180,144,273
3336,174,193,253
3335,143,164,377
3331,172,192,276
3328,175,166,275
3321,185,160,274
3327,179,163,286
3333,264,162,269
3330,186,163,267
3343,173,158,254
3347,178,161,274
3352,180,149,250
3318,245,159,261
3332,170,156,258
3351,178,149,260
3348,168,162,256
3374,168,164,258
3332,187,163,237
3356,170,59,245
3341,188,162,128
3318,173,160,226
3338,173,160,257
3331,177,160,248
3460,172,163,243
3342,176,185,246
3381,180,167,250
3342,154,175,236
3338,180,175,240
3321,164,159,246
3342,170,163,260
3325,171,169,274
3327,176,171,264
3324,171,168,280
3362,171,157,281
3357,173,144,289
3327,163,174,202
3329,175,136,288
3333,177,165,295
3360,172,165,298
3336,160,166,292
3353,140,169,291
3330,189,163,268
3362,163,148,258
3339,172,166,274
3340,170,160,267
3343,162,160,264
3331,169,180,256
3320,176,164,254
3345,56,144,249
3349,169,156,248
3370,166,158,244
3351,148,173,249
3331,180,133,256
3338,159,156,246
3376,163,142,246
3345,218,156,254
3334,159,136,249
3330,160,159,257
3331,162,156,261
3328,160,165,252
3328,164,149,256
3327,160,172,253
3354,172,169,249
3339,171,171,172
3341,154,168,256
3360,156,174,242
3333,154,170,241
3338,146,171,262
3352,165,150,257
3339,156,197,242
3345,154,177,246
3315,188,172,232
3343,154,168,234
3329,143,152,239
3328,142,183,260
3326,153,181,266
3325,147,188,274
3334,146,198,300
3339,151,187,275
3417,148,193,277
3358,172,191,275
3348,145,191,285
3358,135,248,284
3349,145,200,256
3346,135,188,275
3347,158,174,277
3347,148,210,271
3349,166,184,272
3338,155,212,249
3361,139,187,273
3327,146,184,240
3330,142,185,256
3334,148,181,273
3333,135,188,250
3356,140,173,265
3325,151,192,262
3325,167,188,265
3359,153,188,278
3342,159,135,267
3339,171,186,281
3314,173,187,279
3341,177,186,290
3349,190,188,274
3330,156,196,253
3327,179,186,274
3336,185,184,274
3351,175,267,281
3338,182,171,250
3347,183,172,261
3342,173,179,260
3333,170,208,250
3300,187,162,267
3313,183,184,165
3337,176,164,253
3381,176,186,261
3337,195,183,261
3314,176,204,268
3325,186,205,273
3437,187,209,352
3354,183,202,274
3337,183,231,291
3350,162,211,287
3319,181,203,241
3343,171,277,304
3340,178,211,298
3344,188,198,298
3341,176,198,304
3342,176,207,210
3257,162,208,285
3316,171,208,280
3330,147,196,288
3324,173,201,283
3328,173,178,267
3345,171,196,265
3319,172,199,270
3230,184,197,268
3320,186,193,209
3348,193,195,284
3353,235,196,279
3337,192,192,275
3358,173,192,300
3331,197,173,303
3328,178,210,299
3330,186,190,289
3333,185,208,282
3340,163,192,280
3339,183,187,276
3337,182,186,280
3330,183,156,277
3307,170,202,275
3336,179,169,286
3320,187,170,285
3351,165,175,314
3336,186,169,281
3345,42,182,280
3364,172,136,284
3318,175,179,272
3357,119,178,272
3323,175,152,283
3330,153,181,340
3337,190,178,288
3343,170,189,292
3328,167,192,296
3335,184,185,296
3344,165,190,308
3272,162,193,310
3324,147,192,292
3344,154,185,304
3344,171,176,285
3346,157,193,296
3347,160,185,296
3329,162,193,280
3363,157,186,300
3331,155,185,279
3339,159,183,273
3340,158,182,269
3342,144,181,268
3338,140,180,269
3303,153,144,259
3345,143,178,268
3334,172,168,265
3337,157,178,268
3330,161,162,274
3324,154,171,266
3332,164,200,260
3336,159,178,256
3341,128,182,250
3353,165,175,248
3337,153,172,238
3347,42,186,256
3346,156,170,244
3347,152,172,224
3341,152,169,245
3349,152,179,229
3354,133,179,224
3342,140,166,214
3362,143,168,222
3332,146,164,244
3326,143,174,251
3323,201,173,251
3321,157,175,256
3332,157,176,257
3340,156,172,256
3351,143,174,254
3342,156,170,248
3336,168,200,253
3341,157,170,250
3338,159,179,266
3323,150,117,250
3328,158,180,258
3332,150,172,251
3171,167,171,276
3328,157,165,261
3325,152,45,279
3329,132,176,300
3332,154,175,308
3334,155,152,292
3328,154,172,286
3339,33,174,286
3346,145,174,286
3230,141,170,152
3352,148,173,276
3343,156,173,284
3393,152,173,277
3333,147,171,276
3351,134,192,257
3338,139,176,260
3333,235,176,278
3343,144,149,264
3348,149,178,283
3367,155,167,279
3323,172,160,249
3326,157,177,283
3328,154,176,262
3328,152,150,273
3328,146,175,265
3336,142,177,259
3363,158,176,242
3337,151,163,270
3321,151,173,260
3346,146,161,276
3343,162,180,241
3345,146,176,252
3337,169,165,270
3312,138,182,268
3325,145,195,267
3334,136,166,264
3336,11,172,259
3251,172,171,260
3328,148,171,258
3335,157,155,278
3323,142,184,243
3328,129,161,256
3340,143,168,256
3304,164,169,238
3337,152,155,234
3344,92,165,232
3333,138,155,240
3323,141,172,205
3340,146,175,229
3334,143,131,230
3306,124,163,166
3327,147,162,223
3327,146,160,224
3324,143,169,225
3345,146,166,224
3307,147,165,216
3324,256,154,225
3326,149,181,212
3327,133,157,224
3341,144,123,250
3324,135,161,251
3348,136,161,252
3326,128,165,251
3355,143,168,264
3344,136,162,235
3354,139,166,278
3336,154,172,278
3338,131,156,283
3363,139,57,281
3322,137,164,283
3348,121,174,279
3342,164,151,278
3337,138,158,274
3336,138,157,272
3336,139,146,267
3336,146,167,275
3341,137,159,274
3317,132,163,272
3329,133,177,257
3321,136,156,266
3335,135,155,269
3339,134,143,268
3339,122,171,257
3334,135,152,282
3329,141,153,275
3347,112,150,275
3333,143,157,270
3325,128,159,288
3254,136,162,295
3318,142,129,282
3334,138,138,296
3336,143,157,305
3287,126,181,268
3319,164,150,308
3324,146,160,298
3324,135,178,314
3330,157,176,296
3484,149,159,313
3317,146,162,307
3347,132,167,279
3334,150,158,298
3345,142,153,264
3323,148,149,288
3325,152,145,281
3338,149,156,286
3388,150,156,289
3321,162,120,272
3209,160,155,286
3323,164,152,245
3325,164,156,274
3328,160,133,263
3294,167,159,265
3319,168,179,262
3331,162,149,257
3335,154,160,256
3328,158,140,249
3346,150,153,245
3358,155,124,247
3338,155,149,240
3333,152,150,229
3335,142,167,241
3343,154,162,242
3323,154,153,238
3340,169,160,230
3330,153,142,235
3336,147,126,238
3321,150,164,219
3336,176,155,221
3333,132,158,222
3326,141,147,222
3325,151,203,220
3327,149,158,212
3316,172,152,200
3325,150,179,212
3340,140,156,209
3325,174,148,217
3329,145,156,198
3325,148,152,203
3335,149,155,203
3328,147,147,205
3341,149,157,203
3322,147,152,215
3330,139,140,199
3336,144,156,202
3330,165,152,204
3421,147,155,198
3319,153,55,196
3327,147,169,208
3317,149,137,220
3326,141,168,216
3323,142,162,222
3323,151,161,215
3342,161,150,225
3353,130,156,218
3345,144,164,217
3336,144,173,218
3340,147,181,221
3344,146,183,217
3337,147,159,220
3319,161,122,218
3341,146,157,219
3335,144,120,219
3319,132,170,245
3331,130,158,248
3350,139,153,242
3343,134,235,254
3322,144,140,252
3331,129,158,226
3317,134,154,237
3325,139,156,227
3368,132,152,232
3322,132,116,228
3321,128,157,213
3326,158,133,224
3311,138,155,215
3326,139,156,223
3334,152,144,220
3339,109,138,225
3323,148,152,236
3329,145,163,253
3313,155,162,257
3312,162,156,251
3336,133,169,256
3316,154,164,256
3329,153,108,272
3327,152,139,246
3338,151,158,258
3345,140,160,242
3330,148,160,243
3345,149,163,241
3336,148,160,247
3334,147,145,242
3326,147,164,262
3310,144,229,243
3326,144,187,245
3323,144,166,252
3330,172,164,247
3334,164,164,256
3339,187,192,272
3419,171,161,276
3357,167,155,273
3346,171,170,251
3353,171,162,259
3331,171,144,256
3335,163,160,256
3346,192,154,262
3354,167,153,257
3350,166,157,262
3343,156,155,248
3331,171,157,249
3337,189,158,235
3333,162,177,240
3331,171,149,248
3317,179,100,237
3326,169,154,238
3281,188,159,229
3335,172,147,226
3325,175,151,236
3342,169,154,222
3368,169,139,221
3322,195,147,230
3330,192,162,217
3344,166,150,225
3348,164,164,260
3299,171,162,262
3338,178,160,253
3356,172,162,260
3324,180,142,277
3332,189,161,268
3324,166,152,276
3313,176,159,263
3335,164,154,272
3347,184,133,278
3323,157,171,264
3328,207,155,277
3306,164,158,260
3338,155,138,264
3333,40,157,264
3380,159,153,250
3364,160,148,266
3334,183,150,262
3352,149,237,268
3335,160,148,231
3325,168,155,253
3340,161,21,246
3317,149,157,240
3342,178,152,232
3334,157,150,236
3319,157,271,224
3359,154,150,229
3340,154,158,230
3331,159,147,229
3330,164,149,233
3333,148,150,232
3207,153,147,195
3346,145,160,126
3346,152,143,217
3345,144,165,212
3338,155,147,231
3338,151,154,221
3314,145,149,225
3355,153,154,217
3330,140,148,224
3338,142,150,224
3313,169,152,230
3318,186,153,221
3324,191,149,208
3335,162,160,235
3324,187,160,227
3325,187,111,219
3332,200,125,244
3346,188,141,239
3343,178,160,241
3330,178,161,248
3318,178,157,229
3279,181,154,219
3343,170,156,248
3335,177,144,263
3343,174,168,245
3348,149,153,288
3341,172,156,246
3332,169,153,228
3323,156,148,234
3325,169,142,224
3218,147,151,111
3326,181,151,228
3329,171,152,317
3330,184,132,226
3334,174,144,193
3325,157,150,215
3341,182,151,210
3315,160,188,192
3324,168,161,225
3238,184,156,210
3386,161,150,210
3343,168,150,214
3330,164,160,218
3291,164,160,232
3337,162,160,214
3351,163,160,208
3321,164,103,222
3326,165,173,217
3332,160,156,224
3323,151,178,189
3335,163,156,203
3325,160,160,202
3349,150,157,197
3332,157,148,201
3333,137,156,200
3341,159,150,204
3320,162,148,200
3364,154,21,191
3347,168,154,190
3340,146,166,193
3333,153,143,191
3310,168,154,193
3325,152,164,197
3320,153,136,204
3335,164,147,214
3339,164,165,209
3346,149,162,213
3325,147,161,212
3340,149,167,216
3345,163,168,224
3352,143,170,242
3345,135,160,207
3340,135,152,226
3343,143,168,227
3330,151,164,235
3334,166,148,240
3338,137,161,232
3345,164,170,225
3340,148,162,235
3344,158,151,237
3335,156,161,232
3333,146,179,231
3323,144,166,257
3326,156,178,245
3354,157,168,246
3304,152,171,260
3344,150,168,258
3373,151,161,274
3342,141,182,272
3338,152,180,272
3331,156,167,270
3354,149,171,265
3342,150,165,273
3337,148,168,268
3337,154,163,279
3333,147,170,280
3325,125,158,242
3335,160,166,254
3335,144,170,252
3342,144,256,248
3313,157,163,256
3332,144,165,273
3335,146,168,274
3330,146,173,291
3354,149,174,276
3325,144,166,272
3337,117,183,258
3336,146,177,259
3331,141,173,267
3346,143,172,261
3341,136,144,254
3337,61,170,251
3320,146,174,175
3335,139,181,233
3331,141,158,244
3338,141,165,253
3336,123,178,246
3352,130,175,241
3323,139,176,248
3336,140,174,239
3330,140,177,221
3323,157,177,246
3339,136,178,257
3297,153,176,253
3348,134,165,232
3332,142,175,244
3346,136,171,242
3343,136,173,233
3211,135,173,244
3343,124,173,226
3338,133,188,216
3334,136,175,232
3352,114,191,257
3336,129,154,250
3324,135,178,262
3313,132,191,270
3317,138,205,270
3332,125,214,196
3336,158,208,256
3317,148,205,276
3340,138,206,291
3345,150,210,274
3233,147,210,367
3343,140,203,280
3358,150,211,281
3341,133,222,273
3341,139,236,253
3344,152,242,270
3337,142,246,270
3326,205,239,265
3343,128,229,257
3335,132,215,252
3294,140,223,272
3337,153,209,272
3328,138,224,308
3328,138,145,318
3304,153,243,318
3316,141,226,326
3334,162,215,389
3309,162,210,303
3335,157,220,298
3351,159,218,295
3343,143,220,262
3338,139,205,302
3343,150,228,284
3324,155,221,283
3358,182,217,359
3345,160,214,282
3348,146,213,279
3342,133,214,271
3318,155,205,269
3330,218,209,263
3335,159,196,286
3319,141,220,253
3333,147,121,250
3321,145,245,251
3326,148,220,239
3359,152,184,244
3339,123,196,240
3360,144,120,251
3325,154,201,262
3347,144,214,265
3349,153,196,256
3335,132,194,239
3370,120,201,259
3312,136,258,249
3332,120,205,251
3328,163,188,249
3323,144,203,239
3325,138,200,257
3341,141,192,267
3323,139,205,268
3330,114,195,285
3358,139,195,264
3339,140,220,277
3338,138,179,277
3337,139,190,249
3336,142,196,280
3344,137,155,256
3342,125,194,277
3355,129,196,279
3329,137,191,266
3331,138,185,282
3336,139,190,294
3330,142,206,280
3335,158,180,344
3364,146,184,278
3398,133,185,268
3327,144,185,264
3323,154,179,256
3343,131,187,240
3344,161,178,256
3316,142,177,208
3347,133,178,244
3390,145,175,236
3307,136,198,238
3345,140,190,243
3301,133,188,256
3332,138,173,253
3307,146,179,249
3332,124,174,254
3338,146,172,253
3328,144,166,241
3371,142,170,241
3327,133,173,247
3328,27,170,239
3318,131,170,244
3313,140,234,236
3328,149,195,232
3362,145,168,272
3329,143,168,224
3336,154,164,123
3437,139,168,226
3358,160,162,224
3333,157,160,223
3348,139,173,243
3341,138,173,216
3347,141,160,221
3340,155,161,218
3321,158,160,224
3337,133,149,222
3338,124,172,199
3335,134,160,216
3351,140,157,224
3319,150,160,221
3329,136,145,219
3321,149,157,223
3334,141,156,214
3328,145,163,208
3343,137,177,216
3332,120,171,203
3337,149,160,211
3330,136,180,208
3323,144,165,122
3337,139,161,199
3326,244,148,206
3310,136,158,199
3353,134,142,214
3335,192,180,214
3326,133,172,215
3314,134,171,213
3323,136,178,220
3317,137,182,214
3340,136,180,216
3324,118,170,226
3315,134,188,197
3327,137,181,219
3309,141,192,218
3338,155,173,213
3340,146,176,222
3342,139,174,219
3348,136,174,304
3343,147,158,222
3336,141,189,219
3338,150,165,253
3347,163,167,217
3336,146,170,212
3350,132,231,211
3341,141,172,207
3347,144,283,206
3368,128,180,213
3336,155,161,202
3344,138,169,219
3326,209,168,210
3330,158,165,177
3343,141,152,223
3335,132,158,256
3342,144,156,240
3347,145,163,235
3244,148,169,254
3336,133,163,266
3337,142,149,269
3322,134,161,242
3332,140,190,250
3323,140,158,269
3331,133,164,264
3337,141,151,261
3341,138,82,250
3321,142,163,261
3340,138,152,247
3334,216,172,240
3335,140,151,250
3331,140,156,251
3353,147,153,249
3337,139,162,253
3327,140,160,259
3335,137,164,261
3308,137,166,249
3329,136,158,274
3330,151,169,259
3330,250,171,256
3311,141,224,254
3333,133,180,234
3336,140,172,242
3334,145,50,241
3451,147,166,243
3336,140,183,229
3330,132,166,237
3337,138,168,230
3329,135,165,217
3338,137,176,230
3347,141,153,215
3329,136,173,220
3428,136,166,236
3333,148,166,218
3329,134,114,232
3343,136,160,216
3334,136,161,228
3329,134,140,227
3323,139,163,228
3323,136,165,241
3336,173,147,226
3341,63,164,225
3333,108,180,226
3336,137,169,216
3347,128,161,218
3331,138,152,217
3333,137,161,215
3328,164,159,136
3346,145,160,208
3337,140,160,214
3317,143,105,219
3307,150,154,221
3338,157,156,216
3336,149,136,208
3335,137,156,224
3336,145,158,218
3328,143,147,266
3334,126,169,251
3342,134,163,256
3338,141,148,269
3339,150,182,256
3343,150,158,274
3339,151,154,258
3344,149,158,272
3343,171,164,281
3332,149,155,272
3329,55,167,271
3335,157,173,267
3341,153,163,270
3354,145,247,272
3343,146,134,268
3336,165,155,263
3339,133,184,254
3325,144,144,268
3314,148,156,259
3333,134,157,256
3325,144,156,242
3325,211,156,251
3318,124,189,249
3332,118,161,195
3317,117,153,262
3330,142,168,246
3333,153,140,245
3343,152,168,238
3339,160,169,237
3354,139,178,233
3344,154,164,301
3341,122,189,230
3336,154,176,112
3321,137,170,203
3328,140,195,222
3327,157,173,221
3343,134,172,224
3381,131,158,185
3324,146,170,217
3342,144,161,217
3328,164,158,206
3329,155,178,223
3378,174,165,226
3342,174,160,220
3338,164,145,212
3320,185,184,218
3332,166,165,266
3347,191,158,210
3336,191,165,153
3340,152,170,216
3329,157,162,222
3323,168,137,226
3306,178,172,139
3442,146,166,227
3354,152,170,220
3329,182,182,208
3358,170,165,224
3342,171,161,228
3332,165,160,213
3330,167,144,220
3317,153,168,226
3336,159,160,246
3328,159,175,212
3344,161,161,142
3339,161,160,256
3337,79,178,240
3190,157,162,250
3343,153,160,234
3328,156,169,232
3329,170,153,261
3327,176,158,254
3322,153,156,269
3325,152,182,264
3309,138,124,260
3319,157,146,254
3359,151,161,249
3352,173,171,240
3317,148,161,238
3338,147,144,242
3319,154,150,228
3309,139,225,245
3336,148,132,246
3347,147,158,246
3324,150,158,241
3334,99,158,242
3343,219,157,237
3342,160,140,242
3336,112,152,237
3334,146,158,256
3331,138,157,230
3324,149,156,228
3312,145,170,233
3330,146,155,228
3346,146,131,241
3333,0,154,231
3335,150,139,242
3338,142,155,231
3339,145,162,238
3355,142,149,226
3346,141,160,225
3333,256,172,224
3343,141,129,216
3323,142,167,217
3334,144,182,217
3321,119,169,229
3350,133,154,196
3325,143,163,236
3338,138,175,258
3324,142,164,233
3313,144,156,241
3250,146,164,240
3328,147,182,242
3339,137,166,238
3340,148,181,239
3339,128,174,236
3359,151,35,228
3334,224,169,226
3340,138,172,289
3327,164,172,229
3345,152,166,238
3276,154,173,216
3337,172,160,220
3350,150,81,218
3321,157,168,220
3321,144,172,229
3324,151,173,220
3336,167,165,194
3325,152,172,228
3330,165,158,235
3335,151,170,227
3343,148,164,241
3336,135,182,278
3344,146,161,269
3338,150,194,275
3351,118,168,270
3327,137,171,246
3315,147,173,268
3324,149,164,295
3322,146,171,280
3362,145,166,289
3317,145,168,270
3310,137,166,279
3331,120,172,271
3336,142,153,274
3337,141,152,270
3332,145,168,265
3340,125,179,268
3304,180,163,270
3325,150,159,181
3332,142,169,300
3327,140,143,292
3332,151,152,291
3341,149,171,293
3334,136,176,288
3335,146,179,314
3312,121,175,257
3331,157,152,314
3370,142,170,301
3348,10,178,298
3344,137,176,262
3326,162,179,315
3329,172,171,304
3318,132,206,285
3331,141,161,286
3325,148,172,270
3321,144,22,277
3343,145,156,272
3341,149,149,270
3342,144,165,285
3338,152,167,334
3323,145,182,264
3332,147,150,258
3340,154,164,253
3347,149,148,249
3319,155,157,256
3326,155,168,284
3342,159,169,269
3309,157,166,266
3336,175,167,298
3330,158,144,270
3357,164,170,273
3310,174,156,249
3338,118,168,261
3336,143,170,268
3332,158,166,252
3329,156,158,271
3329,157,173,264
3320,161,190,275
3407,173,180,314
3326,157,172,272
3339,157,168,291
3336,101,178,266
3357,147,179,363
3342,132,189,273
3197,151,179,268
3347,39,164,265
3367,140,183,269
3336,146,185,265
3342,160,166,247
3335,120,188,264
3327,144,177,256
3341,139,174,256
3345,144,169,269
3326,146,185,253
3329,117,179,248
3325,146,180,250
3322,137,171,253
3326,133,177,291
3297,141,174,240
3347,134,185,225
3332,172,169,229
3325,143,180,226
3343,144,176,229
3320,132,163,234
3432,125,177,236
3321,163,180,234
3327,141,189,231
3338,157,173,234
3336,140,152,247
3263,117,173,114
3334,144,173,232
3330,147,196,210
3324,137,175,228
3333,145,201,225
3343,121,172,228
3360,126,175,228
3331,106,188,219
3337,112,174,232
3334,114,187,207
3363,135,174,228
3315,136,173,217
3333,103,170,216
3344,134,168,226
3319,111,177,200
3327,134,172,212
3330,131,166,192
3343,121,167,220
3323,135,164,220
3381,125,178,223
3330,138,169,230
3338,130,180,224
3341,137,161,233
3329,128,177,150
3328,131,162,230
3324,109,163,231
3329,133,160,210
3323,137,157,229
3322,148,162,212
3326,137,183,247
3322,123,183,230
3302,137,193,231
3323,118,177,222
3327,138,181,224
3331,135,185,244
3334,125,182,212
3313,136,186,217
3332,160,182,217
3314,168,180,225
3358,138,182,216
3324,149,167,203
3323,136,184,227
3325,138,159,212
3365,150,177,214
3331,136,182,212
3294,123,195,211
3326,126,188,207
3314,138,188,200
3328,139,185,195
3325,137,187,204
3305,135,183,207
3333,132,180,215
3334,142,187,206
3333,122,180,230
3341,183,163,239
3329,145,174,238
3355,123,178,244
3332,133,172,260
3323,134,192,282
3337,137,164,280
3329,134,206,286
3322,132,167,278
3326,187,197,272
3324,132,179,288
3333,128,175,265
3330,131,178,267
3340,142,173,272
3323,130,175,250
3341,132,165,333
3342,156,177,250
3344,104,178,254
3328,119,169,289
3341,135,171,246
3335,126,167,245
3311,144,170,244
3326,128,176,247
3333,126,192,248
3323,129,171,244
3345,128,108,258
3323,113,164,236
3317,128,166,242
3313,144,164,240
3323,128,179,224
3332,235,162,230
3418,124,161,204
3334,130,165,213
3324,144,167,209
3335,145,174,220
3347,153,160,216
3327,156,158,206
3319,162,158,191
3333,149,160,207
3339,153,158,198
3324,154,176,204
3313,153,157,205
3324,158,156,217
3324,167,160,188
3313,126,156,145
3338,146,164,208
3320,150,192,206
3319,163,156,220
3328,150,170,206
3332,150,172,215
3343,150,161,232
3343,147,184,234
3338,153,170,228
3301,162,170,222
3426,148,181,228
3308,168,171,210
3436,147,169,221
3332,160,198,224
3331,62,164,211
3343,157,162,198
3330,163,159,228
3335,157,165,230
3307,172,164,233
3318,242,168,211
3320,164,139,226
3315,168,43,225
3326,153,164,210
3333,154,166,208
3331,146,161,231
3349,155,242,230
3332,156,148,225
3342,151,162,233
3344,164,161,226
3339,126,160,232
3341,146,150,227
3310,152,162,313
3348,143,159,246
3324,150,164,224
3322,147,158,216
3311,147,157,208
3305,144,292,215
3342,147,152,206
3315,162,138,211
3349,132,154,203
3331,147,158,207
3316,137,153,192
3332,142,147,206
3328,157,148,199
3346,141,152,198
3333,156,155,194
3313,141,154,186
3342,138,160,195
3336,138,152,192
3332,145,163,194
3327,154,153,205
3324,145,152,185
3312,132,153,191
3299,143,157,184
3320,143,151,196
3314,162,136,200
3339,137,89,198
3319,156,151,180
3341,144,154,187
3313,144,166,196
3342,266,154,194
3339,148,156,188
3339,158,136,202
3338,148,155,194
3333,168,155,195
3330,151,151,195
3328,152,173,171
3353,156,139,191
3322,166,152,192
3313,140,152,250
3321,152,157,210
3349,148,157,238
3319,148,165,222
3315,122,172,225
3261,134,169,221
3329,147,168,208
3329,140,168,193
3354,144,164,222
3339,144,174,221
3318,142,175,227
3341,0,175,230
3340,137,172,223
3300,142,174,190
3321,132,175,224
3319,203,168,223
3329,139,171,220
3322,156,170,217
3321,132,174,221
3331,141,78,234
3337,140,183,210
3333,136,191,239
3321,131,184,239
3294,125,207,211
3345,134,183,222
3323,147,202,239
3350,124,278,251
3361,136,222,262
3322,122,223,261
3341,151,228,192
3329,135,223,245
3308,129,179,237
3329,139,219,237
3319,106,216,176
3343,114,219,233
3315,126,259,219
3323,128,212,230
3323,133,215,222
3344,135,222,242
3319,157,212,231
3342,134,200,226
3338,155,192,235
3319,141,207,239
3338,133,194,249
3330,146,205,234
3333,133,201,237
3341,131,203,234
3319,63,193,224
3233,136,200,234
3328,130,272,243
3332,86,209,234
3322,135,194,229
3325,133,196,232
3325,129,194,235
3320,151,205,244
3417,133,212,244
3323,132,220,241
3329,137,197,241
3328,132,222,250
3331,86,209,242
3329,121,217,241
3331,138,216,253
3329,118,213,239
3336,140,206,237
3314,148,201,237
3360,144,343,243
3336,135,212,204
3328,128,213,231
3335,140,210,240
3300,139,205,221
3346,142,316,229
3319,139,203,242
3330,139,203,231
3305,135,203,225
3323,138,202,219
3356,140,197,219
3323,112,206,161
3321,159,199,203
3334,146,174,208
3319,147,196,236
3337,150,193,203
3342,153,196,213
3319,142,202,215
3319,149,170,196
3329,155,180,195
3329,157,178,192
3316,151,206,177
3353,150,186,259
3307,158,171,198
3312,138,192,204
3322,165,196,178
3319,232,184,196
3335,96,184,191
3209,124,176,96
3326,140,189,186
3330,172,171,194
3328,137,175,171
3342,138,181,180
3329,148,175,181
3347,91,176,177
3324,138,173,122
3314,143,168,176
3339,144,172,168
3319,143,174,174
3307,142,183,164
3320,142,166,166
3322,142,182,184
3338,144,65,174
3322,140,159,176
3324,146,90,169
3338,139,176,177
3332,128,157,188
3351,138,182,185
3329,126,224,172
3383,114,176,182
3338,151,182,190
3341,114,184,196
3330,139,179,198
3317,136,181,212
3333,150,179,228
3307,154,180,209
3340,144,263,239
3338,159,185,244
3329,147,190,176
3330,153,186,241
3327,152,205,233
3319,137,184,231
3315,166,173,215
3331,150,163,213
3321,165,178,225
3331,137,180,228
3337,139,192,220
3342,147,181,219
3354,147,308,226
3335,174,174,218
3326,142,179,184
3460,148,178,230
3319,154,187,218
3318,147,200,218
3324,170,172,226
3307,174,168,233
3319,157,164,227
3318,146,179,224
3335,147,171,216
3319,133,178,209
3318,149,158,236
3324,155,159,208
3325,152,169,214
3328,148,169,203
3344,181,164,203
3326,150,158,231
3331,153,160,160
3328,151,165,222
3333,151,151,215
3325,149,164,211
3333,149,170,208
3330,148,144,213
3331,130,173,221
3320,144,156,216
3329,145,150,239
3312,149,169,211
3323,146,165,210
3275,148,167,212
3330,144,177,222
3304,144,171,211
3317,143,173,220
3310,141,184,188
3317,139,244,206
3331,165,157,236
3342,141,172,238
3331,146,170,221
3329,138,172,218
3331,140,168,214
3257,149,167,219
3341,129,177,211
3338,144,165,204
3334,136,176,188
3330,127,162,200
3332,139,177,200
3344,136,166,197
3331,188,157,218
3320,115,169,202
3350,132,158,206
3322,138,169,212
3325,137,178,208
3335,137,162,202
3340,239,164,201
3336,139,163,217
3289,134,161,199
3330,135,177,204
3329,136,164,203
3332,137,161,206
3312,121,160,160
3319,135,153,211
3315,134,201,214
3315,132,183,216
3298,136,201,214
3317,134,192,217
3318,136,225,213
3361,123,208,218
3339,122,210,215
3325,131,229,226
3327,237,211,216
3337,0,218,217
3353,121,220,214
3315,128,218,208
3338,125,239,205
3331,134,192,202
3331,135,211,204
3340,115,218,205
3304,136,209,196
3317,90,228,217
3318,146,211,221
3321,133,188,204
3317,125,208,225
3330,128,218,200
3328,128,142,225
3340,128,211,234
3332,114,215,212
3328,128,208,225
3325,126,206,225
3331,130,207,230
3317,121,202,221
3362,125,228,220
3328,129,218,223
3325,136,225,223
3368,128,231,243
3332,141,229,219
3330,0,228,219
3329,154,227,227
3310,138,233,198
3328,128,224,221
3327,138,232,209
3331,122,230,217
3321,114,231,235
3321,123,228,227
3320,128,202,236
3321,124,238,231
3333,126,215,233
3333,138,213,232
3339,113,227,142
3330,128,221,239
3343,98,229,230
3331,124,217,239
3315,132,217,182
3324,123,215,231
3331,123,214,240
3318,180,211,260
3346,121,217,291
3295,122,194,270
3322,114,212,269
3329,123,200,252
3333,123,203,260
3335,122,212,265
3386,123,212,242
3349,105,209,250
3332,130,213,236
3328,124,206,248
3342,137,200,246
3322,120,203,224
3320,113,199,243
3309,122,205,239
3333,131,177,236
3321,123,176,234
3266,133,210,233
3323,133,214,232
3294,144,224,233
3256,134,222,234
3331,137,163,220
3316,144,202,209
3331,137,219,223
3380,138,219,207
3344,137,145,230
3341,144,229,233
3326,123,229,236
3333,154,222,227
3335,144,221,225
3329,151,212,233
3330,128,217,220
3322,133,227,124
3312,282,217,222
3320,149,234,210
3328,147,173,209
3316,141,218,221
3317,144,215,232
3345,119,215,220
3313,145,220,213
3318,154,197,220
3330,147,210,202
3324,123,214,217
3337,152,209,105
3331,145,219,214
3348,154,212,214
3327,137,216,209
3334,130,212,187
3364,149,213,217
3331,118,209,201
3338,172,184,202
3306,145,203,187
3328,148,207,198
3318,135,197,210
3321,124,206,194
3312,168,202,189
3315,122,201,202
3313,153,178,212
3332,146,198,208
3314,135,242,202
3328,165,200,199
3328,170,217,198
3337,137,197,193
3313,137,194,188
3348,141,93,186
3307,136,188,189
3319,132,226,194
3330,140,189,193
3318,136,202,180
3319,139,189,192
3321,124,189,191
3316,125,191,192
3341,136,186,182
3322,212,190,173
3344,135,177,202
3317,134,184,195
3336,134,181,200
3330,136,193,198
3311,128,185,196
3328,121,181,225
3321,132,197,223
3323,133,181,217
3327,154,184,226
3326,142,182,215
3331,141,210,222
3298,155,184,321
3321,128,185,220
3303,151,178,217
3326,149,180,210
3306,142,181,212
3315,146,182,215
3311,140,180,214
3312,152,55,211
3317,140,176,217
3328,113,190,227
3326,139,209,236
3320,138,194,254
3321,134,222,261
3321,135,224,272
3355,128,222,364
3323,141,241,294
3342,136,257,308
3309,137,218,298
3326,138,264,293
3341,143,248,299
3321,110,266,284
3317,134,276,284
3320,129,256,261
3330,139,248,278
3303,134,221,281
3329,132,244,268
3333,124,245,274
3327,131,248,259
3344,125,246,272
3335,130,240,266
3330,133,239,280
3317,134,239,277
3322,119,248,276
3319,134,218,270
3319,133,232,257
3318,133,234,271
3237,134,218,268
3315,129,238,275
3319,149,229,199
3318,142,230,260
3315,134,225,268
3266,134,232,251
3335,133,167,264
3332,133,237,247
3327,137,216,263
3325,129,223,238
3341,140,226,258
3332,130,232,251
3341,126,230,247
3335,124,229,251
3348,129,240,249
3333,137,227,235
3337,130,141,257
3330,141,222,246
3316,130,224,243
3317,122,225,242
3291,123,233,246
3329,134,241,239
3307,129,233,225
3324,119,249,231
3329,150,240,215
3329,120,240,188
3346,123,128,226
3331,130,242,242
3368,122,262,253
3358,131,251,281
3313,129,259,253
3328,136,236,266
3321,162,272,264
3328,136,239,267
3324,163,247,272
3290,147,273,228
3313,158,275,260
3319,162,259,248
3346,190,232,272
3297,157,243,257
3318,159,237,253
3317,182,232,246
3299,143,256,230
3340,163,218,242
3337,155,236,244
3377,140,235,256
3334,160,225,262
3326,155,228,270
3319,151,227,269
3317,89,220,273
3323,154,237,276
3323,160,225,296
3317,128,211,287
3335,150,228,291
3316,157,224,264
3323,152,221,284
3309,156,207,287
3322,151,238,282
3316,149,194,276
3300,145,218,269
3316,156,215,267
3303,150,201,261
3307,168,215,260
3330,151,210,285
3304,149,209,248
3383,146,208,262
3340,156,208,124
3351,144,315,249
3321,149,206,258
3313,147,211,238
3344,141,201,249
3299,162,204,239
3308,143,205,236
3253,160,206,234
3320,134,204,231
3326,156,204,168
3328,140,202,231
3336,140,194,229
3329,156,187,226
3344,114,200,225
3339,132,184,222
3348,137,200,217
3331,137,177,234
3329,145,200,222
3332,136,203,214
3332,139,321,218
3328,154,173,211
3337,132,200,226
3292,136,198,207
3319,140,215,210
3331,144,178,220
3326,136,201,218
3311,124,215,362
3332,122,242,225
3335,130,216,233
3339,283,212,234
3389,132,213,225
3331,139,204,226
3335,132,212,229
3329,116,229,208
3316,138,209,243
3308,113,226,259
3323,133,233,251
3323,111,238,257
3346,128,243,268
3334,135,234,252
3318,101,250,238
3319,140,235,249
3307,148,245,256
3321,133,236,306
3326,141,234,263
3331,154,229,249
3331,165,238,232
3343,145,228,268
3379,148,240,256
3334,141,239,248
3334,242,257,268
3357,141,232,273
3322,162,230,264
3320,147,218,273
3332,145,237,276
3328,144,238,276
3340,134,224,269
3316,110,243,259
3321,150,225,267
3313,126,256,270
3329,149,235,267
3319,155,234,263
3325,151,232,260
3312,157,228,260
3326,150,234,264
3329,146,230,253
3329,151,256,240
3314,135,249,208
3365,143,230,264
3314,141,229,239
3329,176,217,237
3332,157,197,234
3206,151,221,243
3326,139,221,234
3326,147,211,237
3318,154,212,230
3320,132,210,227
3332,148,212,239
3286,135,227,211
3330,153,190,226
3323,143,209,222
3327,144,208,210
3333,139,207,224
3312,140,216,216
3325,134,212,216
3332,153,214,192
3347,136,212,208
3330,145,202,207
3330,146,216,206
3319,144,213,223
3330,143,208,205
3317,139,215,230
3316,144,207,224
3293,126,226,181
3324,154,215,230
3320,146,210,215
3295,154,219,214
3326,147,207,203
3383,145,213,201
3321,134,230,202
3301,137,204,208
3333,128,212,208
3328,145,207,211
3335,136,212,204
3330,147,230,209
3328,148,209,198
3325,144,209,200
3298,140,216,205
3324,139,189,214
3316,146,202,189
3311,136,218,198
3289,144,224,214
3306,139,218,213
3302,155,227,233
3319,139,278,228
3308,141,217,219
3337,134,211,221
3336,146,221,227
3334,137,216,232
3333,141,220,219
3342,133,225,218
3310,126,242,218
3331,209,219,216
3323,231,232,211
3346,122,214,208
3327,127,219,204
3333,145,218,198
3325,134,223,201
3354,131,216,207
3323,126,214,233
3316,115,212,205
3318,134,212,205
3319,134,226,196
3336,132,182,198
3315,130,233,190
3263,109,208,126
3335,132,201,196
3328,137,214,195
3327,82,212,198
3322,133,210,177
3341,54,209,197
3333,130,211,201
3324,132,220,198
3328,130,194,195
3336,131,205,197
3325,130,207,197
3367,130,204,206
3327,131,200,174
3325,129,204,180
3330,130,207,162
3359,128,202,192
3337,120,185,180
3333,112,193,176
3328,126,205,189
3329,128,213,172
3333,148,195,175
3354,136,195,187
3342,124,185,196
3323,136,192,154
3327,136,205,181
3319,131,194,186
3326,133,176,194
3322,133,166,202
3318,134,185,176
3301,128,182,184
3309,143,194,190
3323,155,180,118
3321,136,170,188
3323,141,182,182
3330,137,209,182
3326,140,182,185
3340,128,170,182
3334,132,182,185
3329,139,180,185
3316,140,184,186
3346,131,179,188
3338,139,183,188
3332,142,177,190
3319,113,194,204
3324,142,197,199
3322,141,178,210
3328,290,182,205
3341,136,183,196
3323,139,181,200
3298,142,170,194
3405,142,181,193
3337,137,179,197
3320,116,177,194
3330,137,186,211
3340,136,177,168
3316,138,178,188
3327,131,202,185
3300,136,186,168
3321,135,181,172
3321,132,150,181
3316,136,170,155
3331,134,167,172
3320,126,94,186
3322,134,181,172
3317,133,173,178
3319,133,181,174
3325,135,85,193
3309,125,193,171
3317,121,179,180
3329,136,173,246
3330,109,182,185
3333,130,182,177
3379,131,184,193
3338,128,177,185
3408,128,179,167
3319,122,195,167
3257,138,181,173
3297,105,180,116
3323,102,180,188
3332,137,179,162
3328,130,189,205
3338,134,246,172
3321,141,177,166
3333,144,189,160
3320,140,176,240
3315,128,185,160
3299,148,162,169
3315,133,188,163
3333,134,147,158
3326,0,170,160
3327,81,182,174
3308,147,169,168
3338,129,168,152
3330,132,162,192
3319,130,192,189
3346,117,166,193
3308,213,169,189
3321,121,174,177
3320,154,165,187
3319,134,195,212
3325,132,164,216
3325,137,160,220
3325,107,166,278
3320,128,159,247
3329,132,199,225
3328,131,162,236
3317,131,183,243
3336,120,171,244
3340,133,153,272
3339,121,166,265
3318,129,181,273
3331,127,161,250
3360,117,179,273
3329,133,171,269
3321,114,177,256
3322,246,167,272
3314,224,156,258
3316,133,164,298
3317,141,175,294
3329,135,97,298
3334,134,166,302
3371,145,161,292
3320,136,167,291
3303,134,287,294
3313,107,170,307
3328,132,228,319
3327,153,168,316
3339,148,165,318
3282,171,157,310
3358,138,171,301
3326,148,167,266
3340,161,41,302
3320,183,156,308
3308,151,168,275
3311,159,166,288
3319,148,166,294
3307,170,144,294
3321,181,153,365
3307,172,113,283
3318,161,149,288
3320,165,155,272
3329,160,164,270
3332,136,167,268
3340,156,171,283
3351,158,147,256
3338,130,164,252
3388,168,162,262
3326,151,165,249
3320,164,168,246
3328,176,159,241
3315,158,211,241
3335,161,168,236
3324,168,162,230
3342,161,169,227
3332,182,160,228
3207,160,162,209
3337,151,169,220
3336,212,148,221
3326,156,182,216
3323,165,176,204
3331,147,184,215
3333,158,160,211
3335,171,185,213
3336,153,184,209
3323,175,186,197
3321,144,196,205
3317,152,196,211
3318,151,175,211
3317,140,167,218
3318,154,177,282
3318,122,184,198
3316,147,173,262
3313,137,178,207
3318,149,154,206
3309,150,186,192
3317,148,196,253
3314,170,195,113
3310,146,200,204
3325,167,200,217
3408,166,195,206
3333,168,204,224
3315,168,212,239
3322,144,222,213
3324,169,220,228
3329,168,215,220
3334,157,216,224
3330,177,208,216
3312,165,239,229
3317,99,214,228
3311,153,262,212
3318,45,214,221
3322,160,223,215
3317,158,200,225
3327,162,203,240
3317,144,226,220
3329,139,210,232
3333,158,207,213
3358,148,212,234
3334,204,212,230
3328,159,235,228
3310,181,201,215
3307,162,239,233
3312,152,216,256
3296,177,225,244
3316,151,231,290
3314,203,206,254
3327,168,235,267
3335,190,202,275
3327,185,230,267
3324,173,229,267
3332,171,244,256
3342,217,213,271
3356,164,236,265
3325,158,236,253
3326,146,246,254
3331,167,238,260
3333,180,234,244
3328,166,226,251
3324,165,237,239
3306,173,223,232
3326,161,239,243
3324,160,250,250
3323,160,229,228
3329,154,228,221
3318,160,212,226
3318,154,204,216
3406,159,222,224
3319,152,216,229
3304,151,232,228
3319,155,224,229
3320,184,218,228
3317,175,223,213
3338,154,213,249
3315,137,217,245
3323,151,219,244
3382,168,210,326
3363,150,213,261
3329,165,200,305
3327,148,211,234
3325,161,212,281
3328,148,207,207
3330,141,209,178
3334,148,200,220
3325,146,205,213
3344,145,205,223
3328,147,230,216
3321,152,205,211
3331,144,117,206
3324,167,200,143
3334,152,198,224
3338,154,206,202
3323,159,196,204
3461,152,196,181
3344,147,190,214
3336,147,194,199
3320,151,200,199
3300,137,208,200
3295,148,197,196
3315,148,189,198
3313,225,201,200
3316,147,199,201
3389,132,194,159
3328,140,200,184
3292,145,210,204
3316,148,198,207
3340,142,196,199
3328,148,182,215
3328,143,196,203
3324,148,176,210
3327,145,196,204
3319,156,185,209
3339,142,200,221
3320,134,198,214
3337,154,194,224
3319,145,188,210
3326,144,211,208
3318,144,181,217
3322,143,209,214
3356,122,190,218
3321,146,190,209
3321,146,190,195
3326,150,185,209
3331,150,189,217
3392,149,187,223
3337,152,216,227
3353,143,162,224
3329,152,198,216
3306,146,184,223
3333,147,183,219
3323,148,183,220
3331,145,182,233
3290,155,180,160
3314,144,187,224
3320,152,181,201
3323,143,172,208
3319,137,178,208
3317,141,178,208
3316,144,168,184
3319,161,179,206
3344,134,188,200
3319,143,151,206
3317,140,168,209
3349,155,160,228
3315,145,166,219
3350,135,186,236
3336,140,166,242
3321,154,168,225
3277,139,174,248
3315,139,170,210
3350,148,161,247
3325,141,158,218
3329,141,190,237
3333,132,172,234
3322,136,155,238
3316,118,132,218
3298,135,178,219
3315,151,179,203
3316,140,161,232
3318,141,167,231
3323,142,173,243
3312,146,157,243
3297,141,113,242
3323,147,168,300
3311,139,176,245
3326,144,164,264
3325,141,173,262
3330,142,184,288
3323,148,151,294
3329,142,200,293
3347,136,151,287
3295,135,177,283
3320,142,174,299
3317,137,158,290
3331,138,180,289
3327,136,170,303
3328,138,172,282
3339,138,171,292
3324,107,192,296
3319,138,196,290
3315,137,192,298
3312,119,221,289
3334,136,161,285
3312,137,221,264
3314,137,235,293
3226,147,231,278
3313,111,235,277
3323,141,235,312
3322,136,257,286
3346,128,271,370
3317,135,278,287
3390,141,282,279
3345,41,276,280
3323,11,284,274
3347,135,283,270
3338,141,290,254
3323,125,291,269
3343,139,405,265
3335,139,264,266
3330,155,277,272
3305,154,287,264
3310,154,288,249
3315,148,286,258
3313,128,295,258
3321,137,286,283
3312,159,288,267
3311,151,296,274
3321,151,273,259
3327,150,295,270
3345,148,186,268
3328,146,301,251
3363,130,300,273
3325,140,293,269
3330,145,306,271
3318,256,277,266
3309,161,276,262
3315,136,270,270
3334,160,272,264
3326,165,281,248
3337,158,266,256
3321,155,274,256
3328,146,270,252
3316,158,277,250
3334,155,272,230
3316,175,274,251
3319,157,266,262
3315,160,262,253
3319,157,281,261
3322,172,263,234
3330,161,264,256
3337,144,270,340
3334,179,263,257
3317,152,266,246
3346,152,266,246
3313,162,264,197
3325,154,243,262
3318,150,235,246
3328,151,254,250
3314,103,256,236
3321,153,253,236
3308,161,248,241
3315,149,248,244
3306,227,261,240
3312,143,256,226
3310,145,259,218
3308,149,295,224
3322,151,254,226
3347,147,232,222
3341,175,254,221
3318,145,315,210
3334,150,258,225
3317,152,272,224
3316,144,272,201
3329,151,262,220
3323,176,231,217
3326,149,263,236
3299,144,323,217
3328,118,249,217
3325,174,252,208
3315,88,257,210
3316,142,249,224
3339,154,235,215
3318,139,251,214
3313,149,233,213
3356,135,242,214
3333,145,228,221
3336,125,250,210
3335,137,239,235
3332,126,239,222
3323,139,236,215
3331,142,209,214
3344,122,227,222
3341,149,234,236
3318,143,230,203
3315,142,243,220
3314,142,228,213
3285,141,230,209
3320,136,217,222
3319,144,227,226
3323,137,236,220
3326,155,234,227
3321,151,231,238
3343,131,213,232
3336,137,231,242
3352,126,312,228
3302,136,228,232
3324,107,232,222
3317,153,201,229
3316,136,230,217
3315,148,223,216
3438,140,217,198
3321,144,230,211
3331,150,215,205
3319,142,213,210
3307,151,214,201
3307,143,217,198
3339,146,202,187
3315,149,217,207
3324,125,209,210
3314,145,49,188
3321,155,210,186
3325,128,222,201
3327,164,210,187
3329,158,209,191
3315,170,205,189
3306,169,236,192
3335,161,209,194
3316,167,205,194
3316,195,216,182
3321,168,204,214
3316,160,202,220
3321,171,201,215
3301,172,203,216
3312,139,199,176
3323,160,198,216
3319,158,216,220
3337,157,201,223
3318,157,201,200
3334,148,205,220
3349,157,212,235
3333,145,224,217
3317,175,206,221
3317,146,229,217
3334,146,206,231
3312,158,202,227
3296,158,228,233
3325,164,200,232
3329,67,189,230
3316,160,198,256
3318,180,198,234
3320,151,198,235
3336,160,187,236
3321,157,192,212
3337,157,193,224
3318,164,204,229
3394,158,190,250
3322,165,167,212
3305,164,190,228
3322,161,189,239
3289,156,201,228
3322,160,186,225
3324,162,183,216
3304,150,185,212
3317,161,211,225
3308,162,172,208
3316,147,184,213
3330,144,184,213
3304,157,181,210
3318,154,179,226
3322,146,177,217
3339,151,156,217
3312,155,168,219
3322,154,200,228
3311,166,192,240
3299,149,195,241
3332,152,196,241
3338,148,124,246
3334,141,216,249
3326,154,213,325
3326,152,233,237
3327,148,221,238
3323,164,214,239
3315,151,214,236
3306,149,218,232
3314,136,227,235
3327,154,205,224
3331,176,215,206
3346,156,208,226
3356,151,206,233
3329,154,207,227
3341,165,200,213
3334,146,200,201
3328,155,169,216
3332,103,200,208
3326,151,208,132
3302,154,216,195
3310,150,217,210
3326,151,198,216
3322,149,220,204
3352,146,202,215
3300,137,223,219
3332,146,210,214
3323,141,208,214
3319,151,213,209
3325,146,209,216
3320,145,207,208
3352,148,204,232
3324,139,224,236
3313,139,227,222
3304,143,225,213
3272,166,221,217
3322,158,222,224
3328,148,218,219
3312,166,220,204
3322,171,217,217
3328,163,217,223
3236,181,210,221
3318,164,214,187
3323,161,267,215
3330,65,211,220
3303,164,206,201
3311,162,345,226
3326,170,206,217
3334,156,223,215
3328,173,194,218
3312,153,202,237
3357,162,207,224
3304,160,209,215
3333,144,200,208
3318,150,202,209
3327,156,194,194
3332,173,197,168
3322,153,194,194
3328,155,197,206
3324,162,192,201
3328,132,198,209
3311,155,214,211
3335,164,197,204
3312,152,195,223
3311,160,86,220
3323,144,204,217
3322,150,196,222
3333,259,191,229
3355,143,199,237
3321,144,208,228
3337,152,185,240
3308,159,198,204
3329,146,198,159
3334,170,185,220
3326,258,205,222
3365,147,177,214
3319,159,186,210
3297,146,190,216
3329,155,191,207
3307,163,189,323
3330,155,193,223
3321,148,187,226
3383,149,186,220
3338,146,179,220
3309,138,200,206
3339,251,184,210
3333,153,228,218
3336,146,180,206
3327,141,199,191
3424,146,184,199
3314,145,186,200
3307,156,167,205
3431,147,179,206
3303,163,179,193
3342,145,177,186
3315,154,175,252
3319,137,183,205
3308,132,188,214
3317,141,172,231
3309,146,214,230
3314,148,234,230
3319,152,273,227
3323,146,230,238
3322,178,249,242
3329,126,248,249
3321,141,256,256
3325,154,277,253
3339,150,270,251
3336,177,257,241
3332,142,283,250
3345,150,288,241
3329,149,278,237
3332,153,274,238
3329,148,285,211
3328,139,279,242
3325,144,250,241
3337,144,266,235
3395,160,267,317
3339,144,262,229
3335,143,247,238
3340,145,258,224
3328,161,257,228
3335,136,254,236
3336,147,280,228
3337,164,242,231
3333,141,241,217
3328,161,247,204
3345,140,238,217
3307,145,242,210
3319,151,242,209
3314,162,250,207
3324,155,246,210
3322,162,236,196
3318,107,250,201
3331,160,246,208
3339,159,236,197
3339,161,240,190
3338,156,229,179
3348,136,229,195
3366,156,235,196
3337,154,230,195
3327,157,233,194
3336,157,228,176
3337,160,227,180
3317,153,224,184
3323,152,225,185
3326,148,216,186
3307,150,218,197
3332,151,229,184
3338,93,228,183
3310,153,229,178
3318,172,214,198
3324,153,226,188
3340,154,243,193
3322,139,246,197
3311,173,265,207
3329,154,248,213
3350,173,245,202
3334,153,239,212
3212,155,272,224
3319,154,271,206
3323,128,294,210
3339,154,300,223
3319,152,298,211
3326,154,308,199
3322,152,280,214
3325,151,275,225
3322,147,281,219
3319,162,256,230
3313,155,282,206
3321,96,282,224
3321,161,275,222
3320,163,272,217
3334,146,271,216
3334,144,283,214
3339,160,307,209
3340,144,268,208
3336,174,280,208
3323,154,272,207
3314,146,282,204
3334,146,273,204
3306,155,258,193
3323,154,268,199
3326,148,250,189
3323,149,271,192
3323,142,248,200
3311,145,329,192
3346,147,258,189
3323,136,242,195
3319,140,272,192
3340,139,280,216
3321,145,280,204
3321,144,260,211
3332,160,267,220
3355,128,267,232
3332,181,261,250
3330,144,268,236
3339,136,259,229
3333,143,288,210
3343,141,292,224
3321,146,285,291
3328,141,271,225
3323,149,278,227
3321,142,280,218
3321,144,287,219
3339,99,277,214
3330,126,273,226
3344,150,359,236
3306,157,270,238
3318,163,275,253
3331,212,275,257
3328,162,288,259
3360,156,289,256
3332,165,273,264
3327,160,275,269
3331,160,280,256
3334,152,290,288
3348,157,397,290
3330,160,286,281
3338,148,291,281
3294,159,293,283
3324,155,286,283
3323,156,279,274
3323,151,272,274
3333,139,270,275
3337,150,177,260
3323,130,270,264
3337,171,272,276
3476,152,268,284
3406,150,251,251
3324,145,293,256
3241,159,264,251
3333,156,261,274
3335,158,250,279
3309,156,257,272
3343,156,230,272
3328,157,279,251
3334,156,266,257
3340,158,381,265
3331,144,247,256
3336,137,262,249
3347,143,242,242
3317,153,236,239
3345,152,245,253
3267,153,236,239
3353,146,239,256
3328,251,223,259
3331,149,229,272
3325,258,230,256
3323,145,231,253
3325,150,232,253
3270,148,230,246
3334,158,202,244
3308,147,229,249
3318,158,232,248
3300,168,222,243
3333,172,209,227
3338,176,229,232
3329,187,228,241
3333,170,225,226
3334,158,224,246
3340,173,223,239
3336,170,266,233
3344,171,214,234
3367,168,226,237
3392,173,217,258
3346,169,132,245
3312,169,88,237
3331,166,211,232
3341,178,192,230
3350,169,203,229
3330,183,207,125
3332,223,208,228
3318,170,225,231
3326,129,194,216
3324,178,183,227
3317,164,210,196
3330,166,207,228
3344,180,196,219
3356,163,146,214
3342,174,207,275
3329,169,238,210
3340,160,209,227
3338,161,216,216
3327,154,217,215
3332,167,202,216
3320,151,224,215
3340,163,212,239
3432,148,208,218
3331,151,208,211
3339,165,208,210
3336,156,211,201
3331,168,196,218
3327,153,217,199
3336,150,216,202
3346,158,272,195
3355,152,190,194
3351,141,209,195
3327,149,182,195
3330,153,209,201
3286,150,197,187
3501,153,196,207
3326,148,196,205
3323,136,222,205
3353,151,199,210
3300,157,192,194
3331,134,198,196
3346,158,189,212
3322,147,192,213
3347,130,190,216
3305,141,354,214
3343,124,194,216
3328,150,197,220
3327,158,220,231
3367,154,209,247
3315,170,194,237
3348,199,204,237
3325,177,199,253
3320,189,215,250
3331,71,207,251
3331,182,223,250
3352,163,226,258
3341,199,210,241
3335,180,242,293
3317,184,230,264
3329,186,253,252
3346,155,230,253
3322,194,226,249
3321,177,238,243
3323,184,222,245
3321,164,226,240
3335,182,224,246
3329,195,221,230
3353,176,250,239
3341,196,224,231
3340,173,238,224
3342,177,200,234
3344,186,233,241
3333,177,229,224
3326,168,229,223
3316,170,282,201
3325,173,226,224
3318,176,241,229
3326,169,201,222
3317,169,222,219
3318,165,221,226
3327,169,217,231
3341,166,217,236
3343,160,208,241
3341,166,196,262
3339,165,213,243
3339,164,214,247
3331,123,237,248
3322,184,227,244
3339,162,157,237
3332,158,238,244
3340,151,322,256
3320,173,242,237
3320,134,242,256
3321,158,235,254
3332,167,212,256
3322,155,235,230
3339,274,233,240
3326,120,228,238
3338,157,191,236
3325,155,228,239
3329,153,216,248
3321,129,232,256
3328,130,250,250
3341,167,246,241
3338,149,256,261
3328,142,266,269
3336,156,248,252
3344,138,267,173
3319,146,254,260
3344,144,256,258
3323,55,267,253
3349,149,238,254
3329,162,249,250
3334,164,250,248
3320,192,242,240
3353,162,228,245
3336,169,249,240
3365,186,237,256
3345,164,256,237
3327,153,250,247
3338,154,265,233
3328,162,240,259
3332,186,228,250
3368,157,240,320
3342,155,227,248
3334,148,256,242
3339,154,100,238
3326,161,251,239
3325,158,241,249
3324,162,231,224
3325,156,240,235
3323,170,210,240
3318,159,238,223
3323,156,238,244
3326,160,240,240
3329,146,197,224
3339,160,231,235
3332,162,256,240
3343,159,242,232
3326,153,270,252
3342,138,263,247
3486,164,264,241
3324,163,268,245
3331,165,264,249
3314,162,256,244
3345,157,259,254
3311,171,257,249
3328,163,248,240
3323,152,261,243
3333,167,277,253
3280,160,244,259
3381,158,242,272
3324,136,264,239
3318,183,250,272
3323,156,272,250
3325,155,265,251
3336,158,266,249
3336,156,263,256
3308,178,262,257
3319,185,282,256
3322,154,274,260
3334,156,274,251
3335,150,268,247
3343,173,262,230
3318,148,270,241
3338,150,263,238
3328,142,266,232
3342,124,256,230
3341,149,260,229
3345,144,156,222
3342,169,247,227
3355,157,261,248
3334,146,260,248
3341,147,261,272
3337,140,259,273
3305,146,257,276
3314,136,271,292
3293,153,258,304
3316,167,239,308
3330,143,256,295
3310,151,260,304
3313,152,250,305
3347,153,247,307
3304,147,256,283
3350,148,260,355
3331,144,256,307
3374,153,248,292
3334,176,235,288
3321,147,361,293
3340,148,239,285
3343,160,252,298
3334,149,252,278
3333,150,225,258
3313,147,246,266
3331,136,243,264
3324,156,230,274
3324,145,254,300
3311,168,246,278
3335,148,248,274
3336,146,233,268
3341,148,238,271
3359,147,237,266
3329,125,213,262
3347,131,240,257
3345,148,254,250
3332,153,227,240
3369,149,228,260
3358,148,236,276
3334,140,237,281
3345,168,228,268
3328,146,241,266
3325,149,225,295
3328,145,215,285
3317,153,222,282
3311,154,218,282
3319,149,243,270
3330,147,224,280
3339,142,226,264
3319,146,226,274
3346,151,217,268
3331,147,226,253
3328,159,217,240
3332,143,231,244
3336,145,220,273
3344,152,225,259
3334,129,228,253
3335,142,221,254
3334,134,239,242
3347,125,220,242
3343,145,213,246
3332,123,231,254
3340,156,230,234
3330,149,239,240
3334,163,224,273
3230,152,218,265
3314,150,224,282
3333,151,211,257
3338,132,248,259
3308,121,213,206
3337,148,203,265
3332,150,219,254
3344,146,210,228
3349,147,219,245
3328,164,212,246
3322,163,207,260
3321,137,209,263
3327,139,225,265
3320,136,240,270
3333,160,227,266
3336,145,215,272
3333,194,223,276
3333,147,221,283
3285,128,218,249
3335,134,201,292
3335,141,221,271
3342,113,240,272
3324,136,268,267
3358,139,329,274
3334,142,213,267
3338,248,215,268
3361,121,218,265
3337,149,210,164
3325,153,193,260
3333,144,203,258
3364,130,213,264
3351,139,208,244
3315,134,170,242
3341,142,211,226
3321,142,219,264
3342,128,215,270
3325,165,212,275
3325,144,216,276
3338,139,210,281
3313,148,209,244
3317,137,280,265
3344,151,197,324
3344,126,216,270
3360,138,210,276
3322,150,213,264
3326,123,203,262
3329,162,202,264
3323,126,216,257
3322,139,205,261
3308,135,216,252
3324,139,219,230
3396,154,212,332
3332,128,219,257
3333,131,214,264
3333,122,229,261
3337,130,231,272
3333,151,181,250
3348,132,223,241
3328,128,224,256
3349,109,215,256
3334,120,252,264
3441,130,219,245
3344,124,218,246
3328,132,217,244
3289,133,215,234
3332,131,207,243
3326,132,214,232
3297,134,209,223
3329,132,209,222
3331,124,209,220
3328,132,181,228
3328,132,205,215
3328,140,181,218
3328,134,203,205
3332,128,211,124
3353,134,203,202
3332,122,205,121
3335,123,199,166
3333,139,201,203
3336,139,205,201
3339,130,201,189
3324,126,198,207
3345,130,105,196
3324,120,196,193
3351,135,194,212
3325,129,191,190
3322,133,191,199
3337,128,194,210
3310,122,214,208
3332,110,234,232
3325,124,218,210
3333,129,218,207
3329,128,212,237
3328,138,236,244
3332,161,239,272
3327,147,256,251
3313,134,262,252
3347,157,256,252
3332,153,253,250
3334,143,256,249
3329,152,272,246
3328,153,265,249
3321,163,272,248
3318,145,275,260
3329,177,278,258
3320,134,307,250
3317,152,285,251
3328,151,280,270
3332,156,258,322
3333,150,246,244
3336,148,256,245
3343,148,252,254
3337,152,276,219
3341,162,249,248
3331,160,272,226
3336,141,286,232
3344,145,241,226
3336,137,280,277
3344,144,265,193
3342,153,259,210
3321,167,264,221
3321,142,260,215
3319,125,292,216
3327,125,266,262
3322,141,269,224
3323,124,277,225
3320,145,272,148
3338,251,270,220
3331,149,272,224
3339,140,265,218
3341,131,268,228
3352,138,238,227
3333,162,266,217
3325,136,256,224
3344,130,264,212
3345,138,352,221
3316,137,252,223
3372,114,264,242
3341,138,272,265
3313,142,262,264
3341,129,260,282
3333,158,257,258
3341,122,260,261
3331,131,266,282
3333,147,226,270
3335,141,243,266
3332,132,246,266
3332,122,240,266
3336,152,236,271
3332,131,238,263
3333,129,215,262
3352,137,343,266
3332,142,232,262
3333,139,233,256
3332,139,224,260
3331,136,228,266
3334,147,235,266
3344,141,235,272
3322,144,234,264
3307,145,237,265
3341,61,209,260
3330,118,260,251
3336,139,242,259
3321,160,221,254
3328,148,228,247
3348,163,113,247
3343,168,224,239
3349,155,208,226
3352,163,226,240
3340,165,222,240
3339,158,220,228
3339,157,216,236
3325,152,221,253
3336,271,222,240
3326,148,214,242
3299,155,224,244
3324,148,229,150
3353,104,218,243
3333,158,240,236
3328,114,221,242
3334,157,222,229
3335,166,211,226
3336,158,209,223
3335,130,208,239
3360,152,177,219
3344,155,202,218
3323,138,204,223
3326,159,199,223
3324,146,204,209
3329,149,200,214
3331,154,193,206
3325,140,205,206
3319,151,198,204
3342,149,154,215
3339,149,185,201
3323,166,193,201
3296,128,211,158
3328,163,193,206
3331,159,170,206
3331,149,183,202
3324,137,197,206
3177,146,204,219
3333,151,207,208
3344,148,195,193
3323,150,200,208
3322,151,200,201
3340,144,172,213
3358,156,193,212
3334,140,204,213
3329,158,202,209
3320,140,199,212
3323,155,201,204
3323,75,223,210
3347,152,216,218
3332,139,214,220
3350,154,212,214
3344,147,219,229
3342,145,211,214
3342,148,197,211
3339,144,226,225
3333,139,224,205
3325,205,202,203
3336,146,211,201
3347,135,189,204
3346,137,216,215
3331,143,220,211
3328,159,224,238
3337,126,225,238
3327,138,192,227
3318,141,241,240
3326,143,227,236
3307,141,230,229
3199,139,226,312
3324,142,217,241
3338,241,214,241
3342,140,215,234
3316,135,216,215
3283,135,213,240
3329,164,211,241
3336,140,215,242
3341,85,215,261
3346,134,216,244
3357,118,216,228
3323,145,214,227
3317,128,329,232
3330,148,196,247
3316,129,242,221
3310,160,205,238
3318,175,169,225
3325,138,216,235
3332,172,223,236
3328,172,216,228
3327,163,219,233
3356,172,218,236
3335,152,227,234
3333,159,218,235
3321,160,212,237
3306,155,215,234
3317,157,288,232
3342,148,228,198
3347,183,226,229
3350,148,226,242
3333,160,227,234
3321,162,229,231
3333,130,231,230
3324,170,221,101
3333,153,221,219
3357,166,195,226
3337,131,228,227
3356,150,230,230
3333,153,228,219
3334,148,243,203
3325,156,223,219
3332,155,228,215
3347,152,224,214
3312,148,218,211
3353,144,233,207
3348,151,210,212
3325,144,219,211
3331,150,206,210
3330,150,210,206
3321,122,223,210
3325,150,217,198
3325,117,212,198
3355,151,194,205
3321,130,209,213
3334,125,216,194
3319,145,212,184
3337,133,204,189
3395,141,207,198
3344,123,203,192
3334,141,202,187
3330,129,195,186
3330,121,217,182
3326,138,199,178
3334,126,200,179
3336,141,174,181
3331,139,204,179
3330,223,195,184
3332,140,188,165
3307,131,200,186
3342,132,166,178
3350,149,182,187
3404,144,192,220
3313,140,190,187
3331,149,214,204
3331,144,188,208
3330,238,175,202
3363,134,201,206
3369,140,176,206
3327,139,184,215
3323,143,184,199
3330,140,244,201
3325,128,181,224
3363,174,165,235
3337,133,182,232
3337,162,181,205
3330,169,181,218
3328,150,148,220
3320,130,178,226
3339,136,176,207
3336,144,69,188
3344,128,174,205
3345,158,166,211
3315,118,163,205
3348,137,171,208
3321,138,169,202
3326,142,171,197
3330,131,178,215
3207,138,167,200
3338,129,182,196
3346,138,153,206
3341,139,178,196
3333,138,153,196
3329,135,167,194
3327,136,144,186
3316,114,165,188
3324,122,153,205
3343,132,171,219
3334,128,165,199
3341,150,160,196
3339,153,161,200
3339,226,162,203
3319,133,165,202
3337,134,174,199
3338,134,188,217
3313,135,169,198
3348,90,159,227
3315,131,184,189
3334,133,164,199
3313,144,161,199
3328,126,164,196
3351,134,176,196
3325,163,164,191
3329,131,253,209
3325,133,216,212
3330,111,172,204
3328,144,162,223
3323,133,176,216
3322,121,185,243
3306,133,186,256
3332,132,195,277
3335,136,170,285
3336,136,209,295
3330,128,198,291
3331,114,216,297
3335,145,223,306
3336,145,197,210
3332,136,225,312
3345,144,166,289
3333,0,196,290
3334,132,196,288
3330,135,186,282
3323,127,210,264
3359,117,189,272
3339,140,215,266
3333,155,192,273
3231,144,190,285
3334,143,186,275
3453,144,190,266
3318,142,188,247
3328,144,181,268
3344,143,186,268
3325,132,186,258
3339,143,147,254
3325,130,198,249
3342,145,183,270
3334,141,170,246
3357,142,179,244
3331,151,172,246
3313,145,178,280
3340,141,176,236
3333,144,174,229
3326,159,171,248
3344,132,190,242
3338,138,177,244
3258,141,176,240
3323,142,174,218
3338,145,176,241
3325,143,167,229
3324,119,174,222
3337,157,164,217
3336,149,175,220
3336,136,170,225
3319,144,174,202
3441,141,175,231
3321,147,167,225
3319,141,186,219
3324,160,189,228
3331,157,175,225
3326,137,198,239
3330,149,192,209
3331,140,208,211
3227,141,204,206
3311,144,202,213
3341,133,206,233
3329,150,186,228
3350,130,201,209
3332,137,217,214
3340,104,190,210
3327,138,194,192
3323,136,202,232
3333,139,195,233
3330,122,202,222
3333,132,215,217
3334,122,198,225
3330,134,192,219
3333,126,198,221
3339,149,188,207
3341,137,204,215
3358,148,198,213
3350,133,206,211
3334,134,212,204
3334,130,172,219
3334,128,202,207
3335,128,202,212
3330,136,205,211
3327,138,212,206
3359,140,202,225
3318,146,205,245
3337,143,208,261
3340,152,222,232
3347,161,197,224
3334,149,193,224
3345,154,184,300
3359,144,163,217
3339,119,194,215
3344,142,187,217
3345,142,192,204
3335,130,187,225
3318,152,168,220
3329,143,192,220
3343,142,182,221
3324,148,216,217
3330,148,187,229
3346,144,187,209
3334,142,195,224
3328,152,161,187
3319,155,186,205
3339,133,200,194
3335,163,183,196
3335,170,183,200
3372,153,170,195
3343,152,192,185
3343,151,180,199
3337,147,179,173
3357,153,181,190
3335,172,180,184
3333,124,182,198
3285,165,172,192
3335,153,176,195
3353,159,154,188
3332,145,182,189
3381,128,189,185
3334,147,179,180
3342,146,181,164
3329,133,173,175
3326,146,171,178
3333,150,180,164
3334,139,171,175
3327,140,197,176
3348,142,169,189
3339,141,173,177
3353,139,167,187
3326,155,155,180
3321,116,179,173
3332,122,172,178
3326,141,166,177
3248,141,164,152
3334,157,196,179
3322,147,170,173
3508,139,166,168
3336,141,171,171
3330,145,166,178
3319,143,220,171
3315,96,240,188
3331,149,245,206
3327,146,273,177
3344,146,254,186
3333,158,267,196
3311,154,307,228
3338,148,299,244
3339,203,316,235
3347,147,311,241
3328,198,325,231
3357,93,327,231
3341,148,301,233
3333,147,314,226
3332,142,320,230
3327,139,335,229
3313,148,316,219
3330,161,307,165
3345,186,308,219
3337,141,282,226
3283,144,302,213
3332,144,302,224
3336,145,293,206
3319,139,292,200
3335,146,276,221
3345,252,286,200
3328,126,287,198
3322,157,283,190
3317,140,278,193
3313,163,245,196
3321,140,282,192
3333,153,272,203
3329,149,273,195
3336,160,278,187
3320,144,285,198
3490,152,287,183
3323,154,284,208
3333,129,286,200
3334,152,278,206
3329,152,296,200
3342,145,310,198
3334,147,313,271
3341,147,306,194
3336,164,312,188
3333,146,324,180
3338,141,307,185
3328,144,299,174
3330,146,305,184
3325,244,299,193
3301,135,308,195
3337,133,291,198
3328,152,289,201
3324,147,281,275
3349,140,281,201
3350,139,284,229
3341,125,248,208
3337,138,282,189
3339,138,273,213
3370,139,260,204
3340,161,265,202
3342,114,281,203
3305,136,266,188
3334,151,258,198
3334,137,256,182
3330,132,235,196
3336,130,263,197
3310,133,256,172
3346,142,236,193
3328,136,252,174
3327,120,262,185
3338,145,254,193
3348,129,251,159
3338,110,262,175
3321,139,256,167
3385,146,258,269
3337,132,245,186
3342,139,242,197
3341,117,257,183
3321,138,248,172
3330,128,239,202
3323,139,241,198
3319,154,235,202
3325,131,238,200
3343,131,245,200
3341,142,339,200
3313,144,235,112
3338,128,232,287
3389,145,232,218
3323,148,246,237
3328,147,242,243
3338,146,237,238
3344,152,233,247
3343,148,231,263
3330,210,256,268
3350,120,236,267
3320,160,236,272
3337,155,236,281
3323,150,207,258
3324,139,235,256
3333,190,240,264
3322,152,229,278
3336,171,239,273
3331,153,239,266
3343,136,249,275
3336,149,242,277
3316,140,275,253
3354,152,254,269
3326,168,236,257
3353,138,264,258
3340,152,247,260
3341,136,245,268
3345,151,239,284
3342,153,240,269
3326,147,242,278
3336,164,231,280
3344,125,250,258
3333,158,231,274
3299,148,230,262
3326,145,231,252
3344,126,228,257
3204,145,228,256
3329,147,227,264
3331,149,224,249
3321,151,233,248
3334,193,214,244
3339,146,232,233
3435,153,222,238
3333,153,187,222
3340,156,230,239
3355,146,214,247
3322,148,221,236
3324,152,227,240
3324,153,240,235
3307,150,218,220
3336,156,224,213
3318,152,223,238
3324,166,195,247
3331,152,205,187
3332,149,210,229
3336,151,231,222
3360,149,208,293
3333,157,209,228
3336,165,208,121
3336,149,206,226
3333,147,207,217
3339,142,212,217
3344,147,211,224
3335,132,203,222
3334,171,203,216
3333,150,203,211
3335,125,200,273
3325,144,193,196
3321,141,189,195
3317,138,200,207
3324,142,196,260
3324,144,191,216
3317,148,196,187
3321,135,208,199
3323,165,198,213
3328,158,195,210
3342,158,193,203
3348,154,194,213
3339,40,196,198
3338,152,197,228
3333,153,245,244
3339,148,192,220
3344,155,199,222
3347,128,203,226
3344,146,192,227
3348,160,190,236
3324,169,192,241
3328,141,203,229
3328,153,195,228
3321,154,192,219
3317,157,222,225
3334,138,199,225
3304,141,190,172
3344,158,185,211
3333,159,211,208
3292,155,187,219
3356,156,189,298
3334,145,188,309
3328,157,183,234
3337,140,201,224
3327,148,162,224
3323,141,192,202
3325,143,202,248
3325,153,203,226
3329,148,236,256
3323,150,242,268
3325,162,226,280
3329,148,250,282
3328,181,258,284
3323,147,259,295
3348,152,246,277
3343,142,271,246
3319,154,277,268
3337,158,256,253
3342,131,273,259
3357,149,265,256
3335,225,287,256
3340,154,274,266
3332,147,374,236
3324,160,274,240
3345,103,289,244
3337,150,269,230
3344,196,271,246
3306,160,271,224
3323,145,266,242
3324,122,278,240
3313,183,260,223
3334,153,256,238
3313,147,256,236
3327,133,254,237
3323,157,256,231
3315,172,250,234
3352,74,232,237
3336,183,221,246
3335,166,244,234
3344,160,242,229
3338,159,251,230
3330,158,208,234
3333,186,235,229
3326,165,223,244
3335,153,234,246
3330,141,232,221
3338,160,271,225
3329,158,226,225
3336,157,224,234
3359,155,224,217
3326,153,223,220
3345,143,219,212
3397,155,224,202
3357,158,216,208
3325,154,210,214
3332,151,225,218
3343,151,192,221
3326,152,231,222
3353,154,230,231
3326,234,237,230
3341,146,245,236
3340,148,247,244
3330,142,260,227
3336,137,252,274
3318,156,241,279
3349,150,244,284
3329,141,238,280
3341,154,238,276
3342,154,225,274
3343,142,238,248
3341,210,235,265
3342,151,257,249
3350,144,230,257
3336,149,230,261
3334,140,244,245
3327,150,206,252
3317,162,260,257
3326,141,240,284
3324,151,235,264
3317,132,262,252
3320,147,247,266
3325,160,242,274
3333,146,242,284
3331,146,246,310
3341,144,253,295
3350,144,263,285
3335,141,250,261
3343,142,253,284
3330,145,278,272
3337,134,252,304
3341,142,256,269
3339,136,249,273
3339,142,238,275
3329,138,250,260
3333,140,234,260
3333,129,246,280
3328,142,244,253
3326,114,250,257
3306,152,247,229
3329,133,251,264
3328,134,247,252
3336,138,263,245
3330,132,265,249
3329,130,269,224
3337,135,265,248
3342,113,284,223
3334,125,279,233
3327,142,280,232
3325,133,280,230
3335,134,268,230
3331,134,277,216
3341,134,280,239
3311,135,276,221
3322,124,277,229
3338,159,258,212
3295,154,264,292
3349,145,262,235
3314,142,377,206
3324,141,268,211
3318,152,263,212
3330,143,280,212
3342,142,252,227
3328,78,269,204
3342,131,248,170
3350,163,271,192
3335,141,243,202
3344,129,245,194
3337,198,237,206
3334,128,238,350
3335,129,253,205
3343,136,238,216
3328,115,233,224
3322,134,227,215
3333,144,282,208
3341,131,231,218
3455,122,230,219
3341,133,228,226
3343,134,252,210
3336,34,240,198
3334,150,207,217
3335,132,221,213
3322,129,313,213
3323,133,220,210
3339,128,241,230
3331,5,218,217
3333,149,215,220
3361,132,215,216
3345,131,215,216
3331,132,216,210
3314,130,210,194
3297,126,196,196
3345,126,66,203
3325,123,208,196
3323,140,211,205
3334,131,204,202
3357,136,192,206
3329,136,197,201
3331,111,204,198
3309,138,208,229
3343,130,198,210
3360,141,182,235
3333,131,201,204
3339,106,207,236
3327,136,200,228
3310,125,211,228
3333,112,196,227
3327,121,199,208
3351,125,97,224
3320,118,145,220
3317,133,176,234
3329,127,197,240
3326,146,206,215
3306,128,222,227
3331,129,218,226
3337,112,218,226
3338,135,212,222
3345,121,216,218
3344,125,199,217
3327,125,333,224
3350,87,210,210
3346,128,220,224
3331,114,210,209
3373,128,209,214
3334,128,208,208
3194,130,208,220
3315,135,208,218
3325,145,184,209
3351,139,202,198
3321,133,199,206
3377,142,202,231
3340,148,199,192
3301,149,201,208
3344,148,179,209
3218,144,198,211
3336,149,210,213
3333,160,194,214
3315,148,197,218
3336,132,202,212
3339,161,197,211
3336,144,218,206
3345,144,192,197
3176,144,193,180
3336,144,178,195
3363,146,189,193
3334,146,176,200
3332,145,187,197
3331,140,186,207
3403,149,162,197
3324,152,189,204
3328,146,164,188
3322,143,182,176
3343,147,171,192
3341,139,166,178
3345,154,183,170
3325,138,193,161
3324,124,186,176
3332,161,185,186
3330,152,179,176
3359,131,172,215
3320,146,173,188
3334,134,184,200
3315,124,197,198
3324,131,190,174
3357,144,194,199
3341,146,184,191
3342,154,185,190
3325,139,210,191
3326,153,208,189
3338,145,197,201
3356,150,194,220
3335,161,197,282
3338,137,206,243
3322,138,229,228
3350,154,210,236
3344,148,211,221
3342,140,286,231
3323,145,208,221
3323,145,228,226
3336,151,209,221
3317,153,205,213
3326,150,212,159
3345,147,292,218
3319,121,194,219
3335,153,170,213
3323,150,200,214
3339,158,202,193
3338,160,202,234
3346,144,268,243
3334,158,190,134
3334,147,190,238
3329,130,217,243
3328,162,194,235
3344,167,197,241
3353,140,200,240
3342,137,206,243
3322,236,210,246
3336,128,193,246
3333,146,180,252
3320,158,193,233
3343,173,192,234
3331,131,191,233
3323,150,190,225
3334,149,188,226
3345,147,188,230
3346,128,187,292
3336,156,188,232
3324,158,183,209
3330,158,186,224
3309,163,186,158
3343,138,182,283
3346,81,183,219
3308,149,221,218
3327,153,199,201
3314,151,228,214
3325,155,182,112
3321,160,176,192
3326,133,210,201
3334,131,201,208
3323,157,203,192
3327,149,203,214
3344,169,198,214
3338,165,208,113
3340,146,215,245
3349,81,209,244
3356,158,192,245
3325,157,191,241
3176,148,207,233
3332,146,206,261
3319,145,216,266
3334,146,208,262
3306,157,200,269
3347,146,333,265
3339,144,205,257
3285,145,205,269
3333,145,182,264
3306,139,107,261
3328,144,208,241
3330,158,186,268
3339,146,208,253
3337,142,213,254
3339,151,217,257
3324,157,238,261
3334,164,208,259
3346,145,213,252
3329,169,207,258
3385,165,210,238
3328,171,188,244
3333,168,215,241
3333,162,225,258
3321,289,213,236
3320,163,211,240
3342,183,202,227
3458,171,212,203
3336,180,216,227
3332,169,202,207
3336,163,207,220
3283,153,210,231
3331,168,205,224
3315,176,87,211
3311,164,222,220
3330,144,210,216
3332,163,205,213
3333,153,223,216
3315,148,218,200
3332,166,205,212
3327,158,214,206
3347,167,215,210
3339,156,217,219
3323,157,221,209
3328,157,217,210
3336,146,201,219
3326,152,206,219
3321,155,212,226
3337,162,213,218
3331,141,207,218
3345,162,206,226
3332,177,184,224
3323,142,203,236
3328,170,202,218
3335,162,211,219
3330,161,208,209
3318,170,216,211
3329,162,229,214
3330,173,212,221
3334,171,222,222
3344,147,238,219
3332,166,218,212
3331,172,227,216
3329,180,207,205
3331,165,198,210
3341,156,218,213
3342,167,240,216
3357,172,193,221
3357,183,199,222
3345,157,276,236
3340,162,211,224
3336,164,246,226
3337,159,219,213
3343,164,211,274
3351,148,216,215
3330,187,204,222
3319,136,212,224
3338,158,201,212
3326,156,211,204
3325,173,201,218
3320,175,215,215
3315,169,198,227
3324,157,225,246
3293,160,230,216
3323,178,229,241
3331,157,249,238
3328,173,257,246
3344,154,260,256
3318,159,273,262
3336,156,265,283
3344,165,323,257
3331,158,281,240
3335,168,269,337
3339,125,280,258
3335,151,266,244
3331,147,272,240
3319,151,273,252
3345,153,333,248
3322,167,251,240
3349,144,262,236
3324,145,257,234
3336,130,280,218
3351,145,240,230
3326,146,252,224
3344,146,245,224
3305,146,249,223
3320,147,253,220
3336,146,244,218
3340,158,241,215
3328,123,243,225
3332,146,239,217
3329,147,260,225
3288,154,251,225
3305,154,261,218
3321,160,240,236
3339,130,276,225
3339,148,260,230
3348,90,257,227
3365,151,262,286
3338,160,251,244
3348,149,278,224
3345,150,265,234
3366,102,280,222
3337,166,275,224
3338,183,274,223
3338,175,272,228
3336,179,261,214
3313,171,272,216
3323,189,269,217
3327,183,271,218
3324,180,272,224
3333,140,260,205
3331,192,227,214
3354,219,253,204
3341,176,249,189
3371,168,249,200
3342,173,248,197
3337,171,248,204
3308,172,256,189
3344,188,243,197
3336,145,248,185
3325,167,248,176
3341,183,222,182
3361,117,238,189
3335,162,236,182
3324,166,242,189
3302,162,242,190
3330,185,240,183
3335,172,238,189
3335,156,210,189
3337,146,232,189
3325,165,240,190
3323,159,238,211
3336,160,227,185
3343,157,237,195
3340,158,224,214
3335,162,231,216
3325,176,242,217
3326,164,235,225
3324,163,224,222
3338,167,221,229
3313,169,224,217
3339,167,230,223
3335,165,226,242
3335,132,213,221
3328,162,222,226
3336,139,224,220
3351,163,217,231
3339,155,217,215
3328,152,240,214
3332,188,211,213
3341,157,213,188
3336,154,217,238
3343,155,205,242
3344,154,211,245
3335,130,210,238
3360,152,209,236
3332,155,201,248
3333,150,194,241
3323,164,206,242
3313,180,211,225
3307,179,222,226
3332,201,200,232
3296,154,203,189
3329,164,292,237
3341,162,198,228
3324,162,151,222
3330,178,200,226
3339,156,199,229
3345,173,200,218
3340,163,206,206
3340,162,196,222
3332,176,197,238
3339,176,201,221
3340,161,241,238
3322,174,194,219
3331,171,178,221
3324,157,193,215
3323,167,204,217
3326,166,191,218
3335,171,131,212
3355,159,182,218
3325,153,214,203
3329,164,204,216
3341,162,193,214
3319,159,201,204
3359,166,200,191
3345,164,215,185
3341,150,200,218
3248,172,193,196
3351,143,202,211
3340,264,194,197
3344,156,208,208
3238,134,202,144
3458,141,204,192
3309,153,204,186
3326,165,202,229
3321,145,216,186
3330,155,197,198
3324,153,206,186
3339,147,207,178
3324,141,224,207
3333,144,208,210
3355,132,202,208
3346,138,207,171
3342,155,222,203
3339,145,206,212
3338,144,203,210
3322,142,199,223
3349,146,203,194
3333,134,206,208
3351,134,215,204
3322,148,207,210
3312,251,213,218
3328,139,205,202
3319,128,204,226
3340,156,320,220
3331,131,208,217
3336,170,207,218
3227,155,209,218
3346,153,121,215
3339,153,225,219
3342,154,212,233
3341,157,210,225
3324,159,210,232
3333,211,211,246
3320,164,211,251
3333,165,205,246
3328,157,224,245
3319,162,211,250
3350,150,209,245
3327,156,207,236
3336,138,206,232
3332,151,209,228
3326,157,206,225
3337,158,221,227
3326,160,158,241
3329,136,202,246
3323,157,195,250
3322,142,206,257
3338,154,202,257
3337,156,200,252
3335,155,202,260
3354,154,121,276
3342,153,208,291
3334,146,215,272
3325,106,206,274
3323,162,200,269
3327,166,228,264
3311,158,209,264
3324,150,202,219
3336,144,211,254
3342,178,186,246
3341,152,172,241
3331,153,182,254
3332,153,189,238
3343,164,188,247
3337,162,186,236
3328,176,193,235
3360,155,188,244
3334,149,186,238
3336,149,188,237
3344,157,192,228
3332,147,197,234
3329,156,189,234
3303,170,194,251
3325,145,194,230
3303,168,186,230
3322,161,199,222
3323,179,185,302
3340,162,186,226
3359,161,189,232
3290,157,187,227
3346,162,144,218
3343,184,176,233
3327,160,130,221
3367,166,185,240
3344,160,196,224
3355,136,183,218
3344,149,166,212
3334,146,197,211
3321,137,179,230
3319,129,198,204
3328,148,186,170
3313,163,182,186
3324,156,204,209
3340,168,166,217
3343,137,178,198
3336,142,179,169
3327,145,198,198
3314,147,187,208
3341,130,185,200
3329,139,183,162
3316,138,192,179
3343,151,182,208
3340,150,187,200
3343,160,188,203
3337,124,186,195
3343,159,181,196
3329,148,179,197
3323,145,182,205
3321,125,184,212
3242,146,189,215
3323,146,205,217
3322,152,206,207
3232,139,189,89
3326,161,176,209
3338,159,146,202
3337,137,187,229
3335,164,216,219
3353,149,194,236
3357,166,185,234
3315,163,173,238
3335,162,200,240
3355,169,193,235
3341,157,189,240
3341,155,200,228
3333,128,188,168
3329,153,190,232
3312,155,178,220
3333,172,177,235
3323,152,192,240
3320,166,191,247
3332,172,192,249
3341,153,208,256
3342,151,152,258
3325,137,186,280
3330,147,262,269
3345,146,186,262
3340,125,210,260
3341,144,198,257
3323,156,186,245
3337,148,191,252
3318,168,178,247
3342,170,185,240
3337,177,184,244
3310,178,193,243
3324,179,199,238
3284,195,172,234
3308,179,182,225
3337,188,169,231
3315,173,180,229
3378,174,173,231
3331,171,176,231
3342,171,171,220
3358,166,148,226
3336,167,172,213
3344,169,176,212
3341,180,178,199
3343,165,171,199
3341,166,176,201
3345,164,173,200
3339,157,189,228
3314,159,171,194
3345,165,150,198
3313,190,160,208
3327,147,168,205
3322,168,175,181
3324,160,172,186
3350,172,175,144
3337,166,171,193
3335,152,174,194
3341,165,166,177
3346,156,174,200
3341,184,173,196
3349,161,170,187
3329,161,158,196
3343,22,169,191
3334,149,173,200
3334,190,173,181
3330,171,196,192
3323,168,181,187
3323,196,151,185
3319,171,168,180
3238,176,172,182
3323,144,175,180
3331,149,178,180
3326,166,174,183
3341,168,167,161
3337,168,172,190
3336,156,180,197
3337,156,185,196
3332,162,178,195
3339,156,182,210
3328,168,186,199
3333,151,193,203
3335,134,186,220
3330,134,183,208
3339,160,154,222
3332,158,182,193
3333,142,185,216
3247,165,179,216
3326,156,198,215
3340,154,180,215
3341,160,158,211
3335,152,167,215
3341,154,172,189
3346,145,177,280
3346,153,171,195
3336,144,188,201
3330,146,171,210
3347,139,202,186
3331,125,189,209
3333,149,185,210
3336,150,185,210
3328,140,194,191
3321,157,201,200
3323,182,196,214
3326,155,189,211
3315,152,180,188
3327,0,188,204
3332,151,184,178
3336,126,178,200
3359,143,185,204
3344,132,212,204
3339,148,189,214
3341,146,213,202
3358,145,161,211
3325,162,180,221
3325,120,203,208
3359,122,204,212
3344,158,202,184
3351,124,205,200
3328,158,189,213
3322,140,158,206
3326,142,188,209
3330,126,215,198
3343,141,177,200
3342,213,172,190
3315,136,129,193
3326,141,163,206
3333,139,238,196
3347,136,185,189
3336,146,175,187
3354,136,149,189
3333,141,169,194
3327,139,153,187
3343,140,178,187
3319,148,182,187
3335,141,167,196
3329,153,176,183
3334,130,175,182
3324,144,180,193
3333,129,183,180
3323,120,190,182
3322,166,201,173
3332,134,217,187
3345,129,212,236
3348,247,212,192
3340,135,194,202
3332,151,178,189
3371,92,226,192
3350,152,206,192
3414,133,226,186
3353,132,231,186
3323,142,222,191
3343,136,218,192
3329,155,190,199
3325,149,194,192
3334,144,215,189
3223,142,214,184
3333,138,210,181
3340,141,204,196
3355,140,210,202
3349,141,184,204
3332,114,206,198
3344,138,203,190
3325,139,205,189
3359,135,199,196
3322,158,192,199
3324,142,200,200
3324,144,207,190
3333,162,200,193
3337,143,204,190
3321,194,199,196
3320,162,192,182
3323,151,208,195
3335,156,197,196
3339,146,215,219
3337,143,199,176
3335,119,210,192
3258,135,202,192
3328,140,177,187
3341,109,213,184
3347,135,208,161
3343,131,200,205
3371,79,196,216
3344,164,189,218
3338,137,194,223
3335,137,220,217
3341,128,181,224
3334,139,195,216
3321,125,202,212
3371,124,178,169
3313,138,147,200
3325,136,184,215
3305,136,188,207
3332,134,181,224
3322,139,163,208
3332,129,182,212
3336,140,160,206
3329,131,178,188
3353,120,183,309
3328,148,176,228
3327,133,184,239
3325,143,185,231
3311,133,195,230
3336,65,202,235
3344,153,176,221
3338,140,190,246
3354,128,184,253
3338,141,93,227
3362,134,182,244
3336,139,170,306
3330,134,182,282
3329,135,177,272
3338,37,197,254
3344,137,177,259
3346,130,193,244
3297,136,187,257
3329,131,174,264
3337,103,178,256
3342,133,172,249
3320,146,171,256
3341,134,170,238
3332,131,142,242
3332,131,172,231
3336,134,172,244
3299,122,186,233
3324,116,168,233
3307,107,162,266
3321,132,179,250
3337,133,176,256
3332,139,175,258
3338,130,177,270
3337,148,174,174
3334,124,173,310
3333,132,190,269
3349,159,166,258
3340,125,175,250
3326,128,121,245
3338,129,175,246
3341,129,147,247
3333,149,175,158
3333,152,164,244
3302,130,187,243
3327,133,172,242
3328,150,170,235
3321,132,170,304
3333,132,156,302
3350,142,152,289
3303,129,168,289
3321,128,180,295
3345,126,168,293
3257,128,168,290
3293,134,169,280
3323,110,162,360
3303,134,166,297
3331,138,171,288
3344,157,166,288
3326,160,163,281
3330,143,165,280
3315,137,164,270
3324,149,45,258
3331,148,161,268
3337,126,173,265
3330,139,148,260
3323,136,160,257
3341,138,155,272
3441,135,158,251
3331,133,170,164
3353,149,145,260
3293,144,158,268
3342,150,165,250
3339,146,169,259
3335,140,159,262
3324,141,157,257
3336,140,135,265
3355,120,158,259
3336,142,173,250
3344,140,169,249
3335,145,148,247
3332,143,175,248
3340,141,152,241
3309,143,158,234
3325,122,159,237
3327,134,161,230
3344,142,150,224
3327,167,159,230
3320,140,152,231
3342,138,186,230
3313,136,166,231
3349,145,169,222
3344,139,167,228
3345,131,172,222
3363,135,147,224
3339,139,179,222
3347,137,163,230
3342,160,164,204
3324,136,179,209
3327,133,167,219
3328,137,166,192
3325,138,184,216
3328,144,162,216
3328,136,168,220
3333,158,156,224
3327,125,167,210
3331,124,165,215
3308,146,171,219
3335,144,184,225
3353,137,168,232
3339,121,197,232
3342,149,189,245
3344,144,194,236
3344,134,186,228
3333,138,187,256
3336,162,185,246
3329,132,187,266
3325,127,203,269
3334,137,179,285
3321,139,194,277
3348,132,183,286
3344,161,186,285
3340,148,187,284
3324,151,166,300
3323,152,180,269
3304,152,188,276
3324,166,180,301
3329,148,129,302
3337,138,170,309
3337,156,161,318
3319,147,250,318
3323,151,159,332
3335,148,182,330
3323,158,182,374
3305,136,197,317
3320,149,186,314
3337,145,181,305
3343,141,187,310
3328,154,183,317
3347,164,187,297
3341,152,192,294
3344,166,192,274
3349,148,188,297
3348,194,170,300
3362,124,181,289
3343,155,189,275
3330,138,198,274
3335,147,186,292
3333,161,164,288
3325,147,207,276
3339,145,196,288
3343,140,197,259
3346,144,180,299
3312,158,180,270
3322,171,174,294
3356,140,166,266
3349,144,180,304
3358,139,182,294
3331,154,176,284
3314,144,185,283
3349,141,298,284
3344,141,196,278
3334,139,201,279
3329,141,192,301
3330,133,204,300
3344,151,175,282
3334,141,209,288
3334,123,187,345
3337,94,189,282
3282,138,216,251
3326,40,187,276
3336,163,181,271
3346,109,183,270
3335,163,181,265
3364,146,206,270
3355,144,196,270
3344,154,173,264
3344,153,182,265
3349,144,181,259
3337,123,187,267
3318,148,183,261
3349,139,179,354
3326,164,158,262
3330,148,179,257
3354,116,180,256
3322,148,178,232
3331,126,198,247
3330,151,174,246
3335,152,190,248
3329,154,184,262
3321,150,188,246
3332,153,186,246
3329,153,188,262
3319,152,133,241
3328,156,179,252
3311,155,188,244
3201,153,192,264
3342,155,194,248
3311,148,175,246
3329,152,190,251
3341,149,191,241
3344,152,176,232
3342,155,184,211
3316,142,188,230
3334,175,184,226
3333,135,187,231
3336,149,180,227
3335,157,200,205
3304,149,181,218
3335,138,189,211
3330,161,197,190
3337,128,191,209
3341,148,180,200
3341,139,168,202
3342,139,179,218
3340,246,179,201
3309,137,201,206
3311,138,237,213
3340,139,193,230
3336,147,203,207
3333,151,208,223
3332,142,225,236
3335,147,185,202
3340,159,206,216
3331,145,198,207
3328,143,206,199
3341,182,206,190
3341,155,218,194
3345,165,200,186
3337,21,202,189
3338,142,192,184
3353,153,201,198
3399,150,201,184
3350,153,208,189
3338,141,199,178
3328,144,179,172
3340,146,199,175
3339,138,208,171
3330,151,196,170
3337,160,196,72
3336,147,175,176
3325,148,192,155
3318,146,192,148
3310,160,189,139
3332,146,195,154
3339,196,176,171
3338,122,204,149
3345,152,200,161
3343,144,184,152
3349,118,192,157
3341,156,162,166
3356,152,182,157
3381,140,183,181
3354,139,56,152
3327,142,189,162
3326,158,181,133
3316,141,184,146
3321,130,174,181
3321,146,177,173
3318,112,195,166
3315,125,186,171
3324,139,196,162
3333,142,176,120
3335,149,180,182
3335,122,176,161
3328,143,168,164
3326,123,176,172
3274,137,177,145
3332,149,180,172
3365,144,184,169
3339,149,182,176
3334,152,199,164
3321,136,180,177
3310,166,183,168
3356,163,192,179
3290,167,179,156
3322,146,192,172
3448,178,175,179
3333,162,185,168
3329,161,177,175
3326,179,224,168
3334,148,172,254
3330,170,173,162
3332,236,181,156
3353,177,174,164
3345,190,163,172
3334,119,177,168
3347,176,177,154
3338,166,176,146
3337,177,156,177
3326,176,181,172
3332,176,171,182
3315,167,202,174
3325,171,180,165
3324,174,182,168
3334,179,181,166
3331,174,168,170
3324,173,181,178
3387,169,186,183
3323,168,192,184
3305,166,137,177
3332,180,177,190
3333,164,210,175
3336,164,197,206
3330,179,178,184
3331,43,192,188
3328,162,226,190
3313,169,192,194
3333,160,208,167
3332,159,213,192
3367,149,226,224
3325,186,207,222
3304,166,306,224
3329,161,182,221
3321,156,222,221
3334,156,206,215
3341,132,207,214
3328,166,209,203
3318,154,217,219
3336,161,204,226
3334,156,203,240
3328,172,203,197
3340,156,207,215
3335,173,195,275
3341,267,198,215
3341,149,194,218
3325,158,196,214
3325,150,196,215
3320,163,198,221
3327,161,194,204
3345,154,182,228
3424,169,195,217
3319,138,196,221
3324,160,194,224
3335,157,206,203
3343,165,191,244
3331,154,188,196
3334,144,189,210
3439,156,186,200
3324,132,210,212
3325,136,191,182
3327,172,172,210
3349,156,173,219
3334,219,183,214
3338,133,200,200
3338,171,177,206
3334,142,186,204
3348,151,119,221
3356,165,166,201
3329,152,243,204
3326,156,178,203
3323,157,206,209
3329,148,182,204
3342,156,179,197
3338,132,176,206
3332,157,182,205
3331,149,180,198
3336,163,180,198
3312,149,190,198
3322,165,172,177
3339,153,148,198
3317,156,174,203
3303,199,198,220
3295,156,197,220
3321,120,198,242
3322,166,210,205
3346,156,217,219
3336,157,212,222
3330,154,232,213
3327,170,204,238
3337,158,237,224
3228,139,228,102
3329,172,226,219
3333,160,256,216
3355,156,240,225
3332,160,237,206
3332,169,233,106
3311,160,236,204
3309,154,292,204
3313,141,234,190
3324,80,226,204
3224,153,226,221
3324,151,238,200
3331,151,224,198
3330,155,247,200
3323,219,221,193
3345,156,222,192
3326,164,102,196
3345,147,217,188
3345,151,224,190
3322,147,234,175
3345,153,216,185
3335,160,237,173
3458,151,210,190
3329,125,208,184
3332,271,206,179
3312,139,206,190
3319,150,191,178
3311,160,208,191
3308,164,202,181
3261,178,206,194
3329,196,198,186
3318,181,315,186
3345,180,184,185
3331,192,240,189
3341,180,196,181
3339,198,186,177
3332,188,200,184
3331,194,193,182
3336,210,183,181
3334,182,194,177
3319,197,187,177
3314,198,200,170
3328,198,188,182
3317,196,212,171
3326,201,189,168
3335,203,170,182
3330,188,201,157
3255,210,191,160
3331,193,198,164
3336,194,191,167
3333,188,171,161
3334,205,182,164
3328,192,180,153
3301,185,152,170
3340,183,224,176
3319,219,186,173
3332,179,192,181
3332,184,203,174
3325,186,184,186
3328,193,184,231
3328,184,181,188
3322,182,296,176
3338,188,174,198
3322,185,186,188
3329,182,181,175
3330,184,180,180
3326,176,178,180
3337,179,166,182
3333,164,185,175
3348,173,170,169
3330,170,174,164
3367,175,176,184
3338,175,195,165
3338,168,178,174
3341,166,181,175
3319,159,175,227
3330,307,176,173
3328,171,185,178
3321,163,251,199
3328,177,170,201
3325,159,180,181
3330,160,178,192
3321,175,196,196
3350,168,310,200
3326,173,175,198
3328,168,172,197
3340,185,167,183
3325,151,177,171
3325,150,185,239
3323,147,181,257
3346,139,177,250
3315,159,237,272
3323,161,172,253
3324,165,148,269
3335,165,166,276
3335,158,167,272
3342,160,166,257
3341,178,159,271
3320,172,144,256
3312,161,283,245
3341,104,178,253
3337,173,160,232
3328,160,164,248
3338,160,179,245
3332,164,168,240
3336,167,184,282
3319,162,162,298
3330,177,156,283
3336,158,161,285
3325,151,168,260
3329,156,250,290
3333,221,151,270
3322,159,172,290
3337,162,162,258
3332,155,29,256
3339,142,160,256
3317,175,160,273
3335,155,156,254
3329,154,162,259
3251,155,163,254
3335,158,176,236
3343,165,162,152
3356,152,157,244
3342,156,162,241
3343,147,155,243
3327,152,152,254
3313,239,159,240
3329,149,145,236
3332,176,156,234
3334,144,161,257
3317,152,155,262
3319,146,174,254
3322,157,149,257
3322,172,172,275
3311,167,175,212
3331,170,154,296
3293,161,176,300
3335,180,170,295
3217,159,177,271
3350,157,179,314
3346,158,211,292
3334,153,178,298
3338,154,152,276
3329,146,192,281
3326,155,170,277
3323,119,173,272
3332,153,175,276
3343,152,170,266
3335,162,175,261
3340,161,170,248
3465,152,171,233
3342,142,165,229
3314,155,154,241
3322,153,163,240
3334,158,158,240
3326,156,165,242
3337,146,168,245
3352,153,169,245
3342,128,170,243
3346,156,178,252
3332,145,197,238
3304,150,191,241
3340,158,174,248
3336,161,181,251
3344,160,309,256
3315,155,190,243
3339,156,171,277
3318,154,192,272
3326,151,162,301
3322,156,168,268
3322,130,182,274
3341,154,173,265
3309,152,189,269
3329,161,176,221
3357,149,173,265
3353,130,182,260
3356,152,174,270
3325,158,194,265
3309,160,149,272
3345,160,171,239
3351,145,179,288
3354,149,48,241
3326,167,173,244
3330,262,169,241
3312,156,173,232
3319,148,250,272
3323,151,176,253
3317,152,164,248
3301,136,204,264
3306,159,189,241
3306,155,191,261
3327,173,188,248
3338,152,194,262
3342,174,202,263
3342,146,210,250
3321,138,222,261
3345,164,202,256
3331,174,163,244
3333,151,174,258
3335,150,177,251
3330,156,237,253
3300,155,188,238
3325,147,208,236
3335,176,189,259
3324,158,179,256
3325,142,172,258
3271,158,193,256
3344,148,328,259
3334,147,167,260
3334,150,215,261
3345,142,184,261
3342,144,192,250
3348,149,186,258
3333,160,213,246
3284,132,196,196
3321,154,177,244
3345,144,196,225
3340,125,188,239
3336,153,182,235
3334,151,200,235
3337,153,168,248
3327,153,165,234
3323,157,191,232
3323,170,196,219
3340,151,188,237
3323,155,195,243
3342,157,160,224
3354,152,197,242
3331,153,183,236
3351,156,184,235
3323,170,165,240
3353,127,192,228
3334,153,176,249
3328,144,180,226
3341,146,169,256
3326,181,176,233
3330,168,174,246
3342,162,164,276
3326,163,181,267
3341,166,162,281
3340,163,177,264
3354,158,180,265
3349,161,42,256
3343,160,171,270
3334,142,171,279
3326,161,172,259
3339,160,162,269
3342,162,171,262
3316,153,181,272
3365,156,167,273
3327,152,159,276
3329,161,187,266
3258,157,168,265
3342,154,177,265
3354,156,161,277
3333,146,164,277
3339,123,176,286
3325,157,155,262
3344,156,165,280
3360,155,164,290
3337,156,166,279
3321,131,164,334
3346,152,165,268
3344,166,149,266
3343,171,168,264
3343,151,169,263
3343,144,171,256
3343,148,157,254
3334,143,159,246
3330,151,168,242
3329,141,156,261
3326,147,158,246
3324,136,186,230
3327,121,189,245
3297,158,175,246
3315,149,188,252
3328,150,160,241
3335,172,172,246
3403,150,180,251
3355,180,175,253
3336,205,174,236
3336,146,173,249
3335,142,180,240
3343,170,176,237
3324,138,176,226
3337,98,180,234
3325,159,172,239
3337,144,178,246
3334,167,185,259
3337,132,185,259
3321,129,182,258
3356,140,182,252
3334,140,181,247
3327,140,174,253
3341,116,179,245
3414,141,178,260
3308,143,171,226
3422,134,184,290
3343,137,174,245
3346,129,182,247
3334,133,173,249
3308,151,117,242
3346,147,49,234
3326,161,156,237
3296,147,178,195
3328,165,161,234
3321,160,180,234
3324,152,176,228
3306,175,172,229
3305,157,174,226
3327,161,159,227
3333,158,156,226
3344,163,179,217
3335,155,180,213
3337,160,174,213
3358,170,160,218
3333,172,160,218
3337,157,153,207
3329,160,168,208
3354,162,177,220
3335,159,175,210
3334,160,176,214
3341,206,184,228
3334,163,190,214
3336,148,172,227
3325,152,144,198
3340,153,189,207
3330,150,190,208
3320,154,193,201
3357,149,189,215
3339,153,196,204
3345,150,191,209
3348,149,67,195
3338,150,187,196
3351,140,267,202
3349,145,190,184
3344,129,189,197
3335,146,191,198
3348,127,188,186
3373,137,173,148
3339,207,185,185
3330,136,187,203
3328,152,182,186
3333,141,196,181
3326,142,192,186
3308,144,193,190
3349,145,191,192
3332,139,198,184
3333,162,200,193
3333,141,203,198
3334,133,204,184
3361,116,211,195
3347,136,206,211
3345,138,217,198
3345,137,185,196
3414,137,204,193
3366,140,202,196
3333,136,224,195
3341,118,198,220
3346,110,204,206
3332,136,219,203
3234,136,200,205
3336,128,206,197
3423,118,196,198
3360,136,197,201
3321,125,179,204
3331,136,194,210
3333,135,191,223
3347,133,179,209
3332,138,189,212
3322,121,190,217
3334,167,199,223
3338,184,190,208
3333,178,164,227
3314,178,208,215
3335,166,184,211
3340,158,188,221
3330,182,193,213
3335,182,184,210
3328,180,138,195
3338,178,174,208
3329,184,185,191
3336,170,168,201
3340,173,180,199
3317,166,195,198
3194,178,178,209
3347,180,183,192
3305,182,177,199
3326,185,187,202
3329,179,177,190
3328,191,164,193
3334,176,197,188
3330,171,171,190
3353,198,173,181
3356,157,177,186
3346,192,158,230
3325,176,183,223
3322,175,170,239
3324,160,173,230
3331,160,179,217
3343,173,151,245
3326,147,194,233
3354,173,156,237
3328,183,180,219
3331,149,174,227
3333,165,186,236
3345,272,164,229
3344,164,176,230
3360,166,162,226
3333,156,182,228
3345,156,238,232
3320,168,174,199
3353,170,177,250
3328,170,69,220
3334,160,193,258
3308,166,184,211
3328,161,198,240
3361,98,189,242
3323,139,187,200
3336,155,180,259
3344,168,198,226
3345,150,196,246
3319,132,185,211
3333,153,211,253
3333,135,181,313
3400,155,192,319
3323,157,185,240
3333,164,184,237
3353,173,182,240
3343,156,180,240
3339,159,184,227
3328,159,188,229
3326,155,180,225
3318,156,181,231
3338,153,181,234
3318,134,157,228
3327,158,180,229
3184,156,179,211
3352,149,240,212
3354,132,191,220
3332,157,177,220
3336,143,178,238
3312,154,246,221
3334,156,176,221
3344,156,172,214
3334,152,168,207
3336,151,172,209
3377,148,169,220
3330,160,185,209
3317,153,166,203
3329,152,189,203
3324,150,172,204
3335,145,196,194
3347,53,170,197
3353,147,175,185
3335,126,188,199
3336,148,175,206
3338,125,202,200
3505,147,173,220
3354,142,175,209
3329,128,187,198
3330,130,174,205
3328,142,168,202
3336,146,170,210
3373,143,169,219
3330,142,170,209
3315,139,169,217
3337,143,169,200
3341,152,174,186
3324,144,178,205
3327,140,176,208
3332,145,169,200
3344,147,194,200
3336,177,173,216
3337,156,186,225
3346,158,190,244
3341,164,193,221
3349,267,194,234
3347,150,185,234
3342,151,214,223
3337,147,188,226
3309,154,195,209
3329,144,194,224
3328,145,193,227
3303,159,192,334
3341,150,191,236
3326,152,192,224
3327,148,188,221
3325,150,197,224
3312,148,186,213
3326,141,202,214
3334,152,136,205
3349,157,190,230
3331,148,193,223
3335,157,180,210
3349,178,181,199
3324,145,178,203
3328,153,173,206
3309,131,189,196
3332,169,182,202
3331,171,192,199
3406,184,183,198
3324,181,214,196
3327,169,343,197
3330,171,198,201
3336,171,190,204
3312,173,194,194
3330,165,162,202
3335,167,184,213
3344,173,181,188
3374,160,180,200
3336,139,193,202
3353,184,184,189
3331,163,216,213
3335,157,277,223
3323,162,195,192
3335,161,185,217
3338,140,182,320
3333,137,210,224
3341,170,176,230
3405,171,189,220
3336,153,187,229
3335,152,201,223
3336,156,182,217
3374,145,188,216
3340,154,175,210
3348,147,182,211
3471,144,179,220
3335,151,201,210
3333,154,186,233
3336,158,178,216
3360,143,174,225
3331,152,176,205
3212,134,177,188
3328,128,173,317
3317,153,175,199
3334,146,176,132
3320,129,194,208
3324,148,174,211
3325,147,174,195
3327,149,178,202
3344,145,148,195
3343,145,159,200
3342,119,166,152
3378,141,160,206
3345,146,167,205
3348,7,167,204
3341,163,168,200
3336,136,163,340
3337,145,166,194
3328,125,165,168
3332,128,164,200
3325,143,164,201
3308,212,162,206
3324,147,163,204
3333,141,165,204
3334,140,163,209
3363,142,159,199
3353,146,162,199
3330,141,169,199
3334,128,162,201
3342,131,170,198
3333,140,160,197
3345,143,179,197
3336,154,155,184
3321,172,156,193
3328,163,115,182
3327,170,148,208
3331,157,157,216
3316,157,209,220
3330,157,154,198
3307,159,157,197
3326,154,158,207
3315,156,157,214
3332,154,157,213
3340,163,141,223
3337,147,149,218
3478,151,154,227
3339,141,165,213
3341,70,153,214
3333,154,161,215
3340,165,160,143
3346,154,161,208
3305,150,171,192
3334,149,169,198
3335,143,164,202
3333,169,151,212
3361,149,162,203
3337,145,166,202
3339,134,160,199
3328,149,152,186
3331,138,159,187
3336,136,159,214
3331,166,151,202
3324,139,164,222
3325,140,152,206
3345,136,142,214
3345,156,152,208
3346,143,162,200
3364,138,157,208
3326,154,156,180
3336,127,175,204
3354,139,157,206
3337,142,163,196
3354,128,152,222
3305,136,210,196
3319,133,169,201
3320,148,152,190
3329,143,163,187
3336,146,168,188
3344,79,142,188
3337,139,243,186
3329,155,162,196
3347,139,163,165
3332,140,166,160
3344,141,165,177
3343,144,169,177
3332,144,175,166
3346,140,173,170
3317,155,163,156
3329,134,161,176
3328,142,178,174
3333,139,157,187
3335,110,180,192
3328,141,166,214
3322,144,170,192
3328,144,171,204
3322,148,191,193
3318,146,151,196
3309,152,211,201
3321,133,220,210
3340,143,251,215
3333,144,236,228
3357,141,249,233
3507,142,252,222
3339,143,257,222
3345,119,272,210
3320,136,270,218
3362,136,238,226
3349,136,253,214
3340,142,269,208
3333,144,250,242
3317,154,249,242
3353,142,242,257
3336,152,237,244
3338,114,237,243
3327,135,241,242
3358,185,227,253
3339,138,236,253
3341,201,218,235
3345,128,231,246
3309,134,227,233
3321,138,233,234
3339,132,219,237
3342,111,236,244
3342,97,221,237
3342,144,220,237
3345,119,233,231
3336,145,208,229
3333,163,224,219
3328,148,217,238
3329,149,217,236
3336,218,215,232
3328,146,213,230
3335,146,218,215
3352,153,211,230
3332,151,210,232
3332,160,208,230
3326,141,209,233
3316,138,206,236
3357,140,202,238
3333,141,205,236
3359,123,208,240
3344,139,194,245
3323,139,207,250
3338,33,205,244
3329,140,203,251
3329,130,196,257
3348,144,304,244
3332,134,203,247
3332,130,209,252
3318,148,205,249
3333,144,225,258
3339,0,202,251
3338,147,203,265
3337,147,181,261
3315,147,200,246
3343,140,198,250
3441,144,197,241
3346,144,206,270
3349,145,195,243
3339,145,194,241
3341,145,220,245
3302,141,207,238
3332,149,182,233
3389,156,197,204
3333,145,213,235
3337,144,198,228
3337,144,232,224
3346,132,205,208
3327,141,206,218
3343,142,219,223
3335,142,207,200
3344,144,217,221
3345,140,218,239
3345,141,226,224
3340,144,214,221
3342,144,214,219
3344,142,208,210
3335,132,212,214
3342,152,204,203
3324,144,213,205
3333,151,211,209
3339,149,202,209
3316,157,201,209
3339,145,228,214
3331,157,210,228
3338,166,211,215
3327,145,206,217
3350,147,206,218
3343,156,235,223
3347,163,205,201
3319,156,208,215
3367,149,211,237
3366,149,215,215
3322,140,203,216
3319,166,236,218
3300,158,230,226
3332,155,220,250
3332,165,228,311
3324,145,232,234
3379,176,235,325
3339,159,238,248
3342,165,226,243
3342,169,244,258
3336,171,228,235
3340,178,206,232
3338,183,296,214
3358,185,202,232
3313,201,236,147
3335,210,316,208
3339,241,235,218
3323,271,252,222
3347,222,229,219
3338,226,230,216
3329,217,237,230
3325,236,225,238
3334,204,223,298
3327,215,225,253
3331,300,228,238
3329,203,221,250
3344,202,223,250
3340,252,219,252
3341,249,218,253
3348,236,225,242
3344,261,208,260
3334,256,211,249
3351,251,211,246
3344,253,190,253
3318,241,220,242
3342,246,207,232
3330,260,196,221
3324,240,210,234
3331,244,216,229
3329,240,243,234
3344,237,203,228
3332,244,199,209
3354,235,68,221
3321,229,179,230
3333,241,195,225
3335,238,194,229
3325,240,266,226
3313,241,195,225
3338,237,168,219
3344,244,189,227
3342,251,164,239
3336,112,192,226
3344,249,187,226
3337,275,151,224
3341,246,190,227
3342,325,182,226
3331,250,183,225
3339,245,185,222
3335,252,179,198
3317,242,26,212
3335,248,188,217
3340,226,185,217
3406,239,183,84
3330,229,185,210
3339,256,193,210
3332,269,189,211
3332,275,181,210
3333,274,164,200
3343,282,170,215
3336,291,206,205
3338,281,180,183
3336,290,189,200
3361,290,296,200
3339,284,199,202
3334,283,181,196
3338,285,173,194
3333,280,192,114
3353,234,178,191
3336,296,185,196
3344,298,175,199
3336,305,173,195
3351,304,173,192
3344,306,168,189
3328,308,173,204
3343,304,180,198
3343,314,178,200
3341,320,172,212
3331,317,180,193
3343,281,192,199
3368,302,176,202
3340,312,175,204
3335,300,180,207
3307,300,181,203
3337,291,271,220
3333,297,186,210
3318,297,199,207
3334,300,200,228
3334,294,195,204
3338,313,179,231
3332,306,197,214
3339,310,215,217
3352,312,209,218
3359,307,197,214
3344,315,208,210
3337,314,209,202
3326,296,208,226
3334,319,205,210
3334,318,183,221
3345,285,207,222
3333,321,221,218
3326,321,203,232
3353,354,209,230
3342,339,229,247
3337,360,215,250
3330,346,218,257
3344,323,223,243
3338,343,206,334
3332,337,201,262
3334,354,184,257
3346,340,179,260
3336,345,195,267
3334,352,207,235
3333,344,195,249
3343,357,208,238
3317,340,202,223
3337,337,210,234
3334,334,210,220
3338,320,213,231
3326,356,210,149
3327,330,239,230
3329,359,218,246
3323,354,215,243
3335,345,215,244
3335,364,195,240
3339,328,213,240
3350,346,184,236
3338,347,228,217
3339,507,210,239
3338,360,191,235
3331,346,208,245
3344,354,210,245
3355,356,206,231
3360,345,226,231
3391,333,209,238
3349,343,194,229
3343,345,170,225
3339,355,197,227
3337,337,189,241
3372,341,177,218
3338,344,206,216
3328,355,174,213
3341,364,187,207
3360,408,192,216
3358,361,189,207
3342,372,221,204
3346,360,123,206
3349,362,182,201
3347,403,180,213
3326,363,183,208
3360,368,182,202
3326,365,186,202
3335,358,190,214
3344,363,192,220
3337,352,198,208
3352,350,193,228
3339,331,191,219
3331,350,196,222
3332,352,192,213
3334,340,202,217
3320,341,206,232
3323,369,230,212
3337,358,211,240
3352,365,212,210
3340,361,240,230
3340,359,230,230
3342,361,234,218
3356,364,242,270
3344,355,231,230
3347,338,240,240
3343,407,230,214
3338,344,245,214
3335,342,233,212
3331,328,235,215
3353,331,228,218
3341,330,227,216
3337,323,238,216
3336,324,231,226
3341,341,217,227
3365,370,253,215
3342,376,219,224
3332,365,231,222
3340,357,223,221
3342,360,240,211
3343,360,235,216
3338,334,226,219
3332,341,225,210
3335,362,208,206
3344,377,222,219
3279,358,216,228
3328,365,206,193
3353,342,214,210
3335,356,189,202
3345,349,184,196
3519,349,212,206
3329,352,206,173
3332,343,221,188
3341,358,218,192
3357,355,196,192
3338,362,179,199
3307,357,216,192
3329,344,229,194
3324,362,200,208
3336,351,199,192
3343,359,189,199
3336,244,173,183
3340,358,189,188
3313,356,199,105
3342,336,207,175
3344,371,189,177
3331,342,197,182
3350,333,196,201
3332,346,205,170
3358,344,193,173
3326,335,192,196
3335,447,180,205
3344,352,186,202
3346,350,181,241
3343,334,185,198
3347,370,189,201
3338,332,189,198
3341,335,185,204
3309,333,188,198
3334,320,181,219
3337,343,196,205
3339,322,183,226
3347,251,159,220
3358,325,181,217
3343,332,186,219
3319,340,169,201
3342,344,206,216
3338,324,182,236
3344,336,180,240
3360,337,179,260
3360,333,45,237
3333,332,173,251
3340,305,174,309
3349,310,176,239
3349,324,177,236
3335,322,175,237
3341,319,86,231
3346,330,171,232
3346,315,174,212
3336,331,137,225
3347,314,170,221
3348,317,161,243
3353,313,42,222
3353,314,161,214
3343,331,160,230
3336,330,168,229
3326,306,169,269
3357,334,294,235
3331,318,187,232
3350,322,185,231
3340,299,208,233
3362,321,307,229
3336,333,180,225
3357,317,173,220
3330,315,234,227
3339,304,188,224
3350,308,180,226
3336,303,180,221
3335,322,176,128
3333,302,177,224
3331,294,186,230
3321,303,187,235
3349,306,184,217
3357,330,184,224
3335,302,184,226
3392,307,204,231
3344,317,171,226
3338,318,183,227
3339,313,185,229
3337,313,188,197
3338,405,190,219
3474,308,185,228
3343,309,203,212
3342,299,155,215
3339,300,276,209
3340,360,183,209
3345,287,187,204
3350,286,204,198
3337,293,170,203
3344,272,178,211
3344,297,165,205
3341,296,180,206
3336,309,181,207
3344,304,185,217
3338,280,182,215
3350,315,180,200
3336,298,182,202
3350,296,190,196
3329,308,180,196
3360,296,179,180
3332,295,184,211
3308,291,196,216
3335,293,175,225
3340,290,185,191
3320,292,188,214
3341,299,186,232
3347,285,189,234
3344,278,189,233
3344,286,194,222
3348,290,192,222
3355,289,176,219
3345,236,185,220
3351,296,187,233
3323,288,190,221
3335,287,181,227
3350,282,191,217
3326,286,180,205
3338,292,169,224
3349,298,163,224
3349,273,184,237
3319,272,184,204
3345,271,184,218
3334,259,169,275
3335,381,161,212
3342,260,154,206
3339,262,175,216
3337,245,174,236
3333,239,183,233
3334,236,178,226
3333,274,164,228
3335,271,185,228
3342,262,179,219
3337,262,191,216
3343,260,181,217
3336,256,204,200
3334,267,191,235
3355,268,188,270
3353,263,161,200
3344,252,194,216
3335,267,155,218
3344,274,170,208
3343,273,185,218
3329,274,186,195
3345,266,200,222
3343,289,182,239
3343,276,190,245
3328,277,202,240
3318,273,192,235
3363,265,197,244
3347,274,175,240
3321,286,179,233
3341,277,182,333
3352,288,159,233
3362,294,188,235
3336,273,182,228
3334,269,197,228
3334,256,212,229
3338,268,197,228
3344,266,183,226
3319,258,240,228
3336,240,176,213
3347,284,168,218
3341,247,177,233
3324,266,130,213
3344,266,167,221
3345,272,192,224
3324,275,160,219
3336,262,185,217
3345,267,190,234
3331,258,197,248
3330,235,228,264
3322,252,226,261
3324,249,219,249
3321,241,256,256
3319,250,220,254
3344,194,219,258
3334,266,210,230
3335,235,228,242
3342,259,194,260
3336,258,225,251
3343,259,217,248
3336,262,216,252
3337,252,209,245
3344,257,218,252
3337,277,224,241
3321,262,218,256
3336,264,216,256
3449,239,221,253
3339,262,204,238
3330,256,188,246
3345,261,221,256
3328,256,215,245
3346,256,221,231
3339,256,215,237
3344,252,193,233
3339,257,192,225
3470,271,221,242
3340,243,214,253
3338,242,222,206
3350,266,217,231
3331,283,208,224
3346,160,212,224
3348,270,206,228
3340,257,221,213
3346,273,206,215
3332,263,200,216
3334,260,185,227
3342,268,201,214
3335,270,194,226
3360,270,181,207
3340,264,205,208
3337,283,216,193
3334,280,198,209
3333,287,198,211
3345,295,218,200
3345,288,189,228
3358,287,195,211
3327,303,180,201
3340,309,184,205
3368,295,176,198
3327,269,211,200
3348,293,174,195
3337,254,192,194
3322,276,46,187
3354,281,188,193
3341,272,188,205
3346,274,187,199
3337,261,190,177
3335,260,185,190
3332,265,178,189
3326,243,186,254
3333,270,183,187
3369,270,188,191
3373,269,191,186
3342,265,199,184
3349,267,211,167
3345,261,192,180
3336,262,200,178
3346,271,194,163
3462,264,196,172
3359,259,199,201
3340,257,196,207
3343,256,181,205
3337,234,194,204
3372,251,182,205
3338,255,184,217
3337,253,198,212
3340,240,193,204
3321,258,192,214
3358,256,189,215
3350,267,188,205
3335,267,184,208
3337,247,175,209
3341,246,178,211
3339,233,185,210
3332,237,193,205
3319,258,142,207
3331,245,206,251
3324,254,197,239
3337,249,179,232
3319,256,184,236
3331,251,182,232
3331,241,184,240
3324,261,158,244
3343,242,187,261
3361,249,174,263
3347,243,190,219
3332,254,187,231
3347,277,170,241
3333,253,182,251
3345,251,178,236
3341,251,196,240
3463,227,181,238
3340,250,177,236
3331,251,208,240
3330,249,184,244
3291,228,206,209
3342,255,179,241
3356,243,176,253
3355,234,192,241
3342,241,182,266
3313,238,169,244
3323,265,169,245
3339,260,172,246
3342,250,181,246
3332,265,207,250
3349,276,180,244
3335,258,184,246
3315,280,181,245
3334,145,179,240
3357,265,183,232
3321,260,132,234
3339,265,177,235
3336,191,195,243
3198,259,178,250
3339,260,156,232
3325,242,179,232
3354,253,177,222
3340,328,172,227
3345,256,178,222
3330,262,190,235
3342,267,195,218
3333,272,174,217
3313,280,187,212
3339,279,176,230
3337,296,79,218
3344,317,170,201
3337,288,173,190
3313,322,174,198
3330,285,187,203
3325,276,175,217
3352,271,169,214
3314,279,187,202
3331,267,216,229
3321,258,217,229
3341,264,198,231
3367,260,204,223
3353,258,202,232
3368,261,209,227
3340,280,200,161
3357,275,201,238
3341,275,203,228
3363,261,75,222
3339,264,212,220
3347,276,198,225
3357,259,202,220
3281,262,197,134
3328,259,197,210
3337,149,196,214
3307,262,193,214
3339,250,195,208
3354,243,241,213
3331,237,183,207
3363,246,166,201
3346,254,197,205
3346,250,186,197
3345,231,184,253
3342,265,185,182
3329,260,191,198
3355,267,191,197
3328,244,186,192
3327,238,189,216
3333,265,182,206
3353,265,174,219
3345,264,176,202
3332,273,182,200
3355,247,183,201
3327,252,192,192
3326,256,198,196
3336,256,210,194
3334,256,202,193
3343,257,194,188
3347,257,211,209
3346,281,186,232
3338,261,211,193
3346,254,195,196
3338,258,197,202
3333,251,196,196
3294,260,195,200
3333,251,242,180
3440,258,195,204
3339,268,194,181
3337,251,222,183
3362,244,190,182
3324,239,205,184
3341,113,190,182
3338,251,188,178
3337,236,188,176
3337,243,180,178
3344,245,160,172
3345,352,186,177
3339,252,193,160
3351,250,179,184
3344,267,178,171
3346,229,194,171
3341,273,182,169
3283,256,178,166
3355,230,180,166
3325,224,161,172
3336,236,181,167
3334,231,174,184
3312,235,202,177
3349,239,181,174
3328,236,59,168
3317,254,172,184
3335,237,154,169
3315,247,349,174
3358,251,179,170
3330,265,171,149
3326,250,172,159
3342,271,187,171
3335,243,200,172
3346,246,196,173
3328,242,318,176
3349,244,185,171
3275,256,195,168
3341,239,198,165
3348,253,192,166
3332,235,189,166
3293,235,190,180
3344,235,188,164
3338,219,197,161
3338,224,175,162
3329,226,185,154
3338,218,188,161
3330,220,183,154
3340,267,184,171
3333,230,181,215
3337,233,187,203
3349,224,213,204
3203,227,179,178
3325,226,174,202
3346,223,173,202
3336,220,185,198
3329,238,174,206
3338,220,173,200
3340,211,183,193
3335,221,185,180
3336,222,176,272
3350,219,166,198
3345,220,188,196
3369,226,182,195
3454,218,183,187
3340,202,197,190
3366,172,188,192
3333,204,196,184
3354,225,202,190
3338,229,214,176
3313,227,202,186
3321,225,199,184
3326,226,186,174
3354,213,210,182
3328,222,194,170
3325,227,194,146
3340,217,151,181
3331,218,194,184
3275,199,191,192
3338,216,190,185
3343,194,185,216
3351,217,195,180
3333,195,185,179
3326,211,160,189
3329,208,201,196
3339,209,214,210
3324,229,196,186
3346,232,202,178
3343,251,199,208
3335,250,183,226
3362,225,195,219
3346,228,208,199
3344,215,208,204
3318,225,210,248
3344,247,210,236
3337,225,200,241
3332,222,222,238
3356,233,179,236
3332,224,204,237
3360,206,197,325
3347,213,170,235
3344,217,196,234
3335,220,194,238
3345,221,146,216
3332,228,172,239
3328,214,177,230
3326,214,194,221
3337,214,192,234
3339,214,191,222
3354,201,184,219
3337,211,178,211
3324,215,192,224
3326,206,191,227
3332,202,180,228
3331,201,202,246
3335,219,197,220
3353,189,201,226
3350,235,191,232
3334,193,221,227
3341,216,181,247
3367,241,213,234
3343,220,201,132
3345,218,201,295
3340,230,183,223
3357,210,174,218
3309,209,335,222
3331,192,201,213
3321,217,211,218
3339,237,196,207
3350,228,201,214
3333,213,209,215
3339,213,206,238
3352,225,179,217
3354,209,199,210
3343,205,179,234
3332,205,201,221
3363,208,194,231
3337,208,195,229
3337,185,200,240
3336,218,170,247
3338,227,183,246
3338,205,193,238
3341,188,193,237
3336,206,190,261
3364,213,173,241
3346,189,205,246
3341,200,169,252
3329,199,187,238
3333,192,173,247
3342,208,182,245
3353,192,174,238
3356,194,174,248
3343,190,180,222
3346,195,178,232
3344,202,171,243
3338,193,177,224
3341,205,175,237
3328,192,175,233
3343,196,80,234
3336,196,178,234
3336,181,177,229
3348,201,178,236
3336,204,200,225
3359,190,174,228
3325,200,172,216
3354,199,170,223
3338,196,171,222
3337,198,153,209
3336,255,171,217
3347,179,172,194
3343,261,183,216
3347,190,162,223
3350,187,181,231
3340,194,168,230
3337,193,166,232
3334,193,166,227
3310,198,169,231
3336,189,177,140
3337,224,164,223
3332,183,171,227
3317,206,164,224
3314,206,173,204
3320,194,124,220
3340,205,162,198
3336,198,160,229
3305,201,161,214
3346,201,155,205
3343,172,157,200
3348,195,158,200
3223,188,156,77
3348,197,137,236
3340,192,157,230
3328,194,161,247
3305,190,165,236
3346,183,164,234
3338,190,158,238
3345,168,176,225
3338,190,160,237
3364,196,157,224
3332,209,158,234
3327,190,158,226
3336,188,176,242
3342,189,161,240
3337,208,184,221
3337,189,165,232
3333,187,167,240
3332,201,150,244
3337,201,162,304
3333,192,174,253
3334,192,167,232
3356,192,168,234
3344,192,172,219
3349,192,174,236
3354,205,158,227
3365,200,175,225
3330,197,170,230
3338,178,175,251
3339,185,174,254
3345,217,172,256
3345,181,177,252
3336,187,201,249
3345,180,172,252
3323,196,154,241
3335,177,169,248
3344,184,148,262
3339,180,173,257
3334,189,180,259
3322,183,241,262
3376,183,189,275
3336,206,183,267
3336,207,190,259
3359,183,193,254
3335,180,141,260
3345,177,190,260
3363,171,104,256
3355,160,201,254
3351,184,190,274
3348,171,213,231
3345,162,179,241
3325,192,189,235
3342,167,183,237
3289,182,184,230
3357,197,184,259
3335,190,184,266
3308,212,176,266
3345,210,186,264
3342,211,181,261
3323,211,164,256
3329,210,178,256
3363,209,169,253
3327,204,180,249
3332,232,162,247
3353,185,182,246
3347,192,171,244
3337,204,173,241
3338,196,182,234
3338,194,189,235
3339,200,169,228
3361,196,28,224
3357,204,177,225
3343,170,183,168
3337,196,187,227
3326,195,183,203
3338,193,154,228
3353,192,168,214
3348,192,176,213
3315,262,178,210
3341,200,181,206
3349,226,172,203
3325,188,178,208
3335,237,177,209
3339,198,180,211
3333,171,186,176
3336,193,185,222
3336,183,188,218
3330,197,189,222
3299,192,187,187
3346,288,190,223
3337,186,193,232
3350,181,208,216
3336,188,179,220
3339,187,188,213
3338,176,187,220
3339,185,182,196
3323,182,254,218
3338,206,185,213
3355,193,190,155
3514,181,187,229
3338,168,182,228
3337,185,202,222
3331,183,170,216
3348,199,187,200
3345,177,171,224
3341,174,179,190
3344,183,180,225
3345,191,182,225
3337,177,210,210
3350,183,172,190
3332,207,177,226
3339,172,184,216
3349,181,175,208
3326,169,133,233
3347,156,186,252
3324,177,188,244
3329,183,192,240
3333,174,206,245
3336,177,202,256
3335,174,183,246
3335,170,194,233
3336,167,183,240
3336,174,187,236
3350,176,208,232
3352,172,198,217
3223,169,188,228
3334,178,165,237
3353,166,172,220
3351,161,192,222
3372,160,185,298
3342,163,185,215
3347,166,178,211
3341,145,182,213
3340,163,178,220
3350,154,264,226
3334,154,193,208
3337,157,196,220
3322,176,175,213
3332,164,182,204
3312,166,246,210
3333,147,188,204
3326,174,124,201
3206,170,186,242
3352,176,192,258
3341,184,142,234
3340,195,192,237
3325,191,258,240
3336,194,197,236
3338,159,193,238
3336,188,189,235
3336,199,186,243
3324,182,173,239
3322,185,189,237
3329,203,179,227
3326,185,186,218
3350,187,58,228
3330,64,183,234
3335,204,199,237
3343,182,158,228
3342,195,190,231
3344,180,200,209
3336,212,199,224
3336,206,179,226
3352,206,270,231
3340,213,195,238
3344,222,156,238
3320,176,192,239
3343,210,188,262
3342,210,194,230
3329,181,204,244
3331,225,164,259
3325,210,214,246
3367,196,203,249
3336,199,208,250
3346,200,186,240
3343,200,184,252
3333,201,186,222
3341,213,186,245
3337,201,200,248
3347,188,193,250
3306,196,184,251
3335,191,189,249
3343,196,175,247
3370,201,186,253
3345,193,185,253
3345,190,174,256
3341,183,184,199
3332,184,185,254
3329,188,214,245
3325,187,188,241
3373,180,178,235
3372,183,179,242
3237,182,178,234
3327,185,175,212
3488,183,177,208
3347,185,172,229
3339,182,177,224
3347,182,172,208
3334,182,176,221
3337,180,176,223
3332,180,173,189
3340,179,162,213
3337,197,175,234
3330,173,171,234
3342,189,173,235
3325,173,173,233
3339,169,176,232
3329,180,176,236
3298,175,170,248
3333,178,172,238
3333,171,168,221
3319,172,174,252
3343,176,190,262
3342,179,174,259
3338,179,172,252
3429,185,172,258
3337,202,173,275
3334,183,180,273
3338,167,197,283
3340,181,185,291
3332,189,215,293
3329,198,205,261
3324,199,197,316
3363,175,187,306
3339,187,198,331
3333,184,205,301
3332,184,217,299
3347,183,230,296
3337,181,181,290
3342,181,209,273
3345,173,198,276
3342,175,190,294
3328,180,199,262
3344,179,198,253
3340,193,196,262
3298,143,208,212
3332,193,212,234
3333,176,208,254
3344,208,205,254
3337,299,211,263
3327,184,200,231
3313,183,192,256
3341,172,203,247
3340,183,194,251
3345,181,198,234
3343,184,178,257
3346,247,211,243
3347,159,209,243
3338,193,151,241
3325,176,196,240
3343,185,177,249
3352,279,190,244
3344,167,188,248
3264,178,188,235
3338,170,188,239
3342,179,168,246
3301,163,203,242
3347,160,185,244
3319,161,153,237
3322,151,149,224
3341,176,172,234
3336,163,197,230
3335,157,183,372
3332,166,190,247
3337,158,189,245
3366,152,180,246
3335,149,206,238
3339,162,167,228
3299,159,185,230
3293,139,204,194
3339,158,200,235
3330,157,186,237
3329,150,202,242
3349,151,200,241
3333,165,187,246
3310,147,201,234
3322,134,189,234
3329,155,178,229
3331,133,196,202
3356,152,177,222
3339,146,184,221
3331,134,203,222
3334,145,178,223
3332,163,180,222
3328,164,178,221
3336,176,187,212
3341,175,175,215
3321,190,176,135
3313,165,181,214
3346,296,173,210
3320,182,172,197
3176,184,175,225
3304,190,177,213
3327,185,193,205
3328,190,176,217
3334,179,164,200
3346,215,175,209
3347,198,173,212
3396,185,171,204
3349,182,172,210
3350,181,172,207
3340,290,166,207
3358,181,185,208
3323,195,188,180
3351,179,165,221
3337,177,178,194
3327,190,176,194
3335,154,177,193
3351,182,122,201
3305,229,180,206
3355,184,156,203
3344,195,171,204
3339,176,182,201
3339,173,199,190
3320,182,178,188
3345,172,184,191
3348,172,177,199
3331,163,179,192
3365,164,180,197
3346,182,186,190
3344,168,176,184
3337,180,179,206
3338,174,193,196
3352,187,176,206
3329,174,171,194
3326,181,164,177
3331,189,161,177
3338,168,183,175
3331,192,175,194
3330,181,180,180
3333,169,176,188
3313,168,161,195
3335,164,202,177
3338,164,166,173
3341,170,193,184
3347,163,208,198
3346,160,190,179
3358,161,193,182
3340,163,163,166
3329,160,197,182
3331,160,203,191
3339,156,205,188
3357,159,124,196
3346,158,193,186
3321,160,205,216
3340,104,180,225
3331,158,201,212
3333,144,198,212
3440,154,208,257
3350,154,196,202
3336,182,161,205
3339,245,192,184
3348,154,198,201
3339,234,198,202
3338,147,195,196
3336,157,189,210
3339,171,193,194
3343,155,186,198
3336,153,192,202
3344,151,193,194
3332,148,190,202
3334,153,186,185
3348,169,166,203
3342,224,186,208
3336,139,184,240
3340,155,186,213
3342,137,187,207
3342,138,213,213
3330,159,183,215
3327,144,182,213
3346,150,185,208
3392,141,198,211
3349,155,186,201
3340,156,180,202
3336,136,183,199
3328,163,178,160
3351,144,184,197
3320,165,165,192
3346,144,176,186
3331,153,181,204
3319,179,173,184
3353,147,152,187
3329,153,190,190
3323,149,173,184
3329,150,179,184
3335,157,173,184
3341,159,170,183
3328,160,160,192
3343,166,175,180
3338,166,197,179
3308,163,174,176
3314,155,174,176
3336,164,172,170
3325,164,176,189
3336,162,173,170
3322,160,329,173
3350,163,172,162
3312,172,164,167
3337,152,179,171
3342,157,173,168
3350,160,176,146
3341,168,169,215
3342,157,181,148
3337,156,171,150
3335,138,154,171
3341,152,177,166
3341,156,168,165
3326,164,170,163
3307,153,171,168
3339,154,175,149
3340,149,180,165
3350,139,185,168
3338,153,162,167
3333,156,169,168
3324,141,164,172
3332,156,174,162
3340,144,165,183
3328,149,190,184
3344,164,177,189
3325,148,183,165
3339,139,180,210
3352,145,181,207
3346,135,194,210
3343,144,186,206
3333,145,192,204
3374,142,193,217
3351,140,111,207
3346,117,199,210
3343,140,180,201
3348,148,187,202
3337,133,202,197
3330,142,180,182
3325,134,196,225
3340,101,178,203
3327,143,212,204
3347,134,187,198
3338,139,188,197
3342,136,192,208
3345,148,185,195
3341,139,176,200
3404,157,186,286
3335,138,214,190
3333,140,187,177
3340,163,161,185
3322,128,158,180
3348,133,184,182
3326,123,180,190
3330,133,181,182
3329,145,196,177
3332,160,187,189
3325,129,190,184
3334,153,187,198
3320,113,183,180
3334,137,196,174
3328,130,192,178
3359,138,192,184
3342,138,198,167
3344,139,202,172
3339,149,216,164
3357,143,190,169
3340,123,167,166
3346,145,187,168
3357,132,259,163
3327,143,182,144
3346,157,165,178
3317,154,188,87
3356,144,151,166
3331,149,178,170
3320,232,198,168
3334,145,186,178
3328,86,184,179
3328,136,185,201
3340,135,195,168
3278,165,173,184
3355,137,181,199
3337,145,140,176
3361,143,161,185
3333,152,177,185
3336,147,188,181
3331,151,189,182
3309,146,188,239
3330,146,205,182
3306,152,170,180
3316,169,180,190
3329,158,183,183
3360,140,195,178
3333,142,130,172
3319,140,170,174
3347,142,180,176
3332,138,179,217
3330,142,231,180
3351,145,181,172
3333,143,97,174
3357,146,32,175
3355,161,168,191
3269,148,173,187
3349,160,171,200
3304,146,171,185
3330,144,172,204
3347,143,92,182
3337,141,171,184
3343,138,173,196
3268,150,177,195
3321,153,178,176
3316,149,157,178
3459,149,184,194
3325,147,188,194
3365,148,185,175
3335,148,190,179
3351,135,189,166
3348,144,185,184
3346,150,186,177
3389,144,186,174
3353,143,180,173
3338,141,208,172
3326,139,184,162
3346,157,182,168
3338,148,179,180
3366,141,183,186
3348,143,187,173
3346,131,182,181
3433,141,180,166
3330,141,183,184
3328,139,184,192
3321,138,184,214
3366,160,190,310
3203,143,192,200
3332,146,189,222
3370,154,197,241
3343,157,200,230
3336,163,185,245
3327,159,200,230
3347,161,181,244
3358,161,185,235
3347,165,180,231
3346,163,282,225
3329,157,155,226
3338,160,183,244
3333,176,184,221
3326,154,245,256
3328,160,179,240
3344,138,173,253
3362,164,180,237
3340,154,186,225
3359,143,176,228
3341,150,163,254
3342,128,175,261
3346,149,174,260
3325,151,172,249
3337,145,170,265
3316,154,175,275
3327,156,170,264
3344,142,154,281
3312,156,167,252
3329,134,168,266
3307,166,176,265
3325,152,180,268
3326,154,144,265
3318,137,189,251
3348,157,171,270
3321,160,169,241
3352,138,164,256
3338,151,169,258
3340,128,167,264
3291,147,167,262
3330,148,181,228
3333,151,166,247
3330,165,153,314
3325,180,158,225
3337,148,204,245
3314,136,178,231
3317,145,169,229
3334,164,198,227
3322,170,172,233
3328,149,150,224
3305,133,165,209
3360,142,159,215
3313,144,168,200
3285,137,149,170
3343,151,156,202
3337,138,173,197
3343,161,159,206
3292,152,162,162
3328,156,158,205
3328,164,220,213
3311,138,158,145
3339,159,160,204
3322,159,309,201
3338,160,80,190
3332,172,139,188
3340,158,162,182
3343,155,158,190
3325,155,159,187
3334,159,144,180
3326,264,158,192
3327,162,162,184
3335,164,132,196
3302,160,159,192
3336,159,173,219
3342,156,159,214
3347,163,164,215
3353,162,152,210
3341,144,178,213
3336,179,151,223
3333,164,158,199
3330,173,152,207
3337,315,155,203
3331,125,158,202
3328,262,152,204
3312,166,157,208
3329,162,175,192
3332,166,152,184
3347,166,155,189
3356,167,150,199
3349,33,153,194
3368,167,154,210
3346,175,146,198
3347,167,150,193
3352,242,151,196
3351,166,151,189
3345,147,147,202
3336,166,150,195
3340,160,164,223
3337,165,145,204
3338,161,150,205
3357,157,153,206
3338,148,152,204
3327,159,199,206
3317,165,135,195
3345,159,155,193
3348,158,149,195
3337,149,150,182
3335,158,209,194
3333,171,149,178
3341,160,146,192
3350,160,127,184
3330,165,151,178
3329,142,145,305
3335,160,147,176
3348,130,153,195
3329,184,145,212
3325,173,159,227
3345,146,151,219
3328,161,154,204
3331,157,150,200
3338,162,147,201
3339,158,151,206
3339,155,143,195
3338,159,179,208
3348,154,94,201
3342,148,154,200
3362,164,153,198
3345,165,162,200
3343,162,157,242
3340,170,163,216
3335,171,175,194
3340,171,168,202
3333,170,157,214
3339,143,159,221
3336,180,162,109
3288,166,166,216
3305,168,169,203
3323,158,180,216
3333,172,176,213
3335,169,174,193
3337,174,162,218
3370,181,171,241
3345,179,174,208
3331,190,174,186
3336,182,174,205
3327,179,170,196
3344,187,166,198
3338,192,118,190
3340,172,177,186
3341,194,151,197
3332,193,166,192
3343,205,162,190
3284,187,166,194
3337,188,160,188
3346,195,152,186
3325,192,167,186
3342,182,165,186
3328,170,180,168
3337,181,152,185
3331,165,166,140
3214,179,165,59
3339,185,176,193
3346,160,188,190
3350,192,169,201
3341,205,165,188
3318,187,170,195
3326,203,146,195
3345,187,168,186
3349,200,152,200
3338,182,164,189
3338,177,168,181
3338,198,152,179
3325,207,162,185
3348,181,146,188
3333,182,162,204
3334,171,154,192
3337,179,161,171
3344,183,160,196
3372,186,139,192
3344,191,158,196
3345,202,165,196
3325,198,160,178
3333,183,166,193
3349,187,42,198
3336,191,173,208
3349,171,178,196
3347,195,185,210
3345,187,256,223
3351,195,180,260
3353,220,177,258
3365,188,177,258
3325,282,177,256
3337,182,179,222
3336,193,178,257
3347,187,175,247
3359,186,174,257
3339,189,173,269
3340,174,171,223
3322,202,172,265
3329,209,171,274
3328,204,169,264
3346,205,165,266
3345,231,172,267
3342,208,163,266
3324,204,173,256
3334,193,174,263
3349,200,168,256
3352,197,164,264
3335,202,166,260
3322,212,218,256
3338,207,164,247
3343,213,163,292
3386,213,163,286
3335,210,164,288
3342,196,178,293
3342,208,161,295
3322,222,161,295
3357,231,166,291
3332,238,133,281
3351,249,159,290
3346,251,165,277
3338,256,175,278
3333,243,151,278
3340,239,146,269
3337,234,157,268
3339,251,140,262
3326,236,211,264
3337,237,160,266
3343,244,174,262
3344,264,142,260
3342,246,152,250
3342,257,160,256
3337,251,152,273
3342,264,130,262
3337,249,133,253
3335,249,152,253
3338,236,136,256
3340,243,152,252
3337,240,161,272
3336,243,115,260
3337,244,150,254
3355,229,134,264
3337,240,160,241
3340,237,148,252
3344,232,103,245
3348,231,147,233
3337,231,121,259
3333,378,147,242
3344,230,148,253
3322,242,132,225
3360,235,151,235
3352,272,151,245
3343,244,154,232
3354,238,143,241
3316,237,101,229
3259,246,162,236
3324,270,145,235
3353,222,162,232
3341,252,162,289
3336,247,166,262
3348,246,165,259
3330,218,162,203
3345,242,163,262
3352,238,166,287
3322,227,181,261
3342,232,162,277
3344,244,161,256
3328,237,173,262
3393,259,142,251
3333,249,169,257
3374,295,173,257
3338,250,169,317
3337,266,175,256
3337,266,168,251
3330,262,168,252
3339,267,152,258
3333,268,159,256
3333,268,176,246
3333,257,172,248
3218,275,160,242
3364,280,159,240
3366,280,160,239
3372,306,173,223
3346,276,156,212
3345,279,156,226
3339,282,160,221
3342,268,164,218
3335,280,174,220
3337,288,158,217
3330,275,162,204
3341,275,156,230
3330,273,173,223
3349,274,251,234
3332,207,172,225
3350,275,193,213
3334,270,181,227
3331,268,183,229
3339,272,180,234
3336,275,188,194
3336,247,173,244
3344,268,173,216
3337,276,176,218
3364,286,176,219
3340,285,192,206
3350,186,179,209
3329,294,184,207
3337,289,189,188
3339,280,165,208
3343,294,172,212
3341,275,174,211
3338,266,170,254
3345,265,177,228
3337,268,161,229
3334,272,196,235
3348,273,156,222
3337,256,161,219
3352,233,168,213
3341,264,168,214
3371,266,164,212
3342,272,157,221
3338,266,165,222
3346,281,164,221
3334,276,164,225
3334,276,174,224
3341,266,120,228
3313,242,162,164
3344,268,154,222
3339,267,147,238
3322,265,327,233
3331,268,139,231
3339,274,174,223
3347,260,160,248
3332,259,186,242
3326,256,179,243
3320,262,160,236
3355,238,160,252
3357,264,182,269
3341,269,158,242
3343,264,190,241
3346,251,198,240
3351,269,189,229
3344,266,154,230
3343,149,160,222
3338,265,190,247
3319,276,179,174
3261,267,178,224
3332,271,177,219
3334,280,177,226
3349,274,114,235
3348,223,172,220
3343,270,174,225
3334,270,126,223
3319,263,176,228
3340,220,162,247
3340,256,175,231
3332,265,174,194
3321,296,169,224
3335,278,177,225
3346,277,139,227
3332,277,177,220
3331,271,162,218
3327,280,188,220
3324,275,188,231
3336,254,211,247
3347,263,189,243
3333,262,187,108
3323,275,192,218
3342,250,186,240
3335,270,198,239
3344,292,181,237
3337,266,183,365
3362,273,182,227
3341,279,112,221
3339,303,184,113
3343,295,190,218
3344,288,184,220
3349,283,182,195
3345,262,187,217
3328,279,236,214
3345,272,182,300
3335,278,181,212
3339,328,179,210
3354,269,158,208
3338,257,178,206
3334,273,198,192
3334,256,180,201
3337,290,169,206
3357,262,179,204
3321,271,181,198
3385,246,197,213
3332,267,174,215
3331,273,200,211
3417,276,179,226
3327,251,152,224
3341,263,176,229
3333,268,246,218
3358,260,174,228
3354,263,169,240
3336,257,161,237
3324,278,180,239
3315,264,189,238
3329,257,207,232
3332,299,160,235
3343,270,173,221
3344,254,180,235
3335,261,204,242
3334,253,231,241
3356,243,191,238
3340,276,175,238
3313,244,189,234
3304,243,197,232
3341,239,172,228
3334,256,180,212
3328,254,178,224
3332,277,167,225
3328,259,208,235
3333,247,184,239
3336,260,176,201
3314,244,171,215
3336,247,164,225
3351,228,182,209
3352,247,158,222
3338,256,180,212
3355,259,167,221
3345,262,174,219
3331,308,174,213
3335,254,175,223
3315,272,155,229
3344,265,187,213
3328,273,176,200
3312,273,173,209
3336,270,179,209
3335,268,193,228
3335,265,178,220
3330,251,193,206
3337,252,181,214
3323,258,181,206
3334,259,168,207
3335,250,183,220
3339,261,179,229
3336,243,182,220
3340,219,163,208
3344,248,202,217
3338,240,174,261
3342,313,193,212
3339,244,173,222
3416,253,175,320
3328,245,172,207
3347,242,182,198
3341,244,171,213
3336,250,178,211
3332,225,159,216
3329,210,176,202
3330,236,178,192
3335,240,177,195
3339,232,179,194
3315,327,177,194
3332,223,174,188
3345,252,170,190
3341,245,174,192
3333,253,163,204
3414,247,180,208
3329,259,178,185
3355,232,173,189
3340,229,174,210
3332,250,173,198
3333,256,193,192
3335,275,179,190
3271,256,176,179
3322,253,198,185
3334,246,73,181
3304,244,186,182
3354,242,184,203
3333,239,184,178
3328,239,220,169
3338,256,181,105
3344,239,198,161
3371,254,174,196
3346,256,189,170
3335,243,180,169
3313,257,173,170
3333,247,178,232
3351,254,177,172
3335,253,176,193
3344,261,176,177
3343,256,182,178
3339,264,185,210
3345,270,152,217
3336,253,168,211
3336,256,171,208
3337,249,161,208
3336,250,170,210
3331,251,165,214
3350,252,94,218
3345,258,169,212
3318,250,161,208
3392,242,186,212
3336,258,168,208
3356,252,140,204
3338,252,178,200
3321,247,160,191
3431,246,163,196
3323,265,162,202
3335,241,180,224
3345,253,166,219
3334,234,180,205
3343,212,176,204
3327,240,180,126
3343,230,193,214
3354,232,165,203
3338,214,183,186
3344,233,171,215
3342,251,181,207
3360,239,181,216
3357,237,174,196
3350,228,172,203
3347,236,160,204
3344,235,167,206
3344,242,172,200
3348,247,168,208
3335,245,168,198
3327,243,161,204
3342,266,147,191
3332,226,160,206
3328,227,176,189
3331,225,169,187
3343,231,161,193
3328,227,175,180
3349,220,168,189
3387,225,168,201
3341,233,174,185
3346,225,170,115
3318,264,167,184
3346,227,167,198
3310,234,168,112
3331,225,160,172
3347,218,167,184
3337,223,162,181
3332,227,178,171
3314,242,144,185
3323,226,168,176
3337,243,165,174
3333,227,157,173
3336,229,137,171
3330,227,171,162
3355,222,152,201
3337,235,180,152
3350,243,175,169
3342,264,165,168
3337,248,166,172
3336,258,154,172
3338,253,164,172
3351,212,167,167
3333,218,158,187
3338,245,163,173
3355,289,148,181
3341,244,218,171
3331,239,174,187
3338,222,165,189
3326,233,167,185
3346,228,162,192
3338,228,182,192
3361,235,167,190
3283,233,144,165
3341,243,163,188
3340,258,164,185
3333,247,162,164
3350,245,147,212
3335,236,158,184
3349,228,172,188
3405,237,168,192
3336,231,166,188
3328,244,148,200
3332,228,171,186
3338,213,176,188
3344,227,177,188
3355,224,164,198
3344,215,174,202
3341,220,171,194
3356,207,173,200
3342,216,168,197
3330,209,199,196
3345,216,173,177
3344,216,162,200
3337,130,172,201
3345,286,168,200
3342,205,182,202
3331,209,187,197
3307,218,176,206
3321,214,157,196
3346,223,160,197
3338,148,167,196
3345,218,67,191
3308,218,174,196
3331,215,167,192
3332,292,159,187
3318,211,167,182
3336,217,165,186
3334,200,163,177
3343,198,165,178
3344,205,162,182
3348,203,156,176
3345,220,170,176
3333,209,158,174
3344,211,152,173
3320,219,165,173
3400,225,159,184
3308,239,164,170
3349,230,167,162
3329,253,152,168
3336,232,157,162
3353,226,156,170
3328,157,140,167
3347,221,168,167
3345,222,147,160
3350,328,157,165
3253,216,154,153
3353,220,154,165
3344,220,164,169
3336,221,152,164
3344,212,154,160
3340,209,164,166
3313,212,152,146
3348,212,141,175
3362,221,123,170
3336,201,152,167
3339,208,154,188
3331,210,183,176
3336,215,159,172
3324,210,165,181
3311,211,173,181
3341,204,185,160
3347,186,173,177
3334,201,190,185
3343,307,176,192
3344,197,162,192
3341,200,167,186
3351,196,176,189
3330,192,191,196
3328,207,199,200
3348,196,168,195
3346,217,162,187
3341,189,175,161
3344,221,171,205
3349,195,178,192
3343,184,205,197
3313,194,177,196
3317,197,180,112
3336,206,173,180
3334,188,174,176
3335,205,171,188
3335,188,185,185
3334,194,187,165
3332,196,174,187
3338,163,180,183
3351,213,160,186
3322,190,172,183
3364,192,174,205
3346,197,168,180
3337,173,191,180
3339,192,167,181
3323,194,169,184
3348,193,171,208
3332,189,186,190
3355,197,184,190
3325,174,173,177
3332,186,168,161
3343,189,177,182
3337,201,173,169
3356,183,170,192
3345,256,172,178
3345,189,192,173
3333,212,167,173
3333,181,173,179
3313,189,161,178
3336,192,169,173
3362,169,184,170
3341,186,168,168
3325,178,188,150
3337,181,168,169
3338,181,168,169
3336,166,165,168
3330,153,182,170
3336,96,178,156
3346,188,137,157
3326,175,154,164
3362,165,172,164
3333,179,166,168
3327,177,177,170
3344,184,134,168
3328,198,162,166
3365,183,161,163
3323,198,160,170
3345,163,157,171
3327,191,155,170
3306,200,169,248
3341,195,141,188
3337,205,150,168
3336,268,158,165
3328,191,149,163
3327,181,146,165
3337,199,155,170
3349,187,156,176
3332,187,164,172
3330,197,182,162
3347,152,169,188
3343,185,156,191
3317,198,169,184
3335,186,167,206
3325,189,169,186
3324,188,154,187
3340,203,175,126
3321,196,173,184
3366,190,175,182
3322,185,144,181
3343,178,181,180
3346,186,171,185
3333,183,200,189
3325,184,182,184
3338,184,165,186
3341,181,177,181
3347,204,173,165
3341,180,171,183
3341,189,201,181
3440,182,177,171
3336,181,178,175
3338,181,174,168
3338,180,164,170
3323,180,190,180
3338,179,171,157
3334,176,170,176
3320,167,179,177
3328,177,175,172
3310,182,121,186
3333,183,181,183
3331,175,172,189
3343,183,184,168
3331,182,185,203
3344,174,181,185
3337,167,202,204
3339,193,164,218
3338,178,220,228
3340,173,202,229
3358,185,180,236
3336,177,211,236
3339,174,203,228
3308,173,207,228
3336,233,210,214
3313,176,204,228
3315,172,199,227
3337,183,192,229
3317,163,197,247
3331,168,178,232
3334,174,187,224
3337,165,187,224
3336,169,189,222
3337,164,192,211
3344,167,176,226
3340,163,199,245
3330,165,188,235
3332,136,190,218
3337,163,165,213
3322,161,189,209
3328,155,185,216
3323,168,184,202
3336,182,185,218
3331,117,197,217
3329,156,181,219
3324,145,201,195
3326,162,180,222
3337,155,187,221
3341,158,182,230
3361,158,178,223
3353,155,189,212
3342,134,196,224
3328,166,173,220
3356,160,256,222
3343,197,162,233
3332,151,187,210
3332,197,176,217
3320,188,176,201
3324,159,189,200
3333,185,174,209
3343,152,165,209
3340,167,145,212
3336,160,187,201
3333,160,173,212
3323,171,173,205
3331,184,160,200
3367,185,158,212
3332,174,114,196
3333,184,154,194
3251,202,155,191
3326,189,167,193
3342,192,160,200
3330,64,165,194
3328,190,162,190
3319,202,163,163
3337,174,162,188
3320,195,145,195
3335,172,166,187
3336,185,169,186
3315,236,172,214
3325,184,170,217
3321,202,151,221
3324,184,179,213
3429,169,167,76
3318,184,168,201
3336,172,170,205
3340,183,167,185
3354,177,166,205
3340,187,165,203
3334,187,184,203
3322,187,181,212
3338,138,184,214
3335,193,185,204
3335,181,168,213
3330,182,175,210
3324,195,182,219
3339,175,174,201
3338,176,183,225
3334,174,180,221
3400,176,182,217
3331,184,181,216
3344,168,179,208
3342,172,179,211
3357,169,177,210
3342,170,180,210
3338,160,169,235
3343,162,192,217
3336,175,175,224
3331,169,169,222
3332,164,166,206
3348,163,171,210
3334,145,172,229
3340,222,170,230
3332,167,172,219
3307,172,177,227
3348,180,168,227
3345,159,167,228
3327,173,163,226
3312,154,168,216
3337,158,156,225
3323,166,169,217
3348,141,173,213
3349,157,162,213
3349,154,189,211
3348,175,145,219
3346,138,167,214
3360,142,162,249
3317,146,140,210
3339,150,162,215
3331,152,188,222
3324,154,159,225
3329,156,160,223
3338,160,160,212
3327,146,161,231
3336,136,174,227
3324,156,213,224
3311,151,198,220
3333,151,216,241
3325,135,216,242
3346,152,207,251
3331,221,235,252
3339,151,226,249
3328,166,251,246
3326,150,325,249
3344,156,249,268
3326,144,262,247
3337,153,224,267
3331,152,257,237
3353,151,245,270
3325,154,234,253
3334,150,218,248
3361,150,243,257
3317,145,240,244
3341,138,228,258
3333,154,137,240
3356,133,297,237
3350,144,236,244
3342,130,260,219
3338,144,239,256
3346,205,227,230
3338,148,235,232
3337,145,226,234
3347,144,132,229
3336,147,231,239
3315,165,225,249
3348,144,330,241
3328,148,227,257
3342,140,135,238
3338,157,212,248
3322,150,178,237
3329,150,236,224
3316,144,201,238
3352,140,208,232
3340,154,200,236
3314,153,224,234
3351,137,208,245
3345,164,192,247
3362,129,212,246
3357,147,221,244
3336,129,217,243
3334,147,224,247
3354,144,212,248
3341,144,216,247
3335,158,204,263
3333,142,215,280
3344,141,189,285
3308,143,212,279
3335,141,221,281
3353,139,108,269
3339,141,210,272
3404,128,206,141
3348,140,209,272
3343,107,190,283
3323,142,209,269
3486,144,208,272
3279,134,199,265
3341,145,220,260
3345,242,180,250
3348,141,192,248
3365,144,194,259
3336,140,198,243
3328,139,222,246
3331,148,198,244
3326,141,186,246
3339,128,194,287
3328,143,208,256
3331,111,213,247
3335,137,207,247
3340,152,204,241
3369,155,186,240
3344,131,203,295
3348,156,205,237
3345,86,205,236
3338,153,205,235
3350,162,192,244
3339,164,200,228
3368,158,193,228
3330,160,174,240
3335,166,208,229
3325,177,209,229
3302,168,210,226
3337,169,228,211
3324,164,272,228
3344,50,215,225
3347,181,200,231
3339,160,237,220
3351,160,94,220
3356,160,202,204
3352,158,182,227
3370,122,205,224
3346,159,203,205
3348,157,201,219
3468,159,202,203
3341,148,200,212
3349,154,198,213
3326,138,230,209
3338,155,175,243
3303,157,194,235
3337,148,194,257
3321,158,177,240
3332,152,191,245
3341,169,183,241
3328,73,194,229
3338,176,172,247
3351,150,161,241
3341,148,175,250
3350,150,182,248
3338,152,188,237
3340,150,180,253
3322,156,165,234
3330,152,176,237
3332,148,173,235
3329,164,167,250
3332,20,182,234
3336,144,183,268
3317,145,192,276
3339,171,176,268
3338,145,188,266
3345,142,175,267
3363,142,187,258
3362,147,186,252
3351,155,168,252
3343,144,185,245
3355,171,176,260
3328,140,183,249
3349,149,198,248
3340,172,180,244
3355,140,180,237
3346,175,171,240
3347,145,176,232
3338,141,160,227
3314,160,166,227
3227,148,178,243
3332,114,165,244
3332,144,256,220
3323,143,151,227
3348,142,149,220
3336,142,174,224
3338,144,252,243
3325,149,178,240
3348,156,184,260
3346,132,169,251
3364,164,170,266
3341,165,202,264
3343,158,183,268
3340,169,165,273
3328,313,174,265
3314,168,174,248
3353,153,187,264
3315,170,154,241
3344,161,171,249
3338,160,169,254
3362,159,186,258
3317,161,170,247
3346,157,166,256
3396,146,188,251
3344,152,180,263
3348,157,168,234
3343,158,165,247
3360,164,84,257
3339,168,170,252
3332,115,165,241
3328,173,176,241
3333,161,176,229
3343,170,163,231
3333,189,154,240
3351,187,184,219
3335,164,161,231
3337,163,168,221
3353,174,162,199
3334,168,157,222
3347,168,150,223
3349,166,160,217
3323,139,162,222
3360,160,157,219
3346,157,160,205
3341,157,159,195
3344,161,150,207
3342,168,147,199
3342,96,155,204
3339,161,181,203
3342,26,154,204
3325,164,163,199
3343,153,166,187
3331,164,150,206
3339,158,149,204
3330,137,153,281
3328,159,158,205
3361,158,144,198
3336,174,150,199
3329,144,156,209
3341,156,154,199
3345,154,153,240
3344,128,147,198
3352,154,156,201
3358,152,189,199
3346,152,172,203
3330,149,18,186
3332,151,226,190
3334,191,163,174
3344,151,173,201
3344,164,172,177
3346,161,155,206
3329,145,172,231
3307,157,165,219
3342,148,170,218
3341,139,165,216
3336,146,153,214
3337,143,164,222
3349,140,168,235
3334,148,168,220
3326,155,149,223
3354,128,177,228
3354,190,157,232
3346,129,156,236
3347,33,166,213
3339,173,166,216
3343,170,173,212
3327,164,184,190
3312,149,163,172
3345,161,169,227
3335,146,168,224
3324,170,145,206
3343,165,139,213
3354,167,160,204
3342,171,146,225
3398,164,158,200
3339,164,161,205
3338,135,170,195
3340,180,154,209
3338,158,133,208
3362,166,157,194
3345,164,148,219
3354,140,157,212
3452,146,155,213
3340,163,128,203
3329,160,155,189
3333,136,153,262
3336,162,168,216
3325,149,176,217
3393,164,148,192
3330,161,188,206
3354,160,173,221
3265,172,168,201
3351,154,168,197
3339,167,173,197
3326,148,182,188
3341,182,179,186
3486,162,177,204
3334,160,177,203
3438,177,170,264
3351,186,177,194
3345,171,177,209
3344,156,177,210
3336,164,154,196
3348,161,169,213
3336,134,176,228
3266,156,166,222
3341,175,173,214
3360,152,170,227
3322,149,168,216
3341,167,180,219
3333,149,170,230
3349,173,156,237
3354,128,168,228
3345,153,170,225
3331,158,167,229
3336,150,168,227
3330,150,161,247
3340,147,144,238
3347,141,167,235
3356,120,168,180
3339,149,169,225
3344,170,159,230
3350,142,166,231
3325,144,162,228
3396,145,166,233
3337,148,172,213
3366,147,152,216
3347,158,142,218
3333,141,163,208
3354,128,168,219
3345,135,187,208
3340,251,172,212
3344,145,148,207
3341,157,171,189
3330,153,175,214
3336,140,185,194
3332,134,167,229
3319,155,177,198
3344,149,154,202
3332,162,180,204
3343,153,207,211
3300,149,178,204
3356,164,216,196
3338,164,171,202
3345,153,179,197
3327,140,176,198
3362,162,175,199
3343,142,176,206
3354,159,276,210
3328,151,187,215
3323,184,183,216
3341,151,175,215
3329,141,187,216
3348,134,167,236
3332,169,177,224
3322,159,170,230
3345,251,162,215
3373,157,174,229
3342,152,169,224
3357,158,165,210
3348,148,156,208
3347,159,157,215
3340,125,156,206
3368,153,170,214
3338,157,152,214
3350,141,170,202
3344,149,141,202
3346,146,172,198
3400,138,163,72
3348,140,183,196
3344,142,168,179
3350,145,166,187
3438,132,162,192
3332,144,164,190
3334,17,166,194
3315,139,168,193
3341,148,157,256
3344,133,186,186
3350,157,163,123
3312,131,180,190
3351,122,157,245
3350,158,162,190
3343,134,158,185
3347,141,156,183
3336,121,166,185
3319,136,162,164
3349,133,160,178
3343,129,158,177
3342,31,161,174
3336,114,160,180
3353,135,160,180
3341,136,172,170
3352,128,244,177
3359,133,157,159
3338,135,174,175
3370,131,160,162
3341,134,183,166
3345,136,155,165
3347,177,157,165
3357,144,165,165
3352,144,152,162
3339,149,140,164
3344,145,162,160
3349,148,159,139
3341,123,172,160
3268,146,162,165
3339,120,184,176
3208,145,161,183
3333,143,162,173
3350,119,176,166
3333,147,160,163
3321,146,143,185
3331,180,157,174
3332,168,150,167
3342,157,160,170
3359,171,160,173
3331,160,162,164
3336,172,159,183
3342,162,218,184
3329,159,165,189
3336,175,180,187
3324,164,243,191
3339,183,174,192
3344,169,198,191
3346,154,174,198
3339,174,182,188
3339,165,183,197
3356,230,180,198
3340,140,180,204
3339,157,180,200
3346,162,172,195
3348,161,177,188
3348,157,176,185
3349,90,177,182
3349,159,176,184
3339,165,195,218
3344,147,177,218
3344,156,187,227
3354,142,185,205
3349,182,181,218
3361,139,198,216
3341,155,175,218
3312,157,179,203
3326,151,192,236
3337,150,173,222
3259,157,184,224
3338,165,190,186
3317,141,194,229
3367,148,184,286
3344,164,184,230
3334,144,181,234
3343,129,215,230
3344,146,279,234
3336,132,182,256
3326,149,179,218
3335,144,182,244
3329,141,191,223
3341,142,179,230
3341,150,164,241
3344,144,194,220
3334,142,176,221
3431,157,174,299
3330,144,181,214
3340,144,176,228
3330,134,188,210
3338,140,181,151
3335,144,165,194
3444,140,170,213
3405,138,143,202
3353,138,169,198
3360,136,148,233
3250,149,164,237
3342,141,169,238
3355,102,187,230
3342,33,174,228
3361,128,175,229
3389,137,176,248
3380,125,192,227
3326,152,174,160
3306,136,174,220
3350,133,146,226
3324,133,176,225
3334,123,172,223
3341,140,172,206
3440,139,173,222
3344,136,170,222
3343,138,184,201
3376,122,182,228
3349,144,170,217
3342,149,169,215
3357,12,168,211
3358,173,170,201
3364,145,166,208
3340,156,169,187
3332,131,160,202
3452,153,168,195
3309,153,166,195
3363,144,165,199
3322,152,165,200
3398,147,163,196
3348,151,166,193
3342,150,173,189
3338,150,158,194
3362,152,165,175
3315,153,162,198
3323,163,162,206
3351,154,161,201
3338,159,152,203
3331,158,155,202
3360,160,161,213
3340,166,168,210
3335,157,159,224
3333,153,159,206
3331,157,148,224
3331,155,143,205
3334,146,145,218
3333,153,157,211
3330,175,157,212
3345,152,158,215
3349,144,150,220
3337,153,185,216
3367,144,142,210
3343,152,158,215
3350,151,154,124
3347,153,152,209
3335,158,181,204
3340,145,136,200
3337,150,156,215
3358,144,161,199
3351,148,160,195
3346,147,93,194
3335,149,165,213
3326,142,167,194
3330,149,161,190
3323,149,215,197
3331,150,188,202
3351,141,166,208
3311,146,164,184
3338,139,168,193
3341,144,163,176
3340,148,166,191
3321,146,166,197
3352,145,161,185
3374,148,170,192
3330,155,170,171
3336,149,179,186
3341,145,179,190
3340,146,161,182
3337,147,166,181
3313,137,123,194
3331,146,178,196
3328,218,174,200
3324,155,173,206
3344,140,186,226
3366,147,192,233
3352,140,184,213
3329,141,180,214
3344,138,183,217
3345,139,174,213
3313,136,185,211
3349,140,184,206
3365,136,72,204
3333,153,181,204
3340,70,165,205
3339,138,180,207
3324,145,181,222
3319,160,186,208
3325,158,197,230
3335,165,190,240
3327,165,193,244
3355,165,192,247
3300,163,190,234
3334,148,184,262
3338,170,200,262
3344,161,190,252
3342,21,190,247
3342,163,201,242
3340,136,202,244
3189,158,206,218
3353,160,342,239
3338,149,208,250
3344,150,208,229
3366,134,208,221
3350,155,204,227
3336,164,233,256
3330,156,204,262
3337,155,186,270
3347,151,200,257
3339,153,198,234
3451,131,189,250
3334,135,196,246
3344,140,192,307
3346,152,195,224
3342,146,196,237
3340,123,191,340
3441,153,194,230
3334,150,167,215
3336,151,200,230
3340,146,190,237
3513,148,194,249
3354,136,190,226
3326,126,200,220
3261,145,188,229
3321,136,190,217
3329,148,166,232
3330,149,178,220
3340,137,183,224
3336,142,191,237
3341,138,189,229
3337,142,184,213
3338,146,187,244
3336,135,192,232
3340,146,195,234
3310,138,136,239
3334,138,193,253
3312,116,190,188
3338,145,180,256
3338,148,189,257
3336,261,192,256
3338,149,195,256
3353,131,195,246
3338,156,165,258
3336,154,172,245
3395,145,191,251
3341,163,180,240
3276,157,194,322
3338,142,187,214
3347,142,184,230
3350,131,189,235
3340,131,143,237
3344,141,184,227
3347,159,182,237
3327,128,185,230
3336,138,183,239
3343,154,221,209
3340,136,188,217
3339,164,181,207
3332,142,201,213
3332,138,173,232
3331,147,227,205
3326,134,183,212
3341,140,177,278
3333,138,185,196
3355,136,194,196
3350,136,180,215
3350,134,176,198
3349,134,169,194
3345,136,158,209
3329,136,166,195
3326,123,178,193
3308,147,184,190
3330,166,167,192
3336,146,172,184
3339,151,193,184
3342,147,176,200
3345,136,162,189
3337,141,174,188
3338,145,184,186
3345,222,158,181
3376,139,157,179
3340,152,197,186
3337,146,170,177
3345,153,172,165
3348,133,165,180
3341,130,189,184
3347,141,143,188
3386,144,170,175
3344,143,171,175
3349,129,168,192
3333,125,168,179
3333,134,161,175
3336,144,166,190
3329,120,163,181
3325,136,167,176
3330,138,166,171
3340,154,145,182
3338,138,184,165
3317,132,175,170
3329,148,166,188
3328,113,163,112
3446,145,165,164
3337,151,184,158
3328,146,163,163
3325,147,168,163
3350,128,178,161
3335,149,164,160
3341,147,175,163
3339,151,165,166
3316,143,160,161
3351,130,174,161
3347,143,156,159
3382,137,184,155
3332,147,164,157
3342,71,156,155
3339,144,147,164
3321,144,170,145
3331,141,164,165
3334,170,157,163
3343,140,233,157
3347,134,140,170
3338,148,49,170
3341,140,165,183
3331,143,149,171
3308,134,175,183
3330,136,165,188
3333,132,163,187
3340,136,154,182
3328,135,163,209
3338,124,162,186
3332,155,164,183
3320,144,160,173
3340,146,161,156
3347,135,155,187
3328,147,168,165
3348,146,159,177
3324,144,220,174
3338,153,164,172
3371,162,167,177
3342,175,170,162
3325,163,162,156
3331,179,163,162
3346,196,152,162
3345,191,160,158
3370,177,160,158
3339,190,154,131
3359,174,26,153
3358,159,174,160
3323,163,162,150
3335,168,157,152
3336,179,155,151
3337,173,154,146
3337,182,152,238
3324,154,155,202
3337,229,162,167
3329,166,163,159
3255,166,163,164
3321,162,222,176
3336,166,158,174
3354,168,162,185
3337,172,168,168
3342,167,156,180
3345,166,155,185
3356,150,175,174
3339,164,168,183
3339,161,166,176
3360,163,166,246
3312,159,180,176
3330,166,162,180
3331,153,163,172
3354,174,149,186
3347,155,151,184
3370,156,169,166
3348,159,146,176
3366,151,162,177
3358,153,178,168
3350,158,158,198
3336,177,144,175
3342,111,168,224
3366,148,152,238
3328,143,158,226
3338,148,154,243
3336,154,159,235
3324,154,158,251
3321,150,162,261
3327,163,182,257
3337,153,164,249
3333,155,190,250
3349,145,157,246
3348,213,160,248
3348,135,166,247
3342,162,152,234
3340,146,169,237
3349,148,164,238
3317,144,174,238
3347,132,167,231
3333,163,165,228
3330,130,188,216
3344,155,138,235
3325,149,156,225
3336,143,228,227
3334,160,160,203
3347,138,175,208
3337,153,153,223
3345,152,159,197
3368,152,263,221
3385,156,161,203
3357,128,182,202
3329,154,169,218
3333,164,177,197
3341,151,170,210
3307,156,173,215
3343,140,189,219
3170,156,180,218
3331,158,206,234
3344,148,192,199
3305,139,184,228
3345,151,195,230
3326,160,200,214
3329,143,192,220
3349,158,195,225
3350,66,183,214
3353,154,193,215
3334,152,280,202
3350,152,194,210
3347,170,191,208
3356,160,196,92
3348,158,199,208
3346,151,193,187
3340,153,203,212
3328,153,188,194
3312,232,189,209
3325,150,189,203
3355,148,185,206
3333,165,189,210
3330,151,194,189
3331,150,173,203
3329,126,190,196
3351,124,205,196
3339,154,181,193
3341,144,178,194
3337,143,229,195
3348,142,178,191
3347,160,183,196
3339,144,192,190
3257,130,190,192
3339,132,189,186
3323,157,187,182
3340,156,189,186
3339,170,181,187
3254,161,191,210
3324,161,193,189
3328,165,200,182
3332,160,192,201
3347,154,193,204
3345,160,194,218
3519,156,198,188
3344,154,194,204
3355,151,107,202
3342,152,183,206
3349,150,191,205
3342,154,175,217
3343,135,194,202
3346,149,198,212
3336,149,197,209
3345,147,189,192
3361,157,163,201
3333,154,199,179
3334,151,203,207
3317,165,189,204
3339,136,195,203
3346,161,153,204
3346,214,184,204
3349,158,181,203
3366,162,184,206
3339,156,182,188
3338,158,160,193
3335,160,177,206
3352,155,158,237
3357,156,156,222
3365,125,174,220
3351,157,177,229
3337,153,175,195
3357,158,174,234
3319,154,183,220
3379,136,187,242
3348,156,170,230
3322,155,167,204
3339,123,172,222
3325,150,168,195
3317,166,172,215
3334,194,169,209
3345,143,166,183
3342,132,168,250
3344,155,166,204
3378,149,160,259
3331,161,161,236
3346,139,193,238
3336,154,165,234
3326,148,176,225
3340,156,156,245
3341,152,170,222
3328,154,164,243
3332,150,165,241
3321,152,160,231
3340,159,160,232
3324,165,164,238
3325,160,162,234
3204,149,168,226
3323,144,173,233
3347,153,193,228
3339,161,165,224
3349,144,175,224
3342,151,161,205
3350,141,163,223
3221,150,168,231
3339,161,171,226
3338,144,175,224
3338,151,139,228
3343,173,170,221
3328,166,160,220
3329,53,174,209
3324,156,74,210
3334,123,165,218
3345,124,179,228
3350,140,180,247
3331,134,168,211
3357,157,153,204
3342,146,165,217
3374,145,163,199
3354,150,185,202
3343,146,170,204
3347,141,153,201
3327,140,249,215
3360,141,193,211
3347,130,187,219
3339,148,192,209
3331,172,197,212
3329,151,180,254
3326,145,203,235
3327,140,128,229
3331,135,213,252
3324,142,193,234
3338,139,198,225
3350,141,177,225
3337,129,173,216
3346,128,198,215
3338,133,205,200
3333,113,206,203
3337,134,198,170
3338,139,218,200
3332,146,190,198
3340,179,169,196
3329,140,193,204
3278,158,185,193
3335,132,193,178
3329,146,180,171
3275,146,189,184
3340,142,179,188
3349,143,178,179
3330,145,188,190
3358,148,169,188
3332,112,198,196
3321,141,186,188
3381,142,179,192
3343,148,198,198
3338,161,175,195
3336,158,200,174
3349,148,200,184
3348,155,172,184
3340,146,192,183
3273,170,184,176
3341,151,153,187
3305,155,185,158
3340,150,181,178
3334,156,181,179
3443,154,179,177
3338,136,187,155
3352,168,141,169
3336,160,177,156
3335,124,178,170
3311,145,188,166
3233,138,179,170
3349,148,174,182
3344,144,175,175
3325,105,175,164
3340,146,171,177
3351,172,151,173
3334,173,166,163
3347,144,171,187
3344,213,175,198
3339,151,170,272
3320,145,167,197
3310,143,180,185
3329,142,188,197
3347,156,169,200
3326,141,193,189
3345,162,176,183
3342,140,164,176
3347,141,194,185
3355,164,172,185
3337,56,161,180
3332,136,44,184
3321,138,178,192
3384,126,167,184
3346,152,146,190
3333,140,171,182
3353,137,145,180
3337,138,162,176
3327,132,176,184
3342,138,178,197
3326,138,185,188
3324,128,179,197
3357,153,194,244
3345,129,193,190
3347,137,192,181
3352,248,192,189
3349,133,176,186
3348,135,191,186
3344,123,187,210
3330,134,175,203
3334,131,204,190
3357,130,187,199
3336,130,258,189
3340,132,193,190
3326,135,195,176
3335,141,202,183
3345,142,175,173
3326,151,190,181
3334,160,192,190
3358,169,191,233
3341,149,198,180
3336,177,186,178
3350,60,190,179
3366,200,168,187
3348,149,201,199
3343,155,183,226
3332,160,174,225
3343,151,191,204
3329,167,160,216
3313,150,185,207
3328,145,184,205
3328,11,179,206
3328,144,194,204
3331,148,177,224
3326,149,191,200
3339,150,198,221
3339,147,190,201
3331,123,193,196
3335,132,189,260
3337,123,207,184
3337,141,179,204
3339,148,183,210
3371,138,185,209
3348,144,175,206
3340,142,186,208
3312,116,184,149
3332,133,187,214
3341,144,188,281
3346,1,197,211
3330,145,191,142
3434,125,190,213
3350,149,188,215
3337,128,216,208
3338,144,184,209
3344,160,185,210
3406,150,183,295
3349,118,185,221
3374,132,188,217
3348,135,181,197
3340,120,184,222
3347,141,176,229
3338,132,182,228
3342,165,174,222
3329,146,204,226
3332,132,167,235
3350,141,177,220
3347,164,162,221
3217,138,174,201
3324,150,174,223
3338,138,156,210
3335,146,176,201
3329,154,170,211
3346,136,172,210
3332,139,192,187
3355,149,172,197
3328,99,156,204
3336,176,163,183
3333,177,172,199
3351,155,192,186
3333,217,174,188
3320,202,167,181
3349,151,174,193
3318,188,178,108
3362,185,177,186
3349,169,177,188
3343,188,171,182
3335,181,173,181
3340,172,170,186
3339,266,176,185
3334,174,169,190
3314,178,180,258
3357,178,168,178
3345,183,161,184
3328,172,161,172
3350,171,168,168
3329,161,171,174
3349,178,156,182
3225,176,168,149
3352,157,176,172
3325,179,168,170
3337,142,182,171
3345,186,159,176
3318,148,119,184
3242,163,188,180
3344,174,178,209
3324,196,188,204
3323,160,256,203
3337,155,218,205
3330,163,189,188
3348,160,203,212
3411,164,204,225
3341,164,181,219
3347,270,200,217
3344,180,209,191
3339,164,212,211
3346,166,221,241
3344,162,217,219
3350,161,225,214
3333,162,193,207
3319,165,216,215
3331,162,207,238
3361,157,212,211
3338,157,219,207
3339,154,210,208
3338,158,211,201
3338,155,208,201
3340,163,209,194
3346,145,213,197
3348,145,179,180
3339,154,197,188
3336,142,199,194
3258,152,201,197
3339,144,200,246
3343,152,208,211
3312,138,220,205
3315,147,232,220
3319,147,257,208
3337,146,242,240
3348,147,228,244
3341,134,248,236
3345,135,254,302
3332,163,257,231
3343,158,265,232
3325,151,256,240
3339,151,252,243
3345,151,250,236
3325,144,249,236
3344,166,231,247
3340,159,250,226
3337,158,247,229
3373,149,231,220
3345,154,251,217
3369,158,249,219
3348,156,237,213
3346,158,231,211
3347,151,240,214
3322,157,246,306
3311,163,234,215
3336,150,232,252
3312,153,226,227
3332,144,233,248
3339,124,216,249
3341,144,203,253
3313,142,229,232
3344,126,254,246
3346,144,215,276
3330,173,216,280
3353,177,233,264
3344,153,247,273
3288,160,223,256
3336,163,230,268
3317,156,220,269
3337,169,219,264
3242,132,218,243
3338,149,215,280
3337,74,205,268
3340,155,209,288
3325,174,208,212
3348,146,210,290
3338,151,210,276
3322,153,205,260
3342,154,182,288
3334,151,211,297
3329,168,203,304
3345,168,187,328
3313,146,203,303
3329,149,199,310
3319,162,184,303
3340,126,200,377
3328,146,274,324
3328,256,210,322
3335,146,220,318
3341,154,225,192
3377,136,234,319
3333,141,284,329
3321,141,218,305
3336,258,209,310
3307,184,217,305
3334,130,217,304
3285,160,213,300
3348,137,212,295
3347,147,187,282
3217,145,211,282
3348,147,210,286
3332,160,197,281
3341,123,211,279
3362,131,208,286
3342,146,208,276
3333,153,180,286
3337,153,206,284
3513,144,200,261
3344,142,309,277
3331,145,178,268
3331,162,192,278
3328,141,197,257
3337,143,205,265
3346,157,180,260
3342,145,205,269
3349,169,181,280
3345,152,194,256
3343,229,209,256
3339,298,206,250
3346,149,190,244
3342,166,177,242
3349,162,186,244
3331,162,189,233
3337,160,181,234
3337,139,187,236
3339,158,188,227
3330,156,183,226
3340,153,158,216
3334,154,181,193
3345,156,182,212
3341,153,185,219
3348,152,190,206
3342,153,175,212
3323,144,193,208
3313,158,183,190
3338,161,176,185
3333,167,166,185
3193,149,177,189
3332,131,183,176
3348,144,67,196
3314,148,182,201
3337,169,202,193
3358,150,173,207
3337,126,169,212
3335,161,167,196
3345,149,169,188
3360,148,172,195
3336,170,158,193
3335,132,168,198
3370,149,167,190
3335,149,217,176
3343,148,168,185
3316,159,170,183
3345,150,175,187
3350,156,140,177
3360,154,144,186
3344,182,158,181
3338,163,167,175
3349,153,164,187
3321,177,160,209
3330,153,137,205
3344,155,158,213
3305,152,157,194
3363,146,158,206
3337,155,148,208
3338,155,146,214
3346,156,159,224
3352,169,143,242
3338,120,160,213
3345,176,165,219
3330,171,184,208
3330,173,161,208
3341,175,168,219
3310,170,165,192
3329,181,56,216
3348,165,165,216
3325,194,164,221
3326,172,171,206
3339,167,143,215
3351,157,162,245
3346,165,169,220
3336,156,144,210
3330,190,160,215
3342,162,168,223
3334,156,184,196
3334,174,174,219
3352,140,171,215
3346,161,167,210
3352,160,168,224
3344,150,166,206
3333,156,168,205
3337,169,146,209
3335,143,168,204
3329,121,156,227
3342,115,164,198
3343,154,160,212
3332,181,163,196
3329,160,166,191
3338,169,157,203
3344,163,152,189
3344,172,161,200
3339,161,163,181
3352,163,158,204
3358,178,161,196
3337,161,161,192
3340,149,155,207
3239,170,162,211
3372,167,161,203
3346,172,161,186
3348,165,158,204
3385,164,143,203
3337,163,162,205
3333,153,157,202
3350,163,157,207
3341,150,156,222
3366,162,271,212
3327,151,159,202
3327,171,154,188
3337,167,155,205
3292,162,136,186
3352,165,156,218
3341,164,166,211
3401,157,164,86
3335,165,164,190
3323,163,180,207
3349,165,167,195
3336,156,167,220
3348,165,39,213
3327,164,141,222
3317,174,178,220
3328,180,172,223
3337,174,169,231
3335,176,163,215
3339,176,168,186
3339,170,173,217
3338,174,167,202
3345,175,161,290
3347,192,174,218
3345,160,175,218
3362,168,175,223
3343,165,159,221
3343,168,173,205
3335,179,172,214
3335,192,166,217
3340,189,169,207
3333,150,168,216
3331,165,165,210
3329,178,169,205
3312,180,167,205
3332,164,162,210
3333,139,166,209
3331,165,190,200
3333,147,166,196
3348,158,163,203
3334,182,161,203
3353,159,165,206
3352,173,164,82
3340,155,145,205
3335,145,160,205
3333,156,167,231
3324,165,161,224
3339,179,169,224
3337,145,173,222
3329,166,146,244
3336,154,172,243
3324,152,173,258
3339,160,176,259
3331,160,177,257
3336,173,172,256
3323,123,171,256
3365,167,167,280
3355,192,178,245
3338,165,186,243
3349,174,182,238
3339,162,191,216
3347,160,179,241
3335,154,154,237
3349,160,178,238
3343,160,172,247
3361,159,182,232
3319,170,179,228
3326,159,172,226
3336,152,178,221
3355,156,160,235
3360,158,174,220
3349,147,163,224
3332,153,217,223
3365,121,173,223
3343,163,171,221
3331,153,145,232
3355,161,173,237
3455,156,172,219
3334,157,160,214
3353,156,168,228
3346,156,167,231
3360,149,155,212
3339,156,168,230
3338,159,175,223
3342,224,169,223
3329,152,157,226
3337,145,162,222
3332,150,168,211
3326,147,186,214
3338,149,155,213
3338,154,165,210
3346,31,163,208
3341,145,167,201
3344,157,166,210
3347,149,177,194
3345,130,168,213
3336,159,165,206
3349,149,178,162
3357,136,179,201
3338,153,170,195
3335,143,162,192
3289,148,161,179
3329,124,169,194
3346,145,52,188
3331,152,189,192
3329,128,164,218
3332,163,168,166
3344,142,172,188
3344,135,172,204
3324,144,183,210
3341,149,182,217
3343,143,186,240
3332,147,192,218
3349,160,188,234
3343,129,210,231
3344,130,194,228
3319,152,215,234
3370,138,198,252
3330,164,195,230
3329,144,209,233
3329,142,166,236
3321,123,210,218
3346,136,161,232
3329,146,183,226
3361,137,185,212
3339,138,160,219
3354,133,183,217
3333,136,187,217
3349,133,181,216
3336,123,173,224
3331,138,201,228
3332,147,172,225
3313,139,209,224
3333,144,184,224
3357,149,172,224
3325,151,189,223
3324,149,202,220
3328,140,208,222
3336,149,221,209
3337,143,208,240
3332,150,216,237
3337,139,216,243
3350,171,205,235
3341,149,246,238
3351,158,229,240
3372,140,216,312
3346,119,202,272
3338,203,216,261
3346,116,235,260
3339,151,213,256
3361,140,201,263
3376,145,199,254
3337,137,216,252
3415,156,196,320
3329,142,206,253
3331,130,216,241
3326,132,203,264
3333,150,198,247
3341,119,225,247
3327,144,222,292
3310,149,226,244
3334,155,221,244
3331,152,222,238
3340,167,206,244
3339,158,205,239
3340,148,231,247
3340,150,237,267
3339,134,239,244
3336,149,234,222
3340,150,235,236
3330,137,232,232
3339,149,224,236
3322,145,250,222
3327,154,226,224
3330,148,227,220
3331,266,224,219
3326,256,219,219
3328,144,250,216
3337,143,123,211
3340,149,217,220
3350,126,214,226
3359,142,345,220
3317,139,218,220
3337,134,209,210
3337,134,216,208
3333,172,212,208
3328,142,204,206
3328,143,239,205
3328,131,214,209
3333,140,209,198
3336,135,205,201
3330,139,207,196
3325,125,216,196
3331,153,204,192
3331,138,183,194
3331,135,203,194
3341,136,206,200
3339,134,204,206
3363,134,206,198
3341,134,196,209
3340,132,200,194
3301,135,210,185
3326,131,204,207
3344,134,182,193
3273,156,204,189
3327,144,213,199
3348,135,198,188
3339,139,195,137
3329,148,189,190
3333,169,194,183
3510,147,198,189
3333,146,206,200
3336,144,189,180
3338,141,185,179
3254,152,197,176
3339,141,187,188
3346,140,197,168
3345,143,190,176
3415,138,193,169
3330,138,199,179
3348,138,193,175
3349,120,204,180
3350,141,193,185
3341,144,196,176
3323,140,194,188
3329,139,177,182
3328,119,227,210
3325,129,216,203
3329,144,184,224
3337,144,197,216
3331,138,193,215
3325,162,204,216
3337,137,174,221
3333,125,244,213
3349,244,196,222
3340,152,203,230
3357,129,199,226
3340,139,173,230
3346,117,211,220
3372,133,195,228
3331,134,193,224
3358,129,196,224
3337,136,180,236
3343,115,196,223
3325,129,197,225
3325,120,198,200
3345,149,193,216
3325,135,169,212
3374,115,201,221
3339,131,187,208
3331,133,252,217
3345,134,179,234
3337,132,182,218
3339,121,190,220
3341,135,164,223
3337,152,189,207
3339,133,173,233
3324,130,91,208
3337,123,192,208
3328,134,186,202
3325,134,212,218
3337,125,186,216
3329,106,183,209
3328,131,186,192
3338,102,186,204
3340,102,181,203
3357,132,291,204
3317,128,183,202
3353,128,186,220
3351,132,176,204
3348,132,181,206
3333,126,175,205
3327,137,182,206
3347,128,208,204
3328,244,186,199
3333,128,193,201
3352,145,186,204
3297,132,183,195
3332,134,186,233
3331,138,174,245
3321,144,193,264
3329,297,194,254
3335,149,197,256
3363,129,197,250
3343,132,197,242
3340,130,206,268
3334,134,187,242
3337,139,193,312
3345,131,197,241
3342,138,198,254
3329,137,191,232
3331,120,194,234
3336,113,189,241
3348,136,196,235
3340,132,194,234
3331,138,180,246
3334,133,189,276
3337,142,188,326
3338,140,184,245
3326,138,203,243
3333,134,189,265
3340,136,174,254
3321,135,196,248
3337,152,186,245
3349,137,166,190
3345,158,173,252
3330,133,180,228
3333,139,184,244
3336,134,187,245
3339,112,168,251
3328,137,153,232
3334,137,195,237
3337,133,179,230
3333,135,177,222
3322,136,165,248
3325,108,175,224
3328,136,176,218
3330,144,170,220
3332,135,172,212
3340,115,166,218
3348,125,174,204
3343,142,163,187
3319,128,167,187
3350,123,260,211
3313,129,173,185
3348,132,174,176
3348,105,173,192
3339,134,180,184
3326,135,174,170
3329,139,181,187
3319,86,166,176
3326,136,172,171
3322,137,180,258
3329,43,201,185
3325,128,177,186
3360,126,180,186
3336,136,186,185
3328,138,169,187
3339,126,199,205
3330,134,202,334
3366,172,196,205
3333,131,209,195
3375,114,221,209
3405,145,216,307
3332,132,214,221
3330,139,216,210
3354,122,231,206
3299,148,211,199
3317,135,214,198
3338,131,178,206
3336,147,186,208
3335,135,181,199
3349,134,176,190
3323,133,208,198
3334,155,196,193
3346,157,197,184
3358,132,202,196
3350,80,193,182
3349,128,197,185
3337,132,190,182
3348,124,188,176
3338,86,188,203
3315,132,192,179
3328,140,192,181
3334,137,194,188
3336,146,194,186
3340,143,62,183
3322,130,204,186
3331,86,205,190
3337,145,207,190
3343,149,216,196
3338,145,204,190
3348,124,206,194
3355,130,204,196
3333,75,225,186
3341,143,210,217
3351,142,223,182
3344,155,228,197
3345,62,223,192
3328,142,227,188
3340,140,224,185
3342,156,224,189
3338,139,207,212
3335,137,220,192
3329,139,216,187
3330,114,215,190
3326,128,207,188
3339,141,211,184
3328,139,206,184
3334,157,202,186
3339,117,212,184
3331,136,203,179
3335,123,222,179
3324,158,205,188
3344,138,205,185
3344,138,180,183
3347,147,206,185
3349,129,210,185
3346,135,204,202
3337,130,190,206
3332,161,202,183
3328,139,176,196
3340,141,201,191
3332,138,198,168
3324,133,198,186
3346,133,176,185
3335,142,226,202
3364,129,200,202
3347,135,196,187
3342,146,197,194
3337,132,199,186
3355,128,190,196
3340,133,197,195
3325,138,190,216
3345,110,194,189
3327,141,178,186
3330,137,194,188
3335,152,186,190
3328,145,190,190
3321,137,196,188
3335,122,187,204
3331,128,186,207
3331,133,171,184
3327,128,189,174
3352,133,189,181
3338,190,192,174
3328,137,194,183
3351,157,198,181
3342,48,204,177
3336,130,176,178
3378,128,185,176
3365,130,192,172
3357,134,208,182
3342,131,197,183
3341,128,192,184
3348,140,206,184
3330,134,208,190
3284,113,205,145
3351,120,193,200
3339,128,176,197
3331,133,194,201
3356,129,101,208
3343,118,192,224
3326,140,192,196
3412,144,170,217
3339,133,189,201
3346,132,188,214
3313,133,179,211
3336,128,187,219
3328,157,173,233
3350,73,184,217
3304,124,183,224
3352,128,183,221
3370,132,189,225
3346,51,181,226
3346,129,214,212
3357,138,285,225
3350,149,179,217
3336,130,175,217
3342,128,188,233
3340,120,177,213
3348,126,176,204
3343,128,202,206
3341,126,176,201
3319,186,175,205
3327,119,170,201
3321,130,163,206
3338,155,170,202
3357,128,46,201
3329,124,168,201
3335,120,158,205
3340,122,169,204
3343,146,171,208
3345,136,169,208
3328,136,168,199
3346,118,165,257
3334,136,171,195
3354,115,167,204
3431,137,169,208
3345,138,168,202
3349,120,218,206
3346,138,177,203
3345,125,179,182
3338,154,159,196
3337,121,172,201
3336,134,173,201
3323,137,182,209
3325,141,199,206
3315,144,214,228
3324,150,208,218
3336,165,204,229
3329,132,208,230
3339,136,206,237
3332,153,213,238
3343,143,191,219
3340,165,207,233
3355,113,244,232
3346,134,220,248
3319,139,222,232
3339,125,211,237
3351,136,211,224
3330,114,211,230
3344,136,200,238
3344,138,207,247
3319,138,205,251
3334,142,205,259
3330,178,192,234
3342,138,197,244
3336,131,215,229
3332,236,200,235
3344,152,234,230
3335,128,199,238
3345,158,192,237
3341,11,195,237
3341,131,195,240
3350,132,175,264
3331,121,203,237
3342,129,195,245
3345,152,191,236
3348,130,175,253
3356,133,298,243
3327,133,186,235
3327,134,169,232
3332,92,188,233
3330,134,170,227
3326,141,172,238
3363,140,180,220
3473,117,179,222
3365,134,180,215
3345,132,219,232
3350,112,191,212
3342,136,163,217
3342,137,181,219
3342,116,178,219
3434,150,174,222
3346,134,167,224
3333,257,180,219
3322,160,156,228
3330,154,173,206
3332,169,174,177
3328,157,170,204
3332,155,172,207
3337,150,174,213
3333,154,186,220
3315,177,163,230
3341,176,165,222
3341,150,160,237
3319,142,186,209
3347,146,188,226
3350,150,170,219
3340,146,180,219
3362,144,173,213
3351,253,180,214
3366,140,187,220
3349,153,184,215
3333,140,250,202
3354,146,174,203
3338,141,176,210
3346,128,170,199
3335,145,163,210
3337,143,180,207
3333,147,177,205
3325,129,171,208
3339,144,173,205
3328,144,170,204
3308,137,192,162
3337,151,166,196
3333,142,168,191
3329,157,145,194
3344,139,169,193
3361,150,150,200
3341,151,167,220
3340,144,169,158
3346,150,157,196
3346,148,161,192
3354,117,163,192
3330,139,170,198
3313,140,180,206
3322,148,164,214
3331,150,166,202
3329,146,159,197
3343,147,168,198
3340,112,176,197
3347,145,172,192
3348,145,166,197
3353,139,167,197
3341,128,172,189
3211,142,165,202
3348,134,172,208
3363,130,179,209
3348,142,170,181
3343,118,179,181
3339,135,144,187
3313,142,176,194
3313,140,181,198
3325,133,201,108
3325,138,209,214
3328,136,186,206
3343,64,198,213
3347,126,178,210
3347,153,182,208
3341,124,172,197
3345,133,180,206
3376,137,180,183
3291,139,183,221
3360,126,177,232
3354,139,183,210
3340,137,156,192
3338,142,161,188
3343,137,187,202
3352,140,104,202
3315,134,179,192
3337,141,181,196
3348,122,182,202
3324,137,155,199
3330,146,168,226
3334,143,182,203
3322,134,173,198
3352,142,178,211
3344,146,184,208
3333,263,189,213
3370,146,172,207
3341,165,200,213
3376,107,196,208
3337,168,175,226
3343,163,172,214
3349,152,200,227
3349,132,204,203
3363,142,193,203
3337,136,193,206
3329,166,192,202
3334,150,198,214
3260,148,203,204
3333,148,216,199
3415,150,206,196
3342,164,196,192
3358,143,177,196
3331,128,181,196
3339,145,219,205
3338,160,217,211
3321,147,216,210
3345,139,214,210
3340,146,222,205
3344,119,212,210
3331,155,214,220
3334,135,217,204
3346,146,214,200
3337,52,212,200
3357,133,208,196
3336,148,218,199
3342,100,223,199
3346,162,194,193
3336,122,202,197
3358,150,331,194
3341,146,188,187
3347,137,202,149
3243,147,199,184
3351,174,203,173
3345,146,192,184
3348,68,213,182
3348,144,186,180
3331,163,195,184
3335,137,198,182
3327,144,171,192
3328,153,206,178
3349,145,198,187
3342,144,199,184
3350,143,187,170
3344,137,213,178
3348,139,201,177
3347,138,193,177
3346,141,194,170
3350,129,196,176
3349,137,193,167
3337,143,182,180
3348,137,184,177
3345,138,204,180
3347,142,159,174
3360,144,186,173
3303,138,202,163
3349,142,171,183
3348,140,177,174
3338,142,178,206
3334,145,196,201
3337,126,188,205
3323,139,208,225
3331,123,206,231
3346,140,203,221
3336,136,202,221
3326,121,215,220
3335,124,169,220
3342,136,243,244
3353,134,230,242
3333,215,253,227
3340,135,245,224
3333,136,236,222
3364,142,229,218
3341,142,205,213
3342,157,232,209
3340,144,229,216
3317,94,232,202
3335,129,227,225
3340,143,209,194
3336,144,208,199
3365,134,196,200
3320,140,218,180
3341,134,218,196
3345,157,216,190
3333,148,211,192
3375,134,200,160
3341,219,230,194
3342,133,201,192
3330,148,211,190
3320,136,67,192
3336,138,189,197
3337,114,206,196
3350,139,205,195
3336,144,199,194
3323,139,205,188
3349,139,273,196
3399,114,196,198
3340,153,196,229
3344,50,196,198
3359,156,200,182
3317,175,183,192
3344,167,196,192
3325,119,186,220
3331,156,205,180
3345,173,192,194
3334,187,192,192
3347,172,192,186
3342,173,184,202
3328,157,195,193
3353,168,187,205
3447,154,189,210
3324,169,198,226
3347,166,198,214
3337,164,194,216
3376,164,190,231
3322,155,158,230
3342,160,189,246
3346,145,189,238
3343,161,185,226
3352,179,203,232
3340,163,198,229
3337,141,170,223
3335,178,190,225
3347,135,196,221
3362,161,189,214
3348,157,184,194
3337,157,187,215
3338,155,181,198
3331,148,222,208
3336,216,183,221
3348,154,184,216
3353,143,180,220
3346,151,175,221
3344,155,182,228
3348,154,191,228
3327,153,184,241
3355,162,182,230
3347,146,203,229
3335,123,199,239
3342,149,172,234
3346,135,178,228
3339,150,176,232
3328,149,178,203
3340,138,166,224
3344,150,171,221
3346,143,193,252
3340,147,176,223
3337,144,152,228
3335,161,174,211
3352,143,146,216
3336,120,176,223
3343,140,177,212
3331,143,182,211
3337,140,176,210
3334,142,171,200
3338,143,173,234
3335,139,172,242
3329,118,176,251
3335,153,169,235
3339,139,166,232
3345,139,181,259
3328,152,176,167
3345,138,180,232
3352,135,169,232
3348,152,157,238
3347,128,170,247
3316,143,180,149
3313,128,192,224
3344,134,171,226
3329,135,172,229
3363,143,163,213
3345,198,179,195
3339,124,169,204
3339,144,164,282
3330,135,173,212
3342,139,164,201
3326,159,168,192
3346,146,164,196
3333,128,172,198
3339,145,172,196
3333,145,167,243
3352,124,166,205
3356,148,160,207
3322,110,169,195
3325,138,170,108
3349,143,144,206
3340,115,168,208
3351,142,166,224
3342,83,181,216
3341,141,180,220
3350,146,180,213
3345,146,184,212
3360,192,175,221
3342,126,182,206
3341,119,179,201
3340,114,187,214
3311,143,181,200
3384,142,178,104
3310,126,196,201
3337,154,82,201
3187,153,180,180
3331,135,184,189
3352,164,176,192
3328,164,115,197
3327,164,162,194
3352,159,174,198
3319,179,176,192
3330,137,176,190
3344,135,176,187
3345,152,172,208
3344,154,174,185
3341,148,173,177
3335,135,172,185
3338,158,175,189
3340,156,180,188
3343,150,174,186
3344,163,187,186
3330,176,173,219
3336,154,175,218
3346,162,173,221
3305,157,170,212
3354,130,182,217
3343,153,172,239
3313,156,166,222
3340,158,168,222
3342,160,144,224
3361,166,173,229
3344,169,167,211
3341,150,191,217
3339,167,180,229
3335,164,168,219
3344,158,169,225
3326,164,170,199
3329,130,187,229
3329,164,167,227
3319,154,177,226
3337,160,169,230
3340,273,149,220
3350,155,172,216
3349,163,172,210
3358,145,241,201
3357,176,168,214
3349,153,170,214
3348,150,151,216
3348,162,178,213
3340,150,44,205
3341,148,160,218
3334,126,174,244
3334,145,166,232
3332,148,168,206
3337,150,170,228
3341,149,157,225
3335,140,170,228
3342,153,160,228
3328,165,192,225
3345,152,156,235
3333,157,156,212
3326,163,165,221
3344,179,158,300
3344,166,170,217
3347,165,150,230
3344,182,164,218
3335,165,161,210
3342,187,156,210
3355,168,170,214
3338,183,160,206
3324,137,186,200
3338,152,161,213
3323,142,160,210
3329,152,157,220
3328,167,132,210
3342,164,161,195
3344,162,156,205
3345,153,161,209
3350,161,156,191
3351,171,152,204
3349,174,128,186
3348,149,160,158
3345,102,147,181
3364,149,153,178
3356,102,131,172
3347,156,154,181
3345,164,153,166
3367,189,141,183
3347,150,153,171
3334,178,150,171
3333,167,152,170
3335,120,143,192
3337,173,176,165
3363,167,145,241
3397,182,154,280
3332,149,155,179
3346,175,135,176
3325,193,160,184
3343,172,165,182
3348,150,162,172
3336,159,173,184
3342,228,172,171
3348,162,228,171
3329,152,168,214
3335,166,170,172
3350,157,256,167
3328,161,170,175
3329,164,190,208
3344,165,164,205
3321,173,169,198
3335,159,90,197
3332,177,170,202
3340,159,189,230
3346,155,171,205
3353,153,174,198
3305,137,189,160
3342,155,182,200
3345,161,202,202
3338,156,203,203
3335,137,196,225
3344,174,194,205
3373,157,195,206
3343,176,211,202
3335,158,184,203
3353,170,196,198
3341,159,191,216
3313,158,189,188
3339,154,290,209
3331,158,185,209
3346,177,181,212
3340,156,190,207
3336,161,211,204
3348,153,156,200
3342,154,186,228
3328,152,187,228
3347,153,185,228
3356,153,182,241
3364,154,186,230
3346,156,172,223
3339,164,193,213
3342,123,186,223
3346,164,169,207
3338,148,178,217
3342,136,179,213
3325,138,179,217
3328,148,184,212
3323,153,173,201
3339,153,148,210
3351,149,201,213
3329,155,174,218
3332,155,189,209
3445,149,186,221
3344,160,180,219
3341,162,190,217
3362,153,189,209
3345,165,192,209
3275,163,192,215
3343,167,206,215
3338,67,210,202
3340,165,183,205
3331,173,171,214
3330,167,193,198
3336,163,195,201
3336,240,192,200
3332,175,194,198
3329,226,192,197
3328,160,190,200
3332,136,191,208
3318,164,190,196
3348,160,191,211
3351,288,190,197
3363,152,178,219
3360,151,189,202
3342,159,214,210
3343,157,176,204
3319,131,203,148
3347,165,202,202
3341,147,211,186
3335,149,209,201
3329,155,198,198
3348,189,198,198
3356,160,196,201
3330,146,223,198
3362,160,193,200
3337,166,193,202
3322,165,192,208
3404,171,189,133
3340,164,190,208
3344,167,178,216
3330,185,188,229
3347,141,197,219
3339,167,184,219
3347,159,190,231
3374,147,199,222
3344,170,189,214
3333,147,186,217
3329,148,192,208
3337,94,185,206
3347,155,273,205
3336,157,193,196
3344,171,200,201
3348,169,181,197
3338,148,182,189
3362,151,48,188
3349,267,178,194
3342,129,177,198
3333,163,176,192
3331,152,176,167
3337,155,175,189
3340,156,181,185
3354,144,180,185
3314,199,175,189
3342,142,176,288
3336,176,172,193
3323,141,175,240
3342,153,174,211
3328,146,174,182
3464,132,171,198
3407,149,174,189
3339,121,174,202
3340,150,178,192
3341,147,189,185
3342,156,173,192
3345,179,171,196
3345,155,187,208
3347,181,165,204
3347,155,168,201
3353,138,177,200
3330,163,178,197
3317,153,172,197
3346,154,170,191
3330,154,168,197
3323,154,173,192
3330,167,173,174
3339,159,189,202
3337,177,165,200
3336,164,164,204
3344,170,168,190
3350,146,198,178
3345,155,169,199
3333,152,184,210
3337,159,179,185
3345,161,180,202
3333,142,178,203
3337,150,167,202
3335,160,180,196
3316,152,186,195
3329,159,154,192
3328,161,202,209
3347,157,175,197
3319,149,191,198
3346,156,173,193
3337,172,170,175
3340,155,176,198
3344,156,175,204
3338,155,219,179
3337,155,169,199
3344,145,161,203
3323,162,168,209
3343,163,153,213
3336,244,186,214
3326,150,160,209
3348,153,266,210
3323,149,125,232
3364,156,148,228
3338,32,167,233
3360,187,171,236
3360,158,158,230
3323,153,180,240
3336,217,158,224
3326,164,175,204
3345,149,176,223
3346,242,176,224
3341,145,192,144
3345,153,167,216
3355,152,187,215
3355,155,160,221
3345,165,181,208
3341,150,192,138
3341,149,228,208
3338,142,188,211
3361,150,182,211
3339,124,179,200
3354,150,179,216
3316,158,169,234
3246,149,181,244
3340,170,163,235
3341,151,182,230
3375,138,197,240
3328,140,178,237
3346,140,261,226
3343,238,173,229
3336,166,178,234
3354,157,152,245
3327,160,185,230
3337,161,189,226
3351,155,179,225
3346,133,188,225
3339,268,178,220
3350,268,178,219
3346,155,175,215
3336,152,177,213
3332,98,180,198
3335,153,175,206
3312,153,175,200
3344,152,172,204
3340,152,173,215
3348,140,171,201
3336,150,162,196
3343,151,191,205
3353,168,169,208
3345,149,174,218
3346,134,165,192
3337,147,168,196
3346,140,174,108
3337,150,154,199
3337,146,162,207
3328,152,160,198
3330,147,153,185
3326,150,170,206
3325,149,150,235
3314,140,184,224
3338,136,182,246
3330,165,177,189
3347,41,179,228
3346,160,171,234
3348,185,176,214
3339,160,179,232
3318,160,195,222
3336,161,193,225
3340,158,201,230
3357,154,193,228
3341,160,178,233
3330,169,212,233
3341,161,174,224
3338,155,200,247
3337,133,200,205
3337,160,180,230
3336,138,183,281
3338,158,167,239
3328,146,187,218
3311,150,135,216
3328,150,184,219
3328,155,180,235
3362,148,181,209
3344,156,166,230
3373,150,183,206
3344,126,185,199
3320,136,178,162
3352,150,182,236
3339,140,179,205
3336,138,180,207
3353,151,170,188
3346,150,181,201
3337,148,166,201
3345,120,175,195
3329,146,180,199
3327,144,181,172
3337,139,175,199
3345,145,144,192
3346,144,170,188
3346,157,171,208
3319,144,188,189
3346,138,173,193
3357,115,164,189
3330,141,175,192
3346,139,165,188
3349,13,171,188
3339,121,170,236
3342,157,171,82
3321,147,169,184
3351,141,173,194
3346,147,170,194
3338,58,170,192
3318,145,171,186
3348,138,240,177
3336,161,156,195
3338,144,175,173
3333,149,181,201
3332,139,250,194
3348,144,181,200
3351,137,193,199
3338,116,179,199
3350,145,160,204
3350,27,176,198
3346,137,196,196
3316,139,176,192
3337,139,176,194
3362,135,182,193
3328,150,174,185
3388,150,172,213
3318,152,173,192
3350,151,177,194
3367,160,173,206
3333,37,163,201
3353,160,177,194
3344,161,169,215
3325,176,169,191
3352,168,174,188
3346,166,159,198
3360,166,169,207
3341,164,169,185
3335,149,179,189
3334,178,168,185
3336,164,158,189
3327,163,165,194
3338,162,162,167
3350,144,173,187
3345,159,153,184
3330,162,165,193
3339,173,166,196
3333,170,168,186
3334,152,170,197
3338,157,180,196
3360,146,186,197
3337,160,185,197
3345,163,168,196
3348,158,144,204
3346,164,168,198
3343,160,167,209
3349,177,164,196
3356,79,162,192
3347,155,162,199
3318,160,173,194
3348,156,154,192
3339,179,157,196
3317,155,161,184
3335,156,150,192
3332,140,157,198
3339,155,149,212
3337,155,162,182
3352,153,21,182
3337,154,164,194
3346,144,156,182
3342,161,162,187
3339,149,167,165
3344,135,172,185
3331,149,184,198
3338,125,172,184
3336,144,157,180
3333,136,170,162
3337,148,170,194
3333,124,174,185
3313,153,172,191
3347,152,154,185
3344,155,168,193
3338,141,158,192
3350,166,168,175
3344,150,177,185
3342,178,161,192
3339,155,170,187
3344,153,158,186
3340,153,185,194
3366,153,172,177
3345,151,158,176
3345,150,160,172
3364,200,165,186
3337,162,150,171
3341,147,180,190
3345,146,189,172
3341,149,192,168
3281,153,170,164
3325,157,191,162
3326,155,171,150
3338,176,166,182
3338,160,173,185
3331,160,159,194
3345,160,162,190
3339,132,174,212
3340,198,167,201
3338,164,178,200
3336,181,141,206
3306,167,168,193
3367,159,164,73
3323,158,117,201
3334,160,168,195
3349,166,165,201
3328,173,168,214
3337,157,166,242
3332,162,166,184
3440,136,160,210
3336,170,162,215
3350,148,168,191
3342,292,161,206
3335,157,159,184
3347,130,166,212
3345,156,163,210
3343,145,174,194
3392,155,168,196
3344,170,163,191
3351,154,165,188
3350,145,168,210
3351,136,164,211
3240,152,168,180
3331,132,188,189
3367,154,164,194
3341,144,166,186
3342,127,184,189
3346,139,172,184
3334,133,160,188
3346,146,157,188
3348,147,176,178
3348,51,159,176
3349,145,164,169
3330,137,165,186
3348,167,149,189
3358,171,152,179
3393,142,156,196
3339,145,155,181
3336,129,158,180
3348,143,136,178
3332,135,165,180
3336,156,152,176
3318,147,162,166
3332,25,170,178
3318,149,151,183
3326,154,168,170
3331,149,166,173
3335,144,191,171
3347,139,160,173
3344,153,150,256
3318,144,157,172
3332,147,156,168
3351,149,157,184
3355,135,158,170
3335,154,157,181
3339,155,162,190
3346,178,153,182
3342,151,166,182
3342,166,157,205
3346,142,145,217
3319,153,158,198
3322,140,119,205
3349,149,158,190
3347,160,154,245
3348,119,156,194
3336,144,154,218
3337,163,159,188
3314,160,144,205
3427,166,155,213
3334,29,156,207
3348,154,56,216
3324,162,148,207
3340,128,160,205
3340,128,165,211
3333,152,183,208
3349,155,162,235
3349,151,144,212
3337,149,157,212
3345,179,155,208
3345,184,158,209
3346,151,147,235
3346,160,132,220
3378,147,157,281
3346,148,156,206
3341,125,157,209
3333,142,164,207
3348,168,150,202
3344,155,173,213
3346,160,162,183
3348,154,165,202
3351,131,156,224
3347,144,174,192
3338,132,160,205
3336,146,158,192
3326,144,169,104
3326,177,148,204
3355,153,161,185
3337,139,152,308
3347,147,157,189
3346,147,171,192
3352,148,161,192
3346,120,172,196
3348,145,153,194
3310,144,155,188
3365,114,152,192
3345,142,164,210
3339,111,164,180
3313,143,158,204
3341,146,182,195
3512,144,157,210
3302,147,154,200
3329,137,89,189
3333,141,154,196
3331,141,185,210
3329,139,151,198
3345,139,134,216
3351,120,149,242
3346,138,146,204
3321,134,154,206
3335,137,123,216
3341,165,152,205
3327,164,152,214
3331,171,166,132
3339,180,144,187
3332,177,159,208
3341,170,160,220
3329,177,163,213
3311,181,179,213
3321,172,237,216
3336,176,163,210
3336,153,176,183
3330,175,168,204
3336,181,177,205
3346,32,168,198
3345,170,168,200
3339,172,165,178
3361,180,169,198
3335,166,167,210
3335,167,173,217
3332,180,166,216
3339,171,184,214
3329,166,165,227
3331,181,164,228
3323,154,165,241
3336,164,176,226
3295,164,170,253
3330,169,181,233
3340,164,183,234
3331,159,162,238
3319,168,180,232
3326,162,169,231
3339,166,179,225
3375,152,166,229
3345,162,155,227
3345,165,179,226
3343,164,165,220
3345,169,165,297
3346,167,182,224
3344,146,203,208
3361,140,172,214
3352,154,172,216
3329,160,281,195
3316,169,174,206
3340,160,173,210
3330,160,171,238
3345,153,170,240
3333,162,181,237
3334,159,171,241
3339,156,149,237
3355,154,113,236
3346,154,167,232
3336,165,166,226
3341,149,171,233
3351,164,168,228
3329,165,168,225
3355,165,160,225
3339,182,147,223
3348,167,94,229
3319,166,171,228
3341,162,186,228
3310,174,168,222
3322,169,172,224
3335,152,180,236
3379,155,191,247
3339,164,212,249
3330,132,224,252
3325,152,216,250
3348,129,207,254
3325,161,206,258
3353,161,206,257
3333,181,215,260
3342,166,227,257
3345,164,194,254
3338,162,232,252
3342,130,222,248
3338,176,218,242
3338,160,228,234
3328,149,217,240
3344,160,205,245
3331,161,215,241
3323,171,213,242
3326,142,224,227
3325,150,224,234
3335,156,210,243
3344,155,207,251
3349,155,205,218
3362,153,215,228
3338,155,197,231
3348,154,210,224
3338,151,190,238
3368,161,202,233
3349,143,216,233
3361,153,206,237
3340,152,221,227
3346,165,200,231
3335,150,277,233
3347,153,190,231
3347,148,203,209
3335,147,213,211
3339,122,193,226
3327,149,194,209
3333,144,192,216
3342,157,190,230
3337,128,189,208
3346,144,178,205
3344,142,183,204
3336,142,165,203
3339,154,211,200
3328,152,189,197
3320,180,187,122
3326,165,133,187
3330,160,202,174
3308,165,183,157
3328,166,180,201
3321,177,171,171
3318,156,183,187
3346,160,180,190
3325,142,196,148
3344,159,174,197
3332,165,172,197
3332,159,166,200
3334,168,160,197
3349,190,185,198
3331,164,181,201
3351,150,184,202
3343,155,186,197
3328,179,182,130
3320,160,128,200
3347,162,153,194
3309,162,182,194
3338,160,178,203
3317,167,180,210
3339,150,191,208
3340,166,180,186
3301,135,178,148
3343,158,172,202
3327,169,52,181
3341,160,174,203
3336,133,186,200
3451,156,172,203
3377,155,168,208
3343,120,157,226
3341,149,178,230
3337,153,162,205
3359,138,187,209
3345,151,158,207
3372,153,174,199
3353,145,192,206
3338,142,168,198
3338,138,172,204
3310,131,172,178
3332,180,171,206
3350,128,182,205
3325,158,176,202
3335,140,178,168
3349,146,184,200
3330,64,173,203
3350,132,170,220
3320,135,190,230
3344,142,172,229
3344,37,177,226
3339,142,170,224
3341,145,160,234
3341,253,178,216
3346,118,186,219
3325,140,180,220
3331,138,179,222
3329,4,178,224
3323,147,198,221
3399,138,177,241
3307,147,162,218
3339,125,178,212
3324,140,173,220
3340,138,186,215
3325,134,232,218
3338,138,177,210
3339,135,168,211
3350,118,169,211
3333,137,178,207
3325,135,158,217
3322,139,170,208
3331,157,140,202
3342,157,168,197
3340,123,174,187
3355,141,166,200
3351,149,180,202
3346,144,172,192
3326,165,157,194
3337,171,164,185
3339,163,158,190
3346,157,231,192
3361,151,161,182
3346,168,160,182
3340,149,157,158
3346,182,155,189
3342,154,156,192
3338,157,151,196
3319,159,278,180
3338,158,153,194
3337,161,148,194
3340,150,168,172
3349,162,153,200
3338,151,153,188
3341,162,156,198
3345,162,150,278
3334,158,155,203
3349,156,155,210
3328,146,193,207
3323,151,154,230
3343,154,144,202
3348,145,157,212
3360,152,144,211
3323,137,161,168
3352,146,153,230
3312,155,159,216
3327,144,153,212
3320,158,149,128
3346,151,150,205
3332,146,125,201
3333,140,181,177
3356,147,138,206
3337,150,80,216
3310,144,152,197
3342,190,136,209
3336,147,146,205
3347,145,151,206
3439,143,151,206
3367,139,151,185
3354,169,157,193
3326,161,150,195
3351,141,162,192
3344,141,169,204
3341,123,192,192
3356,100,147,188
3347,139,160,189
3345,137,227,203
3324,167,135,195
3357,137,152,184
3400,151,157,286
3330,143,158,176
3333,149,138,173
3405,140,155,152
3336,136,143,168
3301,136,165,168
3348,140,154,162
3332,165,141,174
3341,137,155,162
3353,136,148,166
3328,151,157,159
3331,136,168,155
3325,154,156,136
3289,141,156,156
3348,140,154,167
3283,132,160,168
3360,142,147,166
3330,137,160,172
3332,139,168,164
3346,146,271,170
3348,247,155,173
3350,118,154,124
3321,139,158,176
3357,139,150,166
3343,0,156,177
3338,138,151,214
3354,126,164,206
3318,162,157,204
3338,147,214,200
3348,219,153,206
3314,155,155,210
3328,196,154,216
3342,145,158,242
3368,135,170,233
3325,89,155,234
3328,160,175,226
3337,161,143,230
3337,166,154,234
3353,155,140,236
3340,179,157,241
3311,164,153,233
3301,158,152,235
3339,153,124,242
3357,152,150,234
3344,153,159,219
3328,139,117,225
3338,143,157,220
3357,130,155,219
3340,156,159,212
3338,154,165,210
3328,150,185,208
3328,182,156,200
3325,150,157,202
3330,169,145,211
3320,149,172,203
3334,135,154,201
3334,161,148,200
3332,101,163,198
3332,145,130,211
3332,145,160,214
3334,146,147,228
3339,145,167,207
3331,136,167,208
3334,141,162,208
3334,144,191,212
3347,142,157,202
3344,141,169,200
3342,140,176,199
3343,166,172,210
3317,140,177,200
3349,156,168,198
3354,130,234,211
3331,138,176,199
3330,141,164,198
3318,138,173,186
3331,140,201,199
3345,141,173,192
3368,136,165,191
3344,140,180,185
3330,156,178,186
3325,131,172,270
3319,138,217,197
3339,133,177,190
3355,132,45,189
3345,126,172,211
3342,141,171,198
3339,134,172,263
3339,151,205,214
3340,150,169,194
3331,159,171,206
3342,163,170,194
3324,155,170,182
3344,177,153,197
3339,160,167,203
3345,154,166,196
3341,160,176,174
3328,153,192,197
3348,172,165,196
3330,154,176,190
3330,157,161,206
3330,147,182,179
3327,148,172,191
3343,152,172,190
3328,149,169,177
3332,154,163,225
3326,146,167,210
3330,132,168,218
3337,148,141,218
3338,147,176,221
3349,148,143,215
3329,154,168,225
3333,72,181,222
3344,146,170,224
3355,137,165,306
3351,143,38,212
3348,130,163,208
3335,155,166,211
3329,146,163,210
3333,147,192,209
3345,146,166,208
3345,148,196,204
3362,142,42,198
3331,145,169,216
3324,119,171,261
3330,35,170,206
3321,206,168,187
3313,142,167,213
3338,148,174,200
3333,132,176,199
3354,134,166,200
3350,138,168,199
3346,139,175,195
3326,132,171,200
3342,93,170,186
3334,134,180,208
3324,123,128,184
3344,142,172,201
3323,121,168,209
3502,141,173,203
3304,126,180,172
3329,136,171,188
3336,153,172,198
3336,114,184,177
3329,139,145,196
3328,139,170,189
3341,15,170,197
3340,134,170,194
3334,142,240,202
3347,129,171,205
3344,124,176,180
3382,114,186,216
3441,134,175,201
3336,129,174,214
3339,131,147,207
3338,112,172,313
3337,123,174,202
3337,125,169,155
3327,130,172,191
3339,123,174,201
3312,120,190,210
3331,130,157,201
3338,115,173,173
3336,120,172,192
3344,131,176,178
3323,126,167,189
3355,128,168,195
3339,128,148,189
3327,135,161,176
3329,137,166,187
3333,141,173,194
3344,138,175,196
3343,225,175,194
3352,139,164,183
3343,134,148,179
3332,135,168,182
3338,136,162,188
3321,135,162,171
3344,128,209,197
3339,106,145,193
3338,128,160,176
3344,133,148,160
3317,163,158,174
3321,124,160,156
3339,103,157,184
3336,131,149,194
3330,134,162,204
3332,106,163,193
3334,134,164,181
3324,152,167,169
3352,135,167,208
3346,82,167,191
3346,136,173,188
3334,122,161,289
3339,144,162,228
3338,93,156,245
3342,137,196,204
3338,109,193,224
3197,146,182,213
3339,142,188,215
3355,147,181,218
3344,110,180,214
3344,134,274,216
3320,155,171,217
3340,114,191,214
3337,140,184,209
3362,139,181,214
3340,117,179,162
3320,134,180,200
3338,20,182,197
3334,129,190,216
3351,140,181,215
3347,124,183,228
3331,145,182,208
3352,121,191,234
3341,140,179,232
3325,134,174,227
3340,224,173,234
3321,137,173,247
3346,110,167,344
3346,144,164,242
3343,105,186,213
3338,134,164,237
3332,131,169,210
3345,130,148,225
3314,129,172,226
3328,141,199,221
3320,138,180,224
3299,143,178,240
3501,147,197,252
3341,144,188,234
3332,132,224,232
3331,151,205,233
3338,152,224,231
3343,149,198,229
3357,138,186,251
3347,148,205,239
3339,157,210,233
3435,164,214,248
3344,155,222,239
3347,151,205,242
3353,154,214,241
3321,162,215,148
3331,146,214,230
3347,152,206,268
3336,162,210,235
3329,152,200,222
3320,152,200,206
3326,130,209,217
3328,150,221,218
3350,141,202,220
3339,144,180,216
3342,147,197,231
3334,146,200,213
3340,153,205,218
3333,133,208,200
3338,150,202,211
3348,128,203,247
3344,146,190,217
3339,154,201,205
3325,149,199,203
3324,152,192,192
3330,153,184,200
3330,153,198,198
3317,151,200,179
3330,140,194,209
3328,148,195,190
3336,141,201,197
3352,140,276,209
3338,143,188,178
3347,141,200,188
3345,123,194,189
3344,150,206,179
3351,151,179,195
3328,140,202,182
3363,141,177,180
3339,148,179,169
3424,147,189,188
3351,167,187,170
3401,146,187,162
3329,148,198,181
3328,107,198,184
3344,144,190,183
3329,144,168,183
3313,155,176,189
3329,144,187,180
3337,195,187,180
3341,131,187,187
3329,137,182,186
3224,140,184,176
3350,149,167,185
3345,122,193,178
3348,138,192,181
3325,155,189,177
3338,130,190,249
3341,137,187,176
3339,296,186,169
3339,114,182,128
3317,154,180,182
3337,110,193,169
3330,118,185,166
3339,137,180,177
3344,117,179,163
3354,136,180,148
3334,134,232,153
3338,115,186,162
3196,137,178,149
3325,134,182,163
3340,142,189,161
3333,138,171,162
3359,140,124,160
3322,140,189,160
3332,145,173,166
3337,138,174,137
3330,139,175,160
3328,147,168,160
3338,124,198,160
3331,256,182,169
3325,124,192,167
3339,131,194,167
3340,123,184,168
3388,125,208,168
3332,162,192,164
3344,121,225,166
3345,135,180,179
3346,146,219,169
3347,125,215,168
3341,142,206,166
3340,136,214,147
3337,132,210,168
3330,134,208,187
3331,126,200,171
3338,132,218,169
3308,132,209,181
3328,153,211,184
3327,140,213,177
3340,118,208,180
3324,140,208,251
3335,132,212,190
3342,123,216,181
3321,124,212,203
3349,124,180,186
3371,129,210,203
3344,132,215,217
3343,104,225,223
3325,127,229,216
3337,149,217,225
3344,133,237,217
3337,132,221,220
3318,131,217,224
3338,126,223,142
3328,130,198,252
3334,111,240,258
3354,119,287,266
3349,118,211,286
3312,136,215,250
3337,156,208,253
3321,115,221,254
3329,128,192,258
3348,133,188,263
3369,122,210,251
3349,124,194,246
3318,123,207,252
3352,121,179,259
3324,139,205,262
3334,107,201,248
3326,112,201,264
3345,118,199,236
3343,124,276,224
3346,134,269,238
3335,112,201,202
3322,125,300,216
3325,128,196,230
3342,145,166,231
3221,132,195,232
3339,116,192,238
3334,191,213,224
3337,124,202,217
3330,141,189,220
3339,126,209,208
3353,130,196,216
3352,125,204,202
3345,117,214,210
3325,132,194,204
3336,124,208,205
3336,131,192,216
3332,235,194,201
3344,117,215,207
3332,97,197,200
3328,137,214,181
3351,133,174,201
3332,124,194,193
3352,122,114,194
3369,125,196,271
3328,138,175,221
3340,96,199,231
3322,106,211,222
3321,119,197,263
3337,128,199,259
3328,89,220,281
3336,135,254,299
3342,130,224,307
3366,134,228,310
3308,131,229,309
3364,126,234,313
3313,152,226,310
3323,104,223,311
3341,134,224,304
3345,133,221,301
3350,133,177,283
3337,125,225,302
3347,130,222,286
3349,143,222,309
3343,108,220,304
3305,130,219,319
3346,260,215,313
3331,130,134,307
3329,115,213,309
3317,138,212,293
3256,129,212,324
3330,130,212,308
3322,128,212,313
3328,136,205,303
3327,181,214,301
3325,128,220,294
3326,130,256,291
3295,124,225,308
3337,134,227,290
3327,123,223,285
3342,128,228,277
3338,124,220,276
3345,115,209,276
3342,132,238,274
3330,125,242,280
3331,126,231,280
3336,127,240,267
3345,129,229,290
3334,128,244,262
3339,125,253,263
3338,130,234,368
3342,121,239,285
3343,124,234,296
3330,124,211,280
3330,125,241,289
3359,117,228,284
3338,124,214,286
3335,121,232,284
3345,144,225,286
3357,117,224,286
3343,135,223,285
3328,129,228,282
3320,130,233,273
3322,136,223,276
3325,138,215,275
3329,125,222,286
3328,124,216,264
3320,148,222,187
3339,130,208,262
3350,137,219,284
3334,149,218,265
3371,142,205,260
3345,147,214,397
3337,142,218,232
3348,106,193,260
3339,163,190,251
3371,154,213,263
3343,158,207,256
3362,139,217,231
3345,173,208,232
3334,155,205,228
3333,142,208,239
3365,152,191,225
3329,129,204,233
3342,147,199,228
3340,145,197,265
3348,148,180,243
3332,152,199,263
3340,149,110,268
3341,142,192,255
3328,151,197,261
3377,154,167,254
3337,151,194,249
3342,129,189,253
3361,145,190,232
3330,122,189,250
3325,112,202,237
3410,145,192,227
3342,139,189,231
3335,145,192,227
3330,131,207,230
3344,142,190,224
3344,144,189,225
3349,144,319,230
3328,142,181,229
3326,138,188,234
3330,140,189,245
3339,149,182,219
3327,136,187,242
3331,147,208,240
3361,137,165,243
3341,126,181,241
3345,141,123,252
3307,138,181,244
3340,138,207,240
3346,140,186,256
3320,145,185,164
3387,135,202,240
3351,144,182,241
3321,132,200,235
3328,144,157,264
3329,144,182,252
3333,153,177,250
3347,138,179,239
3332,141,192,245
3333,139,180,247
3341,139,176,228
3500,137,175,260
3347,139,175,248
3319,138,174,242
3347,135,179,237
3347,152,176,156
3348,137,170,232
3338,146,166,232
3335,134,175,245
3328,138,169,233
3315,142,171,211
3339,141,175,256
3321,148,202,244
3326,144,176,251
3336,159,173,247
3342,144,178,233
3345,142,170,262
3344,250,165,245
3348,132,168,248
3346,104,157,260
3345,113,169,243
3329,129,174,234
3336,148,129,234
3363,145,168,235
3348,145,168,232
3346,148,165,233
3339,150,188,251
3334,161,168,106
3331,150,172,245
3325,158,175,225
3334,136,169,228
3326,157,144,213
3330,153,179,226
3338,146,166,227
3329,155,173,226
3350,148,177,236
3336,157,174,229
3343,152,179,217
3336,183,161,222
3259,160,171,232
3331,152,174,195
3312,169,170,217
3329,154,172,211
3334,175,144,217
3353,151,172,212
3354,157,164,235
3319,150,173,193
3328,157,171,214
3336,172,167,125
3346,155,167,203
3341,157,146,206
3348,168,145,214
3372,145,172,202
3347,153,161,196
3339,153,185,200
3339,137,168,199
3346,137,164,193
3344,152,156,204
3358,157,160,188
3321,154,176,186
3328,165,164,169
3320,152,166,189
3363,138,161,190
3336,164,156,188
3322,148,226,188
3325,167,147,209
3331,152,188,205
3333,114,162,200
3328,162,164,185
3399,132,178,204
3343,149,145,213
3348,146,192,208
3356,146,150,208
3345,148,176,206
3334,161,168,211
3370,142,181,205
3345,150,200,206
3337,156,186,204
3347,140,157,198
3345,105,181,196
3332,157,178,193
3327,152,198,180
3327,144,177,218
3330,133,187,216
3293,144,178,224
3338,132,164,215
3334,131,188,207
3322,140,175,203
3338,143,180,200
3346,155,172,200
3344,142,221,195
3348,128,171,202
3307,144,172,203
3324,130,195,202
3332,144,168,214
3334,132,179,201
3345,144,163,219
3331,152,179,216
3334,128,176,215
3342,143,152,251
3346,142,174,233
3340,131,175,254
3363,134,166,256
3328,140,171,252
3333,136,161,252
3321,130,263,252
3341,152,172,258
3342,144,168,242
3337,140,170,264
3346,152,160,247
3326,145,170,245
3335,150,166,242
3318,137,165,155
3335,166,171,262
3340,166,173,234
3253,168,176,241
3326,166,168,229
3303,165,186,238
3354,165,166,228
3336,169,169,247
3330,136,198,242
3352,136,193,237
3314,168,203,238
3346,149,200,235
3364,147,270,243
3345,155,189,233
3221,135,213,237
3346,137,205,232
3354,48,185,231
3326,176,180,251
3356,156,204,260
3331,167,200,260
3344,148,199,238
3353,159,192,245
3328,158,195,238
3366,160,208,264
3341,162,180,243
3348,143,198,240
3325,170,181,235
3328,179,148,232
3338,154,195,233
3371,151,195,218
3345,149,192,226
3350,153,191,217
3347,150,192,222
3350,148,197,205
3351,125,190,213
3358,144,201,215
3347,151,178,208
3340,148,256,206
3336,147,183,198
3340,151,182,196
3350,145,181,210
3271,146,186,206
3324,145,193,234
3334,129,213,224
3315,134,215,230
3347,143,203,245
3333,32,205,230
3339,153,226,230
3347,174,206,231
3346,119,229,226
3344,153,205,224
3326,151,201,210
3356,148,210,216
3332,151,256,223
3334,140,212,235
3333,154,216,232
3338,149,212,234
3342,153,214,232
3335,148,225,230
3202,145,218,253
3331,149,208,232
3329,148,212,221
3340,144,207,218
3332,150,212,216
3326,145,221,203
3338,148,202,210
3334,147,201,208
3348,157,190,214
3335,158,202,189
3337,153,196,209
3352,156,197,219
3337,144,195,280
3350,121,195,204
3326,152,192,208
3336,146,189,209
3332,160,190,222
3334,146,189,222
3338,152,192,220
3344,156,190,243
3345,139,192,235
3335,146,305,226
3342,146,191,256
3349,145,167,236
3345,148,258,226
3342,141,188,238
3345,153,187,229
3344,149,200,227
3343,139,192,182
3349,135,192,219
3351,157,175,239
3328,151,184,248
3353,147,188,214
3331,135,196,227
3321,146,260,212
3329,156,187,212
3313,164,185,184
3338,144,173,206
3343,160,224,192
3337,146,189,209
3338,145,200,201
3321,128,178,203
3345,152,155,211
3353,146,205,190
3365,148,180,294
3332,162,180,202
3303,197,177,202
3325,162,180,214
3340,161,155,201
3344,162,178,197
3245,168,170,200
3340,151,187,187
3338,156,145,188
3336,175,173,122
3349,148,163,217
3320,166,164,167
3348,156,172,197
3269,169,160,195
3339,155,173,197
3360,141,183,196
3376,162,155,192
3358,154,171,193
3338,137,158,178
3323,154,272,189
3327,229,185,199
3357,157,176,190
3334,164,191,199
3342,146,168,202
3328,156,170,186
3339,170,159,200
3310,129,168,129
3329,154,166,184
3326,165,170,188
3332,158,165,173
3341,165,161,180
3339,176,167,163
3328,157,166,318
3334,161,166,108
3344,165,167,175
3340,167,174,175
3336,166,174,162
3375,166,166,180
3331,168,174,174
3347,140,173,172
3325,159,173,178
3339,161,194,180
3325,264,171,178
3336,165,174,199
3325,168,183,208
3345,160,170,198
3327,166,190,195
3314,165,168,208
3343,165,161,212
3328,173,175,206
3338,151,178,222
3341,273,176,206
3339,133,176,203
3339,165,207,219
3377,160,183,212
3405,160,187,184
3341,155,160,200
3341,145,186,198
3348,164,195,180
3346,155,207,189
3333,155,175,172
3338,144,179,190
3335,154,179,189
3329,154,178,190
3338,167,178,201
3326,148,172,201
3338,152,174,212
3345,157,173,184
3336,147,26,195
3344,123,171,202
3341,140,186,194
3336,150,174,200
3328,167,50,181
3339,151,171,193
3322,164,168,196
3333,166,170,184
3351,156,168,184
3331,164,160,184
3329,163,162,192
3316,161,180,176
3329,164,172,192
3328,159,156,184
3361,160,112,200
3372,148,145,190
3346,150,163,192
3323,152,169,173
3350,167,164,184
3344,151,161,186
3354,150,146,186
3359,142,240,200
3348,141,158,179
3340,140,167,182
3338,150,157,182
3337,149,146,186
3321,133,173,179
3328,148,158,195
3334,139,160,146
3333,150,159,182
3321,149,146,171
3351,142,150,190
3362,145,181,259
3332,140,170,200
3321,146,177,170
3348,144,179,187
3348,124,184,234
3362,142,118,205
3340,132,205,180
3348,134,190,185
3462,117,180,188
3340,146,185,193
3348,132,266,208
3354,119,199,189
3344,151,201,196
3330,166,182,188
3326,166,178,221
3329,136,193,177
3324,160,206,194
3337,158,171,201
3324,160,125,189
3348,157,177,185
3346,161,177,183
3347,160,174,180
3376,158,179,180
3246,158,173,199
3335,146,179,178
3333,138,177,257
3209,156,181,192
3344,158,292,203
3400,148,195,227
3355,169,202,191
3321,158,188,195
3332,161,189,196
3350,154,156,199
3338,162,185,204
3362,123,181,209
3346,141,252,213
3322,166,183,214
3325,161,181,208
3346,164,184,221
3357,149,186,202
3328,167,188,198
3332,157,216,198
3340,159,162,194
3328,160,192,198
3342,156,184,200
3338,163,181,173
3336,143,182,219
3327,156,182,184
3318,153,181,173
3332,153,157,186
3338,153,180,191
3338,135,181,196
3346,157,174,210
3327,149,182,195
3344,149,178,210
3328,142,181,180
3343,151,195,210
3337,167,179,219
3357,140,180,225
3329,142,182,228
3350,146,192,221
3335,135,172,221
3332,147,172,216
3328,145,176,218
3326,149,173,224
3321,231,168,215
3326,142,190,226
3324,130,206,226
3377,145,175,243
3331,149,159,247
3333,135,186,250
3337,136,160,242
3336,142,173,243
3348,128,157,242
3343,138,174,258
3349,221,167,274
3343,134,160,279
3308,140,166,273
3335,121,170,243
3345,136,164,262
3339,135,178,260
3336,141,161,251
3336,134,168,256
3345,136,168,281
3337,66,182,271
3337,126,160,256
3324,136,146,245
3337,133,186,259
3335,130,236,276
3344,80,158,251
3343,124,157,247
3335,137,151,256
3326,137,158,242
3351,162,149,252
3342,168,131,237
3355,138,160,256
3349,145,157,238
3348,144,153,235
3328,143,146,246
3333,150,160,251
3332,155,153,282
3337,155,195,248
3325,160,176,310
3345,163,168,278
3332,147,206,289
3339,147,216,284
3334,144,64,290
3347,162,210,291
3348,149,197,284
3333,146,197,280
3331,143,204,282
3334,152,227,280
3356,144,201,282
3314,153,212,274
3340,144,198,266
3341,142,200,264
3336,144,222,260
3333,126,192,304
3326,141,173,265
3334,124,198,251
3329,166,167,244
3329,148,181,245
3350,140,192,240
3335,133,182,248
3254,119,189,146
3337,153,188,233
3334,138,188,244
3359,144,187,262
3405,139,190,278
3353,128,180,268
3340,140,186,266
3329,130,202,274
3300,136,185,274
3341,129,184,285
3351,137,180,270
3321,144,182,274
3328,136,197,302
3348,137,180,298
3323,128,188,283
3342,135,165,294
3363,136,185,313
3336,122,182,292
3396,136,180,292
3343,134,168,278
3338,134,150,301
3349,130,131,308
3283,132,174,327
3336,136,168,301
3389,128,181,292
3341,128,172,316
3337,130,146,312
3509,134,171,315
3331,134,169,282
3331,17,171,290
3323,139,184,292
3321,147,179,294
3339,142,164,297
3336,145,168,266
3340,264,175,278
3341,145,174,272
3344,150,172,268
3353,153,159,272
3345,148,185,270
3345,142,170,265
3330,151,174,265
3451,148,174,263
3347,145,177,256
3348,152,153,256
3343,142,174,266
3328,149,120,251
3340,112,171,246
3329,168,165,251
3337,139,176,243
3354,131,159,253
3350,139,170,243
3332,138,172,234
3342,164,178,239
3345,123,166,378
3345,140,167,249
3344,136,164,224
3350,119,166,241
3326,147,154,211
3340,139,174,226
3333,142,186,216
3350,143,240,223
3333,133,174,221
3324,119,161,229
3329,137,185,214
3338,136,167,240
3393,133,170,236
3325,136,171,260
3306,125,188,256
3341,125,181,268
3345,108,183,250
3353,131,241,260
3342,138,163,257
3367,132,172,234
3342,115,162,256
3355,131,173,250
3347,130,181,248
3307,131,171,251
3339,109,190,257
3342,131,184,248
3336,129,171,240
3333,106,167,244
3315,134,168,243
3329,128,168,230
3328,136,164,242
3325,132,164,231
3318,144,166,225
3338,127,158,225
3332,131,192,211
3352,124,257,216
3347,126,161,223
3464,114,162,216
3341,173,160,218
3338,128,169,224
3336,126,160,221
3364,135,161,221
3330,142,160,152
3325,85,159,225
3321,126,157,220
3330,126,154,223
3346,127,156,218
3338,124,154,217
3312,125,160,232
3323,109,165,207
3337,150,148,221
3331,130,155,205
3318,138,159,238
3437,129,156,230
3347,103,166,205
3472,129,155,222
3342,128,180,220
3355,129,156,232
3347,128,153,186
3351,234,153,210
3340,128,151,208
3341,129,152,188
3344,112,155,201
3337,128,168,230
3330,128,148,230
3328,125,141,225
3301,127,217,234
3322,110,164,235
3329,133,164,228
3337,133,158,229
3339,132,162,226
3349,132,159,231
3348,132,139,209
3340,107,161,234
3371,129,155,228
3336,130,175,227
3341,102,153,226
3333,105,156,238
3331,119,156,228
3342,177,141,237
3338,138,143,232
3324,140,162,227
3311,139,165,228
3319,125,168,268
3334,117,167,239
3338,109,179,229
3346,129,169,224
3335,117,167,228
3342,135,170,218
3346,147,161,214
3345,146,172,230
3349,124,250,232
3362,125,174,207
3332,112,178,215
3336,134,157,189
3317,128,118,202
3335,132,150,212
3337,226,152,199
3338,130,173,204
3334,147,174,207
3324,106,181,230
3329,0,173,229
3330,110,178,232
3361,111,169,234
3321,139,54,217
3329,129,172,234
3427,144,168,287
3360,123,170,226
3347,119,163,229
3398,130,175,283
3329,126,170,233
3331,115,184,238
3330,128,164,235
3337,142,153,243
3342,130,164,209
3337,102,161,166
3339,144,163,215
3335,119,161,215
3329,144,146,224
3334,111,185,215
3330,132,165,212
3308,128,150,218
3341,120,169,186
3338,145,133,216
3404,128,161,188
3331,114,157,69
3335,128,162,218
3344,125,157,195
3344,274,161,194
3341,125,173,194
3338,138,175,196
3352,128,177,185
3328,97,188,204
3321,138,178,209
3320,134,204,241
3313,232,197,230
3328,142,200,225
3330,133,178,226
3270,140,203,220
3482,131,196,221
3250,145,197,226
3309,132,210,222
3372,112,203,231
3341,128,206,219
3346,135,172,247
3320,147,202,235
3348,134,188,241
3324,143,206,226
3326,141,222,238
3340,136,201,233
3345,139,192,229
3335,150,201,163
3335,132,201,237
3333,112,219,240
3307,125,186,232
3424,146,200,317
3337,134,200,233
3334,130,195,230
3338,126,194,214
3337,128,183,240
3325,125,46,222
3345,126,197,234
3333,130,192,240
3328,125,199,237
3327,124,202,228
3330,134,189,206
3346,128,180,206
3343,135,195,224
3328,131,163,219
3332,56,186,224
3325,131,208,227
3329,130,182,212
3334,120,187,224
3369,125,188,226
3337,131,183,228
3338,129,204,221
3331,151,178,224
3321,128,336,229
3346,128,176,217
3338,118,176,304
3313,99,173,161
3347,128,193,207
3335,141,181,209
3323,137,155,211
3336,136,173,200
3332,143,185,213
3335,152,180,210
3330,154,153,230
3326,154,186,228
3329,156,184,227
3332,111,192,228
3333,134,180,225
3322,117,157,222
3318,146,196,221
3311,135,184,218
3339,129,188,213
3346,108,184,196
3355,132,165,188
3334,136,166,210
3317,142,174,205
3337,120,191,208
3319,148,158,204
3339,163,171,200
3353,133,139,213
3325,129,192,201
3323,134,172,205
3333,131,173,208
3328,127,173,201
3399,134,176,128
3347,122,173,198
3339,144,169,198
3329,138,172,200
3341,118,164,225
3340,126,170,192
3341,128,161,212
3338,116,170,214
3327,124,236,208
3334,107,186,193
3338,133,193,203
3337,75,176,201
3326,125,152,197
3332,128,178,207
3326,112,183,186
3335,144,158,193
3346,161,160,192
3342,129,155,190
3331,113,174,178
3331,125,160,170
3331,130,157,179
3348,128,144,178
3330,142,162,174
3333,118,159,181
3291,155,156,180
3335,146,148,198
3337,13,164,184
3346,138,163,185
3330,138,162,186
3330,128,163,187
3337,130,161,184
3336,124,162,196
3334,134,159,201
3320,154,163,182
3313,143,161,205
3331,137,161,194
3335,122,163,193
3329,144,158,187
3327,150,151,189
3326,236,157,184
3342,132,43,182
3340,130,158,181
3328,130,156,184
3320,121,107,184
3344,133,163,178
3329,137,155,192
3340,135,152,178
3347,134,286,185
3344,129,153,179
3402,131,159,182
3330,147,156,175
3338,148,160,188
3318,151,162,195
3326,160,79,193
3330,171,150,194
3329,189,167,200
3370,178,165,194
3336,172,162,206
3339,177,164,212
3344,164,164,195
3357,188,188,212
3335,145,173,201
3323,169,162,204
3328,164,208,207
3331,157,164,202
3339,168,154,197
3347,177,162,192
3356,165,168,197
3331,165,175,181
3325,164,159,190
3327,153,160,200
3332,158,163,190
3322,164,135,190
3335,141,160,192
3340,154,157,199
3339,163,153,180
3345,160,160,160
3321,159,172,188
3337,136,162,165
3321,145,160,173
3332,157,156,208
3328,148,169,197
3316,144,169,196
3339,156,176,205
3344,152,132,202
3332,155,157,211
3326,152,160,208
3328,157,155,207
3425,167,155,260
3334,151,136,202
3325,135,176,177
3300,150,158,201
3319,142,157,201
3337,167,147,194
3337,129,160,198
3331,151,160,118
3339,154,166,197
3321,152,164,182
3333,159,164,190
3327,144,164,209
3330,177,154,195
3340,124,161,188
3346,135,158,59
3330,124,158,190
3326,144,163,187
3320,173,146,194
3324,164,154,186
3326,163,161,163
3299,164,173,167
3304,180,141,185
3338,179,170,185
3328,159,168,184
3349,168,150,204
3312,144,183,192
3345,160,166,190
3326,162,170,188
3334,157,186,166
3337,161,161,190
3338,158,184,208
3290,160,171,215
3338,168,180,205
3338,145,170,207
3330,156,165,203
3337,111,172,202
3503,155,163,215
3330,166,147,201
3329,134,181,195
3344,153,170,197
3345,151,165,200
3346,169,162,205
3347,151,161,214
3339,151,161,214
3318,151,102,200
3337,148,163,196
3338,152,160,202
3330,154,161,204
3340,153,158,214
3339,153,161,202
3357,148,170,201
3328,169,166,119
3322,152,171,213
3328,150,147,198
3300,154,167,200
3326,153,318,200
3334,155,175,197
3351,135,192,194
3343,148,174,192
3326,137,145,186
3325,152,195,192
3330,150,185,180
3328,155,170,200
3345,147,178,194
3333,136,179,188
3338,148,168,190
3248,144,176,182
3347,139,180,180
3331,149,172,176
3332,104,165,170
3327,139,178,174
3337,142,161,182
3336,128,169,181
3338,142,192,178
3357,135,175,170
3337,134,144,168
3334,225,185,168
3324,141,172,180
3323,145,186,171
3319,155,201,198
3335,255,173,188
3335,169,164,201
3337,149,189,204
3324,141,186,230
3328,156,191,189
3326,155,189,197
3329,152,208,186
3344,153,198,213
3334,151,191,231
3337,151,208,230
3340,131,200,234
3338,145,160,229
3356,199,200,242
3346,146,204,230
3334,138,206,232
3333,152,199,208
3334,155,206,220
3332,156,201,328
3335,153,265,213
3330,146,193,211
3325,154,163,206
3332,158,208,209
3328,106,195,207
3328,157,197,208
3332,44,202,215
3329,159,198,183
3325,157,186,200
3333,156,192,194
3343,177,180,195
3354,137,194,194
3335,139,188,193
3347,152,188,211
3354,154,178,190
3333,150,190,186
3333,114,188,193
3330,156,188,214
3326,141,193,205
3323,156,185,182
3318,149,198,200
3341,148,181,194
3335,144,173,197
3351,139,240,198
3334,147,174,169
3339,153,163,204
3325,152,180,194
3341,159,178,190
3303,142,178,204
3315,145,176,187
3317,144,177,186
3340,115,170,182
3349,76,168,184
3344,142,174,193
3338,148,176,195
3364,128,185,179
3310,141,174,179
3331,130,170,268
3331,140,170,180
3335,140,143,186
3314,140,171,177
3304,143,177,177
3338,135,150,192
3324,164,165,181
3323,145,167,185
3328,129,175,191
3312,149,186,171
3331,103,188,200
3425,160,176,280
3330,147,185,254
3328,149,186,250
3336,145,190,239
3326,136,193,234
3327,153,108,228
3361,134,206,230
3341,144,202,256
3320,134,195,221
3328,149,202,230
3329,97,186,232
3344,150,187,242
3334,164,167,227
3330,172,251,228
3342,162,192,239
3353,171,178,221
3349,168,188,220
3344,166,185,227
3340,190,179,228
3332,166,183,225
3322,176,193,224
3331,153,173,231
3312,152,169,221
3338,162,138,218
3323,166,156,238
3334,177,180,250
3281,181,186,268
3317,191,179,262
3335,181,179,253
3335,126,188,249
3355,175,188,243
3341,183,190,258
3348,157,185,247
3335,261,187,246
3420,177,162,251
3345,170,211,249
3329,154,186,385
3337,162,186,242
3337,168,186,240
3337,176,184,235
3331,79,185,236
3362,160,181,233
3328,164,184,223
3343,154,173,290
3326,180,181,256
3337,185,179,252
3348,163,311,253
3337,160,180,230
3345,160,175,241
3333,166,169,226
3325,178,174,248
3339,165,173,253
3409,155,175,266
3353,150,172,260
3344,155,179,257
3332,145,176,252
3319,156,176,262
3334,148,175,250
3328,154,161,260
3216,152,174,269
3355,154,173,321
3327,153,174,271
3331,142,178,284
3260,154,167,292
3349,154,140,282
3331,138,173,297
3338,166,168,297
3323,153,175,310
3331,156,159,299
3334,153,156,291
3332,146,174,292
3368,153,174,286
3335,150,168,294
3339,149,164,280
3340,165,166,274
3316,149,168,285
3337,153,175,270
3326,147,172,271
3305,152,176,283
3322,150,177,288
3336,146,166,245
3328,140,149,275
3277,130,176,246
3333,156,174,296
3324,160,175,209
3338,146,175,276
3343,41,153,269
3350,137,174,270
3339,142,180,263
3341,142,195,259
3348,142,177,254
3337,133,188,252
3336,161,173,257
3331,68,181,257
3349,148,174,256
3314,140,183,256
3325,149,195,264
3326,138,191,268
3329,154,183,273
3335,134,214,264
3325,118,207,259
3343,145,215,260
3339,144,216,260
3336,128,227,253
3334,143,209,266
3315,145,227,260
3340,143,227,250
3334,144,235,256
3325,138,227,248
3344,29,233,252
3305,151,236,245
3323,148,227,247
3335,140,197,258
3340,129,223,254
3341,144,204,262
3309,145,172,246
3327,142,217,243
3328,176,214,243
3328,153,213,238
3340,152,188,253
3340,141,211,234
3334,151,217,256
3325,145,227,232
3345,150,205,215
3328,156,191,225
3337,157,205,221
3342,145,203,224
3328,148,206,216
3327,121,205,220
3339,152,175,218
3328,123,202,221
3334,150,211,235
3194,149,203,232
3336,155,201,263
3329,149,202,258
3329,150,197,258
3316,140,186,273
3329,148,223,256
3385,133,194,224
3472,143,192,230
3343,138,192,249
3369,147,172,244
3344,146,193,244
3328,121,183,244
3328,154,188,242
3323,159,203,221
3333,148,181,248
3331,143,193,246
3337,143,193,256
3322,157,182,235
3321,161,182,266
3321,161,174,236
3316,160,184,259
3330,163,189,240
3330,163,192,220
3324,168,196,243
3325,176,182,235
3335,168,192,234
3333,166,172,234
3333,168,205,240
3354,150,226,237
3326,160,202,224
3335,138,204,229
3334,163,187,231
3337,162,203,228
3282,159,200,232
3324,157,200,236
3323,275,197,236
3325,183,186,238
3319,139,197,249
3352,164,170,233
3333,173,102,218
3336,225,192,231
3315,165,194,234
3356,153,195,232
3341,160,192,226
3340,161,125,239
3336,185,166,225
3325,177,66,205
3338,180,174,200
3335,166,174,216
3341,163,175,210
3341,242,177,206
3322,169,181,204
3325,170,182,244
3306,187,181,132
3326,185,186,204
3320,181,185,193
3330,182,194,267
3307,181,358,219
3321,190,182,210
3329,181,199,210
3326,178,179,216
3311,171,197,206
3336,163,190,205
3300,191,185,201
3335,165,188,199
3338,168,184,211
3323,187,176,200
3336,168,173,208
3383,182,186,288
3336,166,187,178
3345,147,157,196
3266,166,178,200
3325,166,174,201
3304,194,174,193
3355,168,175,198
3314,175,152,198
3349,171,173,199
3342,186,163,215
3348,80,176,184
3373,168,177,192
3329,172,176,184
3348,166,105,181
3332,171,178,126
3338,166,182,182
3327,163,160,174
3314,154,178,181
3328,163,193,180
3241,163,169,173
3282,165,182,183
3335,162,183,176
3335,174,183,178
3333,156,183,179
3330,172,184,181
3327,175,179,257
3329,149,181,188
3334,169,184,177
3333,166,174,191
3332,169,208,185
3328,164,198,192
3356,166,191,74
3344,167,189,182
3344,160,183,192
3340,153,187,183
3329,161,182,201
3342,166,193,193
3322,150,189,196
3305,150,204,201
3326,161,186,214
3349,161,321,208
3337,148,144,188
3291,141,202,157
3339,198,187,199
3332,157,184,192
3343,154,201,200
3346,163,174,200
3324,131,185,205
3342,147,190,203
3321,157,208,202
3324,147,175,204
3326,165,177,196
3321,142,179,219
3333,158,173,216
3347,138,177,210
3328,154,162,212
3323,155,170,186
3323,141,171,208
3336,154,167,207
3336,168,168,204
3342,149,171,211
3323,163,175,194
3344,72,148,192
3349,170,166,175
3323,165,159,197
3347,122,171,186
3336,147,171,183
3350,149,172,187
3322,160,170,200
3337,152,165,197
3323,158,168,188
3323,120,158,205
3319,137,190,190
3332,164,170,187
3327,203,174,192
3331,162,175,204
3346,164,146,202
3336,46,175,199
3331,157,180,202
3315,160,180,201
3345,179,165,196
3353,155,172,194
3342,153,170,197
3327,160,171,188
3318,16,172,187
3337,154,147,182
3320,157,215,190
3328,159,152,185
3322,157,177,192
3324,155,176,199
3324,156,186,204
3298,161,192,201
3342,182,183,198
3335,139,185,203
3337,152,186,202
3329,154,181,197
3329,165,179,203
3325,150,179,200
3330,150,175,210
3345,169,179,209
3312,155,175,198
3295,156,175,217
3335,159,172,211
3337,157,189,220
3333,155,165,219
3344,151,174,224
3335,148,176,225
3328,155,171,216
3316,161,173,206
3323,157,167,214
3330,157,164,215
3337,156,80,207
3334,157,167,187
3337,168,163,187
3339,166,159,212
3333,154,160,204
3339,144,166,206
3337,151,145,209
3330,145,166,195
3331,151,157,182
3328,149,163,210
3344,147,145,208
3344,139,162,180
3330,144,157,172
3332,153,165,192
3321,153,169,176
3328,147,177,192
3318,173,171,195
3326,176,184,228
3331,167,176,158
3368,160,180,181
3339,163,179,185
3339,165,184,187
3348,137,195,199
3312,162,186,172
3365,163,193,212
3321,159,186,193
3336,157,194,186
3340,158,153,171
3330,158,181,177
3362,164,166,178
3322,156,299,183
3330,156,192,187
3342,162,48,184
3333,193,182,188
3329,175,154,194
3329,172,174,203
3326,170,175,200
3318,192,164,187
3322,191,196,196
3325,203,161,196
3338,185,174,203
3342,174,160,210
3320,193,190,208
3327,190,171,202
3467,188,174,200
3324,191,174,193
3334,192,191,176
3317,190,174,192
3324,156,169,136
3323,180,170,219
3320,259,183,214
3330,180,172,227
3326,176,170,219
3334,204,170,220
3334,191,166,221
3328,153,172,221
3321,192,157,219
3333,174,162,214
3344,164,167,219
3333,184,148,237
3330,168,117,220
3333,166,162,220
3305,167,163,290
3297,154,180,215
3325,167,164,212
3320,85,161,209
3325,160,176,200
3332,169,161,208
3329,172,160,205
3326,222,142,206
3349,161,172,208
3337,175,158,209
3333,156,158,208
3344,173,156,215
3325,194,156,191
3363,167,124,204
3320,176,160,116
3328,146,160,198
3327,168,158,200
3315,162,157,197
3328,157,158,197
3347,166,156,200
3324,169,157,187
3336,166,156,202
3331,166,162,194
3319,168,155,198
3327,179,145,188
3327,142,157,190
3335,167,134,176
3318,170,156,184
3346,168,145,180
3345,158,152,192
3348,161,141,204
3337,216,134,171
3328,169,176,183
3320,163,150,188
3313,175,154,180
3322,184,137,192
3330,173,155,179
3337,170,151,180
3329,180,152,183
3325,237,150,182
3337,181,156,200
3238,162,149,123
3325,172,151,176
3338,180,154,171
3329,128,152,170
3323,193,155,174
3334,177,150,171
3333,167,158,169
3340,175,154,166
3339,175,170,157
3345,169,157,165
3330,174,147,144
3336,174,149,184
3355,175,153,177
3318,150,158,181
3328,169,153,170
3309,191,153,176
3359,194,160,208
3347,190,153,185
3328,194,148,264
3331,202,154,185
3323,176,152,192
3338,204,142,188
3336,186,169,170
3339,183,150,177
3352,184,32,172
3319,191,141,164
3342,187,155,174
3337,187,151,177
3241,195,152,173
3326,188,160,181
3336,155,164,175
3342,212,148,177
3326,185,180,171
3352,221,143,197
3324,188,158,190
3451,170,153,187
3325,195,161,188
3310,185,164,164
3354,184,166,212
3304,194,160,195
3353,189,143,196
3335,213,155,192
3415,178,162,200
3335,176,147,207
3341,182,160,197
3320,200,155,212
3336,181,152,196
3326,169,189,200
3342,153,154,195
3335,172,158,190
3408,177,160,214
3312,194,164,190
3336,181,162,184
3308,187,159,183
3294,192,171,194
3324,187,160,189
3324,186,139,192
3319,200,167,200
3325,184,188,208
3306,176,224,208
3323,165,173,204
3326,255,158,202
3351,168,170,206
3328,195,164,236
3325,174,167,206
3329,173,162,197
3326,173,167,204
3335,175,168,199
3304,184,169,128
3278,179,166,218
3333,202,159,214
3327,178,165,215
3328,182,162,217
3335,176,175,226
3293,160,182,192
3327,191,116,234
3333,175,172,216
3323,171,176,215
3342,173,203,224
3292,176,170,216
3335,179,161,220
3335,55,170,217
3337,167,186,216
3357,173,222,226
3333,182,164,210
3314,175,179,208
3326,185,158,225
3322,185,153,222
3297,192,162,210
3347,187,162,211
3331,188,163,211
3343,190,164,215
3331,200,166,86
3340,190,162,211
3345,174,164,199
3330,204,161,223
3333,187,163,204
3328,187,162,219
3330,184,176,217
3342,192,162,212
3341,187,156,212
3328,188,164,204
3325,180,152,215
3328,180,177,230
3333,203,158,199
3305,183,172,202
3322,190,158,200
3329,194,153,186
3322,194,177,196
3322,200,161,191
3320,208,184,191
3332,194,153,181
3299,205,162,187
3325,199,154,189
3439,197,158,194
3320,200,128,177
3353,197,166,203
3317,194,161,183
3334,203,166,200
3349,195,44,185
3332,189,176,174
3328,87,173,190
3325,128,166,193
3305,211,173,194
3330,198,177,183
3329,200,192,189
3336,177,173,306
3334,179,177,180
3333,198,156,228
3318,199,175,175
3351,178,183,217
3334,191,184,218
3335,190,208,206
3331,180,181,185
3322,187,193,197
3334,187,193,205
3334,187,192,201
3326,181,193,213
3328,226,190,198
3318,188,296,186
3326,193,189,195
3329,200,181,192
3334,197,187,192
3322,180,190,183
3302,198,186,281
3334,179,186,204
3338,192,187,189
3337,186,184,196
3204,189,186,196
3311,181,138,186
3335,183,188,166
3308,200,162,189
3332,181,189,198
3329,171,197,202
3310,192,184,195
3334,194,188,195
3316,185,169,190
3344,184,189,187
3319,163,186,203
3325,172,189,197
3332,179,187,200
3319,196,174,189
3336,179,197,211
3330,175,189,173
3342,152,191,183
3340,176,180,170
3208,177,188,181
3335,174,198,182
3336,176,187,160
3328,173,190,180
3346,171,193,173
3328,173,185,176
3328,183,184,172
3328,178,183,174
3330,169,185,167
3328,170,170,178
3312,167,180,171
3333,176,164,173
3325,168,180,180
3322,176,184,187
3274,175,160,169
3328,176,170,187
3330,200,172,192
3324,166,58,182
3334,169,177,189
3333,171,172,197
3339,184,166,198
3364,156,179,202
3329,173,173,175
3338,180,174,189
3337,306,172,193
3327,172,178,192
3323,204,176,180
3321,196,173,192
3329,172,172,185
3343,198,182,179
3330,208,181,177
3317,206,175,181
3352,212,173,180
3328,192,170,195
3334,220,167,185
3340,215,160,189
3337,217,164,180
3333,186,168,180
3413,225,167,291
3321,209,170,130
3337,214,192,166
3269,216,168,172
3333,192,156,185
3314,215,165,177
3224,211,170,223
3331,223,181,185
3319,235,183,184
3335,210,162,196
3345,225,164,178
3317,214,125,178
3388,223,163,184
3321,217,157,162
3355,218,156,194
3331,215,164,196
3329,183,183,202
3334,210,123,201
3328,211,167,199
3319,329,172,196
3338,212,157,209
3337,199,187,210
3318,203,177,198
3328,198,203,205
3317,205,203,216
3301,212,185,212
3316,223,182,218
3325,215,188,212
3323,214,200,219
3339,210,178,224
3324,218,79,207
3345,208,184,212
3336,200,185,211
3344,213,177,207
3331,203,153,211
3313,218,176,209
3312,216,172,213
3329,212,170,208
3323,200,180,212
3443,206,171,215
3333,206,169,220
3323,218,170,204
3389,234,155,262
3332,226,175,217
3328,205,173,214
3324,214,168,212
3284,212,165,210
3338,210,179,209
3333,212,149,213
3324,204,176,190
3352,206,168,213
3329,227,159,208
3323,210,166,206
3324,192,169,204
3328,197,181,203
3326,189,166,200
3323,171,165,212
3325,190,172,192
3326,196,163,192
3328,217,159,194
3348,182,163,185
3333,201,153,268
3331,175,160,194
3343,204,90,202
3342,188,160,190
3339,205,154,190
3327,195,168,174
3346,190,168,221
3322,177,165,220
3315,192,159,229
3337,183,162,206
3334,193,163,222
3325,181,162,227
3341,211,148,224
3343,224,154,226
3350,227,159,234
3328,216,159,232
3332,205,170,153
3278,199,148,187
3312,212,165,227
3321,195,162,204
3327,212,156,224
3350,235,157,234
3328,207,156,237
3339,179,157,230
3349,205,149,221
3322,195,207,221
3333,202,166,237
3346,208,168,224
3334,190,169,214
3338,139,180,225
3334,193,170,219
3334,186,178,203
3323,194,164,195
3350,194,174,213
3338,177,163,224
3317,180,182,194
3346,195,147,212
3331,182,162,208
3362,182,158,201
3343,181,149,185
3352,182,150,180
3355,151,164,194
3329,181,164,192
3356,179,276,204
3332,177,163,201
3282,162,192,171
3212,176,164,193
3325,175,229,187
3345,171,160,192
3327,177,154,191
3342,173,155,192
3321,184,149,194
3328,165,178,180
3316,173,164,202
3328,186,139,194
3348,168,147,185
3337,172,162,192
3328,160,161,198
3344,168,152,192
3337,163,160,165
3338,168,166,187
3336,163,168,184
3330,152,193,183
3415,158,169,186
3316,160,174,171
3329,165,156,182
3323,161,167,184
3329,162,164,193
3329,160,148,180
3336,164,166,83
3325,172,169,168
3324,165,121,178
3337,163,171,187
3334,162,165,186
3311,176,173,190
3316,160,199,188
3336,175,172,188
3364,174,173,190
3343,171,165,167
3336,171,184,189
3338,170,167,187
3321,184,158,186
3357,173,172,188
3313,154,193,188
3332,168,176,203
3342,165,170,183
3324,171,168,184
3349,171,171,181
3317,101,193,186
3333,157,175,190
3330,169,179,191
3334,161,180,184
3326,149,192,185
3322,149,182,186
3346,154,180,206
3335,160,178,185
3336,148,188,177
3341,155,211,190
3336,65,174,181
3304,157,174,137
3319,150,185,170
3332,142,183,177
3334,154,172,182
3337,144,186,187
3338,161,77,208
3328,158,184,184
3322,136,169,199
3323,161,163,186
3331,154,182,194
3335,156,174,201
3342,155,172,190
3361,155,168,218
3451,155,172,201
3338,152,194,231
3338,151,152,204
3325,166,174,201
3403,135,171,199
3355,149,175,198
3324,142,174,196
3323,113,177,192
3326,134,183,195
3342,145,170,190
3345,160,152,188
3326,141,183,186
3340,149,162,176
3326,140,189,177
3345,151,166,185
3281,149,167,180
3343,125,167,199
3341,153,173,85
3344,148,165,182
3335,151,172,207
3470,147,171,195
3355,145,149,214
3326,144,161,214
3319,188,181,207
3328,160,158,205
3318,144,167,200
3313,141,168,205
3340,145,168,205
3337,129,191,211
3337,157,153,205
3320,234,162,186
3328,34,162,200
3337,141,171,178
3345,21,161,194
3357,139,170,208
3344,131,162,142
3339,136,152,204
3323,142,160,194
3330,106,160,197
3327,138,160,195
3323,124,168,191
3339,135,158,193
3329,157,157,192
3330,138,152,195
3322,131,157,197
3327,133,158,194
3224,152,154,196
3323,145,153,173
3340,151,157,190
3336,147,179,188
3344,146,159,196
3353,144,157,190
3345,160,134,200
3357,166,136,181
3327,154,157,182
3319,168,154,317
3344,184,125,176
3323,275,158,186
3332,181,156,185
3330,181,171,184
3330,184,167,184
3323,181,164,168
3326,176,122,186
3326,181,148,175
3336,187,156,178
3305,176,154,169
3329,183,151,152
3336,245,152,173
3324,187,144,176
3349,169,150,177
3346,173,156,167
3349,156,152,202
3361,171,152,168
3334,184,156,172
3332,172,161,168
3336,193,152,168
3322,184,144,164
3355,168,83,180
3338,223,149,168
3336,141,160,171
3326,167,155,164
3321,178,157,166
3306,171,158,146
3331,154,167,148
3330,163,156,162
3339,174,148,171
3345,162,171,164
3351,156,162,139
3345,156,66,170
3361,160,155,177
3239,172,160,166
3335,162,177,172
3332,164,160,181
3338,158,161,160
3352,149,167,170
3303,151,159,167
3317,155,162,181
3270,170,152,169
3316,172,164,170
3334,153,162,168
3341,154,168,172
3353,149,157,158
3338,122,169,172
3327,142,160,166
3361,141,143,166
3342,154,149,164
3336,90,170,174
3337,142,168,162
3322,129,157,148
3331,147,158,166
3333,146,155,160
3345,120,157,163
3339,142,250,168
3320,146,164,144
3322,145,167,172
3324,145,189,153
3316,144,187,162
3403,143,190,177
3319,125,200,150
3327,142,185,158
3342,143,214,164
3336,143,195,186
3342,144,202,178
3341,140,209,201
3341,179,223,200
3335,146,222,199
3339,142,208,209
3328,149,211,199
3328,142,206,197
3334,145,209,205
3350,144,206,200
3335,142,204,200
3332,148,201,200
3329,148,204,216
3305,154,205,198
3215,139,200,188
3324,169,183,208
3342,162,208,192
3332,148,201,186
3329,256,200,204
3344,126,212,196
3339,149,190,203
3362,142,204,204
3331,135,233,201
3309,148,202,194
3334,155,211,192
3314,172,201,215
3336,154,180,198
3338,152,199,208
3302,126,200,144
3335,149,184,202
3341,168,230,188
3335,289,196,197
3412,153,196,192
3338,142,212,188
3325,145,190,181
3344,140,196,202
3340,153,190,202
3339,158,217,200
3335,144,188,208
3337,153,187,195
3348,147,247,205
3329,147,188,204
3335,185,185,194
3313,160,250,202
3339,162,128,209
3333,152,182,197
3330,148,186,213
3327,161,179,206
3329,162,189,207
3334,175,175,225
3338,186,175,199
3327,156,151,196
3321,151,123,200
3335,135,173,190
3330,164,149,192
3338,171,173,193
3348,161,154,191
3315,164,148,192
3332,157,180,187
3333,155,181,190
3341,155,180,190
3328,158,210,183
3332,148,180,215
3328,68,189,226
3341,157,180,216
3326,152,181,218
3324,167,181,200
3325,156,178,210
3348,141,178,215
3330,151,204,219
3335,136,197,235
3342,172,166,221
3331,156,183,224
3320,139,176,247
3322,151,193,218
3330,136,193,237
3364,142,189,240
3336,129,180,239
3351,157,182,237
3344,130,200,239
3340,165,221,245
3346,150,181,240
3353,138,194,239
3327,154,176,234
3346,150,170,235
3359,122,193,238
3333,144,175,239
3343,146,177,237
3344,145,198,238
3351,161,177,180
3363,138,176,232
3381,144,175,226
3343,118,172,178
3349,143,167,229
3344,143,174,225
3347,144,162,220
3329,139,170,219
3338,131,167,218
3404,142,170,211
3347,125,180,200
3345,136,174,215
3332,146,193,214
3293,138,169,236
3335,122,175,226
3312,131,130,225
3330,138,178,228
3331,154,174,231
3343,121,178,290
3311,134,190,214
3348,116,215,229
3337,134,177,235
3328,188,195,241
3347,133,183,245
3334,121,182,236
3342,132,184,229
3330,150,179,136
3328,140,196,235
3316,133,180,219
3338,132,181,227
3345,107,177,221
3317,160,172,217
3356,115,176,214
3341,145,175,216
3336,123,176,214
3344,128,174,191
3315,135,179,196
3331,134,163,207
3334,111,180,214
3327,123,199,216
3351,159,179,220
3328,151,168,241
3325,136,193,236
3319,139,210,243
3322,161,205,238
3333,159,204,253
3342,155,173,253
3333,159,196,246
3333,150,200,257
3347,158,196,247
3339,71,172,251
3332,151,201,251
3344,154,109,269
3317,156,200,240
3341,151,221,279
3342,160,183,262
3336,150,207,256
3342,156,192,263
3345,145,208,244
3344,141,212,261
3339,145,192,235
3346,147,200,237
3336,147,188,230
3339,145,192,230
3324,135,186,233
3328,142,247,235
3338,141,195,213
3288,144,183,233
3340,250,194,239
3329,126,197,238
3354,138,82,228
3333,135,203,211
3342,149,186,227
3325,121,192,231
3330,145,179,240
3337,126,186,224
3367,135,183,223
3340,144,183,219
3366,137,184,226
3362,137,152,212
3330,140,195,219
3334,115,193,215
3328,40,178,216
3332,142,189,223
3335,137,180,219
3337,137,177,220
3348,109,175,219
3335,144,176,229
3344,144,176,223
3363,143,174,221
3338,142,165,224
3339,140,171,215
3348,143,165,215
3296,134,197,197
3338,147,170,213
3335,128,189,214
3343,140,184,222
3325,142,169,205
3321,130,189,219
3332,140,194,222
3321,158,183,227
3332,138,188,225
3317,130,294,221
3339,230,191,234
3333,142,210,253
3344,154,203,238
3342,159,212,247
3336,126,207,244
3337,142,191,251
3337,137,211,230
3323,137,376,261
3328,140,215,261
3319,138,212,243
3325,134,212,256
3329,142,211,257
3350,138,214,276
3322,135,209,236
3329,137,206,258
3334,130,208,251
3330,135,208,218
3328,132,205,238
3321,142,206,150
3342,164,200,229
3346,151,200,223
3344,318,204,223
3338,154,203,214
3333,174,200,215
3342,157,206,199
3326,163,178,208
3323,186,194,210
3340,178,187,204
3314,159,197,210
3334,159,192,219
3322,160,202,201
3315,182,185,210
3335,181,182,203
3344,141,188,181
3350,156,187,192
3339,154,198,194
3341,156,183,193
3341,149,155,205
3345,264,161,189
3352,146,184,197
3342,150,181,187
3332,128,183,191
3246,160,166,192
3318,160,166,206
3317,153,174,217
3306,111,198,210
3342,176,201,237
3319,201,206,238
3326,176,214,238
3334,174,223,252
3333,174,229,253
3336,172,216,264
3360,148,232,253
3308,175,225,260
3339,182,210,281
3338,169,266,258
3340,186,252,262
3477,173,246,278
3343,169,256,246
3361,178,226,254
3345,268,241,240
3333,175,248,245
3335,155,243,239
3334,140,237,223
3338,235,238,235
3344,163,250,224
3377,154,231,101
3324,161,232,213
3341,161,228,233
3344,161,226,218
3338,154,241,210
3357,157,225,212
3342,157,224,204
3377,135,236,220
3199,158,226,232
3340,164,222,213
3347,157,214,210
3339,141,224,224
3355,157,175,198
3358,148,208,228
3340,158,216,200
3327,159,209,209
3324,158,205,208
3343,137,214,196
3307,153,221,183
3326,149,209,192
3345,154,197,190
3339,166,198,188
3389,153,208,193
3336,162,203,184
3329,119,219,204
3330,150,208,211
3327,147,218,214
3339,148,211,220
3306,144,208,214
3340,214,209,218
3330,154,211,218
3363,141,206,236
3336,144,203,208
3319,129,214,212
3332,142,208,215
3334,134,225,210
3346,146,185,210
3351,141,207,206
3331,132,217,229
3352,149,215,233
3350,132,188,228
3340,141,216,216
3337,169,222,199
3339,148,224,219
3350,144,230,214
3341,128,226,216
3346,140,218,206
3339,142,222,193
3347,141,218,199
3350,159,203,217
3332,125,224,194
3338,130,219,196
3337,146,229,188
3341,128,223,176
3335,140,212,189
3343,124,209,186
3347,137,208,197
3322,140,227,186
3324,144,207,188
3340,134,189,185
3330,143,205,187
3335,145,200,187
3334,155,199,189
3324,152,198,191
3403,149,198,182
3320,214,197,189
3416,165,195,132
3329,167,175,188
3334,167,182,195
3290,168,198,192
3317,162,222,201
3319,24,228,203
3319,174,232,196
3350,165,240,208
3311,167,247,203
3328,166,242,208
3340,165,241,232
3340,141,260,233
3357,173,167,231
3316,175,266,231
3359,170,276,230
3338,200,265,233
3367,175,262,225
3334,177,262,230
3337,172,289,225
3359,163,272,224
3322,193,243,223
3336,162,256,217
3343,167,233,224
3345,168,253,225
3345,168,246,225
3345,165,237,196
3343,160,163,226
3331,177,240,213
3344,152,243,215
3342,160,242,215
3341,161,244,210
3343,163,237,220
3342,161,239,207
3329,134,238,215
3336,161,208,205
3334,157,230,210
3338,157,244,205
3339,167,235,191
3336,155,226,182
3341,131,229,192
3333,134,228,167
3346,152,215,188
3342,148,219,184
3337,166,208,221
3340,159,209,182
3345,152,210,189
3347,153,217,180
3334,151,214,173
3346,172,205,187
3345,160,202,179
3347,152,188,176
3336,150,199,181
3332,152,233,170
3329,124,205,235
3336,147,194,177
3279,139,195,141
3336,172,203,193
3326,144,221,172
3334,203,205,182
3309,159,196,164
3329,159,115,165
3339,147,184,180
3336,145,227,185
3354,145,174,182
3339,149,200,193
3364,157,170,186
3340,155,190,176
3343,148,216,203
3323,142,206,189
3318,134,214,203
3332,146,200,199
3333,157,200,184
3335,130,187,204
3328,151,185,196
3330,160,186,204
3321,153,207,195
3304,149,210,185
3309,151,207,192
3331,162,215,118
3340,168,230,194
3342,154,214,204
3285,160,214,75
3386,181,200,193
3350,183,196,189
3338,176,213,187
3350,159,205,183
3344,184,186,196
3344,171,204,200
3339,174,208,172
3347,163,205,183
3335,173,200,168
3320,153,210,183
3334,167,215,180
3311,171,216,182
3321,167,221,186
3338,178,212,194
3349,170,218,188
3325,183,208,173
3345,151,231,192
3351,178,231,187
3349,170,147,183
3336,160,235,186
3348,162,167,194
3335,69,227,190
3334,163,224,185
3336,167,223,194
3327,168,215,195
3334,169,209,241
3313,149,220,227
3357,165,219,226
3312,159,214,235
3320,168,214,238
3352,153,80,236
3342,156,218,237
3339,134,217,239
3326,155,209,240
3343,159,202,236
3337,118,206,237
3338,156,208,230
3353,143,201,231
3340,153,227,225
3334,168,177,241
3337,153,200,216
3328,155,193,235
3344,150,72,226
3330,139,200,232
3328,126,209,222
3329,166,198,234
3330,151,205,247
3366,99,194,226
3332,151,187,233
3336,104,205,228
3323,153,208,239
3346,152,190,241
3340,154,186,236
3340,155,185,237
3356,145,195,234
3335,153,188,208
3360,154,113,239
3319,151,195,238
3346,149,197,226
3366,152,190,234
3346,145,162,214
3342,151,187,223
3336,145,176,212
3324,155,186,191
3339,148,177,219
3334,168,182,208
3335,153,182,204
3337,147,182,207
3343,144,179,210
3343,149,177,237
3343,138,185,239
3346,141,176,238
3344,155,177,228
3344,148,172,242
3326,164,176,158
3335,125,181,232
3348,143,161,232
3330,146,179,201
3324,146,228,228
3304,150,184,225
3334,144,173,220
3327,148,164,219
3329,143,190,225
3326,143,181,218
3333,144,180,218
3285,133,171,182
3339,145,162,225
3352,125,200,211
3337,149,172,224
3364,159,196,306
3329,130,201,227
3338,147,197,217
3426,173,197,299
3335,152,186,211
3309,149,193,209
3350,159,198,228
3314,155,180,221
3344,150,187,218
3357,147,193,221
3325,139,245,220
3343,148,195,226
3344,162,192,210
3339,148,193,210
3344,186,181,221
3341,146,189,211
3347,140,164,208
3320,147,182,206
3206,146,185,216
3327,153,171,204
3332,150,185,201
3338,146,248,212
3306,157,189,196
3334,160,182,204
3333,106,192,205
3314,158,190,197
3346,158,184,215
3388,154,180,196
3342,169,186,213
3335,154,193,198
3338,153,187,202
3418,149,184,86
3351,151,178,192
3344,148,165,193
3448,152,180,183
3329,161,180,180
3343,20,178,186
3335,144,186,182
3355,147,190,192
3349,157,178,184
3343,147,176,200
3361,91,174,193
3337,157,175,193
3358,140,154,187
3332,139,174,165
3339,146,160,185
3353,147,166,187
3342,118,178,188
3361,154,165,187
3339,165,169,186
3344,189,144,188
3340,181,172,186
3338,164,161,196
3368,171,171,190
3344,168,158,182
3343,168,264,181
3305,168,166,186
3323,165,164,183
3326,167,175,182
3325,164,174,182
3341,177,166,200
3327,158,170,181
3321,267,178,185
3327,154,193,188
3328,180,170,178
3315,158,180,182
3343,157,153,193
3338,157,174,164
3344,160,173,181
3332,177,180,184
3352,161,157,166
3345,160,183,188
3352,142,179,188
3345,156,188,154
3335,156,187,183
3329,158,174,182
3326,156,169,189
3336,167,174,186
3334,158,175,180
3354,105,173,177
3323,160,177,196
3341,184,168,172
3327,167,172,153
3362,154,173,195
3355,158,225,176
3332,162,179,166
3337,160,170,174
3345,177,160,254
3340,142,168,171
3343,160,169,181
3326,100,158,166
3355,158,166,169
3331,157,166,161
3288,158,178,178
3322,157,172,178
3336,145,171,192
3344,108,167,191
3332,159,91,208
3343,151,118,206
3337,152,159,213
3341,151,175,213
3357,150,171,214
3340,181,170,199
3348,148,171,229
3346,177,169,233
3335,173,179,240
3342,160,177,257
3328,162,180,251
3328,167,176,262
3421,158,176,182
3321,155,179,251
3321,160,173,262
3335,132,174,250
3344,159,178,245
3332,157,138,249
3333,182,165,239
3340,155,169,248
3333,164,168,222
3333,163,169,230
3340,154,168,216
3346,153,177,238
3346,156,160,182
3350,151,168,226
3330,162,75,220
3333,157,165,220
3338,140,166,236
3329,156,159,224
3327,134,170,214
3332,154,152,219
3324,157,167,214
3328,163,174,213
3362,157,176,221
3345,142,190,215
3356,168,169,194
3339,146,190,212
3355,149,170,204
3355,162,160,200
3338,157,169,211
3373,148,156,196
3341,152,190,194
3342,153,187,186
3338,166,160,191
3358,138,180,188
3347,152,159,189
3335,149,166,192
3337,165,143,192
3361,156,165,192
3334,151,166,223
3322,153,194,224
3321,152,175,224
3334,150,150,220
3332,156,172,208
3322,166,159,241
3332,157,182,225
3340,185,175,224
3343,162,182,226
3339,164,200,207
3321,162,249,222
3347,163,182,216
3343,147,186,220
3352,156,175,216
3348,162,182,224
3354,164,156,214
3337,151,168,212
3196,162,177,216
3320,175,174,234
3422,145,176,239
3385,161,175,245
3309,156,169,232
3356,163,154,230
3330,157,176,233
3430,172,172,296
3340,157,175,221
3320,148,180,220
3359,158,173,240
3246,164,156,216
3351,129,169,221
3346,155,178,216
3313,148,169,210
3345,150,160,209
3342,131,167,211
3332,152,169,224
3333,166,169,217
3308,144,185,240
3328,153,175,256
3328,162,172,236
3336,199,172,244
3332,156,172,246
3331,143,172,248
3333,154,165,261
3349,161,180,238
3339,151,173,288
3322,157,160,295
3437,149,172,296
3345,152,163,279
3315,220,172,283
3332,161,171,274
3269,150,169,269
3406,149,168,264
3343,151,166,283
3335,151,173,281
3330,160,167,275
3350,151,166,279
3352,150,167,270
3356,154,167,269
3335,149,137,267
3320,140,163,263
3326,147,163,253
3335,158,167,258
3352,145,169,247
3345,140,176,254
3343,241,167,258
3345,146,197,257
3330,148,185,261
3328,307,170,263
3338,145,178,258
3328,144,169,259
3327,138,197,265
3331,154,159,270
3336,144,165,261
3340,129,171,256
3332,136,153,268
3335,137,201,261
3352,156,168,254
3344,146,205,253
3346,137,174,248
3344,145,182,249
3354,137,174,242
3347,140,172,254
3336,136,190,235
3337,137,189,237
3343,133,169,241
3344,134,187,227
3324,128,184,227
3337,136,161,230
3336,137,164,225
3345,150,159,239
3328,136,190,229
3328,135,179,224
3339,107,176,236
3345,137,160,254
3337,134,184,253
3324,135,170,256
3316,139,172,284
3323,130,175,271
3332,137,174,279
3335,144,190,270
3369,152,161,272
3326,148,275,281
3337,134,182,323
3332,155,182,264
3324,142,201,242
3332,138,196,253
3324,146,181,250
3335,139,186,262
3326,151,177,268
3317,180,197,262
3353,122,178,250
3332,150,171,257
3369,113,181,259
3344,145,185,248
3344,135,206,256
3344,171,172,254
3341,137,190,232
3329,145,184,247
3330,148,166,236
3351,131,186,244
3333,169,167,242
3336,151,175,139
3293,149,176,260
3327,145,174,274
3344,145,165,269
3332,145,166,266
3330,130,177,268
3333,146,175,265
3322,161,176,256
3362,142,176,252
3334,138,189,231
3341,252,172,251
3348,141,162,258
3346,159,170,240
3302,143,174,251
3335,154,164,261
3313,141,183,235
3335,140,182,230
3318,157,176,232
3449,139,176,240
3299,143,178,232
3326,156,172,224
3328,128,178,219
3315,133,171,212
3345,142,170,212
3337,149,153,218
3348,115,167,206
3333,134,156,208
3337,121,164,206
3347,133,167,211
3343,137,164,207
3335,129,162,208
3310,140,145,213
3328,125,173,203
3327,147,161,206
3202,133,166,196
3336,129,164,198
3337,129,162,193
3334,128,173,193
3339,113,168,189
3326,134,169,183
3317,133,166,183
3339,137,244,188
3326,129,166,183
3362,125,156,179
3326,116,184,180
3342,114,183,180
3342,137,167,176
3267,136,161,176
3330,137,154,178
3334,129,176,169
3338,141,163,180
3318,128,165,173
3368,132,163,184
3360,124,45,186
3342,117,184,94
3279,146,170,186
3326,114,176,182
3325,130,178,182
3326,124,168,178
3341,128,172,186
3344,121,172,174
3319,129,176,167
3352,124,186,185
3346,124,168,179
3371,119,170,185
3347,125,160,178
3331,104,192,182
3328,128,161,178
3320,131,170,174
3320,130,173,181
3354,130,168,177
3316,108,170,122
3320,134,190,189
3317,142,261,191
3335,139,173,184
3337,139,187,180
3349,117,181,200
3330,153,171,222
3337,121,195,192
3333,125,171,205
3335,145,171,198
3348,125,170,210
3345,140,165,214
3372,125,184,205
3336,149,173,195
3332,124,169,213
3341,133,168,199
3345,132,166,194
3347,122,166,196
3341,133,167,196
3328,128,167,184
3327,132,166,192
3326,141,169,192
3336,233,165,187
3329,130,141,188
3312,126,38,181
3351,140,177,196
3317,137,183,212
3316,148,194,230
3336,148,196,270
3312,161,192,262
3322,146,188,241
3337,160,193,161
3326,134,187,252
3324,141,204,256
3336,14,193,251
3332,142,192,260
3343,161,203,243
3356,136,178,253
3344,177,216,253
3327,140,201,262
3330,165,188,248
3456,139,194,228
3339,148,195,230
3344,143,185,238
3351,136,189,246
3342,136,201,264
3346,136,201,266
3346,142,169,274
3326,152,193,352
3331,146,195,275
3325,140,186,278
3329,112,192,277
3342,135,196,275
3345,136,188,267
3342,116,179,275
3337,138,82,256
3329,108,190,272
3325,150,177,344
3324,141,185,244
3300,139,183,242
3331,135,181,262
3336,138,181,267
3346,162,198,275
3335,130,185,287
3357,145,142,302
3352,151,182,296
3388,128,178,306
3306,151,188,296
3329,145,184,293
3340,144,176,318
3333,142,176,284
3353,145,94,294
3330,139,182,264
3328,144,175,272
3331,147,174,268
3333,141,158,275
3325,141,172,267
3342,127,172,256
3339,131,121,247
3341,143,160,242
3333,140,171,238
3339,128,177,249
3343,144,170,215
3351,124,171,238
3327,130,62,233
3338,123,168,240
3345,135,160,231
3329,137,168,223
3321,133,173,235
3397,136,177,252
3330,125,185,347
3311,162,191,260
3300,132,218,282
3339,122,214,280
3374,135,230,283
3335,130,342,298
3343,131,222,304
3316,128,251,311
3348,132,242,338
3332,132,266,315
3336,129,264,331
3322,148,254,330
3343,136,264,318
3346,136,290,321
3344,138,272,308
3340,131,261,336
3331,155,257,339
3320,132,256,340
3337,151,251,349
3317,131,248,330
3396,134,250,334
3328,131,244,320
3335,128,253,331
3311,133,241,329
3338,224,244,308
3224,131,241,303
3336,136,235,299
3345,131,251,325
3336,126,242,315
3334,134,233,298
3339,136,231,309
3335,139,228,302
3331,140,225,326
3335,140,222,294
3324,144,230,306
3327,144,227,309
3333,151,228,300
3337,151,211,327
3335,150,226,322
3318,150,229,312
3334,162,220,300
3333,145,217,291
3351,149,220,307
3330,146,234,286
3343,124,218,272
3336,173,208,281
3324,147,210,268
3334,152,213,269
3322,150,226,258
3322,150,213,278
3328,124,207,271
3338,155,213,264
3348,170,201,293
3336,172,204,289
3326,143,210,288
3318,160,206,222
3341,141,215,278
3302,149,205,285
3325,134,203,278
3311,144,200,247
3347,146,221,278
3340,145,210,276
3340,160,201,271
3328,148,209,292
3343,146,208,284
3328,127,205,272
3325,141,209,275
3336,160,214,250
3336,128,201,260
3329,146,178,259
3330,142,203,259
3313,145,193,240
3392,148,201,328
3324,139,229,236
3328,161,200,243
3353,136,208,241
3364,145,194,235
3344,135,192,218
3341,144,193,225
3333,152,181,224
3353,137,186,225
3342,131,190,229
3331,148,206,206
3334,134,202,236
3481,138,189,210
3322,116,186,211
3321,133,199,204
3325,155,190,219
3308,154,203,221
3328,154,189,216
3324,145,201,220
3329,149,198,214
3342,154,198,215
3325,149,145,212
3344,161,198,214
3338,144,209,197
3344,151,217,216
3328,135,204,201
3360,136,200,205
3334,149,199,212
3342,149,194,240
3337,145,194,200
3321,151,195,201
3351,138,195,192
3328,146,215,193
3297,146,192,198
3326,166,192,196
3433,142,193,194
3333,146,180,201
3357,151,188,191
3333,151,197,198
3326,129,191,190
3324,144,198,186
3314,150,192,176
3328,146,196,86
3340,148,204,196
3337,145,200,180
3292,150,199,179
3327,146,216,176
3326,147,197,169
3332,153,199,183
3328,144,196,180
3326,144,195,178
3349,134,197,176
3304,147,210,183
3333,148,192,180
3328,141,193,185
3342,137,192,176
3355,146,191,178
3334,144,188,173
3344,148,176,175
3349,145,187,168
3347,137,190,175
3342,150,181,242
3341,145,195,164
3338,145,162,173
3323,135,185,170
3346,140,189,189
3344,144,299,170
3328,134,188,170
3327,158,185,169
3315,152,135,168
3348,137,186,192
3360,144,164,183
3335,151,194,170
3337,164,185,160
3329,148,182,166
3323,143,178,180
3363,128,177,175
3342,154,152,189
3339,152,178,174
3330,142,186,187
3340,86,164,175
3322,149,132,178
3327,146,174,174
3336,149,186,185
3345,151,173,182
3323,148,184,184
3329,136,171,181
3340,168,154,196
3319,130,172,190
3327,146,171,198
3325,147,164,178
3342,143,148,194
3337,142,141,189
3340,142,181,166
3326,142,168,165
3325,137,168,182
3338,148,172,189
3341,147,149,184
3331,129,164,193
3313,151,166,167
3321,142,172,184
3332,133,162,180
3329,146,147,179
3351,145,151,182
3317,224,171,181
3334,154,168,177
3334,165,166,176
3337,152,156,170
3346,155,154,181
3331,140,185,169
3346,140,180,166
3339,164,171,156
3344,165,146,173
3312,164,164,172
3339,188,157,164
3343,173,157,156
3336,162,153,169
3344,167,146,194
3342,166,170,176
3328,161,154,174
3334,160,149,170
3334,174,153,168
3360,157,152,224
3329,148,160,170
3319,160,151,169
3338,143,156,165
3334,156,145,167
3337,152,150,173
3347,65,150,160
3344,144,136,178
3337,143,153,162
3344,120,154,155
3345,147,147,154
3333,139,151,153
3346,147,147,162
3276,140,177,135
3330,149,146,156
3321,170,148,159
3325,148,143,189
3319,155,149,167
3326,152,149,190
3339,154,148,174
3347,150,135,169
3357,161,148,185
3347,156,114,196
3345,139,148,181
3339,141,152,202
3327,143,149,192
3337,146,122,195
3336,154,149,184
3331,145,131,202
3326,144,143,181
3339,144,154,176
3333,138,154,173
3346,143,153,182
3336,143,151,200
3319,142,153,178
3340,143,153,177
3411,159,145,273
3352,139,146,184
3345,136,147,173
3313,131,160,158
3334,138,139,186
3342,134,141,161
3318,137,148,174
3335,140,145,182
3333,195,152,191
3333,137,156,193
3317,159,151,196
3343,142,161,186
3340,140,125,208
3331,160,173,209
3329,179,140,204
3339,185,155,204
3330,181,154,194
3322,213,150,210
3328,186,130,210
3351,188,157,207
3339,180,162,194
3296,167,182,166
3255,195,154,188
3337,174,166,183
3350,175,145,194
3358,172,97,198
3334,184,152,192
3329,167,161,189
3334,187,139,265
3342,169,148,185
3345,168,149,203
3346,166,156,206
3330,173,146,168
3339,169,150,178
3330,167,128,177
3325,168,178,192
3326,163,152,187
3326,165,149,187
3327,176,146,192
3274,164,147,177
3339,152,150,188
3353,160,157,196
3340,160,160,192
3343,158,154,179
3342,160,164,186
3316,155,188,170
3330,156,162,185
3327,155,164,176
3334,144,156,173
3317,152,160,192
3342,146,156,175
3323,152,159,176
3324,152,134,168
3323,153,161,196
3318,148,173,202
3323,146,248,189
3341,164,171,195
3344,149,183,210
3349,159,184,210
3341,143,185,194
3337,254,189,204
3340,150,183,212
3332,134,205,217
3341,142,182,230
3335,134,190,201
3340,144,190,221
3331,142,192,203
3317,137,196,231
3326,142,190,234
3327,159,190,277
3324,142,176,234
3323,147,189,220
3336,139,203,222
3344,139,184,205
3360,122,198,225
3344,151,185,211
3337,133,190,192
3336,134,198,208
3344,117,200,203
3338,113,196,218
3342,137,195,209
3331,117,207,193
3326,137,191,206
3321,131,206,125
3330,133,190,338
3328,153,190,144
3317,125,188,215
3324,140,189,206
3342,150,179,213
3346,143,189,200
3333,141,185,208
3328,111,192,202
3344,143,176,201
3342,141,200,174
3321,130,183,206
3321,147,165,232
3342,144,187,224
3353,131,172,230
3340,145,162,230
3344,136,177,230
3334,139,142,228
3334,137,170,252
3331,157,163,276
3334,141,180,240
3335,245,187,262
3314,148,174,243
3330,140,167,262
3331,154,152,272
3324,137,197,268
3349,117,182,266
3362,85,174,269
3336,129,174,271
3331,144,170,277
3334,87,176,279
3326,145,174,298
3322,132,184,284
3335,140,182,278
3331,142,183,278
3337,135,182,296
3404,136,160,279
3326,123,182,328
3335,142,183,325
3334,135,178,320
3329,116,185,318
3343,150,178,312
3317,139,178,298
3282,135,177,315
3330,136,180,310
3321,140,177,312
3342,134,178,299
3331,136,196,302
3323,128,261,301
3341,139,208,304
3321,126,203,296
3326,134,193,286
3341,121,205,293
3359,84,192,288
3326,132,192,283
3324,129,199,291
3333,143,193,286
3322,133,187,296
3324,138,182,281
3344,153,175,276
3328,113,198,228
3333,147,182,254
3345,134,183,262
3348,135,161,256
3338,132,179,274
3353,133,180,269
3326,144,177,258
3353,137,168,256
3328,130,164,264
3336,123,176,252
3327,132,168,262
3333,127,174,249
3327,118,176,256
3321,147,167,245
3324,138,177,267
3336,131,174,250
3322,132,177,245
3434,129,176,256
3333,137,169,304
3334,191,174,241
3354,155,170,234
3339,125,175,192
3337,128,165,235
3321,135,173,230
3342,134,162,235
3327,132,161,212
3348,56,176,226
3343,128,166,230
3338,206,187,221
3319,124,30,217
3322,128,177,228
3343,131,170,238
3337,145,170,165
3382,143,167,239
3331,133,158,245
3361,128,157,265
3367,128,150,244
3329,130,167,256
3331,110,176,230
3336,137,167,237
3310,126,168,236
3334,125,163,240
3332,130,104,248
3345,96,179,242
3346,127,133,236
3356,129,164,238
3348,116,164,244
3343,154,160,247
3336,121,183,248
3337,125,136,258
3319,139,160,247
3336,125,149,256
3324,136,151,240
3327,112,161,240
3337,128,135,242
3307,124,160,218
3334,124,151,229
3346,123,162,218
3226,128,161,216
3326,116,159,220
3328,126,161,221
3337,130,160,206
3331,133,168,218
3359,138,162,217
3327,129,138,216
3328,126,157,220
3328,144,132,226
3317,126,156,228
3344,126,78,227
3329,131,156,218
3338,116,155,216
3328,121,173,193
3336,130,96,217
3332,124,131,209
3325,126,153,207
3344,128,41,188
3347,131,145,193
3341,143,157,202
3354,142,161,206
3333,151,158,201
3333,151,155,198
3327,156,152,184
3322,125,152,201
3330,149,152,205
3325,160,139,212
3325,139,149,192
3326,151,156,200
3334,154,141,192
3334,147,149,198
3347,147,150,196
3348,172,126,199
3310,145,153,201
3357,146,270,204
3334,148,152,200
3320,144,181,196
3325,118,154,202
3333,148,148,252
3318,141,166,201
3341,164,167,201
3341,124,187,210
3344,122,169,206
3329,154,195,196
3329,140,179,208
3320,139,163,184
3341,139,164,215
3336,162,167,200
3330,123,183,184
3347,153,144,201
3320,146,166,121
3349,130,235,210
3340,166,161,194
3341,141,172,195
3335,143,168,192
3328,144,182,176
3336,139,180,188
3336,147,163,188
3327,139,167,189
3328,143,162,194
3325,141,167,189
3308,141,169,178
3308,148,148,187
3333,140,163,172
3339,162,164,184
3318,132,184,180
3352,140,242,182
3344,147,170,168
3349,139,171,181
3343,139,165,215
3350,129,171,206
3338,144,171,212
3300,138,169,207
3313,141,170,216
3348,134,168,200
3334,152,166,192
3325,149,166,208
3315,146,168,206
3344,125,166,212
3337,124,138,206
3340,113,182,216
3356,152,164,218
3345,124,164,205
3342,131,170,229
3326,135,163,209
3336,66,159,211
3337,137,136,228
3356,141,162,202
3336,142,161,203
3341,140,162,208
3335,132,163,208
3346,89,147,208
3286,139,160,200
3431,141,166,200
3353,119,180,202
3333,123,168,201
3336,110,176,209
3337,128,183,194
3334,135,180,216
3329,142,146,212
3344,129,168,197
3334,157,161,197
3336,113,156,211
3349,131,164,198
3296,141,169,215
3331,130,176,194
3338,140,175,208
3373,131,188,207
3362,137,304,207
3344,136,148,200
3357,131,173,210
3337,135,172,197
3341,137,92,213
3328,154,172,226
3331,124,186,225
3336,135,170,215
3328,142,172,218
3334,133,167,234
3324,139,167,223
3334,160,166,219
3352,153,164,231
3326,140,185,217
3340,151,230,240
3333,167,170,228
3336,151,163,226
3342,153,156,228
3337,167,160,267
3338,152,93,216
3336,154,176,199
3359,161,157,221
3332,148,148,202
3327,153,198,202
3338,151,160,193
3324,147,156,194
3319,149,105,196
3329,162,144,179
3340,137,157,190
3350,147,152,188
3326,147,154,164
3345,148,278,195
3328,147,156,192
3315,143,150,188
3331,162,130,188
3322,141,170,171
3339,171,152,175
3320,152,152,176
3349,147,145,194
3337,144,133,183
3321,159,147,178
3338,142,159,177
3332,150,152,178
3328,144,145,175
3326,141,156,184
3338,130,155,172
3324,161,154,172
3309,139,153,250
3328,140,151,185
3334,152,155,195
3350,167,150,177
3333,138,154,192
3300,140,174,186
3342,141,154,186
3350,139,171,193
3357,141,152,185
3326,144,128,204
3341,151,152,194
3309,137,148,200
3329,154,155,77
3327,148,157,192
3325,153,157,192
3336,155,153,192
3353,153,149,197
3317,142,163,191
3342,60,143,197
3337,157,149,188
3343,160,170,193
3346,162,147,192
3353,157,158,192
3327,152,149,202
3327,297,158,201
3334,152,155,188
3364,116,159,202
3306,152,165,199
3337,148,159,200
3335,152,153,194
3337,145,158,194
3461,148,158,196
3347,159,155,192
3325,153,151,193
3356,148,128,185
3334,146,155,188
3354,149,151,184
3343,145,171,179
3342,170,144,192
3345,84,168,192
3308,147,187,198
3321,151,170,194
3327,146,177,196
3337,145,177,198
3323,152,176,209
3320,145,176,212
3344,144,174,218
3343,130,175,233
3254,151,173,220
3345,141,198,228
3355,139,162,220
3345,141,180,208
3362,138,166,222
3343,140,167,206
3335,143,163,206
3343,240,162,209
3332,146,168,203
3344,134,164,204
3327,135,168,204
3326,141,170,195
3356,138,163,200
3343,138,183,187
3343,138,138,200
3328,144,179,191
3328,157,164,175
3320,136,180,196
3339,139,157,178
3345,142,163,185
3339,137,162,182
3338,134,145,193
3344,138,152,186
3342,121,187,191
3342,142,157,194
3340,144,184,184
3319,141,224,194
3334,170,162,196
3318,185,143,198
3328,152,159,194
3330,244,158,184
3332,135,186,197
3330,162,166,192
3333,131,195,205
3333,149,177,226
3331,148,166,201
3341,164,156,171
3324,146,152,183
3338,133,153,210
3321,145,157,175
3325,142,203,188
3344,140,153,190
3336,56,139,170
3338,136,154,228
3319,145,151,166
3334,148,160,184
3330,143,142,184
3313,149,160,182
3323,144,145,180
3333,150,148,181
3283,142,150,197
3339,149,150,181
3337,141,151,188
3331,141,157,190
3401,157,154,253
3338,139,163,188
3337,138,155,213
3317,139,164,184
3345,139,138,195
3323,138,123,192
3337,138,156,190
3342,145,158,198
3340,141,173,178
3344,156,155,183
3319,152,151,181
3344,148,160,182
3328,163,151,193
3327,172,162,183
3330,155,161,240
3330,150,160,173
3373,155,167,205
3348,163,154,184
3337,144,172,186
3332,152,146,178
3357,152,163,179
3343,148,159,176
3335,147,158,172
3334,144,156,173
3318,149,174,161
3329,152,154,186
3324,149,153,172
3335,148,156,181
3331,151,155,180
3337,212,158,185
3324,155,153,109
3346,129,152,180
3330,132,157,184
3310,146,152,148
3340,159,152,189
3351,147,157,194
3308,153,164,188
3343,146,155,188
3340,136,179,157
3345,147,162,182
3344,150,150,205
3351,160,128,187
3337,136,160,184
3344,164,160,187
3335,145,177,185
3345,145,143,208
3357,157,151,181
3355,140,161,176
3336,153,149,173
3328,147,151,183
3324,151,156,199
3310,147,158,179
3323,150,169,189
3314,147,168,194
3329,137,188,186
3324,146,150,191
3339,154,170,178
3343,155,169,188
3344,152,172,186
3336,153,200,186
3339,158,160,196
3311,162,173,176
3351,149,185,194
3331,149,175,196
3344,140,189,184
3328,163,162,187
3301,165,172,178
3209,160,172,168
3326,162,170,170
3334,148,181,192
3332,154,172,192
3328,155,174,193
3333,272,166,195
3330,160,171,194
3325,154,174,206
3341,157,180,215
3340,153,162,157
3348,168,234,220
3339,170,185,207
3333,163,168,216
3343,164,165,212
3341,145,167,210
3290,168,164,215
3326,175,157,194
3301,180,168,213
3329,171,165,205
3332,162,171,207
3330,160,172,203
3344,151,172,200
3342,158,149,215
3344,161,181,202
3331,153,170,201
3329,164,182,201
3338,139,185,210
3349,160,183,202
3350,197,178,179
3344,168,189,190
3324,169,183,188
3348,165,173,190
3349,179,180,190
3351,163,181,196
3325,164,179,196
3322,173,197,174
3331,165,184,187
3334,163,193,178
3348,53,176,192
3346,158,164,184
3323,162,172,183
3340,165,173,184
3344,162,160,174
3338,161,178,189
3350,160,172,205
3329,176,150,189
3336,152,170,184
3341,158,158,182
3338,154,171,181
3334,63,184,179
3337,156,167,160
3333,142,162,164
3315,164,196,178
3335,146,182,181
3328,154,150,177
3318,156,177,178
3336,151,157,192
3319,157,178,185
3340,144,201,182
3325,151,186,167
3341,149,172,185
3313,142,186,164
3327,176,179,198
3344,145,201,192
3344,151,191,196
3336,129,198,181
3342,103,179,209
3308,153,195,190
3335,213,202,201
3326,155,188,104
3327,153,190,193
3335,147,142,191
3318,151,187,175
3335,149,187,176
3370,93,185,188
3337,139,187,182
3355,119,194,176
3345,128,183,190
3360,146,34,185
3346,146,175,184
3348,143,180,211
3348,138,177,186
3341,143,177,168
3358,141,177,183
3335,145,174,183
3356,140,172,182
3328,121,182,184
3307,136,167,196
3333,156,158,208
3326,128,172,206
3184,138,168,226
3345,197,171,213
3345,135,160,210
3344,167,172,211
3332,225,169,190
3350,140,167,211
3322,137,165,212
3333,140,167,214
3341,129,168,212
3342,160,167,209
3336,176,168,210
3324,174,164,210
3338,158,167,205
3336,169,168,195
3310,168,115,208
3363,170,168,198
3310,166,168,200
3326,166,177,200
3342,155,156,212
3346,157,166,216
3345,161,147,214
3349,156,166,228
3366,158,157,219
3339,170,166,210
3335,160,158,212
3332,162,162,234
3333,162,162,234
3353,154,139,230
3324,157,162,231
3346,146,169,224
3342,152,167,211
3336,155,162,258
3331,156,168,275
3329,144,171,283
3337,141,153,283
3340,150,161,267
3337,124,166,283
3331,150,160,278
3344,150,157,278
3343,152,163,278
3300,147,137,260
3341,145,163,282
3343,147,165,271
3315,144,158,267
3338,152,166,261
3337,145,163,265
3334,141,159,263
3333,136,163,248
3332,133,181,250
3310,135,159,290
3327,143,175,265
3325,132,160,261
3329,144,151,254
3347,141,148,263
3336,141,177,257
3331,132,160,256
3348,134,91,267
3329,110,173,237
3334,128,119,236
3428,157,167,335
3344,139,167,235
3344,130,152,235
3320,140,165,256
3324,120,166,227
3334,140,154,225
3323,136,160,218
3334,139,132,240
3334,136,162,232
3349,131,179,235
3329,128,163,227
3345,129,161,180
3339,148,162,253
3346,130,160,226
3340,113,156,290
3297,124,142,205
3351,133,160,224
3348,135,158,244
3331,128,164,253
3335,123,152,288
3320,144,158,260
3340,125,169,253
3339,130,141,254
3331,128,162,248
3321,129,151,253
3319,132,159,243
3323,105,155,252
3332,110,158,248
3327,129,156,227
3347,5,156,240
3313,140,155,238
3352,142,137,236
3333,153,147,240
3328,183,166,230
3337,175,152,241
3336,144,168,234
3337,149,136,262
3335,146,152,238
3333,137,162,231
3333,152,149,231
3320,145,205,234
3377,147,153,236
3324,140,145,216
3324,144,152,227
3439,146,151,224
3344,151,161,209
3333,140,156,223
3345,148,150,226
3330,150,151,220
3339,153,158,232
3317,158,158,216
3342,158,147,218
3348,169,146,217
3344,149,136,204
3335,154,158,218
3336,24,160,199
3338,153,159,194
3307,164,159,307
3344,156,158,210
3340,152,155,189
3337,150,159,188
3332,144,160,180
3335,161,157,199
3345,152,159,193
3323,122,158,183
3334,155,158,196
3340,146,158,184
3337,147,157,185
3340,146,158,191
3346,120,152,266
3344,145,153,186
3326,144,153,178
3340,138,173,172
3343,141,153,185
3354,144,154,183
3342,147,170,183
3307,140,152,183
3321,141,154,184
3326,140,141,176
3316,152,163,190
3342,139,133,200
3323,140,152,186
3356,138,156,188
3323,132,60,185
3337,141,177,188
3400,128,156,188
3345,114,155,230
3344,129,257,198
3339,137,171,186
3348,110,181,187
3338,158,168,193
3337,128,168,194
3327,138,162,210
3346,128,147,203
3338,141,174,196
3325,152,157,201
3329,131,184,185
3333,136,177,315
3332,132,169,208
3320,119,167,194
3250,150,174,187
3336,126,171,183
3350,142,164,189
3337,128,157,190
3340,116,181,190
3340,139,172,182
3337,137,176,192
3339,296,169,176
3233,140,172,172
3311,120,170,128
3315,141,179,154
3327,140,185,170
3341,13,166,170
3339,138,153,184
3352,133,167,179
3359,136,168,177
3335,128,172,171
3343,136,168,178
3337,128,162,192
3372,133,167,184
3344,126,164,176
3351,133,164,180
3325,139,166,178
3354,131,165,174
3345,129,167,174
3335,130,137,158
3348,133,162,182
3337,128,274,154
3344,132,174,150
3337,133,175,165
3329,112,166,166
3328,117,166,174
3330,140,161,211
3338,124,161,196
3325,131,156,200
3334,134,178,195
3334,130,153,194
3349,122,156,193
3330,133,156,194
3346,113,158,197
3329,134,222,205
3348,160,144,201
3340,137,161,198
3333,140,163,204
3339,140,156,201
3337,124,160,179
3346,134,153,222
3320,116,171,178
3352,135,147,243
3325,137,160,245
3328,103,149,243
3329,134,141,243
3335,107,139,253
3351,126,149,244
3338,111,161,218
3348,132,170,232
3337,129,144,222
3329,134,151,320
3351,132,149,235
3342,130,180,230
3344,130,154,236
3326,122,142,217
3331,129,163,219
3327,151,143,219
3356,106,149,208
3332,137,134,248
3364,142,141,240
3332,123,148,267
3338,162,129,267
3498,137,148,279
3351,136,65,295
3338,136,131,286
3332,115,150,288
3333,134,141,283
3336,151,149,292
3340,140,146,293
3313,148,147,288
3342,138,146,298
3316,148,150,300
3340,137,147,345
3337,167,140,306
3331,131,147,342
3342,146,144,298
3335,131,148,301
3338,146,152,295
3326,144,145,310
3329,78,133,298
3334,150,142,299
3328,138,215,296
3344,135,146,292
3350,154,146,284
3342,141,146,271
3343,203,142,282
3362,146,144,278
3357,133,224,282
3332,75,142,280
3328,134,149,282
3328,145,138,290
3335,160,132,301
3345,140,153,286
3317,145,206,290
3324,117,150,296
3344,145,136,289
3290,145,148,300
3335,144,143,286
3340,137,142,283
3337,125,156,268
3343,144,144,281
3347,168,136,268
3359,134,143,265
3334,145,145,256
3354,147,64,248
3329,144,147,248
3345,146,141,264
3345,146,138,253
3344,152,176,239
3341,117,142,305
3336,152,150,240
3338,135,144,232
3325,139,144,228
3332,147,144,241
3334,142,138,242
3345,130,142,226
3333,137,160,202
3346,163,138,212
3329,116,148,225
3329,149,119,225
3335,142,142,210
3343,2,143,205
3333,146,144,208
3453,122,143,212
3405,139,144,213
3328,156,165,194
3341,138,141,202
3341,138,144,212
3361,128,128,196
3358,137,122,198
3325,139,161,185
3317,115,141,83
3504,140,147,178
3339,142,150,195
3322,158,155,122
3337,92,139,194
3325,136,153,198
3338,143,165,200
3317,148,170,114
3341,117,171,194
3351,142,169,188
3346,156,167,190
3364,187,154,197
3338,144,176,189
3319,148,148,181
3319,138,169,191
3338,140,138,205
3330,143,168,198
3324,140,164,193
3328,138,164,200
3334,140,152,182
3337,136,175,206
3321,169,160,178
3341,148,164,202
3355,140,41,181
3336,140,161,185
3331,158,139,188
3343,144,155,178
3363,138,159,177
3335,159,155,185
3338,148,168,194
3328,146,184,174
3354,137,159,172
3345,56,152,180
3337,143,156,172
3339,46,176,176
3338,142,160,173
3346,141,163,171
3326,134,171,171
3346,138,83,169
3328,142,158,152
3318,147,160,162
3342,122,159,181
3350,163,150,206
3345,146,161,224
3359,146,164,224
3348,51,160,219
3345,144,161,222
3440,145,160,210
3328,137,176,225
3341,139,156,220
3336,132,160,221
3349,136,147,256
3333,150,164,225
3330,156,158,221
3341,153,147,217
3337,156,157,218
3466,152,157,231
3335,158,151,204
3333,135,155,215
3372,152,155,211
3339,169,150,215
3354,148,153,211
3336,150,154,211
3349,163,155,215
3342,164,146,204
3338,157,152,209
3347,104,156,202
3365,162,154,200
3276,160,165,201
3319,153,154,191
3420,161,155,288
3337,150,147,197
3337,138,181,194
3361,135,166,205
3362,146,145,198
3337,151,156,198
3340,125,160,193
3344,149,152,200
3342,144,152,204
3322,172,151,193
3329,181,138,224
3327,182,162,216
3332,184,162,210
3336,192,141,219
3338,188,154,206
3361,191,250,218
3328,179,158,211
3439,185,153,220
3355,136,153,216
3324,199,125,224
3343,181,174,207
3340,178,146,208
3279,175,149,200
3339,180,150,218
3344,176,175,219
3340,181,169,206
3344,179,151,214
3313,171,161,192
3329,180,152,222
3338,197,152,206
3336,159,150,206
3328,172,150,196
3325,173,146,191
3333,177,161,206
3336,172,158,202
3343,193,161,189
3335,169,157,219
3327,167,175,197
3346,202,144,182
3329,175,101,197
3338,163,148,188
3324,155,157,185
3330,165,150,192
3328,164,216,192
3326,173,148,189
3339,157,166,174
3347,185,132,185
3363,161,152,190
3329,160,152,171
3347,157,161,200
3332,178,150,162
3334,173,140,173
3341,160,110,190
3317,151,149,171
3337,154,169,160
3331,119,149,169
3352,143,148,187
3323,156,142,176
3331,153,152,157
3328,153,148,141
3343,156,154,161
3347,160,148,151
3357,156,122,166
3348,152,147,162
3337,157,149,164
3348,155,140,162
3337,164,150,163
3335,135,145,155
3395,156,150,160
3331,166,134,181
3320,155,172,152
3328,257,120,160
3333,165,149,157
3323,155,150,164
3345,165,256,154
3332,166,148,146
3333,178,151,151
3336,187,146,135
3355,167,152,182
3348,182,142,156
3324,186,149,154
3340,191,154,163
3340,192,135,160
3332,175,141,155
3343,189,142,154
3303,169,153,158
3346,172,141,168
3343,174,129,159
3344,176,134,177
3309,183,144,176
3327,187,141,170
3348,171,128,166
3335,184,140,157
3324,176,151,165
3317,193,146,165
3334,200,132,134
3345,184,131,148
3347,162,138,171
3342,186,119,162
3340,177,134,154
3368,180,124,157
3347,174,151,151
3356,179,140,160
3335,178,134,135
3329,175,136,162
3322,175,136,194
3332,167,139,188
3318,165,140,192
3337,171,144,192
3327,175,162,191
3335,163,118,197
3341,154,139,193
3335,174,137,206
3331,184,138,196
3341,188,136,183
3344,193,113,202
3337,178,123,190
3328,184,136,323
3342,196,132,194
3340,178,147,192
3341,184,136,193
3333,182,138,196
3376,182,143,199
3334,179,118,210
3333,182,150,213
3341,202,147,220
3325,179,149,201
3345,173,132,212
3340,142,137,226
3334,183,160,241
3343,184,166,258
3344,183,165,241
3336,181,152,248
3349,198,166,340
3355,174,164,232
3344,178,142,233
3324,174,180,226
3357,172,138,228
3446,178,161,221
3241,175,161,251
3345,177,144,225
3332,176,161,219
3332,152,167,226
3331,175,175,215
3327,163,151,217
3334,187,143,216
3352,171,160,208
3338,187,156,266
3340,188,158,210
3342,196,181,205
3330,201,157,210
3314,219,164,216
3362,200,152,217
3344,176,169,194
3334,187,161,221
3211,194,158,206
3315,173,165,203
3343,200,136,224
3338,197,161,212
3328,281,170,218
3336,188,156,203
3339,181,152,202
3336,194,158,186
3343,204,152,200
3348,205,153,218
3344,194,158,197
3372,227,138,208
3334,197,144,186
3342,222,153,181
3360,199,153,196
3342,202,154,188
3337,212,163,180
3333,205,152,197
3325,200,160,202
3334,201,144,189
3334,200,150,194
3343,195,135,190
3335,192,149,185
3358,194,72,219
3342,192,149,202
3344,191,107,207
3337,147,151,200
3364,188,150,193
3357,182,215,216
3336,190,140,200
3341,193,102,210
3336,185,143,208
3318,192,149,182
3342,199,144,198
3316,194,141,188
3341,191,141,199
3352,189,148,186
3324,221,171,196
3338,185,133,192
3341,186,153,211
3313,187,135,187
3336,184,147,187
3337,158,158,188
3326,183,137,177
3322,165,152,165
3344,244,154,166
3342,182,145,174
3360,154,161,173
3345,204,135,172
3343,180,157,174
3323,171,147,172
3332,180,98,176
3345,187,136,173
3333,177,142,172
3325,160,99,168
3361,174,144,174
3345,168,142,162
3337,172,141,163
3243,174,125,160
3346,172,141,154
3336,189,140,158
3324,187,137,165
3338,173,133,139
3360,170,136,148
3343,176,128,148
3346,203,136,148
3325,183,210,152
3345,177,137,150
3346,195,143,157
3325,179,128,142
3342,174,138,163
3340,176,139,135
3338,175,133,151
3321,185,128,156
3209,172,138,160
3336,172,141,148
3335,171,155,147
3345,170,136,151
3327,164,186,153
3343,169,133,150
3339,170,141,160
3344,166,141,144
3338,176,137,148
3336,176,137,136
3344,175,134,144
3337,180,140,142
3336,172,151,144
3333,172,132,145
3319,166,140,143
3332,171,139,139
3341,173,139,175
3333,168,145,189
3315,162,207,182
3347,152,138,169
3333,156,137,182
3347,165,150,170
3345,148,138,169
3364,168,124,186
3341,157,154,174
3360,153,153,181
3334,161,144,154
3348,168,131,170
3358,168,139,167
3340,164,141,155
3346,169,145,167
3338,166,173,165
3331,77,162,161
3333,166,152,169
3323,158,149,170
3365,154,150,176
3325,165,175,198
3329,187,154,176
3315,163,152,183
3330,160,153,212
3317,185,153,189
3344,180,159,192
3337,196,167,189
3341,203,178,182
3415,198,155,191
3336,191,156,186
3329,206,138,181
3335,196,147,185
3328,196,162,176
3355,190,121,200
3338,203,154,169
3320,208,143,171
3336,187,163,162
3332,192,175,174
3334,136,156,175
3330,189,153,156
3320,182,60,173
3342,102,157,176
3328,182,213,177
3343,185,160,171
3330,177,214,171
3327,182,172,174
3342,181,186,155
3344,180,181,170
3339,187,184,167
3314,172,190,166
3334,163,180,179
3333,185,221,173
3344,164,177,171
3335,169,193,203
3260,172,187,246
3352,181,180,181
3340,183,176,196
3313,171,178,182
3334,190,170,179
3339,155,176,181
3336,166,199,181
3347,169,166,187
3356,157,174,188
3323,182,172,181
3330,173,172,182
3339,211,158,182
3316,171,235,194
3336,176,160,189
3326,178,177,190
3342,172,174,206
3345,185,150,195
3324,165,166,194
3341,169,165,189
3344,173,166,189
3346,161,163,185
3355,163,173,183
3329,169,162,211
3344,166,157,209
3334,179,170,206
3341,176,179,210
3330,173,168,220
3335,168,171,204
3334,167,168,214
3314,175,172,219
3360,167,174,234
3323,160,103,225
3326,166,195,260
3334,161,206,267
3329,164,241,278
3334,156,273,288
3375,186,217,307
3346,168,239,269
3338,170,233,254
3336,185,238,272
3341,194,237,266
3314,202,229,267
3334,192,240,271
3324,205,257,291
3339,204,249,302
3332,192,266,293
3339,204,248,293
3346,202,249,292
3346,73,243,290
3340,189,247,290
3334,304,245,296
3336,196,258,278
3344,192,218,296
3346,209,213,297
3330,192,238,284
3343,184,233,273
3328,179,230,320
3340,178,232,269
3321,184,229,262
3343,203,234,258
3335,189,235,160
3340,187,259,274
3335,199,216,256
3339,185,265,239
3370,179,222,243
3328,172,233,244
3326,179,265,231
3337,223,218,240
3322,167,232,234
3336,178,231,264
3329,186,235,239
3325,143,248,252
3339,174,234,247
3334,172,261,236
3337,186,215,243
3335,170,239,262
3342,170,226,232
3343,177,221,219
3342,172,241,234
3344,183,192,233
3335,181,219,225
3298,168,218,213
3343,168,218,204
3334,148,219,216
3310,138,214,162
3331,163,212,204
3330,168,211,190
3334,180,209,210
3334,149,215,208
3340,177,208,211
3348,144,224,187
3340,157,206,209
3332,159,186,198
3341,150,205,201
3344,157,206,200
3318,157,203,200
3340,165,176,201
3317,164,222,196
3368,157,200,215
3339,184,200,194
3338,163,203,196
3333,163,188,188
3317,160,203,178
3328,156,195,211
3320,162,194,215
3334,158,195,214
3332,184,192,214
3307,176,200,220
3344,149,197,216
3346,150,195,215
3354,156,193,211
3339,154,183,206
3326,144,208,211
3345,149,184,204
3329,174,183,217
3344,139,197,210
3344,147,206,232
3253,151,194,223
3330,152,222,207
3346,138,197,204
3334,158,194,203
3325,148,187,227
3332,151,208,215
3320,146,198,213
3325,143,236,220
3331,136,199,200
3329,154,248,203
3344,146,194,209
3348,123,190,210
3335,142,193,196
3344,134,207,197
3342,129,204,192
3333,144,184,197
3339,174,191,204
3344,154,186,199
3345,159,163,193
3293,154,186,202
3354,131,200,190
3340,158,190,169
3334,144,193,186
3322,138,197,193
3319,149,175,194
3334,150,179,185
3335,146,178,210
3365,134,190,185
3341,214,166,183
3331,152,174,173
3330,152,177,178
3330,144,204,179
3350,153,154,153
3338,220,172,174
3341,147,174,154
3346,166,164,167
3296,147,171,187
3362,144,178,165
3355,131,163,172
3336,147,172,197
3322,124,168,197
3317,148,197,198
3326,133,168,218
3339,225,167,202
3335,135,188,199
3345,142,168,198
3342,143,173,199
3363,140,168,194
3330,139,169,188
3344,141,160,188
3348,252,167,190
3344,127,173,185
3332,143,195,184
3332,140,168,177
3345,116,184,177
3337,147,167,164
3302,144,167,205
3336,146,168,213
3310,135,180,210
3314,144,166,228
3320,153,166,208
3321,136,183,189
3329,142,166,208
3348,192,168,212
3335,135,168,209
3341,146,171,215
3340,14,164,218
3339,137,146,218
3343,138,164,220
3343,126,167,223
3329,144,168,222
3332,133,164,221
3346,134,164,206
3433,143,161,218
3351,135,158,254
3327,129,162,250
3339,130,161,264
3333,133,83,279
3316,123,170,272
3342,134,154,268
3350,133,164,252
3347,126,160,280
3333,122,158,258
3342,136,150,253
3343,154,144,334
3347,139,159,258
3357,150,162,250
3339,141,60,258
3350,137,157,242
3336,139,149,238
3345,129,154,248
3344,135,150,237
3337,123,181,234
3323,139,146,233
3333,153,187,218
3319,150,157,223
3336,137,164,234
3334,138,156,226
3341,138,156,218
3318,132,162,214
3347,127,152,212
3340,136,164,216
3333,117,158,227
3349,135,153,225
3330,148,172,190
3333,140,155,227
3292,122,162,164
3321,128,169,208
3336,254,136,201
3344,130,148,208
3334,142,141,210
3342,134,149,203
3332,145,149,208
3337,156,149,200
3333,158,175,204
3362,144,146,220
3344,132,158,184
3344,118,151,194
3335,129,161,193
3342,142,170,205
3355,142,150,69
3327,146,160,210
3354,142,155,181
3324,158,145,190
3338,145,166,197
3348,138,132,194
3328,144,154,192
3322,144,171,194
3325,136,158,191
3318,144,173,196
3344,138,23,184
3340,142,161,185
3348,112,180,198
3345,145,163,196
3358,133,182,185
3348,138,160,193
3341,253,149,197
3361,133,155,199
3342,151,169,203
3299,125,185,173
3345,142,167,200
3362,165,158,207
3346,189,157,200
3338,141,152,197
3426,118,156,199
3336,139,148,196
3330,142,158,204
3328,137,153,210
3337,137,155,198
3355,212,157,196
3346,144,154,197
3354,129,219,176
3343,137,148,197
3344,145,154,212
3407,139,156,232
3347,135,160,222
3329,136,229,226
3342,135,140,222
3359,116,172,221
3340,145,135,228
3356,139,169,219
3333,116,130,213
3353,135,162,217
3355,131,160,214
3336,156,157,220
3333,115,176,203
3316,133,162,212
3335,153,156,197
3327,123,178,194
3335,150,153,214
3321,133,159,218
3332,124,155,229
3357,151,162,245
3315,129,160,232
3339,150,164,158
3350,181,148,239
3349,139,167,259
3336,132,162,233
3345,124,161,231
3332,131,221,236
3341,112,164,240
3343,129,148,225
3311,123,161,204
3329,130,161,224
3336,130,157,214
3338,126,150,210
3340,131,144,222
3346,128,184,210
3345,123,162,213
3321,125,165,210
3337,125,163,212
3254,141,161,208
3442,133,160,214
3334,128,136,229
3338,54,162,217
3300,130,162,218
3317,122,122,217
3386,148,168,311
3355,134,140,239
3349,155,161,244
3364,143,156,305
3325,164,164,239
3333,157,174,241
3332,172,144,243
3324,158,30,227
3349,161,165,249
3343,174,164,205
3333,179,152,220
3354,152,143,219
3333,148,160,216
3332,41,170,227
3314,149,100,214
3334,135,161,210
3326,153,160,207
3336,153,158,211
3347,137,154,206
3341,142,164,225
3325,137,164,207
3346,148,166,211
3337,153,170,195
3352,146,293,204
3333,158,162,198
3333,123,162,297
3345,142,167,209
3340,133,176,207
3359,152,166,206
3323,145,166,200
3307,143,167,192
3335,142,166,199
3332,147,183,190
3345,159,146,192
3330,119,164,192
3336,125,161,195
3327,139,171,179
3323,129,159,197
3324,142,162,196
3330,112,148,208
3331,142,158,201
3335,128,160,187
3360,121,183,192
3346,134,147,184
3341,136,175,192
3346,135,160,190
3328,129,162,180
3346,136,157,193
3327,136,155,176
3347,134,152,195
3340,131,155,177
3327,136,152,177
3333,135,156,192
3355,131,156,199
3314,126,188,178
3331,153,143,174
3345,135,139,169
3343,133,142,180
3309,132,159,147
3334,108,170,160
3328,148,156,166
3324,131,102,169
3348,135,145,162
3338,135,182,166
3244,130,155,179
3353,139,157,162
3354,125,134,166
3337,131,156,159
3326,157,141,171
3357,136,134,161
3322,132,162,161
3337,138,165,160
3318,134,165,171
3324,133,176,164
3348,129,164,169
3324,125,140,137
3346,118,162,155
3330,142,162,156
3310,138,166,165
3340,150,162,165
3317,116,172,161
3327,0,172,171
3342,119,171,176
3328,131,159,182
3404,128,145,161
3344,109,186,174
3336,131,170,197
3320,146,165,216
3314,121,211,207
3336,154,134,203
3333,130,181,205
3337,139,157,219
3324,124,166,201
3325,129,162,199
3337,128,181,201
3321,125,116,201
3346,128,161,202
3286,128,159,200
3346,120,148,204
3333,124,194,207
3371,125,160,195
3339,124,160,243
3323,132,160,196
3347,128,162,216
3446,124,157,186
3327,118,160,224
3324,140,159,220
3327,122,167,216
3325,136,158,230
3308,124,164,215
3349,113,166,209
3335,124,161,192
3343,123,179,205
3385,110,150,158
3484,124,162,180
3318,125,172,206
3347,129,165,209
3335,147,164,210
3338,122,152,213
3330,130,159,218
3337,96,158,156
3334,123,170,210
3322,129,165,200
3274,124,171,208
3323,136,174,216
3328,123,174,210
3334,122,174,226
3345,121,157,211
3309,121,171,217
3345,145,162,214
3378,113,172,214
3341,119,181,204
3340,122,170,206
3321,120,176,209
3347,124,164,196
3341,122,165,199
3335,103,170,188
3338,123,171,188
3317,125,173,188
3328,146,169,187
3336,132,168,185
3336,112,168,176
3337,121,158,183
3340,125,176,176
3344,122,162,195
3324,144,166,178
3337,122,162,179
3335,123,190,178
3330,123,164,155
3337,113,163,170
3330,128,159,171
3334,98,167,183
3346,137,164,170
3335,110,179,151
3345,124,167,169
3348,128,128,162
3322,135,227,169
3320,139,150,171
3329,149,158,213
3326,209,179,206
3331,203,178,211
3335,132,165,221
3338,136,184,210
3341,163,171,220
3342,136,109,217
3307,129,191,211
3364,138,166,209
3333,132,180,215
3349,132,184,206
3332,135,177,214
3308,145,178,190
3369,143,178,213
3336,116,161,204
3352,128,178,203
3328,145,165,200
3347,145,177,198
3325,142,173,201
3327,138,177,200
3333,147,171,198
3323,139,182,209
3337,138,170,194
3334,145,173,185
3338,130,173,187
3341,137,171,186
3348,154,152,202
3342,132,163,185
3342,126,176,195
3343,140,200,178
3343,141,192,172
3333,147,174,178
3337,138,174,176
3335,144,164,190
3337,139,187,161
3330,217,189,207
3336,273,170,205
3332,141,177,202
3333,145,152,216
3341,138,173,199
3341,144,171,221
3344,135,160,194
3310,136,172,177
3333,137,164,190
3337,135,174,196
3341,132,183,208
3343,144,165,178
3339,135,165,184
3348,135,160,192
3331,135,178,194
3340,132,166,213
3348,129,183,187
3337,136,160,189
3336,140,174,200
3332,132,168,199
3339,132,170,204
3328,134,195,200
3336,87,168,202
3334,142,183,208
3332,141,167,210
3333,203,177,214
3336,146,178,159
3336,44,180,247
3335,134,200,241
3359,132,156,244
3331,141,174,235
3336,138,172,313
3335,134,167,239
3331,123,216,237
3329,150,155,262
3328,142,172,245
3337,116,175,307
3360,118,173,251
3320,136,147,224
3325,94,155,243
3333,144,173,234
3337,134,170,229
3345,148,157,221
3335,118,183,210
3337,116,182,223
3315,145,171,211
3345,145,186,215
3344,142,175,221
3338,142,172,214
3336,140,171,215
3325,128,189,208
3335,131,177,220
3330,148,169,290
3327,128,152,227
3349,128,183,237
3330,128,186,213
3334,140,163,257
3318,89,163,249
3314,144,175,264
3329,146,174,262
3315,140,184,238
3344,162,172,237
3342,157,167,221
3354,151,183,231
3340,151,169,233
3340,151,168,217
3335,151,166,220
3318,140,171,215
3333,150,168,213
3332,157,165,226
3335,149,167,222
3334,125,170,222
3318,227,167,246
3333,145,157,246
3337,172,160,243
3339,142,163,230
3332,149,164,235
3332,135,179,235
3341,159,158,230
3333,165,148,232
3337,164,160,216
3345,181,183,243
3339,157,150,226
3336,137,184,226
3315,155,157,216
3308,157,166,223
3344,163,238,229
3329,152,139,224
3316,153,178,228
3330,158,195,224
3336,147,151,225
3336,150,168,224
3338,144,165,238
3341,150,157,231
3327,149,163,207
3343,142,180,212
3356,150,161,211
3344,140,161,232
3342,151,146,210
3341,155,162,211
3337,150,181,215
3324,153,178,215
3352,152,155,213
3360,153,147,220
3329,139,175,233
3342,157,142,209
3335,138,173,225
3345,146,139,229
3335,151,169,203
3240,165,160,212
3336,145,167,209
3332,137,197,208
3351,157,150,211
3349,147,163,202
3341,130,151,217
3341,155,164,202
3328,138,178,189
3317,243,178,206
3322,162,182,203
3307,161,154,181
3346,149,158,202
3343,123,189,201
3344,150,160,209
3342,147,158,203
3337,140,158,199
3314,151,158,196
3326,149,149,200
3397,161,156,279
3343,149,156,195
3324,136,153,189
3316,148,161,188
3336,151,161,196
3338,168,151,183
3326,201,170,186
3334,182,125,192
3330,171,172,172
3341,161,162,179
3320,173,168,180
3325,174,156,182
3337,157,167,178
3323,161,166,154
3307,169,166,173
3317,179,156,161
3326,167,79,170
3323,178,161,173
3312,180,150,173
3344,181,136,176
3343,33,159,177
3335,154,160,172
3335,180,160,170
3341,174,177,176
3341,192,168,173
3345,205,169,169
3363,181,150,169
3331,180,160,159
3338,178,173,168
3331,185,171,172
3335,183,170,163
3334,180,181,168
3316,178,180,149
3323,176,174,173
3334,177,162,170
3316,173,116,172
3344,173,170,188
3312,184,174,172
3344,172,170,188
3342,174,165,167
3341,166,189,169
3343,176,177,198
3333,175,150,185
3336,187,173,194
3335,176,157,197
3339,171,171,192
3345,165,150,185
3340,167,187,198
3345,161,155,206
3340,154,172,211
3341,158,173,240
3330,141,166,237
3340,154,164,251
3315,163,164,189
3354,161,155,231
3331,162,163,242
3332,166,138,219
3338,170,161,232
3340,164,136,238
3342,168,158,229
3355,162,159,320
3316,151,154,215
3326,167,153,211
3312,163,156,253
3322,302,163,245
3330,155,163,239
3336,181,152,311
3329,165,172,240
3332,167,182,239
3334,165,184,232
3343,158,151,240
3339,150,166,238
3335,157,164,203
3334,168,160,223
3295,168,163,233
3344,264,148,228
3339,173,154,227
3341,160,100,226
3340,171,162,222
3334,167,177,217
3340,187,160,223
3334,170,161,211
3340,176,166,220
3367,164,158,216
3332,140,167,202
3330,167,143,217
3310,161,169,214
3333,156,154,239
3336,165,157,215
3334,159,175,204
3332,162,156,213
3348,174,156,86
3358,167,10,198
3357,168,155,189
3345,146,161,208
3328,180,156,78
3328,159,169,193
3333,230,157,202
3323,166,160,203
3345,160,170,204
3355,157,166,215
3333,157,173,190
3333,165,163,208
3349,172,168,219
3354,163,162,220
3353,163,161,198
3346,151,157,177
3345,234,161,192
3335,151,158,199
3331,161,160,195
3342,165,157,184
3348,266,157,184
3343,166,158,179
3393,175,150,181
3339,164,157,192
3328,162,150,168
3334,165,156,179
3334,161,154,178
3333,157,154,176
3334,154,128,176
3333,164,157,181
3325,156,168,181
3336,156,148,179
3328,157,160,171
3328,153,157,177
3325,150,124,177
3341,155,153,172
3257,156,159,179
3342,162,161,181
3343,186,152,184
3338,151,154,200
3345,159,163,203
3342,169,148,197
3343,158,158,180
3334,189,158,100
3344,146,149,180
3345,168,157,177
3319,175,154,178
3331,168,155,191
3331,169,156,180
3332,169,162,176
3343,164,157,173
3334,161,148,170
3342,166,152,170
3332,173,141,208
3344,156,161,164
3341,171,152,168
3214,174,154,164
3338,180,136,178
3337,189,152,165
3330,186,161,184
3314,220,144,161
3320,195,170,170
3330,186,160,180
3334,196,162,163
3354,187,163,180
3346,192,160,165
3337,188,175,166
3336,190,160,167
3348,170,188,167
3344,183,147,206
3338,199,159,140
3337,184,168,99
3342,199,229,205
3342,190,175,224
3365,202,152,222
3324,193,156,238
3323,176,156,232
3333,195,155,230
3330,194,154,221
3334,190,137,200
3334,269,153,234
3359,194,145,241
3396,202,159,347
3322,191,182,238
3339,184,167,242
3323,174,171,236
3330,161,180,247
3314,190,174,238
3353,183,161,216
3346,184,212,232
3346,177,196,227
3337,162,178,232
3321,180,177,227
3347,165,194,240
3335,178,168,238
3321,181,177,231
3473,176,174,248
3309,180,176,233
3321,152,175,241
3336,188,172,242
3312,240,176,224
3336,174,152,242
3301,176,184,243
3339,177,169,239
3326,181,169,254
3338,177,190,231
3343,180,170,241
3335,180,260,246
3328,186,174,244
3338,190,167,237
3335,172,187,238
3344,196,177,241
3346,175,169,254
3352,196,157,253
3342,192,166,237
3263,195,170,247
3339,191,131,245
3325,195,169,240
3319,201,182,220
3326,202,154,237
3330,202,174,233
3336,216,154,290
3311,215,165,223
3334,200,157,224
3340,198,137,209
3341,198,157,215
3319,217,168,215
3350,206,270,215
3341,221,162,216
3318,210,146,206
3341,213,164,206
3339,215,167,208
3338,204,155,201
3328,213,147,203
3337,216,160,200
3329,210,161,201
3322,204,159,204
3360,206,160,198
3340,200,160,183
3320,204,156,196
3344,220,158,184
3335,200,105,182
3342,194,164,188
3344,197,153,108
3345,188,158,213
3341,192,190,225
3344,166,146,295
3336,185,157,235
3320,189,284,232
3340,179,175,254
3324,153,190,256
3338,182,209,256
3322,183,170,265
3335,182,203,266
3333,167,180,264
3413,190,177,374
3334,160,176,268
3333,178,174,275
3340,152,177,263
3331,169,174,272
3337,174,176,279
3328,185,199,294
3246,178,185,276
3332,178,181,287
3334,191,181,286
3321,194,181,273
3343,206,203,289
3369,169,198,285
3415,184,181,277
3339,179,173,273
3311,181,190,270
3333,176,189,268
3333,183,179,266
3338,182,180,274
3331,176,170,281
3362,181,179,290
3329,162,186,280
3313,209,173,274
3339,202,192,267
3338,171,173,264
3333,216,196,261
3338,175,173,261
3314,225,173,266
3341,203,174,351
3352,212,170,256
3331,200,187,245
3361,215,167,248
3312,222,174,240
3329,192,174,243
3443,217,173,247
3339,216,164,245
3338,210,164,244
3319,214,169,223
3334,213,166,226
3338,215,170,233
3344,203,180,203
3359,225,177,160
3319,209,190,214
3341,204,178,212
3333,208,181,191
3343,200,184,242
3334,229,166,208
3320,202,170,210
3335,196,165,216
3326,195,173,252
3309,199,188,256
3313,195,196,260
3311,193,223,250
3326,187,190,248
3326,203,93,231
3334,181,216,249
3332,191,222,258
3336,128,220,251
3344,192,219,252
3355,175,225,238
3342,192,223,237
3344,191,221,223
3347,106,221,229
3365,187,214,240
3348,188,151,232
3361,189,210,225
3332,184,216,243
3331,185,214,226
3341,199,214,222
3345,165,221,224
3350,227,207,234
3333,115,223,221
3309,179,207,227
3330,200,206,219
3334,154,199,220
3333,174,176,215
3344,180,173,226
3358,177,200,228
3316,175,208,213
3352,162,210,222
3338,172,177,222
3353,174,198,228
3328,173,190,220
3308,170,196,217
3330,150,200,218
3324,146,178,223
3298,152,211,171
3336,162,239,231
3330,165,205,256
3343,166,202,210
3346,183,204,154
3343,166,208,200
3349,178,184,228
3345,164,210,220
3333,179,201,211
3318,185,198,199
3334,198,202,197
3327,205,196,205
3320,200,203,192
3336,199,190,190
3303,197,200,191
3322,200,197,196
3332,207,195,188
3326,175,196,183
3337,183,198,185
3310,195,197,171
3333,174,214,184
3341,191,192,177
3317,192,194,168
3367,192,186,176
3342,195,192,166
3339,202,191,173
3328,195,190,173
3351,192,151,186
3351,193,311,174
3316,191,186,162
3341,190,110,169
3333,207,185,156
3331,190,184,164
3349,191,186,176
3316,190,190,170
3337,167,191,228
3327,187,185,168
3325,176,208,187
3335,195,196,170
3334,180,195,174
3337,201,198,178
3316,180,203,181
3326,177,192,192
3334,200,195,203
3341,202,193,190
3330,172,173,202
3342,171,173,213
3342,164,202,207
3349,161,206,213
3334,169,203,247
3342,168,210,229
3349,171,205,229
3342,153,217,224
3333,171,209,221
3363,230,210,235
3352,165,201,220
3327,133,214,214
3344,162,188,224
3343,160,189,214
3383,154,214,215
3347,162,186,210
3334,162,198,217
3341,161,192,224
3339,152,212,199
3329,139,194,210
3340,166,197,292
3333,149,191,234
3346,154,180,214
3365,140,204,206
3339,158,193,198
3310,154,207,186
3321,178,198,198
3332,179,194,198
3349,161,190,194
3342,149,197,204
3335,153,186,185
3344,153,193,170
3341,150,195,194
3192,148,193,190
3343,150,182,203
3342,143,189,154
3336,143,192,194
3337,176,182,188
3342,134,196,206
3340,149,193,204
3322,147,355,192
3335,150,189,199
3323,166,186,182
3344,155,159,192
3334,99,170,185
3326,155,196,189
3341,146,192,194
3323,150,192,196
3314,160,191,196
3354,174,182,219
3364,132,203,230
3345,166,187,277
3315,151,343,229
3370,146,177,218
3344,155,187,217
3349,150,186,216
3331,153,173,219
3311,149,179,219
3331,157,168,226
3302,153,190,211
3314,148,206,238
3342,159,206,224
3335,150,207,226
3333,156,208,216
3315,152,207,214
3324,170,210,211
3346,158,86,210
3344,138,211,214
3359,145,220,203
3341,166,221,209
3341,172,211,209
3333,164,209,208
3333,155,228,208
3272,153,211,204
3340,163,215,204
3338,161,188,200
3345,159,213,185
3326,161,221,205
3354,157,207,196
3334,148,224,198
3340,157,204,190
3309,174,205,194
3340,160,194,213
3335,168,196,189
3334,78,219,187
3349,143,218,141
3311,167,213,128
3333,155,213,189
3340,164,221,202
3329,161,227,202
3381,161,205,206
3352,149,266,214
3333,226,182,204
3337,174,207,187
3322,136,212,216
3342,155,212,211
3336,146,222,192
3330,154,209,204
3337,152,205,196
3340,149,205,200
3335,168,192,190
3351,153,201,202
3349,147,208,193
3344,157,200,191
3317,152,190,190
3339,154,185,188
3333,154,210,194
3348,151,199,197
3330,153,214,204
3323,159,190,195
3315,156,199,186
3344,148,161,179
3339,148,179,185
3328,137,195,186
3343,150,85,189
3337,161,238,194
3333,154,196,72
3334,148,174,192
3327,140,194,202
3339,152,189,204
3321,163,137,197
3326,168,260,199
3341,195,191,194
3304,153,211,161
3342,169,176,192
3339,167,187,192
3345,172,189,194
3344,160,161,197
3320,193,184,217
3338,162,198,214
3332,160,196,225
3319,220,197,216
3322,162,201,225
3330,161,217,237
3340,162,189,258
3332,164,206,252
3332,173,202,246
3333,160,208,246
3310,180,200,246
3345,169,194,249
3341,164,203,251
3348,162,197,247
3332,172,193,220
3336,167,194,239
3347,170,196,231
3336,164,192,233
3340,164,193,234
3324,165,214,228
3331,168,212,233
3331,169,202,229
3333,169,208,224
3338,183,185,245
3344,163,187,215
3344,168,204,216
3341,161,194,212
3335,158,196,219
3358,157,190,216
3337,158,214,220
3333,177,181,221
3336,157,187,211
3334,152,196,214
3343,158,187,212
3336,133,198,229
3321,153,185,219
3303,158,188,209
3325,150,173,222
3292,155,187,211
3338,153,174,225
3346,151,175,234
3354,146,186,234
3370,153,166,228
3344,164,190,228
3349,154,176,208
3364,154,290,225
3339,153,201,237
3345,151,176,220
3343,149,176,220
3336,157,163,217
3344,173,172,212
3336,148,181,217
3353,125,172,226
3325,138,172,229
3332,138,177,221
3325,157,176,219
3334,142,191,223
3367,144,174,228
3346,149,173,212
3326,145,191,208
3333,147,167,213
3336,129,175,212
3341,143,170,237
3328,80,189,242
3333,142,168,243
3343,158,168,158
3324,143,186,213
3349,144,179,226
3336,128,196,232
3357,121,192,224
3338,137,185,214
3357,138,176,225
3328,145,154,224
3327,158,150,236
3330,155,176,222
3333,139,182,226
3336,152,156,225
3334,140,177,226
3333,135,204,220
3344,145,194,238
3360,129,168,208
3345,0,170,215
3341,141,158,205
3388,137,169,196
3333,136,168,205
3345,133,74,198
3342,136,156,217
3326,208,160,195
3326,97,180,220
3321,135,172,227
3331,138,201,228
3319,141,194,228
3316,138,66,233
3330,155,199,242
3339,314,194,247
3334,154,196,252
3342,174,182,251
3340,152,192,231
3361,95,191,245
3344,165,192,242
3344,159,184,239
3347,159,178,247
3334,153,191,231
3333,152,190,221
3345,64,190,225
3361,148,186,243
3347,147,192,226
3324,149,174,223
3313,143,181,230
3310,155,184,209
3342,146,192,215
3338,162,157,218
3334,131,189,212
3334,144,181,210
3334,142,156,225
3347,134,173,242
3339,166,195,222
3334,138,194,219
3343,140,182,205
3331,122,213,216
3333,142,185,221
3338,141,178,210
3329,140,186,232
3345,140,169,230
3330,140,208,236
3334,150,178,294
3322,136,179,228
3323,138,181,259
3311,141,179,232
3323,125,186,238
3336,53,177,233
3335,147,179,228
3357,130,149,237
3345,141,182,231
3334,133,184,190
3353,136,178,236
3338,139,182,225
3332,153,170,216
3341,144,179,216
3333,135,176,215
3339,147,171,226
3320,147,174,212
3326,149,181,229
3325,147,181,218
3326,150,172,220
3336,145,177,216
3331,117,191,228
3347,123,193,237
3336,148,208,218
3342,147,136,208
3320,155,178,218
3343,136,189,220
3324,129,183,216
3345,162,166,220
3343,134,206,210
3346,148,181,208
3354,112,170,204
3338,165,168,208
3355,134,188,210
3324,141,169,216
3324,142,212,210
3328,145,187,217
3327,142,189,216
3300,125,226,188
3344,135,195,214
3331,151,208,211
3335,136,209,231
3335,146,211,229
3333,98,208,220
3336,102,216,221
3311,149,224,214
3335,148,215,216
3333,143,188,210
3352,121,210,209
3344,170,204,206
3320,134,218,199
3329,219,208,209
3315,145,202,209
3303,142,212,202
3307,136,226,229
3321,141,212,208
3333,138,204,205
3332,149,209,323
3360,140,206,234
3328,153,194,195
3344,113,218,215
3337,111,200,216
3322,144,206,204
3325,134,197,201
3321,145,196,230
3322,139,206,224
3324,153,203,241
3324,134,214,261
3325,145,231,237
3335,136,211,247
3334,147,212,247
3337,136,204,248
3337,132,212,253
3328,146,212,247
3333,139,229,238
3344,145,209,240
3346,136,232,222
3323,126,218,239
3325,139,212,224
3315,136,210,226
3358,140,211,240
3326,138,183,233
3336,141,215,240
3286,120,220,186
3325,126,224,219
3294,130,234,228
3324,138,240,231
3323,129,250,235
3324,152,232,206
3338,136,240,229
3329,126,236,230
3339,138,232,230
3334,133,220,235
3346,145,207,225
3334,132,245,215
3342,128,254,232
3344,138,240,213
3360,132,227,217
3342,132,238,209
3329,121,198,201
3261,145,229,208
3317,125,231,206
3362,138,221,204
3344,152,231,203
3329,134,229,203
3168,125,227,198
3322,108,223,213
3349,130,226,200
3328,131,222,201
3325,118,225,209
3276,124,208,166
3317,142,216,196
3339,141,219,196
3333,131,216,214
3320,143,225,191
3318,154,241,212
3323,156,285,221
3389,158,274,277
3333,142,285,217
3331,144,290,201
3328,168,283,212
3330,144,299,250
3338,168,305,258
3328,172,322,258
3353,159,305,254
3340,166,304,250
3336,157,300,248
3333,161,298,235
3317,148,302,241
3348,174,286,235
3337,172,314,230
3319,158,392,238
3344,163,304,221
3332,168,280,230
3324,171,280,226
3312,184,277,308
3361,174,277,220
3327,173,264,202
3339,273,272,213
3305,168,270,208
3327,106,268,219
3325,180,266,217
3330,168,287,213
3366,159,260,209
3327,168,256,202
3308,163,417,215
3327,164,252,214
3336,165,263,200
3334,159,250,208
3329,161,260,178
3344,158,251,210
3332,136,239,214
3319,234,240,207
3329,151,232,217
3328,159,240,214
3332,153,239,203
3330,158,219,232
3312,161,243,230
3312,154,248,233
3318,160,241,240
3323,155,253,234
3328,157,269,234
3339,160,245,232
3330,160,236,231
3329,169,224,225
3343,133,249,230
3336,158,241,239
3344,158,247,218
3330,158,245,218
3337,177,233,215
3327,156,230,254
3329,162,220,221
3325,150,234,217
3322,145,239,216
3329,232,227,208
3353,147,234,232
3340,149,213,226
3328,142,227,223
3294,131,235,155
3336,138,225,196
3351,162,218,185
3334,170,204,201
3324,138,213,201
3343,173,245,182
3342,151,220,189
3295,167,220,183
3329,157,220,181
3335,151,125,194
3336,135,220,189
3333,143,218,282
3333,116,202,188
3331,152,219,192
3351,146,215,186
3326,149,224,193
3319,130,193,191
3334,173,210,196
3328,129,238,197
3307,165,211,193
3338,128,208,213
3332,136,219,194
3198,145,204,215
3340,158,210,212
3335,136,204,238
3336,151,202,222
3335,134,199,226
3334,139,198,359
3337,137,201,209
3292,143,196,231
3337,145,193,229
3329,175,193,223
3315,143,196,211
3321,122,207,209
3332,144,192,219
3332,147,187,217
3214,147,190,195
3327,149,192,206
3335,145,188,207
3342,153,198,204
3341,143,201,189
3290,143,186,218
3372,140,184,214
3347,144,182,208
3350,142,187,198
3345,141,189,207
3337,143,153,196
3326,128,181,190
3327,133,184,194
3351,140,182,198
3342,153,186,195
3325,164,179,189
3313,152,174,202
3328,143,192,212
3323,149,196,175
3332,142,184,196
3334,123,191,187
3329,150,186,177
3342,128,176,189
3350,64,198,185
3338,127,172,180
3351,133,167,176
3346,137,176,89
3324,129,181,169
3332,130,180,181
3335,124,178,180
3338,139,166,197
3322,133,188,186
3345,158,174,180
3310,128,176,185
3345,122,160,169
3342,122,167,148
3347,119,172,165
3339,137,181,164
3343,121,174,164
3365,155,169,183
3307,149,167,186
3347,148,169,197
3329,154,170,190
3332,147,186,206
3334,171,153,210
3334,8,164,204
3326,147,163,208
3308,153,170,192
3329,152,187,216
3315,149,167,199
3338,148,174,217
3360,151,174,227
3358,146,174,206
3333,123,170,210
3451,121,160,201
3338,146,115,201
3364,189,161,210
3349,146,168,197
3338,122,165,202
3329,170,162,179
3335,141,191,200
3328,146,152,199
3313,134,183,200
3360,142,181,206
3317,158,175,179
3338,150,187,231
3325,152,332,204
3329,151,170,198
3326,168,174,199
3303,151,176,200
3342,158,173,199
3395,162,169,204
3331,156,142,211
3355,145,169,201
3345,158,164,183
3353,148,250,210
3338,154,170,210
3338,141,165,209
3343,156,167,210
3331,149,211,206
3337,129,157,280
3333,152,160,209
3326,148,173,207
3331,153,190,208
3329,152,167,203
3340,132,209,204
3329,153,160,197
3311,141,174,194
3331,148,160,190
3330,146,162,226
3345,132,158,228
3321,145,162,241
3370,156,170,226
3350,144,155,235
3340,94,166,235
3331,141,166,246
3336,78,181,235
3340,140,162,227
3328,160,166,231
3319,135,164,230
3322,143,140,228
3343,88,165,244
3328,138,165,225
3322,113,168,219
3320,131,182,225
3327,141,164,220
3324,138,191,215
3337,147,173,216
3319,130,176,213
3349,137,166,216
3347,154,152,196
3347,135,165,196
3346,128,166,200
3343,135,161,202
3336,132,163,194
3340,134,163,194
3333,128,166,200
3325,132,139,208
3316,133,326,210
3322,128,173,224
3325,145,184,189
3344,140,167,202
3332,137,172,258
3341,160,154,216
3351,131,168,225
3329,135,125,230
3338,126,179,220
3347,133,178,234
3341,130,163,221
3346,141,179,223
3333,206,187,222
3344,131,164,224
3358,97,174,217
3350,112,179,211
3335,130,157,218
3354,138,176,236
3335,122,165,220
3323,129,176,221
3323,136,162,224
3326,132,173,221
3335,122,191,221
3328,129,176,218
3345,110,186,221
3233,143,191,233
3337,154,197,221
3325,139,208,238
3335,140,214,226
3246,146,208,198
3327,121,205,228
3342,145,207,215
3335,124,209,214
3339,88,200,232
3334,143,208,210
3328,138,209,208
3283,140,202,200
3340,137,217,202
3403,140,197,137
3319,128,208,209
3340,137,203,209
3351,126,267,208
3347,134,196,208
3340,135,194,209
3338,134,196,203
3365,135,200,208
3342,169,193,207
3346,129,195,220
3345,153,188,190
3344,132,208,206
3368,133,83,192
3269,132,184,169
3336,133,213,196
3331,133,195,194
3326,120,191,200
3322,134,194,196
3325,134,219,193
3328,118,192,198
3320,139,193,147
3335,128,189,208
3338,153,188,197
3338,131,163,204
3329,109,201,153
3338,138,190,192
3347,122,172,187
3349,144,175,190
3337,131,188,186
3306,136,185,205
3334,144,196,189
3350,131,196,175
3322,138,191,197
3313,129,189,222
3338,136,202,202
3313,135,198,192
3359,111,211,186
3334,133,210,198
3338,122,208,196
3334,132,197,201
3337,137,194,206
3344,134,200,221
3343,118,192,240
3342,141,168,238
3344,129,187,234
3345,129,177,223
3343,129,188,222
3367,132,194,249
3347,130,187,235
3250,147,186,214
3321,132,197,227
3335,143,187,228
3350,127,157,225
3331,102,198,210
3338,154,204,215
3329,114,186,212
3334,126,221,231
3328,133,186,215
3346,128,168,213
3323,128,182,196
3340,128,165,214
3341,134,161,200
3348,144,174,200
3347,133,187,206
3345,142,184,190
3348,129,182,205
3342,132,155,200
3342,131,168,204
3328,128,183,211
3304,126,244,213
3322,130,202,212
3325,129,181,214
3349,133,261,213
3346,135,198,224
3351,120,208,196
3336,135,185,203
3329,147,193,201
3347,133,201,198
3356,122,193,204
3345,146,168,194
3328,140,197,195
3340,138,189,212
3359,132,186,204
3342,157,171,194
3330,137,195,182
3340,126,185,187
3313,143,200,181
3322,120,196,194
3328,141,199,186
3323,132,204,186
3323,137,218,166
3336,133,233,185
3355,132,129,172
3363,131,192,183
3347,131,212,180
3359,128,187,178
3355,131,210,174
3339,132,209,174
3338,132,198,169
3344,149,209,172
3362,126,71,165
3352,131,204,166
3335,113,205,174
3318,125,320,171
3339,135,198,168
3352,133,198,174
3350,128,196,166
3347,147,185,160
3341,138,195,161
3355,129,192,159
3344,135,183,161
3333,128,192,152
3353,124,189,160
3334,136,216,161
3337,118,188,157
3333,136,196,149
3335,128,184,142
3327,128,188,160
3316,125,184,157
3332,112,187,163
3328,125,180,156
3335,128,164,172
3340,134,182,176
3329,152,178,167
3337,120,180,168
3328,125,177,142
3330,128,180,166
3337,123,178,169
3346,133,184,173
3347,123,171,167
3325,120,173,154
3362,141,161,166
3333,148,177,168
3335,133,185,191
3333,160,182,181
3320,196,211,180
3344,132,193,192
3327,135,198,179
3325,143,178,188
3337,133,182,179
3343,158,200,188
3347,125,194,196
3343,95,199,215
3337,131,205,193
3328,145,194,198
3329,154,187,182
3337,129,198,196
3314,127,359,208
3333,139,200,215
3335,169,186,202
3346,168,193,201
3338,156,192,214
3352,158,307,208
3337,19,199,202
3331,174,194,109
3328,160,196,203
3323,158,156,219
3332,7,202,205
3335,155,216,219
3329,154,209,187
3330,152,216,211
3344,148,197,211
3349,145,207,201
3356,160,194,215
3346,129,196,196
3338,152,207,140
3394,172,195,234
3342,136,203,193
3334,164,192,263
3359,98,205,194
3342,151,210,214
3336,55,216,190
3345,141,217,186
3359,146,217,184
3331,160,216,208
3351,148,214,223
3335,151,225,211
3356,126,297,223
3362,145,81,203
3347,145,209,208
3345,157,210,248
3220,144,212,215
3333,144,206,194
3353,171,205,195
3347,148,206,196
3363,134,197,195
3329,134,210,197
3337,160,207,199
3340,144,200,178
3335,161,207,200
3323,145,201,223
3340,151,208,200
3315,116,205,144
3340,144,214,176
3209,132,202,68
3365,84,201,190
3339,141,186,187
3352,133,227,186
3315,141,210,190
3358,142,116,197
3346,145,205,192
3357,145,196,182
3342,131,197,190
3328,145,196,181
3330,151,189,228
3330,161,200,153
3332,147,200,171
3390,156,196,176
3307,157,192,186
3330,156,216,206
3316,154,205,215
3328,148,207,235
3339,153,193,219
3340,152,195,215
3348,47,194,211
3335,148,204,187
3341,190,194,206
3370,150,193,198
3338,154,192,212
3319,161,178,215
3306,151,189,188
3330,10,189,206
3344,152,154,212
3333,136,196,218
3334,148,199,218
3329,263,184,214
3319,135,217,216
3332,152,194,213
3225,157,192,218
3322,149,182,221
3351,141,70,216
3344,160,199,220
3328,154,193,218
3388,144,199,290
3337,140,196,216
3355,138,219,247
3335,139,193,242
3324,148,195,345
3323,139,184,245
3327,148,192,244
3328,150,174,242
3337,162,196,241
3326,141,187,239
3329,153,192,226
3304,157,170,233
3327,118,198,229
3321,147,196,243
3276,137,204,232
3333,142,212,225
3309,156,214,205
3336,140,217,229
3342,142,205,230
3340,125,238,236
3334,136,243,226
3332,162,228,222
3332,147,313,225
3319,156,238,244
3329,156,239,232
3336,144,251,252
3340,138,237,233
3339,144,238,233
3345,158,215,229
3328,145,239,226
3332,162,220,220
3327,144,228,221
3337,140,227,214
3323,145,228,216
3330,144,222,215
3332,164,212,242
3339,132,225,207
3352,152,227,224
3201,140,230,214
3378,138,224,277
3348,146,225,206
3331,157,216,202
3334,125,220,204
3330,135,220,200
3358,142,206,198
3325,163,216,188
3341,136,238,202
3310,144,217,202
3338,124,220,200
3326,141,210,201
3329,143,224,177
3345,141,213,203
3328,145,193,190
3307,129,232,189
3327,172,202,199
3331,167,209,194
3335,180,205,206
3359,165,205,206
3336,165,222,217
3325,163,201,214
3328,164,203,206
3333,163,193,216
3330,170,198,210
3336,185,199,197
3411,174,199,313
3325,144,200,176
3300,161,199,184
3336,160,198,198
3321,157,192,197
3208,158,200,198
3322,148,254,197
3345,157,175,194
3349,154,204,193
3346,134,190,171
3347,156,49,188
3331,133,196,190
3326,155,191,175
3323,153,180,180
3327,150,178,197
3327,157,189,175
3326,128,190,133
3351,148,184,205
3323,153,186,210
3306,161,189,213
3307,149,192,222
3347,147,178,210
3367,146,185,219
3346,145,189,195
3363,143,180,203
3341,143,182,214
3349,121,180,214
3348,144,175,208
3309,128,183,206
3332,147,186,232
3319,137,194,214
3339,134,193,224
3329,141,183,217
3328,122,192,223
3334,141,214,226
3321,136,198,216
3335,91,187,229
3338,138,192,226
3333,125,185,220
3325,138,186,224
3358,136,54,218
3347,133,191,224
3350,136,194,220
3416,136,198,237
3349,105,201,222
3341,135,208,224
3319,136,202,212
3337,163,190,214
3333,148,191,214
3350,144,217,190
3367,144,198,202
3323,146,229,210
3323,141,203,218
3327,137,204,215
3328,145,209,217
3325,133,217,222
3328,141,218,208
3305,139,218,211
3333,150,240,220
3326,156,196,224
3328,135,221,221
3347,140,233,218
3341,128,236,215
3353,132,272,218
3317,139,235,207
3331,138,242,229
3331,137,307,192
3337,140,231,208
3336,143,225,206
3336,153,230,202
3322,135,229,210
3329,142,231,196
3341,136,232,199
3339,138,220,196
3332,141,240,179
3333,138,224,168
3341,134,230,207
3332,128,176,180
3339,135,217,187
3336,144,220,186
3342,136,125,196
3335,138,214,183
3329,136,217,193
3341,136,212,190
3323,128,211,254
3324,135,209,184
3328,133,258,184
3331,144,204,188
3304,139,221,190
3330,121,205,176
3344,132,211,188
3331,134,204,177
3331,140,203,178
3334,130,202,171
3348,128,229,178
3339,106,208,193
3336,120,198,184
3323,116,217,173
3348,113,196,170
3353,129,194,169
3336,116,205,168
3326,130,186,146
3340,117,213,169
3332,124,189,165
3332,121,196,168
3325,141,197,95
3321,128,278,171
3334,128,211,173
3329,132,208,186
3359,131,192,165
3330,144,203,166
3334,133,118,166
3346,134,211,168
3340,128,225,161
3361,121,219,164
3313,129,191,176
3328,130,218,166
3211,135,218,168
3320,123,228,170
3331,133,215,190
3324,132,200,181
3399,133,212,199
3338,145,229,154
3327,128,216,180
3398,132,210,182
3341,139,206,190
3340,126,207,186
3333,130,208,202
3328,137,203,178
3332,160,192,184
3371,143,194,160
3347,137,201,184
3337,147,197,182
3339,136,210,185
3321,138,194,182
3319,136,197,185
3337,140,186,182
3348,146,98,182
3336,140,192,192
3334,144,192,173
3330,148,198,181
3330,147,193,184
3331,146,217,184
3331,146,193,179
3349,140,175,178
3330,145,205,180
3351,142,189,180
3336,156,191,174
3346,141,196,170
3362,128,193,172
3342,135,191,173
3341,122,195,178
3332,142,218,176
3337,141,194,193
3356,171,173,186
3354,134,192,174
3325,115,182,192
3323,141,198,181
3340,142,170,188
3335,132,214,182
3343,133,203,216
3351,135,217,212
3337,146,206,196
3342,141,213,197
3347,136,234,190
3343,234,218,193
3362,140,212,190
3364,140,227,193
3351,142,203,187
3350,142,228,190
3334,141,222,189
3342,145,214,165
3356,138,226,196
3338,142,226,188
3334,141,224,184
3350,142,323,186
3333,153,206,184
3375,119,223,190
3328,140,210,174
3331,133,221,173
3356,80,215,182
3340,135,211,182
3361,131,190,180
3321,131,372,191
3354,124,220,172
3338,130,211,183
3316,126,206,214
3392,136,212,189
3324,138,207,168
3466,119,206,185
3344,133,206,185
3341,137,204,186
3342,132,203,189
3358,134,195,212
3344,116,209,212
3321,131,200,208
3346,132,191,194
3324,142,192,222
3341,138,224,213
3193,128,195,214
3362,117,195,211
3327,122,172,215
3358,128,184,223
3346,124,193,219
3521,128,190,229
3334,130,199,214
3325,237,186,213
3334,125,188,213
3403,150,181,218
3341,149,190,220
3301,162,200,219
3329,167,191,220
3328,167,204,233
3321,165,200,213
3331,158,200,224
3349,156,174,219
3341,162,194,236
3321,163,197,221
3316,154,214,220
3346,160,205,222
3346,162,213,210
3349,160,206,213
3346,151,201,224
3326,161,212,209
3341,154,200,212
3341,91,207,203
3344,165,193,197
3333,157,197,195
3328,156,201,197
3324,152,206,183
3316,165,200,189
3381,151,195,117
3330,146,198,189
3350,152,194,198
3334,171,201,196
3341,135,191,196
3353,147,167,205
3339,153,187,199
3339,154,206,215
3325,156,211,200
3330,130,213,201
3343,169,205,213
3287,128,205,97
3359,141,206,198
3307,147,222,197
3348,157,205,197
3333,153,204,201
3352,162,203,189
3359,166,203,222
3330,171,230,194
3343,165,200,193
3335,161,198,190
3339,164,198,184
3348,264,172,185
3341,148,198,212
3366,155,197,220
3341,160,187,218
3236,160,192,213
3347,144,188,236
3334,155,164,205
3332,167,189,204
3319,163,196,206
3310,163,187,205
3332,144,162,206
3321,158,188,200
3371,149,193,88
3332,154,210,194
3326,126,194,256
3333,152,208,202
3325,154,198,203
3360,160,222,213
3345,142,220,204
3358,141,213,205
3341,159,216,198
3359,147,231,181
3362,105,221,201
3344,155,221,193
3347,139,259,199
3333,156,217,181
3332,156,217,198
3331,155,223,203
3333,156,209,199
3344,141,219,198
3242,152,209,185
3328,96,228,197
3334,151,213,194
3322,151,207,179
3387,150,205,192
3344,147,201,170
3350,145,201,182
3352,146,202,173
3347,144,214,208
3332,149,170,176
3324,144,203,185
3325,160,200,175
3327,169,195,169
3307,160,204,181
3326,181,217,226
3343,162,213,224
3341,164,191,224
3339,162,224,224
3341,157,228,219
3341,166,210,221
3422,169,215,329
3338,154,218,217
3336,156,202,224
3336,165,212,214
3348,173,204,212
3348,155,216,207
3344,170,218,208
3343,170,191,213
3357,144,204,224
3343,158,216,191
3328,155,203,205
3334,172,204,282
3333,138,211,201
3338,158,211,220
3336,98,215,202
3337,143,206,194
3343,150,229,203
3348,140,205,193
3354,151,204,203
3321,160,205,171
3348,165,173,183
3341,147,190,184
3355,148,204,182
3343,144,173,182
3333,144,198,176
3333,150,203,187
3353,125,204,189
3349,135,192,204
3339,230,172,214
3325,126,192,223
3330,139,187,232
3354,171,198,246
3331,153,209,234
3332,172,191,239
3344,153,195,231
3353,152,200,253
3320,151,188,234
3348,144,194,221
3353,160,182,232
3356,149,180,234
3352,146,174,242
3318,142,41,226
3355,169,221,224
3342,144,217,231
3326,147,241,245
3325,154,234,244
3337,164,268,224
3356,138,256,220
3318,145,274,211
3321,142,272,228
3353,141,252,219
3356,142,238,224
3358,187,272,216
3326,141,262,216
3339,147,264,213
3410,139,272,215
3339,135,279,219
3365,123,278,215
3346,137,303,213
3345,135,288,208
3357,144,283,211
3344,130,290,203
3361,144,288,205
3341,142,285,198
3328,113,296,196
3332,148,269,193
3425,153,280,278
3346,142,273,184
3336,135,288,177
3352,129,284,184
3337,130,270,182
3358,145,251,183
3346,171,256,175
3338,138,256,186
3416,138,258,188
3344,152,256,169
3330,133,251,184
3329,154,253,173
3339,153,249,190
3349,150,232,184
3342,144,293,176
3331,125,253,182
3308,159,241,188
3316,153,235,102
3333,172,240,186
3331,148,237,183
3339,146,226,180
3332,148,239,181
3357,155,223,188
3342,138,235,170
3349,143,220,132
3352,80,229,179
3339,142,226,174
3326,153,227,178
3339,150,214,158
3340,145,225,165
3339,156,221,176
3344,146,206,163
3350,153,202,172
3330,154,222,153
3346,140,222,161
3329,147,210,159
3346,155,317,161
3256,148,215,141
3345,210,213,160
3334,135,232,147
3335,162,201,239
3332,170,210,117
3359,144,184,164
3342,150,211,169
3328,142,193,168
3345,169,199,174
3340,159,187,172
3346,160,196,162
3339,141,202,163
3336,154,199,147
3328,170,195,151
3326,154,198,160
3326,144,194,166
3318,136,222,172
3326,151,214,170
3319,164,207,166
3343,156,215,164
3350,145,212,180
3350,139,216,162
3349,146,217,185
3351,87,221,172
3343,148,230,184
3331,157,202,183
3349,137,215,173
3333,126,216,229
3345,144,223,159
3341,138,217,170
3343,6,216,167
3335,147,214,164
3332,258,217,168
3314,141,210,159
3338,146,116,171
3335,148,211,158
3325,120,210,182
3319,137,204,200
3333,144,201,187
3342,144,208,197
3352,140,210,178
3349,138,210,181
3352,202,209,181
3344,138,201,181
3329,140,198,192
3330,143,224,188
3334,151,227,184
3328,297,221,202
3335,141,215,134
3356,138,141,206
3333,133,236,191
3332,142,212,248
3334,138,221,192
3342,132,223,216
3353,128,214,220
3319,135,213,208
3315,113,213,178
3314,144,212,145
3331,157,214,236
3371,142,208,240
3334,145,210,234
3318,136,253,228
3341,132,204,232
3446,140,208,221
3348,148,206,209
3342,153,204,152
3355,149,203,219
3341,136,206,202
3344,153,150,202
3340,151,203,216
3346,144,206,212
3342,148,200,209
3335,150,223,210
3344,163,197,205
3322,146,197,193
3349,168,198,197
3352,70,193,201
3419,153,190,180
3342,144,189,206
3329,142,134,190
3343,146,184,191
3348,143,186,183
3325,115,186,141
3328,140,180,192
3338,65,187,197
3330,114,181,252
3312,142,158,234
3335,118,189,227
3310,143,189,214
3307,145,184,220
3335,144,191,233
3332,157,186,220
3329,144,193,216
3351,140,183,213
3330,153,196,213
3346,163,188,190
3282,186,186,206
3363,147,204,205
3342,167,191,202
3341,32,190,200
3341,169,187,212
3340,189,188,181
3369,125,184,196
3340,187,208,211
3340,165,183,196
3334,165,178,198
3319,202,181,199
3334,163,184,191
3331,161,182,202
3347,59,180,195
3353,173,179,193
3354,158,192,185
3343,159,183,213
3361,153,176,193
3337,168,166,202
3350,151,175,206
3308,153,178,207
3342,153,176,216
3343,182,177,205
3344,154,178,200
3336,153,175,197
3332,128,198,208
3313,148,168,206
3310,151,174,192
3333,137,175,197
3344,164,163,195
3325,137,182,206
3335,148,172,190
3348,128,171,189
3351,138,261,196
3332,163,170,182
3341,150,172,189
3346,155,159,192
3332,130,175,183
3335,148,172,198
3337,150,165,189
3341,138,168,200
3333,158,163,173
3342,150,193,187
3341,145,168,225
3331,146,168,191
3357,138,167,202
3349,139,176,183
3325,136,145,190
3336,226,163,194
3341,145,168,182
3337,145,160,218
3333,141,164,181
3336,129,174,204
3334,167,163,190
3335,144,165,181
3350,149,160,172
3321,140,163,194
3349,144,88,205
3319,152,162,186
3337,122,170,180
3339,148,158,190
3328,158,183,184
3340,140,147,199
3346,164,161,190
3214,125,155,138
3359,119,167,176
3341,145,183,180
3341,142,173,192
3332,151,164,190
3365,107,160,181
3340,142,176,180
3314,144,160,176
3325,135,186,200
3326,139,172,200
3351,121,178,212
3337,140,166,208
3231,131,175,232
3341,136,170,212
3321,152,170,204
3352,143,73,207
3336,145,178,213
3304,154,180,224
3347,140,172,225
3325,138,178,217
3308,142,181,258
3317,155,187,259
3342,18,182,258
3450,141,179,264
3212,142,178,254
3338,140,178,253
3329,150,157,249
3337,141,188,248
3344,166,192,236
3345,136,185,242
3345,139,198,222
3334,139,183,237
3344,138,181,235
3351,137,160,219
3338,136,186,223
3342,137,178,236
3318,125,179,222
3335,137,187,223
3330,137,182,237
3345,132,186,246
3347,125,176,231
3331,133,173,226
3347,131,172,242
3329,85,154,232
3344,109,169,224
3342,144,172,219
3338,133,188,222
3333,131,171,217
3335,270,167,216
3327,130,171,212
3347,121,182,238
3336,131,196,214
3345,148,170,216
3346,128,166,205
3352,127,167,201
3337,126,318,205
3340,126,169,193
3350,128,155,199
3349,130,171,199
3339,126,148,193
3329,148,142,208
3331,118,165,201
3352,109,180,199
3325,128,165,186
3335,130,157,199
3333,0,166,208
3331,117,169,220
3357,121,170,203
3325,126,197,199
3338,279,175,204
3331,136,217,202
3316,147,196,218
3328,121,209,189
3345,116,202,115
3356,136,186,207
3341,124,232,200
3338,124,216,207
3341,125,229,233
3355,121,236,205
3359,151,213,210
3341,127,233,201
3353,139,189,206
3331,129,215,208
3338,112,209,266
3506,129,212,202
3329,129,211,190
3310,130,216,220
3332,128,196,226
3348,124,208,206
3326,134,211,202
3350,122,180,184
3419,126,209,193
3342,129,210,196
3374,124,212,210
3253,126,209,228
3329,132,210,206
3331,138,232,205
3344,116,229,207
3377,133,196,234
3337,146,196,210
3344,143,196,207
3342,142,209,201
3330,138,214,185
3258,143,198,197
3336,143,208,195
3334,143,195,199
3334,140,203,204
3311,136,165,194
3373,139,192,209
3337,136,190,177
3340,138,181,198
3346,137,180,182
3326,134,253,199
3347,135,208,187
3311,153,186,277
3350,131,185,186
3368,137,177,189
3325,137,184,193
3335,137,164,188
3333,151,179,168
3349,138,179,186
3304,126,197,174
3329,134,176,180
3343,160,172,172
3323,134,247,185
3341,132,180,180
3361,125,174,174
3372,131,177,187
3354,148,181,166
3344,134,189,186
3344,158,174,184
3324,119,192,177
3358,133,160,180
3332,122,175,184
3334,131,180,182
3333,131,155,180
3470,133,177,172
3333,128,168,186
3337,128,163,197
3352,130,183,180
3340,101,192,166
3320,124,189,175
3343,128,167,186
3348,128,192,172
3391,108,204,181
3330,141,178,155
3350,133,206,171
3354,134,166,165
3338,148,190,173
3342,142,193,174
3347,135,194,175
3346,136,192,157
3341,136,192,167
3344,129,192,170
3338,129,180,221
3342,138,207,192
3332,133,194,204
3350,142,203,214
3329,144,185,202
3350,156,158,212
3342,129,186,208
3344,128,183,215
3337,160,185,195
3339,142,181,211
3357,149,155,209
3339,148,182,221
3347,138,196,225
3311,137,133,218
3333,143,198,224
3330,177,167,218
3285,160,190,214
3347,146,187,218
3331,164,194,214
3324,172,186,230
3347,190,158,234
3345,171,190,232
3367,160,191,230
3347,157,188,230
3350,154,187,229
3351,165,192,229
3357,156,194,229
3377,108,184,225
3351,160,157,237
3362,160,225,222
3334,163,186,218
3336,162,180,215
3332,161,173,224
3332,155,178,228
3356,151,194,209
3327,160,189,207
3284,153,210,183
3331,134,181,206
3341,158,182,203
3366,154,181,215
3342,165,194,184
3351,148,178,201
3366,154,179,195
3341,129,190,186
3342,148,149,196
3345,151,196,192
3350,151,185,192
3338,151,190,197
3247,150,182,197
3349,147,181,190
3334,145,179,166
3335,147,162,201
3331,159,178,170
3334,154,157,187
3330,152,174,180
3317,163,164,187
3352,144,152,170
3340,154,169,167
3346,13,174,168
3332,163,174,102
3352,145,166,177
3345,145,166,187
3346,157,187,160
3336,149,168,175
3319,157,170,110
3363,145,62,169
3345,157,164,241
3344,144,168,170
3349,136,169,177
3335,156,173,162
3335,144,180,163
3334,141,139,161
3327,179,176,166
3335,168,156,176
3314,174,161,139
3355,174,164,155
3341,177,138,155
3340,172,164,154
3368,177,161,161
3352,128,150,208
3345,161,162,184
3332,144,160,140
3295,164,160,186
3354,214,149,193
3309,165,161,192
3350,163,156,176
3225,157,156,48
3335,160,157,187
3333,167,163,185
3312,149,188,190
3350,162,185,212
3333,124,191,196
3331,154,207,196
3337,171,182,194
3339,150,201,190
3382,154,194,187
3345,156,199,184
3330,148,200,192
3326,166,204,198
3341,189,205,182
3341,164,185,201
3340,317,205,184
3343,150,213,173
3352,155,215,208
3347,155,227,258
3354,166,212,231
3324,146,231,236
3352,129,223,226
3319,158,215,232
3347,164,214,248
3348,153,215,256
3341,154,213,245
3355,146,210,242
3325,147,171,243
3347,149,212,251
3365,151,205,250
3351,136,213,243
3344,177,209,246
3341,150,213,247
3341,145,122,242
3340,160,208,233
3328,149,213,241
3343,151,209,243
3331,153,237,236
3338,44,225,240
3334,144,205,229
3226,140,205,115
3342,146,200,236
3353,172,196,228
3352,204,198,228
3335,147,199,219
3349,144,174,232
3355,146,192,212
3337,154,182,224
3334,147,183,220
3342,142,172,234
3346,161,171,229
3329,144,210,223
3331,141,222,251
3332,157,206,232
3339,139,316,233
3323,140,209,226
3325,149,90,215
3348,128,196,263
3346,168,193,239
3341,133,202,188
3345,137,200,234
3347,141,200,232
3352,120,198,232
3341,149,200,241
3347,143,179,229
3337,140,197,254
3322,144,195,218
3342,164,188,239
3341,148,176,235
3339,170,192,237
3343,162,184,312
3336,251,192,256
3332,150,194,275
3318,148,181,266
3298,148,188,268
3329,146,186,273
3338,140,196,275
3330,148,200,280
3347,150,195,271
3364,143,192,269
3337,159,156,268
3267,121,187,212
3345,152,188,269
3335,171,190,269
3317,137,189,262
3346,160,161,268
3404,141,186,254
3348,135,183,249
3343,94,183,248
3321,149,183,243
3334,139,184,243
3334,125,181,254
3337,138,178,247
3328,137,244,237
3344,138,167,242
3350,211,177,231
3523,135,178,212
3263,136,175,254
3349,115,176,278
3344,136,185,282
3340,134,183,282
3335,134,177,288
3354,134,175,285
3464,137,176,282
3338,143,173,288
3332,150,174,276
3355,147,93,288
3338,154,175,288
3323,146,172,279
3389,132,162,231
3343,162,164,283
3339,142,166,274
3347,136,181,272
3347,169,172,265
3230,150,173,261
3344,141,187,259
3361,149,192,256
3333,154,180,263
3353,141,172,262
3332,150,176,265
3328,147,196,280
3324,157,180,261
3342,147,172,246
3344,146,174,268
3335,144,172,252
3335,144,184,262
3340,147,172,259
3313,143,181,258
3350,152,144,252
3333,149,165,248
3341,147,165,332
3342,142,169,252
3349,120,172,222
3339,63,184,248
3345,132,172,240
3332,145,167,225
3341,137,166,247
3339,133,173,310
3350,109,165,300
3330,59,170,218
3350,140,88,239
3329,146,168,238
3235,115,164,149
3335,137,168,223
3311,140,175,203
3348,139,27,216
3336,154,170,224
3343,161,164,212
3334,137,168,221
3383,131,166,222
3348,136,167,218
3323,140,172,220
3354,140,162,224
3343,138,158,215
3335,111,177,205
3352,112,187,213
3304,144,172,210
3349,150,171,213
3344,150,180,210
3357,136,208,219
3329,151,186,215
3351,161,198,195
3348,146,187,211
3335,147,180,193
3343,144,183,210
3343,168,194,223
3315,148,211,213
3353,142,205,230
3351,168,207,229
3309,143,211,223
3346,142,210,229
3340,141,207,222
3342,139,208,225
3351,152,197,232
3296,141,203,220
3329,165,184,218
3268,144,202,221
3336,146,203,216
3312,156,202,217
3326,141,195,204
3307,135,198,210
3342,134,192,203
3347,140,196,212
3343,141,198,200
3330,145,193,206
3356,164,192,206
3342,136,188,206
3333,134,192,209
3335,139,194,207
3321,142,192,201
3344,145,187,206
3342,147,180,204
3333,183,196,189
3332,118,194,199
3342,165,185,196
3348,140,176,196
3349,128,186,193
3355,156,185,189
3337,148,212,194
3336,142,183,186
3344,138,200,179
3376,140,186,202
3387,138,181,163
3344,129,192,190
3350,97,173,181
3333,130,197,180
3334,137,178,187
3335,144,180,189
3331,126,176,211
3334,161,173,196
3330,138,203,199
3322,132,180,202
3331,134,192,194
3334,125,182,194
3331,133,180,180
3323,122,183,184
3304,134,184,201
3328,132,211,189
3313,143,180,172
3323,139,181,178
3348,141,192,184
3355,148,179,182
3342,150,198,174
3358,142,182,183
3337,155,185,156
3337,151,204,186
3310,157,195,180
3338,166,217,165
3350,148,196,179
3338,156,208,179
3358,140,196,180
3337,150,193,180
3333,134,199,183
3338,154,196,182
3334,155,188,181
3345,154,195,176
3321,155,194,175
3336,150,217,173
3342,151,198,176
3334,243,196,166
3350,148,199,180
3315,157,197,183
3332,147,218,181
3339,150,200,181
3329,149,204,177
3345,149,186,175
3336,154,178,182
3316,156,202,181
3336,138,197,176
3317,139,236,180
3345,146,197,174
3339,159,193,64
3330,149,190,183
3337,150,185,264
3348,144,187,182
3342,139,160,183
3337,154,188,193
3349,140,189,182
3348,118,201,166
3333,141,182,165
3324,140,186,183
3311,148,177,173
3327,138,183,166
3325,151,62,174
3335,137,184,166
3333,203,185,169
3342,136,193,161
3334,140,220,162
3338,151,187,74
3332,130,188,179
3313,139,204,145
3333,123,184,160
3349,135,192,156
3329,136,183,160
3343,135,185,166
3329,133,190,154
3343,126,191,176
3351,148,172,165
3317,131,178,164
3343,134,168,186
3336,183,175,165
3365,125,177,258
3340,123,176,172
3328,118,182,168
3346,140,149,160
3332,164,168,158
3340,149,172,158
3316,144,32,152
3333,148,187,154
3350,169,173,152
3342,155,200,162
3352,144,172,156
3345,160,200,152
3341,141,132,143
3345,163,165,152
3325,139,182,153
3368,152,153,148
3333,151,172,150
3354,141,181,158
3325,174,168,135
3334,128,172,151
3342,134,168,136
3334,147,186,143
3348,146,165,153
3351,134,155,153
3340,145,160,130
3321,131,179,155
3353,141,163,158
3351,143,156,163
3342,138,151,156
3356,140,194,156
3354,142,141,157
3354,137,162,162
3364,137,156,172
3338,136,162,174
3335,141,161,174
3332,140,156,175
3333,137,161,155
3334,133,163,175
3337,142,160,158
3337,136,153,168
3316,134,226,169
3330,113,180,146
3326,142,163,154
3343,138,160,160
3348,130,149,178
3355,138,162,167
3347,124,164,170
3348,121,164,166
3339,136,247,161
3329,137,162,165
3331,142,158,163
3369,138,170,156
3447,137,177,163
3317,119,182,148
3333,138,189,160
3341,137,181,152
3342,133,182,152
3344,149,170,145
3320,138,172,154
3333,133,180,151
3344,140,68,156
3342,130,185,158
3354,137,178,158
3351,131,180,161
3361,149,174,169
3361,144,176,35
3344,130,158,163
3335,143,173,102
3310,129,176,160
3337,118,171,151
3331,131,172,141
3354,130,174,163
3335,112,185,143
3333,119,178,112
3341,105,185,154
3311,132,185,152
3321,119,190,155
3333,128,172,132
3355,114,168,159
3346,117,168,152
3343,129,171,156
3339,129,198,154
3350,122,154,151
3343,129,170,171
3348,128,165,232
3339,131,188,160
3350,133,155,153
3357,145,167,149
3339,120,167,210
3338,134,152,172
3330,126,177,170
3329,134,164,140
3336,132,165,146
3341,141,149,171
3339,128,163,145
3369,124,158,146
3363,122,162,145
3353,128,174,143
3354,125,136,146
3336,146,159,136
3352,117,231,170
3336,128,162,161
3335,114,187,153
3348,129,148,166
3331,135,168,163
3337,26,168,171
3329,137,148,182
3337,123,164,181
3340,144,161,175
3344,116,163,192
3352,148,149,178
3327,137,161,170
3367,138,157,168
3354,170,162,168
3353,137,161,168
3353,140,159,172
3354,136,170,169
3368,131,174,172
3326,146,147,164
3340,138,174,168
3342,208,161,172
3340,135,165,166
3359,111,174,164
3344,140,170,168
3312,144,174,175
3345,136,169,176
3335,137,189,174
3335,179,171,182
3325,126,220,183
3341,124,179,178
3353,132,178,176
3266,142,169,262
3385,130,168,178
3352,130,191,165
3352,120,168,171
3344,124,167,170
3334,132,190,186
3336,135,167,175
3338,123,164,171
3341,61,164,172
3338,133,176,173
3319,126,180,171
3329,150,160,173
3332,130,176,174
3351,117,179,169
3332,124,176,185
3340,126,174,173
3344,133,168,176
3363,152,171,165
3356,123,173,185
3354,130,176,174
3340,130,185,173
3339,128,173,170
3343,130,182,164
3342,148,165,163
3351,131,175,169
3332,129,168,177
3336,131,177,172
3319,128,173,166
3343,144,171,93
3340,138,172,169
3368,133,173,176
3342,128,163,165
3325,123,167,166
3337,129,190,168
3352,98,169,156
3353,125,144,171
3333,114,121,166
3355,126,169,165
3361,126,104,171
3435,109,165,164
3356,137,171,192
3343,123,190,162
3353,115,172,174
3321,125,166,176
3339,123,172,172
3334,124,172,181
3337,128,187,174
3351,128,101,185
3342,126,169,172
3341,125,170,188
3221,113,166,140
3355,124,142,169
3349,119,162,183
3336,130,165,155
3346,123,168,163
3358,117,162,210
3337,111,166,172
3332,139,158,193
3324,135,176,181
3344,126,264,174
3336,119,178,307
3332,128,182,182
3292,132,175,178
3331,34,181,188
3332,107,176,246
3313,133,182,169
3336,118,178,188
3365,138,154,173
3342,130,180,164
3344,84,189,194
3351,122,181,177
3352,126,160,173
3348,131,180,197
3352,131,155,201
3338,122,183,347
3329,128,180,209
3340,129,182,226
3344,128,185,214
3342,131,197,215
3352,132,177,205
3333,130,192,202
3363,170,186,207
3342,139,174,208
3325,138,184,210
3332,138,171,205
3333,155,170,208
3357,118,186,201
3343,139,170,206
3341,157,169,205
3344,141,177,196
3350,136,171,203
3357,133,174,201
3318,133,188,182
3323,126,202,200
3328,145,175,199
3332,136,169,198
3335,138,165,192
3332,136,169,190
3337,104,179,194
3323,136,171,198
3327,122,163,192
3344,136,170,198
3351,150,159,189
3346,130,169,209
3353,130,156,189
3338,107,164,198
3342,146,166,185
3348,116,186,180
3343,142,157,187
3343,136,158,172
3349,120,161,163
3328,134,163,92
3337,130,164,196
3342,150,151,178
3332,215,172,169
3332,129,152,192
3319,132,152,176
3344,129,172,176
3342,124,147,165
3346,129,190,182
3340,126,193,173
3341,136,165,168
3319,126,175,166
3337,136,173,176
3359,100,179,168
3353,125,179,220
3341,138,186,197
3363,130,202,184
3340,133,183,199
3347,136,181,196
3343,144,185,250
3349,123,188,180
3318,135,182,177
3335,157,177,197
3252,144,180,191
3333,146,175,260
3339,29,176,189
3337,128,178,187
3346,134,171,188
3336,134,177,188
3337,124,143,196
3345,114,194,190
3349,127,172,205
3360,122,171,192
3334,121,175,212
3357,70,171,193
3338,114,178,192
3349,128,169,196
3329,128,166,202
3342,126,173,184
3335,143,155,208
3335,102,175,219
3341,117,170,271
3332,241,166,220
3342,128,172,214
3340,147,164,213
3324,124,163,220
3351,121,162,206
3354,119,161,202
3325,112,146,201
3351,125,160,194
3351,120,165,215
3350,128,161,193
3354,126,163,186
3344,148,151,192
3344,129,155,192
3364,125,167,215
3330,144,147,177
3328,137,138,197
3322,138,166,229
3337,156,174,206
3325,151,179,208
3330,155,187,221
3344,177,201,209
3342,147,157,215
3341,146,186,228
3322,150,176,234
3321,152,180,233
3349,150,188,231
3353,156,177,221
3351,161,176,208
3351,133,180,219
3337,160,191,218
3348,138,185,210
3331,178,198,216
3343,146,185,208
3338,156,187,212
3330,148,184,193
3333,167,182,198
3325,137,167,210
3342,150,178,214
3405,151,182,204
3338,135,176,202
3334,244,159,193
3348,155,186,175
3352,134,175,332
3351,143,185,216
3344,124,179,164
3336,144,170,189
3303,148,181,184
3336,139,266,211
3347,144,177,188
3315,124,188,136
3335,146,197,193
3330,154,196,168
3352,146,189,212
3352,150,187,277
3366,119,206,195
3353,143,193,204
3332,134,201,261
3344,141,198,200
3336,152,190,193
3274,149,188,190
3363,142,185,202
3337,137,189,195
3347,141,187,188
3326,140,176,188
3389,138,184,202
3353,138,163,184
3344,256,183,188
3342,139,176,194
3304,146,189,196
3365,138,165,198
3332,128,156,194
3332,138,181,192
3340,133,180,194
3337,135,176,193
3355,134,181,184
3348,150,179,122
3354,111,177,195
3337,132,175,190
3349,133,173,193
3339,141,176,194
3337,132,148,194
3346,130,176,197
3354,132,167,203
3338,134,176,194
3352,131,180,184
3316,131,181,184
3349,121,179,185
3338,136,181,204
3326,124,180,184
3340,142,174,188
3343,137,204,188
3349,129,174,187
3349,290,174,190
3352,143,157,181
3357,128,174,185
3353,128,172,179
3342,124,173,178
3343,130,172,166
3343,105,170,178
3341,123,169,176
3356,144,170,176
3329,145,172,174
3347,124,166,176
3328,138,170,174
3428,127,144,155
3326,134,177,173
3331,133,159,168
3345,132,183,163
3339,148,152,181
3340,143,169,170
3338,148,178,161
3349,97,165,178
3336,147,170,190
3346,146,164,216
3341,158,178,203
3327,134,176,192
3368,143,166,201
3330,125,173,179
3312,146,165,192
3333,147,162,203
3338,142,166,203
3343,144,163,212
3335,236,138,194
3337,143,138,203
3325,139,164,184
3333,149,169,181
3335,148,160,196
3340,147,190,194
3340,151,158,203
3339,154,157,166
3343,208,160,193
3334,162,166,172
3352,152,168,189
3357,149,146,187
3338,153,173,169
3370,153,175,186
3329,161,176,182
3317,150,171,186
3331,149,176,178
3341,133,189,172
3349,171,155,181
3326,157,64,172
3347,144,171,178
3352,153,162,257
3346,142,170,176
3347,144,172,172
3354,151,196,174
3367,136,150,174
3353,162,163,155
3368,143,168,171
3341,147,175,169
3305,148,181,173
3351,143,180,166
3337,149,161,173
3345,65,160,164
3333,143,164,160
3336,142,180,169
3324,144,200,168
3343,157,162,100
3353,124,170,177
3351,137,153,172
3345,141,171,174
3349,139,149,184
3328,153,166,176
3352,140,178,152
3353,148,154,181
3352,114,163,173
3354,132,138,173
3354,100,162,167
3351,135,149,165
3354,146,157,167
3342,137,161,161
3344,124,160,172
3342,137,176,156
3341,125,154,169
3342,162,141,167
3332,152,177,171
3332,152,174,99
3342,120,168,172
3366,132,174,181
3349,131,196,181
3344,142,50,162
3340,133,174,196
3335,120,165,210
3352,129,172,218
3349,137,196,205
3356,142,72,223
3347,140,164,193
3344,137,219,213
3353,139,160,206
3335,142,167,198
3340,151,168,211
3394,153,149,249
3346,119,172,208
3320,149,164,202
3342,138,178,202
3359,135,138,195
3346,138,161,185
3369,136,171,217
3347,136,179,170
3346,138,160,192
3346,135,174,190
3333,140,205,193
3381,88,159,185
3327,125,181,186
3330,112,172,196
3338,95,168,202
3334,147,160,208
3348,141,137,204
3334,147,153,208
3333,134,160,210
3311,148,154,232
3328,139,198,212
3331,140,178,227
3342,141,170,220
3332,137,161,213
3346,150,171,226
3338,146,148,210
3350,152,171,212
3344,160,192,208
3364,140,175,207
3327,161,168,201
3363,170,167,201
3353,161,159,200
3346,244,157,178
3333,151,164,191
3368,151,165,197
3346,148,137,195
3353,128,170,192
3341,147,165,190
3338,145,163,196
3342,151,210,194
3357,139,147,183
3352,143,162,190
3348,138,160,185
3353,148,165,174
3319,145,169,180
3339,146,175,204
3348,154,177,164
3335,136,184,176
3255,146,177,178
3333,130,185,157
3339,144,176,178
3332,144,180,184
3318,145,188,198
3337,140,199,200
3332,144,203,187
3340,144,206,178
3339,143,201,192
3341,143,207,207
3339,146,197,189
3357,144,209,189
3348,142,179,207
3349,139,215,203
3349,131,209,201
3359,142,210,182
3352,128,231,198
3357,139,210,199
3351,141,211,195
3352,129,217,192
3338,116,190,191
3328,139,214,200
3333,144,200,194
3341,138,205,188
3354,138,194,196
3341,138,192,183
3342,134,198,181
3349,144,198,178
3342,125,214,174
3353,138,188,186
3350,149,172,190
3354,141,195,205
3351,136,196,153
3328,135,194,183
3349,141,193,207
3352,145,189,200
3341,139,193,198
3365,145,181,196
3351,111,196,197
3342,162,183,204
3343,139,189,198
3347,128,172,197
3340,256,185,194
3339,134,200,198
3344,85,184,194
3339,130,194,189
3356,140,320,197
3347,138,188,189
3343,135,269,189
3342,156,198,190
3349,137,220,178
3347,159,199,215
3356,173,198,184
3386,129,204,190
3350,146,212,160
3362,136,204,164
3357,169,193,205
3323,128,196,194
3320,146,187,243
3310,154,245,217
3357,152,218,207
3358,153,199,206
3360,157,184,204
3345,157,187,202
3354,152,182,208
3350,130,182,198
3343,179,147,195
3346,150,184,198
3341,126,184,200
3330,243,186,203
3352,140,206,208
3341,142,193,206
3342,164,211,192
3339,135,184,212
3341,140,220,213
3327,151,202,216
3340,153,206,215
3346,133,242,209
3343,148,199,204
3330,145,210,207
3378,146,208,211
3374,149,217,218
3344,147,326,213
3347,155,213,205
3337,171,225,105
3345,183,224,213
3341,257,242,218
3397,171,221,218
3332,171,223,202
3339,178,234,194
3345,169,213,215
3346,181,204,206
3344,170,217,203
3345,175,231,176
3341,156,212,194
3336,150,217,197
3351,160,206,198
3368,161,204,193
3354,159,204,185
3367,160,212,185
3348,187,194,188
3352,154,205,199
3370,161,177,187
3341,170,221,173
3374,160,200,186
3351,157,200,187
3440,157,197,192
3346,155,192,187
3346,158,199,196
3365,154,197,194
3324,163,196,167
3319,239,198,186
3329,137,201,172
3342,171,196,181
3351,154,188,179
3326,150,212,179
3345,140,201,188
3344,125,193,180
3363,128,194,186
3356,153,193,169
3389,158,201,173
3375,151,181,168
3349,154,203,177
3353,107,191,175
3361,160,196,187
3324,159,208,173
3340,157,196,176
3340,160,188,176
3347,136,197,175
3337,173,167,185
3340,33,195,172
3357,157,121,181
3322,162,202,172
3347,150,199,174
3345,132,206,161
3349,154,213,170
3352,162,186,188
3353,170,192,163
3352,159,194,195
3357,150,186,168
3342,160,181,170
3369,162,173,170
3334,162,176,173
3340,141,209,177
3336,171,202,178
3323,170,213,182
3330,180,209,186
3346,181,208,183
3342,185,218,190
3338,183,205,177
3349,180,199,164
3317,185,201,179
3345,174,201,148
3360,171,253,174
3329,184,194,168
3350,172,204,135
3346,180,201,178
3361,206,202,168
3353,180,201,189
3350,176,176,185
3364,160,229,186
3350,174,195,170
3342,147,204,186
3348,170,204,192
3346,167,218,180
3340,72,203,189
3342,161,199,192
3325,171,178,210
3340,180,203,209
3344,162,202,190
3369,146,200,198
3350,181,197,176
3333,177,268,193
3349,182,198,186
3329,177,198,260
3340,193,169,190
3338,197,189,192
3359,178,212,190
3330,191,186,184
3362,175,193,186
3352,189,196,187
3346,185,193,191
3348,186,187,176
3346,198,188,178
3363,173,203,200
3353,182,192,171
3287,157,187,102
3345,176,173,175
3338,194,208,194
3422,184,202,259
3352,185,194,208
3353,214,202,205
3348,179,188,214
3349,192,181,219
3328,183,205,211
3346,172,136,208
3335,155,202,231
3342,178,188,218
3336,178,193,200
3343,174,185,213
3343,182,178,207
3352,175,192,222
3340,181,172,221
3338,170,200,192
3351,170,172,213
3330,169,187,201
3363,165,189,236
3347,187,186,252
3340,60,182,242
3341,295,183,247
3334,180,173,272
3344,181,184,256
3346,202,174,263
3348,163,174,260
3343,163,179,260
3364,120,175,254
3340,175,174,253
3350,189,160,260
3360,161,179,262
3355,78,166,262
3370,170,36,246
3348,159,172,249
3349,177,174,245
3339,172,160,244
3347,175,160,234
3343,176,184,248
3359,181,177,250
3184,174,178,224
3352,172,178,264
3346,174,176,239
3345,174,176,241
3349,164,173,238
3350,87,176,238
3348,177,173,234
3335,178,163,222
3340,175,188,222
3369,164,174,234
3347,169,174,226
3353,78,190,226
3366,170,170,223
3339,170,166,218
3350,171,172,222
3343,173,163,219
3343,171,177,221
3338,178,174,213
3329,174,160,197
3350,166,166,220
3355,165,188,212
3368,162,155,212
3326,163,169,202
3332,168,183,215
3334,170,171,219
3332,164,186,211
3357,158,159,223
3320,161,170,204
3335,161,181,205
3329,164,165,209
3341,160,181,209
3341,166,178,184
3335,162,166,212
3416,175,159,190
3344,176,165,194
3365,166,163,218
3349,174,161,204
3329,161,168,196
3342,167,153,204
3333,166,212,200
3357,165,12,200
3337,170,161,196
3330,157,156,212
3293,164,169,210
3329,157,179,183
3338,161,160,200
3345,169,155,181
3370,139,164,197
3352,161,166,228
3336,166,150,195
3336,193,156,185
3346,175,164,177
3360,168,98,205
3347,184,154,208
3343,154,158,180
3341,164,153,191
3344,237,158,183
3335,156,162,237
3332,166,160,190
3336,248,149,192
3329,164,161,200
3317,172,182,193
3342,155,165,190
3336,168,166,195
3332,180,178,69
3344,166,174,201
3335,140,185,206
3349,160,190,208
3443,185,174,266
3461,167,184,228
3347,165,175,236
3327,155,212,221
3342,165,178,220
3331,159,200,219
3351,161,203,220
3341,158,177,219
3344,157,196,218
3337,161,189,216
3312,155,199,213
3350,154,194,212
3330,167,173,220
3348,156,192,208
3353,56,192,208
3348,145,188,195
3343,154,191,197
3351,123,189,194
3196,166,190,181
3333,167,180,192
3339,161,189,181
3339,162,192,178
3331,162,197,184
3339,144,196,186
3345,164,174,192
3343,185,194,185
3347,157,181,179
3347,160,204,153
3340,157,189,172
3332,265,191,174
3341,149,191,175
3343,153,160,188
3348,161,220,174
3350,157,173,174
3394,154,193,164
3349,153,196,175
3361,138,207,169
3351,148,199,166
3333,148,246,168
3343,42,198,163
3368,147,196,160
3339,172,185,241
3386,159,192,155
3357,167,186,163
3343,163,196,162
3342,149,204,80
3332,166,181,161
3342,137,196,164
3344,166,183,162
3351,170,189,162
3343,160,179,162
3353,153,187,160
3339,150,184,164
3349,164,203,161
3354,177,182,157
3357,166,178,162
3335,182,180,106
3333,164,179,148
3345,163,170,153
3347,158,180,173
3336,166,190,158
3344,162,170,160
3345,159,187,177
3340,163,176,158
3341,165,173,160
3362,157,162,171
3328,170,159,160
3380,156,161,156
3350,162,172,162
3351,169,172,97
3337,155,175,153
3334,148,69,150
3346,147,156,152
3318,155,181,166
3338,156,176,154
3345,154,178,146
3328,136,249,156
3345,153,169,152
3333,155,174,153
3327,171,177,138
3343,148,173,141
3339,137,175,150
3342,146,187,141
3341,158,167,132
3341,105,172,145
3327,164,174,145
3351,145,171,140
3347,146,161,148
3345,151,173,145
3350,201,180,146
3336,156,166,164
3348,144,181,142
3351,169,175,149
3336,140,181,148
3333,155,180,149
3342,142,209,153
3343,130,184,151
3339,144,171,155
3348,140,182,147
3342,141,177,156
3331,156,174,155
3364,140,182,154
3336,129,196,157
3354,128,178,157
3356,138,153,160
3347,144,182,152
3350,140,171,161
3348,146,176,155
3340,148,152,155
3350,138,173,144
3346,144,178,151
3358,127,176,147
3357,148,178,151
3330,137,184,161
3334,141,153,143
3331,143,183,152
3365,182,158,158
3350,140,172,149
3335,144,172,145
3331,137,184,129
3352,108,179,149
3364,136,165,150
3342,135,170,145
3354,130,170,152
3338,137,173,164
3212,118,168,123
3342,136,170,156
3333,136,170,154
3341,137,166,157
3352,148,168,161
3353,128,177,186
3344,119,175,221
3318,137,164,206
3330,143,189,237
3354,139,169,235
3401,120,186,245
3348,141,177,210
3296,137,175,228
3350,139,196,231
3344,145,174,207
3316,141,180,229
3426,145,174,249
3349,130,175,234
3323,134,183,242
3337,143,170,240
3322,138,173,241
3342,155,175,241
3339,104,187,245
3354,114,187,242
3334,140,185,228
3362,149,278,238
3360,140,168,232
3352,138,164,228
3349,140,168,226
3342,110,163,225
3363,136,161,217
3335,135,162,210
3345,65,164,218
3323,131,309,220
3352,153,162,217
3338,137,161,210
3346,152,158,97
3359,139,163,204
3342,142,162,205
3350,134,160,196
3350,138,150,194
3323,135,221,204
3340,134,163,216
3343,140,162,196
3344,20,160,192
3345,140,149,185
3444,140,160,179
3355,139,155,177
3355,140,157,184
3347,138,158,212
3350,161,154,218
3341,133,160,216
3351,147,157,212
3330,137,155,207
3348,129,157,206
3329,134,148,195
3335,128,175,208
3339,137,181,228
3345,140,156,202
3349,134,151,201
3333,135,168,199
3337,136,161,206
3341,151,157,197
3318,131,160,175
3340,133,150,217
3349,128,157,199
3350,126,166,205
3352,103,168,200
3345,131,168,187
3328,131,181,195
3346,128,166,194
3340,131,169,207
3324,130,176,177
3336,133,184,197
3341,128,141,190
3352,139,167,195
3324,129,166,179
3355,128,169,190
3333,125,169,186
3443,104,164,188
3324,129,165,180
3353,228,155,186
3343,140,149,205
3345,116,163,187
3350,128,177,188
3344,110,164,180
3350,20,148,178
3352,125,185,173
3354,147,171,178
3343,128,148,199
3348,121,172,172
3347,138,130,175
3333,133,158,162
3359,128,156,174
3354,130,162,170
3341,109,167,161
3338,122,172,170
3331,143,164,158
3336,139,163,311
3333,153,163,147
3364,161,174,164
3354,155,160,170
3350,157,167,168
3359,148,181,158
3363,167,172,168
3352,146,182,178
3345,154,171,168
3341,153,168,150
3334,144,172,168
3332,157,187,180
3331,134,166,228
3329,155,172,173
3344,156,157,146
3296,156,172,169
3345,152,184,150
3381,119,165,160
3353,152,179,160
3338,140,168,158
3356,279,169,154
3359,145,176,168
3352,150,180,161
3349,149,170,180
3345,147,160,155
3322,172,161,157
3344,147,154,134
3342,146,160,153
3346,153,166,152
3295,145,163,157
3337,146,160,150
3358,146,295,158
3346,153,154,146
3338,144,153,154
3338,144,141,156
3338,144,157,177
3331,139,13,156
3348,140,156,169
3413,122,159,54
3348,141,174,185
3354,145,164,195
3310,138,170,183
3353,130,179,181
3258,149,169,265
3356,152,158,176
3336,156,141,185
3337,128,160,174
3342,136,168,198
3339,132,165,231
3338,126,183,229
3327,121,164,242
3337,125,151,260
3306,131,162,157
3346,136,172,262
3355,132,163,233
3367,124,168,243
3378,135,144,243
3352,136,160,301
3353,133,172,238
3350,130,165,240
3345,132,164,235
3347,128,136,248
3353,136,136,232
3375,130,162,236
3333,135,107,232
3316,129,170,236
3328,129,162,260
3334,131,167,216
3330,121,166,232
3335,119,169,228
3342,132,179,223
3345,139,144,220
3354,136,143,227
3352,135,158,233
3349,112,178,219
3359,135,183,209
3354,120,189,211
3353,126,179,209
3344,126,172,228
3344,140,164,225
3372,132,178,198
3346,134,172,197
3339,125,192,193
3368,136,159,205
3352,134,174,192
3343,133,171,205
3309,143,174,199
3344,133,183,189
3336,135,173,192
3348,137,170,189
3345,140,172,181
3348,140,176,182
3373,130,170,204
3354,117,178,184
3345,118,173,191
3351,128,154,195
3355,129,178,194
3328,125,141,196
3258,131,168,179
3357,125,147,188
3344,100,157,208
3313,154,168,152
3352,150,159,192
3356,152,168,202
3355,149,156,200
3356,154,155,193
3353,142,165,184
3365,153,182,182
3355,164,159,176
3346,151,145,186
3354,167,140,195
3363,148,166,178
3375,150,164,192
3354,150,174,182
3351,132,162,175
3352,165,144,176
3343,135,166,171
3353,148,161,176
3347,150,151,180
3360,11,162,172
3347,152,158,177
3337,225,162,170
3335,144,158,168
3352,138,160,185
3347,142,156,169
3354,152,150,248
3334,141,162,170
3353,241,138,168
3353,152,138,169
3362,138,156,177
3341,138,160,172
3344,128,156,164
3346,145,153,98
3350,136,144,171
3341,150,156,205
3335,141,152,166
3336,122,153,172
3334,134,167,175
3329,205,162,179
3344,120,176,147
3338,121,167,157
3349,135,158,184
3344,152,189,169
3356,133,125,175
3343,149,153,238
3342,117,166,173
3355,142,156,168
3330,139,153,168
3350,144,145,153
3351,145,150,168
3345,122,157,253
3342,145,167,176
3352,137,178,175
3328,141,164,176
3346,138,144,173
3346,141,153,175
3363,128,165,171
3367,144,163,170
3346,142,157,168
3346,142,160,164
3341,120,155,144
3359,136,165,157
3326,137,159,156
3370,132,181,160
3338,134,106,158
3376,134,156,163
3348,147,142,167
3361,134,156,146
3345,112,154,113
3357,133,157,142
3337,134,155,149
3350,135,188,157
3337,152,153,150
3352,118,154,213
3345,194,152,152
3345,135,153,152
3347,117,153,153
3343,137,144,161
3331,149,151,156
3373,136,136,153
3356,0,151,161
3347,107,146,162
3342,122,154,168
3329,116,164,159
3333,134,165,160
3345,20,158,161
3354,148,164,141
3349,130,157,156
3354,121,175,156
3356,134,160,154
3348,112,154,167
3347,138,182,160
3351,141,41,156
3362,157,144,167
3363,197,160,165
3373,132,43,169
3345,126,160,161
3357,132,160,172
3346,135,147,163
3366,126,156,181
3366,132,157,172
3346,130,156,164
3353,137,176,167
3330,132,159,156
3348,131,155,163
3338,149,156,174
3351,131,164,182
3343,122,153,187
3344,130,144,192
3356,120,246,198
3348,129,153,171
3339,106,171,185
3343,126,161,181
3357,121,214,202
3342,134,163,189
3334,130,175,186
3349,133,186,204
3355,136,176,182
3347,139,205,184
3354,120,175,181
3355,143,60,171
3347,135,174,179
3355,163,168,179
3341,136,168,177
3347,127,172,180
3349,112,172,175
3333,116,170,173
3328,140,172,193
3344,137,170,179
3344,146,174,179
3347,30,160,178
3355,136,168,177
3364,146,145,180
3354,136,176,182
3349,150,174,250
3346,123,182,184
3337,138,189,182
3337,143,161,172
3340,133,236,180
3355,134,171,112
3368,140,152,198
3326,143,195,208
3323,144,164,214
3355,121,162,217
3330,146,145,220
3346,116,181,232
3341,125,175,235
3331,144,178,234
3344,136,167,234
3348,150,166,219
3354,128,192,224
3358,128,166,230
3357,131,172,228
3355,128,163,236
3359,133,178,232
3354,128,179,229
3358,134,165,231
3355,128,180,220
3353,112,182,224
3338,225,175,224
3343,126,179,219
3337,123,158,221
3346,125,174,219
3353,137,174,212
3346,125,151,219
3332,86,183,209
3353,125,171,214
3356,127,162,221
3366,139,169,222
3347,118,168,207
3326,127,173,190
3364,125,165,212
3343,131,169,223
3266,116,165,212
3352,125,156,220
3352,124,170,231
3349,128,161,192
3370,104,167,206
3236,125,166,200
3338,125,184,201
3352,143,151,205
3344,139,189,201
3366,121,172,195
3345,82,173,193
3350,130,179,194
3346,147,182,194
3353,129,181,193
3357,136,136,174
3351,124,185,186
3354,117,177,188
3430,114,179,59
3351,220,183,170
3348,126,178,187
3358,128,180,186
3348,129,128,177
3338,102,177,181
3334,129,175,164
3357,92,176,172
3328,131,173,108
3413,128,174,168
3377,126,170,178
3348,119,183,171
3340,139,167,172
3341,137,169,164
3348,114,164,181
3356,133,171,166
3360,124,156,166
3355,127,152,167
3338,135,181,154
3365,125,40,160
3353,134,168,232
3339,126,211,162
3345,115,176,158
3355,130,169,158
3355,129,152,160
3349,180,159,155
3298,117,178,110
3353,129,172,150
3326,117,195,164
3347,195,176,169
3346,58,174,179
3359,118,173,176
3338,127,182,191
3349,117,175,173
3345,130,173,187
3344,139,177,177
3367,130,175,177
3352,138,164,250
3295,133,174,174
3339,136,192,196
3343,131,170,166
3346,129,165,153
3342,138,148,177
3340,128,179,176
3347,144,168,171
3340,119,182,167
3356,128,167,184
3354,142,164,170
3222,131,162,177
3353,174,155,169
3353,138,182,167
3356,138,142,171
3352,141,167,162
3344,138,165,160
3348,141,263,162
3353,136,173,165
3359,140,138,158
3347,138,181,160
3349,131,162,156
3347,160,154,164
3364,112,167,162
3333,130,164,174
3323,118,177,170
3345,194,161,169
3354,214,172,168
3373,116,165,177
3369,130,163,182
3356,136,162,189
3356,131,166,183
3350,124,148,183
3325,150,162,180
3341,133,160,177
3348,133,172,174
3407,146,158,256
3340,145,160,180
3341,139,183,180
3349,137,165,177
3353,128,164,178
3357,150,153,168
3380,135,162,183
3346,126,156,172
3355,136,161,169
3348,136,129,170
3334,128,161,181
3353,133,185,180
3362,137,146,176
3352,142,160,172
3355,186,154,152
3341,138,170,176
3341,136,166,166
3338,295,161,176
3337,147,151,160
3331,138,180,160
3340,137,160,176
3452,120,164,178
3343,91,153,165
3349,133,178,165
3354,136,160,170
3353,137,153,228
3355,104,175,176
3341,132,226,168
3351,150,189,152
3336,125,209,170
3355,135,152,162
3355,133,135,167
3343,159,171,154
3336,118,185,156
3354,137,170,160
3334,130,173,158
3355,131,142,167
3342,133,167,167
3339,139,167,163
3341,126,156,164
3326,130,164,159
3362,120,165,167
3332,130,158,151
3356,0,162,158
3352,137,165,169
3325,130,176,161
3356,138,164,168
3364,123,67,158
3361,130,163,144
3363,117,162,156
3345,125,161,153
3340,145,153,160
3311,128,165,148
3334,128,170,157
3329,136,184,156
3336,115,164,152
3332,137,163,160
3329,139,155,152
3343,144,178,160
3356,141,168,156
3346,140,180,158
3352,139,163,157
3352,147,170,155
3354,144,163,153
3352,141,186,151
3372,134,176,164
3354,137,177,167
3342,138,178,161
3369,148,190,134
3330,137,180,163
3348,135,170,164
3339,114,177,180
3340,128,185,166
3336,225,196,168
3207,135,178,144
3380,134,157,163
3332,120,184,153
3358,135,167,160
3354,250,172,161
3365,129,180,172
3355,110,171,157
3354,148,161,148
3357,137,165,154
3340,164,158,149
3330,133,168,162
3346,134,168,143
3337,143,189,163
3337,133,171,180
3340,140,167,161
3335,138,172,162
3347,139,170,154
3339,111,169,165
3342,132,160,163
3356,144,166,151
3353,131,156,153
3270,136,167,164
3323,126,180,166
3351,144,168,144
3347,145,163,160
3354,132,166,153
3352,124,163,160
3351,134,164,158
3355,129,163,105
3337,144,162,153
3353,121,181,164
3338,136,154,158
3331,109,165,145
3336,149,152,175
3338,137,165,162
3362,133,170,164
3404,134,168,157
3349,122,187,151
3351,129,144,168
3353,123,183,173
3363,116,187,178
3347,115,184,174
3477,118,198,177
3354,129,197,172
3367,128,207,191
3315,126,196,168
3349,127,189,181
3353,124,124,181
3344,80,192,173
3337,131,216,186
3339,128,192,203
3341,128,178,202
3346,128,186,205
3344,132,189,203
3358,121,187,138
3340,126,178,204
3345,134,186,223
3355,125,172,203
3351,106,185,206
3357,0,180,211
3347,151,178,217
3354,122,186,227
3342,134,160,232
3345,122,172,230
3343,117,181,224
3334,103,179,225
3339,122,178,226
3346,120,181,230
3317,128,174,247
3346,125,176,260
3354,144,171,245
3326,124,182,258
3345,125,174,256
3335,142,177,234
3348,116,180,269
3331,130,179,160
3354,16,179,243
3353,120,175,242
3345,104,178,251
3352,122,83,248
3329,121,342,241
3354,108,179,233
3362,105,176,280
3373,102,185,217
3349,129,175,238
3345,129,147,234
3348,111,176,223
3336,126,158,222
3511,121,171,216
3346,123,145,226
3328,119,166,199
3342,117,173,238
3320,129,174,135
3330,121,176,212
3341,131,170,211
3348,111,170,212
3358,113,165,235
3342,103,185,210
3369,68,180,210
3352,132,176,216
3340,142,187,202
3349,141,181,205
3363,140,180,201
3341,142,181,183
3348,140,165,194
3342,137,175,192
3343,140,162,201
3342,154,175,200
3248,136,172,138
3341,160,174,204
3328,162,178,207
3353,158,162,201
3354,158,170,209
3363,147,181,209
3333,154,232,206
3342,155,175,196
3335,150,176,200
3343,149,179,205
3348,147,178,193
3353,159,175,223
3338,145,177,190
3341,154,160,224
3346,150,174,223
3340,146,161,232
3344,154,185,253
3351,128,178,273
3346,60,176,228
3341,149,185,227
3352,146,168,222
3377,147,178,202
3352,149,176,223
3349,157,176,212
3335,143,193,222
3331,146,174,226
3340,128,177,216
3335,155,179,213
3338,144,169,209
3335,151,178,208
3337,162,164,206
3343,143,174,198
3344,143,178,202
3339,149,177,176
3349,115,174,196
3340,157,164,191
3345,139,172,194
3355,158,172,188
3367,137,112,199
3354,130,168,183
3331,142,182,184
3355,138,172,208
3351,137,185,185
3346,125,183,179
3342,137,179,154
3343,133,181,176
3342,237,182,174
3339,134,160,177
3332,113,181,185
3344,131,182,185
3340,140,172,230
3340,136,180,177
3334,106,178,183
3330,131,207,173
3352,126,178,183
3345,131,173,171
3352,102,173,170
3321,131,184,161
3349,134,184,152
3345,129,145,157
3330,123,174,166
3339,132,171,165
3337,133,182,147
3319,125,20,157
3349,158,156,168
3337,113,174,169
3330,136,162,238
3365,137,168,160
3361,132,168,158
3346,123,179,64
3358,130,170,154
3329,123,167,142
3350,124,167,180
3355,128,165,164
3361,147,143,176
3335,142,164,164
3346,130,152,165
3311,128,167,173
3358,137,170,173
3348,146,164,172
3336,137,168,172
3249,142,166,172
3330,125,172,171
3333,150,155,161
3342,137,177,158
3333,134,152,200
3338,141,160,169
3331,148,174,169
3326,158,159,171
3341,221,172,172
3340,164,182,96
3345,171,172,171
3341,162,185,171
3421,156,164,52
3327,164,172,179
3341,151,183,144
3249,162,183,171
3332,186,173,165
3281,157,175,174
3317,160,177,168
3344,157,164,175
3345,168,190,172
3332,161,176,168
3351,160,171,170
3358,154,146,166
3340,138,186,123
3346,153,189,159
3353,151,169,165
3343,155,168,172
3347,151,169,203
3360,146,170,201
3353,144,168,205
3341,144,168,201
3337,152,165,200
3351,138,167,292
3215,149,165,201
3318,148,167,186
3338,267,165,194
3329,152,161,194
3341,132,165,238
3336,148,172,191
3332,149,183,194
3329,162,173,198
3336,147,173,197
3348,162,184,176
3341,151,180,196
3369,126,204,199
3415,144,194,204
3367,150,192,215
3445,149,190,188
3351,143,195,181
3345,144,191,198
3354,142,193,199
3339,133,239,179
3355,151,164,189
3340,155,194,193
3338,128,188,197
3337,154,182,187
3337,138,185,188
3338,136,163,184
3338,89,175,190
3346,139,186,182
3347,136,163,185
3326,119,205,149
3414,137,179,190
3301,146,177,178
3332,136,181,177
3340,138,162,184
3332,146,193,188
3351,137,165,182
3351,136,192,220
3333,124,151,175
3345,160,173,180
3350,126,189,181
3349,144,186,81
3351,144,216,184
3365,134,96,181
3343,142,102,190
3361,133,191,221
3344,144,189,193
3342,145,184,185
3337,136,190,182
3362,144,273,185
3345,146,174,205
3338,131,184,188
3344,116,191,160
3339,125,187,185
3353,126,168,179
3346,152,180,175
3353,162,151,185
3342,162,188,175
3332,177,168,181
3344,175,187,164
3373,180,160,180
3348,193,173,178
3348,167,175,178
3345,172,156,190
3338,173,175,170
3356,173,174,194
3355,169,182,175
3355,166,171,178
3339,174,158,177
3344,141,170,185
3348,164,155,169
3344,158,168,176
3340,151,173,180
3333,322,179,214
3331,186,187,215
3338,182,196,250
3335,167,203,234
3339,169,181,225
3348,165,194,225
3357,157,198,222
3350,156,199,279
3349,162,193,221
3350,163,198,228
3349,165,209,238
3343,144,204,246
3341,160,199,242
3280,168,208,236
3343,66,218,234
3318,154,218,233
3348,157,202,247
3341,156,200,237
3343,143,207,236
3328,143,201,234
3337,158,213,232
3340,156,155,216
3345,155,198,233
3356,152,147,234
3334,149,197,227
3348,154,196,224
3358,154,181,234
3357,157,183,250
3357,152,194,228
3380,148,195,234
3348,147,200,220
3342,128,190,217
3348,148,192,211
3368,143,84,206
3338,151,190,226
3344,108,203,206
3347,130,188,206
3334,144,183,194
3381,141,184,207
3339,144,188,197
3342,156,169,201
3341,144,190,204
3322,148,191,193
3375,140,198,197
3352,149,230,202
3354,162,154,192
3220,141,192,196
3329,135,206,193
3351,135,174,192
3342,150,178,191
3366,139,105,190
3344,158,171,190
3342,139,189,197
3350,142,192,182
3343,139,188,178
3344,138,188,195
3345,140,192,187
3388,122,201,179
3333,140,178,172
3349,153,170,187
3355,138,177,175
3354,137,184,176
3360,134,181,172
3362,133,171,178
3367,135,169,174
3361,137,157,170
3348,132,181,185
3337,117,186,182
3341,108,178,185
3353,134,153,165
3355,150,177,178
3345,133,171,179
3374,132,170,200
3348,134,170,200
3334,134,309,207
3331,132,179,215
3340,134,188,225
3353,132,189,219
3344,121,194,217
3345,119,193,216
3349,102,200,196
3349,133,214,202
3372,179,185,222
3351,140,195,211
3351,145,193,204
3359,133,198,204
3341,127,194,202
3373,132,171,198
3344,141,213,203
3340,136,203,130
3344,141,189,203
3352,137,197,193
3377,153,178,238
3351,135,189,195
3340,138,186,163
3331,133,188,189
3343,126,157,176
3350,150,181,252
3332,130,182,183
3358,134,180,192
3361,132,182,160
3369,129,256,185
3346,136,182,175
3339,133,181,194
3367,146,121,194
3346,157,180,184
3338,158,180,177
3342,160,164,184
3338,158,184,183
3341,161,156,183
3339,170,182,175
3326,155,183,182
3353,158,185,186
3351,163,215,181
3352,158,184,174
3358,140,187,164
3387,168,172,181
3355,164,182,181
3354,144,176,216
3356,164,179,176
3348,163,199,170
3330,251,178,173
3341,228,157,173
3351,138,176,172
3399,158,176,167
3359,145,172,162
3349,277,174,169
3319,154,175,168
3358,157,172,158
3334,153,180,153
3308,147,198,154
3356,160,168,178
3362,139,160,176
3421,150,170,176
3340,164,171,171
3347,126,168,177
3348,150,161,180
3350,149,166,184
3363,137,166,186
3343,157,184,163
3344,149,155,172
3352,150,164,186
3365,148,49,185
3344,151,164,185
3338,147,166,186
3370,123,161,185
3376,151,149,188
3355,116,148,204
3355,148,163,182
3367,118,172,173
3363,146,171,178
3352,146,160,205
3376,157,147,208
3357,147,166,209
3354,154,160,214
3379,146,156,220
3359,128,160,230
3345,133,162,224
3338,140,178,230
3324,143,288,240
3338,197,185,243
3345,146,189,240
3342,147,189,238
3337,144,230,230
3351,156,175,237
3352,151,178,227
3373,121,187,228
3354,141,178,228
3347,160,186,202
3368,136,194,223
3359,150,200,223
3356,154,222,218
3373,148,130,229
3439,154,204,216
3338,146,203,212
3341,152,203,207
3479,151,200,201
3346,148,198,215
3340,149,198,193
3345,145,190,216
3328,150,196,205
3351,121,199,204
3368,152,180,205
3346,163,190,186
3354,164,197,200
3338,144,189,205
3362,128,202,195
3362,152,180,204
3354,142,175,213
3352,124,182,211
3363,141,197,191
3362,134,186,297
3337,150,184,208
3341,158,188,204
3353,154,181,219
3362,162,178,204
3330,153,180,199
3334,131,178,198
3351,128,202,200
3352,150,176,194
3334,152,178,191
3347,130,196,201
3352,130,182,201
3348,133,180,210
3361,266,179,199
3344,148,190,200
3352,77,189,196
3330,159,196,199
3363,133,187,176
3341,123,188,202
3341,126,185,196
3360,137,186,198
3344,144,192,177
3343,117,199,191
3344,148,184,205
3337,218,181,175
3349,154,161,200
3337,139,180,190
3356,142,194,205
3349,146,190,198
3364,128,202,192
3355,141,183,204
3328,140,198,182
3417,139,196,198
3346,132,202,213
3341,147,220,193
3350,136,188,196
3333,137,207,198
3352,134,189,192
3344,125,178,203
3321,152,191,192
3339,147,186,192
3355,171,180,184
3352,145,185,197
3318,148,185,188
3349,153,183,189
3356,149,174,180
3331,143,76,185
3349,103,175,210
3345,151,185,179
3365,140,184,187
3355,166,180,182
3337,146,184,178
3350,163,184,175
3340,135,179,177
3345,148,166,192
3343,146,174,182
3347,167,164,176
3349,146,180,183
3341,119,178,174
3353,129,183,185
3343,145,186,173
3333,162,181,176
3356,137,162,172
3364,169,174,166
3370,143,169,180
3369,18,174,171
3356,144,178,168
3345,148,164,170
3351,183,176,171
3356,135,217,186
3339,157,171,160
3348,137,173,174
3341,130,169,169
3315,151,181,187
3353,184,182,195
3354,160,204,180
3363,161,157,182
3431,153,190,188
3358,148,189,193
3364,153,100,199
3357,136,205,202
3363,165,181,196
3363,159,185,195
3397,138,209,231
3357,156,216,230
3231,157,201,231
3375,162,201,229
3361,162,199,226
3369,125,208,230
3203,157,195,209
3340,160,185,226
3371,155,200,229
3351,172,185,226
3371,133,208,236
3345,151,192,225
3350,153,192,218
3328,151,191,215
3352,152,204,208
3388,142,180,213
3363,149,187,228
3363,143,186,243
3374,146,190,257
3359,146,200,249
3356,148,187,259
3352,144,182,226
3350,142,183,244
3354,164,186,243
3356,141,189,237
3362,145,172,273
3339,143,180,262
3348,153,184,278
3354,143,184,260
3364,140,181,282
3357,138,180,291
3367,139,159,278
3366,166,188,273
3356,131,183,278
3362,141,184,246
3354,137,211,267
3356,140,190,257
3349,140,182,256
3362,140,188,248
3349,132,195,246
3354,153,178,323
3356,150,186,239
3359,160,157,239
3358,149,156,243
3352,152,184,250
3358,151,266,242
3355,146,177,246
3353,144,180,222
3351,146,177,225
3347,152,182,236
3351,150,197,229
3354,234,187,233
3358,118,198,244
3372,143,189,234
3341,150,179,240
3363,138,181,232
3387,137,168,261
3373,133,193,246
3356,126,180,311
3360,139,183,247
3357,135,165,259
3350,143,182,253
3340,142,176,239
3350,116,192,259
3369,141,173,260
3375,144,178,253
3358,136,177,269
3360,122,171,229
3373,140,174,232
3361,142,147,234
3369,140,173,233
3364,139,160,235
3339,133,245,233
3358,135,183,156
3360,146,152,228
3360,128,181,222
3368,133,164,217
3348,135,170,197
3349,134,157,211
3354,136,170,216
3354,124,177,212
3347,137,147,219
3348,13,171,210
3349,131,167,228
3349,137,176,211
3347,111,172,215
3371,132,173,225
3344,118,180,229
3371,134,170,270
3322,131,175,266
3370,130,185,266
3351,0,174,273
3350,137,168,273
3352,147,181,275
3367,151,206,265
3372,138,180,266
3355,144,181,257
3365,144,173,256
3377,136,176,261
3344,142,180,258
3357,147,152,258
3353,155,177,253
3347,174,184,263
3382,86,174,248
3375,161,165,244
3375,128,155,246
3366,144,165,248
3374,150,180,244
3353,139,168,241
3341,138,171,238
3372,122,168,241
3343,148,174,249
3362,125,171,280
3369,135,173,249
3364,133,176,238
3540,135,181,247
3363,142,162,266
3341,218,197,245
3347,148,179,226
3359,131,178,329
3366,140,45,231
3358,137,176,232
3366,0,176,231
3368,195,161,244
3365,117,159,279
3364,136,166,265
3354,134,168,265
3353,107,178,281
3318,137,176,270
3348,101,170,268
3363,145,164,261
3360,117,169,260
3384,139,116,262
3352,145,182,252
3366,140,159,256
3358,141,178,249
3369,126,177,245
3354,138,157,248
3339,136,167,249
3357,210,164,243
3330,137,174,244
3357,132,160,256
3365,147,156,244
3346,136,190,240
3360,133,141,237
3346,132,215,239
3379,135,25,224
3355,137,151,232
3349,108,161,229
3339,128,157,226
3357,135,160,232
3360,135,172,214
3323,152,132,231
3345,152,148,236
3349,132,163,228
3326,128,228,228
3366,134,161,211
3367,195,140,220
3359,133,161,233
3358,156,140,240
3344,120,163,221
3346,130,160,234
3348,132,165,232
3347,128,164,233
3350,149,163,223
3360,135,189,230
3359,133,193,235
3360,135,181,224
3349,132,163,228
3408,143,166,193
3348,128,182,221
3354,130,137,218
3329,128,169,200
3351,124,159,208
3372,154,162,204
3383,120,159,204
3369,102,162,209
3364,130,184,194
3360,122,165,199
3359,128,164,195
3342,142,162,144
3384,128,157,197
3359,107,183,194
3363,135,162,202
3350,129,183,180
3379,131,149,186
3357,133,145,203
3357,116,161,182
3424,145,160,280
3350,117,160,158
3353,120,140,185
3353,81,155,179
3364,151,156,176
3350,121,155,180
3365,124,170,172
3337,110,169,178
3354,132,150,184
3361,117,150,224
3362,130,162,185
3349,128,133,176
3366,126,111,199
3339,126,138,184
3346,78,151,198
3352,147,154,194
3347,118,150,196
3352,128,183,195
3323,125,166,192
3351,124,150,184
3343,134,150,186
3366,130,177,180
3319,137,148,184
3346,128,148,201
3359,211,169,194
3373,134,145,194
3359,138,157,192
3262,146,151,195
3345,138,170,205
3352,138,153,223
3356,166,144,209
3344,159,147,225
3232,132,149,219
3349,132,150,157
3350,150,142,202
3331,134,147,194
3350,175,148,196
3336,140,153,110
3345,125,148,195
3358,132,146,191
3374,140,148,66
3374,135,146,185
3361,134,115,193
3357,126,144,180
3376,133,145,174
3333,134,148,257
3339,129,145,178
3337,140,160,175
3418,132,146,172
3351,131,145,175
3330,124,143,174
3349,120,164,174
3342,41,129,168
3422,133,144,160
3351,126,148,174
3340,128,145,161
3362,128,134,176
3363,123,186,168
3368,129,155,166
3370,126,136,166
3343,128,158,167
3358,126,136,162
3330,135,152,163
3349,129,144,158
3385,132,50,161
3353,128,143,176
3365,112,140,171
3368,130,145,175
3357,122,143,175
3342,131,140,172
3359,125,135,178
3368,129,144,169
3363,125,144,168
3357,132,109,173
3342,131,137,172
3361,131,147,203
3358,118,149,184
3358,100,153,190
3363,128,146,185
3367,126,158,179
3371,128,59,203
3360,128,161,188
3347,118,158,183
3337,138,156,106
3349,128,157,173
3368,121,154,202
3354,125,152,182
3364,116,233,196
3463,128,151,174
3348,125,172,173
3338,124,152,162
3357,100,154,175
3354,123,152,213
3343,119,161,195
3348,126,163,226
3355,133,154,219
3373,122,168,220
3358,128,140,227
3391,126,139,212
3364,130,190,214
3359,123,137,208
3345,124,183,225
3367,124,272,206
3388,126,157,195
3346,139,167,203
3339,122,111,202
3343,112,172,200
3350,117,156,199
3338,121,180,197
3371,112,155,198
3366,119,149,191
3359,125,170,214
3358,114,153,204
3344,123,152,205
3356,116,153,213
3379,117,157,216
3363,103,160,234
3355,120,158,221
3357,116,161,209
3351,118,162,191
3344,123,160,208
3350,98,175,213
3350,125,168,204
3355,119,170,205
3346,138,133,210
3354,125,156,222
3363,116,153,197
3332,133,157,192
3355,91,167,208
3355,127,154,212
3354,119,160,206
3353,128,152,222
3348,126,165,213
3363,110,175,201
3390,110,180,214
3352,112,164,231
3349,138,167,224
3352,145,211,215
3368,141,165,234
3331,144,180,223
3353,91,163,224
3370,139,154,231
3371,131,161,215
3357,24,166,216
3356,148,172,231
3360,137,170,218
3367,136,122,236
3368,128,200,219
3357,140,187,230
3367,134,173,224
3401,133,186,214
3367,132,177,219
3353,121,180,224
3346,140,170,217
3348,142,175,208
3369,136,170,213
3341,138,168,206
3341,117,172,218
3355,133,165,210
3333,130,8,202
3358,129,86,197
3358,140,164,190
3382,128,138,202
3376,129,175,218
3357,139,58,197
3361,130,162,198
3373,124,162,204
3350,121,169,219
3349,207,161,240
3352,113,179,244
3348,123,155,264
3344,125,150,248
3350,133,163,245
3234,110,167,193
3353,129,184,238
3378,126,183,244
3346,132,177,260
3344,128,202,239
3344,141,190,211
3366,126,195,238
3379,123,210,230
3309,128,232,281
3382,153,245,272
3355,124,235,269
3357,115,234,273
3375,122,231,274
3355,112,232,277
3366,121,227,275
3335,128,229,262
3340,113,225,277
3363,56,203,264
3355,155,219,259
3372,105,234,260
3364,128,221,231
3347,121,225,270
3396,134,219,248
3352,141,205,244
3360,145,212,247
3384,164,208,240
3382,159,219,241
3360,176,197,250
3359,161,217,256
3339,172,208,260
3343,166,234,250
3357,156,206,258
3352,157,196,233
3345,148,212,237
3345,157,190,242
3396,162,200,244
3350,146,215,246
3360,160,201,249
3374,165,183,227
3353,161,183,222
3351,167,210,218
3519,170,193,232
3319,172,193,223
3357,168,190,222
3370,168,189,217
3356,226,202,238
3358,167,184,230
3365,156,196,241
3344,155,203,215
3357,170,193,215
3348,158,191,184
3358,188,188,213
3342,163,217,214
3348,161,186,211
3344,167,183,212
3348,176,160,217
3344,185,183,208
3358,155,182,207
3364,168,171,207
3349,162,58,185
3356,155,181,203
3350,154,228,215
3363,155,181,193
3350,178,175,203
3372,196,171,212
3359,136,197,189
3333,150,196,192
3365,166,188,197
3353,154,176,201
3343,136,218,188
3435,151,184,204
3257,133,180,62
3361,149,182,185
3372,173,186,190
3360,145,154,174
3358,122,187,179
3334,145,167,137
3334,144,172,177
3356,163,150,193
3301,157,167,176
3360,154,176,171
3337,149,245,179
3358,137,176,135
3415,164,173,257
3355,143,212,182
3352,146,165,193
3325,158,167,180
3347,147,166,210
3345,174,170,208
3351,145,168,209
3339,161,157,213
3349,150,166,213
3355,155,168,216
3366,153,163,209
3362,132,162,220
3387,157,145,240
3364,152,153,242
3379,141,164,256
3358,148,159,241
3354,145,154,245
3370,95,161,242
3355,148,160,244
3360,141,161,244
3339,159,158,261
3361,152,162,246
3350,162,164,233
3346,144,172,241
3352,150,155,246
3355,150,177,226
3347,182,149,233
3350,155,155,222
3340,158,161,204
3357,152,160,223
3356,152,148,235
3359,161,159,224
3347,153,158,220
3486,143,158,220
3348,150,145,217
3354,152,157,219
3389,132,164,174
3349,144,155,195
3335,151,162,198
3342,146,161,211
3355,148,162,205
3512,147,158,209
3343,143,158,206
3337,224,171,205
3323,149,154,203
3350,143,157,222
3370,142,157,205
3359,142,161,220
3357,141,138,218
3355,139,150,201
3359,103,155,224
3357,138,140,223
3356,138,155,227
3367,112,151,221
3317,141,154,209
3338,135,153,217
3363,155,151,216
3370,227,150,213
3380,128,154,222
3354,140,172,214
3349,155,131,222
3350,139,143,214
3356,124,153,214
3349,139,130,214
3334,134,145,214
3362,0,152,217
3353,133,147,197
3365,134,151,214
3348,141,148,219
3350,136,150,210
3345,133,165,203
3352,143,152,81
3378,136,132,203
3367,153,174,210
3356,123,157,202
3420,136,150,210
3356,138,150,200
3355,137,160,197
3347,134,131,192
3355,111,148,194
3358,160,144,192
3352,134,149,190
3359,136,147,189
3346,144,137,187
3363,138,138,189
3363,189,134,189
3354,124,163,187
3357,141,146,183
3345,138,182,186
3351,140,147,192
3350,160,148,184
3353,212,145,182
3346,141,171,192
3352,141,143,180
3347,140,133,182
3252,144,128,179
3357,133,156,179
3335,136,141,171
3341,139,170,170
3361,125,143,181
3363,134,144,149
3365,133,154,171
3358,133,162,169
3354,134,145,165
3349,141,149,182
3346,134,154,169
3371,130,154,170
3332,133,163,168
3347,133,155,160
3358,128,156,164
3355,137,158,160
3376,128,146,169
3337,143,135,166
3346,128,158,264
3339,160,153,192
3342,129,161,177
3353,132,153,160
3370,139,160,185
3362,130,157,188
3357,138,158,197
3347,136,155,187
3351,145,134,205
3329,138,160,184
3355,137,156,172
3344,136,168,173
3353,133,180,192
3354,132,155,180
3350,137,159,185
3278,142,157,182
3349,132,152,181
3356,107,158,176
3433,149,161,272
3353,132,155,158
3358,95,145,199
3342,131,155,174
3485,109,152,184
3493,131,153,179
3343,130,103,190
3356,136,128,187
3353,135,155,186
3356,128,142,188
3331,138,154,170
3342,143,173,176
3345,131,155,189
3345,141,144,189
3344,143,152,85
3344,132,168,188
3333,109,182,185
3353,131,162,185
3357,124,158,101
3360,131,160,198
3360,124,157,204
3359,107,164,204
3366,128,163,206
3360,128,161,196
3351,26,164,200
3347,128,160,196
3354,48,160,192
3360,116,156,279
3348,119,166,167
3371,122,158,198
3356,129,153,185
3346,128,168,206
3349,129,153,182
3347,121,153,182
3361,125,163,189
3350,135,166,179
3347,136,165,188
3354,151,164,167
3346,126,172,186
3345,145,162,192
3315,158,181,195
3349,141,169,192
3319,139,169,186
3363,154,180,205
3366,153,149,193
3350,155,168,194
3361,160,169,198
3354,178,143,197
3357,150,170,197
3355,150,149,193
3354,146,175,200
3347,139,170,194
3343,76,151,196
3353,151,169,213
3355,149,165,210
3358,143,168,216
3360,149,170,229
3364,145,175,221
3389,139,158,217
3353,94,193,220
3359,140,176,222
3335,152,187,230
3355,152,174,230
3353,149,149,239
3357,152,185,228
3350,150,168,207
3367,172,185,214
3353,148,178,216
3353,158,160,226
3347,147,163,214
3368,144,88,217
3333,158,170,206
3341,144,168,210
3356,141,168,216
3364,139,166,224
3382,144,162,219
3358,146,175,220
3349,128,161,219
3351,143,156,216
3360,142,176,219
3385,138,149,216
3368,143,139,215
3347,135,166,210
3345,141,165,212
3354,116,163,222
3332,139,234,213
3347,141,160,203
3348,146,171,211
3330,144,154,210
3359,138,171,212
3363,6,158,215
3355,128,206,212
3352,121,213,220
3325,149,164,216
3345,130,178,196
3344,181,164,218
3341,140,198,209
3375,128,188,216
3353,144,169,192
3358,117,189,204
3355,162,172,206
3341,132,179,202
3350,195,175,204
3347,136,192,200
3361,103,181,201
3349,136,164,199
3376,140,173,175
3352,131,163,210
3332,130,169,194
3357,132,168,200
3363,130,169,208
3355,128,201,185
3362,130,166,200
3360,128,148,200
3346,132,161,195
3387,129,165,197
3367,110,164,212
3362,128,163,202
3363,127,164,202
3350,122,155,204
3348,123,152,202
3350,129,169,192
3364,126,172,196
3345,208,169,196
3354,144,162,201
3373,132,150,197
3306,125,164,216
3346,99,163,176
3261,128,164,199
3365,129,163,199
3377,120,198,195
3365,123,148,195
3344,132,170,183
3343,227,160,184
3348,130,162,184
3340,130,150,186
3353,143,164,204
3346,145,160,189
3352,145,158,185
3338,136,170,192
3361,147,153,184
3360,144,158,183
3335,132,145,179
3363,137,141,182
3365,136,156,177
3388,140,157,170
3364,137,152,177
3367,133,183,182
3342,132,161,180
3317,149,151,192
3351,132,183,197
3372,131,173,204
3362,133,170,200
3356,153,173,192
3350,148,171,99
3355,138,174,203
3345,134,174,194
3345,146,181,201
3364,138,169,202
3325,137,181,200
3378,143,170,198
3357,158,165,194
3360,121,178,195
3365,140,179,192
3354,141,168,189
3360,121,189,189
3351,139,221,188
3365,144,173,192
3360,144,40,176
3346,144,176,168
3347,144,177,190
3342,143,171,192
3345,129,184,188
3347,130,176,193
3363,140,180,188
3364,141,70,196
3365,128,174,196
3374,134,167,196
3323,137,171,197
3357,129,170,271
3368,136,161,197
3363,128,172,194
3381,141,175,196
3365,134,178,202
3355,129,168,194
3370,136,296,201
3349,136,184,190
3349,135,166,197
3348,137,165,206
3344,111,166,189
3349,134,157,184
3338,134,167,185
3355,126,135,200
3347,136,177,177
3345,119,173,172
3345,133,164,168
3354,130,174,172
3366,139,170,184
3362,128,146,185
3348,132,161,186
3333,130,152,186
3468,114,156,185
3355,129,136,182
3362,124,133,179
3362,110,155,222
3349,140,156,194
3335,131,148,176
3340,133,156,178
3346,130,176,180
3343,122,160,174
3326,122,166,165
3366,138,140,177
3357,98,175,175
3370,121,162,181
3359,126,160,171
3352,200,173,179
3355,125,171,176
3359,132,161,186
3353,195,152,171
3358,125,163,172
3357,220,172,163
3357,125,158,171
3359,126,178,173
3344,107,155,171
3354,154,154,174
3360,20,133,178
3346,126,157,173
3328,128,109,179
3332,140,149,173
3350,160,142,186
3351,118,157,176
3363,144,149,186
3356,139,149,72
3357,84,152,169
3364,135,155,171
3364,117,151,170
3363,152,144,186
3357,130,151,169
3355,123,144,167
3298,147,155,163
3376,132,155,161
3346,134,128,157
3354,134,154,164
3346,160,135,171
3343,149,140,168
3352,124,153,165
3341,141,143,165
3357,128,152,161
3364,145,137,164
3235,134,150,151
3363,136,148,159
3374,140,247,165
3349,162,141,157
3359,133,139,138
3346,134,147,145
3348,133,147,157
3359,153,149,152
3347,141,133,147
3350,124,148,209
3343,132,150,154
3348,139,62,166
3462,137,162,137
3346,113,170,167
3356,134,167,165
3348,138,168,161
3343,152,158,157
3364,141,182,162
3346,138,179,140
3389,88,172,168
3365,148,173,166
3369,147,162,159
3364,147,184,160
3365,150,154,164
3347,147,160,160
3351,138,171,256
3335,143,119,172
3324,136,191,184
3331,153,176,179
3350,145,171,181
3343,139,181,182
3346,144,170,170
3352,138,196,180
3357,162,173,190
3336,140,178,189
3355,132,278,173
3355,141,177,186
3356,136,151,183
3350,139,177,184
3350,138,177,212
3352,139,180,208
3341,138,176,185
3346,144,193,186
3362,115,178,185
3341,153,179,173
3355,135,178,187
3350,135,175,167
3356,111,194,190
3343,113,172,191
3345,150,189,172
3355,134,166,195
3345,124,170,189
3365,119,176,201
3347,136,174,199
3346,133,18,193
3352,93,173,198
3351,156,170,199
3353,139,183,198
3356,150,170,200
3350,144,178,198
3353,154,149,200
3356,128,176,254
3333,137,332,200
3325,141,177,200
3353,154,171,197
3414,141,174,198
3361,144,178,175
3357,133,152,188
3341,153,152,189
3348,136,174,180
3355,130,171,184
3380,144,168,177
3352,136,168,180
3353,140,165,165
3364,123,168,170
3362,136,144,152
3349,137,194,165
3347,128,168,168
3332,132,122,165
3344,136,160,177
3345,146,158,173
3351,134,174,170
3349,132,155,165
3323,134,169,165
3362,129,162,168
3345,140,136,162
3339,136,155,166
3362,122,163,160
3360,132,164,164
3388,123,167,179
3364,200,163,162
3365,130,160,140
3366,124,162,123
3364,116,162,156
3371,122,165,167
3344,141,162,157
3349,139,160,170
3335,126,5,150
3357,115,176,141
3365,110,176,160
3340,130,168,151
3354,130,185,153
3346,75,155,153
3345,247,179,162
3379,100,173,153
3357,120,180,92
3359,137,176,155
3360,133,178,155
3354,130,112,155
3344,133,176,154
3349,137,175,159
3386,149,174,158
3346,136,170,152
3343,136,181,168
3330,133,175,148
3349,137,161,131
3344,238,149,145
3346,135,172,146
3344,115,164,152
3356,133,168,144
3355,129,165,147
3359,125,172,144
3349,133,166,137
3381,129,159,146
3346,127,166,151
3313,128,171,152
3355,136,183,164
3340,124,242,160
3363,138,173,152
3351,128,163,150
3370,119,165,149
3330,133,178,149
3348,134,165,215
3359,131,171,158
3322,129,168,144
3379,124,184,149
3351,126,164,157
3354,113,181,143
3345,106,167,147
3356,129,166,147
3340,121,164,160
3352,123,152,151
3352,121,188,155
3354,124,164,152
3349,128,158,145
3349,135,174,170
3345,129,177,169
3352,128,175,167
3360,125,176,177
3350,129,203,210
3337,136,177,220
3364,135,182,210
3357,137,174,215
3353,142,186,215
3360,26,175,208
3356,164,173,209
3364,142,172,209
3339,152,155,213
3347,151,173,209
3359,148,172,203
3351,149,171,203
3382,158,168,196
3356,143,173,209
3348,140,167,212
3337,148,177,199
3355,132,170,202
3322,152,179,197
3346,126,178,179
3344,146,172,235
3340,141,175,245
3356,155,185,206
3357,144,172,235
3349,130,185,220
3345,149,193,230
3357,143,90,239
3358,141,170,223
3357,135,177,223
3358,172,165,230
3354,148,170,226
3350,157,173,239
3264,147,174,222
3347,144,170,234
3353,160,175,221
3350,140,168,208
3363,145,149,230
3342,146,172,216
3370,142,172,222
3327,152,147,210
3215,145,170,220
3358,153,188,204
3331,139,120,223
3360,142,181,238
3350,140,168,238
3359,133,170,209
3357,145,153,213
3360,112,165,214
3347,146,165,229
3351,140,169,221
3348,133,174,189
3353,134,196,230
3371,117,180,222
3344,133,170,235
3353,138,167,231
3347,108,170,274
3347,164,155,339
3344,134,189,274
3328,126,178,264
3355,143,166,264
3328,139,167,198
3356,144,166,274
3441,131,164,148
3354,147,192,254
3356,135,190,263
3355,150,162,238
3336,132,163,256
3351,109,163,249
3350,158,166,248
3350,128,155,257
3348,165,167,256
3341,136,169,251
3349,118,164,246
3346,156,167,248
3343,134,168,227
3208,137,167,272
3344,136,187,253
3342,109,171,206
3349,134,166,266
3355,130,178,248
3357,132,160,272
3353,116,168,260
3350,128,172,263
3350,149,173,258
3348,132,173,260
3358,138,172,246
3345,124,180,245
3354,140,146,258
3348,142,188,223
3350,121,166,247
3337,141,152,238
3342,153,160,240
3353,125,167,242
3312,140,174,229
3347,136,167,243
3345,160,177,242
3353,136,161,258
3360,139,163,253
3356,137,175,286
3356,136,168,281
3342,160,174,283
3379,126,167,276
3352,137,148,264
3363,120,184,276
3352,132,170,272
3356,137,73,277
3367,144,153,266
3337,138,166,261
3352,194,168,259
3366,133,162,256
3349,131,184,226
3345,135,166,247
3339,139,143,243
3351,146,165,230
3347,129,135,227
3339,129,160,233
3362,130,151,236
3315,131,160,223
3361,129,161,234
3367,146,146,252
3352,110,160,274
3359,119,160,224
3360,132,256,226
3344,137,164,232
3365,132,170,224
3326,148,159,202
3339,148,152,225
3316,147,168,221
3361,121,166,228
3342,100,167,228
3343,126,168,220
3288,118,166,220
3328,122,185,217
3357,128,161,189
3349,97,165,211
3341,133,175,205
3357,135,179,213
3342,132,182,209
3340,136,181,208
3331,126,175,205
3342,132,185,214
3369,134,152,200
3342,132,202,206
3322,118,165,195
3220,134,174,178
3344,129,174,197
3346,132,179,194
3351,111,173,285
3333,132,187,190
3342,132,198,183
3360,120,169,184
3451,129,169,219
3366,102,176,216
3347,120,168,213
3318,129,167,213
3343,105,168,211
3350,126,168,215
3332,132,166,224
3342,140,163,227
3334,135,192,224
3332,132,164,217
3340,142,165,207
3346,143,165,204
3355,133,163,222
3357,158,158,220
3341,133,167,216
3333,128,165,211
3388,130,156,209
3334,136,141,208
3361,125,161,223
3368,111,172,205
3359,123,164,193
3332,130,164,194
3349,143,161,196
3337,141,163,182
3347,137,143,210
3343,155,171,205
3340,156,176,175
3338,145,182,289
3338,129,200,246
3324,131,206,230
3345,154,230,222
3351,147,213,232
3350,143,226,216
3300,134,195,213
3337,155,232,256
3358,133,239,256
3357,136,246,256
3342,136,256,253
3353,137,258,242
3351,135,249,253
3361,131,239,247
3353,151,221,250
3331,132,243,244
3344,136,241,241
3327,90,226,242
3342,135,235,241
3272,128,227,241
3351,0,232,240
3351,133,231,248
3334,132,229,236
3349,128,228,372
3340,129,234,249
3357,0,226,231
3366,128,232,221
3361,120,225,224
3350,120,214,236
3349,142,210,232
3353,183,220,221
3359,128,192,216
3340,130,218,199
3320,130,225,216
3350,145,214,166
3353,118,210,208
3343,133,204,211
3339,129,236,210
3343,129,221,206
3331,146,206,204
3344,117,203,200
3322,147,194,217
3346,126,195,199
3349,116,203,180
3358,125,202,195
3360,125,205,200
3378,126,206,200
3350,130,203,196
3303,134,194,194
3350,125,204,188
3345,128,200,214
3347,138,182,189
3333,119,206,204
3313,120,198,192
3340,126,201,183
3344,140,196,187
3349,130,202,184
3314,144,200,187
3323,128,214,213
3339,129,219,185
3360,108,210,186
3356,130,204,184
3352,116,215,187
3379,132,192,188
3359,114,210,273
3376,128,214,181
3337,133,208,185
3342,124,207,184
3341,132,201,186
3340,115,206,179
3336,127,214,189
3334,126,207,186
3335,119,208,191
3354,134,214,187
3356,124,204,182
3348,123,204,192
3353,121,196,164
3322,125,200,163
3352,128,200,172
3344,119,205,176
3365,124,71,176
3342,120,214,167
3358,128,197,197
3344,130,214,184
3339,127,206,193
3359,184,196,199
3362,110,220,211
3346,121,186,216
3344,117,194,227
3359,128,193,231
3343,132,184,236
3340,112,190,215
3352,122,189,214
3345,126,206,209
3364,121,269,210
3357,126,182,184
3359,122,185,206
3368,123,182,188
3341,119,185,204
3350,0,185,197
3335,114,182,188
3345,121,169,215
3348,125,177,188
3341,125,179,194
3332,129,181,192
3333,130,176,187
3344,128,183,201
3343,124,178,184
3291,124,178,193
3350,146,176,179
3279,128,180,257
3328,132,173,160
3341,118,148,174
3351,107,173,182
3350,132,170,163
3351,129,180,164
3359,126,140,165
3349,119,214,165
3348,115,172,165
3346,133,84,150
3341,126,168,167
3329,130,168,162
3332,126,163,170
3346,135,145,177
3342,135,171,202
3345,130,172,185
3356,139,152,175
3342,136,178,185
3351,134,185,180
3351,139,132,170
3358,126,171,199
3345,125,178,187
3327,133,162,212
3353,128,169,214
3357,121,170,214
3351,150,185,226
3355,160,196,209
3348,130,184,218
3348,133,166,218
3325,145,165,215
3334,162,168,234
3341,149,163,217
3341,123,167,221
3341,148,158,208
3352,146,168,219
3344,143,162,218
3326,144,169,195
3351,128,163,213
3355,163,124,210
3355,119,162,207
3374,140,159,220
3358,214,160,203
3354,137,159,203
3336,144,158,190
3354,138,159,200
3368,150,138,202
3341,142,171,176
3376,176,157,201
3323,134,164,196
3344,138,172,192
3332,158,155,173
3359,138,154,178
3365,124,154,178
3345,137,163,174
3344,249,154,178
3439,151,149,251
3350,134,152,168
3365,133,152,184
3397,135,150,166
3239,111,150,125
3355,132,145,189
3324,136,153,268
3351,129,128,189
3341,135,140,186
3351,182,149,190
3342,121,150,187
3343,128,150,173
3360,133,151,190
3314,136,175,191
3356,133,74,185
3341,122,161,188
3333,119,188,189
3350,130,167,184
3357,130,158,181
3379,130,162,189
3353,130,177,193
3345,118,178,196
3348,133,200,199
3346,126,200,180
3349,148,178,188
3349,131,169,198
3347,123,182,186
3337,128,185,187
3332,134,190,183
3333,145,178,184
3333,128,182,181
3349,142,175,200
3348,151,175,182
3365,141,176,179
3358,0,175,183
3360,40,176,186
3378,148,174,189
3356,136,162,182
3351,150,174,182
3342,145,173,108
3361,143,176,174
3339,139,166,181
3345,144,200,172
3347,137,182,172
3340,141,162,172
3355,125,159,172
3342,159,161,174
3339,140,171,168
3369,141,168,168
3350,117,169,166
3333,136,184,172
3347,138,168,174
3349,150,172,172
3372,132,142,164
3348,129,251,189
3349,129,163,162
3337,144,179,181
3347,132,162,152
3352,152,163,158
3341,150,142,161
3341,141,173,165
3342,107,169,172
3369,120,161,165
3353,136,137,177
3352,136,138,158
3336,140,169,167
3340,156,157,155
3375,89,158,163
3374,133,166,162
3356,136,158,163
3356,132,168,172
3387,128,172,158
3355,125,164,157
3354,135,158,159
3333,135,159,155
3335,138,163,164
3333,136,176,172
3330,131,174,177
3335,111,189,181
3336,124,192,92
3365,131,86,207
3336,144,190,221
3375,142,197,205
3342,156,190,210
3352,102,187,206
3371,74,189,202
3344,117,188,217
3323,112,210,157
3354,128,193,208
3353,119,204,193
3358,204,199,200
3355,121,213,199
3348,130,151,194
3311,129,195,192
3339,139,186,246
3298,126,192,194
3338,129,226,192
3356,128,283,198
3318,130,192,190
3326,119,197,196
3333,125,190,201
3335,131,169,192
3349,128,184,193
3348,119,186,193
3341,98,193,186
3349,129,184,193
3397,111,180,197
3356,149,187,191
3350,106,214,188
3360,109,194,181
3338,128,180,187
3340,122,185,193
3334,152,177,188
3337,105,204,190
3342,126,155,196
3334,129,197,163
3342,128,180,192
3341,125,168,188
3359,149,177,175
3350,124,157,184
3338,116,173,191
3360,123,176,186
3357,115,155,175
3366,117,172,187
3366,119,161,183
3358,127,171,165
3354,117,168,170
3343,123,171,171
3335,123,170,184
3341,133,148,169
3352,122,180,173
3345,125,144,171
3335,201,175,170
3359,135,157,172
3340,131,173,176
3343,134,173,178
3343,126,142,172
3341,131,171,196
3342,128,170,170
3352,158,163,175
3315,109,173,124
3352,125,172,182
3356,138,178,173
3357,137,184,178
3349,145,185,174
3420,149,184,167
3347,154,183,185
3346,173,182,173
3361,156,180,184
3349,141,166,188
3341,144,181,168
3355,151,45,174
3336,132,179,181
3348,156,174,186
3331,159,182,164
3335,149,172,194
3348,157,179,188
3350,155,160,181
3353,146,173,170
3358,153,196,178
3371,158,149,183
3356,149,168,190
3362,126,185,191
3352,152,185,180
3349,154,184,180
3350,148,168,183
3351,158,189,182
3345,152,181,159
3348,160,168,217
3341,149,176,204
3361,156,175,211
3339,150,170,214
3339,134,178,175
3340,149,166,212
3339,145,164,208
3336,123,177,226
3349,141,182,206
3354,145,180,219
3354,113,190,244
3352,155,159,301
3361,140,171,236
3343,139,158,245
3355,148,170,234
3346,145,170,242
3348,118,172,244
3338,139,170,245
3340,116,169,263
3335,148,147,248
3341,139,168,226
3345,138,172,242
3352,138,170,247
3344,141,164,239
3343,135,164,256
3348,135,169,216
3369,132,165,233
3343,147,172,278
3354,128,181,270
3369,122,178,265
3342,134,178,243
3356,126,274,275
3352,134,178,243
3350,116,172,396
3358,158,172,254
3337,130,154,259
3344,132,175,276
3334,133,178,239
3331,147,192,236
3370,136,178,274
3336,112,188,250
3395,142,186,272
3339,138,140,245
3372,131,165,262
3358,157,180,240
3354,137,193,256
3359,138,207,256
3353,139,201,235
3327,138,193,256
3353,130,200,244
3353,112,196,259
3219,136,188,249
3322,138,198,246
3349,140,190,263
3338,135,178,273
3349,135,187,266
3341,134,177,267
3329,128,213,272
3354,136,183,260
3349,150,182,180
3348,134,188,266
3352,137,200,272
3426,130,178,275
3352,121,177,279
3314,139,174,271
3364,126,180,284
3341,133,187,259
3338,149,156,251
3347,145,179,239
3367,126,176,245
3349,130,152,256
3363,128,92,272
3339,127,173,272
3329,153,173,266
3330,166,172,294
3342,166,170,265
3357,152,181,265
3336,168,182,274
3346,189,174,264
3345,229,175,282
3328,181,172,260
3349,162,86,288
3336,170,182,264
3336,152,134,265
3349,164,173,257
3337,161,173,279
3348,125,184,266
3364,158,292,266
3348,152,171,258
3346,224,181,260
3340,174,182,258
3346,168,173,252
3349,164,180,251
3330,170,168,253
3346,169,216,248
3224,154,177,238
3356,152,198,247
3359,177,182,242
3354,162,184,234
3337,151,303,223
3376,150,165,234
3349,147,184,200
3359,124,177,233
3340,140,178,228
3346,149,179,227
3340,146,184,207
3338,123,185,262
3337,147,171,263
3328,136,179,266
3336,156,167,262
3342,161,180,253
3429,159,176,328
3351,144,185,249
3345,131,185,227
3352,140,170,244
3351,134,209,238
3305,125,180,196
3317,144,249,245
3339,149,201,240
3349,163,163,239
3330,141,185,245
3339,148,193,252
3354,146,198,227
3220,128,202,202
3345,124,230,248
3319,137,213,217
3344,147,209,236
3329,153,223,238
3342,121,215,234
3405,144,226,226
3337,137,224,230
3346,143,212,233
3347,152,211,216
3347,143,216,223
3355,150,218,226
3329,140,382,224
3350,163,200,216
3335,129,212,201
3360,141,210,213
3339,139,205,210
3339,139,363,215
3346,161,208,204
3325,138,206,205
3354,130,190,215
3331,149,192,187
3336,121,201,196
3341,140,217,204
3337,141,208,198
3353,137,200,202
3355,146,167,210
3360,137,199,203
3346,144,188,210
3330,134,200,215
3358,137,200,221
3336,146,184,219
3345,126,201,208
3348,153,236,200
3336,141,199,215
3344,109,197,207
3356,155,192,214
3353,156,185,206
3350,155,194,204
3340,157,198,206
3341,155,176,206
3341,118,192,204
3360,162,196,228
3356,151,190,198
3352,152,188,197
3319,160,179,200
3344,184,186,203
3348,173,186,220
3352,173,174,200
3346,163,180,264
3332,157,187,196
3317,147,206,209
3346,157,160,201
3357,158,188,202
3339,157,181,177
3344,159,187,115
3325,173,183,125
3342,161,162,188
3339,160,209,179
3349,158,156,201
3332,157,194,192
3351,155,177,186
3342,152,183,192
3353,142,190,195
3345,41,163,198
3346,149,76,203
3337,164,197,212
3308,160,183,204
3345,153,175,201
3341,129,178,204
3333,142,176,201
3339,162,175,203
3321,147,36,198
3353,149,182,209
3278,151,168,205
3348,210,172,201
3367,142,165,197
3347,149,177,182
3338,140,179,192
3352,144,176,188
3336,148,174,180
3348,76,177,185
3345,139,181,188
3350,132,174,188
3345,149,185,187
3210,148,175,193
3338,149,149,184
3341,147,171,188
3363,144,161,184
3453,148,174,184
3342,146,169,185
3340,148,160,186
3358,154,178,144
3348,120,170,184
3344,144,169,178
3341,144,184,182
3349,144,181,206
3344,141,181,238
3347,142,160,240
3348,141,163,233
3347,125,165,240
3347,140,158,238
3345,139,184,263
3343,140,157,250
3341,147,164,244
3293,139,163,257
3339,140,151,263
3316,158,166,261
3341,164,158,256
3353,136,170,256
3340,138,173,266
3344,139,172,245
3319,130,192,224
3356,135,169,232
3326,151,159,262
3379,135,172,276
3350,136,178,264
3332,128,184,264
3348,150,185,262
3351,132,180,262
3357,152,174,262
3355,117,192,244
3342,135,172,266
3341,153,178,248
3338,146,181,247
3337,144,172,246
3338,135,186,238
3354,144,175,240
3314,139,179,235
3341,130,175,244
3344,131,180,212
3345,133,167,223
3351,142,170,227
3359,139,181,284
3343,136,191,222
3339,139,192,220
3372,135,167,213
3354,142,176,221
3337,144,177,216
3332,128,175,246
3333,152,179,208
3333,160,166,202
3353,155,172,220
3341,150,193,208
3339,150,177,205
3317,155,185,192
3341,175,171,208
3353,153,174,202
3354,152,174,205
3353,154,122,200
3380,156,172,298
3343,148,242,200
3339,162,171,174
3343,148,168,204
3342,143,250,217
3426,149,170,213
3358,139,256,196
3345,203,170,202
3337,148,186,217
3342,147,166,199
3332,170,168,201
3353,154,171,212
3348,169,171,189
3359,178,171,204
3357,151,168,209
3349,157,197,214
3353,154,167,213
3349,154,180,209
3366,151,170,213
3338,149,170,224
3341,236,184,213
3368,141,155,208
3356,149,178,213
3345,157,160,249
3346,158,165,217
3326,150,169,210
3355,135,183,223
3335,149,174,225
3299,160,156,240
3343,149,192,218
3337,148,178,223
3478,155,195,229
3331,146,192,218
3361,147,189,219
3353,147,196,219
3361,149,184,219
3345,148,201,218
3330,132,219,220
3348,144,185,212
3376,144,203,270
3332,151,200,195
3341,164,202,196
3352,141,206,196
3347,138,198,201
3347,130,181,198
3335,152,191,207
3340,140,188,189
3339,145,214,200
3352,137,135,199
3330,128,205,189
3394,138,190,183
3343,140,297,189
3350,121,183,200
3349,161,182,189
3317,119,190,166
3344,152,179,189
3340,138,188,190
3333,134,186,178
3338,150,188,183
3264,136,184,188
3348,145,184,196
3296,142,177,188
3336,138,177,195
3318,142,164,189
3337,34,187,182
3349,155,178,195
3349,129,182,176
3344,215,168,175
3346,131,204,178
3356,130,181,166
3351,128,198,176
3356,123,199,161
3344,125,198,171
3370,106,212,169
3345,139,119,153
3344,133,196,166
3328,152,193,155
3348,164,182,165
3344,161,190,161
3338,151,186,162
3337,179,174,166
3344,154,188,163
3350,155,188,164
3342,142,185,169
3348,155,169,166
3348,158,184,170
3348,145,193,174
3279,137,187,214
3345,150,182,211
3366,148,168,209
3335,148,185,207
3349,151,170,203
3344,150,162,192
3338,149,182,206
3339,138,192,205
3336,148,177,180
3341,138,179,204
3341,147,181,298
3349,147,182,201
3333,147,180,190
3348,175,180,192
3373,146,171,218
3344,150,170,193
3339,141,180,188
3342,138,216,206
3359,134,187,196
3362,140,148,189
3336,143,184,185
3342,133,174,209
3364,139,172,182
3342,128,176,178
3354,139,154,177
3350,149,172,156
3334,121,168,176
3340,142,168,177
3330,116,167,188
3339,142,192,178
3311,133,163,170
3349,138,169,166
3340,139,168,158
3335,131,137,163
3345,145,164,183
3342,141,175,185
3363,140,177,187
3344,150,185,205
3346,158,186,177
3363,133,264,182
3323,136,180,162
3347,128,159,182
3338,128,170,192
3334,166,192,163
3339,138,168,176
3338,130,182,168
3329,130,188,180
3336,147,177,186
3337,126,173,187
3346,140,175,172
3328,133,188,170
3346,137,146,172
3351,144,173,149
3426,136,180,239
3346,146,168,168
3344,148,168,164
3351,120,171,164
3355,139,170,157
3335,135,170,161
3355,146,142,158
3352,132,136,152
3340,136,160,174
3324,147,165,181
3328,130,163,184
3310,145,153,187
3363,135,160,189
3355,156,178,180
3333,121,160,192
3343,133,153,207
3339,126,150,201
3457,134,157,227
3340,130,144,213
3338,136,176,212
3352,132,152,214
3351,156,160,216
3341,138,164,209
3314,162,162,230
3360,150,170,215
3349,161,158,211
3338,217,160,212
3342,158,153,207
3352,154,172,208
3349,138,206,215
3328,154,113,212
3332,144,183,192
3341,158,152,220
3340,201,175,242
3355,152,157,256
3354,146,194,240
3344,213,188,252
3350,152,263,257
3344,156,181,277
3315,147,133,260
3334,140,188,264
3355,142,194,259
3348,132,182,324
3343,147,189,254
3344,152,90,268
3330,155,156,250
3337,140,181,254
3350,140,178,265
3339,146,181,242
3338,145,156,236
3366,142,176,227
3371,138,94,245
3345,150,177,218
3354,141,182,216
3347,141,180,228
3346,143,177,228
3361,120,173,229
3358,141,178,309
3343,128,177,225
3348,141,177,206
3343,122,180,216
3344,140,152,223
3345,141,171,212
3332,128,188,214
3339,139,181,206
3339,125,176,202
3339,138,141,212
3346,244,175,206
3358,134,186,206
3357,134,170,204
3349,133,167,185
3354,196,170,202
3341,131,168,205
3342,119,171,267
3430,133,171,196
3337,138,168,192
3334,146,173,201
3328,130,171,174
3347,148,157,194
3347,149,165,193
3343,138,180,191
3366,128,179,189
3337,141,168,144
3355,144,164,185
3339,154,182,173
3359,137,163,182
3227,141,162,184
3360,70,171,166
3335,140,160,184
3328,139,173,179
3496,140,161,186
3348,140,160,170
3330,137,5,168
3350,138,154,174
3346,42,175,178
3350,136,159,177
3339,131,151,188
3338,123,162,174
3346,140,140,181
3344,156,163,64
3364,143,139,188
3340,157,158,178
3344,157,140,195
3232,123,156,67
3326,143,159,194
3355,146,79,214
3373,147,138,198
3415,144,165,190
3357,133,157,194
3357,79,148,195
3349,109,155,192
3356,12,157,196
3347,143,154,194
3370,138,164,220
3359,144,157,203
3359,134,156,196
3334,140,164,187
3207,139,162,201
3311,138,183,192
3334,132,175,204
3333,144,138,179
3367,138,77,183
3348,138,186,179
3323,137,190,186
3316,134,174,183
3332,136,179,170
3346,132,166,181
3325,253,174,189
3353,132,270,182
3375,139,175,221
3348,137,170,160
3354,132,170,171
3344,152,172,182
3341,137,169,178
3338,144,169,177
3369,94,166,175
3359,139,169,173
3335,138,273,175
3357,113,166,172
3357,122,165,229
3353,143,158,182
3350,137,172,167
3350,126,176,164
3339,133,184,164
3350,134,174,168
3365,128,180,159
3342,134,177,162
3325,143,170,164
3347,139,183,162
3374,131,184,155
3341,126,160,162
3344,133,174,168
3317,129,119,156
3347,133,169,141
3344,243,172,155
3327,131,172,146
3353,20,174,154
3351,139,169,137
3349,108,140,144
3357,0,169,146
3346,117,187,147
3343,131,169,149
3347,132,184,141
3349,134,188,149
3356,130,193,157
3352,133,216,130
3342,128,181,154
3338,136,184,145
3351,104,189,143
3312,135,189,147
3339,136,188,144
3337,135,179,150
3336,136,213,149
3355,125,185,156
3352,132,192,116
3346,140,200,145
3356,157,174,134
3346,125,195,139
3343,135,176,144
3348,143,177,159
3337,131,177,144
3351,137,178,146
3343,133,168,235
3337,144,178,158
3321,145,175,146
3349,171,154,145
3388,139,173,241
3380,144,158,151
3353,144,174,156
3340,128,174,170
3354,155,163,144
3364,130,171,148
3347,132,183,148
3365,133,171,146
3337,131,169,164
3413,140,169,144
3404,138,168,144
3379,140,171,154
3363,162,169,146
3351,146,182,166
3337,142,209,168
3339,143,284,153
3340,146,193,169
3335,140,182,162
3335,159,171,153
3340,142,194,159
3309,142,179,157
3329,152,172,159
3338,201,182,166
3348,138,176,158
3353,137,192,190
3355,128,174,149
3354,117,172,297
3334,137,177,161
3341,137,176,166
3338,172,159,166
3352,111,172,165
3360,151,175,120
3323,129,141,171
3319,137,175,176
3347,150,166,172
3342,136,172,169
3340,136,163,166
3341,136,172,160
3331,139,170,142
3348,133,170,162
3376,135,168,159
3439,134,144,159
3316,134,172,164
3360,130,188,179
3368,131,165,167
3341,116,160,177
3360,139,160,166
3338,139,169,168
3336,144,181,173
3213,146,178,185
3365,149,182,194
3352,150,173,162
3357,149,171,172
3346,141,167,199
3339,160,171,187
3371,153,169,176
3218,150,169,149
3366,148,173,171
3345,225,169,168
3346,136,171,157
3353,149,162,166
3349,145,195,157
3375,146,178,166
3369,86,182,167
3348,144,180,163
3335,228,173,164
3335,150,180,162
3338,150,178,166
3334,144,174,192
3327,151,197,200
3405,145,174,69
3355,159,178,221
3323,156,180,204
3334,168,173,198
3346,155,174,201
3371,150,177,196
3355,151,176,227
3351,174,169,201
3357,153,187,189
3375,141,174,196
3355,174,168,192
3355,152,190,195
3368,116,165,190
3343,149,176,171
3383,143,171,214
3345,162,173,194
3336,144,186,219
3352,156,174,247
3327,158,184,247
3357,155,139,252
3352,153,168,244
3343,152,168,250
3372,142,182,259
3347,151,163,251
3350,151,164,238
3347,148,169,246
3355,124,167,247
3351,152,167,239
3412,154,169,182
3357,173,170,231
3331,148,174,219
3344,153,169,242
3343,147,218,244
3338,150,158,226
3317,147,171,244
3333,158,181,236
3307,142,256,243
3316,153,196,162
3344,133,192,242
3349,146,163,236
3348,143,193,242
3322,141,192,270
3352,144,174,248
3366,142,203,247
3350,141,202,254
3353,138,222,232
3334,144,205,232
3335,154,188,238
3341,141,201,260
3352,143,206,256
3337,140,228,244
3270,140,203,236
3335,138,204,238
3358,128,203,232
3298,128,230,212
3357,136,178,226
3353,136,192,233
3460,138,200,212
3347,144,206,222
3334,147,174,216
3348,138,203,224
3349,137,201,223
3333,130,198,244
3349,140,186,227
3347,115,198,206
3326,150,197,209
3334,152,196,134
3344,113,220,215
3333,138,193,250
3329,140,192,228
3337,124,185,262
3349,135,178,234
3346,125,202,246
3347,137,162,227
3339,139,184,216
3363,137,114,250
3409,137,185,220
3354,132,182,247
3290,153,177,241
3324,133,180,240
3350,139,181,234
3350,143,180,237
3356,137,177,250
3354,141,180,236
3345,135,176,222
3369,144,177,235
3285,142,173,216
3347,158,181,214
3328,146,181,211
3337,148,195,221
3337,146,173,216
3330,56,162,206
3343,147,177,208
3438,145,170,194
3348,153,183,236
3350,144,153,266
3357,130,166,275
3327,144,119,275
3345,147,165,246
3347,116,185,262
3340,145,129,253
3339,146,179,241
3326,142,182,253
3318,152,176,257
3349,143,202,257
3340,147,186,264
3337,145,204,258
3346,144,237,269
3336,158,177,265
3295,142,177,261
3347,141,175,266
3333,133,187,260
3356,138,183,260
3331,156,182,256
3357,135,190,262
3345,147,197,253
3337,126,195,247
3340,215,191,246
3350,155,193,226
3343,138,176,242
3333,114,188,192
3338,134,191,245
3332,140,191,236
3341,139,186,148
3345,138,160,244
3352,143,172,233
3354,140,179,234
3351,138,190,216
3324,137,189,235
3400,140,196,239
3338,140,203,228
3342,150,208,209
3346,139,208,226
3377,139,205,226
3347,138,180,219
3324,148,190,227
3349,128,205,229
3339,145,195,232
3357,127,203,231
3339,138,198,230
3317,135,196,223
3355,154,187,234
3351,210,193,235
3346,134,188,233
3350,155,193,234
3332,137,190,230
3356,129,190,236
3352,150,186,239
3371,121,182,279
3343,138,199,246
3349,130,190,240
3346,158,188,243
3322,133,137,242
3334,145,187,258
3445,139,186,243
3344,128,193,243
3332,155,182,214
3350,151,189,230
3308,160,182,213
3328,144,181,223
3339,154,192,149
3336,158,174,210
3325,155,178,219
3338,157,161,218
3351,104,178,220
3351,154,81,224
3346,154,191,220
3342,146,196,216
3339,153,199,214
3345,160,195,205
3338,157,195,210
3345,169,196,192
3335,133,202,201
3334,161,190,212
3340,237,189,208
3356,155,323,208
3339,157,190,202
3337,166,215,211
3352,154,188,201
3335,147,194,202
3359,151,160,200
3353,153,184,206
3271,124,182,102
3354,149,186,206
3346,150,183,183
3344,149,173,208
3362,151,188,200
3354,136,180,206
3319,144,178,205
3340,116,179,192
3347,146,182,204
3345,147,168,203
3350,146,178,212
3338,147,176,216
3341,124,173,228
3333,146,178,192
3332,146,201,196
3348,145,175,196
3373,149,175,221
3350,126,173,188
3356,162,175,197
3356,136,176,158
3356,141,176,190
3358,136,163,197
3353,122,177,183
3343,133,185,181
3344,136,178,181
3344,141,156,180
3352,152,174,139
3339,137,176,186
3344,148,173,179
3338,136,192,175
3340,148,150,187
3350,154,172,89
3340,139,165,194
3377,132,172,209
3352,106,168,194
3351,135,160,191
3342,136,170,211
3344,136,173,190
3338,129,194,192
3356,122,162,189
3252,153,170,187
3355,133,170,186
3341,148,169,260
3338,144,176,213
3339,138,161,189
3357,144,153,195
3338,135,186,191
3350,158,166,194
3345,136,160,188
3362,135,174,192
3343,137,225,176
3321,134,180,188
3357,96,162,184
3351,132,203,188
3354,133,176,180
3342,211,201,181
3364,124,181,177
3332,141,172,174
3354,140,179,178
3346,145,173,172
3348,20,179,172
3378,190,185,171
3329,171,174,183
3339,161,176,182
3339,173,152,181
3323,187,175,163
3337,156,182,172
3358,153,185,170
3336,154,179,170
3348,182,174,174
3343,84,180,187
3367,200,177,217
3364,151,187,194
3355,143,189,203
3352,154,194,201
3336,148,192,191
3359,149,191,211
3349,223,189,197
3354,147,189,208
3350,149,187,194
3347,163,186,202
3371,153,167,201
3348,156,184,194
3354,134,195,197
3366,134,181,193
3352,151,181,190
3346,149,177,206
3346,152,184,199
3365,133,174,218
3357,150,179,201
3340,153,178,190
3274,146,184,184
3360,146,175,196
3352,134,181,196
3340,143,183,200
3337,143,182,199
3339,160,183,184
3338,107,182,207
3356,134,186,199
3346,144,194,183
3337,153,198,201
3331,157,177,190
3347,136,182,189
3350,166,174,189
3345,143,146,177
3357,146,178,197
3337,144,177,198
3334,144,176,193
3328,149,172,188
3340,140,194,184
3338,142,186,174
3369,146,170,195
3332,144,179,183
3323,146,186,182
3350,135,194,197
3345,138,177,176
3338,140,153,184
3337,138,182,164
3348,150,182,176
3367,130,181,173
3347,141,176,182
3331,139,180,168
3451,136,179,186
3352,207,177,171
3350,136,178,174
3353,157,171,178
3341,128,189,181
3353,130,175,180
3341,139,160,191
3352,145,176,233
3347,164,168,178
3337,93,184,178
3348,170,173,165
3340,154,164,211
3325,150,172,198
3310,152,175,215
3356,136,179,217
3336,152,172,226
3325,146,184,252
3350,184,175,211
3336,154,172,216
3354,133,180,215
3342,158,150,226
3354,166,167,209
3343,158,181,218
3330,170,190,204
3352,145,193,206
3451,168,165,214
3345,160,189,206
3351,154,162,202
3339,137,189,212
3330,160,197,213
3340,154,181,215
3342,161,187,217
3349,120,185,215
3336,142,198,221
3352,139,159,212
3346,158,183,212
3189,151,181,217
3352,152,162,229
3332,145,187,217
3332,152,212,232
3320,151,190,220
3340,149,172,236
3362,154,298,228
3346,150,177,236
3348,145,190,243
3345,144,198,243
3361,147,185,236
3346,149,186,220
3339,136,183,237
3352,148,175,230
3351,141,200,219
3346,150,169,228
3362,143,180,220
3353,148,186,215
3374,102,186,214
3338,145,196,209
3349,153,177,213
3348,149,195,203
3350,143,189,184
3361,144,192,198
3346,143,194,198
3347,166,163,194
3340,141,191,197
3314,135,147,195
3349,138,179,231
3350,139,180,232
3345,145,186,230
3329,140,185,219
3361,142,169,230
3332,147,187,224
3412,154,183,330
3342,133,183,232
3355,136,208,227
3347,132,188,218
3350,139,182,228
3356,152,197,218
3343,137,212,222
3349,132,187,244
3340,160,178,226
3325,140,191,237
3334,164,177,243
3336,156,193,237
3347,158,188,236
3337,156,215,238
3337,161,187,221
3345,152,184,161
3341,160,187,233
3346,148,185,234
3353,147,189,249
3321,148,258,241
3350,153,194,261
3345,157,185,242
3337,151,180,231
3335,147,202,230
3317,151,190,240
3351,158,181,242
3337,162,204,235
3332,162,187,238
3347,186,187,244
3342,169,195,236
3346,176,161,237
3347,192,188,314
3351,172,185,227
3321,176,186,225
3337,192,143,225
3346,173,173,233
3214,172,179,210
3334,172,186,239
3323,169,196,245
3352,168,206,239
3344,192,206,240
3350,168,202,236
3335,169,232,232
3345,164,203,234
3337,166,203,239
3328,168,186,236
3314,164,200,237
3337,168,222,234
3318,176,190,232
3361,166,197,229
3393,163,186,223
3345,153,206,218
3348,163,166,222
3349,164,192,214
3355,161,190,207
3357,161,180,204
3348,156,185,202
3350,136,178,186
3334,152,184,201
3339,162,186,192
3350,176,187,151
3346,149,181,190
3357,159,176,186
3348,148,191,207
3333,242,199,223
3252,154,180,198
3350,154,174,232
3333,161,196,216
3346,150,195,220
3344,157,166,219
3351,152,174,216
3352,172,164,214
3351,144,171,211
3356,134,176,210
3334,153,173,212
3350,150,175,199
3343,162,178,205
3349,148,167,201
3345,148,171,198
3354,137,168,198
3318,152,171,261
3329,229,183,214
3337,152,170,191
3363,144,178,206
3351,140,171,208
3344,140,178,197
3359,152,172,213
3354,136,172,188
3377,131,170,218
3337,149,169,200
3349,129,193,209
3345,164,184,204
3321,157,188,198
3328,144,259,198
3346,155,185,183
3354,121,183,237
3342,155,185,196
3338,145,184,196
3342,145,185,193
3337,144,183,192
3338,120,194,190
3338,149,182,195
3328,138,199,169
3344,111,179,193
3348,139,177,188
3354,139,178,212
3376,100,176,189
3333,133,182,197
3348,163,176,192
3328,155,179,279
3404,138,184,229
3354,122,192,202
3353,125,186,203
3347,142,176,208
3353,154,172,183
3350,134,182,197
3357,145,164,211
3348,141,178,199
3345,142,176,177
3351,142,179,77
3354,138,169,181
3328,131,173,173
3340,133,176,180
3332,131,187,184
3350,132,168,179
3356,141,196,182
3378,130,172,173
3346,134,173,191
3335,136,174,176
3335,141,186,194
3337,170,172,188
3365,156,167,186
3350,146,182,203
3337,138,181,176
3379,143,188,224
3366,165,198,221
3310,141,187,222
3347,138,185,237
3346,155,185,211
3344,136,184,236
3344,160,180,201
3332,151,250,215
3354,148,160,206
3357,154,185,218
3345,149,182,224
3336,148,248,219
3245,152,181,225
3338,149,151,225
3323,132,197,178
3336,155,175,216
3335,150,170,207
3340,150,181,218
3356,128,177,256
3350,177,167,214
3354,148,163,225
3326,141,187,212
3347,143,184,231
3352,145,171,208
3365,144,172,202
3354,156,162,206
3359,142,173,224
3353,130,187,206
3322,161,164,200
3511,152,174,206
3365,154,153,199
3349,145,175,200
3344,124,171,157
3336,155,176,194
3329,147,173,192
3331,308,171,196
3324,149,170,202
3337,128,168,206
3321,145,192,192
3335,147,192,200
3339,161,172,192
3345,145,171,195
3373,142,52,200
3360,142,176,195
3367,109,184,194
3342,156,187,194
3360,129,198,221
3379,140,187,203
3350,136,187,191
3350,108,194,197
3339,139,173,177
3337,141,185,194
3347,139,185,186
3336,138,245,188
3346,129,185,194
3334,141,186,188
3337,133,265,174
3337,161,185,176
3347,139,180,192
3357,138,182,192
3358,140,182,178
3338,121,189,179
3334,138,181,173
3351,136,180,161
3357,157,196,171
3367,131,196,167
3302,115,191,89
3370,142,193,168
3355,134,189,162
3349,143,190,169
3341,140,165,158
3344,142,190,179
3319,146,192,91
3341,125,175,157
3357,141,187,155
3271,115,181,62
3360,136,181,154
3354,144,188,154
3358,142,182,160
3355,160,186,151
3349,132,179,148
3346,141,188,153
3344,137,199,142
3353,142,207,155
3341,157,175,154
3333,155,181,164
3351,166,181,167
3347,157,157,161
3346,229,181,153
3337,134,176,140
3346,138,193,170
3343,145,171,147
3360,132,184,149
3341,126,163,154
3366,122,165,148
3350,140,169,158
3359,157,165,152
3232,133,177,148
3354,134,171,150
3340,136,184,152
3342,133,188,153
3349,132,166,160
3330,131,219,164
3342,133,173,158
3347,134,173,154
3336,133,178,164
3326,146,176,164
3361,120,175,162
3268,130,169,158
3378,132,178,152
3349,131,183,164
3485,130,180,137
3353,122,262,173
3353,83,180,156
3357,126,184,156
3355,77,189,176
3348,128,183,146
3335,139,184,141
3338,288,181,155
3333,130,199,154
3346,131,179,156
3355,136,179,150
3373,129,161,170
3265,128,174,170
3339,133,176,178
3342,116,174,268
3342,126,169,201
3342,146,170,129
3355,128,182,197
3362,128,174,198
3382,127,180,192
3337,132,173,183
3343,130,176,188
3316,132,179,192
3348,172,189,172
3368,133,184,182
3352,128,179,180
3354,137,183,199
3330,130,177,192
3342,139,180,204
3337,148,166,188
3345,121,175,221
3346,137,177,217
3354,129,173,169
3359,135,188,220
3355,136,161,230
3357,156,167,217
3354,136,165,212
3357,133,169,220
3363,133,172,208
3354,132,169,206
3356,120,166,237
3355,131,170,212
3348,121,171,198
3343,153,167,204
3349,132,169,187
3336,125,118,200
3336,141,167,210
3336,135,181,197
3353,104,165,192
3353,134,180,197
3347,134,164,190
3345,147,209,194
3354,125,170,182
3347,130,156,201
3404,128,170,209
3355,144,160,216
3337,133,169,200
3362,130,163,218
3354,139,160,235
3353,140,194,228
3354,155,157,228
3344,226,157,204
3314,136,119,226
3326,153,162,217
3386,140,162,221
3321,140,177,224
3330,135,34,217
3361,138,161,227
3343,133,136,217
3346,137,160,217
3353,134,149,215
3351,132,159,208
3365,141,164,231
3341,153,171,219
3349,132,174,244
3370,124,190,236
3354,136,198,231
3342,135,209,230
3317,145,170,230
3339,133,180,233
3333,147,158,241
3336,106,189,232
3349,133,171,270
3336,122,179,262
3347,130,162,276
3342,146,158,272
3349,121,178,249
3346,134,176,236
3355,126,184,235
3326,119,196,225
3361,128,185,234
3346,128,177,224
3350,154,183,238
3347,128,211,231
3357,117,190,228
3342,128,198,236
3362,128,108,249
3345,124,197,234
3353,130,193,223
3335,126,172,245
3479,130,180,251
3382,116,180,256
3324,140,178,247
3340,118,189,154
3333,126,186,252
3334,128,180,232
3344,126,154,240
3341,149,159,242
3347,125,174,234
3346,81,174,234
3344,123,226,219
3348,109,187,224
3398,128,173,222
3349,180,170,230
3344,120,184,220
3343,122,170,228
3333,138,145,222
3331,135,164,202
3341,129,171,243
3320,131,228,226
3337,132,180,206
3356,134,153,213
3345,134,168,202
3355,131,164,208
3357,138,154,213
3358,125,163,209
3361,118,210,215
3356,136,202,196
3355,130,160,215
3357,136,169,206
3357,135,160,207
3357,128,160,196
3377,134,162,183
3348,126,156,171
3325,133,160,195
3287,135,157,201
3339,118,159,193
3335,136,158,194
3350,132,163,184
3344,126,149,186
3340,133,157,166
3355,132,167,190
3347,107,184,194
3343,134,164,200
3351,120,176,214
3351,131,164,216
3360,130,70,224
3357,123,162,229
3356,131,161,204
3328,129,174,204
3348,130,154,224
3348,124,158,208
3346,141,151,202
3340,113,161,208
3349,129,174,203
3345,128,165,197
3322,129,157,195
3348,117,162,196
3349,128,155,187
3345,113,161,197
3354,112,159,270
3348,121,186,197
3350,133,152,200
3349,133,168,256
3352,125,173,190
3341,90,174,192
3346,125,172,188
3346,125,168,199
3341,105,171,139
3374,124,157,192
3345,132,169,193
3325,124,167,174
3355,122,156,151
3345,124,168,168
3377,120,156,170
3348,125,172,160
3347,120,168,168
3355,125,161,231
3360,103,160,225
3358,125,164,166
3341,144,47,148
3360,132,170,171
3343,133,149,164
3347,115,186,163
3366,130,166,188
3336,128,174,144
3334,152,166,170
3344,153,147,154
3349,151,170,155
3341,157,171,156
3374,155,160,145
3348,154,151,166
3335,155,163,151
3339,157,176,164
3341,144,160,155
3338,153,160,157
3352,227,166,164
3342,148,160,176
3443,150,134,148
3347,123,156,214
3307,148,159,157
3359,138,156,160
3337,146,155,74
3365,131,169,161
3341,151,156,160
3336,145,176,165
3364,147,156,168
3341,219,155,176
3337,151,132,181
3333,161,151,181
3357,152,145,175
3371,153,153,193
3342,148,156,176
3359,132,163,242
3336,161,168,179
3349,136,185,175
3352,147,158,177
3348,149,174,177
3322,163,171,176
3335,149,171,171
3354,144,188,161
3353,145,152,173
3341,146,196,176
3361,146,169,189
3338,149,170,182
3338,136,168,180
3346,121,173,178
3325,131,267,178
3377,141,165,180
3341,141,178,171
3353,114,181,178
3355,134,165,176
3330,133,119,174
3358,140,158,176
3336,128,174,177
3356,139,170,176
3357,129,164,172
3335,136,186,161
3341,163,160,173
3344,41,165,172
3341,137,152,177
3363,143,153,168
3328,118,135,166
3338,160,162,171
3344,135,169,133
3353,146,158,172
3353,136,162,166
3347,133,162,169
3354,125,160,168
3361,145,166,152
3354,131,144,167
3324,129,171,162
3346,132,156,177
3349,144,166,182
3383,133,168,171
3350,135,176,189
3255,136,167,176
3340,141,174,196
3335,140,180,170
3336,135,171,162
3338,136,166,180
3194,132,178,174
3372,132,153,187
3351,133,181,176
3345,134,181,189
3344,133,192,178
3365,128,114,173
3356,128,196,177
3332,128,215,165
3342,136,195,171
3334,137,246,173
3357,137,204,169
3337,142,174,172
3339,153,193,130
3346,136,181,177
3345,134,193,168
3345,136,192,168
3356,142,165,164
3357,135,189,169
3353,133,114,176
3322,152,188,171
3341,136,197,166
3355,139,187,168
3334,133,185,155
3353,125,176,296
3375,135,158,162
3363,128,178,160
3349,133,183,151
3345,133,186,161
3370,125,178,161
3356,133,177,168
3343,96,189,155
3329,142,180,158
3347,111,181,169
3336,133,180,174
3326,139,177,178
3323,148,181,159
3359,151,172,170
3351,155,190,152
3356,150,155,154
3353,173,167,165
3367,138,181,170
3341,148,171,161
3339,142,164,166
3347,146,171,166
3328,148,186,172
3340,148,144,163
3348,155,170,160
3332,144,182,168
3332,145,168,156
3335,146,179,193
3336,24,163,198
3339,64,187,194
3244,148,167,203
3340,148,164,198
3341,148,166,178
3357,169,161,193
3354,147,186,200
3371,141,166,190
3346,158,162,191
3335,151,159,193
3333,156,165,195
3334,163,161,191
3348,150,170,207
3341,149,178,273
3370,162,151,194
3337,172,167,188
3370,137,183,192
3333,161,147,198
3344,209,148,205
3327,160,171,195
3347,159,174,185
3454,152,173,200
3340,158,177,200
3350,169,162,204
3340,156,188,206
3325,145,190,189
3379,154,187,202
3352,160,191,282
3335,128,197,144
3333,158,194,208
3315,148,201,200
3346,151,188,199
3353,136,194,197
3354,124,204,189
3341,172,185,214
3322,247,189,229
3337,217,188,229
3336,154,188,232
3328,148,178,228
3330,149,175,251
3351,168,182,225
3344,156,158,225
3341,148,142,217
3354,150,183,219
3353,151,191,220
3397,150,192,217
3345,146,197,217
3316,147,192,212
3337,150,208,208
3343,150,268,222
3335,149,195,224
3332,148,199,221
3319,148,202,215
3354,138,190,231
3340,151,200,210
3347,158,194,209
3341,143,177,198
3349,122,210,208
3345,143,194,206
3338,143,201,200
3350,142,200,214
3375,141,200,224
3347,140,201,214
3323,135,196,231
3338,143,208,194
3344,128,191,215
3343,131,218,208
3346,142,203,221
3338,150,202,225
3343,158,228,225
3342,150,196,203
3348,157,199,226
3336,136,205,224
3346,149,200,228
3347,145,193,226
3373,151,176,227
3347,144,207,212
3350,144,201,146
3326,140,262,221
3351,138,205,139
3352,146,200,221
3340,148,199,217
3345,150,208,212
3337,144,186,202
3330,146,224,212
3325,228,205,215
3331,152,196,203
3336,150,176,202
3335,145,189,181
3336,146,204,201
3341,157,188,79
3339,123,189,207
3339,136,187,197
3349,140,182,193
3342,155,181,192
3335,139,187,187
3340,138,208,198
3335,139,184,194
3348,139,183,197
3331,149,167,196
3348,82,183,196
3339,121,182,193
3355,139,178,190
3332,142,137,178
3351,93,177,185
3342,128,181,184
3349,249,177,181
3340,60,179,181
3332,147,183,169
3334,142,182,180
3343,145,172,235
3346,139,177,198
3336,142,192,181
3363,135,176,98
3351,135,173,186
3340,140,169,212
3282,139,180,180
3349,134,186,164
3317,148,193,175
3343,132,166,183
3335,161,192,173
3340,138,188,175
3328,138,202,179
3342,111,208,195
3348,134,209,192
3328,163,194,188
3361,146,197,186
3346,151,200,188
3396,139,202,178
3353,141,198,182
3334,141,204,177
3353,136,205,178
3347,112,210,218
3363,136,212,169
3357,128,211,266
3347,135,210,173
3355,136,206,177
3334,126,206,162
3368,129,208,185
3334,142,211,150
3338,130,206,164
3366,112,214,166
3357,164,196,152
3342,132,182,164
3350,149,164,161
3357,135,199,158
3343,134,197,163
3221,134,197,163
3362,139,183,170
3337,134,171,166
3330,136,194,180
3329,130,202,165
3323,142,186,168
3359,139,316,173
3350,146,190,177
3325,140,196,179
3336,154,185,61
3337,114,186,165
3337,117,194,156
3331,155,175,170
3344,138,186,170
3321,140,185,168
3351,127,167,166
3353,139,181,164
3346,136,181,160
3352,139,179,161
3338,125,186,164
3355,138,110,158
3346,207,180,160
3347,122,184,159
3336,139,206,160
3318,136,178,148
3351,130,195,165
3347,154,176,159
3338,134,182,159
3335,254,175,158
3321,133,180,150
3338,115,184,154
3342,124,192,161
3329,130,205,156
3347,212,195,168
3343,145,196,162
3344,135,189,175
3336,138,197,158
3354,119,217,162
3358,139,215,178
3349,135,217,193
3350,135,215,194
3346,135,213,174
3353,133,212,182
3352,108,228,190
3346,102,215,180
3372,138,212,186
3334,136,209,176
3341,129,209,177
3334,137,218,177
3345,126,214,167
3335,138,202,174
3315,128,202,175
3346,135,184,178
3350,142,200,173
3481,128,205,174
3356,120,203,174
3348,126,202,112
3375,100,197,169
3359,124,194,164
3352,114,196,170
3355,145,176,161
3336,107,195,181
3333,132,182,173
3341,128,192,169
3341,115,214,169
3338,140,182,242
3320,129,256,163
3363,141,186,156
3359,120,159,157
3354,129,179,169
3331,138,181,136
3349,127,181,157
3363,155,187,148
3352,128,122,157
3355,121,179,172
3342,137,169,168
3325,149,177,146
3327,157,152,160
3341,169,175,140
3336,158,177,155
3313,149,196,156
3365,150,178,147
3340,138,184,157
3360,143,169,155
3344,152,177,176
3330,128,187,152
3343,153,167,145
3341,169,169,44
3341,149,180,163
3357,172,160,176
3369,142,172,167
3339,155,167,187
3313,165,168,180
3338,151,170,176
3354,171,152,178
3344,165,169,168
3340,160,185,186
3311,172,159,170
3333,147,164,169
3333,158,173,169
3343,156,168,170
3381,148,169,44
3345,157,174,174
3362,145,160,208
3337,152,182,179
3343,154,186,182
3376,154,149,180
3357,153,168,180
3368,140,190,188
3487,148,170,205
3353,144,145,192
3365,147,40,179
3290,149,165,179
3368,130,166,61
3335,146,166,174
3325,151,174,196
3347,153,175,204
3332,156,201,201
3358,152,173,192
3335,160,182,192
3335,151,193,217
3347,157,180,200
3351,150,182,208
3358,149,181,208
3341,149,183,196
3354,233,196,195
3349,158,185,193
3346,171,187,199
3344,148,180,201
3340,149,189,203
3346,236,197,200
3338,153,199,205
3358,135,208,199
3336,160,202,198
3344,123,206,199
3360,120,218,197
3325,136,198,187
3328,132,152,192
3335,143,197,201
3317,153,184,192
3330,137,200,201
3344,132,177,192
3344,41,179,224
3335,134,195,216
3358,134,188,228
3339,141,200,229
3360,130,202,228
3341,128,197,228
3339,137,199,228
3334,113,185,232
3337,136,194,233
3347,138,197,236
3335,132,195,246
3335,146,198,218
3359,137,320,234
3359,156,190,230
3341,181,203,241
3354,135,180,235
3353,136,189,226
3354,136,197,228
3342,136,167,228
3344,134,195,238
3348,150,185,223
3337,128,184,223
3341,141,184,216
3340,161,182,128
3355,139,174,211
3336,144,160,225
3335,139,170,224
3329,149,184,230
3324,164,181,211
3236,148,177,103
3342,149,167,194
3334,135,183,205
3345,141,192,196
3344,149,173,180
3346,149,177,202
3343,172,168,188
3346,41,179,198
3352,150,168,198
3337,157,177,184
3350,143,168,189
3345,28,176,190
3186,151,176,200
3334,224,170,189
3332,152,164,187
3345,157,173,177
3343,150,174,185
3331,147,176,193
3355,146,146,181
3336,147,169,172
3347,139,172,178
3338,154,181,156
3347,152,180,179
3344,152,154,194
3349,151,167,178
3333,165,158,162
3325,151,179,179
3353,158,176,181
3357,147,166,187
3350,151,168,188
3335,164,160,260
3357,149,170,185
3328,165,150,189
3332,150,173,158
3333,149,180,185
3261,142,174,178
3330,135,175,227
3350,148,177,174
3353,144,179,173
3338,111,179,160
3352,142,168,156
3350,141,201,197
3357,140,171,162
3349,143,203,159
3341,141,192,163
3340,144,186,163
3330,134,184,164
3338,79,182,162
3330,145,180,145
3346,154,172,168
3344,154,182,148
3240,154,172,166
3334,146,177,65
3402,133,178,171
3331,193,177,175
3331,139,162,176
3330,120,170,201
3332,160,176,197
3343,133,182,197
3348,158,174,203
3352,125,175,220
3321,138,173,220
3327,141,176,226
3340,116,178,234
3340,151,182,231
3344,34,177,220
3350,138,172,231
3340,132,181,228
3344,133,183,230
3335,131,180,226
3336,135,200,217
3321,131,201,216
3303,154,178,152
3334,158,178,213
3341,151,184,208
3326,138,130,212
3344,131,178,214
3342,152,170,241
3340,145,170,241
3340,157,172,239
3346,148,184,249
3357,210,169,247
3333,146,113,246
3338,139,161,248
3323,152,163,243
3395,149,179,248
3337,165,178,235
3319,154,175,233
3332,149,168,230
3339,142,157,232
3340,165,167,232
3360,176,175,224
3350,153,198,232
3347,160,168,236
3351,177,170,223
3350,155,177,232
3352,152,174,222
3355,154,182,221
3338,167,164,286
3338,163,172,220
3346,145,174,243
3361,149,173,240
3329,129,182,247
3347,149,172,282
3339,151,173,265
3349,149,170,290
3338,149,172,287
3360,144,174,268
3342,134,168,282
3353,145,185,270
3359,143,182,274
3338,143,172,252
3351,133,181,223
3352,163,171,256
3323,137,200,254
3336,140,183,253
3339,144,176,249
3333,144,174,256
3331,144,178,282
3334,144,176,260
3337,158,177,175
3336,140,180,242
3335,135,169,245
3291,129,170,230
3335,139,174,236
3342,138,170,227
3331,128,191,230
3329,137,172,243
3365,82,179,225
3340,155,188,226
3343,152,173,219
3341,128,198,220
3348,149,170,231
3356,136,194,228
3369,112,187,212
3357,136,188,194
3354,130,239,202
3338,161,171,221
3338,138,213,216
3373,131,169,212
3340,131,194,217
3350,111,193,201
3348,133,190,216
3334,133,184,210
3333,130,180,214
3346,131,178,200
3355,128,176,208
3359,133,176,198
3351,135,185,200
3290,133,178,212
3346,141,174,192
3346,21,176,194
3315,146,176,194
3334,136,197,182
3345,153,174,191
3323,148,174,187
3293,150,172,195
3344,136,174,187
3345,139,171,184
3342,151,163,184
3328,138,195,188
3346,157,172,188
3350,148,79,196
3348,147,174,190
3344,120,179,231
3339,132,192,215
3345,138,180,238
3353,149,179,240
3307,147,177,227
3354,149,223,225
3337,154,173,215
3362,148,41,212
3344,144,184,233
3338,148,186,239
3313,145,182,221
3317,230,176,212
3334,149,177,213
3336,142,171,208
3346,143,166,222
3349,139,180,203
3336,145,173,213
3345,141,171,202
3353,85,176,197
3352,139,173,194
3326,140,146,181
3363,135,173,187
3320,168,166,201
3345,137,176,189
3349,152,173,177
3305,130,194,181
3330,139,178,195
3345,162,183,185
3343,132,185,198
3370,134,190,203
3360,109,200,195
3352,124,181,187
3351,142,190,197
3335,125,226,202
3352,134,174,194
3351,135,172,196
3356,120,177,198
3419,137,184,258
3355,121,175,206
3349,119,170,185
3340,134,173,174
3341,134,174,176
3338,130,171,169
3315,139,177,103
3332,139,177,173
3337,134,171,181
3351,144,174,185
3344,121,173,163
3355,131,174,183
3339,141,166,179
3354,120,184,176
3331,133,171,182
3344,133,158,192
3331,129,170,208
3306,135,173,191
3326,116,178,208
3338,140,179,200
3340,114,187,216
3306,140,177,219
3345,144,167,244
3342,138,176,235
3352,148,176,218
3343,146,166,234
3365,144,181,237
3351,152,160,245
3371,149,185,280
3348,146,182,233
3351,146,174,228
3354,143,183,229
3345,132,179,230
3352,147,170,240
3329,148,178,232
3353,137,200,230
3345,146,167,235
3343,146,183,224
3357,147,118,225
3346,152,174,232
3354,143,188,220
3335,146,175,207
3333,157,179,227
3344,140,151,208
3309,142,174,206
3353,153,172,207
3342,158,165,201
3334,138,172,200
3344,152,164,206
3342,139,148,209
3341,134,168,207
3326,140,175,196
3348,125,161,217
3351,140,156,224
3343,150,174,216
3344,43,174,214
3331,148,171,200
3323,139,170,213
3352,141,172,204
3329,113,170,216
3337,140,171,211
3331,58,176,194
3336,139,168,204
3332,137,170,205
3355,122,168,199
3341,138,156,211
3323,130,161,193
3296,135,165,227
3366,128,167,213
3368,125,172,206
3350,131,157,221
3358,134,203,212
3346,89,171,223
3339,132,162,189
3327,140,172,204
3264,148,161,191
3331,132,153,203
3340,128,165,197
3345,134,171,201
3328,123,178,176
3329,133,187,200
3333,130,197,215
3343,131,174,217
3349,108,181,212
3349,124,139,214
3329,131,190,217
3375,129,193,226
3351,128,194,206
3344,129,192,212
3344,120,176,217
3331,128,189,218
3343,127,196,218
3346,124,175,212
3358,121,195,214
3369,124,171,213
3345,128,205,210
3340,130,192,210
3327,103,198,222
3321,139,192,198
3290,132,190,205
3351,141,192,198
3351,118,199,206
3340,130,180,222
3340,136,187,209
3331,124,189,200
3352,112,186,307
3331,136,182,208
3244,143,184,184
3359,125,198,193
3431,163,184,270
3352,124,206,189
3322,142,180,182
3334,144,195,181
3342,146,193,194
3451,144,182,183
3338,146,178,162
3364,154,274,177
3350,147,177,183
3342,124,170,233
3390,138,170,172
3342,145,174,171
3346,150,176,177
3340,140,189,170
3329,148,166,192
3334,126,179,179
3344,138,192,176
3350,165,166,182
3326,150,180,210
3365,100,184,182
3328,158,199,186
3342,157,182,184
3315,165,169,181
3341,170,198,163
3341,166,180,158
3340,146,178,173
3330,146,179,182
3343,142,179,181
3334,159,175,180
3348,126,176,176
3350,132,194,154
3333,146,327,178
3353,150,150,182
3353,121,174,177
3353,147,153,177
3349,149,176,86
3318,140,216,177
3332,150,158,177
3358,140,163,171
3318,146,176,165
3333,145,167,172
3338,154,174,184
3297,160,165,172
3353,143,274,173
3316,162,170,171
3347,142,293,170
3366,147,170,179
3346,157,172,152
3352,145,161,186
3341,143,141,168
3339,146,179,166
3331,143,168,168
3356,145,279,175
3340,156,169,158
3333,154,152,178
3339,144,178,202
3341,157,149,206
3333,142,159,183
3339,141,156,201
3339,163,163,96
3356,144,164,195
3435,152,136,197
3350,144,163,196
3349,152,186,204
3324,144,236,201
3331,143,178,193
3349,130,168,193
3348,152,160,174
3324,146,235,192
3347,148,166,187
3378,142,146,182
3340,132,168,247
3317,163,166,207
3333,165,166,145
3339,149,186,229
3332,148,155,223
3337,146,162,217
3365,141,164,218
3340,154,166,212
3341,147,172,214
3353,148,143,219
3377,152,160,212
3341,149,182,222
3359,149,184,206
3321,155,166,327
3349,142,163,214
3333,148,165,202
3333,148,164,186
3409,161,170,288
3347,138,171,174
3342,136,183,205
3331,145,170,211
3325,144,160,208
3331,145,177,228
3339,141,162,189
3350,142,167,201
3349,126,164,206
3371,125,160,203
3352,139,165,203
3372,122,175,202
3349,140,167,220
3349,148,171,229
3486,138,172,222
3337,136,168,208
3348,112,167,214
3328,134,170,209
3347,153,190,186
3333,138,146,210
3344,135,177,205
3361,128,184,208
3331,136,164,185
3329,130,184,191
3331,135,160,196
3332,133,178,203
3407,132,168,209
3336,142,189,193
3348,130,87,199
3335,133,167,188
3350,126,171,176
3352,131,146,202
3353,135,172,198
3354,131,170,198
3331,114,174,204
3289,128,189,183
3331,132,152,202
3334,131,167,211
3331,121,162,202
3328,133,189,206
3317,137,190,205
3340,147,176,199
3324,142,188,190
3342,132,166,203
3340,120,180,195
3301,129,187,189
3350,128,192,204
3344,134,182,222
3340,144,183,222
3324,107,186,166
3348,123,186,218
3330,144,177,203
3316,248,185,214
3340,169,174,217
3349,144,191,220
3349,139,182,231
3346,130,192,190
3289,144,181,222
3326,146,172,198
3331,136,180,202
3335,147,157,213
3330,149,177,184
3327,151,167,200
3333,159,161,196
3335,147,123,197
3356,128,176,194
3349,160,166,194
3352,152,171,170
3341,154,176,188
3350,151,160,182
3344,151,165,186
3332,151,164,190
3314,150,38,186
3328,141,188,194
3338,150,199,200
3322,152,195,178
3330,148,191,201
3344,152,197,222
3338,297,202,214
3337,146,216,218
3335,146,212,205
3334,136,210,211
3356,147,130,218
3337,143,209,212
3348,140,219,232
3350,132,217,194
3342,144,195,201
3331,142,202,193
3343,139,203,202
3346,140,206,229
3336,140,202,204
3337,143,199,204
3362,119,200,224
3342,144,197,234
3341,138,194,245
3330,140,204,240
3331,132,193,237
3338,142,193,367
3342,135,191,237
3350,117,210,259
3331,136,312,258
3342,135,198,261
3352,146,189,266
3331,151,192,264
3328,158,190,276
3323,134,194,248
3325,120,226,261
3331,136,202,276
3328,160,197,264
3353,100,198,261
3353,134,194,256
3340,136,198,257
3347,156,189,245
3343,130,195,256
3340,160,185,251
3343,132,171,248
3348,147,176,243
3347,137,188,250
3339,133,195,252
3343,135,190,252
3336,168,177,250
3346,135,189,248
3340,136,184,244
3332,140,212,240
3348,137,189,248
3336,133,181,240
3348,134,186,274
3321,129,188,254
3345,6,183,264
3320,147,178,256
3359,129,91,264
3347,134,183,270
3341,126,180,258
3354,111,180,259
3340,138,62,240
3343,130,183,249
3345,131,116,259
3349,121,185,262
3345,140,181,257
3330,136,155,252
3330,114,178,242
3328,132,165,242
3344,122,176,246
3323,130,181,251
3325,132,208,247
3346,126,166,250
3347,139,180,251
3337,196,179,253
3336,134,177,251
3351,148,178,248
3342,131,171,223
3347,142,184,243
3348,153,199,257
3343,135,174,240
3335,137,176,246
3333,136,180,253
3330,121,190,262
3342,137,185,257
3334,140,178,258
3340,132,183,206
3339,131,189,270
3339,134,187,247
3327,143,179,251
3330,114,186,392
3335,130,178,247
3349,86,170,259
3341,116,188,241
3360,130,178,242
3350,123,175,224
3353,129,163,248
3348,139,185,241
3349,126,196,233
3329,62,198,234
3334,134,198,251
3336,135,201,234
3341,133,199,230
3334,140,215,246
3339,134,192,222
3370,135,197,241
3339,123,192,231
3320,130,205,217
3337,105,196,217
3325,175,210,216
3347,134,250,220
3371,169,188,227
3217,131,191,206
3342,120,137,212
3339,131,188,239
3342,117,186,231
3341,130,175,225
3333,126,344,230
3331,125,185,226
3344,130,182,232
3324,104,182,230
3360,129,57,216
3343,141,179,217
3334,112,179,344
3336,137,190,212
3342,107,194,216
3339,133,172,216
3337,132,177,204
3349,129,175,211
3342,131,173,186
3335,132,200,206
3350,128,176,199
3350,128,177,203
3347,128,174,204
3344,133,166,190
3366,98,173,201
3334,123,182,200
3340,131,183,185
3328,137,172,192
3336,132,174,189
3324,125,228,193
3332,129,178,190
3325,112,182,179
3329,130,170,179
3338,130,195,177
3354,123,167,184
3333,128,161,170
3340,111,169,178
3349,141,166,170
3342,126,174,177
3342,128,179,156
3342,126,156,176
3344,122,174,178
3340,136,168,173
3323,140,168,177
3344,128,168,176
3344,247,157,178
3349,116,257,193
3342,137,153,177
3337,124,163,180
3350,125,138,182
3352,138,168,277
3340,126,163,193
3339,121,222,182
3340,129,163,188
3349,126,149,171
3336,122,161,186
3365,121,159,187
3348,132,156,185
3348,104,159,185
3337,124,137,197
3328,124,159,174
3333,123,144,180
3336,150,160,169
3333,121,156,182
3332,140,150,258
3335,87,157,181
3341,124,161,186
3342,106,158,176
3333,121,166,176
3339,145,152,182
3337,203,157,179
3340,128,158,185
3420,124,156,197
3347,132,156,179
3343,126,158,180
3349,124,151,174
3345,125,146,198
3317,123,168,171
3335,120,168,204
3350,125,160,186
3330,126,167,197
3347,122,166,188
3333,124,143,194
3341,110,163,192
3311,123,168,190
3357,124,159,189
3349,119,165,188
3337,121,170,186
3350,110,161,331
3328,125,190,192
3338,28,141,184
3345,123,154,174
3342,113,169,190
3338,123,162,297
3350,119,176,183
3343,132,148,197
3344,122,169,189
3350,100,147,198
3344,126,162,186
3334,121,168,179
3338,12,174,196
3329,135,161,184
3331,135,165,184
3344,150,138,194
3338,136,159,185
3349,136,72,181
3338,137,160,183
3340,194,180,195
3350,141,158,186
3351,132,163,200
3362,131,158,207
3345,134,165,197
3333,134,143,221
3331,139,170,201
3336,155,160,194
3338,162,161,200
3335,137,132,202
3336,83,158,194
3334,142,160,198
3320,140,156,193
3323,131,160,188
3333,134,161,195
3340,132,140,194
3339,132,176,196
3283,134,174,197
3353,133,170,205
3326,132,165,199
3341,130,164,196
3320,118,180,192
3350,132,169,195
3332,138,172,184
3337,132,164,191
3339,132,168,188
3353,182,157,186
3341,135,178,209
3345,131,173,204
3324,125,175,190
3330,149,171,185
3321,134,171,200
3354,129,166,189
3332,132,195,183
3338,131,172,192
3339,106,172,190
3355,121,166,124
3346,118,185,175
3345,138,195,176
3350,130,176,176
3351,134,161,246
3341,128,162,160
3348,130,166,178
3346,134,168,164
3339,122,165,168
3340,130,184,150
3342,102,161,195
3344,114,171,199
3350,122,69,199
3333,135,166,199
3332,117,164,205
3337,27,165,205
3320,138,152,204
3340,126,161,202
3344,123,134,222
3335,100,169,231
3340,133,156,210
3332,134,156,221
3320,136,219,226
3334,136,162,224
3349,128,160,229
3364,142,160,240
3249,126,164,218
3336,128,165,248
3338,134,149,208
3339,137,166,207
3348,132,156,215
3355,131,157,224
3341,150,161,220
3336,135,153,196
3340,118,155,290
3324,125,153,232
3345,145,144,221
3350,137,154,230
3323,132,165,205
3326,113,166,209
3341,125,153,269
3345,118,177,211
3347,126,147,222
3350,137,26,204
3363,133,152,205
3337,138,153,194
3331,137,151,199
3300,119,150,172
3326,136,158,192
3352,143,169,217
3318,134,162,192
3338,137,176,129
3346,139,167,200
3446,153,174,186
3344,145,176,202
3385,148,183,186
3350,146,297,193
3337,149,191,186
3333,148,179,165
3339,142,192,193
3358,147,178,176
3331,144,169,186
3185,144,170,192
3330,135,194,189
3328,134,204,198
3319,144,180,192
3327,122,182,214
3307,148,192,203
3334,140,174,192
3351,118,180,208
3321,145,177,201
3348,141,190,203
3348,146,176,204
3349,139,171,200
3337,166,173,210
3340,138,178,193
3363,85,179,194
3340,153,170,197
3332,145,164,185
3327,137,176,192
3328,226,182,182
3324,156,150,214
3328,142,175,200
3331,138,184,197
3342,135,183,191
3314,136,194,193
3337,126,181,198
3340,135,186,187
3348,140,176,188
3356,137,176,179
3341,139,169,190
3335,159,178,192
3327,133,170,204
3328,138,190,197
3310,145,184,188
3330,137,181,195
3334,136,174,189
3317,148,182,189
3344,137,189,162
3346,133,178,188
3342,128,228,203
3347,134,197,195
3339,136,234,184
3346,140,178,203
3333,135,175,192
3341,139,174,190
3334,136,174,189
3343,137,170,188
3346,137,160,185
3342,145,156,183
3325,142,184,190
3313,136,177,196
3340,137,197,198
3341,155,159,216
3331,133,173,193
3342,146,179,196
3322,143,215,197
3330,141,173,193
3351,84,156,187
3339,123,192,187
3357,150,178,194
3345,149,168,186
3344,141,181,205
3362,140,170,181
3332,176,169,183
3330,257,174,185
3344,147,168,179
3326,151,163,105
3342,148,168,182
3338,145,173,179
3350,107,157,208
3341,73,184,188
3337,144,166,204
3332,145,166,213
3322,146,166,227
3333,94,166,218
3331,146,192,223
3364,134,158,223
3339,140,164,222
3347,153,153,221
3347,188,162,221
3347,139,177,229
3362,135,68,245
3370,142,146,248
3330,157,179,258
3343,139,164,251
3334,112,160,258
3329,139,160,257
3329,139,188,254
3329,121,161,254
3340,140,165,256
3342,133,170,251
3345,137,162,247
3337,132,138,248
3353,135,158,248
3337,144,157,245
3217,128,168,276
3340,137,162,236
3344,108,160,232
3354,132,160,237
3461,133,161,208
3309,119,191,195
3342,132,163,224
3332,196,161,226
3334,134,152,225
3339,119,134,212
3334,118,169,215
3332,139,160,198
3336,126,162,198
3327,130,162,217
3333,53,173,214
3329,132,164,212
3346,130,164,208
3350,9,164,206
3349,117,173,206
3332,112,157,218
3332,139,163,205
3339,130,154,197
3341,131,159,202
3349,122,169,233
3330,160,164,201
3347,123,158,209
3333,123,155,189
3338,119,160,194
3333,128,157,194
3344,132,156,191
3337,144,150,192
3349,137,156,189
3345,125,83,184
3332,114,150,195
3334,126,164,180
3333,128,156,178
3328,134,153,177
3350,119,142,174
3339,119,156,176
3340,126,154,192
3328,124,142,167
3336,129,152,169
3336,110,154,155
3345,138,135,170
3338,130,147,166
3245,137,147,164
3336,128,166,166
3331,102,152,184
3333,150,150,162
3304,128,163,162
3309,111,160,146
3330,126,158,172
3343,43,146,161
3315,126,160,160
3336,119,158,164
3349,124,149,176
3335,131,170,172
3347,134,174,164
3338,149,166,161
3315,148,171,147
3344,153,92,159
3330,151,168,158
3337,152,184,152
3334,132,169,154
3326,162,190,160
3338,154,168,183
3333,148,163,187
3331,155,172,185
3349,126,173,188
3332,152,183,205
3334,140,166,175
3340,153,188,196
3340,148,168,204
3342,143,164,219
3345,141,161,204
3339,148,163,198
3339,158,153,220
3331,151,163,206
3349,149,86,230
3321,145,167,187
3339,140,180,143
3328,160,149,219
3306,141,182,220
3328,144,172,220
3356,144,186,218
3327,144,179,227
3333,146,179,221
3330,141,190,217
3335,146,175,225
3337,164,167,224
3343,115,170,237
3320,128,176,198
3341,142,178,221
3346,147,160,242
3335,144,167,220
3271,149,170,233
3337,168,164,239
3340,128,171,220
3335,160,165,235
3332,145,181,219
3331,130,151,240
3335,140,168,225
3332,115,176,221
3336,139,165,223
3310,134,164,199
3328,139,177,217
3327,143,160,212
3335,137,165,226
3359,132,151,224
3348,125,171,200
3356,139,160,208
3341,142,169,197
3213,132,158,82
3332,139,149,200
3323,163,143,216
3331,140,158,204
3332,132,159,200
3313,144,160,206
3325,145,156,192
3334,76,178,204
3334,138,142,211
3322,132,19,203
3347,147,163,200
3338,147,162,212
3343,109,162,209
3336,126,156,236
3347,129,185,202
3352,5,162,203
3344,134,148,198
3354,132,162,192
3344,131,184,189
3352,145,153,196
3365,128,162,198
3387,121,156,197
3338,132,160,196
3421,141,138,222
3326,145,144,197
3287,118,162,190
3315,128,17,183
3330,121,157,186
3323,132,147,188
3362,129,161,193
3347,142,158,209
3363,129,169,181
3349,128,161,178
3368,128,237,182
3350,122,154,197
3351,163,149,189
3355,102,185,179
3352,133,160,175
3319,138,152,176
3350,119,160,178
3336,138,155,175
3329,149,184,202
3343,116,159,204
3317,163,8,204
3338,170,161,219
3330,194,162,221
3339,173,160,223
3328,164,160,239
3348,167,164,227
3343,146,155,300
3338,162,217,232
3348,145,160,235
3339,165,158,232
3337,166,160,239
3354,157,152,225
3342,165,168,223
3337,157,92,209
3339,206,160,216
3349,164,161,215
3338,203,157,214
3322,172,160,216
3330,160,160,212
3335,159,166,212
3319,155,158,214
3339,154,150,216
3332,157,135,214
3355,135,153,258
3339,160,158,202
3350,151,164,198
3322,155,154,205
3330,155,170,190
3335,146,142,201
3362,153,154,198
3335,129,172,182
3332,153,161,194
3331,146,128,196
3346,152,155,212
3331,152,149,173
3297,150,155,193
3344,156,155,181
3332,148,162,108
3338,155,130,187
3341,152,151,186
3348,154,153,182
3356,152,158,175
3329,147,208,182
3327,149,153,184
3338,153,151,177
3341,156,152,186
3341,153,154,165
3341,152,151,180
3345,9,151,174
3336,135,148,177
3334,144,131,172
3332,155,146,173
3331,152,147,174
3333,145,159,175
3328,138,165,160
3343,128,156,176
3337,136,176,182
3339,141,149,173
3336,141,147,176
3347,41,149,169
3339,156,125,176
3333,140,148,161
3479,144,151,187
3341,144,168,164
3337,132,158,182
3332,142,148,182
3334,153,146,89
3319,148,149,180
3341,140,145,224
3330,147,172,218
3316,147,164,183
3249,147,160,193
3350,137,160,195
3351,143,145,190
3347,132,159,204
3351,159,146,256
3348,145,159,192
3353,158,160,198
3345,149,165,188
3338,144,177,172
3332,142,164,192
3331,144,169,189
3343,147,166,196
3307,143,167,190
3333,148,168,192
3330,145,170,194
3320,155,160,181
3320,161,168,181
3330,145,190,192
3338,143,165,187
3332,152,158,189
3333,140,160,174
3347,136,158,187
3343,131,160,192
3337,126,160,230
3342,136,157,222
3330,151,179,215
3331,123,140,220
3331,139,162,223
3328,161,157,203
3336,142,160,215
3331,136,158,217
3334,136,158,190
3332,126,166,210
3345,135,168,188
3320,128,167,202
3308,112,156,164
3329,137,154,181
3336,114,151,215
3358,128,153,206
3336,128,177,230
3361,139,140,202
3348,152,156,194
3344,128,171,187
3344,162,160,197
3339,144,166,198
3332,158,154,103
3329,137,153,192
3365,139,146,213
3290,138,151,169
3328,136,152,72
3336,163,148,182
3343,136,162,183
3347,151,144,180
3333,140,159,185
3325,134,163,205
3328,142,169,196
3330,142,176,194
3420,141,178,188
3328,132,175,170
3335,130,209,200
3328,138,184,199
3335,115,188,207
3358,136,158,202
3338,138,184,118
3328,137,182,180
3334,148,173,246
3316,136,182,198
3335,136,177,206
3321,199,197,201
3336,114,198,196
3330,135,170,189
3338,178,176,192
3332,151,176,114
3333,113,162,194
3333,138,173,214
3337,140,173,199
3339,142,148,215
3340,146,172,203
3328,132,163,200
3339,132,146,202
3336,119,174,128
3344,144,174,216
3344,148,169,200
3324,144,165,193
3343,133,160,209
3335,130,170,204
3337,134,174,225
3336,138,168,78
3352,128,51,194
3336,134,142,202
3337,114,158,246
3334,130,165,190
3364,141,90,202
3324,140,167,200
3265,154,165,214
3346,144,164,217
3350,160,169,201
3337,146,152,222
3351,140,167,227
3330,154,162,208
3336,154,165,207
3335,101,157,230
3345,140,166,234
3359,140,152,239
3329,124,170,384
3335,137,170,243
3330,156,142,245
3343,119,185,237
3348,137,184,246
3356,125,177,235
3346,147,174,234
3346,148,166,233
3370,111,171,228
3344,28,168,240
3332,135,171,239
3328,118,166,239
3342,136,170,243
3343,138,182,238
3330,142,157,264
3337,137,172,240
3333,126,174,227
3337,137,171,214
3337,122,177,229
3345,134,168,232
3333,134,144,227
3333,140,165,228
3338,137,168,224
3346,129,167,222
3346,134,166,228
3349,118,169,216
3364,125,173,217
3370,133,166,223
3337,132,185,217
3331,142,164,213
3339,132,164,201
3362,134,167,200
3335,142,157,207
3355,105,174,194
3335,121,163,203
3331,125,163,200
3332,135,160,202
3341,131,163,208
3340,135,171,208
3343,134,170,207
3339,118,171,188
3330,138,168,215
3345,115,178,208
3347,135,179,222
3350,137,189,215
3371,131,180,213
3335,144,179,213
3337,139,180,213
3343,138,156,215
3306,128,195,205
3345,189,182,212
3339,138,172,193
3335,123,180,204
3336,138,158,210
3333,137,160,210
3344,134,167,211
3344,143,179,195
3330,132,219,199
3348,256,179,193
3343,138,121,182
3344,122,177,202
3345,111,195,189
3447,132,182,207
3351,133,177,185
3327,123,143,189
3347,125,181,181
3359,119,230,197
3330,129,181,198
3328,152,184,199
3333,169,186,204
3339,166,181,206
3352,168,190,192
3342,169,173,200
3343,165,185,189
3335,165,193,187
3351,162,182,185
3335,184,183,182
3360,162,180,190
3367,168,180,177
3337,164,185,186
3329,160,180,170
3264,162,180,174
3337,156,177,184
3284,176,177,171
3344,149,177,188
3331,165,183,157
3326,159,181,166
3344,157,181,177
3310,165,181,171
3349,154,175,168
3338,154,180,167
3353,149,178,166
3352,153,169,162
3332,149,175,157
3363,144,176,176
3346,164,173,130
3347,145,174,168
3344,151,172,170
3349,141,173,162
3367,148,176,173
3344,155,169,163
3362,145,172,165
3335,140,188,162
3323,146,176,169
3330,154,174,172
3335,151,175,168
3305,150,181,151
3338,157,186,162
3336,146,189,165
3338,147,163,150
3325,137,183,157
3351,144,179,184
3343,138,187,200
3329,141,200,225
3347,89,194,214
3336,142,220,227
3354,142,197,243
3343,145,189,258
3345,138,194,332
3364,162,196,432
3339,126,194,468
3336,144,196,503
3321,142,192,501
3338,147,187,564
3335,138,197,507
3342,138,216,542
3341,141,190,576
3343,132,189,580
3356,125,187,613
3372,144,176,644
3346,140,193,637
3352,193,184,672
3341,142,184,720
3339,137,254,763
3333,143,181,747
3339,142,174,781
3337,144,168,752
3338,146,178,815
3340,156,179,801
3332,138,179,926
3328,153,217,922
3325,152,194,922
3320,161,180,911
3341,156,186,899
3349,154,199,945
3358,148,213,941
3338,168,179,931
3335,154,188,964
3351,157,184,960
3339,73,197,939
3344,149,166,981
3327,165,176,989
3330,154,181,1009
3336,155,177,1019
3400,162,177,1007
3331,154,180,1000
3322,151,291,1014
3335,153,179,1083
3346,154,181,1078
3300,150,183,1080
3341,162,170,1091
3329,158,201,1041
3341,156,178,1057
3336,172,181,1118
3353,153,100,1158
3361,70,168,1141
3324,156,180,1137
3331,145,180,1118
3315,153,186,1109
3372,152,177,1131
3360,148,176,1118
3343,144,178,1101
3350,144,163,1068
3342,153,162,1070
3321,155,172,1056
3330,150,174,1024
3303,149,172,1014
3334,148,171,1009
3345,148,164,996
3335,139,162,981
3343,172,166,957
3344,141,232,946
3356,149,150,929
3336,132,182,910
3355,144,167,906
3352,145,141,877
3336,139,168,859
3354,146,166,854
3342,146,224,830
3335,145,177,826
3324,143,231,794
3333,147,178,776
3333,173,133,757
3336,123,176,744
3355,141,56,726
3329,132,177,704
3357,139,188,698
3337,141,121,680
3346,144,165,677
3354,141,156,661
3350,139,168,673
3343,123,167,665
3314,159,154,660
3322,166,164,660
3346,184,47,661
3281,190,170,668
3333,190,177,647
3338,192,186,641
3350,164,189,633
3308,170,193,582
3346,185,198,614
3360,182,148,597
3354,191,170,585
3366,179,176,574
3351,184,173,571
3333,184,165,540
3338,194,171,554
3345,176,171,544
3316,158,184,491
3344,176,171,522
3338,165,142,495
3385,173,172,506
3344,151,177,466
3342,170,169,488
3336,172,179,474
3333,152,169,463
3335,171,176,460
3336,171,166,453
3347,163,160,450
3327,165,168,423
3322,155,165,430
3207,165,166,419
3334,157,175,411
3334,165,166,413
3342,162,165,405
3348,160,164,402
3346,161,155,400
3378,162,138,389
3349,164,164,387
3338,164,164,374
3340,165,146,369
3345,163,156,372
3344,272,161,361
3331,165,162,359
3323,166,158,337
3309,161,162,351
3331,159,159,342
3291,159,162,342
3189,156,154,345
3319,150,162,372
3324,147,161,315
3345,171,159,324
3321,160,158,329
3353,143,151,322
3328,164,158,315
3344,151,148,312
3346,143,162,305
3339,141,165,297
3348,168,144,304
3337,149,169,309
3349,149,162,290
3331,150,163,287
3339,149,166,320
3337,147,163,315
3337,147,160,312
3347,149,152,330
3334,146,187,306
3344,153,189,301
3342,144,156,304
3355,139,158,303
3350,143,149,307
3462,130,161,310
3350,145,155,309
3187,148,158,291
3339,157,68,324
3353,199,136,301
3343,151,158,301
3339,152,174,304
3349,152,161,299
3339,155,20,283
3331,155,156,269
3325,171,165,2