3754,123,134,313,good
3675,109,132,403,good
3677,124,134,382,good
3696,138,103,403,good
3681,124,137,401,good
3678,123,133,409,good
3687,149,136,395,good
3681,121,133,388,good
3691,123,129,402,good
3677,148,131,391,good
3681,125,134,387,good
3704,129,126,392,good
3678,133,122,378,good
3686,133,115,374,good
3659,124,125,369,good
3679,122,144,356,good
3673,121,133,348,good
3679,123,134,347,good
3675,141,115,349,good
3686,115,138,359,good
3684,123,140,291,good
3706,128,116,384,good
3678,143,129,461,good
3683,120,148,376,good
3677,89,144,377,good
3680,132,141,377,good
3680,125,154,370,good
3675,141,164,376,good
3686,128,139,370,good
3677,125,142,344,good
3684,124,113,365,good
3677,123,140,336,good
3675,121,126,344,good
3681,126,124,338,good
3651,126,137,316,good
3677,116,163,302,good
3681,121,148,299,good
3684,173,137,330,good
3663,140,141,325,good
3681,125,141,320,good
3677,125,136,318,good
3688,121,128,274,good
3681,121,138,306,good
3669,135,163,305,good
3678,125,120,307,good
3676,191,136,294,good
3681,135,156,295,good
3657,128,138,278,good
3681,115,144,184,good
3679,124,134,276,good
3716,126,136,252,good
3677,130,132,273,good
3680,122,128,265,good
3685,130,140,248,good
3689,122,134,275,good
3671,126,140,178,good
3663,106,136,224,good
3668,110,148,248,good
3687,124,120,253,good
3670,110,166,215,good
3694,127,134,245,good
3679,124,138,238,good
3691,125,145,232,good
3697,123,141,238,good
3683,125,120,237,good
3677,125,155,223,good
3679,112,137,229,good
3682,118,228,248,good
3680,125,137,216,good
3700,126,128,220,good
3677,99,133,224,good
3674,117,138,263,good
3664,135,133,252,good
3673,121,173,259,good
3676,125,166,261,good
3651,127,141,258,good
3680,118,119,258,good
3667,54,159,248,good
3678,122,136,252,good
3686,115,140,262,good
3670,126,134,260,good
3677,126,129,332,good
3673,129,166,332,good
3675,125,140,329,good
3676,211,135,316,good
3676,123,139,338,good
3681,121,149,340,good
3671,99,129,340,good
3681,117,137,333,good
3674,92,134,353,good
3677,118,129,336,good
3658,119,141,317,good
3680,122,141,327,good
3678,125,145,322,good
3709,125,124,346,good
3681,38,138,320,good
3685,105,160,303,good
3680,123,139,309,good
3680,127,164,309,good
3677,164,139,300,good
3681,124,153,306,good
3706,119,134,297,good
3683,125,142,290,good
3674,123,138,301,good
3666,121,123,311,good
3676,94,136,291,good
3683,216,136,275,good
3685,120,137,272,good
3680,112,139,401,good
3693,118,138,264,good
3671,124,134,245,good
3684,126,139,249,good
3681,111,140,315,good
3699,122,133,301,good
3679,130,168,318,good
3679,144,138,299,good
3671,112,140,298,good
3704,118,141,320,good
3682,125,156,276,good
3679,125,140,293,good
3672,153,123,308,good
3681,126,144,288,good
3680,123,135,358,good
3646,124,138,273,good
3680,120,128,340,good
3683,146,137,323,good
3675,114,121,327,good
3661,118,157,335,good
3679,88,146,330,good
3684,117,89,327,good
3689,126,139,322,good
3678,123,133,320,good
3671,126,139,298,good
3690,138,124,361,good
3677,142,163,359,good
3677,128,138,366,good
3702,121,151,378,good
3658,116,135,347,good
3675,128,114,342,good
3678,128,162,352,good
3662,125,133,349,good
3684,124,146,324,good
3660,123,137,394,good
3655,125,146,390,good
3677,225,138,384,good
3731,125,139,374,good
3683,114,164,369,good
3680,117,131,378,good
3680,127,137,376,good
3704,126,136,375,good
3676,125,138,363,good
3650,122,159,396,good
3679,134,130,408,good
3685,116,157,414,good
3661,122,80,407,good
3670,127,153,402,good
3697,75,136,402,good
3674,126,139,400,good
3676,122,125,414,good
3699,124,139,395,good
3680,119,125,402,good
3682,128,138,391,good
3681,93,138,386,good
3814,126,135,377,good
3679,101,142,374,good
3690,128,117,367,good
3672,101,139,360,good
3677,96,132,357,good
3660,139,120,426,good
3679,150,139,407,good
3699,135,103,432,good
3677,121,110,428,good
3681,138,131,504,good
3680,123,137,420,good
3693,128,131,414,good
3680,122,153,404,good
3696,111,128,441,good
3681,122,136,426,good
3680,92,135,442,good
3707,128,115,445,good
3683,124,170,444,good
3680,116,133,444,good
3657,161,137,436,good
3680,124,148,429,good
3693,114,135,428,good
3680,115,134,424,good
3692,126,123,418,good
3679,120,142,412,good
3680,150,136,402,good
3690,124,139,402,good
3624,124,135,407,good
3664,118,138,379,good
3679,121,134,373,good
3686,124,99,375,good
3681,120,144,397,good
3671,121,137,425,good
3672,118,144,410,good
3679,121,123,431,good
3697,122,136,440,good
3686,120,136,427,good
3670,124,270,425,good
3697,124,264,429,good
3679,129,138,406,good
3675,124,32,446,good
3674,152,138,445,good
3678,126,133,418,good
3685,124,136,432,good
3646,130,135,371,good
3677,121,132,430,good
3681,128,140,465,good
3674,96,134,470,good
3693,121,136,458,good
3681,125,148,464,good
3682,115,160,471,good
3675,105,136,479,good
3697,122,264,452,good
3692,120,130,443,good
3678,105,142,434,good
3694,121,132,427,good
3681,117,145,416,good
3709,127,117,467,good
3670,127,161,465,good
3674,137,116,510,good
3651,124,148,497,good
3671,137,6,480,good
3658,118,146,495,good
3675,101,142,500,good
3681,119,135,493,good
3685,120,151,508,good
3675,122,137,508,good
3681,117,133,487,good
3684,112,134,496,good
3675,122,156,479,good
3678,120,124,472,good
3685,141,173,448,good
3681,123,134,451,good
3685,117,144,493,good
3748,124,134,493,good
3684,120,138,536,good
3662,115,151,528,good
3665,126,135,549,good
3673,145,133,539,good
3705,126,134,570,good
3673,118,134,554,good
3683,125,142,593,good
3680,151,132,606,good
3677,130,140,618,good
3683,124,135,627,good
3682,121,108,626,good
3680,112,163,581,good
3680,0,134,600,good
3679,118,136,597,good
3677,137,136,594,good
3662,124,134,590,good
3659,125,135,585,good
3690,124,129,610,good
3673,134,110,622,good
3674,124,151,591,good
3688,141,134,605,good
3685,128,134,580,good
3687,125,130,598,good
3653,157,134,580,good
3691,118,133,533,good
3687,134,112,568,good
3679,120,132,590,good
3681,119,139,615,good
3662,120,142,608,good
3673,113,142,610,good
3678,128,141,590,good
3685,121,142,600,good
3602,110,143,601,good
3681,119,139,587,good
3663,105,116,585,good
3674,135,140,586,good
3682,130,143,646,good
3660,136,98,630,good
3670,124,153,654,good
3647,122,142,664,good
3684,121,113,662,good
3686,114,134,660,good
3670,121,139,648,good
3672,111,171,650,good
3675,122,142,649,good
3676,105,144,692,good
3688,121,140,696,good
3677,125,156,682,good
3679,123,145,675,good
3681,123,177,672,good
3683,116,148,670,good
3654,147,147,666,good
3679,124,142,661,good
3671,136,121,659,good
3686,116,151,677,good
3677,125,145,631,good
3677,128,161,628,good
3686,133,135,629,good
3675,126,162,599,good
3677,122,122,597,good
3689,104,154,577,good
3674,187,144,566,good
3679,144,147,560,good
3659,122,144,538,good
3681,140,136,622,good
3672,125,143,516,good
3692,120,113,514,good
3675,132,145,508,good
3679,126,123,523,good
3672,133,272,472,good
3649,121,165,482,good
3678,140,143,472,good
3679,192,146,466,good
3653,123,138,446,good
3679,117,147,446,good
3687,126,128,435,good
3680,138,168,432,good
3679,108,130,416,good
3681,122,129,417,good
3675,116,146,394,good
3681,123,134,407,good
3679,121,142,384,good
3679,120,144,382,good
3673,110,153,350,good
3679,119,139,368,good
3676,123,130,360,good
3687,97,160,341,good
3680,120,140,342,good
3679,124,159,369,good
3681,123,133,339,good
3665,111,144,326,good
3684,126,143,329,good
3671,140,142,318,good
3676,184,142,293,good
3680,136,142,353,good
3675,96,152,357,good
3686,102,139,419,good
3677,141,141,370,good
3708,125,118,366,good
3679,125,140,359,good
3683,122,126,356,good
3665,123,139,339,good
3686,126,143,349,good
3662,117,158,344,good
3664,118,147,352,good
3679,142,142,343,good
3679,128,139,336,good
3677,256,129,331,good
3678,197,139,328,good
3680,130,149,320,good
3673,119,145,362,good
3653,122,133,357,good
3663,130,139,274,good
3683,122,145,361,good
3687,119,140,368,good
3666,134,136,365,good
3679,118,130,361,good
3681,123,113,371,good
3664,122,136,350,good
3669,137,122,354,good
3671,103,132,306,good
3680,121,133,348,good
3658,133,138,332,good
3690,124,124,342,good
3679,130,134,366,good
3690,125,135,374,good
3647,137,147,375,good
3687,124,129,379,good
3678,95,162,374,good
3679,58,137,361,good
3681,149,129,367,good
3657,116,149,354,good
3692,117,40,352,good
3673,135,161,395,good
3681,122,125,413,good
3681,123,138,392,good
3666,113,176,393,good
3692,150,134,381,good
3677,108,142,309,good
3683,129,138,390,good
3667,114,179,365,good
3679,128,154,364,good
3680,125,154,364,good
3700,119,138,366,good
3682,128,130,363,good
3666,216,134,353,good
3675,140,136,353,good
3679,115,140,348,good
3696,117,135,344,good
3651,117,149,339,good
3687,143,128,339,good
3680,138,138,326,good
3726,101,148,332,good
3771,135,141,394,good
3674,90,131,288,good
3696,131,116,316,good
3662,122,132,307,good
3704,122,132,317,good
3828,123,136,269,good
3680,114,136,288,good
3690,122,137,286,good
3679,116,134,275,good
3685,140,138,274,good
3666,123,132,265,good
3682,123,134,273,good
3681,120,133,265,good
3711,128,146,280,good
3677,121,145,293,good
3684,121,131,309,good
3676,137,140,333,good
3692,125,134,320,good
3679,123,141,308,good
3658,124,136,294,good
3679,114,126,302,good
3676,137,138,293,good
3677,112,135,294,good
3675,122,152,222,good
3658,116,110,292,good
3678,188,114,288,good
3670,99,136,279,good
3686,119,139,279,good
3658,138,136,273,good
3678,115,136,293,good
3665,118,134,257,good
3682,113,130,267,good
3680,117,138,268,good
3678,113,126,274,good
3677,123,129,266,good
3681,118,116,261,good
3687,175,137,256,good
3679,111,144,247,good
3747,126,146,310,good
3679,123,124,251,good
3682,123,136,242,good
3688,125,136,231,good
3679,134,145,239,good
3687,124,126,238,good
3685,116,135,238,good
3688,102,136,280,good
3677,123,133,201,good
3695,124,50,240,good
3678,121,125,228,good
3681,122,154,220,good
3678,125,137,209,good
3673,122,166,216,good
3698,125,145,219,good
3657,133,142,195,good
3679,124,149,221,good
3679,131,152,211,good
3654,132,132,192,good
3680,139,131,209,good
3683,89,145,210,good
3674,120,140,200,good
3681,118,160,195,good
3708,120,164,205,good
3675,125,168,190,good
3683,114,239,195,good
3664,119,140,181,good
3681,118,138,192,good
3700,123,142,223,good
3680,150,136,242,good
3681,119,135,244,good
3681,121,147,249,good
3678,120,149,251,good
3657,121,137,249,good
3677,137,176,254,good
3667,118,108,252,good
3678,118,146,248,good
3679,121,154,264,good
3668,142,148,248,good
3676,122,147,246,good
3679,33,144,241,good
3678,124,149,240,good
3681,119,161,216,good
3681,123,139,216,good
3679,117,128,224,good
3675,123,148,216,good
3653,113,158,286,good
3662,114,158,235,good
3682,125,144,322,good
3673,134,131,308,good
3661,132,143,320,good
3681,144,144,337,good
3693,122,144,376,good
3678,124,163,376,good
3654,103,153,370,good
3679,140,132,421,good
3699,134,144,414,good
3659,137,123,456,good
3676,129,144,424,good
3676,133,140,412,good
3679,121,144,435,good
3695,99,158,436,good
3679,150,134,444,good
3668,95,150,448,good
3851,122,144,440,good
3680,122,125,476,good
3663,129,142,468,good
3666,121,147,462,good
3677,134,144,462,good
3655,123,143,454,good
3655,116,118,457,good
3678,121,123,456,good
3679,125,138,448,good
3693,106,145,435,good
3678,105,144,431,good
3676,128,136,501,good
3683,122,130,404,good
3670,92,138,450,good
3678,126,136,450,good
3679,95,142,466,good
3673,96,139,464,good
3678,123,140,431,good
3677,121,140,486,good
3676,104,144,520,good
3677,132,154,524,good
3761,123,145,513,good
3683,126,142,518,good
3677,137,144,522,good
3671,121,146,528,good
3678,121,141,525,good
3685,121,142,516,good
3704,122,142,602,good
3699,119,144,512,good
3680,122,150,508,good
3602,133,129,495,good
3688,99,139,571,good
3678,143,133,526,good
3674,124,142,522,good
3670,122,137,505,good
3684,137,125,542,good
3676,115,140,551,good
3666,123,143,558,good
3663,117,142,557,good
3680,120,140,555,good
3654,113,155,553,good
3693,110,141,546,good
3660,129,101,541,good
3681,115,141,532,good
3683,142,144,524,good
3680,106,141,519,good
3529,124,141,517,good
3676,123,140,504,good
3679,135,140,489,good
3669,126,102,485,good
3555,121,140,491,good
3678,108,134,470,good
3675,67,126,463,good
3664,129,133,454,good
3677,117,139,489,good
3679,121,138,485,good
3671,124,148,480,good
3680,133,133,476,good
3678,108,141,468,good
3686,110,139,464,good
3679,123,153,453,good
3677,115,149,452,good
3679,124,122,438,good
3669,94,137,495,good
3550,124,140,481,good
3652,118,141,454,good
3680,108,164,461,good
3676,80,140,467,good
3677,91,144,462,good
3653,123,139,456,good
3673,128,119,442,good
3689,118,135,445,good
3679,119,163,440,good
3688,138,136,423,good
3679,121,135,423,good
3681,130,150,392,good
3680,123,137,406,good
3693,108,136,439,good
3671,117,141,409,good
3682,122,138,384,good
3677,134,122,436,good
3694,133,121,434,good
3705,124,136,433,good
3678,123,132,400,good
3680,123,146,410,good
3680,121,140,436,good
3688,122,85,410,good
3681,91,138,415,good
3686,121,136,408,good
3675,119,137,518,good
3678,133,128,407,good
3708,123,114,392,good
3669,143,136,384,good
3681,113,136,373,good
3675,128,132,459,good
3679,121,157,372,good
3679,136,137,362,good
3673,124,126,396,good
3692,116,133,413,good
3647,112,156,402,good
3680,125,133,412,good
3656,121,128,395,good
3678,104,133,408,good
3679,121,137,389,good
3663,107,103,389,good
3680,120,137,381,good
3680,142,136,365,good
3681,120,132,427,good
3692,107,139,417,good
3669,111,146,424,good
3678,122,141,437,good
3680,119,152,441,good
3725,124,141,431,good
3677,129,167,417,good
3668,114,137,413,good
3688,138,139,319,good
3654,126,137,408,good
3710,119,136,400,good
3677,123,164,393,good
3666,128,138,395,good
3674,124,135,406,good
3683,123,138,413,good
3685,109,139,382,good
3677,120,136,394,good
3681,124,146,438,good
3677,140,142,421,good
3673,122,136,439,good
3664,115,136,432,good
3678,106,147,438,good
3667,109,142,422,good
3646,110,138,427,good
3680,118,134,423,good
3708,123,122,421,good
3604,126,137,486,good
3679,126,138,496,good
3665,111,146,506,good
3658,113,163,495,good
3689,151,148,500,good
3680,94,134,499,good
3685,128,131,514,good
3690,119,134,477,good
3692,122,136,471,good
3679,133,112,532,good
3680,113,140,526,good
3665,133,141,524,good
3677,122,163,523,good
3689,119,107,520,good
3677,219,153,520,good
3677,130,148,501,good
3679,128,151,498,good
3681,118,136,549,good
3672,147,121,561,good
3678,123,112,547,good
3676,138,113,549,good
3663,125,137,536,good
3675,123,140,545,good
3687,105,162,527,good
3677,114,118,519,good
3677,129,141,499,good
3658,120,141,500,good
3677,119,124,490,good
3666,119,138,486,good
3690,114,140,472,good
3683,119,141,462,good
3677,122,150,480,good
3677,118,139,501,good
3677,99,141,499,good
3678,119,126,498,good
3681,121,140,536,good
3679,121,135,537,good
3682,122,166,534,good
3677,122,124,531,good
3672,128,138,507,good
3665,121,136,528,good
3680,132,131,526,good
3689,91,149,528,good
3650,133,148,508,good
3678,119,138,484,good
3695,120,139,495,good
3679,121,140,480,good
3756,123,138,492,good
3675,135,136,454,good
3672,107,139,460,good
3691,139,139,452,good
3812,97,137,446,good
3681,138,139,436,good
3681,124,136,437,good
3694,120,117,423,good
3692,119,141,409,good
3676,130,146,407,good
3682,128,136,395,good
3677,110,138,438,good
3682,121,135,437,good
3680,121,138,426,good
3604,142,130,429,good
3679,125,168,422,good
3677,136,116,441,good
3704,126,124,425,good
3694,120,134,419,good
3672,141,137,410,good
3678,111,142,401,good
3769,123,114,393,good
3665,118,144,389,good
3690,121,126,400,good
3658,145,131,392,good
3670,125,165,378,good
3677,123,132,374,good
3681,94,153,372,good
3780,138,139,437,good
3680,122,144,370,good
3691,148,147,342,good
3680,133,137,326,good
3702,120,141,340,good
3648,119,124,342,good
3664,119,156,332,good
3692,122,137,336,good
3664,124,141,317,good
3666,124,136,328,good
3679,119,128,336,good
3682,120,128,304,good
3670,123,141,298,good
3681,122,138,298,good
3680,124,144,288,good
3695,124,136,288,good
3666,124,156,265,good
3672,121,120,283,good
3685,120,138,284,good
3680,118,108,274,good
3682,118,129,300,good
3677,110,133,315,good
3688,114,49,313,good
3680,195,130,312,good
3673,121,128,317,good
3674,102,137,308,good
3669,114,144,294,good
3684,122,157,304,good
3670,94,136,303,good
3718,122,134,320,good
3676,124,136,399,good
3675,121,128,414,good
3679,117,141,395,good
3698,123,134,413,good
3797,130,138,430,good
3679,125,136,430,good
3676,141,138,425,good
3664,120,136,468,good
3685,113,122,486,good
3694,120,0,471,good
3709,117,137,472,good
3666,121,136,469,good
3679,123,141,463,good
3696,111,125,463,good
3666,121,138,449,good
3713,136,143,483,good
3673,136,140,453,good
3711,124,148,470,good
3677,138,128,437,good
3642,122,139,427,good
3675,143,119,435,good
3679,122,116,426,good
3761,112,137,296,good
3677,118,167,414,good
3681,120,135,453,good
3676,142,117,454,good
3680,117,137,486,good
3689,123,69,497,good
3675,122,138,487,good
3675,125,115,486,good
3649,91,135,416,good
3695,133,136,470,good
3678,121,134,469,good
3697,117,12,467,good
3677,124,137,465,good
3659,122,140,457,good
3653,124,141,496,good
3656,115,192,490,good
3678,122,137,481,good
3679,132,138,472,good
3675,126,115,483,good
3678,120,136,469,good
3673,125,138,474,good
3679,131,126,521,good
3665,121,140,462,good
3686,122,139,445,good
3679,116,147,416,good
3680,123,132,429,good
3680,113,138,421,good
3685,129,141,420,good
3679,113,140,410,good
3709,127,117,401,good
3664,122,138,391,good
3671,109,138,401,good
3674,134,137,373,good
3676,128,168,368,good
3685,107,143,380,good
3705,124,137,373,good
3692,97,138,361,good
3655,133,137,353,good
3679,114,150,252,good
3700,120,137,348,good
3687,122,136,333,good
3680,123,136,331,good
3694,121,137,332,good
3648,122,158,310,good
3666,113,139,318,good
3679,123,48,311,good
3668,137,137,324,good
3681,129,144,302,good
3696,81,137,297,good
3684,139,140,338,good
3676,253,124,341,good
3672,112,136,328,good
3664,125,138,324,good
3680,100,153,316,good
3674,110,136,336,good
3688,120,137,314,good
3680,120,137,316,good
3684,116,102,330,good
3640,122,135,305,good
3686,136,137,320,good
3673,106,133,302,good
3544,127,137,277,good
3675,129,138,284,good
3677,143,137,293,good
3677,118,154,281,good
3655,125,136,274,good
3684,120,136,281,good
3672,116,180,322,good
3677,125,147,353,good
3664,124,130,332,good
3680,127,136,326,good
3689,148,160,331,good
3668,113,136,316,good
3678,120,128,321,good
3680,117,144,312,good
3685,132,136,369,good
3666,118,138,357,good
3681,110,137,360,good
3664,135,138,300,good
3705,123,131,368,good
3686,125,109,376,good
3667,196,157,362,good
3673,125,134,356,good
3677,124,136,380,good
3671,126,133,398,good
3670,123,137,384,good
3669,100,138,400,good
3677,115,140,400,good
3668,127,140,412,good
3687,121,118,398,good
3679,148,129,398,good
3658,113,147,389,good
3687,107,134,384,good
3713,107,141,382,good
3682,123,128,368,good
3673,116,69,357,good
3556,122,137,346,good
3679,125,140,350,good
3699,117,113,399,good
3679,128,140,395,good
3676,122,149,402,good
3679,133,152,402,good
3675,123,136,458,good
3677,124,145,442,good
3693,125,123,439,good
3715,102,155,452,good
3695,93,158,442,good
3691,116,136,438,good
3703,124,139,434,good
3670,134,166,434,good
3677,148,137,429,good
3677,124,139,439,good
3679,114,135,424,good
3670,91,140,415,good
3687,98,134,405,good
3679,124,124,402,good
3699,172,134,406,good
3679,110,162,385,good
3689,122,133,380,good
3678,123,168,376,good
3686,108,139,372,good
3591,123,136,359,good
3645,124,138,350,good
3681,96,139,353,good
3670,204,146,350,good
3696,109,122,413,good
3678,120,140,405,good
3679,132,119,401,good
3680,122,137,424,good
3679,42,138,424,good
3681,147,130,434,good
3602,119,145,464,good
3664,125,137,432,good
3677,119,135,454,good
3743,121,128,452,good
3681,115,128,454,good
3672,112,137,458,good
3675,141,126,454,good
3674,122,137,454,good
3681,122,138,451,good
3678,156,120,456,good
3673,125,153,436,good
3679,128,137,402,good
3676,129,120,422,good
3680,103,140,410,good
3653,118,115,431,good
3680,111,117,446,good
3681,126,131,450,good
3695,103,133,429,good
3652,122,138,408,good
3679,116,136,395,good
3678,136,139,404,good
3676,96,132,417,good
3660,121,142,404,good
3679,113,148,380,good
3691,125,136,389,good
3686,124,137,376,good
3678,123,135,380,good
3676,122,131,370,good
3663,130,125,357,good
3679,133,140,367,good
3676,154,122,367,good
3677,124,90,344,good
3677,95,158,402,good
3671,104,150,378,good
3677,117,122,393,good
3679,121,132,400,good
3679,125,119,407,good
3679,111,138,375,good
3680,138,136,367,good
3679,117,137,362,good
3678,142,114,400,good
3646,128,138,387,good
3681,133,143,438,good
3668,139,136,411,good
3681,119,136,414,good
3667,104,128,418,good
3679,117,130,433,good
3686,137,113,455,good
3679,121,130,432,good
3693,121,133,441,good
3656,132,120,441,good
3692,120,135,433,good
3663,123,135,413,good
3679,112,138,444,good
3664,131,135,420,good
3680,120,136,464,good
3689,121,134,459,good
3680,107,135,503,good
3655,126,153,462,good
3673,119,139,448,good
3695,124,130,456,good
3678,131,130,456,good
3680,120,138,471,good
3666,149,142,459,good
3685,124,135,465,good
3677,118,111,475,good
3671,120,165,452,good
3688,92,155,443,good
3679,114,132,433,good
3689,117,124,467,good
3678,122,139,430,good
3686,100,133,485,good
3679,114,136,411,good
3672,122,161,410,good
3685,114,137,413,good
3677,124,150,439,good
3674,128,139,437,good
3679,123,130,466,good
3680,123,142,433,good
3678,120,140,443,good
3683,122,155,455,good
3678,112,159,425,good
3679,122,150,407,good
3681,43,138,412,good
3680,124,134,408,good
3681,100,141,409,good
3681,236,134,401,good
3676,115,141,387,good
3683,129,136,380,good
3678,118,149,376,good
3676,145,137,372,good
3664,132,120,367,good
3683,115,230,381,good
3676,189,136,354,good
3674,125,136,353,good
3676,150,135,350,good
3679,145,137,342,good
3689,126,129,350,good
3613,122,133,333,good
3676,125,165,327,good
3682,254,135,323,good
3679,121,115,332,good
3685,121,97,298,good
3679,123,138,319,good
3763,140,140,384,good
3683,141,137,291,good
3678,120,134,300,good
3660,121,128,333,good
3680,122,133,332,good
3650,133,119,332,good
3734,125,134,308,good
3688,123,136,324,good
3663,121,136,323,good
3678,121,136,314,good
3661,133,119,312,good
3685,120,126,314,good
3681,122,140,299,good
3683,123,175,299,good
3675,118,260,297,good
3701,87,135,288,good
3693,119,132,271,good
3674,100,158,273,good
3680,120,140,277,good
3689,132,128,272,good
3681,123,135,281,good
3677,133,160,258,good
3668,122,134,271,good
3686,124,137,256,good
3692,97,136,248,good
3681,139,124,258,good
3670,201,149,236,good
3673,100,162,246,good
3684,112,135,243,good
3699,114,202,247,good
3684,122,123,254,good
3680,122,134,233,good
3681,120,145,245,good
3681,117,135,229,good
3688,106,131,237,good
3682,120,141,218,good
3670,108,169,212,good
3677,95,136,218,good
3685,100,137,270,good
3680,121,148,210,good
3669,117,148,229,good
3679,138,136,206,good
3682,123,141,288,good
3664,110,136,333,good
3675,135,138,328,good
3695,120,134,339,good
3691,114,135,342,good
3674,108,137,351,good
3659,118,208,366,good
3677,122,148,365,good
3682,125,135,370,good
3680,149,107,367,good
3680,98,166,365,good
3678,122,138,385,good
3677,122,130,338,good
3680,136,139,343,good
3698,115,136,354,good
3675,120,151,353,good
3663,119,138,347,good
3681,120,142,355,good
3677,125,138,337,good
3679,120,111,340,good
3668,132,141,341,good
3679,39,140,318,good
3681,121,140,316,good
3677,125,142,324,good
3674,128,144,309,good
3652,126,138,380,good
3684,120,130,305,good
3695,110,108,307,good
3693,112,123,302,good
3676,124,141,288,good
3682,120,146,266,good
3693,146,132,262,good
3675,0,138,275,good
3681,137,135,355,good
3675,124,140,272,good
3682,108,166,264,good
3681,122,142,245,good
3682,194,136,263,good
3654,132,141,170,good
3680,148,139,262,good
3683,128,116,274,good
3680,126,141,246,good
3679,116,136,249,good
3671,131,164,247,good
3660,119,201,244,good
3681,104,137,237,good
3563,100,132,180,good
3679,121,138,236,good
3674,112,141,248,good
3653,121,140,248,good
3679,96,140,239,good
3680,112,142,237,good
3676,125,138,236,good
3667,119,130,206,good
3664,126,157,230,good
3677,120,30,223,good
3676,95,138,236,good
3679,92,138,228,good
3698,124,0,209,good
3673,123,138,224,good
3696,109,198,218,good
3681,120,134,212,good
3680,106,141,233,good
3658,111,166,236,good
3676,94,140,221,good
3680,117,154,242,good
3686,123,139,221,good
3692,127,119,234,good
3670,101,152,209,good
3653,124,137,221,good
3675,157,103,227,good
3680,124,141,232,good
3678,139,141,221,good
3678,119,144,216,good
3687,124,140,217,good
3678,129,133,206,good
3682,122,138,210,good
3689,110,136,217,good
3683,133,137,204,good
3673,121,136,244,good
3671,133,141,297,good
3690,148,137,294,good
3670,121,192,300,good
3691,124,140,320,good
3649,138,142,422,good
3680,121,139,315,good
3665,124,125,345,good
3670,102,128,312,good
3676,148,136,353,good
3668,124,138,344,good
3666,125,139,376,good
3700,116,161,371,good
3640,124,142,377,good
3681,149,135,365,good
3692,105,140,366,good
3678,124,133,362,good
3692,116,166,356,good
3677,119,151,358,good
3681,120,130,352,good
3736,124,139,354,good
3669,104,129,320,good
3681,82,119,357,good
3675,124,134,307,good
3702,91,138,327,good
3709,125,116,326,good
3681,125,136,317,good
3678,287,138,317,good
3678,124,132,316,good
3681,122,137,308,good
3689,112,138,355,good
3677,123,148,357,good
3699,122,126,362,good
3682,145,141,361,good
3667,129,139,339,good
3672,121,145,353,good
3664,125,137,359,good
3679,128,137,340,good
3684,120,140,348,good
3673,120,137,358,good
3680,125,133,331,good
3674,100,137,329,good
3673,114,149,341,good
3654,122,141,322,good
3679,126,164,318,good
3687,124,136,320,good
3675,141,119,306,good
3693,117,126,314,good
3679,130,138,322,good
3676,132,138,291,good
3687,154,132,293,good
3679,104,138,283,good
3681,128,138,278,good
3661,137,138,273,good
3669,132,138,270,good
3683,127,135,272,good
3682,119,128,282,good
3680,128,140,262,good
3681,123,140,262,good
3675,131,120,256,good
3675,141,120,273,good
3681,133,140,262,good
3649,134,147,247,good
3682,119,141,310,good
3683,130,37,311,good
3681,113,140,308,good
3673,122,136,292,good
3679,79,147,293,good
3681,128,133,314,good
3685,126,145,300,good
3677,120,137,298,good
3671,121,149,277,good
3681,128,138,296,good
3681,134,138,281,good
3684,121,149,289,good
3680,75,136,286,good
3680,101,139,296,good
3691,141,106,284,good
3694,137,140,226,good
3680,44,138,319,good
3684,130,149,320,good
3669,139,157,317,good
3677,127,137,313,good
3683,103,134,389,good
3682,123,133,316,good
3674,101,136,325,good
3677,69,136,340,good
3687,126,134,370,good
3646,103,132,262,good
3682,132,126,405,good
3680,126,139,416,good
3699,120,7,407,good
3679,126,114,414,good
3689,93,136,408,good
3668,128,138,397,good
3697,125,235,416,good
3662,122,150,410,good
3669,136,138,375,good
3688,104,146,408,good
3679,102,137,401,good
3704,130,122,406,good
3665,129,140,379,good
3680,128,134,384,good
3669,136,137,367,good
3646,126,135,325,good
3650,130,128,348,good
3678,124,136,360,good
3697,117,147,353,good
3739,126,137,340,good
3677,124,148,356,good
3661,126,182,340,good
3677,124,106,346,good
3660,135,128,334,good
3679,123,136,323,good
3676,109,126,347,good
3680,125,145,324,good
3680,114,159,312,good
3678,139,133,319,good
3675,125,130,309,good
3664,140,133,293,good
3682,124,79,337,good
3644,105,158,302,good
3682,107,136,336,good
3678,118,136,355,good
3666,116,140,431,good
3681,119,138,437,good
3690,122,136,453,good
3679,120,140,460,good
3705,128,123,484,good
3682,241,135,465,good
3676,124,142,474,good
3688,122,133,473,good
3657,127,138,455,good
3675,131,170,457,good
3681,91,139,450,good
3677,126,140,446,good
3692,124,136,438,good
3695,112,139,465,good
3707,118,149,477,good
3680,131,140,463,good
3668,117,146,471,good
3642,126,148,477,good
3661,128,151,478,good
3688,135,128,488,good
3665,112,139,485,good
3648,128,138,506,good
3657,199,139,478,good
3690,105,140,473,good
3664,128,142,484,good
3678,97,140,473,good
3681,135,139,463,good
3659,121,138,456,good
3680,151,133,455,good
3679,133,140,431,good
3674,128,136,444,good
3678,125,147,433,good
3681,124,139,416,good
3684,91,138,413,good
3679,115,134,405,good
3678,126,135,406,good
3679,119,137,418,good
3683,130,136,415,good
3683,125,134,409,good
3679,123,150,430,good
3680,125,140,404,good
3680,121,153,393,good
3679,223,115,393,good
3678,125,135,386,good
3688,126,126,393,good
3693,129,0,368,good
3679,106,141,365,good
3677,142,129,361,good
3679,124,144,359,good
3677,132,141,358,good
3681,125,136,333,good
3682,131,149,339,good
3656,124,141,335,good
3680,117,138,327,good
3687,130,142,220,good
3689,128,140,320,good
3679,128,143,310,good
3673,126,140,324,good
3656,126,140,317,good
3597,130,147,360,good
3679,141,140,296,good
3684,128,142,308,good
3688,111,146,300,good
3677,115,133,284,good
3708,131,123,288,good
3679,151,144,274,good
3679,121,124,273,good
3655,138,130,265,good
3666,121,152,241,good
3682,125,138,256,good
3691,121,131,250,good
3689,124,144,246,good
3671,123,136,262,good
3673,126,144,247,good
3676,126,135,238,good
3676,113,150,234,good
3692,121,142,216,good
3671,123,165,226,good
3680,124,153,212,good
3665,126,139,275,good
3710,128,123,302,good
3678,120,141,306,good
3691,131,138,292,good
3703,136,117,307,good
3675,112,160,300,good
3676,125,153,300,good
3675,121,131,272,good
3652,128,148,298,good
3683,114,164,316,good
3680,105,138,341,good
3679,126,137,357,good
3680,125,125,343,good
3677,123,118,344,good
3679,127,134,349,good
3682,122,124,353,good
3649,124,123,344,good
3679,126,136,336,good
3677,123,138,337,good
3679,124,138,331,good
3675,98,132,344,good
3678,128,138,324,good
3687,122,134,334,good
3677,216,154,316,good
3680,123,125,315,good
3685,148,134,297,good
3667,134,97,305,good
3682,134,133,311,good
3681,128,140,289,good
3661,125,130,294,good
3695,137,139,283,good
3687,116,140,309,good
3678,119,131,264,good
3669,114,138,281,good
3659,136,137,299,good
3698,122,42,274,good
3668,142,129,292,good
3689,123,43,263,good
3679,276,137,263,good
3677,128,132,252,good
3679,113,124,261,good
3680,126,135,252,good
3682,107,141,248,good
3675,141,121,251,good
3690,149,138,283,good
3679,122,125,296,good
3690,170,121,306,good
3673,139,144,281,good
3683,124,136,283,good
3694,105,144,277,good
3677,142,147,286,good
3684,126,142,293,good
3680,123,156,284,good
3674,133,144,278,good
3676,164,142,275,good
3683,121,158,264,good
3679,140,124,302,good
3677,128,137,233,good
3681,105,145,318,good
3657,127,137,256,good
3679,105,152,240,good
3673,146,122,269,good
3687,122,138,247,good
3696,131,141,270,good
3681,123,113,252,good
3693,119,108,250,good
3683,172,138,235,good
3678,134,141,236,good
3670,121,153,204,good
3683,121,141,220,good
3679,123,137,223,good
3683,126,169,248,good
3684,121,144,264,good
3726,124,146,338,good
3689,123,133,280,good
3683,144,126,286,good
3679,124,139,303,good
3683,121,135,325,good
3675,123,164,335,good
3676,114,106,330,good
3738,123,136,332,good
3709,121,136,340,good
3673,126,137,320,good
3702,132,118,339,good
3683,130,119,336,good
3685,126,137,335,good
3681,123,129,328,good
3624,124,139,332,good
3680,116,142,401,good
3669,124,273,413,good
3678,122,149,441,good
3681,138,134,453,good
3663,114,154,455,good
3667,144,139,375,good
3684,118,126,476,good
3839,122,136,470,good
3673,132,152,469,good
3663,126,109,477,good
3646,124,140,519,good
3678,123,152,517,good
3688,128,141,508,good
3655,122,141,526,good
3679,123,114,562,good
3669,126,170,560,good
3694,123,84,559,good
3674,121,152,536,good
3677,122,138,627,good
3672,132,141,625,good
3691,83,151,668,good
3679,98,148,669,good
3675,86,156,671,good
3679,121,139,674,good
3679,136,169,673,good
3678,132,133,687,good
3678,134,151,670,good
3706,138,129,681,good
3683,144,145,659,good
3693,114,148,648,good
3673,121,144,625,good
3664,119,139,628,good
3675,123,154,619,good
3705,128,144,602,good
3678,100,147,603,good
3687,124,130,574,good
3679,115,144,578,good
3687,124,232,571,good
3677,96,148,557,good
3680,120,110,554,good
3677,124,138,534,good
3673,114,185,506,good
3686,129,133,509,good
3680,118,123,504,good
3676,119,143,478,good
3659,129,140,481,good
3681,123,107,487,good
3681,119,140,463,good
3678,121,141,456,good
3655,141,139,446,good
3679,125,160,433,good
3676,122,142,430,good
3679,114,135,419,good
3674,125,218,405,good
3801,114,142,411,good
3683,123,141,405,good
3664,117,139,398,good
3687,133,144,403,good
3676,129,140,370,good
3659,126,128,379,good
3679,133,139,354,good
3679,117,138,379,good
3679,134,124,366,good
3667,131,136,336,good
3693,135,139,346,good
3653,114,137,327,good
3679,124,142,333,good
3678,128,160,320,good
3677,111,133,332,good
3676,123,138,316,good
3680,111,138,343,good
3679,124,136,308,good
3678,104,137,316,good
3686,130,140,316,good
3679,129,133,301,good
3697,116,161,293,good
3654,145,144,292,good
3704,126,133,289,good
3688,153,140,282,good
3672,108,164,279,good
3603,104,135,204,good
3681,121,133,273,good
3695,123,46,268,good
3685,37,135,262,good
3678,139,135,230,good
3680,133,130,256,good
3681,123,141,256,good
3680,130,137,249,good
3687,124,126,212,good
3675,123,134,250,good
3701,128,136,232,good
3679,126,142,242,good
3739,125,140,215,good
3669,120,136,235,good
3679,151,136,230,good
3708,128,136,236,good
3683,130,133,223,good
3680,124,108,238,good
3679,128,141,222,good
3764,127,137,209,good
3671,129,140,199,good
3677,122,156,215,good
3681,101,138,208,good
3673,125,118,211,good
3694,120,143,208,good
3686,128,142,233,good
3662,213,138,207,good
3679,127,140,220,good
3680,129,129,187,good
3657,130,142,208,good
3678,116,144,200,good
3693,128,138,209,good
3677,128,134,194,good
3683,124,133,194,good
3699,126,108,193,good
3669,122,144,203,good
3678,134,138,190,good
3676,122,138,192,good
3674,138,140,182,good
3674,126,148,176,good
3658,125,158,165,good
3680,100,145,179,good
3686,121,123,175,good
3738,128,143,203,good
3649,127,140,103,good
3681,170,160,174,good
3662,142,139,102,good
3680,128,142,173,good
3675,128,141,170,good
3679,133,120,186,good
3689,120,131,164,good
3672,122,132,156,good
3690,110,134,164,good
3683,124,128,159,good
3674,122,151,181,good
3681,130,129,160,good
3679,128,129,150,good
3681,152,139,156,good
3676,128,144,149,good
3670,138,30,145,good
3615,128,136,164,good
3682,107,138,304,good
3678,103,140,245,good
3679,114,137,256,good
3680,126,133,274,good
3682,126,134,268,good
3681,79,141,286,good
3682,129,136,248,good
3677,129,184,259,good
3682,107,136,274,good
3672,121,56,281,good
3706,86,136,272,good
3670,124,137,276,good
3695,123,133,264,good
3624,126,133,275,good
3704,132,137,272,good
3681,128,138,257,good
3709,124,136,332,good
3675,135,133,254,good
3670,120,136,260,good
3674,125,135,239,good
3671,128,138,237,good
3687,147,135,252,good
3675,137,163,242,good
3677,129,141,241,good
3705,120,133,240,good
3675,120,141,298,good
3688,121,115,281,good
3688,124,139,281,good
3681,149,136,268,good
3659,133,128,274,good
3675,122,158,276,good
3676,109,167,269,good
3678,109,130,264,good
3678,122,136,265,good
3689,126,139,259,good
3668,143,142,178,good
3679,99,142,316,good
3679,123,139,309,good
3682,140,136,308,good
3686,123,137,299,good
3665,124,140,296,good
3677,109,140,304,good
3677,139,128,285,good
3691,148,161,284,good
3681,121,139,295,good
3680,6,160,290,good
3687,114,140,301,good
3662,122,83,287,good
3710,119,125,278,good
3676,123,128,270,good
3683,100,164,272,good
3669,146,139,265,good
3682,125,133,334,good
3690,125,126,362,good
3678,112,140,353,good
3674,212,154,376,good
3648,122,141,377,good
3678,130,144,368,good
3673,134,135,416,good
3677,118,151,420,good
3683,161,133,420,good
3671,95,135,468,good
3700,119,128,462,good
3665,117,136,463,good
3696,107,124,492,good
3679,122,151,474,good
3551,115,136,467,good
3676,221,131,465,good
3686,117,139,465,good
3672,124,133,470,good
3670,120,141,449,good
3687,106,131,454,good
3691,120,115,455,good
3678,125,138,445,good
3675,128,141,440,good
3677,116,138,442,good
3693,124,138,472,good
3677,112,140,470,good
3690,137,135,416,good
3667,118,136,515,good
3678,120,122,524,good
3662,126,0,517,good
3678,127,132,523,good
3679,124,165,520,good
3694,115,135,516,good
3683,121,130,455,good
3677,100,137,508,good
3627,120,133,498,good
3694,111,154,504,good
3681,129,147,488,good
3681,113,147,464,good
3677,100,137,472,good
3680,140,128,538,good
3681,150,137,451,good
3687,126,138,456,good
3680,122,136,448,good
3681,124,132,411,good
3676,206,128,429,good
3707,118,117,424,good
3679,117,139,410,good
3670,112,165,407,good
3680,154,136,391,good
3681,125,137,386,good
3677,125,126,388,good
3679,121,137,376,good
3661,126,131,370,good
3672,126,146,419,good
3684,104,130,491,good
3679,169,139,435,good
3686,124,123,418,good
3647,125,138,433,good
3679,145,129,432,good
3659,126,136,429,good
3680,125,150,420,good
3678,123,151,398,good
3673,134,143,462,good
3678,129,140,458,good
3664,111,156,452,good
3664,112,139,460,good
3683,137,133,442,good
3657,123,139,427,good
3680,84,144,499,good
3680,123,140,478,good
3668,134,142,479,good
3678,123,142,481,good
3690,122,132,468,good
3693,134,146,459,good
3679,99,140,472,good
3675,122,134,469,good
3680,98,138,459,good
3677,122,129,462,good
3697,118,41,442,good
3680,113,152,344,good
3677,144,139,423,good
3683,94,146,427,good
3679,118,126,420,good
3677,122,168,412,good
3681,117,141,429,good
3675,120,128,399,good
3707,118,139,393,good
3662,121,141,375,good
3674,123,139,388,good
3675,123,135,440,good
3673,115,153,366,good
3676,125,111,376,good
3657,118,80,353,good
3679,128,139,348,good
3678,119,106,350,good
3679,124,140,357,good
3666,117,145,337,good
3661,119,0,375,good
3681,150,129,379,good
3656,116,149,380,good
3679,124,134,380,good
3677,124,137,370,good
3698,112,137,374,good
3678,122,122,372,good
3679,117,129,361,good
3672,124,138,357,good
3679,131,151,350,good
3677,125,128,354,good
3652,125,134,336,good
3635,121,135,341,good
3649,119,138,328,good
3674,119,132,351,good
3679,137,123,325,good
3682,104,119,322,good
3666,145,137,363,good
3688,144,141,349,good
3675,120,142,356,good
3672,118,137,350,good
3592,101,144,278,good
3665,125,133,365,good
3674,125,130,380,good
3680,114,137,359,good
3681,89,145,348,good
3671,114,138,354,good
3655,112,157,350,good
3705,128,152,368,good
3678,97,141,336,good
3673,105,145,336,good
3681,145,139,326,good
3680,124,139,320,good
3704,125,116,317,good
3680,123,141,296,good
3686,116,139,337,good
3673,123,139,330,good
3670,126,130,312,good
3686,169,158,331,good
3678,100,143,322,good
3677,135,139,214,good
3680,124,134,325,good
3678,22,141,316,good
3676,119,141,342,good
3679,123,125,317,good
3679,132,140,303,good
3678,136,144,276,good
3683,133,129,302,good
3683,118,142,289,good
3677,118,128,280,good
3694,141,145,261,good
3682,121,141,275,good
3703,130,128,276,good
3684,126,139,287,good
3677,125,141,270,good
3539,125,142,288,good
3675,128,202,282,good
3664,123,130,253,good
3682,123,144,256,good
3656,122,145,241,good
3685,125,141,277,good
3678,126,140,322,good
3741,125,140,359,good
3653,126,148,372,good
3685,108,142,381,good
3680,131,145,395,good
3697,107,155,388,good
3671,122,164,400,good
3677,137,141,402,good
3693,122,136,424,good
3670,123,140,390,good
3676,124,151,424,good
3680,152,142,385,good
3683,125,151,394,good
3686,128,138,395,good
3678,124,133,388,good
3654,206,133,381,good
3676,125,137,378,good
3684,114,138,369,good
3679,130,141,387,good
3679,117,140,407,good
3680,0,134,411,good
3676,125,135,420,good
3659,126,143,402,good
3656,113,154,402,good
3683,1,117,398,good
3679,126,130,422,good
3726,104,150,449,good
3649,131,160,444,good
3665,116,148,449,good
3680,128,140,439,good
3686,121,140,443,good
3674,106,140,479,good
3670,124,132,441,good
3678,124,130,457,good
3677,120,140,463,good
3686,123,141,503,good
3678,125,121,534,good
3677,117,152,532,good
3679,128,134,553,good
3678,110,136,544,good
3701,134,137,531,good
3690,122,138,544,good
3691,125,135,565,good
3686,124,130,540,good
3681,139,119,535,good
3676,123,158,512,good
3678,118,140,519,good
3679,124,139,523,good
3670,23,158,500,good
3704,128,137,495,good
3667,129,138,477,good
3679,123,136,476,good
3673,129,62,523,good
3636,126,136,534,good
3677,128,167,556,good
3654,118,147,552,good
3689,124,136,555,good
3672,126,164,586,good
3678,125,135,649,good
3663,134,138,597,good
3675,118,137,658,good
3680,95,118,684,good
3670,114,145,688,good
3691,126,137,696,good
3651,113,153,669,good
3727,125,139,686,good
3663,127,137,656,good
3675,120,132,678,good
3665,138,138,593,good
3684,120,183,652,good
3679,126,130,661,good
3685,123,134,702,good
3680,76,143,698,good
3677,116,148,682,good
3687,122,127,682,good
3661,126,142,673,good
3678,121,134,663,good
3699,122,135,664,good
3673,108,150,647,good
3693,133,136,635,good
3679,118,98,670,good
3690,94,136,658,good
3668,124,125,638,good
3675,123,138,664,good
3673,64,135,637,good
3674,95,134,636,good
3679,143,135,534,good
3679,121,133,605,good
3687,118,117,585,good
3678,124,123,604,good
3685,124,125,578,good
3670,135,136,564,good
3678,117,134,550,good
3592,127,137,541,good
3667,109,144,538,good
3675,130,123,524,good
3680,121,165,509,good
3680,110,153,500,good
3677,138,133,488,good
3675,120,136,481,good
3572,143,127,477,good
3651,120,120,466,good
3674,126,131,526,good
3719,125,136,450,good
3687,145,136,439,good
3652,135,134,434,good
3677,129,138,427,good
3663,133,135,369,good
3685,112,138,411,good
3678,121,136,407,good
3660,145,135,399,good
3686,144,138,380,good
3672,125,160,381,good
3598,121,136,388,good
3677,120,131,362,good
3671,119,134,392,good
3681,119,133,358,good
3664,126,133,349,good
3670,119,148,342,good
3689,97,134,334,good
3679,132,134,340,good
3680,111,129,328,good
3681,120,124,331,good
3679,128,125,389,good
3657,117,203,374,good
3658,119,133,375,good
3682,115,136,367,good
3676,0,134,366,good
3684,122,138,365,good
3675,112,128,368,good
3678,123,128,360,good
3687,120,151,390,good
3693,136,128,372,good
3674,117,136,413,good
3662,124,119,397,good
3676,124,157,389,good
3686,121,112,386,good
3687,120,133,379,good
3676,120,132,378,good
3680,108,120,378,good
3705,141,146,360,good
3675,119,134,353,good
3677,116,145,357,good
3691,111,126,363,good
3681,95,138,357,good
3690,117,105,353,good
3680,120,134,334,good
3675,117,124,357,good
3683,121,147,329,good
3690,114,135,384,good
3685,147,101,410,good
3827,121,129,420,good
3684,114,119,435,good
3680,120,132,416,good
3685,128,135,407,good
3681,119,157,404,good
3675,111,132,410,good
3672,95,124,411,good
3679,119,139,402,good
3676,138,137,369,good
3673,117,137,393,good
3678,119,103,403,good
3677,101,133,381,good
3677,117,133,374,good
3683,147,129,367,good
3680,119,133,357,good
3668,108,144,370,good
3679,115,134,359,good
3683,118,130,403,good
3685,98,156,402,good
3675,111,104,402,good
3669,125,133,390,good
3695,118,123,395,good
3688,124,95,394,good
3689,105,148,385,good
3692,124,128,374,good
3657,121,297,379,good
3677,120,133,371,good
3674,107,135,378,good
3738,123,133,384,good
3684,120,124,364,good
3676,135,112,353,good
3689,115,131,345,good
3664,83,145,343,good
3680,120,124,384,good
3656,114,151,385,good
3698,117,134,381,good
3707,122,135,389,good
3663,122,128,378,good
3664,138,139,388,good
3708,123,134,413,good
3677,130,128,459,good
3662,118,138,459,good
3697,99,146,458,good
3674,124,134,473,good
3677,121,113,476,good
3678,126,135,476,good
3679,131,152,476,good
3687,122,136,468,good
3665,118,134,464,good
3702,118,151,466,good
3682,117,107,460,good
3695,115,136,464,good
3669,128,132,427,good
3685,121,117,461,good
3678,125,132,409,good
3683,96,129,492,good
3676,132,133,423,good
3677,96,141,414,good
3674,139,116,429,good
3679,133,128,397,good
3676,128,90,391,good
3679,124,129,371,good
3677,128,126,448,good
3676,119,101,384,good
3677,111,140,359,good
3678,120,118,353,good
3665,116,134,352,good
3648,117,132,328,good
3677,118,124,341,good
3679,123,136,330,good
3623,134,140,322,good
3679,118,136,320,good
3687,150,139,308,good
3683,118,147,311,good
3680,122,136,307,good
3646,119,121,300,good
3681,117,114,306,good
3677,119,138,342,good
3678,122,128,349,good
3702,123,120,362,good
3816,110,136,349,good
3678,124,139,337,good
3661,112,149,341,good
3678,116,140,345,good
3681,208,135,348,good
3548,118,136,350,good
3677,126,130,334,good
3677,118,136,329,good
3665,119,137,320,good
3679,125,137,307,good
3671,124,136,324,good
3662,111,157,311,good
3683,139,125,310,good
3671,135,137,304,good
3697,114,138,295,good
3682,125,144,297,good
3682,120,145,296,good
3684,121,119,298,good
3680,119,137,288,good
3671,182,138,283,good
3681,112,136,264,good
3704,125,117,279,good
3650,117,134,268,good
3680,119,136,266,good
3680,120,141,262,good
3692,110,152,242,good
3678,119,132,250,good
3679,127,135,244,good
3697,121,133,247,good
3676,118,137,236,good
3665,118,158,242,good
3687,118,131,238,good
3671,120,145,241,good
3580,123,140,227,good
3666,122,137,236,good
3675,122,156,238,good
3687,119,99,227,good
3683,0,135,229,good
3651,116,121,224,good
3676,112,134,222,good
3686,119,137,236,good
3744,123,137,216,good
3676,118,132,218,good
3683,120,165,215,good
3678,120,141,213,good
3679,119,137,206,good
3677,109,128,204,good
3676,114,149,192,good
3700,122,140,234,good
3665,116,114,217,good
3667,100,136,163,good
3689,121,136,263,good
3680,123,133,260,good
3681,125,143,286,good
3678,120,132,260,good
3678,122,126,273,good
3677,109,129,271,good
3659,113,182,264,good
3679,134,136,256,good
3680,138,131,416,good
3683,114,140,340,good
3669,123,145,393,good
3677,107,135,340,good
3679,130,145,332,good
3690,176,137,335,good
3679,119,141,346,good
3674,123,160,336,good
3671,123,136,342,good
3679,21,155,378,good
3696,123,138,386,good
3649,125,136,358,good
3646,117,155,361,good
3648,127,137,381,good
3665,94,145,389,good
3681,117,131,374,good
3666,134,153,374,good
3697,108,136,372,good
3681,114,134,339,good
3691,120,132,356,good
3680,126,129,348,good
3675,104,138,347,good
3679,121,138,334,good
3670,92,136,343,good
3656,120,135,323,good
3675,115,150,308,good
3675,246,113,320,good
3680,121,123,384,good
3678,136,144,381,good
3665,139,138,381,good
3675,120,139,394,good
3692,76,137,384,good
3671,126,115,389,good
3667,92,144,397,good
3680,116,138,374,good
3677,117,111,393,good
3680,106,162,380,good
3682,133,136,352,good
3699,96,150,367,good
3667,112,153,381,good
3674,133,115,377,good
3677,119,145,354,good
3677,115,136,357,good
3658,125,146,339,good
3678,122,141,340,good
3677,142,134,321,good
3691,108,140,328,good
3663,138,141,242,good
3696,119,39,315,good
3679,136,140,308,good
3684,103,160,350,good
3677,119,137,353,good
3671,136,143,360,good
3682,118,130,360,good
3689,120,232,407,good
3622,119,138,418,good
3682,119,128,398,good
3668,129,140,417,good
3681,121,135,412,good
3693,135,112,401,good
3678,127,137,404,good
3661,132,144,388,good
3673,115,138,528,good
3680,123,128,389,good
3673,119,263,385,good
3669,120,173,377,good
3656,118,236,364,good
3677,118,123,362,good
3671,132,164,352,good
3671,120,136,348,good
3664,122,148,352,good
3663,124,138,324,good
3666,124,153,355,good
3676,122,137,340,good
3659,121,136,338,good
3675,122,153,316,good
3695,124,265,323,good
3641,123,138,317,good
3675,97,131,315,good
3679,122,150,314,good
3690,110,136,407,good
3586,120,137,293,good
3677,124,166,302,good
3679,119,134,301,good
3679,110,134,290,good
3678,121,142,274,good
3659,122,199,283,good
3678,118,136,275,good
3674,143,137,344,good
3677,134,136,381,good
3701,104,136,399,good
3684,120,135,386,good
3681,124,164,409,good
3573,118,132,394,good
3677,120,128,412,good
3679,121,133,385,good
3672,120,142,404,good
3667,133,125,413,good
3663,121,134,449,good
3689,120,140,464,good
3656,114,110,451,good
3682,122,130,450,good
3677,121,136,450,good
3679,108,134,441,good
3666,116,124,449,good
3642,121,134,434,good
3683,128,135,435,good
3683,117,136,432,good
3675,132,137,422,good
3665,117,126,398,good
3680,128,134,403,good
3673,130,120,410,good
3680,125,137,400,good
3677,122,140,400,good
3662,118,124,384,good
3661,123,136,367,good
3677,117,136,370,good
3679,123,132,374,good
3677,114,238,378,good
3683,119,131,349,good
3687,118,136,331,good
3686,120,120,356,good
3679,148,139,339,good
3746,114,136,338,good
3689,141,114,334,good
3677,117,134,330,good
3689,119,136,333,good
3680,125,136,371,good
3684,107,135,370,good
3677,120,126,380,good
3691,120,106,380,good
3678,122,137,379,good
3660,120,135,364,good
3695,133,113,382,good
3679,125,130,347,good
3801,100,135,370,good
3658,126,135,364,good
3681,114,138,353,good
3691,119,130,350,good
3685,131,136,278,good
3691,99,146,338,good
3693,121,136,351,good
3707,132,150,355,good
3677,118,143,329,good
3691,120,59,331,good
3674,109,150,360,good
3692,121,133,356,good
3677,105,132,381,good
3666,107,138,344,good
3676,120,132,382,good
3655,120,134,348,good
3681,120,133,337,good
3676,132,132,352,good
3671,119,135,358,good
3793,103,135,347,good
3680,128,136,335,good
3678,97,136,353,good
3673,136,133,314,good
3678,133,147,367,good
3663,129,138,378,good
3679,119,135,378,good
3575,128,120,374,good
3680,119,146,371,good
3679,116,126,379,good
3681,101,134,366,good
3681,130,107,375,good
3650,123,131,348,good
3679,108,139,426,good
3676,116,125,459,good
3709,122,134,446,good
3675,136,117,452,good
3775,100,133,443,good
3581,120,136,448,good
3660,118,134,438,good
3693,130,135,431,good
3678,176,138,422,good
3679,122,130,455,good
3673,91,134,476,good
3679,109,154,465,good
3674,149,134,473,good
3679,116,142,472,good
3680,182,132,466,good
3677,103,128,472,good
3674,192,134,457,good
3677,123,140,455,good
3688,94,152,434,good
3679,121,128,430,good
3791,121,126,437,good
3678,120,121,435,good
3680,119,132,418,good
3677,114,134,415,good
3649,121,150,409,good
3695,123,133,400,good
3680,130,138,391,good
3668,111,148,462,good
3600,140,126,476,good
3665,122,136,464,good
3696,122,136,478,good
3682,121,152,472,good
3622,121,136,494,good
3680,119,122,471,good
3672,116,135,480,good
3689,128,109,473,good
3680,121,139,436,good
3677,126,117,454,good
3662,123,136,441,good
3693,118,110,445,good
3661,117,128,433,good
3677,117,134,430,good
3681,16,135,422,good
3849,122,131,429,good
3680,118,134,490,good
3678,113,136,484,good
3692,118,138,492,good
3667,128,136,487,good
3674,122,133,496,good
3683,128,134,484,good
3689,119,131,500,good
3679,118,136,495,good
3677,121,148,483,good
3675,225,119,488,good
3677,115,137,465,good
3677,115,107,477,good
3678,20,138,464,good
3678,131,150,456,good
3654,120,140,447,good
3676,118,146,456,good
3679,118,110,428,good
3671,110,134,462,good
3677,113,130,552,good
3677,122,153,509,good
3682,140,135,507,good
3677,121,120,507,good
3663,116,195,510,good
3679,134,123,575,good
3677,119,144,512,good
3681,115,124,499,good
3675,115,137,530,good
3679,114,121,497,good
3682,120,139,504,good
3679,114,123,478,good
3672,133,135,482,good
3680,103,137,526,good
3666,124,136,378,good
3677,111,130,405,good
3682,122,138,441,good
3676,102,137,436,good
3679,117,138,496,good
3678,118,134,494,good
3697,128,126,503,good
3664,134,131,490,good
3675,114,149,496,good
3683,100,142,492,good
3675,109,159,485,good
3686,0,119,479,good
3650,121,139,490,good
3683,101,140,570,good
3677,113,141,533,good
3690,120,61,495,good
3714,122,139,494,good
3677,109,148,501,good
3679,116,131,493,good
3676,119,142,488,good
3676,118,155,482,good
3665,118,140,471,good
3673,104,143,468,good
3617,124,145,451,good
3679,113,155,447,good
3689,117,41,443,good
3679,120,143,438,good
3678,131,136,442,good
3679,120,139,421,good
3677,111,140,413,good
3676,135,142,447,good
3673,132,144,445,good
3680,147,148,450,good
3681,123,141,440,good
3676,240,118,439,good
3673,119,141,420,good
3674,104,143,454,good
3654,114,88,426,good
3680,119,140,410,good
3678,120,144,457,good
3660,120,149,454,good
3686,120,115,470,good
3752,124,139,451,good
3687,151,144,434,good
3675,107,146,441,good
3681,116,141,444,good
3670,124,148,436,good
3678,123,127,436,good
3687,132,141,427,good
3676,121,138,416,good
3683,126,141,408,good
3640,124,158,402,good
3679,121,140,443,good
3664,116,134,405,good
3757,122,139,449,good
3675,119,138,420,good
3709,123,116,487,good
3678,134,128,492,good
3683,120,161,498,good
3674,119,176,501,good
3678,106,144,489,good
3697,116,140,503,good
3633,122,139,482,good
3683,113,130,502,good
3674,144,140,496,good
3655,116,87,520,good
3677,121,140,524,good
3681,119,139,525,good
3641,100,139,524,good
3673,113,142,528,good
3673,122,135,520,good
3678,117,130,506,good
3677,104,133,504,good
3679,138,136,405,good
3687,90,144,552,good
3688,122,140,545,good
3679,123,166,541,good
3684,103,159,544,good
3678,122,129,540,good
3680,109,136,539,good
3674,64,138,530,good
3677,110,146,525,good
3673,160,125,523,good
3699,122,145,508,good
3678,122,138,508,good
3653,121,136,490,good
3690,124,138,491,good
3660,116,200,482,good
3679,122,128,476,good
3676,155,118,468,good
3681,119,134,453,good
3680,119,135,451,good
3665,118,136,430,good
3684,119,44,450,good
3677,117,136,417,good
3677,109,133,418,good
3812,96,135,416,good
3661,133,122,453,good
3674,121,136,464,good
3680,116,138,458,good
3659,122,152,508,good
3659,122,137,501,good
3677,117,116,510,good
3670,120,135,494,good
3678,118,136,512,good
3677,110,134,524,good
3673,104,135,526,good
3674,150,134,504,good
3681,126,137,492,good
3674,119,134,505,good
3682,140,137,476,good
3659,129,139,481,good
3682,118,134,468,good
3677,121,141,462,good
3680,97,160,457,good
3768,133,141,561,good
3678,120,130,451,good
3678,101,140,452,good
3674,142,115,444,good
3675,123,137,426,good
3689,110,139,410,good
3663,119,136,401,good
3717,112,162,396,good
3673,118,137,403,good
3683,119,138,391,good
3677,102,136,384,good
3680,119,133,372,good
3675,128,125,426,good
3683,108,128,427,good
3703,122,111,438,good
3677,119,150,413,good
3680,113,138,496,good
3676,134,115,416,good
3703,123,144,394,good
3679,115,138,390,good
3678,122,141,411,good
3704,121,150,468,good
3677,122,131,455,good
3676,117,148,456,good
3675,215,140,465,good
3668,121,153,467,good
3675,117,123,483,good
3677,123,138,502,good
3691,105,205,519,good
3666,116,135,503,good
3687,109,228,538,good
3689,123,138,538,good
3679,111,140,547,good
3678,115,109,532,good
3686,119,142,530,good
3676,102,136,500,good
3680,176,138,527,good
3677,139,144,522,good
3672,120,245,518,good
3673,120,138,576,good
3691,76,118,557,good
3676,29,156,556,good
3700,121,137,556,good
3657,129,140,545,good
3679,119,132,549,good
3646,119,112,538,good
3678,122,136,521,good
3668,118,134,558,good
3663,116,137,558,good
3673,90,133,550,good
3679,91,135,555,good
3691,120,133,547,good
3703,166,132,565,good
3660,112,147,545,good
3665,119,152,538,good
3673,121,133,528,good
3679,121,138,517,good
3678,115,143,513,good
3673,118,133,500,good
3670,138,116,500,good
3677,120,123,488,good
3679,128,134,481,good
3689,106,221,482,good
3678,126,136,464,good
3569,142,128,449,good
3555,118,133,450,good
3660,118,203,440,good
3691,122,106,430,good
3678,120,131,418,good
3691,111,140,410,good
3672,123,135,406,good
3678,115,131,400,good
3679,122,131,376,good
3681,119,149,382,good
3667,97,140,444,good
3670,124,166,424,good
3665,130,119,424,good
3677,121,134,423,good
3678,122,135,420,good
3667,132,136,413,good
3669,118,134,420,good
3691,125,109,406,good
3682,119,144,447,good
3677,140,135,448,good
3672,131,135,444,good
3681,119,134,442,good
3675,98,139,441,good
3675,96,136,440,good
3687,122,138,428,good
3675,122,151,433,good
3674,128,142,481,good
3675,121,243,456,good
3678,122,109,466,good
3658,120,135,445,good
3706,125,122,444,good
3686,119,18,433,good
3670,93,133,439,good
3674,155,135,439,good
3707,81,133,425,good
3679,142,130,427,good
3691,132,105,424,good
3683,123,144,436,good
3679,61,135,411,good
3710,77,134,403,good
3659,123,148,408,good
3679,120,150,392,good
3680,119,124,384,good
3677,122,143,369,good
3699,134,139,368,good
3684,126,124,386,good
3731,122,136,356,good
3673,128,136,350,good
3677,126,128,338,good
3676,122,135,340,good
3679,118,129,333,good
3677,118,108,382,good
3680,131,137,357,good
3679,117,112,382,good
3677,122,128,371,good
3680,0,136,366,good
3664,120,131,368,good
3679,125,132,373,good
3679,120,128,366,good
3683,115,157,366,good
3697,127,128,350,good
3667,118,134,352,good
3650,128,141,345,good
3674,191,135,389,good
3677,113,152,374,good
3657,108,136,381,good
3678,119,135,359,good
3678,121,106,383,good
3678,100,136,372,good
3673,134,28,367,good
3679,123,124,370,good
3674,119,128,368,good
3678,120,130,368,good
3677,122,147,366,good
3673,116,134,360,good
3681,122,149,357,good
3704,107,124,325,good
3677,122,136,323,good
3690,110,137,340,good
3676,119,132,336,good
3663,132,129,284,good
3659,125,143,326,good
3666,121,149,306,good
3676,137,136,312,good
3699,95,141,308,good
3674,111,133,318,good
3660,117,138,301,good
3677,122,143,292,good
3676,117,115,292,good
3678,113,139,283,good
3681,146,135,294,good
3680,120,140,278,good
3684,115,139,281,good
3671,109,179,268,good
3678,116,135,287,good
3685,116,145,242,good
3679,121,150,262,good
3677,116,116,260,good
3675,137,125,256,good
3677,122,133,250,good
3671,120,139,247,good
3676,120,136,242,good
3697,139,131,296,good
3677,108,141,235,good
3682,118,132,211,good
3661,115,149,260,good
3683,118,120,316,good
3682,55,136,329,good
3706,118,133,341,good
3655,112,154,333,good
3687,122,134,354,good
3683,121,135,332,good
3693,119,122,341,good
3684,119,131,335,good
3669,114,151,320,good
3677,118,128,372,good
3676,99,135,386,good
3679,114,136,378,good
3672,223,145,365,good
3675,124,160,378,good
3685,134,130,357,good
3681,100,137,436,good
3678,128,130,280,good
3666,119,156,364,good
3678,0,133,371,good
3656,120,132,375,good
3692,117,61,358,good
3711,117,132,352,good
3680,112,133,356,good
3678,121,135,329,good
3678,119,136,341,good
3678,87,131,335,good
3671,96,132,318,good
3677,122,200,327,good
3678,135,137,320,good
3683,123,128,337,good
3677,119,126,328,good
3688,120,139,303,good
3683,117,78,304,good
3671,122,133,299,good
3709,116,132,300,good
3712,119,136,346,good
3703,118,131,390,good
3665,122,136,375,good
3678,106,130,393,good
3693,119,126,402,good
3689,111,133,396,good
3683,144,134,390,good
3705,110,156,398,good
3675,119,121,400,good
3671,109,164,398,good
3681,123,133,396,good
3678,110,138,388,good
3678,106,131,383,good
3679,132,120,397,good
3666,121,134,367,good
3672,111,132,366,good
3665,128,136,345,good
3687,135,132,362,good
3677,120,134,350,good
3678,116,126,351,good
3672,118,136,354,good
3688,107,130,328,good
3679,119,126,334,good
3681,120,180,324,good
3683,134,133,320,good
3653,133,137,386,good
3679,120,147,329,good
3676,124,128,407,good
3679,115,136,381,good
3679,123,128,347,good
3676,107,145,348,good
3681,151,128,361,good
3673,121,149,353,good
3680,121,137,348,good
3679,121,160,341,good
3679,13,133,341,good
3679,126,123,363,good
3697,110,118,358,good
3690,102,144,354,good
3683,119,156,345,good
3681,114,133,346,good
3676,118,133,338,good
3690,93,132,334,good
3672,123,143,334,good
3681,124,94,320,good
3676,133,124,385,good
3664,126,134,358,good
3678,122,137,368,good
3679,122,161,364,good
3731,135,136,359,good
3676,123,111,376,good
3604,98,130,241,good
3698,119,125,362,good
3677,111,144,444,good
3683,119,137,444,good
3690,118,139,445,good
3696,119,128,452,good
3677,104,135,423,good
3679,122,132,454,good
3681,175,133,454,good
3666,128,137,421,good
3675,118,149,367,good
3687,121,116,457,good
3670,124,118,450,good
3678,120,106,443,good
3687,122,126,452,good
3659,112,148,422,good
3683,122,121,433,good
3664,147,132,412,good
3680,120,120,405,good
3678,131,115,396,good
3682,117,149,449,good
3681,118,126,444,good
3697,128,128,415,good
3687,115,136,432,good
3705,127,136,453,good
3679,121,134,425,good
3649,118,130,411,good
3657,157,135,412,good
3662,128,130,408,good
3682,114,129,476,good
3688,122,134,495,good
3676,122,134,493,good
3676,123,147,494,good
3648,121,124,484,good
3683,124,136,502,good
3687,124,109,483,good
3691,119,119,475,good
3676,134,109,492,good
3686,115,103,481,good
3684,102,134,535,good
3673,110,132,460,good
3652,118,158,464,good
3678,132,136,452,good
3551,96,131,357,good
3659,141,133,437,good
3679,114,147,416,good
3674,123,129,426,good
3679,122,133,423,good
3685,120,102,422,good
3648,126,144,410,good
3679,138,138,401,good
3678,123,123,403,good
3681,135,124,470,good
3667,130,133,396,good
3680,125,133,428,good
3680,136,137,420,good
3679,133,169,422,good
3681,123,140,432,good
3643,121,158,416,good
3673,122,143,415,good
3690,114,140,419,good
3657,122,141,401,good
3673,110,140,544,good
3681,117,157,387,good
3667,207,157,399,good
3702,121,134,388,good
3693,111,132,408,good
3674,117,128,396,good
3667,126,145,368,good
3683,122,121,360,good
3678,122,114,358,good
3673,113,138,482,good
3694,116,118,360,good
3674,121,159,438,good
3678,114,100,452,good
3678,123,133,457,good
3677,123,136,458,good
3678,123,146,460,good
3669,116,137,529,good
3611,99,139,348,good
3683,114,138,474,good
3683,111,114,464,good
3677,227,138,461,good
3676,140,135,452,good
3657,123,138,445,good
3689,146,158,456,good
3669,124,147,435,good
3677,120,142,424,good
3666,132,137,398,good
3677,120,153,388,good
3652,120,139,411,good
3632,123,137,427,good
3676,119,151,397,good
3678,120,138,390,good
3683,118,139,389,good
3665,98,137,377,good
3668,139,139,362,good
3650,124,146,372,good
3674,111,140,364,good
3687,121,132,369,good
3675,118,141,404,good
3681,160,139,400,good
3676,110,154,389,good
3678,117,138,448,good
3679,146,140,443,good
3678,125,139,441,good
3666,122,158,441,good
3673,130,124,458,good
3691,121,134,440,good
3668,121,154,431,good
3593,137,141,421,good
3677,122,137,420,good
3692,132,140,414,good
3670,125,136,386,good
3626,96,136,296,good
3677,126,140,407,good
3671,96,139,442,good
3695,81,137,443,good
3673,95,146,426,good
3675,124,144,428,good
3679,134,170,433,good
3678,126,116,431,good
3678,122,135,427,good
3677,110,141,396,good
3619,130,138,414,good
3678,126,145,423,good
3675,142,118,425,good
3670,139,122,411,good
3687,172,136,408,good
3560,124,139,403,good
3665,123,160,382,good
3678,122,132,375,good
3674,118,141,392,good
3679,126,121,363,good
3677,125,137,356,good
3684,125,139,356,good
3694,123,122,349,good
3684,130,144,357,good
3673,121,154,314,good
3680,194,135,329,good
3677,109,119,321,good
3645,132,144,316,good
3675,120,114,322,good
3727,123,135,377,good
3679,0,133,369,good
3694,125,136,387,good
3679,123,134,379,good
3692,125,134,364,good
3676,0,136,362,good
3702,116,149,382,good
3690,124,130,384,good
3677,124,133,435,good
3678,17,164,378,good
3677,143,122,382,good
3656,137,140,485,good
3696,121,113,375,good
3665,124,162,366,good
3661,114,144,367,good
3680,140,138,361,good
3681,122,137,353,good
3679,136,136,358,good
3669,120,134,350,good
3687,110,114,346,good
3681,125,136,341,good
3718,112,134,339,good
3679,145,142,331,good
3686,123,97,321,good
3667,121,135,320,good
3678,124,134,318,good
3694,120,135,313,good
3693,131,136,357,good
3746,99,136,350,good
3672,111,134,362,good
3698,126,128,344,good
3674,192,137,350,good
3673,121,136,388,good
3668,100,129,398,good
3667,125,131,367,good
3694,112,101,398,good
3649,121,134,376,good
3677,133,140,384,good
3566,140,132,380,good
3669,124,136,384,good
3688,144,136,373,good
3679,119,132,371,good
3693,147,136,365,good
3673,124,133,359,good
3679,112,125,360,good
3677,142,136,305,good
3678,118,148,343,good
3674,147,134,344,good
3674,122,136,341,good
3679,125,136,327,good
3675,133,136,311,good
3692,121,121,304,good
3620,115,136,186,good
3703,104,132,351,good
3647,133,116,350,good
3675,123,138,337,good
3679,126,138,350,good
3678,32,138,340,good
3683,121,144,350,good
3674,96,138,332,good
3679,124,130,327,good
3676,126,129,328,good
3642,116,167,299,good
3663,137,128,318,good
3676,185,139,318,good
3690,151,138,316,good
3672,119,137,307,good
3675,134,138,308,good
3675,123,133,332,good
3642,120,139,300,good
3677,126,130,293,good
3681,121,136,288,good
3678,150,139,281,good
3681,29,145,289,good
3527,123,138,290,good
3675,134,52,262,good
3681,150,133,276,good
3647,124,136,263,good
3679,125,139,296,good
3677,114,138,343,good
3675,102,149,370,good
3679,153,142,390,good
3680,126,152,386,good
3680,126,137,414,good
3681,122,138,419,good
3676,123,135,451,good
3679,119,124,460,good
3704,117,151,494,good
3686,120,134,463,good
3666,123,138,477,good
3679,128,118,483,good
3679,119,140,464,good
3674,139,117,484,good
3677,119,166,457,good
3689,123,138,460,good
3533,123,138,479,good
3678,129,134,453,good
3691,120,131,444,good
3683,123,111,447,good
3684,124,136,441,good
3680,121,114,428,good
3675,111,141,406,good
3702,130,115,416,good
3673,117,150,431,good
3677,125,131,481,good
3555,125,134,448,good
3677,117,117,441,good
3681,120,139,438,good
3687,113,138,448,good
3663,122,203,437,good
3675,130,139,430,good
3770,133,117,490,good
3678,125,143,465,good
3678,107,148,471,good
3661,126,204,544,good
3650,127,118,548,good
3683,114,138,556,good
3676,122,134,577,good
3677,128,138,569,good
3657,122,140,569,good
3678,122,124,565,good
3685,123,136,562,good
3678,123,138,551,good
3690,118,141,488,good
3681,110,141,542,good
3667,133,167,537,good
3633,123,143,561,good
3678,122,140,507,good
3675,125,163,514,good
3678,129,141,505,good
3674,133,150,503,good
3678,115,132,491,good
3676,118,144,453,good
3679,111,160,474,good
3663,134,142,460,good
3677,203,140,454,good
3679,124,140,445,good
3675,128,160,419,good
3677,122,140,422,good
3676,128,139,408,good
3680,121,135,409,good
3683,122,144,476,good
3679,118,138,447,good
3681,123,140,450,good
3697,122,122,466,good
3673,121,136,446,good
3675,93,158,439,good
3690,99,135,490,good
3681,122,141,416,good
3691,124,10,411,good
3657,118,151,455,good
3675,124,137,454,good
3674,124,138,437,good
3677,120,141,417,good
3662,118,130,457,good
3676,99,141,441,good
3680,107,123,432,good
3671,120,164,428,good
3679,120,138,421,good
3665,122,139,422,good
3703,118,138,414,good
3669,138,128,408,good
3693,116,139,403,good
3681,125,121,399,good
3661,116,139,389,good
3678,121,137,378,good
3667,149,140,374,good
3676,124,140,447,good
3677,123,142,442,good
3678,123,143,443,good
3691,152,134,436,good
3661,118,219,453,good
3685,116,137,446,good
3678,113,166,441,good
3681,122,141,455,good
3664,122,200,477,good
3696,107,136,475,good
3673,123,139,487,good
3678,0,139,466,good
3756,124,137,463,good
3704,149,132,466,good
3679,118,137,444,good
3689,120,135,452,good
3680,122,136,438,good
3649,140,148,436,good
3680,146,141,451,good
3673,125,139,469,good
3677,122,137,460,good
3679,122,140,463,good
3670,131,148,454,good
3677,117,161,430,good
3680,134,155,449,good
3684,109,145,439,good
3651,121,138,443,good
3680,115,136,428,good
3678,124,126,425,good
3675,120,128,413,good
3677,135,141,406,good
3671,119,132,376,good
3680,122,137,392,good
3677,132,143,391,good
3672,122,135,371,good
3804,124,138,456,good
3683,124,144,463,good
3677,0,138,478,good
3680,124,109,486,good
3738,125,135,508,good
3658,125,138,487,good
3679,115,139,500,good
3675,141,123,531,good
3690,120,133,526,good
3689,124,136,420,good
3667,114,136,522,good
3680,122,134,528,good
3673,134,134,517,good
3679,117,237,531,good
3676,122,134,508,good
3689,120,132,501,good
3676,136,112,503,good
3693,120,138,495,good
3681,118,162,561,good
3666,122,134,538,good
3677,124,111,546,good
3678,141,134,464,good
3677,116,133,516,good
3677,123,126,514,good
3673,98,137,512,good
3677,109,141,497,good
3669,144,102,495,good
3675,115,106,487,good
3703,126,115,485,good
3707,123,136,477,good
3587,139,126,466,good
3683,106,133,456,good
3674,124,122,441,good
3679,0,135,436,good
3676,123,137,426,good
3678,143,133,328,good
3709,120,125,443,good
3666,123,133,394,good
3679,123,136,403,good
3663,133,136,339,good
3693,108,136,387,good
3681,147,134,381,good
3683,101,155,371,good
3677,123,129,376,good
3669,116,143,360,good
3700,103,135,371,good
3681,112,119,367,good
3671,112,146,358,good
3678,118,123,353,good
3681,105,140,348,good
3678,121,128,340,good
3681,122,133,340,good
3687,108,136,378,good
3679,119,136,408,good
3673,121,153,398,good
3684,112,134,415,good
3688,112,160,417,good
3686,107,190,425,good
3679,136,136,418,good
3677,185,136,415,good
3679,120,148,404,good
3700,96,133,411,good
3680,118,154,394,good
3676,132,17,382,good
3679,109,133,396,good
3677,110,137,384,good
3698,96,144,384,good
3671,120,141,374,good
3675,122,135,384,good
3677,133,134,357,good
3674,125,135,408,good
3649,126,141,402,good
3678,123,136,404,good
3678,134,123,402,good
3680,124,136,400,good
3683,111,134,396,good
3662,109,131,385,good
3675,127,109,396,good
3677,147,128,378,good
3706,118,133,462,good
3680,129,132,276,good
3678,109,140,369,good
3676,80,123,364,good
3691,95,130,432,good
3674,126,132,329,good
3677,121,132,346,good
3664,126,132,339,good
3680,133,141,397,good
3673,122,137,318,good
3664,133,138,349,good
3680,234,137,358,good
3682,119,132,362,good
3676,133,60,358,good
3680,122,131,348,good
3681,121,134,345,good
3651,119,133,367,good
3677,117,130,336,good
3699,116,137,405,good
3679,118,121,409,good
3661,120,189,407,good
3678,0,134,406,good
3681,118,136,406,good
3725,123,135,428,good
3680,133,131,406,good
3677,124,136,410,good
3691,120,135,375,good
3681,118,143,361,good
3677,123,124,392,good
3683,116,144,393,good
3677,281,134,375,good
3672,136,141,376,good
3716,119,134,390,good
3602,122,134,343,good
3677,114,151,347,good
3687,111,132,357,good
3678,119,142,386,good
3724,114,123,398,good
3677,102,135,379,good
3683,115,128,372,good
3679,131,135,373,good
3675,119,133,362,good
3701,115,136,376,good
3670,97,136,382,good
3677,119,135,361,good
3671,126,165,414,good
3663,117,129,421,good
3676,102,137,406,good
3680,125,147,360,good
3778,124,137,397,good
3681,128,138,404,good
3679,123,135,393,good
3679,117,136,386,good
3679,237,126,392,good
3672,107,136,400,good
3682,119,136,396,good
3668,120,136,371,good
3707,115,122,366,good
3659,126,135,355,good
3679,115,138,350,good
3678,121,101,356,good
3677,122,132,344,good
3681,114,134,342,good
3677,126,151,329,good
3694,121,134,327,good
3677,120,135,326,good
3683,120,136,314,good
3692,147,153,303,good
3681,104,133,305,good
3696,119,131,304,good
3666,116,133,300,good
3682,123,120,294,good
3654,112,128,256,good
3676,118,142,286,good
3665,133,123,293,good
3682,206,132,277,good
3675,120,158,279,good
3660,117,144,268,good
3676,125,148,267,good
3673,107,136,290,good
3681,123,135,320,good
3679,138,146,323,good
3656,121,197,323,good
3671,136,158,325,good
3687,118,136,327,good
3655,120,136,304,good
3676,125,152,304,good
3700,124,115,306,good
3647,121,133,250,good
3687,100,135,307,good
3664,131,135,300,good
3672,107,133,283,good
3681,121,126,288,good
3665,119,131,282,good
3685,105,137,335,good
3678,131,136,284,good
3679,140,134,264,good
3648,128,138,212,good
3695,106,220,335,good
3690,121,133,316,good
3680,115,133,309,good
3690,123,138,318,good
3679,117,132,306,good
3706,117,131,307,good
3678,119,128,279,good
3683,123,137,328,good
3684,119,131,344,good
3681,110,135,340,good
3666,119,150,357,good
3673,90,133,347,good
3681,109,144,335,good
3684,118,135,333,good
3699,117,39,332,good
3648,107,151,330,good
3707,117,125,329,good
3669,102,133,376,good
3673,129,134,374,good
3676,118,117,379,good
3678,121,139,376,good
3676,136,133,377,good
3679,117,132,368,good
3693,121,132,374,good
3677,126,120,404,good
3681,107,132,373,good
3663,130,135,424,good
3663,117,131,407,good
3681,120,100,432,good
3662,105,160,378,good
3733,118,134,419,good
3617,136,129,403,good
3708,74,134,402,good
3680,118,132,398,good
3680,119,132,406,good
3679,119,114,394,good
3678,125,138,384,good
3673,134,107,390,good
3675,120,128,375,good
3674,117,133,370,good
3663,71,129,352,good
3660,122,132,354,good
3679,118,120,352,good
3639,122,133,349,good
3685,112,131,434,good
3668,118,144,408,good
3683,121,106,423,good
3681,116,132,412,good
3678,120,163,424,good
3654,121,134,426,good
3694,122,117,443,good
3679,115,122,422,good
3677,98,136,471,good
3636,105,144,539,good
3677,125,106,542,good
3661,106,152,545,good
3677,128,129,526,good
3724,102,148,562,good
3677,120,132,571,good
3671,127,149,565,good
3679,194,134,576,good
3771,124,138,582,good
3677,122,136,587,good
3679,136,138,574,good
3669,132,17,567,good
3683,122,136,565,good
3675,118,144,585,good
3667,119,145,550,good
3683,122,146,557,good
3667,114,153,541,good
3680,127,136,553,good
3682,122,136,552,good
3678,124,128,528,good
3677,123,150,525,good
3685,150,107,510,good
3675,124,136,496,good
3676,119,127,502,good
3681,122,140,479,good
3697,125,106,481,good
3673,138,131,473,good
3708,128,137,463,good
3669,129,128,430,good
3678,123,144,449,good
3668,156,154,485,good
3681,100,142,485,good
3678,119,121,476,good
3679,188,137,467,good
3668,125,133,462,good
3678,153,100,454,good
3678,121,130,446,good
3665,134,137,435,good
3678,125,135,433,good
3671,126,111,428,good
3677,122,133,420,good
3679,111,121,421,good
3673,130,136,393,good
3685,133,116,404,good
3657,119,143,392,good
3683,100,130,441,good
3678,125,149,392,good
3661,109,162,374,good
3681,112,105,373,good
3676,125,165,352,good
3722,121,133,376,good
3679,133,151,351,good
3707,150,150,334,good
3665,116,135,336,good
3675,131,134,308,good
3671,152,131,321,good
3664,123,131,305,good
3677,134,116,308,good
3653,119,133,281,good
3684,110,133,298,good
3683,123,132,301,good
3675,96,130,294,good
3675,116,138,277,good
3678,109,150,290,good
3679,64,133,278,good
3669,124,166,276,good
3683,119,133,272,good
3677,121,134,269,good
3679,97,119,273,good
3680,123,124,269,good
3673,96,139,253,good
3672,161,142,268,good
3672,123,135,245,good
3693,120,128,247,good
3666,110,138,250,good
3704,165,136,245,good
3530,124,136,218,good
3675,119,113,250,good
3687,118,128,233,good
3673,119,134,238,good
3678,120,147,230,good
3678,119,133,220,good
3664,213,136,225,good
3674,118,133,227,good
3685,119,129,239,good
3676,125,147,204,good
3686,121,134,215,good
3671,136,104,222,good
3636,122,134,210,good
3679,123,134,213,good
3653,165,135,212,good
3672,117,132,186,good
3673,124,134,215,good
3677,110,133,204,good
3688,118,136,186,good
3657,112,188,203,good
3677,121,134,202,good
3679,119,100,202,good
3681,118,106,208,good
3657,123,138,191,good
3689,123,133,180,good
3647,129,139,192,good
3667,128,134,224,good
3661,140,136,233,good
3659,119,134,229,good
3679,150,130,228,good
3687,115,144,229,good
3833,124,137,239,good
3645,128,136,228,good
3679,103,116,243,good
3671,137,124,215,good
3697,124,116,241,good
3679,106,134,219,good
3675,115,131,222,good
3677,119,14,212,good
3650,118,131,212,good
3701,118,136,206,good
3672,122,135,187,good
3676,121,134,202,good
3676,136,137,202,good
3678,115,136,204,good
3676,155,136,200,good
3677,122,149,238,good
3674,124,136,251,good
3669,122,132,234,good
3679,121,134,245,good
3679,122,134,248,good
3689,118,212,244,good
3679,120,142,238,good
3679,122,160,246,good
3699,123,135,239,good
3682,115,132,246,good
3683,111,135,279,good
3703,119,129,272,good
3677,120,138,294,good
3678,25,136,270,good
3680,119,138,256,good
3671,106,137,267,good
3679,72,133,264,good
3683,118,118,271,good
3688,122,251,312,good
3693,112,126,350,good
3678,135,132,323,good
3737,123,145,312,good
3681,101,120,339,good
3683,121,153,315,good
3678,129,137,316,good
3679,110,125,310,good
3673,123,134,311,good
3679,94,148,298,good
3681,119,138,306,good
3681,141,139,301,good
3635,110,125,282,good
3673,159,120,317,good
3682,121,134,294,good
3697,126,137,297,good
3705,119,130,288,good
3677,126,140,282,good
3678,122,128,277,good
3678,120,151,299,good
3679,121,136,267,good
3677,123,122,256,good
3676,125,135,272,good
3671,222,150,265,good
3676,110,133,265,good
3667,54,132,244,good
3681,114,151,256,good
3680,117,121,251,good
3542,92,134,164,good
3684,110,135,245,good
3663,118,151,240,good
3676,122,138,238,good
3676,134,135,224,good
3697,117,121,235,good
3679,139,142,295,good
3676,118,150,366,good
3680,121,136,373,good
3683,124,124,390,good
3652,150,138,389,good
3674,123,134,396,good
3687,121,140,408,good
3700,125,131,402,good
3716,103,147,411,good
3678,107,136,396,good
3696,121,120,382,good
3655,119,134,392,good
3681,126,82,386,good
3638,105,135,392,good
3689,139,130,377,good
3670,134,161,374,good
3679,123,136,362,good
3673,123,137,368,good
3657,117,212,363,good
3668,93,135,347,good
3673,108,138,345,good
3677,124,140,340,good
3683,122,129,346,good
3678,123,133,330,good
3675,118,117,344,good
3677,118,134,317,good
3678,107,135,328,good
3669,117,145,326,good
3680,120,141,350,good
3671,121,136,346,good
3667,137,125,351,good
3676,123,136,350,good
3678,122,134,275,good
3699,117,137,346,good
3680,145,135,341,good
3688,124,173,344,good
3674,125,111,345,good
3676,100,137,343,good
3667,112,136,330,good
3658,137,124,344,good
3679,114,135,327,good
3769,123,144,373,good
3664,122,136,364,good
3666,128,137,367,good
3680,117,132,404,good
3688,121,135,410,good
3659,109,156,436,good
3680,120,122,458,good
3679,137,128,436,good
3672,113,130,477,good
3682,136,129,444,good
3660,114,152,449,good
3684,98,133,448,good
3663,121,137,443,good
3678,123,125,454,good
3677,125,142,440,good
3677,108,130,433,good
3681,126,139,433,good
3684,121,60,443,good
3674,122,135,411,good
3677,121,134,458,good
3765,121,133,454,good
3672,100,132,474,good
3674,118,134,573,good
3679,122,136,474,good
3575,97,131,396,good
3533,121,137,449,good
3686,118,134,463,good
3701,122,132,473,good
3682,138,131,462,good
3672,130,136,460,good
3677,123,137,440,good
3674,123,129,480,good
3689,132,115,492,good
3669,96,144,476,good
3738,125,138,470,good
3675,122,142,462,good
3683,112,136,470,good
3678,0,136,460,good
3697,108,178,467,good
3665,129,152,499,good
3655,118,141,514,good
3687,119,128,528,good
3697,122,133,530,good
3679,116,134,532,good
3680,122,150,540,good
3680,147,128,545,good
3651,111,147,534,good
3683,117,134,534,good
3677,123,136,528,good
3677,117,148,517,good
3553,103,133,457,good
3669,119,150,500,good
3680,140,137,497,good
3657,199,135,488,good
3681,120,128,476,good
3673,119,133,475,good
3678,107,134,458,good
3673,117,133,466,good
3699,110,132,437,good
3677,123,128,512,good
3677,90,131,438,good
3678,136,137,412,good
3655,115,102,409,good
3679,123,143,400,good
3646,118,120,394,good
3679,122,136,478,good
3675,137,122,541,good
3660,124,139,540,good
3678,133,136,558,good
3677,125,152,570,good
3677,139,136,556,good
3670,125,132,560,good
3687,125,131,559,good
3670,130,122,546,good
3697,111,146,569,good
3664,121,135,586,good
3679,120,162,580,good
3679,123,134,581,good
3673,126,128,560,good
3705,81,134,573,good
3673,130,134,609,good
3672,105,164,608,good
3675,132,135,602,good
3690,113,133,631,good
3688,112,142,632,good
3677,98,139,608,good
3678,125,140,627,good
3673,121,132,616,good
3673,116,128,635,good
3660,121,296,616,good
3702,115,137,598,good
3680,120,134,601,good
3707,117,132,780,good
3705,118,120,638,good
3665,105,135,613,good
3683,122,137,640,good
3644,124,133,620,good
3677,115,223,632,good
3681,105,147,592,good
3677,122,136,599,good
3673,126,122,590,good
3679,96,135,620,good
3683,120,55,632,good
3679,103,140,607,good
3675,113,139,583,good
3667,130,134,598,good
3679,123,135,580,good
3590,121,137,570,good
3679,92,133,563,good
3676,118,119,558,good
3680,99,133,561,good
3677,121,147,544,good
3669,129,163,532,good
3676,123,134,536,good
3677,131,138,520,good
3659,120,138,504,good
3682,134,133,496,good
3666,93,148,481,good
3651,120,135,474,good
3681,117,136,468,good
3701,73,137,459,good
3677,121,125,449,good
3660,123,140,437,good
3671,92,133,440,good
3721,120,148,403,good
3679,119,121,416,good
3685,115,125,372,good
3680,132,131,406,good
3682,118,137,397,good
3683,28,136,389,good
3666,128,121,394,good
3689,87,135,370,good
3676,146,129,370,good
3695,119,146,347,good
3677,144,135,357,good
3679,122,134,349,good
3672,24,136,346,good
3665,133,148,341,good
3668,112,125,342,good
3679,135,134,329,good
3684,120,183,337,good
3682,107,128,386,good
3666,108,168,356,good
3688,114,120,368,good
3676,133,130,357,good
3681,120,133,377,good
3709,119,133,379,good
3676,108,138,372,good
3687,124,132,356,good
3680,121,126,362,good
3677,116,130,348,good
3672,115,136,346,good
3651,101,134,301,good
3703,120,129,336,good
3691,120,68,338,good
3677,124,142,314,good
3676,111,144,324,good
3678,122,133,329,good
3681,116,130,316,good
3691,117,121,314,good
3653,115,157,303,good
3675,123,114,301,good
3665,124,128,288,good
3674,118,133,295,good
3681,115,132,280,good
3677,128,143,278,good
3685,133,133,275,good
3679,106,133,272,good
3684,118,138,281,good
3678,22,119,260,good
3683,122,135,270,good
3671,139,134,236,good
3699,119,140,240,good
3674,120,144,256,good
3680,120,139,242,good
3687,109,134,248,good
3687,134,136,228,good
3681,104,141,232,good
3679,120,146,229,good
3673,132,131,226,good
3677,123,123,214,good
3679,150,132,218,good
3681,118,129,220,good
3688,113,138,220,good
3670,120,130,209,good
3678,120,126,208,good
3680,119,132,204,good
3661,117,142,212,good
3671,108,139,200,good
3658,122,133,189,good
3679,150,129,205,good
3682,121,135,198,good
3678,131,145,194,good
3680,108,149,249,good
3681,118,137,223,good
3576,111,136,131,good
3673,118,225,263,good
3679,88,145,243,good
3686,119,132,290,good
3670,121,138,282,good
3679,185,134,286,good
3682,117,123,299,good
3677,96,133,368,good
3677,113,137,291,good
3678,91,137,292,good
3684,119,128,292,good
3673,119,150,287,good
3685,118,134,278,good
3675,109,137,298,good
3680,110,164,278,good
3725,119,138,302,good
3686,103,147,270,good
3695,122,229,276,good
3679,111,141,258,good
3694,115,12,258,good
3680,117,133,263,good
3688,0,146,313,good
3675,114,129,277,good
3680,106,130,296,good
3687,132,124,298,good
3670,117,140,291,good
3677,123,135,304,good
3691,116,135,298,good
3680,93,149,287,good
3682,118,109,294,good
3674,100,139,307,good
3617,114,134,163,good
3695,119,135,266,good
3779,136,121,304,good
3757,121,135,338,good
3679,120,141,316,good
3711,119,134,316,good
3676,139,137,324,good
3674,121,150,338,good
3680,112,116,380,good
3677,129,139,366,good
3690,102,148,361,good
3681,136,115,382,good
3660,119,125,376,good
3677,120,132,373,good
3666,105,147,349,good
3687,119,135,357,good
3664,118,124,388,good
3658,119,134,390,good
3677,119,128,392,good
3672,117,133,394,good
3678,142,133,391,good
3677,119,129,380,good
3678,119,107,388,good
3678,125,141,393,good
3676,203,148,387,good
3671,115,132,365,good
3698,101,133,375,good
3678,120,136,355,good
3678,99,133,361,good
3682,143,122,359,good
3677,123,130,349,good
3705,83,136,346,good
3680,111,136,339,good
3679,96,142,352,good
3665,120,125,356,good
3677,120,138,331,good
3680,58,136,341,good
3678,114,140,256,good
3681,120,137,334,good
3679,120,108,343,good
3695,121,130,344,good
3683,122,122,322,good
3670,100,138,348,good
3680,145,135,366,good
3666,121,133,369,good
3705,126,114,366,good
3679,130,135,359,good
3678,123,133,360,good
3678,122,146,357,good
3677,137,136,353,good
3683,107,145,378,good
3670,122,148,416,good
3676,121,132,404,good
3656,142,135,398,good
3679,77,121,414,good
3679,123,150,376,good
3676,115,133,439,good
3681,132,136,462,good
3676,125,128,469,good
3657,122,144,480,good
3682,119,135,468,good
3677,122,135,476,good
3695,124,133,483,good
3655,122,134,470,good
3684,124,46,472,good
3678,119,133,494,good
3676,110,130,460,good
3708,128,121,464,good
3677,121,111,465,good
3676,128,161,518,good
3681,134,136,523,good
3660,125,78,520,good
3674,121,137,573,good
3677,117,121,549,good
3677,122,138,562,good
3678,133,122,558,good
3678,124,134,553,good
3672,150,131,547,good
3678,120,160,549,good
3677,147,134,538,good
3672,212,149,539,good
3650,128,112,530,good
3686,128,139,522,good
3682,195,136,516,good
3686,128,134,493,good
3791,127,139,500,good
3674,125,132,490,good
3659,126,139,474,good
3677,144,136,474,good
3694,124,133,463,good
3674,124,128,455,good
3684,117,148,445,good
3663,123,145,429,good
3680,123,114,433,good
3680,111,141,419,good
3660,109,150,417,good
3659,126,133,408,good
3690,101,134,397,good
3680,124,136,389,good
3677,124,134,383,good
3658,125,137,382,good
3679,120,139,368,good
3691,110,128,356,good
3678,123,135,406,good
3678,128,139,448,good
3679,124,135,447,good
3674,111,129,465,good
3695,128,136,445,good
3674,125,151,453,good
3679,125,160,444,good
3684,121,135,471,good
3694,124,131,478,good
3674,115,135,512,good
3678,132,142,517,good
3679,118,136,512,good
3677,113,137,487,good
3669,140,124,506,good
3677,129,149,530,good
3680,121,131,522,good
3672,132,125,518,good
3675,113,129,521,good
3666,123,0,514,good
3709,117,136,506,good
3664,139,134,485,good
3701,112,156,495,good
3680,125,122,486,good
3675,120,134,472,good
3689,251,133,464,good
3653,132,139,460,good
3677,110,128,451,good
3676,117,122,436,good
3683,122,132,477,good
3674,130,129,468,good
3682,103,132,486,good
3680,126,135,473,good
3654,108,162,437,good
3681,120,119,476,good
3670,132,133,455,good
3695,124,126,455,good
3681,143,131,433,good
3673,109,138,443,good
3680,123,117,440,good
3656,106,129,414,good
3679,123,105,425,good
3677,122,112,415,good
3684,99,135,409,good
3676,121,120,400,good
3679,119,112,406,good
3680,123,122,370,good
3673,121,113,379,good
3819,119,135,372,good
3661,120,137,365,good
3691,124,0,354,good
3677,126,122,392,good
3678,131,134,403,good
3677,130,128,393,good
3679,122,132,394,good
3677,124,137,401,good
3669,123,140,387,good
3682,128,132,413,good
3675,124,140,418,good
3677,123,122,428,good
3671,114,136,421,good
3682,122,132,410,good
3691,120,134,413,good
3681,93,134,411,good
3680,130,144,412,good
3679,126,112,408,good
3677,125,101,413,good
3681,124,148,389,good
3679,126,145,381,good
3687,133,134,383,good
3671,128,139,387,good
3693,118,133,369,good
3665,114,141,369,good
3677,139,83,386,good
3675,140,137,288,good
3684,142,140,382,good
3676,134,132,387,good
3678,127,139,393,good
3673,113,135,373,good
3677,25,137,364,good
3670,96,138,363,good
3679,125,140,354,good
3695,128,101,352,good
3679,125,134,344,good
3679,130,137,353,good
3675,128,138,351,good
3677,105,126,338,good
3676,140,137,324,good
3677,133,137,321,good
3679,126,128,314,good
3666,146,136,304,good
3678,118,112,312,good
3673,131,122,308,good
3680,123,122,280,good
3677,113,132,291,good
3665,122,126,294,good
3676,124,134,296,good
3679,116,134,355,good
3682,148,136,282,good
3697,119,137,298,good
3643,124,130,281,good
3679,123,125,280,good
3693,120,136,272,good
3674,108,134,272,good
3670,111,136,242,good
3676,145,128,266,good
3668,111,167,268,good
3542,125,136,270,good
3679,124,134,229,good
3682,123,153,254,good
3675,144,142,249,good
3676,124,137,241,good
3677,125,134,237,good
3673,121,134,294,good
3676,101,157,292,good
3683,106,163,290,good
3672,120,123,324,good
3668,122,124,347,good
3694,112,226,344,good
3679,10,134,344,good
3687,117,149,372,good
3698,122,133,346,good
3679,111,151,339,good
3674,122,134,365,good
3675,134,162,345,good
3705,119,119,351,good
3676,126,115,342,good
3677,126,125,342,good
3682,141,134,244,good
3679,153,133,323,good
3682,170,122,340,good
3676,139,140,298,good
3681,122,139,331,good
3677,130,136,305,good
3666,122,149,301,good
3678,136,134,292,good
3677,116,147,293,good
3675,121,132,286,good
3665,128,136,273,good
3678,144,128,284,good
3696,123,103,277,good
3678,128,137,270,good
3653,125,141,320,good
3600,125,135,412,good
3677,131,137,386,good
3669,144,137,385,good
3680,121,106,406,good
3656,120,85,408,good
3665,120,132,415,good
3675,191,156,416,good
3678,122,146,473,good
3677,117,138,435,good
3695,112,155,495,good
3691,121,125,488,good
3677,148,128,504,good
3680,121,118,501,good
3675,248,124,541,good
3677,99,135,534,good
3651,123,111,542,good
3686,95,136,535,good
3541,123,136,554,good
3656,121,99,541,good
3679,123,154,522,good
3680,105,159,534,good
3696,108,138,524,good
3680,123,131,526,good
3692,123,138,514,good
3670,135,128,483,good
3675,110,138,556,good
3682,139,128,622,good
3679,122,139,535,good
3668,109,142,530,good
3652,116,140,528,good
3703,120,135,522,good
3683,82,140,521,good
3673,119,151,514,good
3678,128,140,509,good
3680,121,119,490,good
3697,121,117,493,good
3669,126,175,485,good
3687,129,208,478,good
3677,123,158,476,good
3684,119,41,482,good
3573,121,144,463,good
3687,93,148,452,good
3669,129,142,442,good
3678,150,137,433,good
3698,122,272,427,good
3675,101,142,418,good
3679,118,142,389,good
3678,114,143,401,good
3661,118,150,395,good
3692,120,141,391,good
3679,89,151,390,good
3676,124,130,373,good
3699,117,122,375,good
3695,135,141,384,good
3677,131,128,409,good
3727,114,141,425,good
3679,121,135,411,good
3680,123,133,410,good
3687,119,116,421,good
3686,118,140,402,good
3686,117,142,397,good
3661,129,137,386,good
3686,135,141,398,good
3679,125,133,381,good
3678,120,137,370,good
3677,120,142,376,good
3679,120,128,353,good
3679,117,141,370,good
3679,128,108,368,good
3675,139,123,399,good
3651,123,144,397,good
3657,123,139,380,good
3678,131,135,396,good
3683,120,137,392,good
3653,121,139,379,good
3677,121,136,371,good
3675,120,133,384,good
3681,106,157,361,good
3681,121,137,361,good
3646,121,138,312,good
3705,122,122,362,good
3677,120,142,333,good
3680,119,154,340,good
3589,136,136,336,good
3696,119,143,376,good
3679,120,138,382,good
3670,124,137,373,good
3693,116,124,390,good
3671,134,154,421,good
3694,124,51,436,good
3689,123,136,428,good
3684,121,130,420,good
3677,119,132,428,good
3668,122,137,412,good
3667,126,126,424,good
3666,115,138,414,good
3711,120,123,467,good
3709,123,139,542,good
3679,126,136,452,good
3681,132,114,452,good
3703,120,144,441,good
3691,98,130,407,good
3656,121,136,427,good
3646,125,141,385,good
3683,117,72,428,good
3681,121,148,426,good
3658,122,146,406,good
3678,124,141,405,good
3677,118,114,411,good
3683,113,136,400,good
3678,140,134,402,good
3685,120,128,391,good
3677,119,138,373,good
3680,130,126,376,good
3682,120,136,409,good
3677,119,133,395,good
3651,119,135,422,good
3689,134,130,443,good
3685,0,126,440,good
3683,120,135,455,good
3679,85,124,463,good
3671,104,164,439,good
3666,116,150,432,good
3675,119,136,437,good
3675,139,136,459,good
3664,108,166,428,good
3679,112,141,422,good
3671,128,136,397,good
3679,119,134,405,good
3709,118,128,395,good
3680,223,137,388,good
3679,114,138,382,good
3685,120,168,394,good
3676,133,138,377,good
3676,119,106,371,good
3682,100,135,307,good
3678,120,139,351,good
3648,124,149,348,good
3680,131,136,335,good
3697,125,154,326,good
3681,107,157,331,good
3680,70,138,330,good
3543,119,137,336,good
3673,122,137,318,good
3672,103,135,315,good
3671,119,128,312,good
3711,116,131,331,good
3701,102,135,332,good
3684,116,137,323,good
3575,95,133,214,good
3682,119,155,310,good
3677,118,120,332,good
3682,121,145,303,good
3686,101,137,350,good
3677,39,134,295,good
3677,128,139,280,good
3705,121,136,295,good
3679,119,145,284,good
3679,138,130,283,good
3682,131,138,278,good
3706,116,141,292,good
3665,115,135,274,good
3677,118,134,271,good
3667,131,132,260,good
3683,152,140,261,good
3682,118,136,258,good
3692,120,133,274,good
3672,116,124,310,good
3677,129,139,300,good
3669,118,144,298,good
3680,108,115,294,good
3679,93,142,291,good
3671,118,147,290,good
3697,119,145,278,good
3666,110,171,266,good
3683,124,138,292,good
3679,110,137,281,good
3666,125,134,277,good
3678,42,137,270,good
3674,127,53,276,good
3679,119,123,266,good
3691,114,128,257,good
3653,121,141,252,good
3645,116,134,256,good
3682,112,234,265,good
3679,119,147,281,good
3687,117,130,232,good
3657,112,164,256,good
3682,122,126,249,good
3561,99,134,160,good
3679,117,126,259,good
3646,117,138,281,good
3658,126,111,243,good
3678,125,138,236,good
3681,120,136,236,good
3667,120,136,232,good
3655,114,150,233,good
3680,110,107,238,good
3679,114,153,229,good
3681,118,134,274,good
3682,117,135,289,good
3697,104,125,314,good
3651,119,138,288,good
3673,110,144,293,good
3679,90,145,288,good
3674,119,135,272,good
3680,147,109,280,good
3679,122,123,276,good
3689,102,145,267,good
3679,116,136,262,good
3678,94,150,262,good
3679,130,130,256,good
3665,124,123,256,good
3682,114,132,259,good
3679,128,140,233,good
3688,117,120,260,good
3679,146,134,241,good
3705,162,132,257,good
3683,210,138,241,good
3692,121,131,293,good
3677,94,136,300,good
3681,116,134,310,good
3733,111,122,285,good
3677,121,135,312,good
3685,121,38,319,good
3678,117,129,292,good
3677,106,126,314,good
3674,118,60,324,good
3677,93,140,317,good
3677,123,102,306,good
3690,106,133,301,good
3692,115,140,316,good
3659,111,128,288,good
3709,125,146,286,good
3681,139,139,270,good
3694,105,135,274,good
3678,116,125,288,good
3681,115,162,304,good
3679,117,108,305,good
3642,116,121,315,good
3687,133,137,303,good
3679,122,147,305,good
3678,120,148,327,good
3675,133,140,331,good
3679,125,141,326,good
3677,118,117,394,good
3746,135,119,458,good
3678,134,137,437,good
3677,111,141,426,good
3689,121,138,464,good
3678,128,140,447,good
3678,132,136,447,good
3677,119,136,457,good
3690,110,128,456,good
3678,116,134,482,good
3683,115,138,492,good
3686,120,150,489,good
3647,118,134,453,good
3679,110,228,509,good
3656,121,135,491,good
3675,103,131,489,good
3678,121,142,487,good
3655,115,85,479,good
3697,69,136,472,good
3675,117,150,468,good
3680,123,133,459,good
3678,119,125,454,good
3676,121,128,435,good
3678,118,126,449,good
3663,108,110,439,good
3610,137,134,426,good
3661,120,137,405,good
3685,120,142,487,good
3671,115,135,486,good
3678,133,126,498,good
3656,120,136,487,good
3669,121,140,505,good
3683,125,200,485,good
3763,118,136,485,good
3674,129,131,490,good
3679,117,134,518,good
3679,123,138,514,good
3675,120,136,501,good
3706,119,138,597,good
3664,139,138,505,good
3671,91,138,508,good
3665,181,156,501,good
3681,97,136,492,good
3689,113,137,488,good
3683,210,135,482,good
3679,115,138,495,good
3675,119,148,477,good
3679,120,137,479,good
3669,119,148,469,good
3662,118,133,460,good
3682,115,136,452,good
3699,101,136,446,good
3684,120,125,438,good
3657,116,146,417,good
3676,229,138,412,good
3658,121,144,401,good
3812,104,138,399,good
3679,149,133,389,good
3680,123,139,375,good
3678,138,129,372,good
3678,149,135,439,good
3669,118,134,382,good
3683,131,130,332,good
3667,113,149,356,good
3678,119,121,342,good
3679,120,136,341,good
3680,120,128,286,good
3675,122,137,334,good
3678,114,137,346,good
3676,127,125,416,good
3707,122,112,369,good
3645,121,133,382,good
3661,92,151,404,good
3678,150,130,404,good
3684,138,136,379,good
3680,116,137,401,good
3675,123,135,395,good
3676,235,152,397,good
3667,125,137,396,good
3691,116,137,397,good
3695,134,134,394,good
3685,126,120,380,good
3681,160,134,378,good
3674,122,164,375,good
3702,125,119,382,good
3681,108,136,362,good
3709,128,148,365,good
3674,123,136,335,good
3680,138,124,420,good
3700,77,134,344,good
3679,124,136,336,good
3685,124,141,326,good
3678,112,138,328,good
3709,126,145,346,good
3681,125,133,315,good
3679,120,148,236,good
3692,103,134,300,good
3676,109,143,291,good
3681,128,121,299,good
3683,105,135,292,good
3700,132,134,285,good
3782,124,136,276,good
3677,109,124,281,good
3688,123,136,273,good
3678,114,145,273,good
3681,125,118,264,good
3765,114,135,272,good
3677,140,135,370,good
3674,142,133,392,good
3679,114,133,396,good
3708,126,132,405,good
3676,121,125,409,good
3667,119,153,410,good
3676,135,134,404,good
3680,123,132,414,good
3673,118,136,404,good
3681,119,137,399,good
3685,112,116,396,good
3679,125,135,400,good
3694,110,136,386,good
3692,101,150,372,good
3679,126,129,373,good
3669,89,134,386,good
3706,123,137,365,good
3671,106,134,384,good
3628,123,134,383,good
3673,122,133,404,good
3680,124,134,405,good
3710,125,136,408,good
3670,110,153,388,good
3679,121,160,397,good
3686,120,140,378,good
3667,121,132,396,good
3678,123,152,384,good
3672,132,164,382,good
3679,121,128,374,good
3687,120,131,384,good
3763,122,138,412,good
3697,131,110,420,good
3681,144,137,407,good
3667,117,135,393,good
3680,116,132,441,good
3679,27,138,488,good
3693,111,124,522,good
3675,136,124,500,good
3677,121,134,502,good
3675,222,136,505,good
3676,124,162,503,good
3689,120,141,495,good
3676,121,151,500,good
3705,160,131,509,good
3632,116,129,486,good
3680,119,133,486,good
3666,125,129,477,good
3688,122,133,463,good
3685,122,138,460,good
3676,103,136,455,good
3685,124,120,454,good
3682,123,134,441,good
3677,119,135,507,good
3700,132,108,540,good
3671,121,131,545,good
3667,98,132,488,good
3660,116,28,538,good
3753,124,136,469,good
3694,131,113,556,good
3678,122,145,555,good
3683,134,137,518,good
3679,124,125,528,good
3664,133,120,522,good
3666,121,141,501,good
3677,122,130,496,good
3689,126,131,371,good
3675,122,126,491,good
3677,120,134,470,good
3681,124,121,488,good
3663,121,154,453,good
3749,123,137,568,good
3672,122,137,478,good
3677,128,149,492,good
3679,151,137,486,good
3657,118,136,483,good
3678,123,114,478,good
3676,118,134,504,good
3675,111,139,491,good
3677,119,126,515,good
3675,124,132,535,good
3675,139,110,536,good
3663,122,134,521,good
3676,123,134,520,good
3648,118,130,502,good
3692,131,137,515,good
3681,128,145,500,good
3681,146,135,495,good
3689,121,134,487,good
3680,120,136,529,good
3659,120,142,517,good
3689,121,131,520,good
3703,109,158,520,good
3677,121,130,514,good
3694,123,47,520,good
3677,119,144,512,good
3668,122,137,492,good
3677,119,134,491,good
3665,120,135,477,good
3679,137,131,482,good
3679,119,132,460,good
3676,117,130,474,good
3660,125,142,451,good
3680,101,138,442,good
3674,96,136,434,good
3675,121,133,356,good
3674,108,135,562,good
3669,114,134,424,good
3671,123,135,396,good
3678,0,137,392,good
3696,108,128,416,good
3677,113,137,518,good
3668,112,145,393,good
3690,57,119,372,good
3680,118,135,363,good
3673,120,134,398,good
3657,111,162,408,good
3662,120,133,403,good
3674,135,136,404,good
3675,114,134,391,good
3675,91,124,415,good
3678,114,145,380,good
3677,105,135,381,good
3679,140,139,371,good
3695,132,136,357,good
3677,122,118,384,good
3677,123,135,364,good
3674,132,137,350,good
3678,143,136,359,good
3690,125,133,361,good
3665,104,113,350,good
3681,119,133,349,good
3669,115,70,346,good
3680,123,147,338,good
3679,107,133,333,good
3624,120,135,353,good
3677,136,135,312,good
3681,150,138,310,good
3679,104,149,316,good
3664,124,117,304,good
3677,125,122,309,good
3677,103,150,315,good
3695,119,42,355,good
3684,123,133,331,good
3670,96,138,352,good
3694,120,96,345,good
3663,109,140,359,good
3689,134,141,342,good
3674,121,142,350,good
3673,118,137,339,good
3664,121,158,342,good
3676,116,132,346,good
3705,119,139,339,good
3692,108,152,327,good
3665,156,143,326,good
3683,122,139,317,good
3688,120,258,313,good
3680,124,135,308,good
3677,126,139,306,good
3660,123,141,301,good
3680,99,142,300,good
3681,193,138,287,good
3677,122,147,284,good
3663,144,138,256,good
3680,113,155,278,good
3689,103,152,266,good
3687,103,138,316,good
3679,105,138,239,good
3679,120,139,292,good
3771,119,136,311,good
3685,120,142,320,good
3678,121,167,306,good
3659,98,149,309,good
3660,123,137,292,good
3674,130,138,280,good
3677,143,118,295,good
3701,114,135,284,good
3680,118,142,300,good
3680,122,144,300,good
3691,142,142,300,good
3695,134,124,297,good
3683,120,125,297,good
3679,85,132,312,good
3662,118,136,282,good
3678,120,136,277,good
3679,122,135,284,good
3679,147,134,277,good
3679,117,144,269,good
3662,119,133,266,good
3703,119,138,254,good
3679,126,135,267,good
3677,125,134,240,good
3669,138,135,256,good
3676,128,131,344,good
3695,114,121,254,good
3684,118,140,253,good
3670,213,149,243,good
3687,122,188,247,good
3669,133,133,238,good
3680,121,141,218,good
3703,116,135,235,good
3662,118,134,232,good
3680,120,126,225,good
3680,118,108,232,good
3673,118,133,237,good
3677,119,128,230,good
3680,122,116,228,good
3679,121,126,199,good
3677,107,135,237,good
3693,132,143,215,good
3679,126,132,211,good
3680,98,134,280,good
3679,109,134,196,good
3663,123,140,206,good
3679,123,152,203,good
3681,122,159,205,good
3674,138,131,205,good
3687,113,135,204,good
3699,124,140,201,good
3682,120,161,199,good
3689,145,142,184,good
3677,111,137,209,good
3681,79,132,213,good
3680,120,128,202,good
3675,60,156,190,good
3662,132,141,187,good
3680,119,154,187,good
3692,122,128,193,good
3678,119,135,180,good
3671,112,177,187,good
3680,120,135,177,good
3679,113,132,178,good
3680,121,128,193,good
3670,114,139,194,good
3678,114,136,191,good
3682,121,136,170,good
3689,132,138,190,good
3679,116,136,165,good
3682,109,136,164,good
3667,130,135,148,good
3695,110,135,164,good
3664,130,136,173,good
3682,123,136,160,good
3677,149,133,162,good
3683,79,135,160,good
3677,253,120,166,good
3668,115,147,205,good
3697,123,133,209,good
3677,114,131,203,good
3681,126,124,209,good
3663,138,138,120,good
3685,98,160,209,good
3670,96,138,211,good
3670,122,137,232,good
3678,118,123,221,good
3683,118,136,222,good
3687,104,136,204,good
3647,125,139,178,good
3664,116,0,196,good
3692,146,151,208,good
3686,119,72,203,good
3680,122,134,200,good
3679,36,144,199,good
3695,122,136,205,good
3680,118,133,196,good
3670,150,130,218,good
3679,121,126,188,good
3685,111,154,173,good
3693,77,142,194,good
3682,99,139,192,good
3680,96,141,189,good
3667,129,165,186,good
3682,103,150,171,good
3681,134,139,180,good
3727,98,155,246,good
3682,121,143,219,good
3670,119,137,221,good
3677,141,131,246,good
3638,122,136,248,good
3678,120,145,243,good
3683,119,138,222,good
3706,139,159,225,good
3684,115,66,240,good
3678,125,147,245,good
3705,114,132,238,good
3681,126,135,229,good
3666,114,156,232,good
3677,119,162,226,good
3676,123,154,217,good
3567,112,137,116,good
3673,113,148,239,good
3680,123,113,224,good
3690,102,185,271,good
3679,121,138,269,good
3676,5,138,275,good
3674,121,136,265,good
3685,134,141,371,good
3553,120,136,279,good
3680,122,125,268,good
3679,121,157,273,good
3685,112,134,274,good
3663,142,138,267,good
3685,119,134,275,good
3699,124,138,258,good
3660,119,144,257,good
3541,121,138,232,good
3549,103,135,122,good
3691,140,138,233,good
3693,128,216,244,good
3686,118,133,250,good
3674,131,134,232,good
3678,118,115,238,good
3679,124,134,208,good
3678,118,139,232,good
3705,122,137,229,good
3679,130,141,210,good
3691,150,133,227,good
3677,95,150,224,good
3666,120,129,221,good
3690,132,140,214,good
3682,120,123,238,good
3707,121,139,208,good
3678,122,138,214,good
3682,134,137,208,good
3682,135,129,230,good
3682,121,136,210,good
3680,128,166,201,good
3673,96,150,162,good
3679,122,136,194,good
3679,136,138,194,good
3680,142,139,194,good
3668,114,138,190,good
3681,123,128,188,good
3665,118,141,186,good
3705,127,115,196,good
3683,105,139,193,good
3683,8,151,208,good
3710,125,130,194,good
3678,114,142,159,good
3682,124,118,182,good
3679,118,144,190,good
3683,120,122,176,good
3680,103,138,187,good
3681,126,116,185,good
3695,120,142,183,good
3681,119,133,176,good
3698,116,218,184,good
3679,121,139,172,good
3696,143,129,181,good
3678,133,137,178,good
3688,121,141,184,good
3679,133,138,170,good
3669,134,154,168,good
3691,129,139,168,good
3674,116,210,175,good
3674,126,61,148,good
3605,122,135,172,good
3692,27,117,164,good
3688,122,142,166,good
3680,126,144,162,good
3674,114,138,294,good
3680,101,140,165,good
3683,132,135,164,good
3659,136,139,166,good
3680,125,117,169,good
3678,114,136,157,good
3675,107,135,156,good
3674,140,121,157,good
3710,124,116,159,good
3681,124,131,135,good
3663,121,136,170,good
3679,138,128,284,good
3675,119,134,212,good
3677,110,144,210,good
3649,112,138,223,good
3695,123,140,253,good
3666,131,134,254,good
3674,128,135,266,good
3674,132,138,258,good
3725,108,153,279,good
3681,121,136,280,good
3683,120,137,285,good
3679,122,138,283,good
3676,122,154,280,good
3682,141,112,292,good
3677,119,129,252,good
3678,146,138,275,good
3693,123,0,264,good
3672,101,164,321,good
3681,20,138,320,good
3679,14,130,313,good
3694,115,137,325,good
3677,121,126,329,good
3678,126,148,291,good
3678,129,144,330,good
3680,110,141,325,good
3696,120,136,358,good
3683,121,130,364,good
3688,121,139,369,good
3680,111,154,408,good
3675,133,128,405,good
3681,126,137,418,good
3668,123,136,411,good
3668,120,183,413,good
3669,119,138,418,good
3675,133,120,427,good
3679,123,137,410,good
3655,121,139,405,good
3677,123,136,400,good
3679,124,144,403,good
3661,113,138,394,good
3672,119,144,399,good
3690,119,180,386,good
3675,103,139,424,good
3684,132,109,464,good
3676,106,166,460,good
3676,120,133,464,good
3664,139,142,461,good
3683,174,154,467,good
3689,135,140,461,good
3676,130,141,456,good
3681,122,136,450,good
3683,118,140,446,good
3692,123,141,452,good
3703,122,132,437,good
3680,117,129,443,good
3677,32,139,430,good
3659,119,0,413,good
3689,121,119,421,good
3678,0,140,405,good
3681,208,139,397,good
3681,128,139,392,good
3679,119,147,393,good
3677,118,122,387,good
3678,66,140,376,good
3679,120,132,368,good
3665,118,144,382,good
3678,123,130,355,good
3687,119,138,352,good
3677,124,133,396,good
3670,112,132,368,good
3678,125,166,396,good
3649,129,152,385,good
3698,106,161,385,good
3646,120,125,379,good
3676,92,156,356,good
3681,117,146,372,good
3665,121,142,353,good
3679,120,126,365,good
3681,131,150,359,good
3681,118,141,360,good
3679,120,141,364,good
3674,127,131,333,good
3676,117,145,345,good
3672,112,139,404,good
3676,122,143,387,good
3674,125,169,388,good
3675,121,140,379,good
3662,117,151,384,good
3671,115,145,382,good
3680,120,143,381,good
3690,122,144,386,good
3688,120,24,365,good
3682,121,160,358,good
3653,119,141,366,good
3683,112,144,350,good
3675,118,131,401,good
3678,117,140,409,good
3688,113,142,392,good
3676,125,124,394,good
3683,121,115,386,good
3687,119,143,396,good
3665,118,0,372,good
3673,134,131,356,good
3681,235,140,370,good
3678,137,144,349,good
3678,129,119,379,good
3674,122,144,364,good
3680,121,142,354,good
3667,119,141,346,good
3679,121,142,338,good
3677,113,140,320,good
3678,119,138,341,good
3662,121,131,333,good
3670,120,144,316,good
3670,123,115,331,good
3663,115,156,320,good
3757,122,140,318,good
3656,115,148,296,good
3679,120,136,304,good
3693,123,140,312,good
3688,122,140,294,good
3687,147,138,279,good
3683,124,139,310,good
3679,126,133,286,good
3683,143,139,297,good
3693,87,141,277,good
3667,123,136,284,good
3694,114,142,278,good
3707,123,160,300,good
3778,140,137,329,good
3690,145,145,277,good
3681,117,140,334,good
3678,122,139,337,good
3677,121,145,324,good
3680,207,142,324,good
3648,129,144,306,good
3675,106,144,320,good
3679,125,152,325,good
3676,98,141,317,good
3692,149,144,349,good
3682,122,143,451,good
3692,131,130,435,good
3677,135,151,447,good
3705,163,152,457,good
3678,128,156,452,good
3678,113,144,484,good
3664,129,145,454,good
3678,124,144,468,good
3674,134,146,348,good
3669,105,144,473,good
3681,132,146,462,good
3679,130,221,467,good
3679,131,142,449,good
3681,157,145,418,good
3706,130,140,454,good
3676,151,142,433,good
3679,128,150,434,good
3701,128,126,435,good
3653,129,132,467,good
3679,118,149,466,good
3669,160,130,481,good
3679,126,144,450,good
3677,131,152,454,good
3676,98,142,450,good
3684,132,122,441,good
3678,126,132,435,good
3679,128,150,435,good
3708,128,128,500,good
3660,111,141,494,good
3674,142,146,488,good
3654,139,140,484,good
3675,158,141,491,good
3674,124,141,484,good
3677,132,145,481,good
3666,120,135,489,good
3679,136,152,475,good
3675,128,140,470,good
3671,128,146,458,good
3672,117,141,466,good
3692,123,141,442,good
3677,141,144,473,good
3738,131,141,420,good
3675,108,139,471,good
3672,124,137,448,good
3680,110,136,469,good
3703,121,136,466,good
3680,126,149,458,good
3678,126,147,451,good
3683,124,129,441,good
3677,123,111,440,good
3673,105,137,446,good
3675,114,140,422,good
3677,131,133,417,good
3697,122,232,425,good
3674,105,144,417,good
3695,130,160,402,good
3692,93,157,414,good
3669,109,161,402,good
3681,126,173,391,good
3686,114,145,407,good
3684,92,146,375,good
3674,124,149,374,good
3665,140,143,291,good
3677,119,142,364,good
3677,128,140,415,good
3675,130,142,350,good
3665,129,139,324,good
3647,128,158,344,good
3674,122,137,337,good
3679,168,160,328,good
3687,117,137,329,good
3684,134,136,329,good
3703,134,128,328,good
3681,129,141,318,good
3675,148,141,312,good
3651,121,156,308,good
3674,137,121,311,good
3677,133,115,297,good
3671,137,151,305,good
3678,144,135,285,good
3665,138,153,272,good
3678,181,124,299,good
3671,135,139,288,good
3686,133,128,288,good
3667,147,146,273,good
3683,132,142,282,good
3681,151,135,270,good
3677,139,144,272,good
3674,135,154,248,good
3675,134,142,251,good
3671,131,141,247,good
3671,141,139,253,good
3682,132,152,266,good
3695,130,51,252,good
3679,134,139,234,good
3656,131,145,237,good
3684,121,150,313,good
3672,104,138,323,good
3657,125,147,323,good
3676,0,139,316,good
3674,127,130,300,good
3679,121,139,323,good
3706,125,134,417,good
3664,131,197,328,good
3678,130,138,332,good
3679,137,167,362,good
3699,124,139,348,good
3655,124,139,313,good
3678,26,118,329,good
3681,134,129,321,good
3667,154,134,341,good
3690,150,134,302,good
3677,114,144,303,good
3680,110,138,328,good
3682,119,143,334,good
3677,80,135,330,good
3679,128,91,330,good
3688,133,116,330,good
3683,133,138,314,good
3673,144,126,308,good
3681,128,133,217,good
3669,119,138,379,good
3741,144,139,337,good
3680,130,137,359,good
3675,126,131,413,good
3684,130,136,402,good
3676,111,156,399,good
3682,266,137,410,good
3673,117,151,405,good
3612,115,132,417,good
3682,135,140,418,good
3677,257,114,428,good
3680,129,132,459,good
3679,126,122,467,good
3705,129,124,459,good
3668,125,138,452,good
3673,104,137,454,good
3671,131,137,447,good
3685,128,140,463,good
3663,134,139,459,good
3673,119,136,454,good
3673,129,113,444,good
3554,129,137,450,good
3676,141,139,447,good
3678,132,150,433,good
3682,135,137,424,good
3662,135,137,420,good
3693,126,126,423,good
3679,54,156,416,good
3679,134,125,420,good
3669,164,132,487,good
3555,126,136,337,good
3680,137,138,460,good
3660,135,138,458,good
3688,137,137,461,good
3671,139,168,456,good
3680,137,150,446,good
3677,134,133,444,good
3680,134,134,434,good
3676,137,141,452,good
3695,131,113,426,good
3691,136,132,424,good
3674,154,112,424,good
3675,152,121,405,good
3672,136,134,397,good
3684,128,134,424,good
3680,136,150,386,good
3679,132,128,432,good
3680,131,148,445,good
3658,130,136,448,good
3667,133,132,454,good
3669,132,137,443,good
3696,108,147,432,good
3679,130,136,441,good
3679,134,136,430,good
3678,161,144,426,good
3676,137,161,429,good
3667,158,140,443,good
3674,111,143,398,good
3683,137,140,422,good
3686,134,140,402,good
3675,112,140,528,good
3677,132,136,413,good
3673,126,77,414,good
3671,145,140,392,good
3672,111,141,389,good
3668,118,138,395,good
3670,139,145,367,good
3694,141,138,366,good
3658,143,136,360,good
3711,145,117,373,good
3676,158,139,348,good
3679,113,146,346,good
3670,146,140,258,good
3679,117,162,329,good
3698,138,114,326,good
3679,133,149,298,good
3676,133,129,303,good
3679,196,141,308,good
3687,137,135,282,good
3678,153,130,359,good
3679,121,142,302,good
3679,138,138,329,good
3679,144,138,333,good
3679,145,147,346,good
3675,135,140,426,good
3676,136,141,328,good
3682,185,126,330,good
3692,118,139,318,good
3675,143,121,319,good
3730,136,139,314,good
3678,139,144,311,good
3670,138,122,316,good
3683,142,33,323,good
3677,138,151,305,good
3721,138,141,323,good
3673,145,139,306,good
3687,134,138,297,good
3668,139,164,292,good
3674,147,113,352,good
3680,132,142,358,good
3672,132,185,355,good
3670,115,142,368,good
3678,136,152,365,good
3665,130,157,360,good
3672,128,131,353,good
3681,139,141,351,good
3678,151,141,355,good
3676,138,141,343,good
3678,137,152,352,good
3676,137,148,346,good
3653,137,148,331,good
3679,137,140,337,good
3687,130,169,328,good
3565,135,139,322,good
3661,123,158,341,good
3680,135,138,364,good
3644,136,140,365,good
3675,126,145,361,good
3678,144,126,352,good
3689,144,141,367,good
3711,143,141,357,good
3771,128,140,354,good
3687,34,130,344,good
3681,137,157,340,good
3681,134,142,386,good
3688,150,113,350,good
3682,150,186,347,good
3666,160,140,336,good
3682,126,149,332,good
3690,144,135,332,good
3662,135,138,424,good
3685,161,141,364,good
3678,145,138,351,good
3679,138,138,360,good
3691,155,137,380,good
3678,142,144,375,good
3687,135,205,393,good
3681,142,153,371,good
3677,136,116,369,good
3657,130,152,360,good
3676,141,140,360,good
3682,138,145,352,good
3678,139,152,345,good
3677,135,109,350,good
3662,140,147,336,good
3685,128,141,338,good
3665,136,143,337,good
3676,116,145,330,good
3686,140,150,323,good
3683,130,146,344,good
3659,131,85,314,good
3707,141,121,317,good
3666,136,120,322,good
3682,161,141,307,good
3678,136,141,312,good
3685,144,141,299,good
3680,136,150,296,good
3672,154,145,289,good
3681,140,143,293,good
3680,159,146,285,good
3678,131,163,264,good
3680,134,142,282,good
3679,136,142,272,good
3680,133,135,277,good
3654,129,165,248,good
3628,142,144,218,good
3685,141,136,253,good
3663,149,124,256,good
3676,115,140,251,good
3680,132,140,257,good
3666,139,140,292,good
3689,173,141,288,good
3679,155,133,293,good
3672,148,136,281,good
3677,141,139,311,good
3685,153,146,335,good
3679,145,126,345,good
3657,144,140,339,good
3679,147,142,351,good
3677,143,138,360,good
3678,144,140,354,good
3695,142,134,356,good
3652,142,126,344,good
3673,138,149,404,good
3681,134,144,378,good
3676,139,144,377,good
3694,139,139,429,good
3679,136,140,455,good
3685,139,141,479,good
3575,144,138,459,good
3676,136,136,488,good
3679,143,134,468,good
3672,146,142,481,good
3675,157,120,472,good
3668,143,138,474,good
3690,146,142,526,good
3688,148,138,506,good
3677,146,121,514,good
3679,145,142,516,good
3652,150,136,516,good
3677,140,123,506,good
3668,128,136,509,good
3690,172,132,492,good
3661,162,136,496,good
3687,135,138,498,good
3673,143,93,482,good
3684,139,140,505,good
3644,153,139,473,good
3700,141,136,464,good
3681,154,124,549,good
3680,123,136,450,good
3567,138,139,452,good
3692,156,142,425,good
3843,141,136,410,good
3647,140,144,412,good
3675,122,137,416,good
3665,138,145,409,good
3695,105,150,406,good
3692,137,131,402,good
3665,136,135,385,good
3692,154,139,382,good
3675,130,147,405,good
3679,196,141,422,good
3679,143,133,420,good
3676,114,151,414,good
3681,192,145,410,good
3676,122,148,390,good
3680,138,143,398,good
3679,136,170,394,good
3623,137,142,403,good
3677,123,145,377,good
3710,132,129,388,good
3664,149,143,366,good
3667,128,151,367,good
3678,143,148,380,good
3680,136,141,340,good
3670,131,133,349,good
3677,128,116,355,good
3686,112,173,342,good
3692,130,139,365,good
3692,121,142,458,good
3687,136,141,448,good
3680,159,138,462,good
3528,132,147,483,good
3677,130,141,479,good
3679,129,117,486,good
3675,108,142,482,good
3678,123,236,498,good
3677,160,148,506,good
3680,134,145,524,good
3686,153,118,528,good
3677,134,156,520,good
3675,130,143,533,good
3733,128,142,497,good
3681,124,142,536,good
3680,129,138,503,good
3677,108,140,504,good
3677,134,151,543,good
3679,112,154,564,good
3688,131,144,560,good
3669,161,133,580,good
3673,121,144,563,good
3659,133,148,560,good
3676,130,141,566,good
3682,160,136,582,good
3665,128,129,591,good
3668,128,157,576,good
3673,118,141,590,good
3676,138,142,587,good
3672,132,102,583,good
3693,118,144,570,good
3692,125,130,560,good
3680,130,146,553,good
3660,128,153,545,good
3701,120,142,534,good
3674,130,144,527,good
3697,108,153,512,good
3675,133,143,512,good
3677,129,140,499,good
3690,128,144,493,good
3673,128,143,562,good
3682,120,140,561,good
3676,132,119,516,good
3676,152,144,443,good
3679,148,142,535,good
3679,144,144,514,good
3676,153,142,512,good
3675,136,132,557,good
3697,117,142,495,good
3669,131,141,479,good
3671,166,162,476,good
3685,112,139,461,good
3681,118,161,463,good
3671,134,142,463,good
3667,133,169,454,good
3664,123,140,450,good
3680,139,130,442,good
3700,127,140,539,good
3678,199,140,438,good
3678,118,148,431,good
3673,125,138,426,good
3671,128,138,399,good
3629,136,143,414,good
3633,129,140,417,good
3674,129,60,390,good
3666,125,194,391,good
3678,126,155,377,good
3680,128,140,373,good
3681,124,142,371,good
3686,126,138,408,good
3659,129,139,400,good
3677,114,137,408,good
3683,138,134,416,good
3676,126,153,408,good
3678,134,138,391,good
3679,112,137,397,good
3674,140,115,404,good
3680,109,143,390,good
3678,128,126,387,good
3660,144,122,401,good
3692,128,140,449,good
3681,149,114,436,good
3677,131,146,429,good
3681,125,138,441,good
3683,100,139,424,good
3686,126,137,423,good
3671,123,144,403,good
3677,126,146,454,good
3650,125,145,434,good
3662,121,160,440,good
3659,126,148,457,good
3679,116,136,450,good
3680,126,121,450,good
3683,121,139,440,good
3658,116,135,436,good
3678,128,142,430,good
3679,126,138,470,good
3655,134,140,371,good
3674,199,136,464,good
3676,127,134,467,good
3681,125,143,442,good
3645,126,138,450,good
3675,16,154,478,good
3673,118,148,482,good
3676,131,131,555,good
3671,147,98,488,good
3690,123,137,475,good
3670,113,143,488,good
3691,128,139,477,good
3678,132,134,466,good
3680,109,136,459,good
3647,124,154,458,good
3674,136,142,480,good
3660,137,143,446,good
3667,124,149,497,good
3668,135,146,501,good
3669,125,141,460,good
3685,133,142,469,good
3667,136,107,469,good
3693,112,149,464,good
3680,132,145,467,good
3693,121,61,452,good
3685,131,143,464,good
3669,130,140,457,good
3677,133,128,462,good
3676,130,144,438,good
3695,144,118,433,good
3679,131,157,402,good
3673,156,157,408,good
3678,126,152,393,good
3672,131,145,420,good
3682,157,141,394,good
3649,139,154,390,good
3678,129,133,379,good
3674,131,142,373,good
3678,128,167,372,good
3671,126,156,363,good
3679,130,144,354,good
3673,132,126,344,good
3678,121,138,338,good
3691,123,148,342,good
3667,129,140,327,good
3692,114,125,347,good
3668,129,152,312,good
3681,138,140,324,good
3629,150,142,311,good
3684,68,139,308,good
3679,135,142,305,good
3679,124,140,303,good
3670,136,168,352,good
3644,138,143,452,good
3680,136,148,344,good
3674,124,138,343,good
3679,130,135,350,good
3688,132,140,335,good
3697,126,114,336,good
3691,129,137,326,good
3680,110,142,326,good
3655,128,141,342,good
3679,121,144,360,good
3695,121,118,373,good
3676,132,139,368,good
3676,129,145,365,good
3675,133,139,349,good
3679,155,138,357,good
3677,133,113,363,good
3659,128,138,347,good
3686,128,103,402,good
3677,132,132,409,good
3677,161,126,414,good
3659,126,136,400,good
3683,130,141,407,good
3663,127,191,419,good
3673,107,133,426,good
3687,128,144,423,good
3675,117,137,457,good
3679,124,136,458,good
3681,135,136,457,good
3704,124,152,475,good
3695,128,138,466,good
3680,121,144,452,good
3685,128,151,460,good
3677,106,136,490,good
3677,125,138,487,good
3680,133,130,507,good
3679,129,135,519,good
3676,126,142,486,good
3677,118,138,512,good
3676,285,139,500,good
3677,121,139,501,good
3690,130,109,553,good
3677,128,133,512,good
3675,140,161,536,good
3681,125,146,567,good
3703,123,138,581,good
3669,101,140,597,good
3680,120,141,573,good
3663,123,144,574,good
3690,106,154,576,good
3676,116,142,583,good
3674,108,138,567,good
3643,126,141,577,good
3684,154,133,627,good
3673,128,142,633,good
3684,128,143,626,good
3677,134,150,629,good
3676,125,140,626,good
3678,150,103,665,good
3679,113,124,666,good
3675,136,150,654,good
3676,106,139,675,good
3661,136,122,734,good
3678,125,137,725,good
3679,121,133,729,good
3663,113,108,726,good
3646,116,156,728,good
3678,48,131,725,good
3679,127,130,722,good
3670,125,126,704,good
3682,105,160,731,good
3676,125,127,785,good
3675,120,142,777,good
3679,126,143,777,good
3675,129,126,767,good
3667,150,119,767,good
3665,132,131,816,good
3673,126,140,761,good
3729,129,148,734,good
3667,110,138,683,good
3676,136,151,721,good
3676,136,138,718,good
3677,132,111,708,good
3676,127,136,675,good
3682,136,137,688,good
3680,135,137,671,good
3660,142,138,648,good
3677,132,128,632,good
3681,135,160,661,good
3689,179,119,628,good
3652,123,155,609,good
3649,125,155,593,good
3677,108,140,582,good
3676,161,158,565,good
3663,155,138,556,good
3679,160,140,537,good
3691,140,122,544,good
3677,132,156,561,good
3679,137,136,576,good
3678,137,139,573,good
3662,136,123,553,good
3691,146,136,564,good
3675,125,137,547,good
3666,137,111,534,good
3680,134,151,536,good
3681,85,119,606,good
3664,155,132,588,good
3672,149,136,591,good
3680,96,139,588,good
3676,134,142,607,good
3687,132,222,582,good
3677,128,147,571,good
3684,132,136,553,good
3664,144,139,544,good
3681,129,135,545,good
3687,134,139,536,good
3679,125,123,542,good
3679,115,134,533,good
3671,130,136,512,good
3665,150,128,522,good
3674,129,77,512,good
3668,144,137,514,good
3661,138,147,499,good
3681,130,140,527,good
3683,144,126,534,good
3741,129,136,519,good
3680,140,134,516,good
3660,124,93,514,good
3693,128,136,509,good
3673,146,116,492,good
3681,146,123,495,good
3685,126,138,380,good
3661,125,136,466,good
3678,125,137,503,good
3697,110,151,499,good
3678,121,134,495,good
3679,128,136,509,good
3679,128,122,497,good
3675,118,134,481,good
3685,118,136,490,good
3673,138,158,469,good
3694,115,221,481,good
3665,128,138,456,good
3677,125,135,455,good
3677,129,146,448,good
3675,117,146,425,good
3673,140,112,499,good
3680,128,150,521,good
3700,117,137,526,good
3656,117,205,527,good
3673,124,141,538,good
3657,126,136,536,good
3684,114,134,619,good
3681,121,125,535,good
3682,132,134,508,good
3677,136,130,505,good
3687,124,132,490,good
3665,128,130,484,good
3695,125,136,477,good
3679,112,143,492,good
3675,124,132,487,good
3690,122,132,483,good
3693,129,130,474,good
3713,125,134,480,good
3679,131,144,466,good
3677,103,142,463,good
3694,106,136,450,good
3549,119,140,492,good
3682,126,156,441,good
3679,116,106,421,good
3663,123,136,418,good
3701,117,138,434,good
3679,124,133,406,good
3694,115,137,396,good
3692,102,148,413,good
3684,128,132,422,good
3676,125,180,442,good
3678,103,134,460,good
3678,128,139,453,good
3652,128,135,454,good
3682,125,137,464,good
3677,51,114,452,good
3709,120,126,451,good
3684,150,136,440,good
3681,126,129,461,good
3692,123,131,481,good
3677,122,132,470,good
3680,143,135,478,good
3669,123,124,478,good
3679,124,153,470,good
3681,123,130,443,good
3677,124,149,460,good
3563,122,134,463,good
3680,125,119,478,good
3688,123,131,496,good
3687,124,140,500,good
3677,114,124,490,good
3554,123,134,472,good
3709,125,120,498,good
3667,120,128,466,good
3688,111,156,454,good
3680,122,130,447,good
3673,123,137,412,good
3677,128,134,446,good
3672,123,252,455,good
3683,124,178,448,good
3681,121,134,438,good
3675,130,137,430,good
3679,129,120,449,good
3678,121,128,442,good
3691,125,186,443,good
3671,132,154,429,good
3677,130,138,428,good
3678,0,138,417,good
3675,111,135,430,good
3683,137,138,411,good
3667,122,136,400,good
3691,116,125,397,good
3703,121,105,389,good
3689,120,140,394,good
3683,123,149,366,good
3682,109,138,367,good
3677,120,134,335,good
3680,122,137,353,good
3773,132,139,420,good
3672,94,137,341,good
3689,148,134,324,good
3682,262,136,330,good
3678,132,126,349,good
3673,119,139,333,good
3678,125,149,322,good
3679,142,112,324,good
3680,125,128,312,good
3692,126,140,283,good
3681,121,151,290,good
3680,121,106,303,good
3655,115,122,291,good
3681,114,138,288,good
3679,139,108,339,good
3679,104,136,328,good
3680,127,143,329,good
3764,142,136,397,good
3665,109,138,319,good
3689,130,237,333,good
3691,123,136,325,good
3675,135,136,332,good
3532,121,136,347,good
3690,141,165,309,good
3680,109,140,319,good
3680,121,154,308,good
3681,136,137,305,good
3681,142,122,312,good
3676,122,136,294,good
3676,128,116,300,good
3685,128,137,284,good
3679,116,135,288,good
3683,122,137,271,good
3558,110,139,270,good
3680,114,137,284,good
3681,123,140,278,good
3709,121,136,279,good
3651,119,150,277,good
3678,125,155,272,good
3681,132,142,277,good
3686,121,96,374,good
3567,122,139,354,good
3678,120,168,358,good
3677,0,137,360,good
3666,119,144,350,good
3709,114,161,361,good
3699,121,137,354,good
3677,153,152,355,good
3671,141,118,357,good
3680,118,131,348,good
3706,117,150,388,good
3690,115,155,389,good
3689,90,141,390,good
3676,123,163,400,good
3665,124,136,380,good
3770,129,114,401,good
3672,109,137,401,good
3674,126,142,445,good
3675,94,162,483,good
3697,119,2,484,good
3685,144,110,497,good
3695,112,150,500,good
3665,138,137,499,good
3681,142,136,529,good
3679,124,136,530,good
3678,116,140,528,good
3680,121,145,513,good
3667,108,152,536,good
3673,128,166,525,good
3674,107,162,492,good
3680,119,121,534,good
3673,123,138,526,good
3678,123,129,501,good
3666,140,119,510,good
3676,124,135,484,good
3683,120,140,490,good
3658,120,144,475,good
3694,121,134,456,good
3677,125,143,462,good
3653,120,92,451,good
3679,135,131,442,good
3686,122,145,435,good
3692,124,132,440,good
3682,114,158,424,good
3681,122,120,423,good
3674,217,144,388,good
3683,121,135,395,good
3678,118,134,393,good
3696,113,121,442,good
3680,123,143,431,good
3677,113,145,422,good
3647,124,141,443,good
3665,122,134,424,good
3680,131,137,469,good
3676,125,146,465,good
3682,113,132,426,good
3674,123,136,458,good
3666,107,136,463,good
3660,119,274,453,good
3666,158,152,446,good
3663,136,141,436,good
3672,123,132,426,good
3699,105,133,449,good
3691,126,135,474,good
3710,124,149,462,good
3678,152,138,474,good
3681,131,131,476,good
3711,125,128,476,good
3677,123,161,457,good
3695,140,112,462,good
3679,123,135,434,good
3675,125,134,430,good
3689,131,118,462,good
3680,119,145,429,good
3677,145,139,334,good
3680,125,135,414,good
3679,122,132,419,good
3680,128,162,404,good
3695,116,135,396,good
3679,253,133,437,good
3682,131,132,436,good
3670,129,151,452,good
3681,129,137,420,good
3678,129,117,420,good
3681,129,138,412,good
3697,121,119,419,good
3709,132,119,413,good
3682,120,141,407,good
3683,109,135,504,good
3698,129,113,447,good
3674,129,136,456,good
3682,134,136,428,good
3684,128,138,436,good
3671,152,93,432,good
3679,129,148,405,good
3680,112,164,422,good
3682,133,134,422,good
3655,129,124,473,good
3658,145,136,499,good
3680,158,128,507,good
3629,143,137,498,good
3679,114,134,499,good
3668,130,132,503,good
3704,130,124,509,good
3678,128,134,496,good
3669,115,135,534,good
3677,124,133,561,good
3673,126,150,566,good
3676,129,124,572,good
3677,111,136,573,good
3683,109,134,578,good
3661,138,131,550,good
3697,124,17,563,good
3681,148,134,552,good
3682,216,135,554,good
3649,128,121,590,good
3672,128,136,554,good
3687,126,13,575,good
3680,122,111,579,good
3678,103,159,573,good
3678,111,133,566,good
3665,136,117,586,good
3712,132,136,548,good
3676,130,137,548,good
3660,108,129,587,good
3683,130,134,525,good
3676,124,136,537,good
3683,132,144,498,good
3673,126,147,497,good
3695,118,132,485,good
3676,122,136,480,good
3686,121,31,469,good
3684,128,136,473,good
3679,125,133,457,good
3679,128,135,429,good
3668,125,270,435,good
3684,152,136,430,good
3688,118,138,423,good
3686,129,87,436,good
3671,98,140,414,good
3679,64,153,408,good
3680,144,130,401,good
3704,126,130,417,good
3579,128,138,380,good
3676,126,144,380,good
3672,155,132,358,good
3675,133,138,385,good
3679,138,113,416,good
3699,122,136,415,good
3677,119,110,406,good
3806,121,138,392,good
3681,125,150,434,good
3686,134,148,403,good
3688,124,137,412,good
3595,141,141,383,good
3677,123,132,381,good
3675,101,139,355,good
3660,119,122,370,good
3639,124,135,343,good
3674,211,131,361,good
3677,126,124,359,good
3652,134,142,256,good
3677,124,136,341,good
3683,122,115,340,good
3706,103,141,354,good
3685,120,65,357,good
3669,117,135,343,good
3676,122,133,333,good
3675,120,140,335,good
3675,91,126,332,good
3678,127,130,407,good
3688,102,134,364,good
3688,121,108,316,good
3677,114,157,304,good
3709,124,136,309,good
3681,126,130,289,good
3714,102,154,302,good
3659,138,142,285,good
3696,129,132,302,good
3671,126,139,283,good
3678,107,144,276,good
3699,102,153,286,good
3673,125,168,273,good
3700,108,120,273,good
3682,123,134,268,good
3681,134,149,267,good
3668,122,137,250,good
3678,153,136,256,good
3676,128,135,258,good
3679,109,136,252,good
3669,114,136,279,good
3678,122,136,272,good
3694,109,220,284,good
3716,124,136,245,good
3677,95,132,269,good
3667,101,132,228,good
3679,116,140,260,good
3738,128,112,263,good
3681,104,133,302,good
3683,122,131,266,good
3671,123,134,274,good
3695,119,45,256,good
3678,139,133,239,good
3679,119,112,250,good
3679,121,151,236,good
3672,116,134,232,good
3675,121,130,230,good
3680,117,124,241,good
3683,117,134,230,good
3648,130,126,217,good
3679,122,133,231,good
3671,144,117,243,good
3693,96,149,279,good
3695,126,136,274,good
3675,128,137,277,good
3683,116,111,278,good
3674,123,114,274,good
3685,119,125,273,good
3690,121,138,268,good
3649,119,131,286,good
3679,122,134,355,good
3681,120,129,356,good
3685,114,139,376,good
3658,178,134,367,good
3666,122,133,372,good
3661,83,116,377,good
3691,121,118,376,good
3679,124,146,375,good
3663,114,147,396,good
3675,123,128,420,good
3678,121,139,415,good
3683,123,121,420,good
3679,135,136,405,good
3674,123,134,407,good
3679,122,130,410,good
3663,130,112,398,good
3679,119,130,412,good
3655,114,158,372,good
3689,152,128,399,good
3673,112,132,368,good
3705,117,117,383,good
3675,99,132,375,good
3681,120,132,371,good
3679,119,118,366,good
3678,113,139,264,good
3694,124,13,372,good
3668,106,135,437,good
3685,122,136,470,good
3683,119,125,476,good
3678,122,135,480,good
3656,134,136,465,good
3693,123,135,470,good
3674,122,135,480,good
3664,123,139,477,good
3709,121,112,480,good
3692,139,131,476,good
3679,118,133,473,good
3682,154,132,468,good
3703,119,132,458,good
3706,72,133,451,good
3681,119,134,447,good
3678,119,118,438,good
3681,112,132,428,good
3675,122,111,440,good
3643,128,122,422,good
3679,111,129,418,good
3662,148,131,410,good
3681,128,136,411,good
3674,153,120,413,good
3680,118,130,384,good
3680,120,135,413,good
3684,121,133,427,good
3679,121,128,397,good
3677,42,114,420,good
3682,123,130,426,good
3671,147,127,430,good
3711,121,114,405,good
3678,147,132,398,good
3659,104,157,360,good
3684,122,134,399,good
3674,131,134,377,good
3671,140,136,436,good
3684,132,139,432,good
3684,122,140,456,good
3679,140,143,453,good
3665,186,144,448,good
3679,132,139,456,good
3660,139,135,454,good
3677,129,135,452,good
3712,139,122,439,good
3669,139,150,423,good
3690,168,130,410,good
3676,157,118,428,good
3655,156,137,414,good
3681,132,146,396,good
3678,118,139,400,good
3687,137,140,402,good
3690,116,160,391,good
3668,143,139,393,good
3664,150,132,385,good
3679,142,139,379,good
3681,137,141,375,good
3680,160,138,364,good
3669,128,140,356,good
3705,146,147,366,good
3664,141,137,329,good
3675,150,144,338,good
3679,136,136,358,good
3681,136,141,307,good
3678,296,135,330,good
3679,137,138,328,good
3676,119,136,378,good
3678,138,128,350,good
3677,126,138,376,good
3733,136,139,352,good
3674,137,141,379,good
3649,144,140,356,good
3680,142,160,380,good
3677,139,156,358,good
3686,141,162,349,good
3701,140,140,344,good
3676,147,125,359,good
3690,136,141,342,good
3683,163,107,331,good
3678,138,141,326,good
3682,134,116,330,good
3681,140,145,307,good
3681,143,137,302,good
3691,151,129,292,good
3680,135,139,294,good
3717,133,141,325,good
3688,128,146,321,good
3690,100,140,277,good
3710,115,150,293,good
3680,152,136,464,good
3661,135,141,456,good
3678,113,137,453,good
3677,162,138,461,good
3683,132,134,471,good
3682,125,150,463,good
3688,109,137,482,good
3681,160,140,483,good
3676,149,137,485,good
3683,133,134,490,good
3677,119,166,491,good
3643,131,136,497,good
3674,135,123,480,good
3676,138,131,470,good
3678,134,132,467,good
3676,128,128,502,good
3678,129,130,496,good
3661,128,139,488,good
3685,143,123,503,good
3668,132,138,489,good
3685,106,155,479,good
3670,147,128,467,good
3672,128,137,458,good
3678,130,129,471,good
3677,128,138,460,good
3671,154,139,451,good
3675,128,132,469,good
3695,131,137,454,good
3670,132,135,439,good
3673,94,151,430,good
3681,123,133,417,good
3679,113,149,409,good
3681,254,135,402,good
3692,141,136,389,good
3681,130,136,383,good
3677,140,138,384,good
3667,130,147,380,good
3688,128,131,373,good
3675,117,144,353,good
3667,126,121,362,good
3668,128,162,356,good
3693,126,121,398,good
3682,230,133,391,good
3697,128,59,393,good
3679,116,133,388,good
3689,141,128,369,good
3679,203,137,392,good
3679,141,128,376,good
3675,128,138,363,good
3672,126,132,359,good
3684,119,136,374,good
3680,110,134,397,good
3677,128,135,350,good
3684,131,140,350,good
3681,128,124,348,good
3683,119,125,344,good
3680,121,135,326,good
3690,124,106,330,good
3682,119,134,324,good
3681,115,135,334,good
3675,133,136,370,good
3678,119,135,366,good
3664,136,136,387,good
3693,118,133,412,good
3693,128,124,424,good
3683,129,141,410,good
3676,124,107,424,good
3668,128,141,462,good
3669,118,164,469,good
3663,145,125,475,good
3643,152,137,501,good
3674,161,155,500,good
3676,156,138,492,good
3679,160,140,486,good
3695,146,129,472,good
3678,162,143,466,good
3664,167,154,459,good
3665,159,193,451,good
3679,165,133,440,good
3673,162,141,460,good
3708,160,137,482,good
3681,164,168,464,good
3680,159,138,463,good
3671,151,138,459,good
3679,158,138,456,good
3679,155,125,457,good
3679,144,136,434,good
3689,154,147,436,good
3678,140,137,467,good
3706,148,165,536,good
3694,153,110,538,good
3669,182,136,522,good
3679,154,157,525,good
3674,144,128,528,good
3673,149,139,639,good
3690,149,138,519,good
3681,137,155,528,good
3672,154,153,556,good
3683,145,130,562,good
3682,152,137,555,good
3677,150,146,557,good
3680,140,136,548,good
3677,145,150,549,good
3681,142,121,566,good
3676,134,151,538,good
3686,150,120,538,good
3679,148,168,546,good
3676,147,115,576,good
3711,151,120,550,good
3691,131,137,536,good
3698,138,120,528,good
3678,145,138,525,good
3679,142,132,518,good
3679,136,136,520,good
3677,146,145,515,good
3661,137,205,509,good
3649,140,136,498,good
3678,150,136,499,good
3673,140,135,488,good
3681,169,137,473,good
3677,178,136,471,good
3685,136,104,472,good
3695,122,128,455,good
3681,142,112,458,good
3662,155,137,483,good
3651,140,158,486,good
3663,149,132,475,good
3676,128,138,472,good
3675,144,131,540,good
3649,153,134,550,good
3679,132,136,453,good
3672,142,136,439,good
3756,143,134,541,good
3680,142,135,548,good
3652,144,296,556,good
3691,144,136,542,good
3669,144,132,560,good
3682,183,135,557,good
3677,121,150,537,good
3659,129,161,560,good
3681,141,137,560,good
3682,139,98,595,good
3680,142,123,632,good
3703,147,117,628,good
3678,147,136,634,good
3670,113,136,624,good
3697,133,115,621,good
3651,139,152,621,good
3676,117,137,614,good
3680,141,130,584,good
3696,127,137,603,good
3660,134,250,602,good
3665,123,111,573,good
3695,93,134,573,good
3681,33,136,564,good
3671,160,178,542,good
3677,137,130,580,good
3674,116,130,591,good
3677,136,145,580,good
3667,134,136,579,good
3678,190,145,580,good
3669,136,163,564,good
3679,130,135,556,good
3679,133,154,540,good
3685,138,126,561,good
3670,137,134,525,good
3680,125,128,522,good
3682,160,104,516,good
3679,164,132,506,good
3681,132,128,498,good
3681,132,151,479,good
3678,146,162,482,good
3678,132,135,452,good
3677,134,148,495,good
3690,133,53,483,good
3679,130,149,462,good
3679,154,132,439,good
3701,134,135,506,good
3683,147,136,485,good
3673,112,134,480,good
3663,131,135,491,good
3675,160,94,464,good
3689,130,132,478,good
3678,132,123,501,good
3681,128,147,478,good
3669,133,158,493,good
3667,148,130,498,good
3686,141,136,486,good
3691,114,118,489,good
3680,133,221,470,good
3677,135,132,452,good
3679,132,135,453,good
3675,132,136,457,good
3670,128,9,438,good
3677,122,134,437,good
3667,148,136,430,good
3683,132,135,430,good
3678,126,133,416,good
3681,106,130,347,good
3664,128,136,396,good
3687,126,121,402,good
3680,132,131,459,good
3677,122,130,424,good
3697,99,133,382,good
3673,139,135,375,good
3697,118,132,363,good
3677,141,137,335,good
3668,105,131,292,good
3679,128,124,393,good
3678,113,149,380,good
3697,129,135,376,good
3683,135,162,368,good
3687,123,135,451,good
3693,106,135,456,good
3681,144,120,450,good
3678,128,139,457,good
3677,115,144,441,good
3674,139,121,447,good
3667,124,131,448,good
3632,120,140,475,good
3679,123,131,448,good
3677,225,151,449,good
3679,128,136,446,good
3681,110,130,458,good
3693,124,134,433,good
3681,124,128,427,good
3528,124,133,416,good
3678,107,132,414,good
3682,130,130,414,good
3683,84,133,402,good
3695,120,143,406,good
3687,155,139,395,good
3662,126,133,380,good
3689,64,113,379,good
3697,99,146,359,good
3679,50,133,367,good
3658,123,133,347,good
3710,115,112,356,good
3679,107,109,350,good
3679,116,133,343,good
3696,119,137,342,good
3664,210,135,338,good
3677,124,105,340,good
3673,133,130,328,good
3687,132,139,336,good
3648,124,132,294,good
3678,121,134,334,good
3665,141,122,362,good
3684,125,107,351,good
3678,123,135,350,good
3663,124,142,347,good
3678,118,123,354,good
3674,122,145,338,good
3739,120,138,345,good
3679,132,144,333,good
3676,101,146,319,good
3660,144,137,335,good
3680,138,138,218,good
3679,119,134,328,good
3662,119,128,323,good
3686,134,116,320,good
3655,117,145,312,good
3693,114,135,306,good
3676,119,136,302,good
3671,114,135,309,good
3679,123,118,309,good
3677,122,110,296,good
3679,52,137,300,good
3683,130,134,288,good
3685,0,115,294,good
3681,121,142,288,good
3660,117,137,279,good
3687,120,134,272,good
3681,115,134,281,good
3686,94,130,280,good
3685,121,171,282,good
3545,120,134,289,good
3693,132,135,270,good
3678,121,134,269,good
3579,119,133,256,good
3673,119,137,256,good
3681,145,135,261,good
3670,122,162,261,good
3671,148,122,274,good
3681,121,138,246,good
3681,112,234,269,good
3680,114,138,239,good
3703,118,136,331,good
3657,122,142,233,good
3673,121,137,249,good
3677,130,124,234,good
3679,285,140,229,good
3679,134,139,233,good
3667,133,139,220,good
3681,125,145,243,good
3697,132,230,228,good
3675,128,142,226,good
3679,134,133,224,good
3669,131,139,213,good
3685,118,102,236,good
3679,126,140,271,good
3693,113,139,264,good
3653,133,134,270,good
3676,124,140,262,good
3680,134,139,262,good
3677,118,138,265,good
3682,122,137,250,good
3679,126,137,252,good
3678,136,139,246,good
3652,119,153,244,good
3709,118,114,250,good
3678,125,142,269,good
3677,120,138,354,good
3684,125,136,228,good
3679,131,119,233,good
3680,126,137,233,good
3674,133,144,235,good
3680,126,103,252,good
3678,134,149,230,good
3679,126,122,227,good
3742,130,142,218,good
3672,124,139,235,good
3680,198,141,216,good
3680,136,112,217,good
3681,125,106,225,good
3649,133,150,208,good
3680,130,140,210,good
3677,143,141,201,good
3554,110,133,100,good
3660,158,140,198,good
3669,131,135,177,good
3688,151,136,193,good
3678,131,138,193,good
3677,115,134,199,good
3677,136,130,161,good
3679,136,145,187,good
3679,138,137,189,good
3675,144,129,270,good
3648,144,142,184,good
3677,37,154,170,good
3677,133,132,177,good
3670,150,120,177,good
3698,131,131,184,good
3684,136,137,122,good
3675,116,144,247,good
3682,139,114,259,good
3674,138,107,265,good
3679,146,118,274,good
3678,139,167,274,good
3679,152,140,278,good
3676,136,168,279,good
3681,139,149,276,good
3574,140,138,322,good
3675,130,149,319,good
3673,135,134,328,good
3694,134,138,328,good
3684,135,141,347,good
3657,132,162,325,good
3680,135,137,320,good
3680,152,120,325,good
3681,133,138,327,good
3671,128,148,336,good
3676,128,136,318,good
3677,132,108,315,good
3675,135,128,301,good
3679,136,139,301,good
3671,146,104,308,good
3679,134,135,307,good
3662,146,121,292,good
3689,146,142,266,good
3690,136,134,342,good
3681,0,137,325,good
3682,124,148,333,good
3673,142,136,329,good
3684,134,124,340,good
3707,124,139,348,good
3684,127,126,332,good
3656,138,136,325,good
3683,123,136,316,good
3678,126,131,316,good
3675,112,133,312,good
3682,130,136,315,good
3678,126,135,305,good
3679,132,133,212,good
3677,129,148,293,good
3667,94,150,290,good
3665,131,130,287,good
3685,131,132,330,good
3702,130,138,337,good
3683,119,134,337,good
3677,109,154,288,good
3677,131,136,318,good
3669,126,138,305,good
3697,81,135,323,good
3665,120,150,316,good
3687,101,134,314,good
3680,126,152,300,good
3666,128,110,295,good
3669,124,133,300,good
3677,200,151,303,good
3527,126,134,277,good
3681,123,148,293,good
3678,111,136,288,good
3679,114,151,285,good
3674,136,140,157,good
3678,124,164,280,good
3675,132,138,274,good
3672,144,137,266,good
3673,117,135,274,good
3678,109,129,273,good
3679,122,135,254,good
3759,135,114,275,good
3684,118,134,258,good
3684,125,138,257,good
3686,174,136,242,good
3758,125,134,217,good
3671,123,132,234,good
3677,128,136,221,good
3691,125,114,222,good
3679,102,136,232,good
3677,126,134,231,good
3678,105,136,237,good
3683,133,141,291,good
3694,128,135,352,good
3678,126,130,351,good
3663,111,116,356,good
3678,122,146,357,good
3677,118,133,357,good
3657,122,145,374,good
3703,122,132,381,good
3677,112,136,374,good
3673,123,158,376,good
3681,121,136,411,good
3676,124,140,413,good
3662,144,138,417,good
3674,124,137,403,good
3679,149,128,418,good
3687,121,110,435,good
3677,118,106,427,good
3649,125,136,413,good
3677,89,138,454,good
3679,124,137,501,good
3677,254,136,494,good
3688,123,144,493,good
3676,101,166,495,good
3675,122,134,490,good
3670,125,131,468,good
3682,91,150,489,good
3679,134,147,483,good
3667,124,237,481,good
3662,120,294,485,good
3665,109,115,464,good
3674,137,117,461,good
3673,131,168,460,good
3702,165,129,467,good
3678,124,131,441,good
3674,123,119,447,good
3654,128,140,440,good
3676,123,142,499,good
3687,121,137,504,good
3668,128,160,504,good
3663,112,146,504,good
3672,129,168,496,good
3682,120,134,506,good
3674,133,139,555,good
3676,120,144,497,good
3674,124,139,495,good
3677,124,120,495,good
3766,122,134,391,good
3667,125,131,480,good
3693,124,134,469,good
3658,126,136,451,good
3678,123,132,458,good
3648,126,140,495,good
3677,122,134,481,good
3682,155,136,473,good
3677,124,139,509,good
3681,124,129,512,good
3697,128,118,517,good
3677,130,136,512,good
3650,134,132,513,good
3673,126,128,546,good
3665,130,119,557,good
3637,121,134,532,good
3672,122,134,551,good
3660,128,96,532,good
3678,124,128,538,good
3692,111,182,533,good
3755,124,135,557,good
3682,140,120,510,good
3705,75,134,501,good
3669,142,129,507,good
3679,120,149,490,good
3697,98,138,528,good
3672,131,144,522,good
3676,129,135,498,good
3674,119,163,508,good
3688,104,134,505,good
3676,121,136,499,good
3669,166,147,485,good
3678,130,113,489,good
3677,113,150,475,good
3689,113,199,522,good
3678,125,133,515,good
3701,135,111,512,good
3679,138,130,484,good
3675,128,136,497,good
3677,158,136,492,good
3671,131,134,465,good
3684,139,125,483,good
3621,126,134,494,good
3677,128,108,545,good
3746,128,136,507,good
3687,129,218,534,good
3738,128,135,525,good
3691,145,132,510,good
3675,224,130,536,good
3669,125,141,554,good
3664,124,138,554,good
3677,117,133,556,good
3699,122,137,546,good
3679,135,134,446,good
3672,126,133,525,good
3681,121,150,522,good
3665,126,136,509,good
3681,128,136,523,good
3670,129,168,517,good
3701,118,137,521,good
3682,127,138,513,good
3693,111,137,510,good
3667,125,224,488,good
3667,128,154,498,good
3678,126,137,483,good
3746,125,137,464,good
3693,125,140,489,good
3695,124,134,449,good
3680,126,148,444,good
3673,120,146,434,good
3701,105,137,424,good
3668,122,136,415,good
3704,125,136,400,good
3678,126,136,405,good
3673,131,137,390,good
3693,125,130,386,good
3691,112,121,400,good
3682,126,138,372,good
3671,131,46,362,good
3666,136,137,374,good
3677,154,135,361,good
3680,197,137,347,good
3557,125,137,327,good
3669,206,135,334,good
3709,125,137,329,good
3679,142,137,298,good
3682,111,139,314,good
3673,138,122,302,good
3595,129,138,302,good
3672,122,130,302,good
3679,118,122,301,good
3694,100,151,283,good
3675,114,145,262,good
3678,123,138,283,good
3644,136,145,279,good
3542,104,135,223,good
3670,125,136,277,good
3678,112,141,274,good
3677,124,129,277,good
3680,124,109,286,good
3677,126,153,261,good
3643,124,134,262,good
3673,134,152,232,good
3667,136,136,248,good
3665,134,112,282,good
3595,140,138,317,good
3694,124,107,320,good
3674,128,142,392,good
3712,125,138,299,good
3682,100,149,337,good
3679,125,134,333,good
3681,129,135,330,good
3675,131,135,332,good
3677,129,117,389,good
3677,152,138,407,good
3679,128,142,402,good
3665,118,132,392,good
3742,129,140,377,good
3681,117,138,399,good
3677,105,140,397,good
3666,125,149,389,good
3749,132,115,400,good
3686,112,151,393,good
3692,122,107,405,good
3711,123,137,388,good
3675,124,126,434,good
3671,146,134,409,good
3678,134,136,422,good
3676,115,133,500,good
3676,104,140,420,good
3674,119,108,408,good
3664,129,137,409,good
3677,125,124,412,good
3694,114,226,419,good
3690,126,138,380,good
3682,128,118,388,good
3694,95,143,394,good
3678,112,128,390,good
3682,116,138,368,good
3678,114,134,366,good
3671,124,122,369,good
3679,121,133,361,good
3653,123,140,359,good
3677,117,134,313,good
3678,123,137,343,good
3655,136,128,346,good
3688,122,137,336,good
3678,113,144,312,good
3687,130,120,336,good
3677,123,140,321,good
3664,118,197,316,good
3642,125,139,312,good
3675,116,133,267,good
3680,125,115,294,good
3686,104,133,416,good
3682,124,138,364,good
3684,115,140,377,good
3695,110,110,396,good
3679,122,147,382,good
3675,101,131,395,good
3678,121,137,386,good
3641,112,166,356,good
3622,142,124,384,good
3667,119,135,368,good
3699,112,122,386,good
3663,215,138,380,good
3678,114,164,375,good
3688,129,138,371,good
3672,100,141,358,good
3707,128,136,369,good
3663,125,136,342,good
3680,115,153,338,good
3677,127,131,344,good
3679,124,134,336,good
3660,128,136,317,good
3702,119,136,328,good
3677,124,130,322,good
3661,123,142,322,good
3682,140,110,332,good
3674,0,136,321,good
3679,126,136,308,good
3679,120,137,312,good
3677,122,134,307,good
3631,124,134,286,good
3677,120,136,302,good
3673,124,115,301,good
3679,120,138,295,good
3678,125,117,291,good
3687,126,137,284,good
3707,117,115,283,good
3681,78,138,276,good
3687,113,133,270,good
3679,121,116,265,good
3681,122,128,261,good
3679,125,137,252,good
3697,115,135,259,good
3659,125,136,248,good
3677,122,152,256,good
3681,123,125,253,good
3672,132,139,256,good
3815,119,138,242,good
3667,119,137,158,good
3677,125,134,236,good
3684,120,141,244,good
3684,130,137,224,good
3677,129,133,226,good
3669,135,137,223,good
3675,2,139,223,good
3653,128,137,218,good
3656,120,99,236,good
3691,131,125,272,good
3664,133,132,265,good
3681,133,107,274,good
3676,135,132,236,good
3695,124,98,269,good
3679,132,132,278,good
3675,132,114,300,good
3679,135,143,312,good
3679,108,150,320,good
3721,138,139,388,good
3678,135,136,387,good
3704,130,137,397,good
3676,134,129,397,good
3679,130,137,400,good
3665,133,125,412,good
3679,128,146,417,good
3677,122,132,410,good
3668,118,134,387,good
3693,122,168,416,good
3679,130,158,394,good
3705,131,140,395,good
3678,132,134,392,good
3673,104,135,398,good
3678,290,134,387,good
3679,137,162,398,good
3693,133,248,380,good
3677,132,134,385,good
3693,123,136,408,good
3667,133,123,413,good
3676,112,137,406,good
3696,130,128,402,good
3688,121,150,384,good
3673,129,149,395,good
3699,107,144,388,good
3696,128,132,414,good
3684,121,148,371,good
3684,119,148,376,good
3674,154,95,370,good
3678,117,132,382,good
3665,124,143,370,good
3709,128,134,356,good
3678,141,131,344,good
3693,151,139,326,good
3674,143,132,392,good
3682,137,128,396,good
3677,113,138,383,good
3668,134,36,372,good
3668,110,133,349,good
3691,50,122,375,good
3663,116,131,363,good
3679,124,137,368,good
3672,147,135,348,good
3843,125,134,370,good
3682,112,144,335,good
3634,125,136,361,good
3678,142,124,346,good
3679,144,141,336,good
3676,122,131,336,good
3678,136,152,318,good
3679,123,136,323,good
3667,124,133,314,good
3677,119,136,436,good
3654,125,147,320,good
3687,102,136,357,good
3671,122,184,302,good
3683,125,162,318,good
3708,123,136,296,good
3679,128,149,285,good
3692,96,152,266,good
3681,112,137,276,good
3679,122,132,267,good
3681,116,121,269,good
3678,131,136,256,good
3689,95,134,260,good
3655,125,132,237,good
3667,121,150,233,good
3668,125,136,251,good
3675,92,146,251,good
3657,128,135,234,good
3678,124,136,243,good
3677,70,134,278,good
3679,102,142,298,good
3683,142,135,280,good
3678,119,137,320,good
3677,123,128,317,good
3687,149,110,329,good
3676,98,137,321,good
3683,111,137,328,good
3666,114,146,370,good
3694,121,144,367,good
3624,121,136,365,good
3678,128,134,370,good
3695,122,134,371,good
3678,123,133,346,good
3677,152,156,361,good
3678,96,142,360,good
3679,132,124,366,good
3679,123,136,362,good
3693,136,136,357,good
3675,129,148,360,good
3679,123,138,395,good
3680,125,136,390,good
3680,120,146,397,good
3684,123,115,405,good
3685,101,179,396,good
3684,141,128,388,good
3665,115,132,387,good
3677,119,118,384,good
3679,122,136,378,good
3677,118,133,375,good
3677,121,138,371,good
3691,112,130,365,good
3700,119,125,358,good
3679,123,146,354,good
3677,128,104,359,good
3648,113,154,350,good
3677,121,142,361,good
3679,126,181,347,good
3679,119,128,340,good
3679,123,124,329,good
3667,101,138,340,good
3675,120,135,326,good
3687,119,120,339,good
3674,125,128,326,good
3684,118,139,345,good
3664,124,134,321,good
3679,129,129,315,good
3682,135,135,311,good
3701,104,136,314,good
3683,119,165,301,good
3679,113,136,296,good
3674,105,135,351,good
3683,124,133,337,good
3658,123,136,333,good
3677,133,161,338,good
3705,119,123,341,good
3678,145,130,321,good
3695,123,135,330,good
3671,122,161,323,good
3705,138,124,374,good
3679,121,159,322,good
3678,108,132,347,good
3697,115,136,367,good
3697,128,148,359,good
3677,128,153,374,good
3678,121,124,368,good
3682,120,125,368,good
3678,106,133,357,good
3684,122,138,404,good
3676,121,146,432,good
3681,122,128,431,good
3688,124,106,447,good
3675,139,118,442,good
3683,89,122,436,good
3671,119,133,446,good
3680,120,116,447,good
3643,104,135,442,good
3682,120,146,459,good
3655,128,128,443,good
3683,119,131,430,good
3676,114,114,426,good
3682,120,135,414,good
3679,121,143,406,good
3658,117,248,409,good
3679,128,140,404,good
3676,112,135,385,good
3678,105,130,394,good
3656,123,147,368,good
3678,168,138,370,good
3763,131,138,333,good
3683,118,116,363,good
3662,122,134,362,good
3686,125,134,399,good
3681,114,128,398,good
3685,129,97,415,good
3697,98,159,413,good
3677,98,144,417,good
3663,123,95,412,good
3676,143,135,408,good
3671,127,93,395,good
3690,128,142,403,good
3660,129,142,392,good
3692,130,128,385,good
3686,126,137,362,good
3676,83,153,377,good
3657,124,136,379,good
3678,123,144,357,good
3671,134,133,370,good
3677,126,136,361,good
3689,122,84,355,good
3674,124,143,344,good
3678,135,135,346,good
3679,121,120,338,good
3667,121,134,336,good
3760,113,133,205,good
3659,124,152,326,good
3680,128,137,320,good
3676,125,128,289,good
3689,114,135,308,good
3662,122,280,310,good
3666,128,148,308,good
3678,282,135,297,good
3697,124,135,321,good
3687,106,129,316,good
3680,132,137,342,good
3669,33,158,341,good
3674,124,134,386,good
3649,126,141,387,good
3578,124,134,390,good
3677,125,136,380,good
3681,141,137,386,good
3680,122,164,390,good
3704,164,134,403,good
3677,116,137,500,good
3673,124,136,392,good
3678,121,154,372,good
3671,116,134,366,good
3676,122,134,359,good
3675,128,151,343,good
3670,123,138,344,good
3667,144,119,387,good
3692,111,136,391,good
3665,133,131,385,good
3657,128,147,402,good
3677,118,121,399,good
3643,121,136,382,good
3676,118,105,395,good
3680,121,137,378,good
3659,120,138,393,good
3681,144,131,369,good
3670,120,133,396,good
3665,118,134,361,good
3688,123,136,354,good
3667,124,133,366,good
3677,94,148,318,good
3678,135,136,350,good
3668,107,131,330,good
3677,120,68,382,good
3662,125,126,387,good
3675,113,148,384,good
3690,121,136,369,good
3670,96,132,382,good
3670,144,134,372,good
3656,125,140,387,good
3679,119,108,426,good
3680,124,129,412,good
3679,119,136,407,good
3678,114,138,401,good
3687,125,121,411,good
3676,123,124,398,good
3677,121,117,408,good
3676,122,152,395,good
3677,118,140,376,good
3648,113,164,370,good
3678,125,155,371,good
3676,95,137,313,good
3678,128,142,361,good
3681,120,156,400,good
3678,68,139,358,good
3675,123,136,362,good
3675,134,134,364,good
3652,128,145,334,good
3674,124,151,313,good
3679,139,148,330,good
3688,112,144,360,good
3677,120,138,312,good
3665,117,139,313,good
3695,128,233,311,good
3665,110,142,302,good
3676,240,150,301,good
3708,78,141,293,good
3681,126,130,289,good
3695,131,142,337,good
3677,120,141,329,good
3684,119,112,341,good
3676,124,141,339,good
3691,123,108,345,good
3680,116,132,330,good
3692,116,141,362,good
3694,111,119,383,good
3679,118,138,382,good
3682,102,120,383,good
3659,92,136,304,good
3685,167,139,375,good
3679,209,140,358,good
3678,126,144,357,good
3677,121,128,356,good
3677,111,141,350,good
3656,120,144,356,good
3656,124,139,344,good
3678,138,133,346,good
3678,124,154,353,good
3686,117,148,341,good
3694,120,75,348,good
3669,119,129,325,good
3679,185,130,320,good
3704,115,120,320,good
3672,135,141,316,good
3661,112,154,312,good
3679,107,141,356,good
3675,139,141,354,good
3739,120,144,359,good
3678,130,160,350,good
3679,112,148,348,good
3677,119,141,346,good
3812,99,138,388,good
3679,118,120,389,good
3663,113,139,392,good
3677,133,120,411,good
3673,131,142,401,good
3699,118,40,392,good
3659,117,130,389,good
3677,94,151,373,good
3675,148,140,376,good
3688,116,128,357,good
3723,119,143,370,good
3679,98,140,402,good
3671,111,184,424,good
3675,119,140,421,good
3674,134,152,416,good
3774,119,141,412,good
3676,117,156,420,good
3680,142,141,419,good
3679,119,145,422,good
3703,122,128,422,good
3671,118,135,413,good
3681,121,142,412,good
3656,120,142,408,good
3678,120,152,400,good
3687,120,246,400,good
3681,90,160,392,good
3679,129,138,458,good
3677,121,141,372,good
3673,108,162,356,good
3676,0,139,363,good
3677,93,149,365,good
3649,121,137,348,good
3681,120,146,346,good
3679,126,141,347,good
3677,0,136,338,good
3679,117,108,339,good
3671,107,140,330,good
3675,120,135,304,good
3672,102,165,331,good
3679,112,143,329,good
3681,122,123,324,good
3658,118,146,319,good
3679,120,139,332,good
3729,103,168,318,good
3683,110,140,324,good
3659,128,137,308,good
3661,116,131,305,good
3686,130,174,344,good
3684,120,138,334,good
3680,118,133,350,good
3681,119,137,334,good
3677,113,106,338,good
3653,109,149,328,good
3545,120,137,344,good
3677,120,153,316,good
3676,151,123,322,good
3689,118,136,321,good
3678,130,148,364,good
3677,118,133,369,good
3678,121,147,371,good
3676,138,139,370,good
3646,119,138,364,good
3681,117,134,362,good
3678,118,128,362,good
3670,119,145,367,good
3679,118,125,363,good
3671,91,133,360,good
3679,116,135,347,good
3679,115,135,342,good
3676,133,102,348,good
3681,129,150,368,good
3675,117,123,375,good
3663,121,137,375,good
3666,108,116,370,good
3679,101,143,381,good
3674,121,135,376,good
3691,104,137,361,good
3678,119,161,367,good
3678,120,143,389,good
3680,120,134,354,good
3674,126,128,495,good
3664,126,141,406,good
3675,119,136,402,good
3686,116,136,409,good
3684,154,137,406,good
3688,120,126,432,good
3600,116,136,304,good
3675,96,137,391,good
3679,126,136,422,good
3683,109,135,526,good
3687,114,126,430,good
3679,119,167,458,good
3679,112,136,471,good
3775,123,137,470,good
3676,122,128,478,good
3681,111,145,467,good
3677,90,139,472,good
3683,147,133,474,good
3694,112,135,468,good
3679,140,121,488,good
3681,129,140,510,good
3680,128,115,514,good
3677,141,138,481,good
3678,116,135,507,good
3677,141,132,496,good
3678,119,146,485,good
3681,119,124,494,good
3677,124,142,519,good
3680,120,136,562,good
3671,217,156,565,good
3677,120,136,562,good
3677,134,146,564,good
3723,108,134,555,good
3691,120,130,555,good
3667,105,136,544,good
3670,131,117,534,good
3667,195,137,530,good
3651,117,132,581,good
3677,128,113,585,good
3682,115,126,589,good
3677,121,144,584,good
3671,85,137,587,good
3677,116,136,574,good
3671,119,136,575,good
3674,130,138,578,good
3673,112,147,539,good
3676,85,124,628,good
3659,120,141,604,good
3673,0,138,596,good
3661,117,140,591,good
3661,128,128,600,good
3694,118,138,587,good
3671,123,167,612,good
3667,93,130,678,good
3647,121,128,612,good
3663,128,141,634,good
3674,114,138,634,good
3679,116,136,642,good
3667,116,138,646,good
3676,114,142,640,good
3668,117,149,620,good
3674,119,134,633,good
3677,219,146,621,good
3650,119,158,612,good
3678,120,137,642,good
3673,129,137,635,good
3677,110,147,616,good
3676,115,134,624,good
3673,120,166,619,good
3683,129,137,620,good
3675,139,114,604,good
3679,104,137,558,good
3669,95,228,581,good
3677,113,149,569,good
3685,117,54,559,good
3688,122,154,554,good
3684,118,143,560,good
3681,103,165,528,good
3683,120,141,601,good
3679,117,137,579,good
3678,109,136,604,good
3666,117,192,688,good
3675,96,137,670,good
3679,137,140,675,good
3677,116,135,676,good
3678,117,111,682,good
3676,119,139,675,good
3679,120,128,655,good
3663,86,116,672,good
3683,118,146,661,good
3674,144,134,722,good
3659,111,148,725,good
3689,114,136,719,good
3669,116,131,705,good
3675,122,135,724,good
3675,129,138,721,good
3680,106,138,714,good
3683,121,138,711,good
3677,121,155,697,good
3677,119,124,686,good
3662,120,126,668,good
3681,121,114,674,good
3676,126,145,651,good
3693,121,137,646,good
3675,118,147,638,good
3696,107,154,623,good
3774,118,135,615,good
3683,89,140,600,good
3679,120,138,588,good
3668,117,131,572,good
3658,136,122,605,good
3679,124,122,560,good
3679,122,141,557,good
3693,116,116,539,good
3666,131,153,527,good
3678,119,134,514,good
3680,119,134,508,good
3696,110,121,555,good
3675,122,161,533,good
3705,151,151,529,good
3821,119,134,538,good
3680,117,134,510,good
3661,124,128,519,good
3670,120,164,513,good
3677,119,143,513,good
3679,130,138,502,good
3674,118,137,494,good
3677,138,110,503,good
3677,100,138,473,good
3752,132,137,575,good
3680,121,143,460,good
3678,122,129,459,good
3678,123,138,444,good
3673,120,141,430,good
3649,122,135,418,good
3707,121,138,422,good
3685,120,101,423,good
3675,117,139,400,good
3676,117,137,391,good
3679,118,145,388,good
3689,116,134,395,good
3679,126,112,378,good
3678,109,113,376,good
3701,115,114,369,good
3679,117,135,363,good
3683,137,129,360,good
3677,126,139,346,good
3678,116,113,333,good
3662,121,92,339,good
3682,115,153,321,good
3678,118,123,330,good
3677,120,121,330,good
3679,133,141,312,good
3680,219,138,315,good
3674,137,128,318,good
3678,107,150,306,good
3678,111,136,300,good
3678,119,129,291,good
3653,105,136,265,good
3667,120,134,281,good
3686,68,137,277,good
3681,117,124,278,good
3659,113,147,270,good
3679,115,123,270,good
3666,121,133,257,good
3693,94,134,260,good
3680,119,136,256,good
3662,105,104,256,good
3683,124,138,251,good
3675,121,134,246,good
3649,127,153,251,good
3670,121,136,223,good
3683,121,192,247,good
3678,134,137,240,good
3695,127,212,242,good
3680,121,141,234,good
3674,132,136,237,good
3755,132,137,225,good
3680,103,144,283,good
3700,129,129,281,good
3679,131,134,281,good
3691,99,149,276,good
3673,133,137,272,good
3703,125,130,276,good
3675,129,139,391,good
3673,116,136,281,good
3684,128,73,271,good
3689,128,132,266,good
3680,143,139,266,good
3677,129,124,267,good
3677,120,131,253,good
3675,131,135,256,good
3679,133,135,260,good
3691,118,214,316,good
3672,96,133,309,good
3681,128,136,307,good
3704,128,137,323,good
3695,126,135,338,good
3653,116,153,311,good
3684,128,113,332,good
3767,146,134,369,good
3700,122,134,300,good
3681,128,123,299,good
3639,128,136,285,good
3679,156,134,299,good
3676,130,167,305,good
3695,129,135,310,good
3677,123,132,282,good
3680,114,133,288,good
3663,134,137,269,good
3677,98,135,280,good
3677,124,148,296,good
3681,114,133,266,good
3674,128,134,278,good
3651,134,137,370,good
3680,173,136,256,good
3678,125,124,257,good
3680,155,120,254,good
3662,151,138,247,good
3683,128,120,253,good
3678,124,135,254,good
3654,126,154,238,good
3683,125,132,290,good
3677,125,136,290,good
3678,129,136,288,good
3670,137,125,283,good
3686,97,135,363,good
3659,148,136,292,good
3667,126,125,275,good
3666,128,136,293,good
3729,124,138,286,good
3672,102,133,396,good
3676,117,133,316,good
3678,122,129,334,good
3679,128,125,317,good
3693,125,134,309,good
3681,130,145,312,good
3677,128,135,315,good
3677,142,122,327,good
3679,122,153,386,good
3676,43,151,427,good
3677,127,136,410,good
3672,130,144,414,good
3675,135,133,424,good
3677,128,163,429,good
3680,126,77,448,good
3661,119,146,432,good
3686,128,32,438,good
3675,129,132,402,good
3704,126,133,422,good
3599,132,136,415,good
3681,128,144,419,good
3662,100,152,398,good
3680,125,135,402,good
3685,140,134,413,good
3682,185,135,388,good
3678,128,148,387,good
3667,142,134,446,good
3700,126,135,457,good
3672,146,126,458,good
3635,127,136,458,good
3675,121,109,461,good
3681,124,117,466,good
3684,114,133,464,good
3648,125,133,483,good
3687,117,134,500,good
3658,123,114,506,good
3688,101,130,572,good
3676,111,144,499,good
3684,117,139,489,good
3653,122,135,492,good
3674,208,123,487,good
3668,126,144,482,good
3663,131,133,472,good
3668,109,164,473,good
3669,129,146,476,good
3681,106,140,522,good
3686,141,137,453,good
3672,115,177,432,good
3683,136,128,443,good
3679,132,145,428,good
3676,140,141,420,good
3679,124,130,437,good
3682,99,139,426,good
3680,95,140,422,good
3671,128,136,406,good
3676,123,136,410,good
3681,133,135,400,good
3681,125,139,389,good
3672,136,124,377,good
3677,121,129,397,good
3679,140,134,375,good
3660,120,164,370,good
3692,99,132,368,good
3675,112,136,358,good
3698,122,136,351,good
3685,242,134,342,good
3740,135,137,364,good
3818,122,134,400,good
3689,119,196,400,good
3707,128,112,389,good
3680,111,152,439,good
3678,134,133,527,good
3673,128,161,480,good
3677,123,133,490,good
3682,196,134,502,good
3730,124,136,502,good
3666,134,125,504,good
3670,122,155,507,good
3697,117,134,499,good
3686,122,129,496,good
3678,124,137,492,good
3678,107,134,479,good
3669,123,124,478,good
3684,125,120,460,good
3698,117,136,468,good
3678,121,146,452,good
3654,122,133,443,good
3687,115,130,444,good
3682,242,135,444,good
3681,128,140,461,good
3673,108,133,429,good
3681,110,132,422,good
3681,149,125,426,good
3680,96,134,459,good
3744,124,134,461,good
3674,122,140,436,good
3705,124,132,455,good
3676,144,108,461,good
3679,123,129,453,good
3671,118,144,453,good
3674,108,137,430,good
3687,151,149,459,good
3680,121,134,488,good
3684,120,130,514,good
3685,124,134,498,good
3701,118,147,538,good
3673,135,142,529,good
3687,99,136,542,good
3680,121,136,554,good
3678,122,132,549,good
3679,151,131,546,good
3675,133,74,550,good
3684,121,118,556,good
3681,125,139,563,good
3669,137,112,554,good
3682,126,138,533,good
3666,121,167,525,good
3679,124,114,509,good
3674,122,133,493,good
3718,124,134,504,good
3666,112,136,468,good
3690,108,200,477,good
3652,137,136,464,good
3676,110,133,446,good
3679,0,137,448,good
3671,130,132,438,good
3680,123,129,440,good
3661,116,132,424,good
3683,132,131,421,good
3678,122,128,396,good
3675,138,129,410,good
3655,122,130,393,good
3688,96,140,392,good
3682,122,141,382,good
3656,119,138,373,good
3671,117,131,405,good
3675,121,138,375,good
3671,121,136,359,good
3676,124,138,417,good
3677,129,130,407,good
3695,124,130,407,good
3687,121,167,400,good
3678,118,144,322,good
3672,118,136,393,good
3701,128,137,411,good
3646,119,157,367,good
3679,126,125,386,good
3671,150,99,378,good
3677,119,138,372,good
3696,124,131,366,good
3642,123,130,350,good
3678,100,143,355,good
3690,134,140,343,good
3675,126,154,346,good
3673,132,134,359,good
3691,113,137,340,good
3675,109,144,327,good
3663,108,134,379,good
3679,140,132,442,good
3607,106,135,328,good
3680,123,137,342,good
3673,141,138,326,good
3712,125,141,341,good
3701,117,147,340,good
3677,121,132,333,good
3677,124,142,324,good
3670,92,134,297,good
3675,126,133,323,good
3689,118,111,326,good
3679,126,124,314,good
3661,122,144,304,good
3675,95,121,303,good
3674,134,137,285,good
3629,128,137,344,good
3669,123,184,340,good
3673,128,141,377,good
3664,148,139,390,good
3681,122,137,381,good
3683,128,136,387,good
3649,125,138,388,good
3701,124,139,386,good
3678,129,135,393,good
3683,125,130,380,good
3679,127,136,375,good
3676,126,133,376,good
3676,129,121,371,good
3680,121,136,363,good
3704,120,146,359,good
3656,121,142,356,good
3678,128,138,351,good
3685,138,136,345,good
3675,124,135,331,good
3676,131,136,335,good
3679,126,128,331,good
3708,126,136,376,good
3678,117,134,370,good
3677,114,133,390,good
3655,122,79,373,good
3676,121,138,285,good
3674,131,132,372,good
3680,103,135,364,good
3702,125,129,377,good
3677,107,135,349,good
3690,128,138,373,good
3672,120,134,346,good
3677,141,126,345,good
3674,125,124,343,good
3697,126,136,320,good
3674,135,136,326,good
3686,144,119,319,good
3678,118,136,317,good
3651,121,139,309,good
3677,113,138,323,good
3688,96,118,304,good
3690,153,138,296,good
3677,123,131,300,good
3679,128,132,284,good
3681,0,138,281,good
3680,128,138,276,good
3677,128,127,279,good
3676,114,135,314,good
3659,129,138,301,good
3680,128,137,294,good
3665,128,128,311,good
3683,117,138,308,good
3667,124,146,272,good
3675,123,157,292,good
3683,135,177,282,good
3677,124,138,283,good
3677,121,148,281,good
3677,114,132,261,good
3680,115,132,278,good
3678,129,168,270,good
3551,124,133,269,good
3683,124,140,295,good
3679,122,129,273,good
3681,129,137,277,good
3675,128,145,268,good
3677,125,125,264,good
3677,66,158,263,good
3684,118,132,254,good
3669,118,136,260,good
3696,114,120,251,good
3647,126,134,223,good
3679,95,139,241,good
3674,123,134,238,good
3670,124,152,234,good
3679,123,133,232,good
3676,133,136,232,good
3677,100,132,123,good
3679,123,130,222,good
3669,122,132,205,good
3681,136,140,270,good
3693,122,136,212,good
3678,125,107,210,good
3679,131,136,213,good
3678,131,122,217,good
3679,122,121,214,good
3704,120,136,211,good
3677,145,136,198,good
3677,120,128,198,good
3677,120,112,198,good
3677,118,132,203,good
3681,89,123,192,good
3673,125,135,200,good
3673,124,248,189,good
3677,129,153,183,good
3675,121,136,215,good
3683,138,137,180,good
3668,117,145,202,good
3679,124,118,187,good
3677,124,135,192,good
3690,149,135,192,good
3654,119,205,187,good
3679,129,135,182,good
3677,133,130,245,good
3681,125,134,176,good
3695,127,120,202,good
3650,126,134,169,good
3681,126,105,175,good
3662,124,124,180,good
3683,123,105,172,good
3672,132,148,154,good
3697,123,133,164,good
3687,132,104,173,good
3680,59,134,162,good
3669,149,124,140,good
3655,123,202,168,good
3682,131,138,142,good
3688,121,136,160,good
3681,130,131,160,good
3676,128,256,146,good
3703,136,115,157,good
3661,129,149,164,good
3678,128,113,151,good
3682,184,135,154,good
3678,126,130,137,good
3671,108,161,153,good
3679,128,134,177,good
3679,125,131,242,good
3677,116,136,249,good
3673,119,144,239,good
3680,127,126,264,good
3677,104,136,273,good
3686,128,135,282,good
3678,126,134,317,good
3674,144,138,310,good
3640,129,137,327,good
3696,120,119,336,good
3676,174,136,334,good
3671,98,133,340,good
3681,128,137,332,good
3636,124,133,333,good
3682,115,137,382,good
3676,123,148,304,good
3608,140,134,326,good
3677,122,134,308,good
3682,123,125,296,good
3678,71,143,290,good
3681,125,132,292,good
3679,138,135,296,good
3675,121,133,300,good
3738,110,133,300,good
3686,115,133,252,good
3677,126,128,307,good
3672,124,115,302,good
3671,120,133,299,good
3677,123,131,295,good
3683,124,147,292,good
3680,128,133,288,good
3674,136,132,284,good
3680,131,135,284,good
3676,135,139,282,good
3672,118,135,279,good
3679,121,130,276,good
3657,122,130,268,good
3677,134,134,267,good
3680,124,132,272,good
3691,124,135,262,good
3669,143,88,257,good
3709,123,114,258,good
3675,123,138,261,good
3681,123,136,241,good
3676,141,124,248,good
3657,126,133,247,good
3692,136,134,250,good
3671,114,133,258,good
3673,154,134,247,good
3684,124,89,232,good
3681,124,134,145,good
3678,121,119,242,good
3681,113,132,230,good
3698,91,133,237,good
3681,41,134,283,good
3676,122,133,275,good
3684,111,134,302,good
3680,122,130,291,good
3676,107,129,272,good
3695,122,128,278,good
3665,120,131,286,good
3669,112,146,277,good
3690,123,112,277,good
3651,122,134,253,good
3679,125,133,267,good
3674,134,131,248,good
3677,95,130,197,good
3679,111,142,258,good
3682,117,132,236,good
3688,121,130,256,good
3661,122,129,243,good
3677,257,144,248,good
3680,133,135,240,good
3673,138,148,220,good
3679,149,136,233,good
3678,133,127,320,good
3683,145,140,206,good
3689,128,122,235,good
3667,131,92,208,good
3652,129,134,224,good
3677,218,146,222,good
3663,128,132,218,good
3677,118,132,216,good
3682,125,125,220,good
3783,128,136,212,good
3681,127,124,160,good
3680,126,133,211,good
3677,116,128,256,good
3681,283,132,260,good
3696,113,131,258,good
3682,125,137,258,good
3680,125,136,251,good
3679,128,108,258,good
3690,97,157,260,good
3677,248,128,261,good
3676,123,140,256,good
3672,126,133,262,good
3674,137,116,319,good
3679,125,132,315,good
3667,142,135,228,good
3677,128,136,322,good
3679,97,133,326,good
3675,137,132,316,good
3679,130,139,333,good
3654,125,133,272,good
3683,125,130,323,good
3687,139,173,308,good
3663,105,133,332,good
3700,109,125,308,good
3661,122,140,299,good
3679,120,132,293,good
3676,41,129,337,good
3742,126,132,336,good
3709,128,120,336,good
3674,121,131,346,good
3682,122,135,343,good
3677,106,129,350,good
3680,121,129,339,good
3677,114,132,365,good
3687,126,131,336,good
3676,121,133,339,good
3701,114,131,326,good
3694,120,113,326,good
3677,95,149,374,good
3681,118,113,392,good
3678,122,136,388,good
3693,130,140,386,good
3678,121,107,402,good
3693,123,136,383,good
3665,123,151,389,good
3677,161,128,386,good
3678,124,130,378,good
3676,126,154,369,good
3666,131,121,378,good
3676,133,134,370,good
3707,120,160,363,good
3674,102,142,360,good
3679,134,138,350,good
3532,123,136,324,good
3679,120,141,333,good
3705,73,136,335,good
3679,123,140,329,good
3685,122,76,321,good
3675,120,139,320,good
3680,123,140,315,good
3680,0,140,313,good
3694,114,158,311,good
3675,95,134,320,good
3665,130,138,295,good
3677,141,142,291,good
3673,122,139,346,good
3676,116,135,351,good
3672,114,139,342,good
3648,124,139,345,good
3671,122,138,324,good
3678,107,136,340,good
3677,121,147,330,good
3676,119,142,329,good
3672,123,163,330,good
3682,117,151,330,good
3685,112,143,328,good
3697,107,142,315,good
3653,120,124,312,good
3664,120,148,318,good
3683,102,134,298,good
3678,121,146,349,good
3678,119,148,331,good
3678,134,139,353,good
3677,37,153,345,good
3746,122,138,339,good
3675,119,140,334,good
3671,103,150,330,good
3667,121,136,325,good
3678,116,137,354,good
3679,114,108,372,good
3653,112,146,368,good
3681,112,138,371,good
3669,117,134,359,good
3694,123,96,370,good
3672,119,136,358,good
3670,82,154,357,good
3675,132,111,367,good
3688,143,138,354,good
3689,112,137,352,good
3671,131,136,349,good
3678,113,134,401,good
3679,135,132,371,good
3675,123,130,378,good
3680,121,138,394,good
3667,119,136,366,good
3678,188,136,381,good
3681,119,153,361,good
3677,107,128,339,good
3674,98,134,372,good
3673,110,130,408,good
3679,110,136,410,good
3684,146,136,417,good
3673,154,137,409,good
3663,118,136,397,good
3676,140,129,415,good
3680,117,149,380,good
3679,121,129,416,good
3677,121,135,395,good
3675,96,140,386,good
3671,142,136,383,good
3681,91,136,385,good
3726,109,120,348,good
3682,119,147,364,good
3679,122,138,363,good
3665,117,136,355,good
3676,118,136,346,good
3682,124,128,390,good
3688,121,98,384,good
3677,123,126,392,good
3701,86,137,384,good
3685,143,140,373,good
3681,93,138,379,good
3678,102,133,375,good
3673,132,123,361,good
3677,110,141,372,good
3675,123,131,471,good
3675,123,136,405,good
3675,120,164,418,good
3648,130,147,409,good
3678,119,136,404,good
3679,117,155,410,good
3678,110,135,408,good
3663,126,130,403,good
3817,112,136,404,good
3687,146,135,433,good
3710,101,155,442,good
3677,117,135,433,good
3672,128,144,421,good
3655,120,144,414,good
3678,118,144,406,good
3681,119,134,420,good
3641,120,135,412,good
3677,122,154,405,good
3678,119,132,406,good
3677,145,132,400,good
3744,120,137,400,good
3617,134,128,396,good
3691,107,107,395,good
3680,117,137,369,good
3666,92,133,302,good
3674,128,125,347,good
3664,121,141,351,good
3679,106,136,348,good
3669,118,130,323,good
3669,92,138,410,good
3683,119,134,341,good
3671,121,136,324,good
3695,119,124,322,good
3716,131,139,312,good
3675,130,139,310,good
3675,119,142,309,good
3692,110,172,312,good
3668,97,139,299,good
3675,182,152,295,good
3681,120,139,280,good
3676,120,138,282,good
3691,123,149,282,good
3676,114,145,280,good
3679,138,137,272,good
3673,129,168,272,good
3685,126,139,286,good
3689,134,181,264,good
3678,143,134,260,good
3664,140,146,256,good
3667,126,138,258,good
3689,140,111,252,good
3678,27,138,244,good
3701,122,140,256,good
3657,196,137,240,good
3704,126,134,239,good
3680,126,123,242,good
3677,125,141,227,good
3680,125,144,234,good
3678,34,136,230,good
3680,135,136,226,good
3678,153,136,226,good
3679,122,113,228,good
3679,128,138,218,good
3678,128,130,239,good
3661,131,120,224,good
3691,149,139,201,good
3680,128,130,210,good
3657,124,140,210,good
3697,125,137,204,good
3678,126,137,200,good
3676,134,133,181,good
3652,142,145,198,good
3679,148,139,191,good
3677,131,137,203,good
3675,113,140,203,good
3679,152,129,197,good
3676,118,133,186,good
3687,125,136,184,good
3663,133,140,168,good
3683,123,134,179,good
3679,130,139,187,good
3676,101,148,169,good
3678,96,139,177,good
3680,131,166,175,good
3682,122,138,171,good
3678,128,133,177,good
3680,0,138,171,good
3680,131,128,174,good
3678,126,132,175,good
3693,128,140,164,good
3680,126,132,167,good
3680,129,140,171,good
3674,125,135,166,good
3686,123,129,166,good
3690,128,137,149,good
3677,125,136,154,good
3678,137,129,161,good
3680,130,148,163,good
3705,126,137,164,good
3665,115,138,158,good
3677,133,126,167,good
3676,121,132,146,good
3710,132,136,161,good
3593,116,137,156,good
3673,131,141,166,good
3674,140,129,158,good
3683,123,148,184,good
3679,135,132,237,good
3677,132,134,227,good
3675,135,144,232,good
3656,130,138,234,good
3670,129,137,226,good
3687,130,114,236,good
3686,96,133,236,good
3673,133,139,300,good
3681,128,137,304,good
3679,139,137,314,good
3679,110,162,320,good
3681,128,149,348,good
3651,124,139,364,good
3679,134,136,368,good
3681,152,130,381,good
3677,0,138,380,good
3677,125,136,384,good
3559,128,136,370,good
3689,126,136,404,good
3678,121,135,396,good
3680,128,134,388,good
3663,138,139,373,good
3659,132,136,364,good
3675,126,102,370,good
3673,124,135,360,good
3680,125,120,401,good
3675,121,138,393,good
3680,129,137,402,good
3677,114,133,396,good
3686,114,136,388,good
3691,124,126,384,good
3717,124,145,368,good
3661,126,132,375,good
3671,111,134,399,good
3667,122,135,377,good
3657,125,134,371,good
3661,118,126,368,good
3684,128,137,362,good
3676,128,145,358,good
3683,129,136,346,good
3657,126,128,330,good
3688,145,128,394,good
3682,125,134,386,good
3694,114,210,390,good
3678,124,133,394,good
3672,100,133,373,good
3741,122,134,373,good
3678,115,151,365,good
3764,117,134,252,good
3673,121,139,365,good
3685,142,139,391,good
3679,128,147,356,good
3645,123,124,363,good
3668,126,138,367,good
3675,110,147,339,good
3675,138,138,281,good
3681,124,108,336,good
3694,125,133,307,good
3687,121,137,320,good
3676,224,113,347,good
3685,122,135,348,good
3679,113,137,348,good
3686,119,151,324,good
3677,138,136,337,good
3674,137,113,334,good
3529,118,135,315,good
3702,121,128,395,good
3681,117,155,362,good
3703,124,126,377,good
3777,145,131,431,good
3706,117,157,374,good
3675,123,135,364,good
3690,122,137,363,good
3679,122,130,356,good
3664,134,136,338,good
3677,122,126,356,good
3679,134,133,344,good
3676,126,137,356,good
3666,124,120,344,good
3678,133,137,338,good
3679,143,130,413,good
3676,136,136,310,good
3682,131,136,334,good
3698,132,146,321,good
3695,134,110,320,good
3680,138,142,318,good
3696,120,138,305,good
3669,164,132,307,good
3645,138,121,302,good
3679,136,135,296,good
3648,134,154,292,good
3674,141,136,279,good
3681,149,140,270,good
3761,138,134,297,good
3674,158,123,260,good
3677,128,134,329,good
3699,129,134,268,good
3665,152,162,251,good
3650,164,135,266,good
3677,164,156,261,good
3679,161,132,251,good
3679,143,134,261,good
3669,156,122,281,good
3677,161,136,240,good
3676,162,149,238,good
3679,177,136,230,good
3678,156,133,237,good
3681,153,140,244,good
3677,160,126,239,good
3707,149,142,232,good
3683,142,144,234,good
3684,151,134,232,good
3677,161,131,226,good
3674,150,134,225,good
3678,153,134,228,good
3681,161,142,207,good
3660,160,130,208,good
3681,164,138,217,good
3697,148,137,211,good
3673,158,131,217,good
3678,125,158,212,good
3728,165,109,213,good
3678,154,135,257,good
3704,152,124,277,good
3681,147,136,256,good
3677,152,130,259,good
3672,171,133,249,good
3678,147,142,257,good
3674,176,132,249,good
3677,147,133,250,good
3690,139,120,240,good
3677,20,136,279,good
3678,144,125,318,good
3634,131,126,273,good
3659,151,128,298,good
3671,145,113,308,good
3676,115,130,318,good
3679,168,128,305,good
3658,142,128,293,good
3695,143,132,293,good
3677,129,119,296,good
3649,145,132,276,good
3683,146,132,272,good
3656,130,162,284,good
3679,141,134,284,good
3680,118,132,342,good
3677,138,128,288,good
3676,148,128,282,good
3680,153,133,262,good
3651,141,139,324,good
3703,136,134,319,good
3679,142,74,320,good
3671,135,128,318,good
3676,139,109,316,good
3677,139,128,309,good
3676,136,135,311,good
3678,146,134,311,good
3677,121,134,346,good
3676,139,137,309,good
3684,133,138,310,good
3677,136,134,298,good
3687,152,116,295,good
3675,150,116,296,good
3679,136,160,274,good
3679,144,138,261,good
3659,125,183,280,good
3681,157,116,286,good
3683,133,134,283,good
3683,132,119,261,good
3674,226,136,265,good
3679,132,136,261,good
3650,133,134,230,good
3679,146,134,245,good
3651,141,138,176,good
3701,130,134,263,good
3691,135,149,246,good
3677,128,111,252,good
3680,135,151,244,good
3678,133,131,258,good
3669,112,113,242,good
3679,130,136,237,good
3664,143,133,235,good
3657,150,139,230,good
3754,134,136,187,good
3681,114,149,283,good
3680,126,107,286,good
3667,130,134,272,good
3679,130,136,280,good
3692,130,143,281,good
3677,128,136,279,good
3655,125,120,280,good
3668,118,90,297,good
3677,124,126,277,good
3701,131,144,268,good
3680,128,107,273,good
3697,129,6,259,good
3678,132,136,258,good
3688,125,125,253,good
3679,117,131,298,good
3667,123,131,293,good
3654,119,91,299,good
3681,123,104,300,good
3678,102,133,334,good
3679,131,139,360,good
3665,141,136,337,good
3690,126,115,341,good
3682,139,121,413,good
3680,124,135,342,good
3699,129,142,331,good
3679,126,139,337,good
3679,104,132,338,good
3668,110,128,341,good
3685,125,133,344,good
3680,132,128,338,good
3676,132,150,343,good
3687,122,133,356,good
3676,131,123,363,good
3678,120,126,367,good
3677,101,148,339,good
3679,122,125,374,good
3678,128,133,328,good
3688,112,190,355,good
3671,131,131,349,good
3675,122,141,348,good
3678,128,154,352,good
3681,156,125,354,good
3677,128,131,334,good
3654,131,138,326,good
3645,123,151,312,good
3679,125,144,296,good
3677,128,128,336,good
3659,128,132,303,good
3670,96,135,315,good
3674,177,134,332,good
3677,126,107,359,good
3672,111,130,367,good
3676,106,133,388,good
3675,116,139,404,good
3680,126,133,396,good
3676,119,141,400,good
3712,124,109,400,good
3679,117,133,391,good
3679,138,128,513,good
3679,124,136,435,good
3706,126,122,464,good
3706,128,148,457,good
3676,126,136,429,good
3671,124,112,435,good
3676,98,134,433,good
3668,125,131,411,good
3677,124,136,427,good
3679,115,117,462,good
3674,137,133,469,good
3677,126,139,488,good
3691,139,103,509,good
3673,118,134,501,good
3678,136,126,507,good
3708,111,138,512,good
3692,128,137,523,good
3673,134,132,510,good
3678,149,134,497,good
3679,155,133,483,good
3644,130,134,487,good
3661,136,129,488,good
3667,128,141,480,good
3678,131,160,486,good
3677,113,140,461,good
3679,128,134,461,good
3669,138,168,453,good
3688,126,123,446,good
3653,133,136,348,good
3654,129,151,410,good
3677,144,122,414,good
3674,141,111,422,good
3686,119,128,401,good
3677,46,136,395,good
3690,126,136,393,good
3674,126,136,385,good
3677,100,148,372,good
3664,128,127,372,good
3678,119,143,362,good
3682,144,138,357,good
3665,113,158,346,good
3689,111,136,343,good
3652,128,134,320,good
3650,134,129,312,good
3674,128,141,330,good
3636,104,152,283,good
3679,134,138,194,good
3784,127,130,314,good
3699,130,138,376,good
3691,123,134,380,good
3695,106,134,377,good
3671,129,133,351,good
3678,119,142,397,good
3686,124,132,357,good
3680,123,133,368,good
3699,107,132,365,good
3681,138,131,366,good
3683,119,134,363,good
3676,123,136,353,good
3695,124,49,361,good
3678,135,133,248,good
3682,122,137,349,good
3688,125,135,334,good
3668,120,133,333,good
3679,153,128,320,good
3575,123,130,315,good
3681,114,122,319,good
3666,141,133,293,good
3675,121,128,301,good
3679,114,135,212,good
3680,111,134,308,good
3755,142,120,336,good
3681,110,132,290,good
3673,146,137,290,good
3659,129,144,290,good
3706,125,136,260,good
3679,114,129,279,good
3680,125,138,274,good
3684,124,138,296,good
3659,129,135,266,good
3678,129,166,271,good
3694,129,128,261,good
3675,121,134,266,good
3680,128,137,313,good
3680,130,133,325,good
3663,151,128,307,good
3681,142,148,311,good
3673,144,142,317,good
3673,128,158,310,good
3681,138,78,318,good
3668,136,138,356,good
3741,143,141,382,good
3665,147,136,356,good
3679,136,141,392,good
3680,142,138,407,good
3676,104,138,410,good
3677,138,110,408,good
3693,136,106,407,good
3681,134,138,399,good
3671,131,138,394,good
3691,124,145,399,good
3678,139,138,389,good
3677,148,155,393,good
3669,136,141,388,good
3665,130,156,384,good
3678,138,138,388,good
3651,130,153,423,good
3686,113,156,410,good
3679,138,131,418,good
3677,128,141,420,good
3692,138,0,411,good
3687,137,155,402,good
3680,137,136,401,good
3661,130,139,400,good
3685,134,149,384,good
3698,136,135,393,good
3677,145,148,391,good
3684,117,136,380,good
3679,135,149,379,good
3676,141,113,389,good
3680,132,109,371,good
3678,126,106,357,good
3672,140,168,351,good
3679,131,122,352,good
3679,106,115,353,good
3672,132,145,345,good
3663,136,135,368,good
3764,134,139,436,good
3677,130,124,432,good
3677,136,139,431,good
3683,129,121,445,good
3661,126,205,436,good
3667,131,137,436,good
3687,132,109,450,good
3695,129,139,435,good
3690,130,122,417,good
3661,122,133,414,good
3671,132,165,411,good
3676,130,133,410,good
3693,129,134,409,good
3695,133,119,409,good
3676,128,135,393,good
3695,130,106,394,good
3684,111,150,382,good
3683,128,146,390,good
3642,140,145,442,good
3678,130,109,371,good
3665,130,165,355,good
3678,129,125,354,good
3682,150,134,339,good
3652,124,121,344,good
3674,126,155,341,good
3671,130,144,333,good
3526,126,132,368,good
3677,117,141,351,good
3727,134,136,361,good
3662,128,134,355,good
3703,99,152,363,good
3675,140,124,353,good
3547,122,140,392,good
3660,128,134,339,good
3677,137,138,347,good
3681,130,134,348,good
3677,129,136,337,good
3638,133,109,342,good
3680,138,132,307,good
3669,122,136,312,good
3657,118,79,320,good
3679,126,136,292,good
3686,136,107,310,good
3555,125,131,352,good
3717,110,133,349,good
3679,124,129,347,good
3664,114,133,347,good
3674,126,136,355,good
3678,121,134,342,good
3699,126,266,382,good
3675,133,136,384,good
3679,122,132,368,good
3677,141,134,392,good
3677,135,130,384,good
3769,128,146,442,good
3667,113,134,389,good
3632,103,151,340,good
3662,119,65,371,good
3659,120,138,350,good
3622,123,133,370,good
3680,124,139,354,good
3678,124,134,355,good
3681,124,129,401,good
3677,133,136,400,good
3679,115,139,387,good
3680,125,136,387,good
3661,123,134,375,good
3678,135,132,383,good
3675,131,157,366,good
3679,129,149,400,good
3683,153,136,393,good
3699,116,136,400,good
3664,129,152,415,good
3661,125,136,405,good
3681,146,132,393,good
3677,124,135,387,good
3679,122,130,362,good
3674,118,135,393,good
3680,116,132,398,good
3673,111,137,361,good
3680,142,136,366,good
3676,123,131,370,good
3670,112,145,353,good
3684,102,134,346,good
3674,144,139,325,good
3673,124,133,336,good
3677,136,134,330,good
3683,107,145,327,good
3675,138,117,328,good
3564,129,144,388,good
3679,136,138,320,good
3656,108,150,307,good
3687,122,144,305,good
3677,126,126,363,good
3680,121,134,296,good
3676,128,133,278,good
3683,97,131,285,good
3662,119,88,282,good
3678,50,138,280,good
3691,133,142,272,good
3679,120,134,269,good
3700,106,150,276,good
3677,124,131,277,good
3676,99,124,271,good
3667,121,120,259,good
3680,141,125,251,good
3681,124,130,241,good
3671,119,163,242,good
3689,129,142,261,good
3680,128,125,242,good
3676,151,149,239,good
3796,126,133,254,good
3670,130,145,241,good
3686,134,128,279,good
3684,139,157,280,good
3686,160,137,270,good
3663,135,146,264,good
3677,139,118,288,good
3678,131,134,272,good
3705,139,138,274,good
3678,130,146,267,good
3679,108,155,272,good
3680,137,138,270,good
3681,133,135,266,good
3677,137,110,280,good
3661,142,144,260,good
3679,135,131,232,good
3672,141,117,261,good
3677,136,137,250,good
3690,166,131,243,good
3668,138,142,243,good
3679,138,132,237,good
3671,133,154,238,good
3693,136,134,250,good
3674,120,131,226,good
3666,137,132,238,good
3687,156,161,225,good
3685,135,138,229,good
3682,132,131,217,good
3675,149,109,235,good
3667,141,132,205,good
3675,138,134,220,good
3679,100,136,219,good
3705,135,134,217,good
3685,260,136,219,good
3673,132,108,219,good
3677,130,140,225,good
3679,152,122,226,good
3674,139,164,211,good
3675,143,132,205,good
3665,138,135,170,good
3656,130,141,188,good
3679,130,135,198,good
3677,107,145,185,good
3654,130,136,195,good
3657,126,133,219,good
3694,137,133,194,good
3679,141,156,197,good
3702,108,149,200,good
3683,121,133,186,good
3669,128,128,216,good
3681,128,116,193,good
3692,150,128,194,good
3691,130,118,189,good
3674,142,135,181,good
3657,131,120,183,good
3677,137,134,155,good
3676,112,133,156,good
3674,138,133,235,good
3676,143,129,302,good
3694,134,266,226,good
3677,144,135,234,good
3676,130,108,220,good
3677,151,132,216,good
3643,129,151,260,good
3697,137,135,277,good
3678,131,137,245,good
3677,132,141,287,good
3675,139,140,274,good
3674,120,138,290,good
3688,159,128,284,good
3679,124,130,299,good
3666,131,133,338,good
3675,133,136,354,good
3663,135,136,355,good
3679,133,142,345,good
3667,127,139,344,good
3649,136,134,339,good
3679,132,132,343,good
3677,135,262,349,good
3677,131,147,366,good
3664,133,198,341,good
3704,128,150,334,good
3677,133,112,346,good
3678,121,155,331,good
3681,132,128,336,good
3671,228,137,310,good
3677,134,134,317,good
3687,136,196,316,good
3643,131,133,333,good
3675,125,136,321,good
3648,122,158,302,good
3675,132,132,297,good
3682,130,136,292,good
3681,154,122,299,good
3677,52,144,285,good
3682,148,134,273,good
3687,136,100,283,good
3542,113,130,160,good
3679,138,123,275,good
3680,137,132,266,good
3681,136,134,341,good
3690,136,93,333,good
3705,138,136,335,good
3706,136,136,339,good
3677,148,100,347,good
3672,135,123,330,good
3674,151,121,326,good
3679,136,133,341,good
3669,132,139,305,good
3681,116,137,326,good
3647,136,148,322,good
3695,130,130,314,good
3650,137,155,313,good
3679,106,134,305,good
3673,109,144,303,good
3678,120,148,290,good
3710,135,135,326,good
3676,116,136,334,good
3696,121,119,340,good
3679,134,130,327,good
3675,144,132,339,good
3675,139,135,310,good
3678,124,144,230,good
3662,160,130,308,good
3703,132,135,315,good
3686,126,121,318,good
3658,122,181,316,good
3709,138,117,314,good
3679,130,134,306,good
3672,126,146,318,good
3698,117,134,294,good
3683,122,156,281,good
3676,131,124,305,good
3567,130,130,284,good
3679,138,135,285,good
3679,139,26,295,good
3678,113,133,276,good
3673,105,131,220,good
3679,122,144,270,good
3673,125,106,282,good
3662,124,133,263,good
3680,128,135,244,good
3667,121,185,258,good
3676,128,119,256,good
3663,85,152,242,good
3703,120,133,244,good
3685,124,140,243,good
3683,131,139,220,good
3674,128,132,238,good
3675,125,130,225,good
3678,128,136,228,good
3675,205,133,226,good
3661,128,140,226,good
3671,133,125,210,good
3686,124,122,220,good
3775,128,128,221,good
3678,97,147,234,good
3682,128,135,266,good
3694,115,179,276,good
3661,122,144,272,good
3709,122,135,270,good
3658,125,151,251,good
3679,128,134,273,good
3690,100,129,324,good
3582,104,132,139,good
3685,124,71,278,good
3706,122,132,260,good
3668,133,131,261,good
3680,125,128,252,good
3673,125,120,254,good
3679,122,150,251,good
3703,123,129,258,good
3672,118,144,242,good
3687,160,134,249,good
3691,125,126,250,good
3692,115,105,257,good
3707,124,132,215,good
3704,144,143,240,good
3545,109,130,104,good
3681,130,133,230,good
3680,113,138,226,good
3680,122,153,228,good
3677,142,136,230,good
3784,132,133,230,good
3707,133,134,220,good
3683,152,132,212,good
3681,158,133,218,good
3697,130,133,207,good
3666,130,133,198,good
3665,121,133,203,good
3680,149,128,199,good
3679,133,133,195,good
3661,122,140,190,good
3696,129,133,192,good
3684,110,132,233,good
3678,126,139,181,good
3761,117,130,59,good
3682,36,129,184,good
3694,116,118,182,good
3687,126,128,176,good
3677,121,119,182,good
3684,126,141,174,good
3678,128,141,177,good
3680,99,146,174,good
3666,126,91,174,good
3679,122,125,189,good
3706,123,152,174,good
3682,0,133,170,good
3679,130,135,168,good
3705,128,134,162,good
3677,132,125,292,good
3664,111,154,220,good
3683,124,124,236,good
3678,121,134,182,good
3679,140,118,245,good
3677,130,155,225,good
3683,126,131,231,good
3655,126,138,226,good
3686,129,134,232,good
3681,101,131,231,good
3654,113,133,211,good
3682,142,122,227,good
3652,124,132,212,good
3679,111,130,214,good
3677,133,147,217,good
3678,118,130,212,good
3677,15,132,210,good
3677,127,138,200,good
3694,129,126,216,good
3678,125,118,204,good
3677,124,115,201,good
3669,128,131,193,good
3675,126,123,224,good
3661,138,138,208,good
3672,108,133,145,good
3685,125,123,200,good
3679,130,160,205,good
3680,131,134,195,good
3684,135,135,209,good
3675,104,132,190,good
3678,132,132,168,good
3665,142,136,186,good
3690,128,256,191,good
3679,114,144,184,good
3691,157,142,182,good
3677,130,141,180,good
3701,135,124,182,good
3681,132,137,189,good
3679,115,129,186,good
3681,128,134,174,good
3710,135,136,180,good
3698,144,119,182,good
3677,136,160,164,good
3668,140,128,181,good
3680,119,165,213,good
3674,151,143,215,good
3676,197,158,221,good
3667,131,137,222,good
3680,129,137,222,good
3670,130,153,231,good
3679,167,129,239,good
3689,118,137,227,good
3705,122,138,224,good
3660,140,94,226,good
3713,135,138,223,good
3683,186,116,220,good
3682,135,135,218,good
3679,132,137,219,good
3654,136,134,212,good
3688,129,104,224,good
3675,128,157,214,good
3679,134,137,208,good
3692,136,137,218,good
3692,129,108,214,good
3682,162,138,191,good
3687,131,123,245,good
3677,137,160,247,good
3666,128,148,226,good
3701,88,137,246,good
3645,135,136,248,good
3678,137,147,272,good
3654,135,136,160,good
3680,138,140,250,good
3677,141,131,242,good
3679,139,134,251,good
3691,139,138,244,good
3669,138,140,216,good
3676,158,138,238,good
3693,138,60,241,good
3682,106,136,234,good
3677,131,137,232,good
3681,123,154,235,good
3687,134,136,224,good
3689,137,126,248,good
3691,120,142,283,good
3679,134,134,278,good
3648,151,137,279,good
3678,145,144,280,good
3693,115,134,292,good
3661,136,93,284,good
3674,107,140,260,good
3755,152,137,308,good
3683,166,135,274,good
3669,121,128,296,good
3680,134,129,265,good
3680,113,134,300,good
3677,158,133,264,good
3680,130,136,248,good
3672,169,125,276,good
3671,128,134,251,good
3677,149,134,247,good
3679,135,149,300,good
3665,136,138,301,good
3679,180,148,286,good
3689,107,139,299,good
3676,125,124,299,good
3663,128,211,300,good
3678,130,136,294,good
3674,133,132,277,good
3691,131,132,292,good
3667,126,136,286,good
3674,131,128,283,good
3687,126,132,258,good
3671,101,134,282,good
3679,128,132,270,good
3682,98,134,270,good
3686,128,140,278,good
3687,149,134,262,good
3677,130,146,287,good
3763,149,133,328,good
3697,128,129,256,good
3679,131,133,260,good
3684,0,134,246,good
3677,126,116,242,good
3658,148,135,278,good
3673,137,108,291,good
3677,131,134,276,good
3753,128,137,306,good
3690,128,142,283,good
3665,136,90,275,good
3678,126,112,274,good
3577,106,135,224,good
3665,115,137,262,good
3675,128,240,245,good
3688,128,129,254,good
3719,129,129,256,good
3677,126,129,261,good
3680,129,133,234,good
3685,123,154,238,good
3767,123,138,243,good
3679,150,128,244,good
3690,100,142,222,good
3671,128,134,235,good
3676,123,133,229,good
3680,135,133,211,good
3669,108,142,234,good
3678,107,146,229,good
3661,124,145,238,good
3677,103,131,234,good
3681,120,134,253,good
3677,88,142,244,good
3680,125,133,212,good
3674,113,133,238,good
3679,130,137,238,good
3659,116,145,240,good
3678,149,138,219,good
3675,138,108,234,good
3676,120,122,226,good
3684,115,138,218,good
3680,122,32,221,good
3683,120,139,206,good
3707,123,135,205,good
3677,141,134,198,good
3675,121,132,262,good
3677,118,106,257,good
3682,121,136,264,good
3677,118,135,262,good
3680,278,136,266,good
3677,139,138,243,good
3678,115,135,272,good
3677,122,144,265,good
3690,149,144,263,good
3677,99,142,252,good
3689,138,133,272,good
3657,121,139,252,good
3650,121,141,248,good
3678,134,158,251,good
3673,129,134,244,good
3682,119,114,301,good
3666,139,135,292,good
3677,100,139,304,good
3681,99,135,359,good
3679,106,123,301,good
3670,121,264,284,good
3660,116,134,294,good
3660,121,150,296,good
3676,115,143,304,good
3652,125,138,273,good
3670,117,135,304,good
3679,121,120,291,good
3678,106,126,285,good
3708,79,134,280,good
3673,128,129,279,good
3679,223,132,275,good
3680,120,136,313,good
3679,120,142,313,good
3680,125,131,312,good
3671,128,166,311,good
3674,112,159,355,good
3666,128,135,349,good
3706,151,130,379,good
3665,125,135,405,good
3672,133,144,408,good
3679,124,136,412,good
3666,127,139,413,good
3655,120,206,423,good
3678,128,112,428,good
3681,123,136,428,good
3677,126,142,415,good
3673,123,120,429,good
3670,125,134,413,good
3678,90,149,413,good
3676,125,135,407,good
3675,125,150,394,good
3689,123,133,393,good
3697,119,135,389,good
3679,128,116,385,good
3675,120,135,374,good
3665,148,132,413,good
3765,128,135,329,good
3678,131,158,409,good
3695,119,107,412,good
3676,124,134,405,good
3681,122,133,403,good
3662,123,126,405,good
3673,126,138,412,good
3675,129,147,396,good
3653,124,134,374,good
3674,124,135,393,good
3699,134,111,393,good
3679,123,108,390,good
3658,119,221,367,good
3679,110,135,353,good
3687,125,133,339,good
3679,122,146,353,good
3690,152,131,337,good
3673,103,133,336,good
3693,133,139,291,good
3681,92,136,324,good
3693,121,132,321,good
3678,130,139,302,good
3662,122,287,315,good
3677,125,133,313,good
3680,122,136,298,good
3687,123,126,302,good
3679,120,129,286,good
3678,113,136,284,good
3679,123,87,288,good
3690,110,134,280,good
3674,128,135,263,good
3679,120,148,273,good
3689,121,128,275,good
3681,120,132,261,good
3679,117,134,262,good
3680,140,120,271,good
3677,111,132,274,good
3680,121,133,245,good
3666,120,98,245,good
3657,131,130,240,good
3681,112,158,229,good
3674,122,109,240,good
3677,144,126,243,good
3675,111,131,235,good
3678,123,137,227,good
3677,111,132,268,good
3679,141,136,270,good
3671,105,133,286,good
3678,120,126,299,good
3673,94,132,357,good
3686,77,132,351,good
3675,108,133,356,good
3701,114,130,365,good
3664,124,88,370,good
3673,100,133,381,good
3678,110,144,375,good
3668,123,154,381,good
3690,104,141,372,good
3678,120,136,373,good
3691,109,119,378,good
3676,120,128,358,good
3667,122,264,349,good
3679,120,133,359,good
3680,119,138,348,good
3639,99,154,313,good
3680,119,106,350,good
3693,119,252,347,good
3658,109,174,340,good
3679,123,132,337,good
3667,139,115,327,good
3654,118,136,326,good
3594,115,134,313,good
3678,107,143,211,good
3681,115,103,310,good
3693,141,138,279,good
3678,110,133,311,good
3678,125,134,292,good
3676,107,144,284,good
3686,149,130,274,good
3677,119,146,277,good
3677,116,115,280,good
3677,120,135,268,good
3677,111,129,295,good
3673,126,136,256,good
3675,118,155,246,good
3679,74,150,309,good
3674,114,129,301,good
3693,108,138,307,good
3684,118,128,324,good
3682,134,130,388,good
3676,116,136,313,good
3680,119,133,304,good
3678,42,133,300,good
3692,121,133,283,good
3675,126,125,313,good
3666,98,133,291,good
3671,121,132,297,good
3671,90,129,253,good
3679,130,135,284,good
3685,133,121,280,good
3622,117,130,287,good
3650,124,136,270,good
3673,95,129,275,good
3680,134,134,257,good
3666,92,132,189,good
3662,145,133,228,good
3664,107,152,249,good
3706,121,111,247,good
3645,121,146,243,good
3691,109,147,254,good
3782,122,134,302,good
3666,110,144,299,good
3690,121,128,285,good
3680,122,133,286,good
3662,130,140,282,good
3667,116,133,267,good
3677,114,111,278,good
3687,80,136,284,good
3692,118,48,289,good
3681,115,135,327,good
3681,117,130,323,good
3690,116,131,325,good
3678,130,134,333,good
3690,93,133,366,good
3572,117,134,342,good
3675,121,137,381,good
3679,123,141,371,good
3679,114,132,364,good
3663,129,144,406,good
3679,105,144,428,good
3690,8,113,429,good
3676,145,134,429,good
3683,105,132,434,good
3705,108,134,440,good
3676,122,128,431,good
3659,117,148,435,good
3679,117,143,477,good
3677,211,130,468,good
3653,127,134,466,good
3684,98,155,452,good
3671,120,131,454,good
3677,120,131,456,good
3681,121,134,456,good
3681,119,133,445,good
3674,137,129,443,good
3663,91,140,449,good
3683,121,129,439,good
3656,117,120,427,good
3675,181,134,420,good
3676,119,133,416,good
3706,120,134,407,good
3697,114,136,402,good
3679,110,133,390,good
3675,118,109,395,good
3680,129,129,452,good
3677,110,129,382,good
3677,112,128,366,good
3678,133,134,366,good
3655,130,138,312,good
3666,121,196,351,good
3679,115,132,338,good
3681,118,152,335,good
3677,97,132,396,good
3671,116,165,323,good
3679,110,133,324,good
3679,123,126,295,good
3679,0,135,307,good
3679,119,120,309,good
3669,114,125,325,good
3684,109,133,352,good
3680,121,134,328,good
3679,112,133,349,good
3671,128,132,342,good
3708,120,123,350,good
3666,117,131,341,good
3691,110,224,342,good
3677,134,117,340,good
3681,117,154,334,good
3715,71,134,328,good
3685,111,134,332,good
3683,0,152,324,good
3677,119,152,308,good
3695,121,47,329,good
3680,132,128,314,good
3692,122,146,292,good
3676,116,130,228,good
3679,123,160,332,good
3678,115,121,333,good
3679,115,129,340,good
3677,112,126,338,good
3681,160,131,339,good
3693,116,134,359,good
3682,146,120,346,good
3684,117,150,330,good
3681,115,168,326,good
3659,119,134,362,good
3676,122,156,367,good
3692,120,134,364,good
3675,116,147,392,good
3664,132,122,345,good
3678,114,135,367,good
3691,118,122,380,good
3685,117,144,366,good
3682,113,105,435,good
3707,132,129,512,good
3656,124,134,476,good
3664,126,139,480,good
3679,108,139,489,good
3676,121,125,579,good
3683,174,132,499,good
3674,107,102,502,good
3677,111,134,514,good
3679,119,126,498,good
3672,119,146,466,good
3703,122,117,490,good
3679,140,140,478,good
3691,95,152,456,good
3678,134,134,465,good
3589,122,143,514,good
3695,109,133,446,good
3677,109,132,445,good
3637,122,132,470,good
3677,119,143,435,good
3776,116,141,474,good
3689,140,129,408,good
3683,115,146,416,good
3687,110,133,412,good
3661,117,131,380,good
3676,124,161,390,good
3679,118,134,383,good
3567,97,129,269,good
3679,109,131,419,good
3677,112,145,418,good
3691,123,133,430,good
3680,126,128,428,good
3681,111,129,406,good
3678,110,134,411,good
3677,135,107,409,good
3680,133,134,397,good
3675,100,128,404,good
3696,125,142,368,good
3681,116,151,385,good
3680,78,110,387,good
3673,122,134,416,good
3683,111,128,421,good
3653,122,133,418,good
3677,133,177,427,good
3676,141,117,420,good
3553,124,130,423,good
3677,124,116,425,good
3678,122,137,404,good
3748,140,132,404,good
3653,123,135,389,good
3692,120,134,405,good
3681,133,180,368,good
3681,114,128,371,good
3596,144,136,365,good
3695,120,126,371,good
3681,122,131,357,good
3677,275,132,353,good
3670,118,160,344,good
3664,133,132,324,good
3710,118,137,335,good
3672,119,134,318,good
3681,121,137,329,good
3679,128,127,332,good
3662,141,133,328,good
3681,122,106,332,good
3674,105,136,323,good
3682,123,133,322,good
3678,68,131,313,good
3807,111,132,308,good
3671,136,123,295,good
3673,92,134,299,good
3684,137,126,293,good
3665,115,133,292,good
3709,120,134,291,good
3673,121,133,275,good
3684,94,140,276,good
3653,128,121,264,good
3681,109,130,250,good
3678,123,137,259,good
3673,145,116,269,good
3674,119,177,258,good
3675,120,151,248,good
3699,116,7,244,good
3672,128,130,249,good
3679,118,135,350,good
3680,124,140,371,good
3676,121,131,343,good
3680,121,110,387,good
3685,144,127,388,good
3698,167,141,386,good
3668,119,128,361,good
3679,119,142,386,good
3683,119,134,372,good
3672,114,132,388,good
3680,123,136,382,good
3681,118,140,367,good
3698,124,114,381,good
3684,117,136,357,good
3681,120,132,377,good
3673,123,136,328,good
3679,118,136,355,good
3679,121,123,342,good
3679,148,133,355,good
3680,125,132,340,good
3678,109,133,330,good
3680,109,138,327,good
3679,124,135,369,good
3682,96,130,369,good
3563,104,128,291,good
3681,121,150,439,good
3675,132,112,438,good
3672,117,132,416,good
3688,119,105,428,good
3681,116,132,420,good
3674,119,133,416,good
3679,115,154,416,good
3696,119,134,428,good
3658,123,145,389,good
3692,120,134,395,good
3677,119,141,404,good
3682,113,133,386,good
3684,119,139,396,good
3677,117,124,308,good
3677,106,126,376,good
3652,116,142,363,good
3690,165,125,363,good
3678,121,126,358,good
3684,5,135,344,good
3680,114,122,351,good
3678,125,137,345,good
3680,116,112,333,good
3666,117,161,321,good
3675,136,135,307,good
3678,138,129,312,good
3666,116,137,292,good
3677,119,109,301,good
3604,116,132,322,good
3686,121,140,304,good
3677,109,131,263,good
3696,118,144,282,good
3667,118,141,278,good
3674,97,160,274,good
3678,117,131,269,good
3668,112,126,291,good
3678,124,135,273,good
3696,127,114,267,good
3701,121,119,264,good
3678,120,129,256,good
3683,174,136,254,good
3683,111,125,210,good
3677,102,154,249,good
3677,113,132,256,good
3679,128,136,229,good
3692,127,135,254,good
3677,120,136,346,good
3678,125,146,332,good
3679,120,126,318,good
3670,134,123,331,good
3706,117,133,350,good
3678,111,146,334,good
3685,134,135,336,good
3680,118,133,339,good
3676,117,124,345,good
3670,103,132,327,good
3678,119,132,342,good
3686,94,142,336,good
3678,118,136,324,good
3673,129,115,346,good
3680,120,132,320,good
3667,113,133,298,good
3656,122,134,304,good
3676,120,134,343,good
3700,130,114,363,good
3668,109,145,372,good
3662,113,189,355,good
3708,112,156,352,good
3686,117,137,371,good
3678,102,130,380,good
3676,117,140,363,good
3662,114,49,336,good
3673,113,141,357,good
3685,117,44,328,good
3608,118,131,332,good
3667,102,131,330,good
3663,131,137,313,good
3689,116,128,311,good
3679,102,134,306,good
3677,116,133,304,good
3681,120,126,313,good
3701,113,153,299,good
3681,147,133,300,good
3665,85,145,289,good
3689,115,133,285,good
3681,118,131,278,good
3679,116,104,279,good
3696,118,56,271,good
3678,118,132,262,good
3681,129,136,256,good
3685,118,129,241,good
3693,144,128,249,good
3675,112,136,184,good
3681,118,116,251,good
3671,111,100,233,good
3697,119,132,253,good
3651,120,136,276,good
3687,91,138,284,good
3778,123,134,285,good
3678,93,146,254,good
3679,117,152,264,good
3661,114,132,304,good
3738,118,131,288,good
3680,117,136,268,good
3673,103,126,353,good
3678,138,134,368,good
3676,117,117,374,good
3664,113,130,360,good
3673,91,137,357,good
3678,116,254,420,good
3678,118,133,418,good
3682,97,130,422,good
3694,112,118,436,good
3704,112,126,442,good
3679,119,133,438,good
3678,121,114,440,good
3697,110,141,435,good
3676,125,136,433,good
3669,114,134,410,good
3678,125,136,419,good
3678,116,146,355,good
3674,117,139,430,good
3693,92,136,402,good
3685,120,136,397,good
3670,108,131,389,good
3685,117,72,405,good
3655,114,114,385,good
3679,104,131,373,good
3816,117,134,342,good
3678,121,132,344,good
3672,96,121,409,good
3686,118,141,396,good
3676,118,139,398,good
3650,125,135,501,good
3689,115,136,400,good
3679,120,131,408,good
3678,111,155,387,good
3685,129,124,393,good
3655,119,134,382,good
3679,123,128,378,good
3667,110,131,364,good
3578,118,138,376,good
3668,194,132,367,good
3682,119,134,360,good
3678,123,179,341,good
3670,117,138,342,good
3675,112,140,340,good
3668,120,149,322,good
3671,117,131,339,good
3676,116,133,336,good
3678,95,143,318,good
3676,200,131,362,good
3672,122,136,392,good
3707,116,139,407,good
3684,102,136,464,good
3674,128,138,446,good
3679,104,141,444,good
3678,121,106,461,good
3678,108,134,464,good
3677,101,125,490,good
3678,114,135,498,good
3676,117,52,514,good
3687,116,122,503,good
3682,123,169,494,good
3676,124,138,494,good
3667,117,126,473,good
3655,110,162,485,good
3676,133,161,479,good
3676,134,153,482,good
3679,119,143,474,good
3672,121,137,471,good
3680,110,135,457,good
3679,121,135,448,good
3695,96,146,429,good
3679,119,130,433,good
3674,114,116,427,good
3681,98,160,423,good
3679,115,127,432,good
3576,122,129,408,good
3685,114,142,398,good
3675,134,136,420,good
3679,118,155,389,good
3680,114,130,379,good
3655,118,133,370,good
3677,122,136,371,good
3685,144,123,367,good
3689,92,144,354,good
3669,135,78,349,good
3664,120,133,338,good
3675,119,113,336,good
3655,138,123,333,good
3703,114,113,327,good
3706,120,128,309,good
3784,119,133,288,good
3675,118,132,302,good
3636,119,133,303,good
3679,144,126,312,good
3677,116,135,295,good
3677,118,164,288,good
3673,119,129,283,good
3678,111,122,298,good
3679,120,135,278,good
3641,122,135,275,good
3681,123,131,270,good
3688,121,136,260,good
3684,136,138,265,good
3655,112,152,264,good
3688,131,121,263,good
3679,121,119,260,good
3669,65,136,254,good
3679,112,133,246,good
3679,118,138,245,good
3680,114,129,238,good
3677,123,164,243,good
3679,116,126,247,good
3675,114,132,208,good
3751,132,136,228,good
3652,120,139,227,good
3697,97,141,215,good
3697,119,131,210,good
3681,109,163,212,good
3680,121,126,221,good
3679,130,137,212,good
3678,123,132,192,good
3665,124,134,202,good
3677,104,156,197,good
3678,122,136,212,good
3668,120,120,204,good
3694,112,137,208,good
3667,122,114,195,good
3678,118,132,205,good
3673,120,134,241,good
3678,120,140,231,good
3682,130,138,247,good
3671,108,133,264,good
3680,244,130,252,good
3703,123,133,262,good
3706,120,117,248,good
3678,118,107,252,good
3675,131,132,245,good
3682,125,144,242,good
3674,121,115,241,good
3669,135,160,232,good
3689,113,133,232,good
3677,121,128,230,good
3671,120,133,218,good
3676,141,118,238,good
3654,121,131,253,good
3681,119,131,276,good
3671,144,93,264,good
3680,141,134,262,good
3668,129,115,265,good
3681,107,142,257,good
3670,121,134,270,good
3679,120,135,258,good
3681,113,158,250,good
3646,125,129,240,good
3679,112,124,297,good
3674,121,138,320,good
3677,121,135,337,good
3690,152,137,334,good
3677,149,102,352,good
3675,129,163,360,good
3684,131,129,332,good
3703,118,134,344,good
3663,124,131,343,good
3684,115,133,367,good
3666,136,136,254,good
3675,114,136,340,good
3672,146,132,341,good
3658,122,128,333,good
3678,113,134,329,good
3662,122,146,299,good
3673,121,137,330,good
3677,132,135,310,good
3679,139,124,315,good
3679,121,133,306,good
3677,71,150,308,good
3677,250,133,296,good
3673,111,134,291,good
3682,112,132,289,good
3678,123,132,285,good
3687,107,146,261,good
3677,149,137,276,good
3674,121,114,273,good
3662,110,132,288,good
3682,185,132,264,good
3689,131,123,276,good
3677,121,133,254,good
3670,106,135,269,good
3552,123,133,262,good
3664,120,137,247,good
3679,146,134,244,good
3682,122,126,254,good
3675,106,132,251,good
3675,133,133,225,good
3680,20,110,233,good
3676,134,146,232,good
3679,109,120,225,good
3678,124,139,204,good
3675,90,140,205,good
3677,117,162,220,good
3688,101,132,214,good
3666,136,134,231,good
3676,174,133,212,good
3679,121,124,212,good
3679,146,133,205,good
3747,118,132,197,good
3671,121,143,210,good
3679,114,134,192,good
3679,124,134,200,good
3681,154,133,199,good
3677,129,144,180,good
3683,133,176,176,good
3679,123,134,188,good
3660,124,120,186,good
3680,105,134,238,good
3691,123,129,181,good
3684,110,128,177,good
3674,128,136,176,good
3543,118,130,154,good
3678,120,128,189,good
3690,108,132,170,good
3679,115,136,169,good
3688,122,126,169,good
3661,119,81,170,good
3676,148,128,180,good
3722,132,135,134,good
3683,146,136,170,good
3668,133,122,168,good
3683,112,136,218,good
3651,121,131,160,good
3686,119,126,177,good
3677,120,129,164,good
3681,118,134,160,good
3677,115,128,176,good
3691,120,132,136,good
3689,97,153,148,good
3688,115,130,138,good
3681,119,132,164,good
3679,125,133,153,good
3673,116,151,152,good
3671,117,114,170,good
3681,120,132,162,good
3672,129,118,187,good
3678,96,132,162,good
3566,102,132,110,good
3677,122,118,173,good
3678,121,114,160,good
3678,136,134,158,good
3679,107,134,157,good
3680,114,196,166,good
3665,111,133,150,good
3676,117,135,169,good
3679,112,140,182,good
3673,94,129,211,good
3679,118,131,202,good
3685,113,130,204,good
3679,130,117,216,good
3667,121,133,201,good
3675,119,119,221,good
3659,130,148,207,good
3663,131,142,208,good
3676,274,126,264,good
3677,147,132,258,good
3684,119,135,246,good
3679,110,133,263,good
3683,122,36,274,good
3681,119,131,260,good
3671,113,135,263,good
3695,107,130,260,good
3707,120,133,276,good
3676,109,107,315,good
3673,132,130,314,good
3677,113,126,328,good
3681,152,134,313,good
3670,133,133,308,good
3677,133,110,313,good
3675,105,132,311,good
3675,119,133,290,good
3654,131,133,343,good
3673,120,145,354,good
3676,120,151,366,good
3668,104,132,351,good
3675,115,132,473,good
3679,117,130,349,good
3672,129,24,352,good
3688,94,132,345,good
3680,121,132,351,good
3601,119,132,342,good
3689,117,126,398,good
3679,110,151,394,good
3679,117,123,400,good
3649,125,146,390,good
3665,106,161,386,good
3673,117,132,364,good
3685,111,149,397,good
3679,124,130,379,good
3675,126,151,382,good
3687,122,133,366,good
3678,252,134,372,good
3683,98,128,330,good
3578,122,134,353,good
3690,109,165,351,good
3680,135,122,352,good
3676,104,134,348,good
3656,118,132,341,good
3679,124,131,382,good
3683,104,109,378,good
3669,119,129,361,good
3680,129,137,363,good
3654,116,144,372,good
3664,216,131,369,good
3682,108,134,367,good
3672,97,136,341,good
3701,108,120,336,good
3676,121,148,353,good
3647,120,143,353,good
3679,136,138,325,good
3677,119,130,340,good
3699,121,136,337,good
3665,119,132,334,good
3691,146,140,328,good
3567,118,130,359,good
3677,122,118,384,good
3678,108,133,372,good
3679,115,129,359,good
3667,116,161,360,good
3678,118,129,365,good
3674,115,132,348,good
3677,118,136,352,good
3675,131,105,356,good
3678,118,132,339,good
3679,116,130,387,good
3677,116,131,398,good
3672,112,145,401,good
3655,134,125,382,good
3709,118,109,377,good
3675,118,131,425,good
3674,102,162,361,good
3686,90,136,358,good
3644,117,138,341,good
3681,120,130,361,good
3671,135,109,366,good
3679,118,131,355,good
3677,128,142,338,good
3665,128,140,309,good
3687,120,122,332,good
3676,120,133,317,good
3680,115,133,311,good
3675,197,132,318,good
3681,116,126,293,good
3688,120,130,352,good
3693,83,147,368,good
3686,130,136,370,good
3676,121,134,363,good
3684,121,137,366,good
3676,119,151,351,good
3693,106,222,363,good
3678,117,127,339,good
3664,110,153,329,good
3678,151,132,338,good
3681,119,135,334,good
3823,121,138,341,good
3677,123,132,308,good
3689,134,136,328,good
3682,125,144,320,good
3804,98,133,320,good
3645,128,135,314,good
3666,109,108,348,good
3697,129,110,365,good
3671,122,162,359,good
3643,122,135,376,good
3678,119,145,350,good
3691,107,128,375,good
3659,117,134,344,good
3675,94,145,348,good
3675,122,127,350,good
3666,118,136,333,good
3674,133,112,345,good
3681,0,137,328,good
3677,129,135,325,good
3761,118,133,331,good
3673,114,143,337,good
3678,118,133,311,good
3674,120,135,310,good
3745,104,126,273,good
3691,134,136,251,good
3669,118,131,272,good
3673,98,132,283,good
3678,119,145,227,good
3676,114,59,294,good
3671,119,144,282,good
3591,133,136,267,good
3680,117,139,259,good
3677,115,122,311,good
3691,120,0,306,good
3687,119,122,317,good
3672,93,133,314,good
3674,107,133,320,good
3678,161,141,312,good
3680,89,142,310,good
3687,119,131,305,good
3645,138,129,338,good
3681,135,132,357,good
3667,129,131,335,good
3676,118,133,343,good
3677,105,118,345,good
3689,96,135,342,good
3690,120,130,346,good
3665,117,133,334,good
3681,116,132,334,good
3678,122,149,316,good
3705,124,134,323,good
3683,110,146,304,good
3705,117,134,317,good
3678,118,130,308,good
3671,91,131,326,good
3678,112,134,304,good
3659,113,148,297,good
3685,136,137,289,good
3677,125,148,323,good
3695,108,137,329,good
3663,129,138,327,good
3688,108,161,328,good
3681,120,134,340,good
3664,106,143,328,good
3680,115,129,327,good
3661,111,147,310,good
3677,108,131,317,good
3678,116,126,296,good
3675,112,220,337,good
3694,118,131,300,good
3670,87,128,307,good
3679,114,118,304,good
3679,120,134,301,good
3684,117,123,300,good
3680,121,149,271,good
3693,119,133,308,good
3687,120,135,370,good
3676,133,131,380,good
3678,69,136,385,good
3679,113,130,386,good
3618,141,134,391,good
3681,111,132,380,good
3669,125,116,417,good
3682,117,133,392,good
3679,97,133,385,good
3680,117,140,401,good
3678,106,136,385,good
3681,120,154,382,good
3675,120,154,378,good
3678,123,138,372,good
3652,138,140,371,good
3678,103,120,369,good
3653,134,107,361,good
3677,112,152,354,good
3690,113,135,351,good
3673,123,147,345,good
3667,121,135,324,good
3672,107,146,332,good
3705,125,136,326,good
3680,125,141,310,good
3692,117,136,320,good
3680,118,135,314,good
3685,116,141,308,good
3680,114,141,304,good
3659,120,142,299,good
3647,117,133,299,good
3675,119,130,306,good
3682,120,122,285,good
3684,119,130,256,good
3672,92,133,256,good
3672,138,129,278,good
3680,248,138,269,good
3679,123,128,262,good
3673,121,147,264,good
3688,114,127,264,good
3677,121,135,263,good
3694,85,133,249,good
3671,118,137,266,good
3680,2,134,243,good
3677,120,159,244,good
3688,132,137,225,good
3681,117,137,238,good
3681,115,138,233,good
3681,118,106,237,good
3668,130,137,224,good
3673,115,133,224,good
3683,115,138,221,good
3677,126,151,222,good
3672,148,122,289,good
3675,117,129,273,good
3681,121,137,267,good
3675,124,136,316,good
3681,138,130,317,good
3672,122,136,304,good
3669,109,146,334,good
3675,116,137,444,good
3667,120,132,312,good
3678,120,137,323,good
3678,130,163,316,good
3677,132,121,329,good
3676,116,145,290,good
3674,98,140,296,good
3684,97,157,305,good
3679,119,124,351,good
3662,110,128,369,good
3676,118,149,337,good
3682,137,135,420,good
3677,118,125,420,good
3678,110,130,427,good
3668,127,30,420,good
3669,106,145,445,good
3672,125,124,467,good
3673,134,104,476,good
3681,113,201,492,good
3667,116,285,475,good
3678,120,124,489,good
3666,145,128,487,good
3537,121,133,446,good
3661,125,134,372,good
3681,120,133,449,good
3677,107,149,442,good
3681,126,132,445,good
3685,126,124,468,good
3707,118,121,504,good
3679,110,137,547,good
3677,132,137,545,good
3692,108,135,584,good
3677,151,131,596,good
3680,105,133,633,good
3674,99,134,619,good
3676,119,136,603,good
3657,122,133,604,good
3675,106,133,598,good
3681,119,137,592,good
3695,110,132,472,good
3667,126,133,581,good
3687,121,130,590,good
3676,126,162,582,good
3685,107,133,574,good
3675,114,136,566,good
3788,121,134,551,good
3676,122,133,584,good
3542,103,132,495,good
3677,123,132,582,good
3670,117,146,549,good
3674,0,135,563,good
3678,117,133,535,good
3680,128,114,552,good
3678,122,132,537,good
3684,168,151,531,good
3679,124,122,575,good
3678,126,144,564,good
3661,119,84,554,good
3678,122,148,541,good
3671,127,118,547,good
3669,99,128,544,good
3683,95,138,553,good
3677,125,136,541,good
3720,120,149,515,good
3688,126,141,518,good
3654,126,134,518,good
3675,121,136,496,good
3678,123,130,487,good
3645,125,144,474,good
3657,123,135,471,good
3703,123,115,478,good
3679,123,135,429,good
3677,101,152,455,good
3682,121,106,444,good
3669,141,133,417,good
3679,122,134,480,good
3673,104,135,473,good
3674,123,147,462,good
3679,140,134,437,good
3688,119,132,490,good
3675,120,134,453,good
3678,126,160,457,good
3677,121,133,457,good
3669,107,135,450,good
3674,125,145,441,good
3683,118,134,430,good
3658,121,138,416,good
3688,152,129,412,good
3689,123,130,408,good
3681,77,130,420,good
3674,118,132,380,good
3683,118,136,394,good
3673,152,133,377,good
3678,128,126,381,good
3685,124,137,370,good
3675,70,132,361,good
3681,125,123,357,good
3675,130,140,360,good
3684,113,136,353,good
3671,108,146,401,good
3686,131,198,425,good
3677,136,144,411,good
3672,136,134,397,good
3609,129,134,435,good
3677,128,133,424,good
3681,152,141,417,good
3676,48,132,416,good
3677,170,132,409,good
3679,125,120,418,good
3677,135,146,408,good
3677,135,124,483,good
3676,125,132,394,good
3677,126,125,392,good
3675,124,110,386,good
3678,128,107,390,good
3671,126,131,370,good
3657,128,273,375,good
3675,195,134,427,good
3691,124,131,418,good
3679,128,141,421,good
3678,120,133,416,good
3677,130,128,408,good
3677,134,132,406,good
3680,130,163,412,good
3679,120,158,394,good
3677,124,118,405,good
3674,119,142,396,good
3678,116,130,394,good
3674,123,132,381,good
3676,107,130,372,good
3674,132,114,385,good
3677,111,133,362,good
3676,122,129,357,good
3677,125,132,348,good
3670,124,131,325,good
3693,122,8,332,good
3675,151,133,330,good
3679,119,136,316,good
3675,120,139,313,good
3680,137,137,354,good
3659,101,131,267,good
3696,126,128,300,good
3673,132,132,279,good
3679,120,138,287,good
3675,121,137,302,good
3682,124,110,292,good
3685,123,124,280,good
3659,130,136,278,good
3673,136,136,278,good
3598,139,120,282,good
3692,107,135,276,good
3669,123,144,269,good
3681,30,133,270,good
3680,123,126,268,good
3687,7,117,263,good
3673,138,128,251,good
3677,122,142,234,good
3699,123,135,252,good
3646,122,143,247,good
3688,172,134,240,good
3660,125,133,232,good
3679,117,129,169,good
3678,124,136,236,good
3683,114,204,234,good
3680,120,131,229,good
3677,121,134,235,good
3678,133,113,218,good
3673,132,135,216,good
3664,123,145,209,good
3659,139,142,199,good
3665,124,125,195,good
3677,102,137,209,good
3677,116,137,204,good
3689,111,196,207,good
3700,107,135,197,good
3672,118,70,185,good
3678,140,123,198,good
3680,116,132,208,good
3707,121,130,201,good
3671,101,130,221,good
3673,128,141,256,good
3676,122,136,242,good
3571,107,136,124,good
3676,133,121,252,good
3697,130,114,265,good
3681,128,144,246,good
3680,102,164,288,good
3664,114,134,318,good
3664,124,139,296,good
3647,128,151,298,good
3686,124,132,296,good
3679,124,139,294,good
3655,116,207,299,good
3667,123,138,286,good
3688,125,166,300,good
3681,45,125,297,good
3682,120,140,309,good
3682,106,149,278,good
3679,112,130,286,good
3675,121,129,279,good
3678,118,140,277,good
3679,193,137,275,good
3680,118,136,286,good
3683,138,140,289,good
3672,120,162,297,good
3674,135,149,252,good
3675,148,130,289,good
3678,134,140,293,good
3678,148,149,285,good
3676,136,138,423,good
3679,176,131,288,good
3679,137,135,310,good
3681,144,133,293,good
3685,139,141,283,good
3683,148,133,269,good
3688,149,62,274,good
3670,126,136,259,good
3677,148,136,247,good
3678,154,144,246,good
3697,160,140,246,good
3678,149,137,247,good
3735,151,137,251,good
3677,143,226,247,good
3676,148,130,231,good
3665,146,122,234,good
3689,167,128,231,good
3679,140,137,221,good
3671,125,134,230,good
3698,128,134,210,good
3677,140,137,210,good
3679,146,150,229,good
3680,137,139,236,good
3679,138,137,226,good
3675,158,134,256,good
3669,129,152,290,good
3679,143,134,292,good
3677,132,134,280,good
3693,142,0,306,good
3682,145,140,312,good
3672,142,144,316,good
3648,159,130,314,good
3682,150,146,320,good
3661,150,139,309,good
3686,173,128,301,good
3691,142,139,296,good
3679,151,133,312,good
3680,144,137,314,good
3679,144,138,282,good
3675,147,117,275,good
3681,145,134,280,good
3671,134,160,273,good
3704,134,101,287,good
3685,146,138,288,good
3706,181,139,272,good
3696,147,247,272,good
3675,144,137,262,good
3692,153,136,260,good
3686,146,135,256,good
3677,256,134,260,good
3658,145,152,256,good
3655,130,151,249,good
3675,163,112,254,good
3676,143,129,237,good
3678,150,136,225,good
3674,134,150,234,good
3675,137,107,237,good
3679,138,160,274,good
3689,137,130,282,good
3653,136,123,279,good
3678,141,133,292,good
3678,130,130,274,good
3681,137,134,273,good
3691,165,152,258,good
3665,137,145,270,good
3688,140,134,272,good
3675,252,131,266,good
3684,135,107,273,good
3648,138,140,243,good
3678,138,134,260,good
3685,154,178,261,good
3689,120,135,257,good
3680,133,147,266,good
3677,125,138,246,good
3686,159,134,242,good
3674,134,133,233,good
3708,138,133,239,good
3679,150,144,233,good
3681,0,134,229,good
3673,144,116,228,good
3762,153,136,302,good
3677,134,129,225,good
3676,111,157,213,good
3679,49,152,234,good
3681,133,155,294,good
3646,140,144,325,good
3684,150,129,306,good
3677,141,162,334,good
3679,224,136,339,good
3681,130,134,346,good
3693,131,134,360,good
3676,126,132,345,good
3677,146,136,330,good
3649,133,134,348,good
3677,117,132,328,good
3705,135,115,344,good
3682,128,135,330,good
3607,151,138,336,good
3678,131,132,334,good
3693,125,133,325,good
3678,130,142,346,good
3676,130,133,317,good
3678,120,133,313,good
3691,130,141,301,good
3662,134,128,303,good
3672,124,155,291,good
3680,154,135,289,good
3653,128,132,281,good
3691,130,133,288,good
3691,130,106,279,good
3675,129,137,299,good
3680,130,126,264,good
3707,86,135,271,good
3678,126,131,270,good
3666,128,136,252,good
3685,128,142,264,good
3665,136,92,256,good
3682,130,149,280,good
3678,114,111,252,good
3679,101,144,306,good
3678,128,137,324,good
3677,128,142,330,good
3686,124,140,356,good
3674,24,155,330,good
3675,134,116,345,good
3652,130,128,339,good
3698,128,270,337,good
3678,122,133,331,good
3679,93,135,332,good
3676,117,137,268,good
3683,124,152,321,good
3674,125,130,320,good
3677,129,143,316,good
3678,124,136,335,good
3663,129,136,302,good
3677,72,137,303,good
3668,128,141,308,good
3679,118,148,300,good
3677,128,109,298,good
3679,112,140,276,good
3678,119,134,248,good
3681,125,130,278,good
3679,138,130,280,good
3702,125,133,267,good
3681,101,135,266,good
3679,120,123,268,good
3671,125,135,253,good
3689,100,135,260,good
3675,123,132,248,good
3677,122,134,249,good
3669,117,125,237,good
3677,128,129,250,good
3645,121,120,246,good
3664,111,134,256,good
3686,122,126,292,good
3586,126,134,298,good
3677,122,136,288,good
3680,121,134,282,good
3654,133,123,273,good
3681,123,124,281,good
3679,140,135,283,good
3679,118,134,277,good
3679,98,136,290,good
3677,133,133,274,good
3667,126,132,263,good
3676,119,138,251,good
3609,131,132,241,good
3670,124,136,258,good
3673,160,134,260,good
3688,168,136,257,good
3685,125,117,267,good
3663,123,136,296,good
3674,129,132,324,good
3673,129,136,285,good
3669,128,124,289,good
3665,142,124,278,good
3679,122,148,292,good
3676,124,144,292,good
3677,127,134,294,good
3685,146,134,277,good
3691,121,0,281,good
3676,125,154,284,good
3673,138,133,282,good
3708,122,112,279,good
3668,152,134,272,good
3666,144,134,260,good
3688,124,104,265,good
3671,120,135,261,good
3692,124,74,274,good
3678,115,138,242,good
3678,125,123,256,good
3698,128,106,244,good
3673,120,129,256,good
3679,154,124,232,good
3687,106,132,310,good
3678,141,121,295,good
3673,128,135,283,good
3655,122,131,286,good
3683,125,136,335,good
3670,121,148,337,good
3670,125,133,328,good
3710,110,136,344,good
3679,148,124,339,good
3677,129,140,337,good
3685,98,161,333,good
3666,121,135,320,good
3690,130,112,336,good
3681,120,136,325,good
3720,104,152,325,good
3634,126,135,320,good
3676,121,134,314,good
3695,121,131,310,good
3676,125,120,327,good
3707,114,142,304,good
3680,113,137,323,good
3658,118,146,328,good
3688,120,128,384,good
3794,98,132,393,good
3682,84,122,388,good
3676,104,135,371,good
3681,122,109,397,good
3667,142,137,408,good
3681,99,156,402,good
3677,134,136,276,good
3672,95,131,406,good
3697,132,114,409,good
3676,121,126,402,good
3689,145,136,406,good
3677,131,136,392,good
3677,120,149,378,good
3691,115,126,381,good
3679,115,144,275,good
3665,117,163,371,good
3685,120,141,350,good
3682,126,115,355,good
3687,94,150,334,good
3679,120,131,338,good
3696,119,106,330,good
3673,108,133,339,good
3661,126,112,318,good
3702,122,141,308,good
3685,121,133,309,good
3667,122,139,306,good
3684,123,132,310,good
3674,123,142,295,good
3679,120,120,308,good
3657,116,80,284,good
3681,64,132,278,good
3680,119,112,322,good
3688,98,160,322,good
3681,123,120,322,good
3659,118,164,322,good
3678,132,162,320,good
3675,118,128,320,good
3743,123,133,347,good
3679,128,126,319,good
3659,112,108,312,good
3689,149,134,296,good
3681,120,131,299,good
3677,118,134,307,good
3674,111,146,272,good
3693,132,108,296,good
3672,132,146,278,good
3673,135,132,288,good
3677,101,134,284,good
3679,119,131,281,good
3679,121,138,268,good
3681,123,160,275,good
3703,128,134,272,good
3680,120,145,268,good
3665,117,146,278,good
3687,128,131,257,good
3679,150,134,265,good
3676,120,113,256,good
3682,119,173,237,good
3678,121,103,257,good
3669,120,132,234,good
3689,108,136,231,good
3657,118,119,240,good
3678,110,133,234,good
3685,99,146,233,good
3679,120,132,243,good
3680,120,126,234,good
3680,97,131,226,good
3687,112,132,223,good
3680,117,142,214,good
3677,118,124,223,good
3679,118,133,214,good
3678,89,136,208,good
3681,117,136,208,good
3781,121,134,212,good
3680,69,125,232,good
3663,118,138,203,good
3674,107,129,208,good
3679,119,134,195,good
3673,118,135,194,good
3691,120,259,196,good
3677,122,151,197,good
3678,121,133,202,good
3664,130,136,184,good
3691,119,87,253,good
3678,117,131,246,good
3693,106,134,236,good
3682,128,125,243,good
3661,141,137,247,good
3691,117,113,260,good
3673,110,137,250,good
3681,118,104,261,good
3670,125,130,233,good
3686,119,135,256,good
3681,89,115,259,good
3674,118,138,262,good
3671,118,142,258,good
3681,120,138,253,good
3679,117,135,241,good
3686,142,136,245,good
3674,120,133,229,good
3679,118,137,235,good
3652,119,134,232,good
3680,120,122,234,good
3680,110,123,230,good
3530,115,131,233,good
3680,110,149,208,good
3681,116,131,265,good
3676,118,131,261,good
3557,118,134,284,good
3694,115,123,281,good
3674,111,134,288,good
3675,118,134,256,good
3682,120,129,317,good
3650,129,126,361,good
3668,120,137,326,good
3674,0,134,357,good
3669,134,18,359,good
3674,24,136,366,good
3675,120,139,373,good
3656,127,137,284,good
3678,79,133,369,good
3691,118,128,378,good
3691,95,135,368,good
3677,117,244,352,good
3684,116,111,371,good
3654,124,137,359,good
3674,100,132,367,good
3674,124,140,322,good
3678,118,136,338,good
3690,119,130,332,good
3685,102,139,331,good
3692,111,137,380,good
3652,121,137,378,good
3676,112,128,386,good
3676,120,136,366,good
3681,118,136,373,good
3679,112,137,510,good
3661,104,141,367,good
3675,139,133,356,good
3660,130,139,366,good
3677,105,137,352,good
3655,112,145,353,good
3682,0,136,348,good
3679,121,137,351,good
3678,121,147,342,good
3611,108,134,336,good
3659,122,137,317,good
3685,121,136,328,good
3673,150,136,307,good
3682,112,138,332,good
3683,118,142,303,good
3678,105,133,299,good
3668,122,109,299,good
3697,115,117,295,good
3687,117,123,298,good
3707,123,110,291,good
3683,118,136,275,good
3678,117,132,277,good
3554,116,133,250,good
3660,125,136,177,good
3663,114,130,260,good
3680,119,124,262,good
3685,117,118,249,good
3679,133,128,248,good
3682,122,32,260,good
3681,107,137,241,good
3677,127,132,292,good
3647,121,134,281,good
3679,118,136,279,good
3663,88,152,278,good
3675,95,130,283,good
3675,105,133,293,good
3683,119,136,288,good
3682,114,125,260,good
3615,117,131,291,good
3679,116,122,281,good
3690,142,155,263,good
3678,117,117,274,good
3675,118,129,269,good
3681,87,131,265,good
3674,102,134,268,good
3703,110,130,254,good
3707,120,135,252,good
3679,131,148,250,good
3669,117,132,247,good
3679,119,126,245,good
3677,119,135,243,good
3667,118,129,219,good
3675,96,132,141,good
3699,119,123,236,good
3683,130,146,228,good
3698,111,133,227,good
3684,110,137,228,good
3674,133,136,218,good
3679,125,131,303,good
3655,116,124,315,good
3681,113,132,294,good
3680,116,134,315,good
3646,132,148,319,good
3667,120,137,313,good
3687,137,115,322,good
3679,116,141,321,good
3679,119,143,308,good
3680,97,137,314,good
3669,122,133,290,good
3610,98,131,311,good
3671,117,145,232,good
3676,114,132,322,good
3694,118,125,312,good
3677,212,109,296,good
3671,91,133,289,good
3699,128,134,285,good
3660,117,133,276,good
3679,120,131,291,good
3650,126,122,280,good
3680,121,136,270,good
3668,121,133,245,good
3663,138,134,256,good
3668,113,133,261,good
3688,120,104,262,good
3678,112,135,278,good
3682,110,232,274,good
3763,118,139,284,good
3677,123,133,242,good
3661,128,122,245,good
3677,114,135,239,good
3679,112,154,221,good
3687,140,132,286,good
3675,132,133,287,good
3680,124,133,291,good
3708,120,132,380,good
3656,122,0,290,good
3670,122,146,295,good
3685,124,161,303,good
3683,122,123,244,good
3680,122,154,288,good
3681,4,109,332,good
3681,122,149,335,good
3658,122,135,334,good
3682,145,136,333,good
3689,125,128,329,good
3680,123,122,336,good
3678,112,134,328,good
3680,85,132,325,good
3681,123,132,328,good
3666,103,130,325,good
3681,113,131,345,good
3686,114,125,304,good
3690,112,128,308,good
3688,120,145,310,good
3679,118,106,304,good
3670,119,178,301,good
3673,112,150,283,good
3687,121,123,334,good
3642,107,159,303,good
3672,104,133,339,good
3678,126,138,357,good
3690,69,119,347,good
3676,98,141,347,good
3679,144,129,375,good
3679,121,149,382,good
3693,109,114,397,good
3645,111,131,379,good
3700,115,135,386,good
3686,141,134,374,good
3682,130,133,383,good
3588,124,142,434,good
3677,125,135,383,good
3690,134,128,371,good
3667,121,80,368,good
3680,123,122,367,good
3677,110,160,363,good
3677,125,139,402,good
3680,125,133,389,good
3657,128,136,380,good
3681,137,134,323,good
3677,97,136,386,good
3680,107,118,389,good
3677,138,134,285,good
3689,118,118,397,good
3663,145,136,369,good
3671,107,132,365,good
3685,118,136,363,good
3676,123,136,354,good
3678,121,161,343,good
3676,123,152,337,good
3683,120,131,338,good
3693,121,132,327,good
3594,123,134,322,good
3676,124,134,328,good
3683,90,130,314,good
3682,122,165,313,good
3665,121,135,309,good
3714,119,140,335,good
3679,121,144,299,good
3678,119,132,296,good
3680,113,135,283,good
3678,125,141,288,good
3666,122,137,282,good
3663,120,134,266,good
3698,100,144,256,good
3676,129,150,261,good
3678,123,134,260,good
3677,129,137,258,good
3677,120,121,252,good
3670,129,128,251,good
3672,96,141,230,good
3692,125,146,243,good
3678,122,132,239,good
3679,86,139,253,good
3676,114,121,236,good
3673,105,131,236,good
3680,128,123,232,good
3677,137,136,220,good
3679,137,129,195,good
3665,105,137,211,good
3676,121,129,216,good
3684,123,131,216,good
3677,122,136,230,good
3674,147,136,213,good
3670,117,133,219,good
3765,139,118,238,good
3680,156,134,202,good
3686,123,124,168,good
3653,124,134,241,good
3675,119,112,239,good
3671,157,136,246,good
3680,137,134,228,good
3673,125,127,333,good
3677,120,138,240,good
3672,131,158,248,good
3677,123,132,241,good
3678,139,127,250,good
3684,114,133,186,good
3677,126,129,235,good
3666,91,117,237,good
3704,122,132,238,good
3687,118,134,224,good
3684,121,133,224,good
3676,124,132,226,good
3665,120,100,221,good
3681,122,135,252,good
3679,130,136,300,good
3663,100,134,302,good
3677,137,136,308,good
3671,125,132,332,good
3677,123,141,318,good
3729,131,109,327,good
3700,120,139,312,good
3672,205,120,306,good
3709,79,134,314,good
3679,120,128,289,good
3679,0,134,309,good
3677,122,133,306,good
3673,119,140,301,good
3677,144,137,296,good
3678,107,133,272,good
3671,142,114,295,good
3677,121,124,291,good
3672,107,124,311,good
3676,217,134,289,good
3669,121,150,288,good
3772,123,133,288,good
3677,116,133,266,good
3692,114,137,270,good
3694,120,134,256,good
3705,100,156,268,good
3678,118,121,261,good
3675,96,122,277,good
3681,133,133,256,good
3679,119,120,244,good
3682,113,126,246,good
3677,120,150,234,good
3681,101,119,243,good
3671,136,110,246,good
3678,146,119,237,good
3663,142,133,230,good
3669,140,138,227,good
3698,121,147,225,good
3680,112,134,227,good
3675,113,122,225,good
3681,120,144,211,good
3679,118,132,265,good
3673,184,132,264,good
3669,122,143,275,good
3690,121,111,290,good
3785,123,135,307,good
3683,168,116,327,good
3679,96,147,304,good
3705,128,136,310,good
3676,130,144,315,good
3677,119,147,321,good
3688,123,133,309,good
3635,128,136,313,good
3677,117,133,329,good
3667,123,133,358,good
3653,120,133,364,good
3684,140,116,365,good
3681,115,136,387,good
3675,133,132,341,good
3657,115,107,362,good
3677,185,109,356,good
3681,97,130,354,good
3705,124,133,388,good
3685,124,144,376,good
3678,120,128,386,good
3665,54,116,402,good
3663,125,142,392,good
3675,130,136,391,good
3692,113,155,393,good
3693,119,125,389,good
3678,124,136,386,good
3677,122,106,398,good
3666,124,148,362,good
3733,116,137,398,good
3671,126,134,354,good
3664,95,138,373,good
3657,139,133,353,good
3681,115,158,337,good
3663,124,133,337,good
3679,134,136,330,good
3678,134,125,334,good
3680,128,129,323,good
3680,139,133,320,good
3680,141,122,317,good
3689,121,139,318,good
3532,124,132,295,good
3679,129,135,299,good
3679,128,137,295,good
3678,121,131,293,good
3676,116,132,303,good
3680,107,134,285,good
3691,116,136,282,good
3683,119,132,283,good
3677,125,126,284,good
3701,123,109,275,good
3680,108,133,272,good
3680,114,130,263,good
3681,125,128,238,good
3680,121,136,259,good
3679,128,135,256,good
3669,124,132,261,good
3682,101,143,244,good
3678,124,132,244,good
3675,129,136,256,good
3660,121,171,238,good
3679,124,127,284,good
3678,120,133,314,good
3688,120,138,322,good
3580,124,130,333,good
3672,98,141,319,good
3683,123,134,334,good
3679,136,135,337,good
3679,115,134,333,good
3696,128,57,340,good
3666,124,131,310,good
3676,104,141,328,good
3680,131,123,326,good
3677,128,133,320,good
3675,106,132,308,good
3664,128,132,312,good
3657,143,116,304,good
3695,112,120,323,good
3664,122,132,291,good
3702,115,148,288,good
3679,124,137,284,good
3679,124,140,277,good
3679,156,130,287,good
3689,124,138,280,good
3681,124,132,270,good
3648,122,130,252,good
3682,183,132,265,good
3678,131,138,266,good
3672,98,132,254,good
3677,121,132,306,good
3684,126,142,298,good
3680,125,116,314,good
3677,123,132,301,good
3686,134,132,299,good
3677,122,139,281,good
3706,125,115,322,good
3678,111,142,290,good
3671,128,153,291,good
3680,124,126,290,good
3681,135,90,288,good
3682,128,134,294,good
3676,128,149,274,good
3668,93,146,283,good
3675,128,133,376,good
3667,127,133,290,good
3678,125,111,382,good
3680,126,140,384,good
3680,105,169,431,good
3668,120,132,428,good
3678,142,135,438,good
3672,188,134,444,good
3679,134,148,444,good
3661,130,135,434,good
3681,134,131,435,good
3683,133,208,442,good
3678,131,125,450,good
3678,107,134,439,good
3678,133,128,416,good
3679,132,123,441,good
3681,131,58,413,good
3669,125,145,504,good
3691,122,123,512,good
3680,116,152,493,good
3679,118,133,528,good
3681,128,135,499,good
3693,118,120,516,good
3676,41,116,498,good
3679,119,132,490,good
3685,152,158,491,good
3568,129,130,485,good
3677,131,129,476,good
3657,123,132,469,good
3679,129,128,476,good
3674,132,118,460,good
3708,133,134,451,good
3678,129,133,443,good
3678,124,152,438,good
3671,126,146,428,good
3706,107,147,428,good
3690,129,104,413,good
3690,129,124,414,good
3676,126,134,403,good
3678,125,132,393,good
3691,129,133,409,good
3681,123,116,377,good
3674,128,144,379,good
3677,126,128,367,good
3664,123,141,375,good
3669,136,134,364,good
3680,133,143,377,good
3680,0,136,353,good
3649,136,127,351,good
3694,128,114,348,good
3678,129,113,345,good
3683,128,162,330,good
3681,138,116,381,good
3676,109,163,373,good
3666,118,133,260,good
3648,133,142,369,good
3669,228,133,363,good
3679,124,121,359,good
3684,94,143,357,good
3677,128,134,355,good
3691,143,135,359,good
3677,124,121,354,good
3668,126,128,321,good
3675,128,126,351,good
3666,214,134,326,good
3685,128,68,325,good
3691,103,152,321,good
3679,136,137,325,good
3678,130,137,305,good
3681,111,165,299,good
3684,115,147,301,good
3677,131,128,289,good
3675,119,132,286,good
3678,135,130,281,good
3677,122,143,279,good
3678,122,132,274,good
3679,116,134,260,good
3677,126,117,266,good
3679,131,132,240,good
3690,133,53,257,good
3694,133,90,256,good
3674,134,141,250,good
3692,142,108,252,good
3675,131,136,242,good
3677,134,166,248,good
3677,123,135,240,good
3677,137,136,245,good
3680,134,114,246,good
3677,120,137,258,good
3689,152,168,224,good
3677,128,136,229,good
3679,126,123,243,good
3674,136,132,227,good
3679,121,133,225,good
3664,136,133,206,good
3664,123,132,218,good
3680,138,123,326,good
3677,129,134,267,good
3688,124,143,304,good
3679,66,139,272,good
3688,126,108,283,good
3685,126,120,281,good
3683,128,112,276,good
3646,128,149,273,good
3680,126,151,251,good
3680,141,124,336,good
3690,112,140,260,good
3671,113,145,258,good
3677,126,143,257,good
3700,123,134,246,good
3670,130,136,227,good
3692,99,134,242,good
3689,113,134,260,good
3673,125,133,243,good
3679,149,121,234,good
3685,131,164,236,good
3700,108,148,225,good
3655,136,134,242,good
3708,134,128,288,good
3677,134,139,275,good
3693,104,134,270,good
3665,134,140,287,good
3671,101,132,260,good
3676,186,134,279,good
3678,129,136,278,good
3693,123,133,270,good
3682,133,134,289,good
3697,140,104,275,good
3678,126,143,250,good
3813,106,132,266,good
3685,134,119,275,good
3684,131,131,260,good
3677,69,153,260,good
3683,119,134,260,good
3676,138,132,248,good
3705,130,134,245,good
3691,130,134,234,good
3681,156,104,243,good
3680,114,142,235,good
3674,130,149,250,good
3674,106,163,230,good
3683,148,121,225,good
3803,132,135,204,good
3707,124,137,243,good
3682,120,144,196,good
3676,128,137,236,good
3676,131,118,217,good
3679,122,129,206,good
3680,135,136,208,good
3683,249,132,209,good
3683,142,142,225,good
3677,150,118,197,good
3853,135,134,208,good
3677,134,135,247,good
3678,135,142,243,good
3679,133,143,245,good
3675,142,134,254,good
3682,133,139,266,good
3681,123,123,258,good
3682,135,136,248,good
3673,130,131,248,good
3636,113,128,263,good
3674,132,134,303,good
3687,130,35,298,good
3665,132,150,300,good
3649,133,121,298,good
3679,131,164,295,good
3648,130,134,297,good
3667,133,138,290,good
3685,132,135,294,good
3687,128,121,322,good
3677,132,125,332,good
3678,130,131,323,good
3674,129,166,333,good
3667,128,141,306,good
3669,132,132,334,good
3665,128,135,315,good
3678,128,135,322,good
3678,132,125,325,good
3674,128,108,337,good
3675,126,131,323,good
3682,139,134,317,good
3674,104,131,308,good
3677,131,136,300,good
3704,126,134,370,good
3678,132,136,296,good
3677,98,140,299,good
3677,119,123,292,good
3679,135,136,270,good
3663,127,148,285,good
3685,131,135,269,good
3693,118,152,273,good
3682,123,123,256,good
3679,148,140,271,good
3677,126,133,271,good
3678,125,113,256,good
3670,117,142,273,good
3681,134,169,291,good
3672,110,151,293,good
3666,121,138,294,good
3679,112,140,305,good
3662,120,61,304,good
3679,126,146,308,good
3674,184,141,308,good
3681,105,148,306,good
3683,124,142,309,good
3681,125,139,302,good
3674,130,150,294,good
3685,130,143,288,good
3670,105,133,301,good
3668,122,155,251,good
3745,125,141,328,good
3681,123,168,314,good
3671,103,131,328,good
3683,128,125,338,good
3676,136,158,303,good
3704,133,129,320,good
3676,136,115,315,good
3687,115,145,314,good
3677,164,138,309,good
3655,135,128,304,good
3685,144,138,311,good
3688,148,122,327,good
3677,133,125,378,good
3678,135,147,414,good
3676,114,142,416,good
3681,162,137,429,good
3679,131,144,436,good
3689,138,133,437,good
3667,112,151,417,good
3635,135,136,441,good
3679,133,162,424,good
3688,140,138,431,good
3679,157,143,428,good
3669,116,136,405,good
3682,135,136,415,good
3678,124,134,400,good
3680,132,129,404,good
3677,139,158,384,good
3678,153,110,410,good
3669,137,129,400,good
3671,123,216,441,good
3656,124,93,423,good
3662,110,149,405,good
3678,97,135,415,good
3661,120,136,403,good
3709,84,135,407,good
3645,128,136,401,good
3675,121,137,396,good
3684,139,135,386,good
3677,121,144,384,good
3680,184,137,378,good
3672,128,125,364,good
3685,124,177,365,good
3677,113,135,360,good
3681,216,129,353,good
3673,112,141,353,good
3727,129,136,340,good
3689,104,154,340,good
3684,128,148,332,good
3710,128,138,336,good
3676,126,129,334,good
3691,117,135,320,good
3676,125,135,314,good
3676,125,133,310,good
3661,130,142,308,good
3669,117,143,313,good
3685,125,135,296,good
3677,108,134,292,good
3685,123,111,291,good
3673,129,156,285,good
3680,128,131,284,good
3663,125,139,286,good
3678,138,136,280,good
3689,129,0,273,good
3679,120,136,272,good
3680,153,128,278,good
3681,120,137,265,good
3686,125,136,273,good
3670,130,93,253,good
3679,124,128,266,good
3686,163,131,233,good
3708,121,120,250,good
3677,153,131,243,good
3666,89,146,237,good
3681,208,132,236,good
3678,121,132,233,good
3680,126,106,237,good
3679,123,29,216,good
3687,100,133,222,good
3677,116,136,220,good
3687,118,158,214,good
3675,125,124,218,good
3678,124,130,212,good
3678,126,112,226,good
3664,119,125,186,good
3686,126,143,211,good
3669,125,124,199,good
3683,118,116,208,good
3661,121,228,211,good
3677,120,122,185,good
3641,122,130,205,good
3680,111,133,196,good
3668,121,140,195,good
3685,124,125,196,good
3679,114,134,197,good
3677,122,134,206,good
3689,112,134,278,good
3689,125,142,184,good
3676,103,133,198,good
3679,122,138,180,good
3784,126,133,156,good
3680,125,139,176,good
3669,125,136,188,good
3672,126,139,173,good
3678,132,140,181,good
3681,139,109,188,good
3637,128,146,189,good
3671,142,140,176,good
3669,164,170,184,good
3679,146,140,176,good
3679,136,143,182,good
3689,154,136,186,good
3673,125,142,180,good
3677,128,154,162,good
3683,160,139,166,good
3687,152,145,184,good
3656,149,142,167,good
3676,156,128,167,good
3680,171,132,165,good
3675,160,143,158,good
3678,140,150,150,good
3680,153,140,164,good
3684,143,141,172,good
3669,147,92,161,good
3684,146,146,178,good
3679,153,148,153,good
3672,143,161,156,good
3679,143,128,236,good
3680,136,140,244,good
3679,160,134,276,good
3665,142,304,260,good
3649,147,140,253,good
3678,224,130,264,good
3680,144,143,266,good
3664,143,154,245,good
3639,145,141,275,good
3685,145,136,265,good
3680,143,150,257,good
3683,140,134,281,good
3661,142,138,258,good
3687,117,158,261,good
3683,142,96,268,good
3682,138,138,279,good
3674,145,42,278,good
3766,154,141,268,good
3687,136,144,264,good
3680,138,166,264,good
3675,126,123,267,good
3678,148,140,256,good
3682,238,138,247,good
3649,140,144,236,good
3678,134,141,243,good
3678,136,132,238,good
3676,137,119,243,good
3678,160,134,234,good
3679,146,142,216,good
3695,136,131,230,good
3679,134,140,221,good
3703,157,149,219,good
3681,136,136,223,good
3676,107,148,228,good
3704,133,137,228,good
3679,136,138,216,good
3675,142,137,203,good
3533,135,138,189,good
3677,136,136,223,good
3678,143,135,207,good
3676,111,137,211,good
3671,158,126,201,good
3663,134,138,196,good
3674,146,112,219,good
3678,136,170,204,good
3694,129,121,200,good
3658,134,138,200,good
3675,133,128,216,good
3677,153,119,208,good
3674,133,137,175,good
3678,130,137,185,good
3679,116,135,186,good
3680,148,124,196,good
3679,150,113,194,good
3678,128,125,198,good
3656,135,138,183,good
3676,138,128,180,good
3666,129,150,179,good
3750,135,136,174,good
3682,111,136,188,good
3654,139,125,178,good
3678,132,137,215,good
3669,147,17,213,good
3671,135,121,220,good
3679,135,136,216,good
3681,128,137,208,good
3689,164,138,206,good
3676,133,118,220,good
3681,154,126,222,good
3681,139,138,197,good
3665,128,134,218,good
3678,125,137,215,good
3684,130,134,212,good
3671,129,151,208,good
3678,129,144,202,good
3686,128,136,217,good
3676,110,136,222,good
3680,130,141,201,good
3706,124,115,202,good
3679,130,135,196,good
3678,132,123,200,good
3684,129,189,195,good
3681,118,136,190,good
3678,64,153,191,good
3692,154,128,190,good
3678,119,128,166,good
3682,125,144,208,good
3676,114,131,193,good
3683,106,153,228,good
3654,126,136,246,good
3663,119,139,244,good
3708,131,136,256,good
3676,118,152,244,good
3680,128,134,253,good
3668,125,134,237,good
3680,100,130,268,good
3675,122,146,245,good
3677,123,152,242,good
3689,104,131,310,good
3684,130,138,234,good
3664,124,128,250,good
3680,121,134,228,good
3678,125,130,228,good
3664,128,150,225,good
3681,134,139,224,good
3670,150,142,202,good
3666,119,140,222,good
3676,127,129,215,good
3663,140,131,206,good
3675,251,128,212,good
3658,128,134,194,good
3680,123,123,207,good
3669,127,138,201,good
3695,128,135,186,good
3670,138,106,202,good
3679,103,160,199,good
3678,127,129,185,good
3679,119,133,187,good
3679,116,136,190,good
3674,126,132,198,good
3683,125,149,208,good
3677,129,128,272,good
3681,124,133,188,good
3677,123,132,193,good
3669,114,143,185,good
3686,141,139,176,good
3666,120,139,180,good
3679,128,135,179,good
3665,126,141,179,good
3662,126,146,225,good
3675,150,133,230,good
3660,123,273,238,good
3686,125,145,312,good
3677,138,138,306,good
3799,128,139,332,good
3680,126,35,338,good
3677,113,130,355,good
3677,128,128,334,good
3635,102,160,295,good
3664,110,142,333,good
3679,124,132,316,good
3675,191,137,333,good
3679,127,134,329,good
3682,16,137,322,good
3677,121,27,320,good
3698,124,130,318,good
3678,129,137,306,good
3682,123,150,313,good
3696,101,135,301,good
3675,113,136,401,good
3664,130,120,409,good
3680,122,134,386,good
3706,117,144,390,good
3682,123,129,392,good
3695,124,131,392,good
3674,192,135,392,good
3679,133,166,386,good
3664,105,145,396,good
3681,111,121,391,good
3675,146,114,382,good
3680,120,143,380,good
3678,147,123,378,good
3651,129,133,373,good
3681,128,138,365,good
3680,124,112,357,good
3682,143,136,289,good
3668,124,134,342,good
3680,127,134,321,good
3681,141,137,338,good
3686,128,184,336,good
3667,123,136,330,good
3680,134,134,321,good
3678,127,140,317,good
3679,122,135,311,good
3676,121,135,302,good
3684,112,134,307,good
3681,92,146,301,good
3680,121,146,294,good
3671,149,115,308,good
3661,150,134,266,good
3679,121,134,337,good
3673,114,136,334,good
3650,122,134,330,good
3688,124,136,331,good
3531,121,135,345,good
3688,123,129,319,good
3677,126,145,345,good
3668,130,159,340,good
3688,134,84,338,good
3678,124,136,333,good
3681,137,138,336,good
3669,132,128,306,good
3678,133,128,305,good
3675,114,128,314,good
3682,133,117,292,good
3695,133,128,304,good
3679,145,134,296,good
3675,132,111,289,good
3527,133,133,297,good
3708,134,136,282,good
3682,112,156,262,good
3672,138,136,256,good
3678,135,136,268,good
3681,131,135,259,good
3665,126,152,250,good
3677,144,113,272,good
3678,126,150,249,good
3682,128,118,271,good
3697,129,125,250,good
3671,114,132,256,good
3679,129,145,253,good
3664,117,126,262,good
3688,128,133,244,good
3678,138,134,245,good
3706,135,142,233,good
3681,126,132,205,good
3674,128,145,249,good
3678,129,132,219,good
3662,123,131,215,good
3667,154,136,248,good
3664,131,132,254,good
3701,125,8,258,good
3675,0,134,264,good
3677,202,118,261,good
3663,141,129,246,good
3667,116,131,250,good
3689,142,134,262,good
3665,111,141,258,good
3681,151,129,273,good
3678,103,133,299,good
3679,134,140,311,good
3675,125,133,299,good
3673,111,131,294,good
3668,148,138,279,good
3831,128,130,302,good
3684,133,112,293,good
3667,125,163,290,good
3675,141,104,332,good
3772,128,136,312,good
3680,123,114,337,good
3682,126,122,338,good
3688,126,61,336,good
3675,123,145,335,good
3679,122,128,321,good
3678,140,135,326,good
3676,18,152,323,good
3679,133,140,331,good
3668,128,135,320,good
3681,125,146,320,good
3669,122,233,334,good
3686,97,141,315,good
3666,125,135,306,good
3677,125,131,307,good
3659,118,154,302,good
3691,124,135,296,good
3679,123,134,290,good
3659,123,132,276,good
3703,131,110,284,good
3678,125,132,284,good
3680,124,91,264,good
3679,125,133,269,good
3665,191,148,264,good
3683,123,134,250,good
3679,121,123,257,good
3689,99,141,253,good
3677,120,134,251,good
3677,115,140,218,good
3677,123,125,248,good
3681,123,186,247,good
3661,125,132,245,good
3666,206,148,237,good
3693,118,106,242,good
3671,139,131,216,good
3680,124,126,224,good
3657,123,204,226,good
3680,125,118,239,good
3682,87,133,217,good
3671,123,138,210,good
3689,108,141,212,good
3650,135,132,208,good
3676,120,125,210,good
3681,123,131,188,good
3691,131,140,201,good
3678,167,133,203,good
3678,126,138,200,good
3658,126,140,195,good
3680,129,134,190,good
3705,168,133,205,good
3652,114,132,183,good
3678,130,135,188,good
3679,126,154,184,good
3675,130,112,184,good
3674,134,115,196,good
3678,128,133,175,good
3666,118,135,172,good
3675,128,131,173,good
3677,121,136,199,good
3694,125,124,211,good
3673,124,135,222,good
3678,144,128,208,good
3698,102,131,210,good
3677,120,128,216,good
3676,113,162,205,good
3657,128,138,212,good
3691,112,134,211,good
3677,128,132,208,good
3685,130,133,282,good
3679,109,132,262,good
3675,151,126,262,good
3672,147,138,244,good
3671,119,134,282,good
3685,126,133,267,good
3677,125,145,272,good
3663,123,149,248,good
3664,123,123,294,good
3678,121,131,256,good
3689,133,208,258,good
3677,255,130,256,good
3678,125,131,253,good
3687,126,134,240,good
3674,139,133,259,good
3677,106,136,243,good
3778,130,132,248,good
3679,127,136,237,good
3679,156,125,283,good
3672,109,133,311,good
3633,126,130,316,good
3668,138,132,294,good
3705,128,136,320,good
3677,137,122,323,good
3668,103,130,258,good
3658,122,202,364,good
3676,126,147,353,good
3677,132,99,365,good
3678,131,164,374,good
3683,122,133,392,good
3678,134,128,370,good
3660,136,132,366,good
3679,128,120,364,good
3674,156,130,362,good
3678,131,141,358,good
3673,128,140,352,good
3679,111,145,334,good
3676,128,135,335,good
3677,124,139,345,good
3664,125,134,330,good
3679,125,139,310,good
3680,128,133,317,good
3681,143,136,312,good
3738,108,130,183,good
3677,136,136,306,good
3678,126,132,303,good
3677,138,132,303,good
3677,106,133,296,good
3689,136,66,310,good
3684,128,134,292,good
3679,132,152,288,good
3665,129,134,269,good
3679,114,133,292,good
3657,133,93,276,good
3762,126,133,251,good
3684,153,139,270,good
3654,126,133,261,good
3675,126,146,233,good
3678,131,137,259,good
3677,136,135,254,good
3684,120,137,257,good
3695,116,134,246,good
3649,130,137,231,good
3704,123,130,238,good
3683,151,134,243,good
3678,216,134,235,good
3679,155,128,230,good
3659,117,95,231,good
3683,115,133,231,good
3676,126,134,220,good
3679,126,134,218,good
3677,126,138,216,good
3665,125,131,259,good
3678,129,139,272,good
3636,133,132,269,good
3686,120,134,271,good
3666,133,139,254,good
3680,138,111,274,good
3674,126,134,270,good
3696,120,52,261,good
3666,121,115,266,good
3679,104,131,258,good
3679,122,135,257,good
3685,149,124,257,good
3699,109,131,256,good
3679,118,133,270,good
3684,116,133,245,good
3659,138,136,192,good
3679,133,135,241,good
3699,111,134,248,good
3671,124,131,234,good
3685,173,116,245,good
3678,125,133,238,good
3659,122,136,234,good
3676,118,134,233,good
3677,102,139,227,good
3666,148,134,223,good
3679,90,149,224,good
3677,124,131,220,good
3665,120,129,207,good
3697,144,129,274,good
3679,135,160,212,good
3675,118,126,230,good
3681,117,159,184,good
3676,97,138,198,good
3765,140,137,306,good
3679,124,149,190,good
3675,126,118,226,good
3681,126,126,261,good
3675,124,151,258,good
3665,144,132,256,good
3682,131,138,264,good
3662,120,102,270,good
3672,95,133,262,good
3690,123,137,260,good
3684,120,146,252,good
3685,122,41,264,good
3685,104,126,297,good
3667,112,129,293,good
3675,121,134,294,good
3681,120,130,297,good
3669,120,132,300,good
3613,119,133,298,good
3667,120,137,294,good
3654,129,128,301,good
3687,122,135,297,good
3679,122,130,268,good
3679,124,132,291,good
3663,128,125,289,good
3675,105,137,282,good
3687,124,128,278,good
3617,121,132,265,good
3679,120,104,279,good
3650,112,144,249,good
3681,120,133,265,good
3685,132,125,241,good
3687,104,134,257,good
3687,114,134,250,good
3684,189,131,245,good
3680,121,125,256,good
3696,112,113,229,good
3658,122,131,240,good
3672,128,134,276,good
3698,117,114,330,good
3672,134,121,316,good
3677,133,119,332,good
3703,130,134,346,good
3679,133,185,324,good
3675,147,116,354,good
3702,130,132,340,good
3678,131,132,342,good
3681,144,132,356,good
3678,120,152,362,good
3657,128,130,373,good
3678,129,128,390,good
3694,130,130,380,good
3680,128,133,376,good
3675,117,132,377,good
3679,140,134,358,good
3671,99,133,373,good
3680,117,130,363,good
3686,130,104,345,good
3688,133,192,353,good
3676,135,134,333,good
3692,109,135,338,good
3680,131,128,337,good
3665,138,137,341,good
3680,136,132,335,good
3677,117,136,328,good
3675,93,121,340,good
3678,128,146,312,good
3681,24,150,310,good
3691,108,145,317,good
3677,119,125,322,good
3656,130,128,307,good
3676,117,132,296,good
3675,146,129,290,good
3667,129,133,318,good
3679,149,132,330,good
3677,140,139,334,good
3695,147,132,292,good
3679,71,133,327,good
3679,126,128,325,good
3678,134,156,324,good
3679,132,136,317,good
3667,135,105,314,good
3681,100,131,392,good
3676,228,114,382,good
3677,131,165,384,good
3673,128,128,364,good
3679,129,119,390,good
3677,119,131,381,good
3676,140,134,371,good
3673,148,133,376,good
3682,145,125,372,good
3665,147,136,376,good
3675,125,117,372,good
3674,124,132,363,good
3680,109,140,356,good
3665,77,126,352,good
3684,131,99,336,good
3680,123,130,308,good
3683,95,130,330,good
3681,123,132,320,good
3666,133,103,326,good
3695,129,132,315,good
3679,132,134,320,good
3672,102,144,317,good
3680,131,136,310,good
3666,129,137,308,good
3679,125,131,299,good
3679,153,128,296,good
3692,130,118,302,good
3668,129,134,335,good
3644,128,139,320,good
3695,132,136,355,good
3676,137,143,362,good
3660,128,134,354,good
3796,121,132,366,good
3707,134,111,369,good
3687,126,134,365,good
3679,128,139,365,good
3679,121,152,355,good
3683,114,130,368,good
3700,125,134,359,good
3678,165,115,348,good
3671,130,136,346,good
3667,126,132,323,good
3684,122,113,329,good
3679,251,132,322,good
3679,129,130,344,good
3658,134,136,358,good
3687,104,136,356,good
3759,139,134,343,good
3689,126,132,350,good
3677,126,130,344,good
3676,124,136,346,good
3679,125,132,347,good
3674,111,116,343,good
3678,121,135,363,good
3656,133,116,337,good
3679,121,138,328,good
3671,121,142,330,good
3695,90,140,327,good
3679,137,135,324,good
3667,121,131,289,good
3685,111,139,329,good
3672,125,132,278,good
3679,122,135,297,good
3689,116,131,292,good
3680,19,134,288,good
3680,125,141,279,good
3677,49,152,278,good
3682,124,137,294,good
3692,131,106,274,good
3697,119,10,262,good
3677,148,135,261,good
3666,120,188,261,good
3659,125,136,267,good
3677,123,134,251,good
3681,108,135,249,good
3649,120,133,239,good
3679,128,138,252,good
3677,133,137,210,good
3677,104,133,196,good
3675,149,131,240,good
3681,124,134,256,good
3678,123,135,256,good
3670,102,150,237,good
3677,123,131,249,good
3675,123,148,247,good
3680,124,134,250,good
3680,40,135,250,good
3679,119,154,227,good
3678,120,125,233,good
3679,123,159,256,good
3677,122,136,234,good
3676,119,135,222,good
3680,125,180,224,good
3678,132,143,227,good
3674,103,137,219,good
3660,119,297,223,good
3673,93,144,231,good
3682,107,134,221,good
3679,133,135,218,good
3669,122,128,239,good
3691,136,121,213,good
3673,127,139,222,good
3675,131,135,204,good
3676,129,140,213,good
3677,126,135,201,good
3687,98,140,197,good
3679,137,136,305,good
3681,123,132,234,good
3685,126,122,271,good
3681,125,132,238,good
3677,126,136,234,good
3677,138,120,241,good
3681,124,134,240,good
3677,122,116,239,good
3663,124,133,234,good
3677,116,119,245,good
3677,126,150,234,good
3692,125,135,228,good
3771,133,109,238,good
3678,124,141,217,good
3676,126,133,230,good
3657,121,141,220,good
3675,118,130,246,good
3676,105,136,185,good
3678,123,137,216,good
3683,143,140,198,good
3679,123,133,200,good
3679,120,119,212,good
3683,123,123,209,good
3677,128,128,201,good
3649,134,138,282,good
3676,126,132,196,good
3678,236,112,196,good
3679,125,118,203,good
3667,139,136,189,good
3676,130,122,194,good
3688,126,125,184,good
3670,118,144,188,good
3672,70,134,181,good
3649,132,137,268,good
3676,16,132,176,good
3679,72,111,183,good
3675,96,129,178,good
3681,123,136,184,good
3682,113,155,205,good
3678,137,133,238,good
3682,120,131,230,good
3636,123,134,252,good
3674,126,91,228,good
3706,124,145,258,good
3680,122,121,237,good
3675,122,122,286,good
3664,144,136,264,good
3690,122,111,304,good
3666,120,0,284,good
3675,125,146,300,good
3695,115,134,291,good
3656,124,134,289,good
3689,121,137,279,good
3697,122,122,289,good
3677,121,132,282,good
3666,120,193,286,good
3665,119,134,275,good
3678,118,128,282,good
3677,147,135,275,good
3676,116,128,287,good
3662,126,140,267,good
3686,99,137,260,good
3676,100,133,289,good
3677,113,132,298,good
3681,102,133,308,good
3670,124,133,306,good
3679,119,128,310,good
3675,129,136,304,good
3678,111,129,343,good
3681,120,128,374,good
3678,108,132,428,good
3677,166,115,432,good
3679,103,130,428,good
3685,120,43,446,good
3620,121,135,444,good
3661,121,131,446,good
3675,142,129,447,good
3677,119,134,452,good
3685,148,140,453,good
3611,119,128,496,good
3677,122,128,501,good
3650,114,134,484,good
3674,109,129,489,good
3677,119,132,486,good
3677,121,128,482,good
3665,136,124,478,good
3580,137,129,473,good
3687,147,132,469,good
3676,110,132,485,good
3671,119,152,457,good
3671,121,91,445,good
3680,116,144,440,good
3700,114,134,434,good
3682,114,139,420,good
3680,120,144,418,good
3665,104,131,423,good
3679,120,104,410,good
3684,134,133,392,good
3671,120,131,396,good
3664,122,133,365,good
3659,135,117,376,good
3669,118,133,367,good
3679,118,150,363,good
3674,137,117,359,good
3685,119,119,361,good
3660,115,143,336,good
3704,125,131,344,good
3684,91,159,340,good
3677,120,121,339,good
3678,124,131,327,good
3697,105,131,333,good
3673,96,132,326,good
3679,118,133,313,good
3673,133,130,304,good
3702,126,122,310,good
3677,106,144,347,good
3675,114,217,347,good
3664,116,68,342,good
3682,118,123,344,good
3699,122,133,339,good
3678,110,135,338,good
3657,112,142,338,good
3677,119,122,336,good
3663,119,133,372,good
3693,126,107,382,good
3682,93,128,446,good
3677,136,122,460,good
3675,119,124,382,good
3675,121,112,371,good
3668,119,128,370,good
3691,110,120,370,good
3705,116,111,410,good
3567,123,134,419,good
3687,138,126,420,good
3673,93,134,449,good
3675,122,124,451,good
3775,120,133,440,good
3671,119,136,452,good
3671,121,90,454,good
3680,121,136,484,good
3678,119,129,452,good
3679,120,132,454,good
3689,118,115,459,good
3685,117,120,443,good
3678,114,184,446,good
3651,116,205,432,good
3680,193,134,425,good
3668,116,131,398,good
3677,119,146,408,good
3690,150,134,437,good
3686,116,133,442,good
3672,116,106,452,good
3674,136,136,440,good
3677,118,126,444,good
3672,124,147,428,good
3703,120,116,439,good
3685,144,128,414,good
3685,125,129,450,good
3674,124,143,444,good
3680,127,160,481,good
3675,115,134,502,good
3683,136,135,483,good
3671,128,139,494,good
3679,128,136,492,good
3633,133,110,503,good
3671,124,120,477,good
3672,126,136,478,good
3707,125,112,482,good
3658,119,154,457,good
3682,119,110,470,good
3678,128,134,463,good
3682,103,133,464,good
3679,123,122,448,good
3669,128,286,449,good
3680,122,119,428,good
3678,123,141,426,good
3674,114,130,557,good
3681,119,154,405,good
3677,131,111,401,good
3680,128,130,392,good
3633,108,133,355,good
3683,123,136,380,good
3665,93,136,378,good
3677,108,158,368,good
3679,167,137,368,good
3675,116,135,385,good
3650,125,136,340,good
3692,122,61,342,good
3668,144,122,344,good
3675,115,139,329,good
3662,132,110,346,good
3677,93,142,325,good
3679,121,134,318,good
3652,123,134,309,good
3677,131,134,310,good
3676,136,114,306,good
3677,106,129,311,good
3686,151,135,285,good
3665,120,134,293,good
3680,122,133,338,good
3676,0,136,338,good
3676,132,56,338,good
3678,123,151,339,good
3675,130,137,342,good
3676,135,144,340,good
3677,123,138,336,good
3677,109,145,329,good
3684,100,135,324,good
3678,125,135,320,good
3661,113,133,312,good
3679,121,118,310,good
3666,60,128,333,good
3679,121,148,333,good
3661,137,137,341,good
3811,101,133,347,good
3678,138,112,423,good
3679,118,138,428,good
3685,121,121,464,good
3685,119,121,482,good
3681,114,126,489,good
3672,116,128,490,good
3677,121,128,510,good
3675,128,136,512,good
3669,126,117,507,good
3674,134,136,499,good
3670,126,133,477,good
3659,118,144,489,good
3676,116,136,487,good
3678,119,136,480,good
3681,120,125,477,good
3678,108,133,484,good
3674,118,112,463,good
3677,144,126,458,good
3672,93,143,454,good
3671,118,130,414,good
3708,115,136,444,good
3676,120,139,406,good
3699,133,144,415,good
3677,130,137,406,good
3680,109,148,402,good
3703,128,119,408,good
3672,137,141,392,good
3678,129,144,382,good
3673,125,132,371,good
3680,114,134,418,good
3678,119,121,396,good
3679,112,141,400,good
3678,118,134,492,good
3677,108,132,468,good
3676,118,104,479,good
3677,118,134,475,good
3677,106,131,490,good
3709,120,113,477,good
3679,123,128,453,good
3671,136,115,484,good
3672,124,132,467,good
3681,121,130,475,good
3675,117,134,451,good
3677,125,139,452,good
3674,118,116,448,good
3675,126,135,456,good
3677,138,130,432,good
3702,120,130,431,good
3685,46,115,416,good
3679,110,122,408,good
3687,118,131,402,good
3659,116,135,396,good
3679,119,136,402,good
3671,128,13,380,good
3667,121,122,381,good
3684,122,132,358,good
3656,125,132,357,good
3680,121,118,366,good
3677,120,142,352,good
3678,111,136,343,good
3647,125,134,274,good
3677,112,135,363,good
3661,132,135,262,good
3686,122,144,305,good
3676,122,131,313,good
3654,109,136,306,good
3698,119,132,307,good
3673,108,133,313,good
3679,106,137,295,good
3676,120,140,293,good
3720,111,154,287,good
3678,136,122,286,good
3674,123,136,285,good
3676,122,128,280,good
3681,106,146,252,good
3679,122,116,267,good
3643,125,134,263,good
3675,96,132,259,good
3659,119,296,256,good
3678,85,155,245,good
3673,122,118,248,good
3676,114,141,170,good
3696,116,226,241,good
3678,119,133,252,good
3673,117,180,229,good
3679,117,125,216,good
3699,116,128,241,good
3703,120,137,232,good
3680,109,153,222,good
3611,137,138,213,good
3679,121,138,204,good
3676,120,130,208,good
3684,135,128,219,good
3677,120,137,208,good
3668,144,137,204,good
3673,128,138,214,good
3595,119,126,203,good
3671,119,132,199,good
3669,113,132,178,good
3661,119,136,183,good
3675,115,113,201,good
3667,109,161,190,good
3672,114,139,188,good
3652,129,141,189,good
3695,121,14,183,good
3680,118,138,200,good
3684,139,119,191,good
3677,126,137,192,good
3695,122,234,189,good
3681,122,123,206,good
3696,119,137,176,good
3668,123,136,172,good
3665,120,136,179,good
3660,121,204,179,good
3677,116,136,174,good
3679,120,156,177,good
3677,115,114,176,good
3684,182,138,174,good
3685,117,128,170,good
3668,126,75,183,good
3678,98,132,214,good
3679,117,121,169,good
3679,116,136,166,good
3678,119,106,166,good
3647,124,134,154,good
3675,120,132,162,good
3670,134,134,156,good
3689,144,157,143,good
3675,145,136,197,good
3679,120,107,248,good
3665,123,131,248,good
3666,122,142,229,good
3665,121,132,260,good
3673,136,135,247,good
3690,89,140,272,good
3667,116,135,262,good
3685,115,178,250,good
3766,121,133,257,good
3679,137,133,195,good
3691,111,134,264,good
3679,131,135,240,good
3648,123,132,166,good
3681,140,136,247,good
3673,119,132,240,good
3678,120,125,249,good
3672,94,142,258,good
3694,117,21,354,good
3682,123,138,362,good
3648,101,139,342,good
3676,106,135,389,good
3677,109,131,388,good
3679,120,135,398,good
3691,117,122,404,good
3698,112,133,402,good
3673,119,199,392,good
3680,107,133,407,good
3668,105,132,397,good
3677,109,132,396,good
3675,120,132,376,good
3689,96,137,387,good
3683,123,181,386,good
3670,118,131,366,good
3686,118,135,399,good
3698,121,134,405,good
3679,120,128,400,good
3671,141,119,408,good
3692,107,134,420,good
3658,117,148,378,good
3673,91,134,391,good
3681,118,131,395,good
3672,137,128,376,good
3677,119,126,379,good
3676,125,113,370,good
3675,118,132,366,good
3684,148,123,363,good
3686,120,133,352,good
3673,117,110,354,good
3679,104,135,343,good
3677,123,134,339,good
3671,119,122,334,good
3678,123,133,331,good
3646,128,124,360,good
3669,121,138,369,good
3677,118,144,371,good
3661,102,127,350,good
3676,117,139,377,good
3677,115,108,364,good
3679,92,146,398,good
3674,203,126,404,good
3682,80,132,402,good
3666,130,132,402,good
3682,101,139,406,good
3683,113,130,400,good
3680,118,159,399,good
3819,119,136,400,good
3675,99,133,362,good
3674,93,143,383,good
3675,131,135,381,good
3672,99,130,378,good
3687,120,135,360,good
3663,96,132,308,good
3664,112,141,358,good
3675,116,132,349,good
3652,116,123,348,good
3678,118,143,339,good
3677,132,154,336,good
3528,113,131,305,good
3672,107,145,337,good
3687,117,125,324,good
3681,119,132,313,good
3696,94,144,297,good
3678,116,129,301,good
3709,119,115,303,good
3687,117,126,297,good
3675,143,150,289,good
3663,123,126,289,good
3715,119,133,338,good
3679,132,133,321,good
3680,119,147,315,good
3676,98,151,288,good
3682,117,144,318,good
3665,121,134,318,good
3675,94,144,323,good
3669,119,144,371,good
3686,106,146,389,good
3679,117,155,407,good
3618,123,134,410,good
3673,82,146,409,good
3690,119,128,413,good
3660,116,37,410,good
3653,129,134,411,good
3678,119,133,409,good
3634,119,133,407,good
3676,147,128,457,good
3677,121,134,489,good
3677,118,128,495,good
3667,114,132,501,good
3672,117,126,515,good
3676,117,132,499,good
3645,117,133,494,good
3669,116,133,502,good
3679,120,132,488,good
3678,114,133,485,good
3655,110,152,482,good
3676,112,133,481,good
3649,125,142,471,good
3676,139,135,470,good
3677,118,135,458,good
3744,123,134,460,good
3680,122,125,452,good
3676,125,163,442,good
3677,123,130,415,good
3677,121,131,478,good
3694,122,134,474,good
3669,124,134,456,good
3689,120,129,469,good
3662,137,134,472,good
3668,120,133,440,good
3681,132,121,455,good
3675,121,147,426,good
3678,116,132,492,good
3681,122,141,536,good
3637,110,162,483,good
3681,121,119,499,good
3683,120,134,509,good
3706,122,123,509,good
3663,115,134,553,good
3672,19,152,498,good
3667,122,134,486,good
3645,123,137,498,good
3678,140,138,468,good
3671,111,133,493,good
3673,121,139,473,good
3677,121,141,462,good
3704,120,123,515,good
3676,112,152,506,good
3671,115,137,496,good
3674,133,133,491,good
3679,131,137,491,good
3773,123,140,542,good
3665,118,130,475,good
3673,94,128,484,good
3649,133,132,460,good
3689,121,137,470,good
3676,0,135,448,good
3676,119,124,456,good
3652,124,136,441,good
3668,116,134,430,good
3669,128,136,440,good
3676,123,133,413,good
3680,120,128,395,good
3818,123,129,381,good
3706,122,133,394,good
3677,115,229,402,good
3678,98,132,375,good
3677,129,123,367,good
3639,103,124,333,good
3689,149,133,345,good
3685,120,15,346,good
3679,131,138,377,good
3668,117,96,340,good
3677,172,131,327,good
3677,131,129,326,good
3675,120,145,336,good
3689,111,132,482,good
3658,115,202,396,good
3688,117,121,368,good
3672,108,133,408,good
3685,200,134,398,good
3663,124,128,399,good
3653,119,132,394,good
3660,98,136,380,good
3682,0,131,387,good
3674,122,128,386,good
3672,121,138,374,good
3679,119,136,384,good
3676,107,129,368,good
3688,90,157,360,good
3677,118,131,355,good
3542,113,132,239,good
3680,146,136,344,good
3678,119,134,338,good
3675,135,125,338,good
3671,132,162,334,good
3686,2,117,325,good
3681,100,131,319,good
3668,91,141,323,good
3678,113,137,309,good
3685,116,133,235,good
3679,118,135,300,good
3682,117,116,297,good
3681,116,134,300,good
3672,120,161,282,good
3678,185,148,275,good
3676,120,138,277,good
3693,115,142,278,good
3676,123,134,291,good
3675,120,132,258,good
3665,120,133,264,good
3682,98,141,258,good
3695,120,137,264,good
3682,113,132,250,good
3670,120,133,234,good
3684,116,126,251,good
3679,146,132,240,good
3682,118,131,240,good
3678,120,133,231,good
3679,119,131,232,good
3683,206,128,270,good
3674,131,146,268,good
3706,117,114,304,good
3678,118,139,277,good
3673,128,112,274,good
3692,90,133,266,good
3669,113,128,282,good
3674,109,131,266,good
3688,111,135,265,good
3593,120,131,321,good
3678,123,131,347,good
3670,126,132,352,good
3689,123,134,366,good
3677,120,122,364,good
3683,121,136,358,good
3682,134,136,372,good
3675,122,132,281,good
3667,101,133,349,good
3670,119,257,356,good
3692,100,133,351,good
3691,120,120,353,good
3682,191,132,342,good
3675,128,135,342,good
3670,199,119,340,good
3845,122,133,345,good
3680,126,123,332,good
3667,112,134,334,good
3677,121,118,331,good
3679,121,133,327,good
3678,121,134,314,good
3680,129,164,316,good
3678,117,105,320,good
3651,118,130,301,good
3718,119,110,308,good
3681,32,132,295,good
3689,108,161,293,good
3681,118,144,291,good
3678,117,145,300,good
3691,133,132,279,good
3683,115,132,266,good
3690,117,132,269,good
3667,118,129,262,good
3677,104,131,267,good
3693,120,117,261,good
3671,94,125,264,good
3672,121,137,310,good
3672,97,136,305,good
3681,115,134,343,good
3685,122,131,300,good
3678,119,135,310,good
3681,122,131,299,good
3669,121,139,305,good
3677,185,131,289,good
3680,147,131,290,good
3677,115,103,283,good
3673,122,132,281,good
3700,128,138,304,good
3679,118,131,274,good
3674,108,134,270,good
3666,116,130,266,good
3661,119,133,262,good
3682,123,132,297,good
3670,121,160,304,good
3675,111,130,285,good
3653,155,133,303,good
3690,119,126,308,good
3694,118,131,302,good
3675,119,133,305,good
3679,144,128,301,good
3681,169,131,297,good
3678,112,138,334,good
3679,121,161,343,good
3678,117,136,343,good
3667,139,132,360,good
3678,116,132,346,good
3673,128,54,352,good
3668,117,134,355,good
3680,116,133,331,good
3656,118,140,334,good
3697,120,104,337,good
3675,120,149,335,good
3677,120,128,337,good
3690,109,132,320,good
3723,117,123,315,good
3671,119,136,294,good
3681,110,153,304,good
3679,119,132,300,good
3676,118,142,299,good
3683,119,129,303,good
3679,137,115,298,good
3688,120,132,281,good
3678,126,134,280,good
3669,117,129,252,good
3679,118,128,278,good
3659,123,126,272,good
3705,121,128,265,good
3673,110,146,232,good
3680,111,159,232,good
3669,118,123,249,good
3677,126,122,260,good
3647,127,139,253,good
3676,115,152,250,good
3674,122,134,245,good
3673,98,137,212,good
3685,102,126,207,good
3678,118,126,239,good
3693,101,130,228,good
3679,118,125,229,good
3679,117,130,223,good
3645,117,119,224,good
3662,118,141,215,good
3687,112,146,219,good
3565,117,133,194,good
3678,114,122,236,good
3677,112,144,193,good
3679,120,132,259,good
3682,115,66,259,good
3675,120,119,282,good
3678,124,133,272,good
3680,120,103,268,good
3675,130,107,274,good
3572,120,132,256,good
3674,118,122,247,good
3689,118,130,257,good
3666,104,133,272,good
3691,146,128,260,good
3692,118,86,256,good
3673,121,129,267,good
3661,101,159,248,good
3683,101,132,242,good
3678,116,111,254,good
3682,130,123,256,good
3672,123,133,266,good
3673,120,136,243,good
3679,106,152,245,good
3691,135,134,235,good
3682,125,119,245,good
3677,120,134,232,good
3678,119,130,229,good
3659,106,121,232,good
3669,126,129,213,good
3680,117,106,232,good
3678,101,152,214,good
3679,147,132,220,good
3684,134,133,96,good
3677,112,120,223,good
3691,110,125,251,good
3677,120,132,212,good
3677,122,118,211,good
3677,122,144,189,good
3680,119,134,213,good
3677,130,134,196,good
3753,123,134,221,good
3667,120,268,187,good
3681,45,135,194,good
3677,120,127,180,good
3680,0,134,190,good
3674,117,119,193,good
3683,121,142,180,good
3683,118,115,209,good
3685,114,117,198,good
3673,120,131,183,good
3670,120,124,174,good
3673,99,138,171,good
3664,120,132,185,good
3665,116,132,176,good
3677,119,133,173,good
3665,119,146,170,good
3685,128,126,186,good
3677,0,133,166,good
3677,183,147,168,good
3656,121,130,161,good
3680,90,136,164,good
3686,128,122,166,good
3669,118,133,151,good
3738,100,130,34,good
3669,128,160,156,good
3681,115,126,155,good
3688,129,112,163,good
3677,114,147,62,good
3663,124,106,136,good
3665,108,143,152,good
3692,130,128,158,good
3681,121,133,148,good
3674,121,108,162,good
3658,131,121,148,good
3679,110,125,148,good
3703,108,147,145,good
3683,104,131,150,good
3672,123,128,155,good
3680,123,138,149,good
3666,105,138,172,good
3655,92,130,137,good
3679,116,121,218,good
3675,104,141,240,good
3676,120,133,248,good
3676,178,110,256,good
3679,40,135,261,good
3689,139,131,268,good
3665,119,134,268,good
3696,120,133,272,good
3679,118,133,270,good
3677,118,133,267,good
3687,134,168,251,good
3658,125,129,261,good
3675,116,113,265,good
3671,92,130,280,good
3677,116,132,274,good
3673,122,147,268,good
3682,116,190,261,good
3678,125,139,252,good
3688,104,194,259,good
3674,115,132,236,good
3679,123,150,231,good
3674,131,133,247,good
3673,126,163,243,good
3672,119,122,241,good
3676,122,154,218,good
3693,126,106,233,good
3685,119,130,205,good
3669,93,137,217,good
3686,124,128,221,good
3678,124,163,222,good
3675,133,111,217,good
3677,120,131,214,good
3695,107,129,210,good
3680,111,132,206,good
3688,116,128,199,good
3660,117,133,235,good
3677,109,132,268,good
3699,113,108,279,good
3679,98,164,284,good
3679,117,47,284,good
3678,115,126,267,good
3587,107,129,162,good
3667,110,155,286,good
3676,109,142,293,good
3675,130,119,295,good
3674,120,133,288,good
3667,114,130,283,good
3676,120,140,297,good
3677,209,150,275,good
3671,117,134,279,good
3677,117,142,293,good
3673,129,114,270,good
3677,112,140,262,good
3691,111,135,257,good
3675,114,150,247,good
3672,197,146,250,good
3679,117,97,256,good
3680,120,142,266,good
3678,145,136,240,good
3686,107,138,233,good
3679,120,134,233,good
3635,118,133,233,good
3677,118,120,228,good
3676,135,164,227,good
3681,116,138,219,good
3678,125,124,253,good
3678,120,133,229,good
3688,121,133,256,good
3657,128,133,253,good
3678,136,138,182,good
3676,130,131,246,good
3743,118,136,261,good
3676,115,134,259,good
3696,110,111,258,good
3684,115,128,233,good
3668,137,116,248,good
3665,105,143,252,good
3678,60,132,246,good
3677,119,128,251,good
3666,110,132,251,good
3676,113,133,288,good
3673,125,126,354,good
3680,118,134,288,good
3665,136,135,284,good
3677,120,148,286,good
3681,119,133,288,good
3669,120,109,269,good
3663,113,147,279,good
3677,114,125,283,good
3680,118,131,320,good
3677,128,121,326,good
3678,128,157,320,good
3676,121,122,326,good
3670,87,134,324,good
3704,114,115,325,good
3651,113,130,304,good
3679,119,132,333,good
3677,121,132,311,good
3677,131,147,324,good
3677,125,126,320,good
3676,105,146,294,good
3681,123,140,303,good
3570,119,132,302,good
3691,128,128,309,good
3682,161,130,286,good
3679,110,231,301,good
3679,112,141,256,good
3676,118,133,280,good
3671,119,105,252,good
3671,90,134,265,good
3676,121,162,262,good
3652,113,129,258,good
3673,113,112,252,good
3666,126,130,239,good
3677,110,138,252,good
3669,145,117,268,good
3690,113,134,249,good
3673,119,145,258,good
3680,118,133,239,good
3672,109,129,248,good
3678,3,133,231,good
3695,110,131,237,good
3674,128,117,243,good
3678,93,137,230,good
3673,117,104,272,good
3694,117,128,284,good
3678,144,117,296,good
3678,134,116,298,good
3663,117,159,288,good
3679,136,131,200,good
3680,139,134,289,good
3679,112,134,281,good
3659,121,136,296,good
3677,117,106,294,good
3692,94,140,303,good
3691,119,131,288,good
3668,130,132,277,good
3675,118,124,289,good
3681,135,131,277,good
3659,114,133,273,good
3680,118,130,282,good
3559,105,134,266,good
3677,116,133,276,good
3680,125,60,261,good
3681,119,131,286,good
3680,108,123,286,good
3676,116,132,270,good
3680,116,131,260,good
3675,119,142,241,good
3680,144,135,253,good
3677,122,151,259,good
3655,97,132,158,good
3678,120,123,256,good
3688,109,139,245,good
3663,109,163,243,good
3686,114,164,238,good
3656,118,133,230,good
3672,122,122,219,good
3688,111,130,230,good
3680,123,134,229,good
3693,118,133,230,good
3679,120,140,202,good
3696,129,117,244,good
3665,124,134,224,good
3676,117,133,214,good
3674,134,120,212,good
3679,126,161,205,good
3670,115,122,207,good
3694,130,113,217,good
3667,119,132,253,good
3548,121,134,265,good
3686,96,139,253,good
3678,125,133,253,good
3676,122,139,250,good
3688,115,102,248,good
3679,120,135,242,good
3672,115,131,249,good
3662,101,132,242,good
3677,117,132,236,good
3670,128,133,238,good
3678,96,132,235,good
3678,229,112,227,good
3680,84,135,231,good
3678,130,119,244,good
3672,126,133,228,good
3663,118,129,220,good
3691,128,136,228,good
3678,117,138,229,good
3671,136,134,138,good
3672,120,136,224,good
3693,115,128,226,good
3674,88,133,221,good
3679,115,107,229,good
3648,114,144,222,good
3677,0,131,271,good
3678,117,126,272,good
3683,113,132,260,good
3700,119,124,275,good
3677,116,131,269,good
3682,137,132,260,good
3703,118,126,266,good
3691,109,132,258,good
3678,111,136,263,good
3677,132,162,262,good
3675,139,125,261,good
3677,117,147,252,good
3679,119,94,269,good
3633,119,142,306,good
3682,119,119,266,good
3677,120,144,247,good
3692,119,128,243,good
3657,128,133,227,good
3679,104,150,282,good
3678,118,119,289,good
3678,118,160,284,good
3679,117,125,280,good
3675,128,153,271,good
3678,119,133,274,good
3684,115,126,256,good
3671,116,132,256,good
3659,129,152,297,good
3679,113,130,354,good
3687,119,136,354,good
3676,117,134,356,good
3698,120,128,366,good
3654,118,123,372,good
3705,114,126,372,good
3676,117,138,373,good
3670,116,140,370,good
3698,115,23,411,good
3680,110,133,418,good
3675,117,220,421,good
3687,120,128,417,good
3679,104,130,428,good
3675,117,153,410,good
3689,120,131,410,good
3671,137,116,412,good
3677,110,138,399,good
3687,118,139,421,good
3677,108,136,392,good
3678,119,121,391,good
3672,131,144,381,good
3671,119,128,369,good
3660,121,151,372,good
3686,106,145,362,good
3670,119,135,364,good
3664,114,134,352,good
3692,127,133,323,good
3678,103,160,338,good
3678,117,120,346,good
3680,139,133,320,good
3740,118,132,317,good
3674,121,126,400,good
3633,120,132,314,good
3664,116,131,311,good
3640,130,135,375,good
3675,118,134,350,good
3672,120,133,358,good
3676,120,142,353,good
3663,130,135,341,good
3677,120,132,360,good
3675,113,132,340,good
3674,119,156,336,good
3672,133,136,229,good
3679,109,136,317,good
3670,181,132,326,good
3671,114,129,316,good
3680,116,58,367,good
3678,119,131,364,good
3678,88,145,335,good
3679,116,102,395,good
3679,97,133,402,good
3677,117,128,422,good
3662,118,121,411,good
3673,120,132,461,good
3672,121,125,453,good
3676,124,146,453,good
3662,115,92,445,good
3684,111,114,459,good
3657,114,125,448,good
3676,106,128,444,good
3745,97,131,437,good
3705,117,130,433,good
3691,121,106,412,good
3673,114,197,430,good
3678,113,134,413,good
3669,111,171,411,good
3667,119,133,394,good
3697,113,6,394,good
3680,121,132,415,good
3693,93,145,381,good
3671,130,144,422,good
3685,121,141,418,good
3687,124,197,420,good
3679,104,133,413,good
3691,114,132,406,good
3553,118,133,394,good
3677,128,134,370,good
3683,132,121,390,good
3676,115,144,385,good
3668,112,121,406,good
3678,118,154,366,good
3707,104,152,362,good
3689,93,130,433,good
3675,112,110,348,good
3697,109,119,350,good
3677,115,134,365,good
3682,120,130,335,good
3682,118,141,330,good
3673,118,138,308,good
3665,120,134,325,good
3679,120,132,318,good
3678,41,122,318,good
3679,118,130,322,good
3682,121,132,302,good
3680,119,136,298,good
3672,119,147,293,good
3636,121,133,293,good
3689,130,133,284,good
3693,124,121,288,good
3680,118,132,279,good
3678,125,124,335,good
3687,119,132,272,good
3681,93,132,265,good
3674,120,132,260,good
3681,116,141,260,good
3671,94,132,288,good
3679,140,134,309,good
3677,125,134,307,good
3673,143,132,296,good
3678,128,118,356,good
3707,116,110,346,good
3665,119,134,353,good
3658,131,148,349,good
3676,119,128,346,good
3678,102,162,345,good
3684,116,133,346,good
3671,127,125,337,good
3677,109,158,343,good
3677,134,128,344,good
3666,126,136,356,good
3674,126,113,343,good
3706,111,152,336,good
3680,128,133,344,good
3671,119,128,405,good
3679,130,125,449,good
3706,128,134,454,good
3703,119,134,457,good
3681,158,135,472,good
3676,124,125,469,good
3701,124,138,475,good
3675,132,132,470,good
3677,248,118,476,good
3669,124,129,443,good
3707,121,132,544,good
3746,128,135,402,good
3677,121,120,462,good
3673,121,148,457,good
3733,122,138,488,good
3676,256,121,492,good
3678,124,140,488,good
3678,127,141,492,good
3672,137,134,484,good
3657,124,129,476,good
3677,122,115,476,good
3677,123,132,468,good
3681,124,96,455,good
3678,103,130,448,good
3693,120,130,444,good
3679,120,110,441,good
3677,111,130,423,good
3653,121,141,407,good
3697,112,131,411,good
3692,148,148,418,good
3669,97,133,400,good
3658,122,133,403,good
3674,130,134,384,good
3693,129,135,378,good
3677,136,177,388,good
3795,125,132,425,good
3672,100,139,406,good
3675,88,132,406,good
3680,122,80,419,good
3687,0,115,400,good
3683,130,140,411,good
3707,115,125,397,good
3681,118,106,397,good
3677,117,132,386,good
3684,121,129,374,good
3680,136,135,373,good
3673,116,132,368,good
3678,112,134,361,good
3650,120,133,347,good
3687,110,134,347,good
3676,122,133,338,good
3663,113,146,328,good
3665,139,133,327,good
3681,121,156,349,good
3554,121,130,325,good
3690,134,144,295,good
3674,247,110,308,good
3678,130,144,304,good
3676,100,132,425,good
3677,120,128,290,good
3659,108,132,290,good
3680,111,130,288,good
3680,118,135,279,good
3695,123,45,274,good
3672,124,133,265,good
3693,135,102,275,good
3680,124,134,266,good
3690,114,136,270,good
3578,126,131,260,good
3679,117,149,278,good
3687,16,114,348,good
3689,96,133,346,good
3675,105,137,368,good
3659,131,134,339,good
3673,113,134,352,good
3672,140,132,353,good
3678,122,145,368,good
3673,115,129,376,good
3681,113,151,339,good
3678,118,128,389,good
3705,119,130,385,good
3705,113,137,412,good
3693,112,104,402,good
3680,109,132,406,good
3696,112,140,383,good
3661,118,198,388,good
3680,123,118,380,good
3657,129,134,399,good
3675,119,126,424,good
3677,120,142,418,good
3676,121,144,423,good
3660,131,134,418,good
3675,123,146,416,good
3689,121,132,411,good
3687,147,133,413,good
3683,118,135,416,good
3681,101,152,390,good
3689,112,132,445,good
3651,123,137,422,good
3709,117,111,436,good
3679,118,122,431,good
3691,142,134,430,good
3664,119,133,420,good
3661,130,129,416,good
3679,118,106,417,good
3683,119,138,429,good
3673,121,132,406,good
3677,142,129,403,good
3678,120,136,398,good
3678,118,123,391,good
3687,18,116,385,good
3677,97,137,377,good
3674,122,130,364,good
3679,51,135,366,good
3690,119,133,345,good
3680,0,135,352,good
3666,136,136,257,good
3683,117,156,358,good
3680,114,106,340,good
3680,129,166,328,good
3683,0,147,331,good
3673,122,137,313,good
3662,116,138,314,good
3678,120,124,311,good
3668,90,131,307,good
3657,120,134,296,good
3675,125,160,317,good
3696,125,230,295,good
3664,115,133,286,good
3695,109,148,281,good
3663,117,147,274,good
3677,113,152,183,good
3698,115,137,272,good
3681,90,142,264,good
3683,116,145,248,good
3681,96,136,271,good
3667,108,130,232,good
3677,130,136,246,good
3679,111,136,248,good
3645,129,151,242,good
3674,123,120,231,good
3694,128,229,239,good
3677,129,186,232,good
3687,142,129,224,good
3677,121,136,218,good
3646,123,146,219,good
3678,123,140,216,good
3689,117,218,225,good
3678,111,144,111,good
3656,128,140,208,good
3683,116,141,220,good
3664,114,134,213,good
3689,109,138,161,good
3688,111,128,209,good
3684,121,146,203,good
3683,118,117,236,good
3675,117,131,258,good
3679,150,132,262,good
3751,121,135,270,good
3681,129,140,258,good
3668,89,147,272,good
3680,114,138,271,good
3674,132,149,263,good
3666,100,149,243,good
3660,126,115,264,good
3677,114,118,257,good
3678,120,137,252,good
3667,106,147,277,good
3696,119,133,302,good
3672,144,135,298,good
3681,116,131,292,good
3677,119,124,298,good
3677,126,152,290,good
3670,135,136,283,good
3688,18,125,288,good
3678,116,120,293,good
3694,121,134,194,good
3679,81,116,293,good
3679,120,130,252,good
3684,99,136,334,good
3697,118,13,272,good
3681,147,132,277,good
3679,185,135,268,good
3676,116,150,276,good
3692,107,133,257,good
3692,129,133,245,good
3677,120,138,280,good
3676,132,134,250,good
3678,123,132,248,good
3682,109,135,256,good
3677,113,138,172,good
3693,118,133,253,good
3678,123,162,243,good
3676,134,132,290,good
3674,115,137,290,good
3677,122,137,293,good
3675,121,133,290,good
3672,137,135,284,good
3709,121,134,296,good
3682,122,154,283,good
3679,124,135,283,good
3702,120,128,280,good
3647,124,134,320,good
3659,116,0,320,good
3670,118,190,322,good
3689,148,130,324,good
3649,116,133,324,good
3686,118,137,343,good
3678,114,129,284,good
3695,120,134,321,good
3649,113,128,311,good
3678,118,147,320,good
3665,132,128,315,good
3695,124,130,320,good
3677,119,131,307,good
3661,114,78,302,good
3674,113,120,303,good
3678,115,134,290,good
3679,114,132,379,good
3669,129,124,349,good
3694,121,263,426,good
3679,133,123,515,good
3688,120,136,427,good
3676,119,151,436,good
3679,120,133,438,good
3678,124,119,446,good
3661,119,134,439,good
3740,118,134,439,good
3678,118,129,421,good
3676,130,125,436,good
3679,116,137,471,good
3676,118,133,442,good
3675,124,107,480,good
3670,119,260,455,good
3696,103,134,469,good
3672,118,140,472,good
3682,93,129,536,good
3674,128,131,456,good
3674,122,145,454,good
3675,117,132,452,good
3673,118,136,442,good
3677,121,119,442,good
3678,131,148,431,good
3678,118,132,424,good
3676,115,118,423,good
3681,119,134,413,good
3677,117,132,451,good
3677,98,138,540,good
3677,119,132,521,good
3730,120,132,526,good
3672,128,138,534,good
3697,115,226,536,good
3677,106,133,551,good
3682,119,131,528,good
3680,117,108,527,good
3695,116,128,538,good
3678,120,166,549,good
3681,116,138,570,good
3685,115,43,546,good
3702,137,143,554,good
3676,150,135,548,good
3666,121,134,542,good
3679,129,135,509,good
3677,100,138,527,good
3683,117,138,539,good
3705,118,135,502,good
3675,115,148,495,good
3681,134,137,454,good
3678,110,141,483,good
3679,119,131,500,good
3677,118,139,470,good
3675,111,103,457,good
3677,121,122,451,good
3684,117,136,466,good
3663,118,147,410,good
3679,116,133,426,good
3680,114,114,418,good
3663,118,134,405,good
3678,120,129,410,good
3665,116,298,399,good
3682,119,135,398,good
3649,122,139,416,good
3676,104,131,421,good
3680,132,137,414,good
3667,118,133,419,good
3588,140,138,409,good
3684,133,139,390,good
3685,119,129,420,good
3673,241,116,410,good
3686,138,134,402,good
3671,130,3,427,good
3679,118,128,455,good
3676,123,125,424,good
3664,101,132,404,good
3675,121,133,422,good
3677,105,152,413,good
3682,118,136,418,good
3695,119,111,420,good
3674,116,130,407,good
3680,119,133,429,good
3677,110,132,464,good
3677,120,123,435,good
3675,103,136,432,good
3697,92,132,442,good
3675,116,132,434,good
3679,114,129,425,good
3681,118,155,413,good
3676,156,153,411,good
3652,115,132,408,good
3678,109,139,399,good
3701,104,133,408,good
3667,118,132,383,good
3674,137,137,307,good
3666,118,132,376,good
3693,115,131,369,good
3659,112,168,368,good
3672,93,132,366,good
3682,95,130,361,good
3676,117,132,350,good
3682,120,124,350,good
3677,117,126,352,good
3689,97,148,336,good
3677,117,132,319,good
3708,118,132,318,good
3686,121,219,319,good
3688,121,132,298,good
3659,132,135,299,good
3679,106,130,290,good
3675,108,149,271,good
3674,134,135,305,good
3684,114,131,288,good
3663,132,132,259,good
3696,112,133,274,good
3680,120,132,271,good
3658,119,138,265,good
3677,100,137,281,good
3646,119,119,263,good
3677,124,120,257,good
3675,122,152,254,good
3677,112,130,245,good
3650,125,133,148,good
3674,119,142,231,good
3677,135,134,232,good
3744,122,133,238,good
3677,119,109,238,good
3685,108,123,226,good
3693,118,111,224,good
3676,118,120,226,good
3663,119,133,214,good
3687,118,128,203,good
3734,121,133,219,good
3678,118,128,245,good
3694,112,120,282,good
3664,126,138,297,good
3684,120,121,329,good
3677,131,129,306,good
3676,120,121,309,good
3668,93,130,243,good
3677,106,132,307,good
3668,116,142,288,good
3677,0,136,305,good
3678,119,131,348,good
3677,119,135,354,good
3675,116,137,366,good
3550,112,138,380,good
3673,121,115,353,good
3678,122,158,378,good
3697,100,128,356,good
3675,116,134,317,good
3675,130,138,351,good
3681,123,143,349,good
3666,103,138,363,good
3678,105,132,353,good
3677,115,147,328,good
3670,117,273,328,good
3686,120,144,324,good
3717,108,134,196,good
3681,116,156,310,good
3682,119,125,328,good
3679,124,121,307,good
3676,119,136,311,good
3680,68,128,295,good
3665,113,139,285,good
3693,85,148,285,good
3698,135,133,281,good
3670,228,132,281,good
3674,110,135,270,good
3698,111,135,309,good
3679,120,136,310,good
3682,122,143,308,good
3672,122,107,333,good
3677,118,134,311,good
3691,115,136,304,good
3675,123,133,290,good
3675,116,129,296,good
3654,117,152,327,good
3675,109,136,368,good
3675,114,78,382,good
3679,90,136,402,good
3689,165,123,415,good
3660,106,108,399,good
3678,114,135,397,good
3674,121,121,400,good
3674,103,135,403,good
3670,114,137,394,good
3672,119,160,451,good
3674,117,134,474,good
3663,134,92,473,good
3684,113,133,478,good
3663,113,125,467,good
3678,121,140,493,good
3684,131,173,474,good
3675,128,125,481,good
3670,117,132,473,good
3667,107,133,474,good
3677,112,133,457,good
3673,118,132,443,good
3705,116,130,456,good
3678,131,134,433,good
3620,117,138,459,good
3680,118,133,429,good
3803,105,134,424,good
3681,150,132,411,good
3670,139,114,421,good
3677,137,134,334,good
3669,112,182,386,good
3674,129,112,401,good
3679,111,134,381,good
3674,90,147,370,good
3679,102,144,368,good
3681,119,140,356,good
3689,116,137,362,good
3677,115,104,371,good
3678,122,137,350,good
3682,126,146,346,good
3689,124,121,382,good
3678,118,141,342,good
3678,69,149,325,good
3593,129,136,317,good
3663,115,134,309,good
3701,115,138,318,good
3665,97,124,315,good
3679,118,133,306,good
3704,119,135,302,good
3676,120,140,301,good
3692,126,217,295,good
3673,116,132,290,good
3681,145,122,294,good
3674,120,160,283,good
3681,117,134,275,good
3680,119,138,274,good
3679,114,141,270,good
3667,133,125,274,good
3668,118,138,264,good
3678,114,114,260,good
3679,144,128,263,good
3680,138,122,272,good
3672,100,131,252,good
3694,118,131,245,good
3678,183,136,246,good
3678,132,122,236,good
3674,124,135,247,good
3660,122,133,224,good
3684,118,114,186,good
3652,133,108,233,good
3683,112,135,264,good
3669,125,132,258,good
3676,124,128,272,good
3689,122,109,282,good
3764,142,129,333,good
3679,122,141,277,good
3681,121,130,272,good
3680,114,104,277,good
3677,118,112,276,good
3746,123,135,273,good
3668,118,126,257,good
3691,102,152,253,good
3679,123,120,260,good
3674,94,131,264,good
3682,118,133,260,good
3678,122,152,249,good
3681,117,137,243,good
3675,112,114,239,good
3667,140,129,241,good
3679,117,138,239,good
3671,154,150,234,good
3677,120,145,225,good
3673,110,139,247,good
3682,140,128,225,good
3680,112,147,224,good
3677,122,148,209,good
3649,120,137,221,good
3678,121,133,197,good
3697,122,109,239,good
3671,123,131,204,good
3678,120,191,212,good
3668,116,135,189,good
3679,109,120,178,good
3696,129,143,200,good
3680,108,140,165,good
3679,115,131,195,good
3679,109,138,92,good
3681,118,121,201,good
3682,125,132,187,good
3678,110,136,199,good
3681,114,130,192,good
3666,131,124,177,good
3707,123,118,194,good
3675,108,132,180,good
3681,137,123,114,good
3683,118,146,214,good
3663,111,150,172,good
3681,102,130,187,good
3671,129,116,190,good
3679,116,140,178,good
3675,122,152,182,good
3692,127,119,179,good
3670,119,155,184,good
3672,119,149,178,good
3673,104,136,237,good
3675,119,137,278,good
3673,107,147,264,good
3682,111,136,275,good
3679,101,134,261,good
3679,117,142,283,good
3673,118,178,339,good
3732,122,139,331,good
3676,121,110,348,good
3663,124,202,347,good
3675,137,139,364,good
3648,123,157,365,good
3676,120,139,367,good
3699,124,136,359,good
3543,129,138,293,good
3677,130,128,404,good
3665,125,137,411,good
3687,111,187,414,good
3673,214,142,415,good
3676,133,138,404,good
3678,129,116,411,good
3679,121,135,410,good
3527,130,134,401,good
3671,133,154,396,good
3685,128,137,396,good
3664,129,139,388,good
3819,131,139,433,good
3680,133,142,404,good
3649,126,156,400,good
3681,140,137,408,good
3683,103,132,488,good
3693,119,134,410,good
3669,121,156,396,good
3677,266,136,409,good
3674,141,136,398,good
3683,103,135,460,good
3682,127,133,397,good
3676,115,136,388,good
3679,128,125,374,good
3677,128,136,376,good
3707,86,134,367,good
3681,138,137,406,good
3649,125,133,390,good
3744,129,135,395,good
3676,127,141,410,good
3655,126,146,401,good
3665,115,144,415,good
3677,128,138,393,good
3677,139,133,388,good
3524,128,136,388,good
3677,131,151,374,good
3669,137,134,367,good
3681,186,134,366,good
3655,133,138,363,good
3689,154,108,406,good
3666,123,136,406,good
3620,142,122,403,good
3695,114,142,400,good
3679,113,130,411,good
3706,128,124,401,good
3676,119,134,390,good
3678,128,138,399,good
3667,128,151,388,good
3675,132,121,382,good
3675,99,136,374,good
3679,136,137,366,good
3669,152,136,362,good
3679,123,125,374,good
3679,126,136,353,good
3669,125,133,368,good
3676,177,117,344,good
3679,121,161,342,good
3679,121,129,339,good
3648,112,136,326,good
3683,188,134,322,good
3679,121,140,307,good
3735,119,134,299,good
3677,121,136,303,good
3677,114,145,344,good
3678,127,142,385,good
3676,124,124,409,good
3675,140,107,417,good
3647,128,147,414,good
3663,138,138,421,good
3675,135,144,413,good
3659,138,135,421,good
3678,136,137,429,good
3683,123,153,415,good
3681,122,164,416,good
3667,122,135,395,good
3681,123,132,407,good
3674,125,136,377,good
3683,124,120,399,good
3679,132,132,394,good
3677,123,123,387,good
3675,124,134,381,good
3681,74,153,374,good
3677,130,142,418,good
3670,130,134,411,good
3749,130,138,413,good
3674,134,149,403,good
3690,124,157,404,good
3665,128,89,403,good
3679,128,134,388,good
3685,130,126,397,good
3684,122,133,410,good
3684,107,134,434,good
3687,147,139,417,good
3678,132,123,428,good
3693,123,12,421,good
3674,100,141,410,good
3677,134,130,408,good
3676,129,140,403,good
3687,141,107,408,good
3679,122,136,399,good
3683,124,138,449,good
3666,124,130,437,good
3715,131,134,433,good
3674,147,120,451,good
3677,115,143,428,good
3677,157,141,431,good
3678,129,154,422,good
3679,140,137,418,good
3675,113,159,420,good
3678,126,150,437,good
3675,128,136,402,good
3688,130,135,398,good
3678,156,123,404,good
3677,280,140,384,good
3687,121,140,388,good
3657,121,15,370,good
3677,129,148,392,good
3676,111,110,402,good
3682,128,139,416,good
3677,128,137,390,good
3653,128,137,392,good
3679,125,164,387,good
3677,116,152,388,good
3677,115,130,386,good
3684,126,120,401,good
3677,112,163,370,good
3665,132,133,367,good
3668,144,119,370,good
3674,124,133,370,good
3761,124,134,356,good
3661,103,136,347,good
3695,126,128,340,good
3637,128,134,349,good
3675,137,132,338,good
3688,124,128,332,good
3661,128,136,327,good
3676,123,116,317,good
3677,128,135,320,good
3658,121,130,290,good
3691,115,101,317,good
3679,124,133,299,good
3691,114,204,300,good
3681,120,123,289,good
3678,98,135,288,good
3669,109,132,285,good
3677,121,149,274,good
3685,124,132,283,good
3672,117,131,253,good
3678,98,149,265,good
3680,133,177,315,good
3678,124,134,304,good
3656,123,136,306,good
3670,125,133,321,good
3676,244,112,333,good
3679,130,137,334,good
3653,117,135,330,good
3674,124,121,337,good
3705,124,119,330,good
3779,126,134,314,good
3675,124,128,333,good
3680,95,123,358,good
3669,97,135,338,good
3671,121,133,331,good
3655,121,133,322,good
3671,130,8,298,good
3581,120,135,318,good
3699,122,118,304,good
3666,125,117,309,good
3680,123,132,301,good
3683,170,124,318,good
3680,124,133,350,good
3679,122,134,336,good
3678,128,129,340,good
3675,122,144,335,good
3677,103,135,328,good
3669,96,134,334,good
3690,150,130,317,good
3662,141,134,312,good
3679,128,138,374,good
3661,116,130,318,good
3678,119,119,330,good
3687,132,138,417,good
3707,120,121,306,good
3676,128,135,306,good
3666,98,148,283,good
3677,122,132,343,good
3645,132,144,283,good
3678,118,136,370,good
3669,117,131,353,good
3663,123,136,364,good
3663,133,140,373,good
3678,123,134,371,good
3677,140,128,359,good
3675,96,145,364,good
3681,18,138,371,good
3673,130,142,363,good
3675,123,130,374,good
3677,122,152,417,good
3680,99,135,416,good
3680,123,139,415,good
3676,129,156,421,good
3688,122,130,422,good
3685,123,136,426,good
3684,107,133,420,good
3677,122,132,418,good
3648,122,139,400,good
3675,121,107,423,good
3683,96,132,483,good
3677,124,116,405,good
3679,122,173,374,good
3692,133,120,389,good
3678,122,163,378,good
3639,91,136,268,good
3690,123,121,380,good
3675,115,59,378,good
3679,125,136,363,good
3679,107,132,355,good
3677,135,140,338,good
3666,122,133,328,good
3678,109,137,357,good
3677,119,138,334,good
3691,121,134,342,good
3698,118,135,324,good
3676,106,132,389,good
3676,141,134,394,good
3682,197,133,402,good
3692,117,137,424,good
3580,120,132,400,good
3674,117,115,400,good
3677,279,133,406,good
3653,119,143,388,good
3661,118,148,382,good
3680,118,147,386,good
3679,118,108,403,good
3645,139,123,384,good
3678,114,152,371,good
3653,116,157,373,good
3719,122,134,370,good
3675,124,117,367,good
3689,106,186,360,good
3677,119,145,347,good
3660,126,135,344,good
3656,123,134,333,good
3664,118,98,334,good
3679,105,118,332,good
3672,136,143,314,good
3691,123,133,330,good
3663,129,136,311,good
3672,118,142,294,good
3677,118,133,303,good
3675,114,132,303,good
3679,120,141,309,good
3650,117,133,276,good
3672,125,136,282,good
3677,130,134,274,good
3667,100,118,275,good
3677,125,130,267,good
3679,110,133,296,good
3678,120,129,313,good
3670,113,136,312,good
3655,102,134,307,good
3667,120,132,291,good
3673,114,58,320,good
3694,115,112,301,good
3663,112,153,284,good
3682,119,133,301,good
3668,186,132,292,good
3693,119,0,286,good
3679,118,143,311,good
3685,97,160,284,good
3680,119,133,276,good
3677,123,135,280,good
3709,119,134,328,good
3678,116,136,317,good
3674,243,122,324,good
3671,103,134,300,good
3687,114,132,325,good
3689,120,246,325,good
3677,122,136,311,good
3666,116,133,305,good
3669,122,154,311,good
3676,121,125,308,good
3679,121,137,293,good
3676,120,149,288,good
3680,120,128,288,good
3678,114,133,310,good
3697,123,134,282,good
3669,120,135,291,good
3674,131,133,275,good
3668,121,134,264,good
3691,119,138,286,good
3685,141,128,269,good
3679,116,136,272,good
3706,121,132,358,good
3672,120,136,355,good
3698,121,148,352,good
3658,123,126,356,good
3691,145,130,386,good
3680,120,131,390,good
3690,132,126,400,good
3679,120,134,396,good
3678,122,140,421,good
3681,136,136,385,good
3678,119,135,399,good
3688,148,133,384,good
3690,154,129,392,good
3677,95,131,388,good
3675,121,134,383,good
3677,124,133,382,good
3677,119,112,379,good
3675,119,131,367,good
3680,128,134,372,good
3659,121,288,364,good
3680,119,132,358,good
3678,100,136,362,good
3679,139,134,343,good
3667,122,131,324,good
3677,119,144,333,good
3687,118,125,313,good
3682,101,134,382,good
3696,106,133,328,good
3681,125,135,296,good
3674,224,132,309,good
3677,113,134,323,good
3677,122,143,383,good
3677,123,146,385,good
3703,115,145,404,good
3679,147,139,385,good
3681,113,132,479,good
3677,122,131,387,good
3664,111,132,433,good
3689,130,224,427,good
3678,125,161,426,good
3680,101,128,387,good
3681,127,132,424,good
3669,91,130,411,good
3680,121,132,419,good
3677,120,120,416,good
3693,104,140,409,good
3674,119,134,388,good
3676,119,126,404,good
3679,130,134,394,good
3676,104,133,392,good
3673,128,49,364,good
3671,93,134,388,good
3680,122,123,425,good
3673,137,107,428,good
3692,107,139,424,good
3651,116,161,418,good
3678,128,133,408,good
3678,123,162,409,good
3676,124,133,412,good
3663,122,126,424,good
3677,114,130,398,good
3678,121,137,387,good
3674,148,96,391,good
3679,131,141,373,good
3676,58,146,375,good
3677,123,134,367,good
3686,152,132,355,good
3705,126,133,352,good
3676,124,110,368,good
3657,113,134,349,good
3677,125,138,345,good
3674,145,133,252,good
3679,124,134,332,good
3689,118,103,340,good
3680,124,137,317,good
3680,101,116,312,good
3669,205,136,315,good
3684,136,136,313,good
3684,115,109,299,good
3681,128,217,300,good
3676,65,125,296,good
3670,125,132,286,good
3660,129,111,296,good
3668,102,118,279,good
3679,121,129,273,good
3677,99,132,268,good
3699,106,136,268,good
3675,120,152,284,good
3674,120,137,302,good
3652,129,139,253,good
3677,133,120,354,good
3676,126,128,339,good
3676,110,134,329,good
3677,99,132,449,good
3678,119,130,350,good
3659,118,278,358,good
3663,117,133,353,good
3666,89,146,363,good
3664,132,134,355,good
3681,122,121,353,good
3685,122,123,357,good
3688,148,132,356,good
3685,114,125,352,good
3646,117,147,342,good
3697,123,234,342,good
3685,123,134,321,good
3670,97,132,339,good
3657,120,136,325,good
3676,123,134,326,good
3690,123,126,323,good
3677,108,133,311,good
3690,125,121,309,good
3774,123,133,320,good
3664,122,137,300,good
3689,137,132,295,good
3674,93,141,344,good
3659,119,134,340,good
3680,110,133,328,good
3692,135,132,345,good
3680,237,132,333,good
3676,111,138,329,good
3670,134,129,328,good
3678,186,136,327,good
3677,122,132,324,good
3672,121,140,315,good
3671,126,134,327,good
3677,108,134,314,good
3676,126,143,311,good
3662,144,137,299,good
3672,124,136,310,good
3678,121,126,293,good
3679,123,140,281,good
3678,122,141,292,good
3682,126,149,333,good
3687,114,134,330,good
3683,126,137,305,good
3689,120,124,333,good
3674,142,110,339,good
3823,124,131,333,good
3665,129,134,233,good
3674,124,157,324,good
3717,125,133,333,good
3668,125,132,317,good
3690,123,132,314,good
3665,138,152,308,good
3669,125,133,298,good
3664,141,135,214,good
3666,150,132,320,good
3675,125,128,294,good
3676,120,132,301,good
3682,94,135,282,good
3679,125,149,275,good
3679,122,132,274,good
3679,123,132,262,good
3670,104,163,269,good
3679,123,124,257,good
3664,125,132,259,good
3709,122,132,266,good
3675,111,131,276,good
3673,116,136,266,good
3669,136,135,250,good
3672,107,129,258,good
3673,124,121,238,good
3666,123,172,232,good
3671,145,132,221,good
3680,126,153,229,good
3697,124,256,232,good
3646,122,126,234,good
3714,109,150,231,good
3663,120,132,219,good
3667,118,133,216,good
3682,116,133,261,good
3672,128,150,217,good
3684,125,137,205,good
3679,121,109,221,good
3674,123,124,208,good
3679,14,135,206,good
3675,114,128,195,good
3681,122,137,202,good
3677,121,136,201,good
3601,123,134,203,good
3677,134,130,199,good
3654,123,131,201,good
3655,128,134,186,good
3683,104,133,192,good
3673,125,133,234,good
3670,97,133,252,good
3677,141,133,246,good
3669,129,133,248,good
3686,124,128,259,good
3677,110,139,246,good
3685,128,130,251,good
3746,143,137,318,good
3681,83,134,240,good
3673,131,129,273,good
3679,95,133,285,good
3679,129,139,285,good
3659,138,134,287,good
3689,123,101,302,good
3705,131,135,284,good
3676,99,145,283,good
3669,123,243,278,good
3693,130,132,285,good
3679,122,136,287,good
3674,108,132,284,good
3680,144,124,290,good
3668,133,144,268,good
3684,118,136,269,good
3643,131,147,264,good
3623,123,134,282,good
3678,128,136,259,good
3661,120,147,256,good
3689,154,132,301,good
3669,142,134,289,good
3704,125,134,310,good
3672,116,135,312,good
3668,137,164,300,good
3675,124,140,306,good
3542,100,130,228,good
3678,119,134,297,good
3653,126,119,306,good
3679,98,134,300,good
3677,117,136,293,good
3690,112,136,294,good
3681,134,145,287,good
3678,111,132,283,good
3678,147,137,278,good
3674,122,132,282,good
3586,110,134,147,good
3678,123,149,264,good
3691,172,114,284,good
3684,127,135,264,good
3680,125,135,260,good
3671,128,133,257,good
3678,120,135,251,good
3686,136,128,246,good
3660,122,144,252,good
3687,115,128,293,good
3677,121,147,278,good
3679,121,133,286,good
3653,122,133,288,good
3680,107,135,286,good
3706,125,134,292,good
3680,120,133,272,good
3679,138,136,246,good
3675,121,137,273,good
3689,112,180,292,good
3693,123,132,263,good
3693,119,131,272,good
3678,122,132,273,good
3679,122,129,262,good
3666,125,134,177,good
3680,122,139,253,good
3681,147,128,247,good
3675,100,132,359,good
3675,124,141,243,good
3677,120,118,252,good
3675,122,148,239,good
3677,120,110,234,good
3721,104,145,239,good
3687,150,131,224,good
3681,121,163,219,good
3676,132,132,212,good
3671,133,117,230,good
3662,125,137,220,good
3687,122,135,221,good
3675,119,136,231,good
3676,118,133,212,good
3679,121,135,208,good
3684,117,137,216,good
3697,169,116,242,good
3677,119,133,202,good
3677,128,142,217,good
3696,122,239,232,good
3671,118,141,222,good
3682,109,132,259,good
3676,118,128,214,good
3677,21,128,213,good
3676,111,118,231,good
3683,130,134,212,good
3679,97,132,161,good
3677,123,138,240,good
3679,139,141,264,good
3675,101,134,257,good
3679,90,152,259,good
3755,124,133,260,good
3674,124,150,244,good
3689,121,133,289,good
3662,122,133,291,good
3705,145,147,289,good
3679,120,132,303,good
3680,115,132,319,good
3691,119,131,294,good
3679,142,136,296,good
3678,117,201,300,good
3678,123,128,294,good
3645,126,133,267,good
3664,110,104,334,good
3675,113,134,343,good
3677,121,125,347,good
3664,108,131,328,good
3673,129,113,355,good
3680,103,141,333,good
3680,124,132,321,good
3680,120,132,322,good
3690,107,132,359,good
3687,119,5,313,good
3675,107,135,308,good
3675,116,131,300,good
3678,115,135,297,good
3675,106,128,300,good
3682,3,115,299,good
3682,94,152,304,good
3658,144,132,288,good
3684,120,150,267,good
3675,135,110,294,good
3674,126,135,275,good
3677,107,129,271,good
3680,95,134,270,good
3678,131,133,265,good
3597,105,134,268,good
3676,105,126,280,good
3671,118,134,242,good
3654,114,200,256,good
3675,139,133,161,good
3688,119,130,249,good
3684,119,131,251,good
3677,128,139,225,good
3678,116,115,239,good
3682,134,108,236,good
3680,99,135,229,good
3682,120,144,260,good
3681,114,134,261,good
3672,120,134,261,good
3675,118,117,262,good
3678,121,128,258,good
3679,128,140,239,good
3671,107,162,244,good
3671,128,136,252,good
3664,84,141,261,good
3665,139,131,267,good
3673,122,132,268,good
3695,110,131,233,good
3669,130,162,242,good
3692,111,130,284,good
3656,121,132,274,good
3701,113,132,273,good
3678,120,123,290,good
3678,119,131,284,good
3681,120,132,289,good
3677,132,134,283,good
3680,128,110,287,good
3677,121,135,283,good
3650,117,137,272,good
3634,109,120,257,good
3668,104,132,289,good
3673,85,133,268,good
3663,120,149,266,good
3685,121,119,266,good
3673,184,134,261,good
3679,116,125,236,good
3655,118,132,238,good
3670,118,133,264,good
3690,110,141,245,good
3669,122,155,244,good
3680,116,134,279,good
3663,143,130,232,good
3707,120,124,260,good
3676,122,132,245,good
3681,121,144,258,good
3676,86,144,264,good
3679,150,133,268,good
3691,115,125,282,good
3674,120,131,280,good
3692,123,131,270,good
3674,117,167,265,good
3681,122,144,285,good
3677,117,132,259,good
3680,105,130,270,good
3684,117,128,304,good
3692,100,140,292,good
3679,132,134,367,good
3650,109,150,303,good
3637,122,133,308,good
3675,134,120,292,good
3678,121,144,322,good
3669,120,132,276,good
3689,122,132,288,good
3678,119,126,310,good
3663,174,132,291,good
3683,130,134,299,good
3681,122,138,303,good
3676,122,128,278,good
3683,122,95,274,good
3675,143,133,280,good
3679,148,132,292,good
3711,99,153,268,good
3677,0,136,269,good
3667,126,133,251,good
3678,129,139,264,good
3675,115,129,254,good
3684,240,135,254,good
3678,120,139,262,good
3680,118,136,224,good
3677,120,126,250,good
3677,123,163,245,good
3676,131,130,238,good
3675,111,131,220,good
3678,112,138,278,good
3679,130,123,278,good
3693,86,152,284,good
3648,130,145,284,good
3670,122,146,289,good
3678,118,133,300,good
3679,118,134,363,good
3689,118,131,369,good
3648,119,134,358,good
3670,120,136,387,good
3699,108,133,389,good
3674,123,118,377,good
3676,115,131,370,good
3664,119,145,373,good
3676,116,116,443,good
3677,131,142,448,good
3678,122,36,456,good
3657,114,200,458,good
3676,117,148,455,good
3663,121,136,449,good
3679,119,135,456,good
3673,130,108,501,good
3679,101,134,487,good
3678,126,134,536,good
3675,142,118,540,good
3677,109,134,534,good
3663,123,133,500,good
3677,120,138,519,good
3687,27,112,514,good
3677,121,139,510,good
3687,144,138,488,good
3692,119,134,492,good
3664,120,134,488,good
3677,139,129,501,good
3678,121,129,491,good
3685,120,113,474,good
3685,120,144,473,good
3663,118,124,461,good
3673,129,151,470,good
3685,107,137,474,good
3671,128,8,422,good
3674,134,129,431,good
3681,117,125,430,good
3690,92,135,425,good
3678,136,128,503,good
3675,114,138,407,good
3671,187,134,400,good
3674,111,136,402,good
3678,120,146,411,good
3674,121,135,381,good
3674,190,131,432,good
3676,119,133,430,good
3670,120,134,434,good
3677,120,103,424,good
3673,121,137,425,good
3688,128,210,412,good
3677,119,136,402,good
3646,126,145,393,good
3680,123,125,393,good
3652,118,136,378,good
3684,90,133,382,good
3676,98,134,394,good
3676,120,128,372,good
3676,126,150,365,good
3677,100,161,361,good
3681,124,132,334,good
3808,110,135,352,good
3678,181,134,342,good
3676,115,133,338,good
3677,126,155,336,good
3676,106,137,328,good
3676,125,120,341,good
3677,121,129,313,good
3671,109,148,309,good
3679,232,134,309,good
3679,118,110,306,good
3697,121,270,301,good
3685,116,130,301,good
3677,117,133,287,good
3676,115,147,257,good
3708,113,138,299,good
3763,113,139,293,good
3678,106,138,268,good
3678,119,125,256,good
3848,119,136,265,good
3680,119,133,266,good
3699,118,133,244,good
3695,116,65,260,good
3677,125,128,262,good
3678,98,128,266,good
3664,118,149,274,good
3667,103,132,265,good
3678,90,142,251,good
3677,117,147,236,good
3705,111,136,264,good
3677,118,133,235,good
3708,112,117,238,good
3673,107,135,244,good
3659,117,200,236,good
3686,148,135,225,good
3680,87,142,258,good
3677,117,105,224,good
3670,120,133,208,good
3666,119,131,225,good
3705,112,119,227,good
3686,119,133,215,good
3688,115,135,229,good
3677,120,130,252,good
3663,123,134,256,good
3673,128,145,252,good
3744,121,136,254,good
3669,18,139,269,good
3681,124,120,296,good
3652,119,135,294,good
3680,120,137,294,good
3685,109,133,298,good
3695,115,144,279,good
3678,116,132,339,good
3670,122,132,280,good
3681,124,135,301,good
3678,124,123,299,good
3674,110,132,337,good
3669,123,121,322,good
3684,121,141,333,good
3677,119,134,329,good
3678,124,130,305,good
3662,111,160,330,good
3741,121,131,308,good
3697,114,118,334,good
3674,128,141,328,good
3673,123,153,319,good
3678,120,123,323,good
3686,94,138,312,good
3661,104,128,358,good
3675,106,131,315,good
3686,139,135,301,good
3679,120,132,289,good
3674,108,128,307,good
3678,72,131,334,good
3685,123,130,333,good
3684,144,129,332,good
3679,114,134,332,good
3689,122,128,333,good
3739,124,131,347,good
3677,121,135,327,good
3676,119,129,302,good
3678,111,132,336,good
3684,114,128,333,good
3678,106,149,314,good
3686,111,132,312,good
3675,140,136,221,good
3669,116,133,350,good
3649,119,118,345,good
3674,113,126,337,good
3686,149,128,354,good
3675,116,131,376,good
3681,120,119,435,good
3681,123,133,419,good
3673,129,139,424,good
3682,117,136,422,good
3676,123,119,431,good
3676,120,130,421,good
3677,115,137,424,good
3664,125,132,415,good
3679,122,130,419,good
3677,119,130,425,good
3661,113,146,417,good
3676,125,132,412,good
3675,116,131,397,good
3703,119,128,400,good
3679,128,134,378,good
3676,103,135,387,good
3678,123,128,378,good
3675,138,132,283,good
3678,133,133,372,good
3684,104,147,356,good
3669,97,134,359,good
3678,130,122,402,good
3675,134,124,365,good
3677,121,126,344,good
3668,97,148,323,good
3674,113,100,332,good
3645,136,136,399,good
3681,118,131,317,good
3680,115,124,312,good
3674,107,138,307,good
3681,129,132,304,good
3709,109,128,313,good
3679,121,105,294,good
3675,97,138,264,good
3676,118,119,304,good
3667,121,144,274,good
3676,119,124,299,good
3683,135,132,286,good
3678,122,132,287,good
3821,122,132,271,good
3682,124,156,303,good
3695,120,125,282,good
3662,120,132,273,good
3703,114,134,278,good
3680,123,136,264,good
3678,110,145,262,good
3699,106,130,265,good
3677,111,139,160,good
3682,221,131,249,good
3680,126,135,251,good
3687,117,102,256,good
3686,97,154,230,good
3707,116,118,244,good
3672,133,133,293,good
3661,121,126,297,good
3700,75,136,292,good
3681,125,132,278,good
3677,116,102,278,good
3676,122,131,284,good
3678,124,139,283,good
3687,122,134,259,good
3675,117,144,306,good
3687,139,138,286,good
3658,121,132,265,good
3688,151,141,284,good
3679,123,81,276,good
3681,114,132,272,good
3678,124,134,267,good
3674,125,107,267,good
3673,139,109,272,good
3701,117,132,253,good
3675,125,131,261,good
3661,207,130,248,good
3686,122,134,243,good
3683,137,134,231,good
3679,115,132,261,good
3668,122,261,220,good
3681,118,144,229,good
3689,119,135,226,good
3683,93,128,279,good
3657,119,132,266,good
3659,113,188,281,good
3678,111,162,277,good
3667,113,126,277,good
3678,110,119,288,good
3678,128,128,279,good
3676,104,145,256,good
3676,125,132,283,good
3677,124,155,276,good
3680,125,132,269,good
3667,103,126,248,good
3678,122,125,264,good
3667,122,136,244,good
3681,123,120,257,good
3653,122,132,240,good
3676,121,158,246,good
3680,119,132,245,good
3681,118,126,298,good
3676,125,135,290,good
3677,114,131,274,good
3667,52,156,289,good
3678,121,136,274,good
3674,113,71,296,good
3685,120,147,271,good
3679,88,136,295,good
3681,86,133,290,good
3679,114,148,282,good
3693,111,133,281,good
3657,114,160,280,good
3677,122,136,270,good
3681,123,132,275,good
3682,107,131,267,good
3697,107,136,264,good
3680,121,163,260,good
3676,115,104,247,good
3666,125,130,241,good
3678,114,133,250,good
3671,129,16,228,good
3701,118,205,248,good
3585,143,121,244,good
3682,122,148,239,good
3681,115,189,253,good
3696,128,220,240,good
3675,113,137,233,good
3767,121,131,221,good
3680,122,132,228,good
3663,121,146,224,good
3679,124,139,233,good
3676,116,141,236,good
3660,132,130,259,good
3697,117,137,288,good
3680,126,132,261,good
3625,122,132,296,good
3678,117,125,269,good
3681,121,133,284,good
3674,133,111,289,good
3685,0,134,265,good
3693,123,128,262,good
3665,143,134,256,good
3679,132,134,256,good
3693,109,123,286,good
3692,121,134,246,good
3683,120,120,242,good
3671,124,119,259,good
3689,148,130,242,good
3664,110,157,231,good
3682,146,94,234,good
3685,120,133,233,good
3679,183,133,234,good
3685,117,125,218,good
3675,113,146,233,good
3683,115,132,228,good
3682,121,158,222,good
3675,118,129,227,good
3682,119,131,222,good
3678,99,132,220,good
3653,121,131,200,good
3675,123,131,218,good
3678,128,126,221,good
3682,113,146,215,good
3652,132,143,211,good
3664,124,134,207,good
3660,112,96,206,good
3674,122,158,202,good
3687,101,146,194,good
3679,120,126,198,good
3693,108,132,189,good
3696,120,129,209,good
3679,118,133,199,good
3678,129,133,197,good
3668,109,135,176,good
3670,121,150,197,good
3679,0,135,187,good
3677,101,133,196,good
3692,107,140,232,good
3675,123,139,238,good
3680,120,132,243,good
3679,146,135,246,good
3679,71,134,264,good
3660,130,134,233,good
3678,117,122,251,good
3683,133,118,245,good
3663,119,132,238,good
3670,101,98,258,good
3667,106,140,278,good
3678,119,95,277,good
3681,121,133,262,good
3687,111,130,264,good
3678,118,144,264,good
3706,121,130,256,good
3681,139,107,274,good
3677,121,138,260,good
3682,120,133,265,good
3676,121,164,258,good
3683,118,125,265,good
3635,141,124,254,good
3679,110,128,246,good
3684,121,140,247,good
3660,102,138,243,good
3676,134,134,236,good
3672,116,99,235,good
3689,114,123,234,good
3655,111,97,219,good
3687,115,36,224,good
3670,132,118,224,good
3679,117,130,221,good
3676,128,128,218,good
3687,90,143,216,good
3691,46,118,216,good
3683,116,134,201,good
3680,131,135,218,good
3676,119,128,204,good
3708,122,144,210,good
3678,122,122,207,good
3632,102,129,162,good
3678,129,126,201,good
3677,75,151,196,good
3685,138,133,145,good
3673,123,161,203,good
3680,120,130,252,good
3676,122,128,220,good
3665,109,150,240,good
3678,118,121,248,good
3676,117,132,256,good
3695,128,134,277,good
3683,116,70,306,good
3679,117,128,304,good
3689,96,138,309,good
3693,113,133,310,good
3731,120,136,312,good
3677,116,133,320,good
3663,134,135,323,good
3673,118,126,325,good
3701,113,136,314,good
3677,118,133,313,good
3671,130,114,314,good
3677,118,150,302,good
3694,118,133,307,good
3655,129,104,312,good
3671,109,142,313,good
3679,108,136,377,good
3682,105,130,297,good
3679,241,115,296,good
3677,97,131,286,good
3683,95,130,219,good
3680,117,136,280,good
3679,120,121,327,good
3675,179,112,324,good
3680,104,132,325,good
3682,117,133,318,good
3780,121,143,324,good
3677,128,145,318,good
3669,130,4,314,good
3678,108,132,341,good
3690,133,130,226,good
3682,122,128,226,good
3600,120,132,310,good
3685,111,36,306,good
3677,106,135,308,good
3674,111,136,288,good
3695,120,132,292,good
3676,128,128,290,good
3680,122,137,283,good
3678,121,132,281,good
3666,115,134,276,good
3680,118,105,281,good
3667,112,134,280,good
3677,122,144,289,good
3664,131,131,236,good
3690,130,109,264,good
3659,116,131,249,good
3680,96,130,348,good
3675,120,133,324,good
3655,131,132,320,good
3664,116,130,324,good
3680,131,159,325,good
3675,50,134,329,good
3679,121,133,331,good
3664,122,134,344,good
3677,136,115,337,good
3681,118,141,331,good
3692,121,69,328,good
3673,121,136,319,good
3699,131,136,316,good
3678,126,122,317,good
3665,116,181,311,good
3676,121,126,305,good
3667,116,148,309,good
3687,137,132,340,good
3680,124,135,338,good
3677,113,128,345,good
3679,116,134,317,good
3678,119,132,339,good
3678,119,140,333,good
3680,145,142,336,good
3679,120,138,331,good
3679,92,137,336,good
3687,167,113,339,good
3678,116,134,331,good
3698,123,132,319,good
3672,119,133,337,good
3674,122,138,335,good
3678,133,133,302,good
3705,122,136,294,good
3676,138,128,320,good
3681,117,149,281,good
3673,130,104,294,good
3669,115,125,326,good
3675,120,139,369,good
3656,122,119,374,good
3678,96,133,373,good
3676,116,122,380,good
3667,137,116,383,good
3676,112,130,427,good
3677,122,133,380,good
3683,112,133,385,good
3676,121,122,377,good
3662,137,134,377,good
3700,113,138,364,good
3673,122,134,357,good
3675,115,104,344,good
3676,119,133,348,good
3685,131,131,361,good
3694,117,128,341,good
3675,107,134,350,good
3665,117,148,319,good
3693,116,125,333,good
3681,137,122,324,good
3676,102,161,317,good
3676,113,131,309,good
3646,128,137,412,good
3677,110,121,304,good
3647,123,133,299,good
3672,119,235,296,good
3679,118,122,290,good
3692,108,132,380,good
3575,118,133,277,good
3662,114,143,261,good
3677,117,161,271,good
3680,118,148,261,good
3599,125,128,261,good
3669,119,133,253,good
3679,100,128,276,good
3671,117,130,248,good
3688,117,126,266,good
3679,118,132,248,good
3677,112,134,256,good
3701,162,141,237,good
3677,120,130,212,good
3709,109,136,250,good
3680,119,133,230,good
3671,116,130,234,good
3689,97,144,258,good
3677,113,142,242,good
3696,116,130,252,good
3678,120,160,302,good
3669,110,128,309,good
3669,117,139,305,good
3669,92,132,312,good
3671,120,135,298,good
3664,114,141,312,good
3686,131,136,297,good
3674,107,131,317,good
3681,103,133,301,good
3673,137,112,319,good
3705,116,132,296,good
3665,128,132,286,good
3680,114,138,288,good
3673,154,115,309,good
3669,117,150,292,good
3685,110,133,296,good
3799,120,134,260,good
3681,117,132,276,good
3672,118,133,277,good
3673,94,132,277,good
3680,116,122,268,good
3677,116,136,261,good
3679,119,134,256,good
3679,30,145,286,good
3680,116,131,309,good
3679,120,145,313,good
3682,116,144,316,good
3684,128,127,323,good
3686,113,94,320,good
3681,116,128,312,good
3679,116,135,353,good
3670,117,136,398,good
3676,118,115,402,good
3679,111,135,402,good
3649,117,141,389,good
3675,114,131,418,good
3665,116,149,421,good
3677,114,109,417,good
3656,138,134,420,good
3693,115,122,422,good
3661,109,131,445,good
3666,113,254,488,good
3681,115,132,493,good
3669,116,134,495,good
3679,106,133,484,good
3677,118,128,485,good
3676,118,134,485,good
3741,116,131,479,good
3669,126,163,477,good
3675,134,102,483,good
3670,116,123,455,good
3688,112,218,478,good
3655,116,135,455,good
3646,108,160,418,good
3690,110,129,446,good
3671,114,161,429,good
3678,116,122,427,good
3679,107,132,416,good
3679,106,134,471,good
3678,133,138,494,good
3679,144,133,488,good
3706,74,128,497,good
3676,113,133,493,good
3681,119,183,494,good
3676,126,134,490,good
3675,127,130,468,good
3673,112,149,471,good
3671,119,140,532,good
3677,147,131,519,good
3681,122,132,518,good
3702,120,122,527,good
3654,114,131,492,good
3688,130,130,506,good
3678,122,132,498,good
3676,115,147,520,good
3678,119,131,491,good
3670,113,136,496,good
3677,119,110,474,good
3655,129,134,466,good
3674,110,129,462,good
3671,128,163,445,good
3677,119,136,457,good
3675,118,131,416,good
3677,110,139,425,good
3670,122,120,422,good
3665,120,130,404,good
3675,115,127,417,good
3662,114,84,397,good
3681,106,133,398,good
3678,119,82,369,good
3674,109,136,399,good
3653,122,113,360,good
3733,118,132,359,good
3675,113,128,404,good
3671,206,152,408,good
3677,115,149,405,good
3677,104,128,396,good
3683,113,126,412,good
3677,126,139,392,good
3681,115,133,408,good
3677,120,140,386,good
3672,115,147,400,good
3678,114,131,424,good
3690,109,136,421,good
3677,118,133,415,good
3660,129,135,385,good
3657,112,94,405,good
3661,122,137,405,good
3682,97,134,479,good
3697,101,144,424,good
3679,120,144,420,good
3703,116,130,431,good
3679,116,126,429,good
3684,114,145,416,good
3679,116,121,408,good
3688,111,136,445,good
3678,120,119,405,good
3689,116,121,401,good
3668,198,137,396,good
3672,120,134,384,good
3680,117,134,405,good
3648,124,135,381,good
3690,118,130,379,good
3699,105,129,366,good
3684,118,141,359,good
3689,116,121,356,good
3681,122,107,355,good
3665,96,125,446,good
3677,119,157,422,good
3680,117,142,454,good
3677,118,141,437,good
3656,117,134,438,good
3676,118,132,421,good
3677,118,132,439,good
3664,104,150,430,good
3678,119,137,429,good
3678,128,142,411,good
3667,120,138,434,good
3677,125,133,418,good
3677,133,122,414,good
3672,119,134,419,good
3679,158,129,413,good
3676,117,137,385,good
3698,166,114,399,good
3678,137,132,311,good
3679,108,130,407,good
3677,132,134,416,good
3668,114,130,412,good
3681,118,140,407,good
3683,119,133,409,good
3689,113,117,420,good
3657,114,134,404,good
3678,117,124,409,good
3645,130,122,404,good
3677,116,136,396,good
3693,126,109,397,good
3658,117,130,378,good
3689,122,128,387,good
3661,114,128,389,good
3679,112,123,376,good
3667,114,147,389,good
3685,139,107,420,good
3679,118,133,405,good
3682,112,133,405,good
3677,118,133,408,good
3677,115,154,400,good
3733,118,131,399,good
3674,126,160,394,good
3708,118,131,385,good
3676,116,117,387,good
3672,106,135,373,good
3685,121,136,370,good
3693,114,62,362,good
3677,121,128,361,good
3664,173,148,358,good
3679,110,153,352,good
3671,126,132,336,good
3677,119,150,318,good
3678,122,136,328,good
3676,116,256,325,good
3680,121,114,323,good
3674,117,131,331,good
3682,57,132,322,good
3679,118,128,314,good
3681,120,133,311,good
3678,125,142,306,good
3707,121,117,330,good
3697,120,234,304,good
3669,92,137,284,good
3667,118,139,283,good
3678,118,134,305,good
3679,121,132,333,good
3678,121,126,334,good
3708,152,144,322,good
3661,116,132,320,good
3690,112,112,336,good
3697,122,134,322,good
3679,91,149,323,good
3677,131,105,324,good
3676,118,162,316,good
3680,124,133,307,good
3667,113,132,303,good
3677,107,132,295,good
3653,125,114,281,good
3695,110,135,334,good
3689,34,113,331,good
3686,144,103,330,good
3686,113,133,403,good
3541,119,130,379,good
3680,121,130,388,good
3683,131,164,425,good
3679,107,134,418,good
3678,132,115,424,good
3678,119,140,425,good
3677,133,132,494,good
3678,137,107,434,good
3679,107,135,422,good
3649,113,139,401,good
3656,109,160,415,good
3666,111,111,419,good
3681,119,131,395,good
3675,117,128,398,good
3659,118,134,384,good
3675,120,136,379,good
3675,121,156,364,good
3677,111,133,368,good
3663,116,131,352,good
3671,115,150,337,good
3673,137,123,340,good
3677,126,144,351,good
3681,119,132,346,good
3655,112,152,319,good
3678,136,106,350,good
3685,109,136,352,good
3683,99,133,324,good
3679,121,145,335,good
3675,112,144,294,good
3679,118,132,312,good
3680,118,140,298,good
3691,114,132,296,good
3673,125,130,285,good
3676,129,143,289,good
3679,118,132,284,good
3676,97,130,298,good
3679,122,144,267,good
3675,108,137,272,good
3693,102,130,266,good
3657,121,136,260,good
3703,117,132,261,good
3750,119,133,256,good
3675,112,220,246,good
3657,122,135,254,good
3676,127,140,330,good
3687,119,114,339,good
3679,90,160,329,good
3665,110,167,324,good
3677,115,133,329,good
3678,116,128,354,good
3660,192,132,333,good
3687,111,215,331,good
3678,140,112,351,good
3676,120,149,374,good
3679,83,122,395,good
3680,15,135,371,good
3684,146,110,380,good
3679,259,134,377,good
3677,117,129,372,good
3679,128,104,387,good
3677,123,143,377,good
3679,105,138,416,good
3675,120,144,407,good
3681,118,132,406,good
3662,108,110,412,good
3709,118,133,410,good
3677,107,122,406,good
3667,115,133,404,good
3675,123,136,390,good
3675,117,132,394,good
3680,132,134,398,good
3657,144,91,388,good
3671,118,125,359,good
3691,126,109,378,good
3632,120,132,388,good
3676,115,148,276,good
3799,106,132,364,good
3674,147,131,355,good
3687,101,129,365,good
3680,120,136,396,good
3664,112,135,389,good
3648,123,144,386,good
3652,128,136,389,good
3668,118,154,384,good
3679,121,124,388,good
3693,103,131,378,good
3679,119,126,391,good
3673,111,129,373,good
3670,96,133,367,good
3678,121,133,339,good
3674,152,128,358,good
3687,120,123,360,good
3678,119,132,348,good
3811,120,134,344,good
3659,115,128,322,good
3697,116,113,337,good
3676,118,142,354,good
3613,96,130,240,good
3688,108,137,324,good
3671,112,133,315,good
3706,119,132,324,good
3690,146,129,305,good
3677,118,128,304,good
3676,117,136,290,good
3677,121,120,297,good
3687,115,131,288,good
3680,133,153,289,good
3680,180,133,282,good
3670,118,142,281,good
3695,119,135,279,good
3635,118,132,276,good
3677,128,136,261,good
3681,115,153,257,good
3682,116,120,265,good
3679,102,131,253,good
3673,117,134,270,good
3678,100,132,259,good
3680,118,134,245,good
3678,74,116,262,good
3672,144,118,261,good
3676,107,130,257,good
3676,117,132,237,good
3705,115,132,233,good
3672,117,132,233,good
3682,9,134,228,good
3681,111,132,237,good
3681,90,160,226,good
3676,130,138,220,good
3683,102,109,217,good
3707,118,133,218,good
3674,151,128,213,good
3697,111,132,212,good
3678,131,124,302,good
3681,107,148,210,good
3678,137,134,209,good
3649,113,155,208,good
3677,124,143,206,good
3648,126,112,204,good
3681,126,140,192,good
3676,123,128,195,good
3657,116,126,209,good
3678,118,132,202,good
3667,112,140,215,good
3698,113,109,207,good
3669,124,130,184,good
3678,0,135,193,good
3677,117,141,198,good
3698,99,151,192,good
3731,128,135,190,good
3659,110,186,267,good
3679,119,131,268,good
3672,106,124,264,good
3666,120,132,263,good
3676,118,119,288,good
3690,103,146,267,good
3677,143,135,276,good
3677,120,139,268,good
3687,116,132,268,good
3677,98,132,318,good
3676,137,124,321,good
3681,118,131,320,good
3775,104,134,326,good
3691,109,137,322,good
3691,118,131,317,good
3678,90,133,321,good
3689,170,134,314,good
3678,118,132,321,good
3675,131,132,318,good
3667,119,133,323,good
3687,121,129,308,good
3672,119,128,303,good
3553,119,136,217,good
3677,121,164,312,good
3668,149,122,316,good
3679,96,135,294,good
3677,115,122,293,good
3683,116,135,283,good
3674,114,134,276,good
3668,108,134,272,good
3677,124,134,271,good
3681,128,121,271,good
3679,93,144,264,good
3675,135,135,150,good
3680,112,150,258,good
3681,118,129,264,good
3648,123,133,288,good
3674,121,135,307,good
3684,146,132,289,good
3663,122,142,291,good
3690,119,0,288,good
3656,109,165,262,good
3679,119,134,290,good
3649,130,133,284,good
3563,119,131,262,good
3678,131,139,277,good
3680,121,137,276,good
3691,121,114,269,good
3654,125,135,367,good
3682,134,132,272,good
3677,128,136,256,good
3575,119,131,276,good
3679,120,133,306,good
3662,137,133,305,good
3679,128,136,307,good
3688,94,152,294,good
3657,119,132,302,good
3675,132,132,204,good
3679,113,132,317,good
3678,121,133,303,good
3677,111,132,301,good
3674,124,143,303,good
3674,103,130,291,good
3678,151,133,280,good
3669,118,133,286,good
3694,113,140,282,good
3676,122,165,273,good
3679,106,157,273,good
3678,119,128,247,good
3683,99,131,267,good
3675,121,141,271,good
3685,128,104,247,good
3634,128,134,265,good
3678,120,136,257,good
3644,133,132,250,good
3683,122,128,224,good
3684,136,111,294,good
3679,128,131,270,good
3682,126,129,288,good
3680,139,139,284,good
3677,110,150,339,good
3678,125,141,343,good
3676,134,136,337,good
3743,100,132,347,good
3663,121,134,348,good
3675,118,129,340,good
3678,284,136,341,good
3687,123,140,332,good
3678,128,135,338,good
3679,117,132,315,good
3693,119,175,337,good
3672,131,131,298,good
3677,123,133,315,good
3687,127,121,333,good
3679,128,146,326,good
3686,130,137,304,good
3678,131,148,298,good
3688,142,128,321,good
3677,119,133,286,good
3678,115,128,289,good
3676,140,107,288,good
3680,147,136,260,good
3678,132,128,276,good
3664,71,132,272,good
3676,125,135,277,good
3667,126,130,260,good
3685,138,134,276,good
3675,128,136,270,good
3683,117,133,252,good
3650,137,119,256,good
3680,124,133,246,good
3677,142,124,340,good
3683,4,132,242,good
3661,125,133,245,good
3668,132,117,243,good
3679,126,135,293,good
3680,131,130,268,good
3667,103,120,297,good
3661,141,134,210,good
3702,120,132,292,good
3681,122,150,312,good
3680,77,117,312,good
3674,116,146,286,good
3629,145,124,309,good
3699,113,142,360,good
3672,138,136,355,good
3675,107,160,365,good
3680,100,148,372,good
3683,101,134,374,good
3680,145,134,378,good
3688,121,134,365,good
3690,133,61,372,good
3671,129,132,349,good
3569,149,131,365,good
3679,132,128,353,good
3678,136,152,358,good
3688,169,130,345,good
3667,134,132,329,good
3707,128,155,341,good
3678,132,132,333,good
3680,162,125,334,good
3679,132,139,348,good
3689,106,138,366,good
3676,206,133,366,good
3690,137,124,366,good
3675,150,134,360,good
3681,121,134,360,good
3681,118,120,360,good
3676,135,131,342,good
3678,137,132,351,good
3676,112,137,419,good
3672,136,150,423,good
3676,142,110,444,good
3679,133,131,426,good
3677,135,117,425,good
3672,134,134,422,good
3676,120,131,426,good
3623,140,134,419,good
3669,124,142,434,good
3669,134,134,398,good
3673,121,136,409,good
3676,125,148,406,good
3684,157,135,400,good
3676,138,129,396,good
3695,126,206,392,good
3680,123,132,384,good
3678,155,122,384,good
3639,136,136,371,good
3678,135,132,362,good
3681,165,137,355,good
3699,141,134,347,good
3717,133,122,353,good
3678,120,134,333,good
3684,139,129,327,good
3756,128,136,364,good
3677,131,112,313,good
3676,151,128,349,good
3687,152,132,358,good
3672,130,135,337,good
3659,118,132,352,good
3665,141,152,347,good
3570,130,133,350,good
3688,155,135,332,good
3659,135,142,344,good
3692,155,131,340,good
3697,111,152,343,good
3745,129,132,335,good
3668,121,135,323,good
3683,117,132,303,good
3666,126,133,307,good
3677,136,134,319,good
3680,130,134,304,good
3678,134,155,278,good
3688,129,220,294,good
3687,148,134,312,good
3688,114,132,298,good
3677,131,151,301,good
3680,129,132,289,good
3679,154,142,286,good
3675,129,154,280,good
3696,126,53,280,good
3678,130,150,270,good
3697,142,104,282,good
3653,131,136,280,good
3646,109,130,237,good
3679,131,143,274,good
3671,101,131,256,good
3680,131,138,256,good
3679,128,140,262,good
3691,112,135,252,good
3680,128,106,308,good
3677,129,133,298,good
3680,128,136,286,good
3691,117,129,344,good
3708,84,134,308,good
3678,125,133,302,good
3677,242,112,302,good
3659,143,135,304,good
3687,116,128,293,good
3678,130,130,296,good
3675,125,134,346,good
3683,128,133,337,good
3702,128,133,342,good
3673,128,149,361,good
3678,110,154,336,good
3676,138,105,342,good
3677,126,134,335,good
3672,125,130,320,good
3678,121,159,307,good
3677,120,128,395,good
3679,132,155,405,good
3685,110,125,442,good
3677,126,130,412,good
3657,114,160,375,good
3673,124,135,398,good
3648,138,124,414,good
3676,115,134,417,good
3677,124,136,398,good
3681,124,141,401,good
3681,128,121,410,good
3680,125,135,370,good
3655,126,133,381,good
3672,130,154,365,good
3677,113,138,375,good
3658,135,135,359,good
3678,133,125,367,good
3682,128,133,340,good
3680,241,134,352,good
3677,127,150,336,good
3675,127,133,340,good
3682,128,136,336,good
3663,123,134,320,good
3679,124,214,329,good
3676,123,130,318,good
3669,126,145,316,good
3678,126,134,308,good
3674,124,132,304,good
3675,148,134,299,good
3671,131,139,280,good
3675,125,120,307,good
3675,125,133,259,good
3810,101,132,280,good
3664,142,116,277,good
3672,123,138,240,good
3690,125,136,268,good
3680,128,77,262,good
3679,86,145,266,good
3671,119,126,248,good
3676,113,124,247,good
3676,122,136,248,good
3688,94,142,244,good
3676,140,136,237,good
3665,112,136,215,good
3685,9,114,232,good
3684,100,137,228,good
3697,98,153,228,good
3685,98,136,221,good
3671,132,138,221,good
3688,122,33,215,good
3678,122,133,228,good
3678,139,130,310,good
3684,120,165,221,good
3692,123,133,274,good
3685,124,137,266,good
3677,124,136,272,good
3684,134,133,172,good
3687,124,144,268,good
3686,141,136,313,good
3677,98,160,314,good
3683,116,134,320,good
3668,124,134,359,good
3673,229,136,391,good
3675,149,131,385,good
3679,118,149,413,good
3688,116,118,432,good
3679,123,149,411,good
3679,128,117,425,good
3675,97,142,425,good
3680,123,134,435,good
3678,124,158,460,good
3677,119,136,497,good
3569,137,121,498,good
3683,100,137,562,good
3677,122,142,505,good
3660,114,178,509,good
3673,169,136,508,good
3679,121,136,505,good
3676,120,128,504,good
3661,126,138,467,good
3664,105,165,487,good
3671,123,138,478,good
3677,117,152,481,good
3678,146,128,459,good
3679,121,136,456,good
3637,119,133,461,good
3678,110,136,445,good
3675,125,135,436,good
3714,125,132,439,good
3670,104,163,430,good
3637,122,133,422,good
3681,131,134,411,good
3708,121,133,412,good
3683,123,123,413,good
3679,140,123,395,good
3653,128,136,386,good
3689,112,133,414,good
3663,118,0,366,good
3682,123,135,356,good
3678,112,136,369,good
3677,124,152,345,good
3684,113,130,352,good
3675,104,137,340,good
3676,111,131,337,good
3678,122,138,334,good
3678,126,134,328,good
3679,126,135,370,good
3669,98,138,366,good
3670,132,117,377,good
3673,123,165,364,good
3683,114,134,350,good
3681,115,164,329,good
3673,103,139,345,good
3693,96,136,340,good
3682,109,148,346,good
3764,122,136,252,good
3678,111,136,318,good
3707,119,136,325,good
3672,132,143,324,good
3678,105,142,317,good
3679,132,126,356,good
3677,106,146,306,good
3676,122,142,305,good
3678,98,136,298,good
3696,121,132,291,good
3690,120,122,290,good
3681,119,124,298,good
3639,132,139,273,good
3680,121,126,293,good
3666,142,122,287,good
3685,122,136,267,good
3682,149,129,258,good
3659,135,144,325,good
3680,114,139,320,good
3705,124,118,329,good
3677,122,141,328,good
3658,123,150,318,good
3651,119,125,330,good
3676,149,136,327,good
3669,121,141,324,good
3684,126,140,328,good
3673,213,139,301,good
3662,122,98,317,good
3647,122,112,320,good
3682,206,137,308,good
3684,153,143,296,good
3687,124,120,311,good
3679,142,141,301,good
3670,126,138,290,good
3632,128,140,312,good
3674,118,140,283,good
3687,131,141,279,good
3672,134,144,290,good
3673,114,145,272,good
3700,124,121,273,good
3671,211,150,249,good
3692,123,130,265,good
3679,116,154,264,good
3699,104,144,268,good
3680,131,133,273,good
3674,126,143,288,good
3677,131,142,270,good
3681,110,152,263,good
3677,123,144,256,good
3680,125,139,253,good
3675,138,138,264,good
3674,124,158,240,good
3674,125,139,263,good
3651,129,144,244,good
3692,113,147,240,good
3677,125,146,238,good
3676,122,171,235,good
3677,105,140,240,good
3679,123,119,235,good
3677,128,122,222,good
3677,268,141,223,good
3677,116,138,260,good
3664,129,112,248,good
3675,115,139,268,good
3675,168,122,282,good
3635,124,139,274,good
3707,124,143,272,good
3677,124,128,279,good
3681,124,144,266,good
3685,127,138,262,good
3686,103,152,261,good
3752,118,139,270,good
3683,128,149,249,good
3675,113,138,256,good
3671,119,138,242,good
3677,123,128,245,good
3680,132,152,240,good
3662,124,144,231,good
3678,121,142,234,good
3679,145,144,279,good
3662,117,141,292,good
3658,119,160,278,good
3671,144,143,288,good
3665,130,128,282,good
3703,93,142,284,good
3687,150,142,279,good
3682,0,142,274,good
3677,128,142,284,good
3691,118,143,277,good
3677,128,129,268,good
3678,130,168,258,good
3672,102,139,324,good
3683,137,185,258,good
3673,129,144,260,good
3678,123,125,261,good
3665,106,143,253,good
3684,102,148,250,good
3680,128,170,238,good
3681,117,141,251,good
3680,128,136,240,good
3671,127,137,250,good
3679,135,140,232,good
3666,122,155,216,good
3691,124,141,226,good
3682,123,113,233,good
3690,151,136,268,good
3677,123,143,267,good
3681,124,141,270,good
3680,130,144,267,good
3699,113,157,266,good
3677,126,134,264,good
3681,123,148,256,good
3693,119,116,261,good
3662,128,142,250,good
3680,123,144,279,good
3680,121,150,235,good
3646,132,130,230,good
3685,129,140,233,good
3665,124,143,256,good
3685,121,168,256,good
3677,131,170,236,good
3689,115,106,248,good
3668,116,155,282,good
3678,95,142,317,good
3654,123,151,303,good
3674,129,144,305,good
3664,143,135,313,good
3677,123,137,324,good
3680,122,139,326,good
3678,115,130,333,good
3677,131,149,331,good
3684,138,125,334,good
3707,120,140,349,good
3675,116,155,282,good
3573,120,141,382,good
3678,152,132,381,good
3668,124,140,374,good
3677,131,144,422,good
3645,120,128,367,good
3679,121,143,390,good
3672,145,119,380,good
3676,127,152,377,good
3679,150,140,356,good
3679,113,144,354,good
3675,114,139,353,good
3688,149,140,347,good
3683,122,42,349,good
3671,132,144,348,good
3702,70,141,375,good
3678,120,144,377,good
3691,114,128,371,good
3680,125,144,374,good
3650,120,162,353,good
3677,133,139,359,good
3672,124,168,355,good
3700,121,141,356,good
3677,122,148,361,good
3675,105,159,334,good
3681,119,135,348,good
3666,183,150,355,good
3678,135,141,343,good
3665,113,140,342,good
3676,98,154,311,good
3678,130,138,298,good
3854,121,138,326,good
3679,121,143,310,good
3668,157,155,304,good
3663,122,140,306,good
3684,168,125,310,good
3679,120,136,302,good
3673,132,137,286,good
3690,109,142,270,good
3678,130,141,290,good
3673,120,134,299,good
3678,125,140,272,good
3674,121,164,272,good
3694,93,151,274,good
3657,119,137,256,good
3661,114,82,261,good
3702,121,123,266,good
3674,116,64,239,good
3680,139,140,197,good
3681,92,141,250,good
3681,113,140,288,good
3677,126,137,297,good
3696,116,110,297,good
3672,120,137,270,good
3679,121,139,292,good
3680,114,141,292,good
3678,119,141,290,good
3677,120,121,290,good
3693,110,137,284,good
3687,115,123,299,good
3673,127,133,349,good
3677,124,140,358,good
3677,119,142,362,good
3679,131,142,348,good
3689,115,143,363,good
3681,120,148,363,good
3677,118,142,370,good
3645,128,152,362,good
3689,114,140,360,good
3687,124,111,386,good
3677,120,140,396,good
3665,116,173,382,good
3707,120,130,375,good
3668,118,151,395,good
3675,175,138,370,good
3584,122,141,378,good
3677,78,108,386,good
3680,114,166,361,good
3663,118,149,354,good
3678,120,142,353,good
3683,140,131,329,good
3671,119,155,313,good
3678,117,111,342,good
3678,120,137,331,good
3677,119,137,324,good
3651,112,144,309,good
3648,115,120,313,good
3683,123,142,331,good
3678,111,132,320,good
3679,108,136,316,good
3679,120,138,285,good
3675,119,129,302,good
3676,103,137,310,good
3678,106,140,298,good
3670,119,125,281,good
3675,122,138,296,good
3652,118,142,304,good
3683,112,148,291,good
3662,122,138,279,good
3679,125,137,253,good
3676,66,134,273,good
3680,122,133,242,good
3677,124,136,264,good
3681,120,149,256,good
3678,145,141,253,good
3675,118,134,246,good
3681,121,146,247,good
3665,142,138,263,good
3676,108,142,236,good
3690,122,137,236,good
3678,0,141,231,good
3688,113,227,241,good
3678,122,139,225,good
3663,124,139,227,good
3689,124,130,220,good
3677,122,137,222,good
3675,247,144,222,good
3658,122,136,219,good
3679,122,134,231,good
3682,119,88,217,good
3671,121,139,200,good
3678,114,139,209,good
3665,109,137,220,good
3676,121,123,210,good
3700,140,138,280,good
3695,108,124,226,good
3699,123,130,200,good
3701,123,136,196,good
3593,139,140,192,good
3676,109,134,192,good
3677,121,132,194,good
3678,24,139,197,good
3679,130,138,202,good
3679,152,138,191,good
3669,117,137,235,good
3679,142,147,229,good
3680,122,150,247,good
3690,121,141,238,good
3666,135,140,224,good
3684,120,136,248,good
3654,116,143,284,good
3679,120,139,235,good
3674,124,142,228,good
3676,109,140,236,good
3679,95,146,242,good
3660,108,110,234,good
3680,119,145,276,good
3668,124,147,273,good
3678,122,113,288,good
3675,121,124,296,good
3681,0,141,282,good
3678,108,124,280,good
3693,106,143,277,good
3691,122,146,297,good
3675,108,159,321,good
3682,99,141,364,good
3675,134,136,337,good
3675,140,141,358,good
3692,121,138,360,good
3664,92,154,353,good
3677,123,135,350,good
3688,124,124,353,good
3676,123,123,380,good
3675,122,136,349,good
3682,112,150,354,good
3667,126,165,357,good
3676,109,138,367,good
3675,185,144,352,good
3687,118,136,341,good
3664,148,141,323,good
3681,119,139,340,good
3699,120,241,344,good
3677,110,125,345,good
3707,117,141,332,good
3671,123,138,331,good
3679,149,141,357,good
3575,125,126,376,good
3665,122,137,377,good
3695,97,145,381,good
3668,125,165,364,good
3657,126,137,362,good
3673,132,142,392,good
3683,136,148,358,good
3654,136,129,356,good
3698,106,137,349,good
3678,110,150,251,good
3679,121,155,332,good
3675,128,151,342,good
3671,128,137,327,good
3679,128,140,321,good
3675,112,135,318,good
3677,122,137,383,good
3679,124,136,361,good
3673,123,136,354,good
3681,122,166,379,good
3675,128,155,361,good
3679,133,144,360,good
3665,121,195,360,good
3700,126,137,355,good
3676,126,138,350,good
3679,127,147,390,good
3674,154,134,427,good
3678,126,138,425,good
3676,126,155,423,good
3674,134,140,428,good
3678,124,146,429,good
3677,127,150,370,good
3683,220,141,420,good
3675,128,135,496,good
3678,9,140,408,good
3531,126,140,402,good
3649,124,124,400,good
3688,138,140,393,good
3679,126,130,387,good
3692,98,145,384,good
3673,104,141,374,good
3659,126,131,375,good
3677,130,142,370,good
3684,101,144,366,good
3680,129,139,363,good
3658,196,141,356,good
3675,125,145,338,good
3648,132,152,343,good
3634,105,151,300,good
3653,166,141,331,good
3667,113,122,312,good
3676,286,141,320,good
3679,122,112,363,good
3677,127,141,359,good
3675,112,137,352,good
3674,125,139,350,good
3676,145,134,358,good
3673,125,143,360,good
3657,118,144,348,good
3681,125,144,340,good
3685,137,133,356,good
3676,124,140,319,good
3691,117,136,348,good
3678,136,150,333,good
3688,115,141,327,good
3673,136,138,373,good
3679,128,142,375,good
3687,121,137,387,good
3660,124,140,359,good
3682,125,40,374,good
3680,139,167,362,good
3675,125,147,356,good
3677,132,158,351,good
3676,118,138,341,good
3667,126,146,345,good
3680,100,139,332,good
3682,124,64,351,good
3727,125,138,323,good
3676,126,130,359,good
3667,136,123,367,good
3677,145,139,351,good
3671,108,138,362,good
3678,124,139,349,good
3678,121,133,292,good
3684,40,141,340,good
3677,125,126,341,good
3694,114,106,345,good
3677,122,139,324,good
3657,120,133,317,good
3673,124,129,326,good
3671,137,141,224,good
3665,115,139,308,good
3689,145,135,309,good
3669,147,134,312,good
3708,122,137,291,good
3678,124,140,300,good
3679,105,139,281,good
3679,96,136,277,good
3679,120,135,326,good
3677,121,126,327,good
3675,133,169,331,good
3682,201,136,323,good
3668,120,174,327,good
3675,130,128,324,good
3679,123,137,313,good
3689,101,156,307,good
3682,129,129,315,good
3677,131,165,308,good
3701,112,136,316,good
3679,138,140,314,good
3616,104,133,220,good
3682,152,140,293,good
3675,140,125,315,good
3681,129,127,288,good
3680,109,162,336,good
3693,101,132,333,good
3665,128,135,311,good
3660,124,142,325,good
3676,0,139,331,good
3673,124,134,331,good
3812,128,139,348,good
3670,123,134,338,good
3699,122,12,318,good
3679,102,138,315,good
3688,138,129,324,good
3677,125,150,301,good
3660,120,156,296,good
3700,126,139,299,good
3670,116,80,290,good
3665,102,132,249,good
3665,123,128,279,good
3615,132,138,320,good
3678,153,104,331,good
3679,126,135,325,good
3679,120,137,324,good
3686,124,132,294,good
3677,144,112,330,good
3679,126,143,328,good
3684,124,125,315,good
3680,123,139,321,good
3677,104,137,322,good
3680,121,125,360,good
3681,124,134,374,good
3672,130,139,364,good
3674,104,129,366,good
3668,124,150,363,good
3689,100,144,355,good
3680,125,129,362,good
3695,119,6,344,good
3686,123,110,349,good
3681,122,156,340,good
3682,123,138,344,good
3665,139,136,246,good
3656,122,126,325,good
3669,125,162,323,good
3682,122,148,331,good
3686,143,134,320,good
3678,37,150,308,good
3691,124,132,290,good
3611,123,134,278,good
3672,141,136,292,good
3677,121,135,280,good
3679,125,135,281,good
3679,135,138,285,good
3659,118,138,286,good
3692,123,136,288,good
3673,126,118,272,good
3694,116,165,259,good
3671,128,136,258,good
3669,110,133,266,good
3678,150,138,247,good
3665,117,147,266,good
3679,122,165,297,good
3671,130,134,297,good
3697,118,219,303,good
3682,207,133,339,good
3703,113,152,342,good
3679,128,146,361,good
3681,131,136,329,good
3677,128,124,354,good
3680,134,132,345,good
3672,124,183,346,good
3671,137,134,346,good
3663,131,125,325,good
3697,132,121,365,good
3677,121,137,342,good
3679,151,99,338,good
3667,124,129,331,good
3676,178,134,324,good
3661,122,298,326,good
3694,122,131,318,good
3680,126,132,313,good
3682,116,136,313,good
3664,122,132,304,good
3679,122,140,304,good
3679,123,132,344,good
3682,128,135,290,good
3693,129,139,305,good
3709,130,146,301,good
3676,131,149,282,good
3695,105,147,290,good
3688,111,137,349,good
3674,171,119,379,good
3679,133,136,362,good
3678,142,166,371,good
3649,131,125,377,good
3673,121,139,386,good
3719,137,122,371,good
3675,128,152,371,good
3677,131,133,367,good
3572,141,141,441,good
3676,124,138,402,good
3678,129,153,359,good
3674,122,137,350,good
3663,129,142,444,good
3712,132,138,336,good
3677,142,137,333,good
3634,131,138,322,good
3679,128,161,329,good
3676,131,140,365,good
3676,130,139,361,good
3693,113,113,367,good
3676,128,126,361,good
3686,128,138,353,good
3686,122,116,367,good
3690,126,128,344,good
3677,90,151,351,good
3665,124,179,374,good
3675,28,141,392,good
3684,131,134,420,good
3684,142,116,425,good
3683,130,136,432,good
3666,132,136,437,good
3673,120,146,422,good
3681,145,136,422,good
3683,128,137,421,good
3638,130,137,417,good
3675,131,136,398,good
3677,120,235,432,good
3679,144,136,402,good
3670,103,140,398,good
3675,138,136,385,good
3677,129,137,418,good
3687,124,128,416,good
3696,142,137,415,good
3703,126,134,413,good
3659,130,136,413,good
3675,130,137,437,good
3677,130,131,406,good
3675,130,136,401,good
3666,129,196,397,good
3670,132,167,395,good
3663,128,144,386,good
3745,132,137,357,good
3693,127,51,389,good
3672,121,148,359,good
3677,119,138,363,good
3680,145,116,362,good
3677,116,151,355,good
3685,129,136,347,good
3683,124,138,343,good
3677,120,130,340,good
3681,121,80,335,good
3691,115,133,369,good
3683,129,148,370,good
3677,111,132,377,good
3676,140,114,373,good
3672,146,132,370,good
3695,139,134,331,good
3671,124,159,342,good
3673,272,135,356,good
3678,127,135,354,good
3677,128,133,348,good
3678,129,130,343,good
3680,10,138,337,good
3680,126,128,335,good
3693,138,125,316,good
3675,115,122,320,good
3679,128,135,316,good
3681,124,129,308,good
3662,131,112,306,good
3679,123,131,384,good
3680,125,137,391,good
3681,116,134,395,good
3678,123,109,402,good
3673,129,92,400,good
3679,126,122,430,good
3675,124,150,401,good
3661,127,141,396,good
3680,128,137,387,good
3676,126,160,393,good
3678,125,132,387,good
3673,109,135,400,good
3681,126,162,379,good
3663,126,136,357,good
3678,114,133,372,good
3679,124,136,357,good
3678,123,153,358,good
3686,118,145,354,good
3669,125,164,346,good
3675,126,136,350,good
3669,140,135,333,good
3682,104,162,330,good
3677,128,137,305,good
3696,124,139,317,good
3679,193,136,312,good
3678,112,136,294,good
3679,128,135,302,good
3671,128,135,286,good
3677,133,119,311,good
3652,124,136,286,good
3674,125,139,288,good
3693,96,136,276,good
3681,124,144,272,good
3691,129,136,266,good
3679,118,135,305,good
3678,123,128,307,good
3650,122,135,309,good
3678,127,144,306,good
3716,134,136,283,good
3689,125,135,284,good
3682,150,137,303,good
3689,121,134,300,good
3685,130,120,295,good
3683,128,151,296,good
3677,131,131,292,good
3694,120,51,282,good
3692,126,140,277,good
3666,143,128,269,good
3680,130,135,274,good
3680,119,166,267,good
3555,122,135,265,good
3687,124,136,278,good
3675,128,132,256,good
3679,130,144,300,good
3673,105,129,297,good
3681,131,136,278,good
3675,127,148,294,good
3686,106,143,273,good
3687,128,141,283,good
3690,136,140,341,good
3677,102,140,264,good
3682,137,181,268,good
3678,136,135,310,good
3678,125,134,305,good
3661,201,135,305,good
3689,156,143,312,good
3679,144,135,302,good
3683,124,135,318,good
3678,129,119,317,good
3669,149,114,315,good
3683,137,137,290,good
3680,125,131,291,good
3680,141,132,279,good
3652,142,154,261,good
3680,211,134,280,good
3681,153,121,289,good
3527,143,135,289,good
3679,140,135,267,good
3681,149,128,263,good
3667,155,135,264,good
3668,138,146,266,good
3682,138,133,258,good
3681,140,188,243,good
3671,146,165,252,good
3653,137,136,245,good
3671,120,128,292,good
3680,134,123,239,good
3666,129,134,236,good
3681,141,134,231,good
3680,140,129,233,good
3676,147,132,222,good
3680,128,136,223,good
3707,142,115,224,good
3680,146,133,215,good
3671,134,129,234,good
3678,132,135,337,good
3683,141,130,196,good
3669,220,156,220,good
3675,164,98,217,good
3708,130,132,210,good
3689,140,136,206,good
3691,125,125,238,good
3676,136,134,209,good
3698,137,143,198,good
3681,155,122,225,good
3677,129,150,196,good
3680,141,133,191,good
3703,142,134,186,good
3676,140,122,194,good
3662,144,148,185,good
3673,115,134,194,good
3665,153,120,185,good
3691,126,129,179,good
3686,139,77,196,good
3678,141,137,180,good
3689,146,128,242,good
3680,137,160,234,good
3779,139,134,232,good
3672,139,140,267,good
3680,139,142,256,good
3687,168,134,244,good
3700,104,134,254,good
3677,146,135,253,good
3661,124,104,256,good
3735,139,134,264,good
3650,136,130,240,good
3695,137,233,250,good
3676,139,123,237,good
3685,136,126,238,good
3683,130,137,238,good
3667,153,139,248,good
3687,137,114,234,good
3672,141,128,281,good
3671,123,132,228,good
3677,136,119,230,good
3677,134,131,226,good
3677,138,128,234,good
3676,178,115,236,good
3682,136,135,225,good
3666,145,136,200,good
3672,135,120,272,good
3677,136,153,298,good
3692,101,133,297,good
3678,136,135,309,good
3679,100,125,316,good
3679,162,130,314,good
3677,144,133,309,good
3678,133,146,314,good
3675,135,150,310,good
3677,131,146,340,good
3677,128,138,333,good
3692,137,143,304,good
3541,133,134,303,good
3680,132,129,301,good
3700,136,120,305,good
3679,132,132,286,good
3671,100,143,297,good
3679,138,140,294,good
3700,129,135,304,good
3689,134,134,273,good
3680,122,130,268,good
3679,131,133,292,good
3665,119,132,278,good
3695,133,127,271,good
3681,130,133,261,good
3678,121,132,275,good
3706,129,115,259,good
3688,131,98,235,good
3691,134,136,246,good
3673,131,134,234,good
3685,129,122,253,good
3679,129,149,237,good
3671,144,160,230,good
3682,125,142,246,good
3683,151,134,274,good
3662,136,140,192,good
3681,133,140,279,good
3683,128,134,281,good
3676,143,112,278,good
3703,131,133,409,good
3667,136,131,263,good
3675,129,147,290,good
3656,130,150,266,good
3685,130,105,260,good
3678,117,134,256,good
3677,134,153,256,good
3676,134,135,253,good
3690,146,115,248,good
3673,136,119,256,good
3694,116,140,242,good
3663,130,190,246,good
3667,143,124,240,good
3684,128,130,244,good
3678,129,132,274,good
3639,128,140,319,good
3671,131,133,282,good
3670,144,124,280,good
3743,132,134,264,good
3679,129,140,275,good
3663,129,134,280,good
3677,129,141,268,good
3679,24,146,275,good
3675,140,102,285,good
3651,124,155,257,good
3673,149,130,278,good
3672,141,132,263,good
3689,121,217,284,good
3685,130,137,254,good
3679,145,128,345,good
3676,128,128,257,good
3672,114,169,242,good
3697,124,221,322,good
3663,129,132,329,good
3673,121,219,325,good
3676,126,120,342,good
3673,129,135,345,good
3679,128,131,344,good
3660,122,133,378,good
3674,109,140,340,good
3698,147,134,424,good
3673,120,128,426,good
3657,118,160,409,good
3677,129,134,419,good
3673,123,134,423,good
3684,126,145,421,good
3676,125,103,425,good
3701,80,135,427,good
3676,112,134,414,good
3678,125,125,418,good
3668,122,122,443,good
3678,132,128,453,good
3671,124,141,453,good
3671,143,130,437,good
3672,126,162,452,good
3690,124,135,462,good
3675,132,112,487,good
3676,117,111,485,good
3678,110,130,476,good
3677,117,139,479,good
3689,123,0,471,good
3686,120,132,464,good
3676,122,144,473,good
3665,120,129,460,good
3681,115,134,466,good
3676,125,133,454,good
3677,104,134,445,good
3690,124,128,452,good
3696,123,125,445,good
3681,151,125,442,good
3671,221,151,424,good
3679,122,125,425,good
3678,123,129,407,good
3678,122,128,409,good
3679,125,109,406,good
3686,128,140,390,good
3675,132,128,441,good
3667,127,139,447,good
3687,141,135,428,good
3671,139,106,436,good
3679,125,127,426,good
3671,125,137,438,good
3679,183,134,416,good
3679,139,124,486,good
3682,117,156,400,good
3668,155,131,398,good
3675,106,145,364,good
3699,131,133,386,good
3679,133,147,379,good
3799,130,133,387,good
3673,130,142,369,good
3677,131,126,450,good
3678,132,134,355,good
3669,128,159,345,good
3680,131,134,346,good
3675,128,131,336,good
3688,117,132,321,good
3673,173,133,328,good
3701,122,133,321,good
3697,128,14,312,good
3665,126,132,363,good
3687,128,135,358,good
3681,126,134,352,good
3705,120,131,400,good
3676,123,132,404,good
3677,112,123,401,good
3697,128,126,408,good
3677,124,125,393,good
3679,145,147,379,good
3665,120,140,404,good
3686,139,108,402,good
3679,111,162,475,good
3682,129,43,505,good
3653,134,122,498,good
3694,123,136,492,good
3672,122,134,497,good
3679,144,128,488,good
3673,128,125,521,good
3676,99,134,498,good
3668,125,132,477,good
3679,127,132,493,good
3677,125,139,488,good
3677,134,139,476,good
3681,122,134,471,good
3668,146,115,472,good
3636,124,133,456,good
3679,125,128,446,good
3658,122,126,446,good
3677,124,156,432,good
3672,120,130,426,good
3776,126,135,427,good
3686,126,109,397,good
3661,128,139,402,good
3690,125,126,400,good
3677,130,142,394,good
3686,113,140,422,good
3679,128,141,371,good
3666,115,133,390,good
3673,103,129,403,good
3705,86,132,383,good
3676,121,156,398,good
3681,117,134,377,good
3680,120,135,378,good
3675,126,133,348,good
3726,122,130,362,good
3661,121,152,336,good
3678,0,134,378,good
3695,122,116,392,good
3690,125,121,369,good
3675,151,131,376,good
3690,118,140,386,good
3697,124,119,372,good
3678,122,134,360,good
3709,122,113,360,good
3677,115,143,349,good
3679,116,140,314,good
3681,119,130,339,good
3685,126,135,332,good
3691,129,136,332,good
3679,114,134,320,good
3678,115,129,313,good
3673,123,129,284,good
3697,111,119,307,good
3675,226,134,298,good
3682,125,119,341,good
3674,120,125,340,good
3667,117,136,322,good
3677,121,131,264,good
3680,120,128,334,good
3675,105,132,328,good
3689,142,134,324,good
3678,136,126,323,good
3692,122,133,308,good
3679,120,131,316,good
3695,119,129,321,good
3675,121,149,288,good
3647,121,131,284,good
3764,112,136,304,good
3703,116,136,295,good
3661,126,108,276,good
3657,124,136,279,good
3679,122,133,287,good
3645,123,136,268,good
3650,120,132,272,good
3677,128,137,276,good
3675,126,148,275,good
3678,122,104,277,good
3677,94,147,272,good
3679,92,140,262,good
3680,123,141,259,good
3678,117,133,216,good
3683,124,135,244,good
3681,122,140,269,good
3679,121,126,269,good
3705,116,154,239,good
3674,126,70,245,good
3678,120,128,230,good
3678,120,106,229,good
3761,121,135,227,good
3669,123,134,222,good
3665,122,136,218,good
3676,121,144,220,good
3672,137,122,207,good
3676,120,125,220,good
3691,120,132,210,good
3754,98,133,212,good
3681,120,120,206,good
3674,113,151,193,good
3658,119,128,201,good
3677,125,154,193,good
3681,120,133,198,good
3674,121,118,189,good
3677,121,147,185,good
3682,122,120,195,good
3677,101,134,210,good
3647,124,132,206,good
3692,123,133,188,good
3682,123,50,196,good
3685,121,133,168,good
3676,97,143,189,good
3683,123,143,178,good
3667,121,122,165,good
3681,96,146,165,good
3679,122,128,151,good
3684,118,131,176,good
3674,114,144,173,good
3692,107,161,163,good
3679,125,132,177,good
3679,118,130,168,good
3700,116,220,168,good
3687,113,134,162,good
3673,120,253,165,good
3678,121,133,209,good
3709,121,145,230,good
3679,19,137,251,good
3678,121,141,249,good
3678,97,150,266,good
3681,119,149,266,good
3707,118,113,269,good
3678,119,133,305,good
3682,120,181,302,good
3812,119,135,289,good
3663,128,131,290,good
3669,125,109,321,good
3681,87,137,314,good
3679,117,119,318,good
3653,129,140,315,good
3675,126,134,314,good
3661,118,192,310,good
3678,103,142,303,good
3742,136,137,397,good
3659,132,117,344,good
3679,119,138,357,good
3675,119,132,335,good
3658,122,136,331,good
3676,118,134,339,good
3677,123,145,339,good
3677,137,133,335,good
3681,122,134,333,good
3683,116,149,364,good
3680,115,128,364,good
3677,246,131,380,good
3677,99,155,372,good
3684,111,137,403,good
3677,119,122,381,good
3701,111,132,378,good
3685,138,128,366,good
3636,120,132,422,good
3679,118,133,427,good
3679,113,150,431,good
3687,132,109,473,good
3673,133,136,481,good
3680,214,133,476,good
3669,129,9,461,good
3666,135,122,456,good
3671,123,122,482,good
3676,91,145,472,good
3677,143,135,474,good
3688,122,132,358,good
3678,119,133,465,good
3677,116,126,456,good
3679,108,144,451,good
3679,118,144,439,good
3677,113,140,444,good
3679,117,125,426,good
3681,116,141,422,good
3652,116,142,416,good
3672,115,129,385,good
3675,122,142,368,good
3675,114,136,388,good
3680,124,139,387,good
3662,128,137,376,good
3686,119,144,352,good
3696,122,117,377,good
3732,120,136,349,good
3701,161,141,359,good
3707,117,133,348,good
3677,118,136,339,good
3685,120,133,319,good
3677,115,145,328,good
3680,169,134,323,good
3679,107,134,308,good
3677,115,131,312,good
3674,119,133,308,good
3676,109,133,321,good
3679,117,134,300,good
3664,120,134,298,good
3684,139,134,295,good
3679,120,143,296,good
3674,119,121,287,good
3675,122,164,294,good
3677,128,131,279,good
3683,123,119,281,good
3675,123,126,279,good
3692,125,120,290,good
3679,133,141,263,good
3670,106,129,260,good
3667,102,143,272,good
3687,143,130,258,good
3678,132,134,256,good
3680,133,152,249,good
3581,148,123,254,good
3680,101,135,298,good
3678,146,121,296,good
3677,108,135,300,good
3684,117,134,280,good
3676,130,134,297,good
3677,117,130,291,good
3664,129,147,260,good
3675,113,129,296,good
3678,152,131,282,good
3681,124,141,288,good
3681,144,134,285,good
3665,123,137,280,good
3678,125,131,268,good
3670,128,132,267,good
3679,130,134,273,good
3681,117,138,263,good
3673,112,134,263,good
3672,128,122,252,good
3673,130,133,256,good
3674,130,132,248,good
3671,119,136,261,good
3684,140,124,250,good
3669,125,133,230,good
3673,96,129,239,good
3700,124,136,236,good
3667,126,134,238,good
3679,125,132,228,good
3674,134,166,285,good
3677,155,133,267,good
3664,126,133,270,good
3677,123,134,267,good
3681,133,147,272,good
3669,121,133,264,good
3683,126,128,277,good
3670,119,133,338,good
3681,128,141,304,good
3667,128,104,301,good
3677,114,152,306,good
3662,124,141,309,good
3670,119,49,294,good
3680,130,129,308,good
3667,125,153,307,good
3708,127,113,352,good
3675,118,128,359,good
3701,132,135,341,good
3681,124,132,357,good
3687,128,129,358,good
3653,129,143,345,good
3673,144,132,357,good
3689,154,133,348,good
3680,122,147,349,good
3690,125,138,374,good
3675,99,162,351,good
3684,125,138,369,good
3671,121,133,372,good
3677,119,132,388,good
3753,129,136,325,good
3681,117,139,386,good
3675,150,129,384,good
3679,82,136,383,good
3675,119,130,362,good
3675,104,161,380,good
3684,114,131,376,good
3674,118,136,351,good
3707,119,131,364,good
3691,120,127,355,good
3674,111,141,350,good
3685,121,137,346,good
3679,133,130,247,good
3679,122,166,332,good
3674,55,112,340,good
3678,122,146,379,good
3675,115,133,394,good
3641,125,146,358,good
3687,151,134,377,good
3677,119,149,374,good
3684,125,138,363,good
3690,112,132,388,good
3694,127,130,356,good
3679,137,135,351,good
3669,90,138,355,good
3679,120,124,341,good
3647,119,150,317,good
3717,121,133,332,good
3677,119,133,325,good
3688,151,133,323,good
3691,109,134,314,good
3693,123,129,319,good
3678,147,135,308,good
3678,130,128,302,good
3675,133,138,292,good
3675,96,139,264,good
3674,104,135,288,good
3672,133,133,282,good
3689,125,133,284,good
3679,140,128,274,good
3690,123,132,269,good
3731,123,133,265,good
3674,122,132,252,good
3690,118,136,259,good
3667,112,133,234,good
3667,136,114,272,good
3655,121,134,250,good
3679,117,144,245,good
3680,115,137,221,good
3687,117,135,348,good
3678,100,133,286,good
3681,104,135,287,good
3677,77,138,306,good
3660,117,92,286,good
3685,110,136,295,good
3679,123,131,264,good
3684,119,141,320,good
3669,122,133,326,good
3685,94,132,328,good
3691,0,114,333,good
3677,121,146,361,good
3747,114,133,372,good
3680,136,135,358,good
3680,134,151,381,good
3665,117,115,380,good
3681,123,141,380,good
3683,120,91,393,good
3680,136,135,432,good
3676,116,110,454,good
3669,121,131,457,good
3679,125,147,458,good
3687,125,135,473,good
3676,108,154,466,good
3675,91,136,460,good
3673,117,133,472,good
3687,124,119,477,good
3681,115,128,462,good
3675,100,141,462,good
3673,137,117,450,good
3678,125,132,448,good
3666,140,134,357,good
3663,108,134,434,good
3789,125,132,420,good
3677,128,134,406,good
3678,124,140,425,good
3649,125,145,490,good
3675,126,129,491,good
3686,124,131,469,good
3678,132,145,474,good
3677,126,130,486,good
3676,128,152,491,good
3680,142,133,423,good
3671,122,250,480,good
3677,126,117,502,good
3693,124,134,520,good
3672,115,146,517,good
3691,150,128,520,good
3676,126,131,564,good
3691,125,132,556,good
3677,114,150,566,good
3699,118,136,569,good
3677,128,147,561,good
3675,111,155,556,good
3674,133,138,567,good
3676,120,141,571,good
3678,124,119,555,good
3663,127,135,537,good
3690,124,262,544,good
3676,115,132,560,good
3707,116,140,574,good
3844,125,132,552,good
3655,120,135,586,good
3686,121,125,608,good
3676,112,148,606,good
3682,124,90,594,good
3676,128,133,599,good
3689,124,135,602,good
3677,107,134,589,good
3685,91,143,588,good
3662,123,78,571,good
3691,126,132,555,good
3697,123,132,555,good
3685,107,144,548,good
3695,123,132,554,good
3673,123,133,509,good
3679,129,142,503,good
3683,139,114,557,good
3676,116,132,543,good
3669,119,142,556,good
3660,201,133,544,good
3683,148,125,543,good
3677,117,76,534,good
3705,119,134,542,good
3679,115,128,526,good
3673,219,131,502,good
3679,122,117,495,good
3685,95,135,487,good
3679,125,135,484,good
3659,120,197,481,good
3682,117,133,483,good
3676,121,128,468,good
3680,124,144,450,good
3678,124,130,420,good
3673,112,133,441,good
3689,150,158,431,good
3669,136,129,397,good
3688,141,135,411,good
3659,200,132,400,good
3686,124,21,397,good
3675,125,126,395,good
3678,114,134,383,good
3696,130,134,381,good
3684,108,131,373,good
3680,128,135,368,good
3669,117,136,361,good
3681,127,132,394,good
3676,123,130,392,good
3677,123,140,379,good
3673,135,134,385,good
3696,103,126,387,good
3679,124,144,396,good
3663,117,141,362,good
3681,128,139,374,good
3679,128,132,364,good
3707,119,112,368,good
3662,207,131,360,good
3680,120,133,353,good
3678,122,122,352,good
3677,108,140,328,good
3677,121,128,332,good
3665,123,133,315,good
3677,123,112,322,good
3678,124,157,309,good
3671,111,126,354,good
3707,119,131,321,good
3675,94,134,323,good
3689,94,156,308,good
3664,123,131,295,good
3708,123,112,298,good
3681,122,162,293,good
3675,110,130,291,good
3663,121,131,278,good
3686,122,128,260,good
3665,119,130,274,good
3680,95,128,274,good
3700,150,143,268,good
3674,121,132,258,good
3677,137,121,281,good
3697,134,112,260,good
3678,111,124,261,good
3668,115,167,252,good
3671,121,124,257,good
3679,138,122,271,good
3639,122,134,236,good
3676,137,133,249,good
3680,128,133,237,good
3675,135,107,245,good
3694,135,99,233,good
3683,124,128,225,good
3665,141,120,209,good
3549,123,132,110,good
3689,161,133,212,good
3682,137,160,225,good
3677,126,132,233,good
3660,138,136,318,good
3678,135,144,217,good
3673,133,147,237,good
3683,105,136,210,good
3680,130,119,215,good
3680,32,134,198,good
3679,130,121,216,good
3685,129,119,208,good
3677,120,135,200,good
3679,134,126,250,good
3677,142,109,210,good
3673,127,132,176,good
3677,129,120,191,good
3674,125,123,181,good
3663,124,146,167,good
3676,0,134,182,good
3680,132,132,179,good
3678,131,122,204,good
3682,130,128,153,good
3675,128,138,168,good
3679,133,132,169,good
3682,135,150,170,good
3671,126,133,168,good
3675,115,137,218,good
3706,131,124,240,good
3691,130,135,216,good
3676,144,148,224,good
3694,115,129,231,good
3686,129,135,199,good
3699,81,131,218,good
3668,94,147,220,good
3694,131,135,231,good
3650,132,135,216,good
3708,132,133,211,good
3677,133,132,196,good
3663,146,133,128,good
3701,130,125,210,good
3667,120,132,219,good
3689,147,134,215,good
3679,129,160,204,good
3678,91,132,266,good
3655,128,85,270,good
3677,88,154,264,good
3686,89,133,262,good
3687,128,133,263,good
3682,128,126,209,good
3678,108,132,260,good
3682,139,130,262,good
3675,156,130,249,good
3679,125,129,260,good
3624,128,134,250,good
3677,119,139,247,good
3677,128,99,254,good
3692,104,148,236,good
3677,128,105,261,good
3653,119,190,251,good
3664,119,132,242,good
3649,139,128,239,good
3677,128,133,236,good
3697,129,125,236,good
3681,1,135,229,good
3681,141,134,232,good
3691,102,132,236,good
3679,120,139,236,good
3678,127,144,241,good
3661,126,150,260,good
3626,144,137,260,good
3665,110,131,284,good
3679,129,125,266,good
3657,121,146,259,good
3689,123,133,251,good
3675,100,137,274,good
3674,132,141,257,good
3676,133,128,256,good
3672,122,18,254,good
3680,136,135,246,good
3681,123,134,256,good
3677,126,129,256,good
3677,124,132,248,good
3679,282,133,248,good
3675,122,126,293,good
3694,122,133,346,good
3673,125,133,328,good
3696,112,148,343,good
3689,105,146,365,good
3678,109,144,372,good
3674,166,133,374,good
3664,119,0,374,good
3681,120,131,401,good
3679,124,122,383,good
3676,120,145,376,good
3693,122,4,373,good
3669,111,107,370,good
3613,145,134,375,good
3677,121,134,366,good
3695,119,131,364,good
3684,129,129,360,good
3707,123,119,361,good
3662,119,133,355,good
3678,123,125,341,good
3679,124,131,342,good
3679,108,149,337,good
3685,116,128,324,good
3653,121,133,320,good
3679,114,135,329,good
3678,185,151,324,good
3671,117,55,314,good
3676,118,134,313,good
3681,106,133,309,good
3680,137,101,303,good
3679,141,134,292,good
3693,134,129,292,good
3662,130,134,280,good
3571,120,136,261,good
3677,117,134,286,good
3680,123,141,292,good
3678,119,132,270,good
3681,118,138,270,good
3675,98,138,237,good
3673,126,96,256,good
3677,116,124,262,good
3679,114,135,247,good
3691,137,135,250,good
3660,128,151,253,good
3678,131,138,234,good
3676,126,105,244,good
3689,129,135,128,good
3704,128,137,227,good
3675,126,135,232,good
3675,132,137,257,good
3678,135,126,319,good
3654,132,125,230,good
3695,154,131,222,good
3674,146,131,307,good
3531,134,134,230,good
3654,138,134,219,good
3676,138,136,214,good
3676,145,124,282,good
3698,137,118,212,good
3678,109,133,204,good
3669,199,147,190,good
3677,121,132,198,good
3681,132,135,198,good
3676,156,133,193,good
3677,141,150,183,good
3649,137,138,246,good
3676,159,130,244,good
3686,137,98,252,good
3709,144,122,248,good
3663,130,144,228,good
3677,125,162,243,good
3677,125,136,237,good
3668,119,133,373,good
3679,150,136,213,good
3689,128,136,270,good
3684,139,132,221,good
3678,142,142,221,good
3690,123,125,212,good
3679,141,134,225,good
3676,145,152,212,good
3677,140,136,216,good
3673,121,133,215,good
3686,137,146,197,good
3674,134,145,214,good
3662,111,130,145,good
3674,56,134,208,good
3674,126,132,345,good
3668,137,136,209,good
3673,231,112,237,good
3681,134,137,234,good
3656,135,133,230,good
3682,162,134,219,good
3678,134,136,231,good
3665,138,124,236,good
3684,138,135,232,good
3677,145,123,235,good
3680,113,116,230,good
3676,136,137,236,good
3775,157,132,288,good
3693,116,139,218,good
3708,141,118,233,good
3659,140,134,238,good
3678,141,135,228,good
3680,132,138,232,good
3678,132,145,228,good
3677,123,138,224,good
3678,134,137,219,good
3681,134,134,260,good
3693,120,134,258,good
3679,136,120,263,good
3671,139,100,250,good
3682,108,131,260,good
3671,147,123,261,good
3699,123,131,259,good
3686,154,133,240,good
3673,131,132,254,good
3679,135,136,253,good
3671,130,133,239,good
3679,133,126,256,good
3662,130,134,245,good
3685,122,134,242,good
3676,140,128,314,good
3677,143,125,241,good
3668,129,135,237,good
3686,132,136,228,good
3685,110,171,227,good
3654,124,138,210,good
3713,135,110,222,good
3654,131,134,211,good
3679,128,120,217,good
3678,132,128,210,good
3670,129,132,222,good
3679,132,109,210,good
3679,135,134,208,good
3681,129,124,203,good
3677,131,144,200,good
3681,131,133,202,good
3678,128,123,204,good
3698,136,144,196,good
3674,141,126,186,good
3669,130,159,202,good
3689,128,6,190,good
3678,139,134,198,good
3697,107,146,200,good
3660,131,135,189,good
3679,143,134,189,good
3680,144,134,173,good
3680,136,124,183,good
3677,131,126,189,good
3679,121,130,170,good
3684,130,195,194,good
3682,135,131,188,good
3698,132,60,189,good
3671,137,133,171,good
3683,125,144,169,good
3765,144,112,190,good
3685,132,132,163,good
3677,128,130,177,good
3676,121,128,179,good
3671,132,132,161,good
3688,125,30,164,good
3681,124,133,187,good
3670,146,142,159,good
3619,138,132,219,good
3680,139,105,222,good
3680,137,132,212,good
3685,137,128,224,good
3665,137,133,286,good
3658,138,136,212,good
3647,134,114,215,good
3666,130,132,211,good
3678,138,142,219,good
3663,154,131,200,good
3686,134,122,217,good
3697,133,119,209,good
3682,143,135,197,good
3664,131,146,198,good
3673,119,154,190,good
3663,137,133,106,good
3671,132,133,196,good
3663,119,138,188,good
3697,126,130,181,good
3679,122,132,185,good
3678,134,154,176,good
3675,88,122,183,good
3686,133,125,183,good
3680,9,134,179,good
3672,101,140,170,good
3675,120,135,188,good
3678,130,120,229,good
3685,144,135,235,good
3675,131,113,226,good
3648,137,134,138,good
3677,153,133,226,good
3678,130,132,220,good
3666,126,142,207,good
3677,114,134,218,good
3665,126,131,212,good
3709,128,112,221,good
3700,118,132,214,good
3677,133,119,224,good
3678,133,137,216,good
3677,133,120,205,good
3582,132,132,196,good
3680,133,162,203,good
3674,130,133,202,good
3679,132,132,192,good
3676,129,140,198,good
3679,132,111,193,good
3675,120,135,187,good
3672,143,132,228,good
3664,131,134,236,good
3691,124,122,256,good
3663,134,133,240,good
3647,122,144,244,good
3679,136,126,246,good
3680,138,137,227,good
3705,136,112,242,good
3668,125,134,234,good
3675,128,133,227,good
3667,126,132,234,good
3686,139,100,239,good
3689,123,104,244,good
3676,130,135,230,good
3650,137,145,228,good
3678,151,139,225,good
3681,201,134,226,good
3676,128,157,226,good
3665,128,132,212,good
3659,124,43,213,good
3672,130,163,205,good
3675,136,136,245,good
3681,126,145,205,good
3665,128,128,206,good
3675,123,133,333,good
3682,130,132,205,good
3675,124,119,202,good
3675,130,146,190,good
3670,132,95,182,good
3679,116,122,204,good
3682,178,113,189,good
3679,104,133,189,good
3680,132,134,243,good
3668,122,149,221,good
3683,122,133,238,good
3675,129,135,244,good
3678,125,133,244,good
3679,125,138,241,good
3674,114,157,239,good
3663,128,137,249,good
3633,110,153,206,good
3662,130,133,237,good
3677,128,133,238,good
3706,131,133,227,good
3677,141,133,273,good
3679,125,130,276,good
3677,128,143,260,good
3671,104,128,292,good
3678,136,133,295,good
3666,129,153,291,good
3681,70,132,288,good
3679,119,136,268,good
3690,130,6,278,good
3676,134,135,276,good
3700,111,149,274,good
3709,123,124,276,good
3679,117,139,258,good
3686,107,154,252,good
3683,102,138,311,good
3687,123,134,305,good
3675,135,133,307,good
3696,130,128,306,good
3766,130,133,290,good
3675,105,134,301,good
3672,129,136,308,good
3678,125,145,292,good
3678,128,163,304,good
3677,105,134,302,good
3706,137,143,319,good
3694,125,130,296,good
3679,137,140,289,good
3678,130,135,290,good
3679,120,132,281,good
3677,122,128,340,good
3678,97,132,346,good
3675,138,105,342,good
3671,124,133,315,good
3676,116,122,334,good
3675,123,134,332,good
3680,142,134,306,good
3676,124,117,325,good
3690,128,141,324,good
3682,124,75,335,good
3677,125,149,316,good
3673,112,164,315,good
3660,136,118,311,good
3677,128,133,306,good
3669,100,130,313,good
3679,121,150,291,good
3677,124,130,290,good
3688,121,138,275,good
3691,122,137,288,good
3686,112,226,296,good
3681,124,133,272,good
3655,129,120,266,good
3692,102,131,262,good
3677,129,133,260,good
3663,116,140,252,good
3682,91,138,253,good
3678,118,133,222,good
3678,128,135,244,good
3675,119,113,280,good
3677,104,134,318,good
3674,136,142,329,good
3686,126,96,347,good
3677,125,122,334,good
3661,109,160,333,good
3681,121,118,338,good
3701,131,133,344,good
3710,120,125,347,good
3703,116,130,334,good
3697,112,149,334,good
3767,124,133,334,good
3683,123,131,317,good
3679,183,133,318,good
3667,98,143,301,good
3681,226,132,308,good
3650,120,133,300,good
3680,119,212,369,good
3704,121,150,348,good
3687,126,88,388,good
3674,122,143,381,good
3679,123,134,391,good
3689,121,132,388,good
3680,123,142,418,good
3673,122,134,401,good
3685,123,132,393,good
3680,113,134,396,good
3697,123,231,397,good
3663,109,141,394,good
3677,147,129,373,good
3679,124,129,374,good
3675,117,144,344,good
3721,128,116,362,good
3671,121,140,368,good
3664,111,123,347,good
3704,126,136,362,good
3677,122,152,357,good
3723,132,132,342,good
3699,120,136,352,good
3665,139,133,326,good
3681,125,122,348,good
3678,92,109,340,good
3673,118,135,355,good
3686,121,140,342,good
3557,120,133,317,good
3688,118,67,333,good
3678,247,112,314,good
3678,108,128,323,good
3679,121,141,284,good
3654,114,202,301,good
3683,119,132,295,good
3675,89,133,292,good
3689,148,137,298,good
3627,124,141,395,good
3704,122,132,334,good
3673,123,132,303,good
3678,122,113,351,good
3675,129,132,309,good
3666,117,131,320,good
3693,119,131,309,good
3680,96,133,314,good
3846,123,134,315,good
3694,133,133,300,good
3675,126,133,347,good
3685,121,137,300,good
3676,118,167,296,good
3696,122,132,285,good
3673,120,137,288,good
3679,120,121,320,good
3683,117,133,343,good
3679,120,134,348,good
3692,121,134,377,good
3691,128,99,382,good
3674,136,131,375,good
3685,120,128,408,good
3683,120,132,410,good
3676,87,147,398,good
3691,139,124,427,good
3678,118,125,438,good
3679,119,130,422,good
3679,123,133,420,good
3677,138,150,413,good
3679,118,137,413,good
3678,109,147,404,good
3675,110,125,429,good
3665,119,132,394,good
3682,120,138,398,good
3676,119,132,388,good
3647,116,141,375,good
3677,114,123,386,good
3677,116,147,379,good
3687,85,135,368,good
3663,141,131,364,good
3704,120,126,367,good
3689,119,119,367,good
3685,112,132,350,good
3681,116,125,324,good
3684,116,131,333,good
3673,123,59,312,good
3678,90,138,324,good
3683,132,112,320,good
3682,120,129,324,good
3676,110,118,316,good
3657,109,187,310,good
3679,120,145,301,good
3766,142,131,362,good
3677,107,132,293,good
3672,120,111,286,good
3677,118,132,287,good
3655,122,151,286,good
3668,149,132,276,good
3677,119,136,289,good
3663,116,148,252,good
3679,117,136,264,good
3677,117,117,256,good
3687,115,175,276,good
3679,115,104,263,good
3681,125,131,246,good
3679,116,108,303,good
3676,50,125,304,good
3701,110,131,300,good
3664,117,135,300,good
3683,111,132,300,good
3677,144,132,320,good
3700,138,137,296,good
3676,123,134,324,good
3675,119,128,318,good
3683,93,160,320,good
3670,132,133,312,good
3635,100,124,280,good
3677,90,133,305,good
3674,109,137,300,good
3755,118,133,339,good
3658,121,129,326,good
3656,118,124,351,good
3679,115,117,365,good
3674,96,130,411,good
3679,117,131,348,good
3667,112,123,349,good
3677,116,117,344,good
3679,129,146,336,good
3688,89,142,342,good
3676,120,149,324,good
3665,41,149,316,good
3674,128,130,325,good
3699,131,144,314,good
3691,112,136,312,good
3787,128,135,311,good
3687,121,108,312,good
3674,116,131,298,good
3701,106,183,318,good
3676,119,134,297,good
3676,118,151,305,good
3679,112,144,280,good
3677,106,146,285,good
3678,117,122,306,good
3679,104,131,278,good
3698,117,133,299,good
3684,87,139,270,good
3681,120,137,272,good
3642,118,123,273,good
3689,112,139,264,good
3674,137,112,274,good
3683,2,139,256,good
3679,123,134,254,good
3677,104,137,270,good
3677,118,137,246,good
3691,120,136,243,good
3677,116,126,266,good
3662,111,21,260,good
3665,118,139,256,good
3677,132,113,273,good
3678,121,147,256,good
3678,128,141,261,good
3699,119,134,249,good
3679,99,141,244,good
3681,121,194,292,good
3680,140,142,275,good
3679,124,132,295,good
3678,96,140,302,good
3678,106,153,300,good
3677,34,150,299,good
3679,111,113,303,good
3683,92,126,296,good
3689,116,246,294,good
3668,130,126,288,good
3678,125,138,284,good
3663,124,129,276,good
3680,116,137,277,good
3679,116,134,268,good
3675,128,21,263,good
3679,102,137,260,good
3678,92,139,266,good
3675,107,136,248,good
3678,128,136,242,good
3676,120,137,244,good
3693,116,134,243,good
3675,119,242,229,good
3678,118,144,256,good
3684,120,140,232,good
3703,109,137,229,good
3651,116,121,230,good
3665,135,151,227,good
3605,118,136,280,good
3671,115,141,280,good
3680,116,128,284,good
3681,117,130,284,good
3678,118,154,289,good
3679,126,126,287,good
3662,119,134,286,good
3690,112,128,280,good
3677,91,142,280,good
3678,126,116,278,good
3680,104,165,270,good
3702,121,130,270,good
3659,121,136,271,good
3679,117,144,261,good
3671,120,137,260,good
3687,106,135,256,good
3700,117,0,240,good
3679,117,126,256,good
3677,125,160,256,good
3531,116,133,230,good
3681,117,138,246,good
3652,112,154,227,good
3671,116,134,237,good
3591,135,138,233,good
3669,110,133,233,good
3687,117,134,244,good
3674,134,109,251,good
3651,119,131,224,good
3666,143,93,231,good
3678,120,137,219,good
3732,125,138,168,good
3669,114,134,225,good
3673,118,157,216,good
3671,121,134,218,good
3681,118,134,210,good
3676,119,126,218,good
3678,123,134,208,good
3677,105,124,205,good
3661,128,134,200,good
3669,117,147,221,good
3681,89,137,196,good
3586,119,136,202,good
3665,114,193,197,good
3680,117,134,192,good
3665,116,148,233,good
3748,116,134,301,good
3679,119,134,272,good
3684,117,120,314,good
3681,114,136,287,good
3677,112,118,327,good
3691,116,142,328,good
3647,115,136,316,good
3682,118,132,339,good
3679,101,110,344,good
3637,96,152,302,good
3682,125,132,339,good
3672,112,149,322,good
3679,134,123,350,good
3680,123,132,332,good
3692,92,136,332,good
3677,119,132,332,good
3677,140,122,326,good
3677,122,134,333,good
3671,167,149,324,good
3612,134,131,313,good
3665,112,130,278,good
3679,120,131,308,good
3681,118,119,318,good
3675,51,148,302,good
3656,115,132,295,good
3678,115,144,329,good
3711,120,132,326,good
3682,121,131,327,good
3701,112,132,325,good
3654,117,131,322,good
3704,128,136,343,good
3684,123,133,302,good
3673,122,57,318,good
3672,131,141,308,good
3679,113,147,348,good
3577,109,136,390,good
3681,121,146,384,good
3679,112,131,403,good
3656,166,132,408,good
3679,128,133,410,good
3681,119,135,409,good
3681,117,135,408,good
3671,119,141,403,good
3682,114,134,393,good
3676,102,144,395,good
3683,90,144,398,good
3681,122,136,414,good
3698,109,116,388,good
3672,221,133,378,good
3671,119,128,369,good
3702,123,141,361,good
3675,136,129,386,good
3684,114,134,356,good
3677,116,132,351,good
3677,120,117,349,good
3676,111,135,342,good
3681,120,132,334,good
3690,122,144,331,good
3687,89,132,329,good
3681,125,145,316,good
3687,118,129,369,good
3671,30,143,389,good
3671,119,5,396,good
3677,139,113,397,good
3685,120,133,404,good
3692,93,136,403,good
3676,125,145,449,good
3675,121,146,441,good
3674,132,164,451,good
3678,123,120,457,good
3662,121,133,431,good
3676,116,132,437,good
3666,130,128,435,good
3691,122,73,437,good
3679,120,122,432,good
3590,112,137,432,good
3690,146,126,426,good
3675,118,132,419,good
3677,119,142,415,good
3680,123,129,383,good
3666,112,133,404,good
3674,120,128,384,good
3678,143,128,386,good
3677,121,124,382,good
3677,105,135,374,good
3675,121,131,367,good
3673,125,130,339,good
3673,93,122,364,good
3705,121,133,355,good
3540,100,131,313,good
3679,115,121,353,good
3678,120,137,343,good
3684,120,124,346,good
3678,130,136,337,good
3694,107,160,328,good
3670,123,124,314,good
3682,122,129,306,good
3679,126,120,321,good
3677,121,139,303,good
3667,116,133,292,good
3658,119,130,293,good
3690,120,135,306,good
3677,122,129,288,good
3709,114,122,286,good
3564,140,132,324,good
3680,120,133,320,good
3704,124,112,364,good
3683,114,136,366,good
3678,113,129,349,good
3661,132,134,348,good
3677,109,135,357,good
3646,129,126,366,good
3677,117,131,350,good
3670,121,117,360,good
3677,119,134,358,good
3686,123,119,368,good
3665,121,164,348,good
3678,235,147,339,good
3663,133,137,334,good
3675,114,132,328,good
3677,135,122,399,good
3679,120,125,328,good
3669,126,129,250,good
3654,134,117,369,good
3682,127,40,418,good
3692,111,122,432,good
3674,126,115,416,good
3661,132,136,361,good
3677,118,149,394,good
3679,149,134,400,good
3688,85,128,400,good
3687,140,134,416,good
3676,123,139,388,good
3707,128,108,399,good
3679,130,143,387,good
3676,112,130,382,good
3670,122,151,380,good
3676,121,128,298,good
3675,119,130,375,good
3677,122,147,347,good
3680,64,135,358,good
3648,123,132,303,good
3694,119,126,353,good
3677,118,132,342,good
3676,137,117,333,good
3678,122,144,331,good
3659,117,92,328,good
3689,117,124,327,good
3653,109,149,355,good
3691,123,93,355,good
3547,123,133,328,good
3677,162,111,352,good
3678,125,124,355,good
3671,124,147,342,good
3667,145,137,344,good
3669,121,160,335,good
3677,122,108,341,good
3677,119,87,378,good
3676,129,128,478,good
3657,131,133,404,good
3678,131,153,424,good
3682,148,102,426,good
3629,123,132,433,good
3682,117,116,468,good
3679,121,125,470,good
3677,124,133,456,good
3680,124,131,449,good
3685,124,128,434,good
3663,118,142,430,good
3679,109,144,450,good
3676,122,131,444,good
3682,123,168,440,good
3677,124,133,436,good
3675,71,133,428,good
3677,125,142,426,good
3675,122,133,423,good
3690,109,134,416,good
3685,119,141,404,good
3679,122,140,396,good
3677,143,123,395,good
3683,120,134,388,good
3705,122,114,384,good
3685,118,124,379,good
3680,122,132,378,good
3661,132,119,366,good
3677,118,133,359,good
3678,119,133,353,good
3696,121,162,341,good
3677,115,149,338,good
3677,117,120,334,good
3694,114,134,324,good
3669,121,121,307,good
3685,124,141,310,good
3677,123,123,316,good
3679,124,133,306,good
3677,137,134,300,good
3675,122,128,284,good
3675,118,124,295,good
3675,130,134,297,good
3681,137,139,270,good
3681,121,122,267,good
3668,120,175,276,good
3680,124,103,276,good
3677,130,133,259,good
3700,118,133,265,good
3683,118,112,258,good
3675,99,128,311,good
3688,128,134,227,good
3686,123,132,244,good
3679,122,124,237,good
3669,123,133,227,good
3676,133,132,243,good
3673,123,131,208,good
3709,114,129,225,good
3683,0,133,221,good
3677,111,149,209,good
3674,134,121,212,good
3680,151,126,227,good
3695,135,133,206,good
3681,136,134,262,good
3679,114,124,301,good
3680,129,135,284,good
3709,122,132,288,good
3679,124,133,291,good
3677,115,140,193,good
3686,100,132,347,good
3680,117,137,288,good
3685,117,112,291,good
3665,103,121,293,good
3683,115,131,289,good
3680,123,133,306,good
3674,124,146,323,good
3697,132,109,326,good
3670,140,136,238,good
3667,123,150,325,good
3669,125,130,315,good
3671,141,136,313,good
3681,105,145,314,good
3680,128,128,296,good
3690,128,128,322,good
3678,120,141,308,good
3677,148,128,320,good
3679,147,131,237,good
3687,126,120,313,good
3671,131,135,299,good
3701,120,110,316,good
3587,144,121,292,good
3679,104,130,285,good
3695,120,133,281,good
3671,129,152,272,good
3675,125,133,272,good
3682,128,43,318,good
3680,128,133,314,good
3677,123,125,329,good
3731,131,133,328,good
3664,140,134,248,good
3636,104,148,278,good
3684,128,109,318,good
3655,118,140,307,good
3690,147,132,302,good
3665,124,141,305,good
3682,126,122,299,good
3704,129,120,322,good
3676,115,143,272,good
3677,131,135,273,good
3680,124,120,279,good
3693,125,133,276,good
3692,138,135,293,good
3681,106,132,264,good
3679,128,92,265,good
3699,100,130,248,good
3678,126,138,312,good
3667,117,121,325,good
3661,130,133,320,good
3665,176,135,320,good
3679,155,133,318,good
3670,126,132,313,good
3709,129,123,331,good
3674,137,131,306,good
3677,107,137,303,good
3588,129,131,305,good
3679,127,131,306,good
3675,128,248,309,good
3682,108,160,297,good
3678,126,130,292,good
3664,123,132,289,good
3679,118,132,288,good
3679,124,132,280,good
3682,125,143,295,good
3709,126,109,317,good
3665,124,130,308,good
3678,141,110,321,good
3682,125,131,314,good
3679,128,135,320,good
3677,116,145,320,good
3673,128,147,312,good
3662,149,133,312,good
3682,126,108,309,good
3697,114,117,310,good
3689,124,3,297,good
3676,121,133,317,good
3680,124,120,281,good
3679,111,126,306,good
3679,124,130,281,good
3681,120,139,325,good
3681,121,103,326,good
3674,128,128,320,good
3674,129,105,398,good
3675,214,146,399,good
3679,132,122,404,good
3681,131,134,403,good
3731,130,136,401,good
3674,128,146,429,good
3677,129,134,412,good
3679,123,133,415,good
3673,150,136,385,good
3679,131,132,404,good
3679,134,125,402,good
3751,130,133,421,good
3672,135,122,382,good
3664,129,133,389,good
3689,156,129,374,good
3689,128,139,424,good
3680,127,123,419,good
3667,128,143,420,good
3680,124,122,465,good
3677,150,128,449,good
3688,134,134,444,good
3755,132,131,438,good
3666,121,135,461,good
3679,128,119,447,good
3678,121,119,455,good
3674,130,146,441,good
3679,130,124,437,good
3805,124,133,438,good
3679,143,132,426,good
3664,128,173,418,good
3667,126,133,410,good
3677,139,57,388,good
3678,126,132,398,good
3672,141,132,389,good
3681,111,128,386,good
3691,121,132,374,good
3676,120,142,373,good
3663,130,131,361,good
3677,124,135,361,good
3687,129,132,365,good
3648,129,132,348,good
3692,119,99,352,good
3681,135,141,337,good
3813,104,132,329,good
3678,138,128,304,good
3678,99,140,321,good
3698,123,6,310,good
3680,129,138,310,good
3678,102,126,314,good
3681,126,151,289,good
3677,129,145,315,good
3692,133,133,340,good
3677,122,130,332,good
3675,100,137,325,good
3677,122,132,333,good
3682,124,121,338,good
3681,137,135,348,good
3750,129,131,361,good
3651,124,148,308,good
3692,128,134,341,good
3689,125,30,314,good
3677,128,133,313,good
3676,129,132,324,good
3738,128,142,294,good
3670,138,132,305,good
3672,135,117,306,good
3676,118,131,296,good
3680,129,135,284,good
3657,121,175,292,good
3681,143,131,274,good
3680,126,134,277,good
3680,122,128,288,good
3706,128,123,276,good
3698,137,133,262,good
3676,189,146,256,good
3677,139,132,250,good
3672,129,120,246,good
3681,120,128,249,good
3691,130,125,257,good
3676,132,163,247,good
3680,128,140,262,good
3693,131,128,237,good
3676,106,112,250,good
3678,130,130,234,good
3695,121,136,231,good
3679,129,132,225,good
3677,20,146,220,good
3682,125,128,228,good
3677,123,136,232,good
3707,85,131,228,good
3675,122,133,226,good
3662,117,148,221,good
3679,132,121,227,good
3673,137,134,95,good
3700,114,134,224,good
3676,125,151,213,good
3675,85,114,217,good
3648,132,131,208,good
3683,137,135,185,good
3666,125,130,201,good
3687,104,131,235,good
3664,95,143,204,good
3687,122,133,194,good
3686,129,136,190,good
3677,122,131,169,good
3683,90,131,184,good
3678,129,125,193,good
3681,139,120,257,good
3678,126,134,183,good
3669,129,154,186,good
3679,136,135,161,good
3559,128,130,174,good
3677,128,133,178,good
3679,128,128,177,good
3681,111,133,232,good
3775,145,132,290,good
3682,126,125,224,good
3592,125,133,224,good
3676,124,160,224,good
3696,139,134,225,good
3665,132,133,213,good
3678,116,122,226,good
3678,9,132,219,good
3681,102,134,278,good
3689,121,141,294,good
3675,112,136,286,good
3684,125,136,317,good
3667,103,132,292,good
3683,126,137,315,good
3674,114,131,293,good
3682,123,133,306,good
3676,138,123,314,good
3681,123,145,299,good
3677,124,140,296,good
3697,106,134,300,good
3682,123,119,297,good
3679,84,115,297,good
3677,114,128,341,good
3673,122,132,347,good
3725,115,131,324,good
3689,118,130,324,good
3680,125,132,326,good
3674,120,134,335,good
3696,128,136,317,good
3697,126,137,320,good
3680,123,136,328,good
3678,117,133,312,good
3678,122,125,299,good
3676,120,144,298,good
3675,149,108,311,good
3689,126,137,368,good
3685,143,128,368,good
3671,130,136,368,good
3675,94,115,371,good
3679,129,134,362,good
3619,124,136,385,good
3677,120,136,407,good
3673,127,149,405,good
3682,125,118,418,good
3679,114,132,416,good
3689,123,118,417,good
3650,129,133,411,good
3671,125,136,433,good
3675,123,130,396,good
3678,141,135,401,good
3697,114,133,396,good
3667,126,130,381,good
3677,134,111,420,good
3681,238,134,415,good
3690,121,141,417,good
3680,124,134,406,good
3675,124,137,408,good
3680,195,132,398,good
3675,120,162,405,good
3679,120,134,397,good
3679,136,164,394,good
3693,113,133,385,good
3666,154,121,401,good
3669,123,140,384,good
3701,117,131,368,good
3673,123,131,353,good
3676,98,144,350,good
3683,119,142,351,good
3675,117,128,358,good
3665,122,132,342,good
3677,122,120,344,good
3677,120,108,334,good
3682,124,132,312,good
3681,96,134,336,good
3680,124,142,314,good
3664,111,131,324,good
3668,120,134,304,good
3677,116,134,309,good
3744,125,141,346,good
3679,112,132,344,good
3689,128,111,346,good
3697,99,154,343,good
3677,128,129,348,good
3661,130,136,333,good
3679,125,128,334,good
3732,143,128,386,good
3679,118,147,353,good
3679,125,131,347,good
3675,98,135,367,good
3679,124,124,367,good
3662,119,126,384,good
3685,122,130,369,good
3673,126,155,344,good
3684,122,132,378,good
3673,140,132,356,good
3677,134,125,364,good
3678,124,140,357,good
3679,109,132,375,good
3684,108,134,336,good
3678,126,125,337,good
3711,121,132,330,good
3667,124,265,338,good
3683,89,134,383,good
3656,132,135,390,good
3677,114,132,406,good
3678,156,138,396,good
3676,124,133,391,good
3683,206,133,384,good
3673,119,131,370,good
3677,137,112,388,good
3657,122,134,360,good
3684,100,132,420,good
3679,126,133,368,good
3679,121,132,362,good
3682,124,113,362,good
3689,114,134,353,good
3675,160,133,347,good
3664,124,133,335,good
3649,129,133,336,good
3687,126,107,333,good
3673,97,138,316,good
3678,229,134,339,good
3677,124,149,355,good
3677,128,136,372,good
3678,249,132,362,good
3671,125,120,366,good
3816,123,133,334,good
3685,123,133,338,good
3687,85,113,394,good
3665,116,137,386,good
3736,142,136,460,good
3698,120,136,382,good
3671,119,132,400,good
3676,120,113,418,good
3694,123,131,413,good
3676,125,136,412,good
3681,115,140,411,good
3676,116,113,422,good
3676,135,130,418,good
3677,115,130,417,good
3669,123,129,409,good
3679,126,154,404,good
3678,123,134,407,good
3681,118,128,400,good
3686,119,195,413,good
3685,122,143,389,good
3675,121,122,384,good
3651,111,145,371,good
3679,112,138,367,good
3671,112,140,346,good
3681,122,151,379,good
3653,128,129,346,good
3682,123,126,352,good
3678,137,124,340,good
3657,114,142,328,good
3696,121,133,321,good
3663,115,138,312,good
3679,113,132,313,good
3678,128,123,342,good
3673,118,135,323,good
3683,123,133,288,good
3677,121,128,294,good
3683,104,136,286,good
3671,196,147,283,good
3677,126,120,294,good
3651,121,134,210,good
3689,94,135,268,good
3659,118,132,260,good
3661,111,149,258,good
3688,119,122,258,good
3674,95,132,262,good
3676,120,133,247,good
3672,128,160,244,good
3671,140,128,229,good
3663,128,133,231,good
3679,118,136,284,good
3697,117,112,288,good
3681,122,159,272,good
3677,120,150,288,good
3669,107,133,283,good
3693,121,129,289,good
3681,111,119,293,good
3706,117,148,275,good
3674,119,132,264,good
3679,114,138,325,good
3675,117,131,342,good
3678,119,130,328,good
3671,118,152,329,good
3672,119,129,314,good
3705,113,136,346,good
3677,121,117,324,good
3669,123,137,325,good
3678,136,113,325,good
3677,122,135,316,good
3687,124,117,322,good
3677,123,132,292,good
3705,123,132,305,good
3674,119,173,304,good
3677,108,136,296,good
3679,109,144,293,good
3676,119,132,290,good
3678,93,137,290,good
3679,124,151,333,good
3676,120,117,352,good
3681,121,108,345,good
3678,122,120,338,good
3679,121,126,334,good
3694,124,234,337,good
3670,121,142,337,good
3662,128,135,325,good
3678,144,126,355,good
3683,150,136,341,good
3691,121,128,357,good
3678,125,144,388,good
3680,120,132,361,good
3678,149,129,354,good
3693,120,28,353,good
3691,146,139,365,good
3685,1,112,347,good
3685,103,132,340,good
3660,117,56,337,good
3700,115,108,334,good
3679,118,135,328,good
3680,109,138,322,good
3679,136,113,324,good
3665,106,148,306,good
3683,121,121,313,good
3709,115,109,349,good
3681,109,133,346,good
3641,126,125,336,good
3683,118,132,261,good
3664,124,135,339,good
3681,0,133,334,good
3690,117,118,337,good
3658,119,145,336,good
3667,119,133,336,good
3680,100,130,325,good
3676,96,130,458,good
3672,116,145,390,good
3693,120,125,382,good
3701,119,133,372,good
3680,118,106,362,good
3686,131,135,344,good
3668,123,133,352,good
3684,119,132,363,good
3677,129,136,353,good
3679,133,140,350,good
3661,136,121,349,good
3679,88,146,348,good
3688,120,15,336,good
3632,118,129,322,good
3679,119,133,324,good
3675,118,128,316,good
3682,132,141,313,good
3685,134,126,313,good
3675,121,131,310,good
3680,124,131,288,good
3681,110,149,294,good
3674,126,158,288,good
3725,122,128,276,good
3680,123,121,288,good
3541,123,130,254,good
3693,126,134,266,good
3770,133,116,286,good
3685,97,133,264,good
3682,122,137,267,good
3677,121,130,272,good
3679,123,148,248,good
3682,186,132,249,good
3679,109,133,243,good
3678,142,139,246,good
3684,122,139,232,good
3682,138,127,252,good
3681,120,148,240,good
3680,118,104,244,good
3662,119,89,230,good
3679,5,136,224,good
3677,118,102,228,good
3680,110,132,223,good
3680,138,133,220,good
3684,121,132,214,good
3684,120,130,222,good
3677,145,126,210,good
3677,122,128,209,good
3676,123,143,207,good
3680,133,124,208,good
3675,132,130,197,good
3693,119,117,216,good
3674,118,133,195,good
3659,118,152,170,good
3677,105,161,189,good
3670,115,131,196,good
3706,82,132,188,good
3679,122,128,163,good
3689,111,164,184,good
3679,121,104,194,good
3680,92,136,185,good
3679,116,132,192,good
3670,105,125,166,good
3673,134,104,188,good
3677,122,144,180,good
3675,107,133,317,good
3671,125,128,174,good
3681,68,153,173,good
3634,120,136,179,good
3681,129,134,180,good
3709,118,118,181,good
3685,117,130,173,good
3707,113,116,225,good
3678,120,131,220,good
3687,144,165,214,good
3678,176,130,224,good
3692,106,131,224,good
3675,130,113,234,good
3679,122,131,208,good
3675,134,118,244,good
3683,135,110,271,good
3695,121,46,270,good
3767,121,132,281,good
3679,114,133,291,good
3595,115,133,274,good
3683,120,109,276,good
3691,117,128,275,good
3658,120,132,261,good
3700,117,128,266,good
3662,122,133,271,good
3674,98,133,277,good
3677,116,142,278,good
3680,122,132,256,good
3685,115,125,276,good
3666,112,155,258,good
3679,121,130,249,good
3667,119,91,249,good
3668,134,133,248,good
3659,130,111,264,good
3659,122,143,251,good
3681,116,132,251,good
3647,130,134,241,good
3677,119,130,235,good
3679,111,152,229,good
3675,107,128,228,good
3665,115,189,233,good
3678,120,147,264,good
3679,115,112,263,good
3672,116,148,266,good
3679,114,132,262,good
3685,135,130,260,good
3678,122,128,247,good
3679,99,147,248,good
3683,0,135,254,good
3676,146,139,238,good
3657,119,136,254,good
3682,149,126,257,good
3677,133,137,240,good
3677,123,122,244,good
3681,133,143,225,good
3680,123,125,253,good
3681,128,129,233,good
3681,122,132,232,good
3695,118,64,224,good
3678,118,133,223,good
3671,123,132,216,good
3673,123,162,214,good
3699,94,150,216,good
3681,121,133,228,good
3706,120,117,237,good
3658,115,139,217,good
3678,120,135,210,good
3667,136,136,217,good
3665,110,135,224,good
3700,109,133,204,good
3683,122,129,206,good
3691,118,129,209,good
3693,106,132,209,good
3674,119,132,240,good
3673,170,129,256,good
3664,105,140,247,good
3687,122,134,266,good
3671,123,131,241,good
3669,128,155,264,good
3673,101,134,262,good
3674,99,124,276,good
3665,109,132,276,good
3678,118,139,242,good
3667,111,148,245,good
3675,96,132,242,good
3693,120,136,267,good
3678,173,134,286,good
3680,118,126,301,good
3676,120,120,292,good
3678,133,122,287,good
3689,67,141,284,good
3668,117,132,278,good
3680,118,131,281,good
3677,119,124,277,good
3684,124,129,295,good
3678,122,132,325,good
3677,101,132,333,good
3672,135,111,336,good
3691,147,131,311,good
3711,120,109,325,good
3673,119,132,304,good
3697,122,134,310,good
3648,124,137,310,good
3678,125,147,313,good
3670,133,32,292,good
3681,106,133,306,good
3677,139,132,301,good
3687,119,138,277,good
3656,118,134,293,good
3676,119,119,294,good
3681,113,134,284,good
3675,126,135,275,good
3664,138,133,270,good
3681,158,136,267,good
3680,120,128,246,good
3672,104,134,264,good
3674,136,163,261,good
3680,128,135,257,good
3673,133,131,251,good
3680,111,132,248,good
3665,143,135,247,good
3678,147,134,250,good
3680,128,106,256,good
3679,153,123,262,good
3662,109,157,215,good
3673,140,133,249,good
3665,142,142,246,good
3697,116,128,282,good
3672,107,149,246,good
3671,129,134,251,good
3687,107,141,238,good
3707,128,136,242,good
3698,121,108,230,good
3676,96,144,233,good
3667,125,134,212,good
3675,125,128,231,good
3693,128,136,203,good
3677,121,148,221,good
3686,124,138,205,good
3676,124,135,212,good
3682,121,138,244,good
3680,129,131,204,good
3678,101,147,206,good
3665,125,129,186,good
3680,123,128,225,good
3701,129,114,252,good
3679,126,134,244,good
3675,130,132,257,good
3680,138,163,288,good
3681,128,144,310,good
3681,143,108,309,good
3704,119,129,294,good
3680,114,143,292,good
3697,125,16,293,good
3684,125,132,310,good
3679,145,132,306,good
3685,140,133,318,good
3668,123,134,299,good
3582,126,134,309,good
3675,122,149,301,good
3682,124,140,281,good
3674,126,132,272,good
3675,125,158,285,good
3677,249,105,278,good
3682,78,115,280,good
3680,123,119,288,good
3695,121,132,264,good
3658,121,134,263,good
3684,108,133,258,good
3676,0,136,252,good
3682,136,133,262,good
3664,121,134,289,good
3623,122,134,300,good
3676,121,133,307,good
3677,122,116,343,good
3678,120,134,342,good
3704,75,136,345,good
3677,124,130,347,good
3674,124,134,347,good
3688,121,129,360,good
3672,209,138,381,good
3685,103,130,387,good
3648,130,136,414,good
3682,101,132,410,good
3678,97,143,419,good
3667,122,132,409,good
3680,109,132,416,good
3679,133,134,417,good
3680,94,132,412,good
3709,115,137,431,good
3690,128,228,415,good
3654,123,138,486,good
3743,135,136,592,good
3705,119,125,492,good
3663,109,144,476,good
3688,126,141,488,good
3686,121,133,492,good
3677,136,132,471,good
3679,122,132,493,good
3690,113,163,477,good
3680,133,134,464,good
3679,110,147,472,good
3602,114,129,465,good
3670,128,163,457,good
3680,124,132,446,good
3676,128,128,440,good
3677,141,133,436,good
3679,119,133,363,good
3677,114,140,424,good
3687,99,152,406,good
3682,126,134,416,good
3624,117,136,402,good
3676,126,130,398,good
3682,98,134,388,good
3677,137,137,365,good
3682,125,126,367,good
3677,122,120,373,good
3679,119,128,362,good
3691,121,121,414,good
3674,116,131,389,good
3693,123,71,412,good
3676,67,131,389,good
3709,117,132,386,good
3678,117,87,388,good
3681,122,132,380,good
3673,119,108,391,good
3680,119,128,421,good
3694,121,106,420,good
3663,141,118,415,good
3678,113,123,418,good
3671,120,137,423,good
3677,111,132,400,good
3676,144,129,401,good
3683,117,132,397,good
3678,120,136,394,good
3648,103,131,356,good
3679,123,126,396,good
3679,134,121,381,good
3696,122,258,376,good
3680,128,128,372,good
3668,126,132,361,good
3677,120,108,361,good
3691,123,134,231,good
3684,136,134,340,good
3691,124,132,340,good
3668,98,134,337,good
3671,130,146,325,good
3679,132,116,342,good
3695,126,130,321,good
3682,108,160,311,good
3678,107,132,308,good
3677,118,223,294,good
3676,115,135,316,good
3677,120,151,338,good
3685,102,134,331,good
3679,119,134,324,good
3675,111,119,336,good
3674,122,108,317,good
3680,128,135,315,good
3695,117,142,317,good
3681,118,145,306,good
3709,119,146,332,good
3678,118,132,300,good
3675,119,154,302,good
3673,128,134,287,good
3777,124,134,292,good
3676,186,135,284,good
3682,114,134,298,good
3693,118,136,283,good
3681,116,122,277,good
3677,99,135,284,good
3679,113,137,251,good
3679,65,152,264,good
3672,120,135,271,good
3667,120,136,248,good
3677,118,133,267,good
3672,121,150,250,good
3697,125,135,249,good
3677,125,133,248,good
3671,120,138,300,good
3759,132,137,310,good
3677,90,134,326,good
3678,116,105,337,good
3680,129,137,333,good
3701,125,133,336,good
3677,128,130,332,good
3689,97,134,331,good
3687,116,74,372,good
3680,118,155,362,good
3675,138,110,386,good
3657,97,155,332,good
3679,116,130,367,good
3711,116,117,374,good
3678,129,144,370,good
3684,120,132,350,good
3676,30,134,362,good
3679,116,120,359,good
3623,122,134,353,good
3681,96,162,344,good
3679,109,132,341,good
3677,106,136,338,good
3650,118,146,353,good
3675,123,128,374,good
3687,142,133,370,good
3675,119,141,390,good
3686,115,128,409,good
3672,117,137,393,good
3681,116,136,413,good
3686,145,134,394,good
3688,133,133,410,good
3680,110,133,424,good
3808,110,135,444,good
3680,115,120,440,good
3674,122,132,441,good
3679,118,119,453,good
3675,121,152,437,good
3673,104,163,429,good
3676,122,153,421,good
3689,109,133,437,good
3681,119,132,408,good
3679,118,132,418,good
3660,117,128,402,good
3655,112,131,443,good
3679,125,136,438,good
3686,118,131,436,good
3677,100,141,429,good
3679,137,134,433,good
3679,109,142,430,good
3667,118,135,430,good
3663,105,142,433,good
3680,118,217,420,good
3650,111,149,418,good
3677,85,132,477,good
3659,115,95,452,good
3675,118,128,449,good
3674,125,122,444,good
3689,112,125,436,good
3676,158,136,430,good
3669,116,134,432,good
3682,116,104,426,good
3674,116,150,420,good
3663,124,132,410,good
3678,118,134,411,good
3677,113,138,424,good
3676,120,122,437,good
3680,119,132,436,good
3694,130,136,456,good
3676,125,107,443,good
3679,125,145,429,good
3671,118,134,401,good
3685,119,132,400,good
3672,128,120,433,good
3675,110,134,477,good
3682,116,128,404,good
3680,93,133,391,good
3677,115,128,397,good
3670,114,145,376,good
3675,119,122,377,good
3673,116,133,360,good
3679,115,121,370,good
3676,116,126,299,good
3674,114,121,357,good
3791,119,134,360,good
3672,105,135,482,good
3660,122,146,336,good
3664,128,122,324,good
3683,116,136,322,good
3684,106,132,317,good
3673,113,142,314,good
3685,117,135,314,good
3693,129,133,256,good
3679,119,133,297,good
3669,129,4,276,good
3680,118,141,321,good
3685,118,134,337,good
3688,89,153,316,good
3689,161,132,333,good
3667,118,139,312,good
3691,117,131,338,good
3676,107,126,314,good
3675,125,132,324,good
3679,115,134,320,good
3700,110,148,339,good
3677,122,128,313,good
3674,90,142,330,good
3677,114,106,352,good
3675,128,160,355,good
3704,123,112,345,good
3669,121,123,330,good
3707,118,142,342,good
3656,112,205,344,good
3671,91,132,347,good
3683,121,132,330,good
3683,80,144,331,good
3688,103,133,381,good
3649,115,132,364,good
3681,124,146,371,good
3679,116,120,369,good
3679,133,131,367,good
3665,117,142,350,good
3679,118,132,362,good
3672,135,108,379,good
3680,119,106,372,good
3702,119,126,385,good
3697,116,124,360,good
3677,100,138,350,good
3678,0,132,342,good
3678,114,132,331,good
3691,98,125,313,good
3679,116,137,320,good
3674,136,111,334,good
3675,128,112,326,good
3677,118,136,332,good
3664,124,129,282,good
3679,110,145,298,good
3685,104,146,295,good
3564,118,132,294,good
3633,109,133,289,good
3661,114,295,289,good
3677,117,159,273,good
3674,118,132,275,good
3678,114,133,275,good
3696,108,126,282,good
3642,120,131,272,good
3680,117,128,258,good
3676,13,148,266,good
3679,118,132,250,good
3669,30,147,238,good
3691,112,22,248,good
3681,116,133,245,good
3673,106,132,244,good
3680,114,118,240,good
3578,112,137,288,good
3629,118,131,290,good
3672,119,93,282,good
3678,114,118,284,good
3681,119,123,286,good
3661,109,132,286,good
3677,109,142,284,good
3661,136,133,280,good
3681,131,132,279,good
3680,125,80,264,good
3664,109,145,264,good
3679,148,132,266,good
3679,128,132,261,good
3674,111,122,250,good
3691,107,131,302,good
3669,145,131,301,good
3680,115,159,301,good
3665,109,131,310,good
3684,109,134,304,good
3679,124,131,290,good
3671,128,135,300,good
3671,110,134,314,good
3694,120,135,281,good
3666,121,155,297,good
3681,111,143,288,good
3677,96,133,285,good
3677,117,132,278,good
3680,110,116,278,good
3678,130,155,274,good
3656,135,142,270,good
3678,111,142,262,good
3695,122,133,259,good
3679,122,131,258,good
3696,126,132,212,good
3678,114,132,241,good
3682,115,29,260,good
3680,127,133,242,good
3675,113,132,238,good
3678,116,123,237,good
3680,107,132,232,good
3664,126,126,233,good
3671,116,152,226,good
3705,125,140,228,good
3678,117,145,198,good
3681,108,131,214,good
3656,129,100,214,good
3677,112,135,210,good
3669,120,159,214,good
3679,114,133,203,good
3669,108,130,210,good
3666,114,169,199,good
3680,114,138,208,good
3678,92,132,214,good
3710,108,153,190,good
3690,130,114,190,good
3679,114,130,187,good
3682,117,137,192,good
3672,122,132,186,good
3703,128,134,198,good
3673,118,132,178,good
3681,118,131,194,good
3656,122,134,185,good
3678,90,145,151,good
3679,114,109,181,good
3683,97,130,222,good
3678,107,134,187,good
3703,124,138,240,good
3650,107,151,172,good
3679,107,132,167,good
3678,116,133,168,good
3680,118,125,171,good
3657,114,141,162,good
3691,113,104,166,good
3673,112,128,155,good
3682,119,134,175,good
3677,115,126,139,good
3673,116,257,149,good
3676,143,153,159,good
3695,113,140,155,good
3549,119,136,151,good
3681,117,174,138,good
3675,96,146,138,good
3679,114,132,150,good
3663,116,134,153,good
3679,115,131,149,good
3689,106,161,139,good
3678,113,132,140,good
3680,80,120,137,good
3695,118,231,153,good
3675,116,132,128,good
3675,111,111,142,good
3680,115,122,134,good
3677,160,139,148,good
3693,124,134,143,good
3679,118,154,128,good
3682,135,117,147,good
3742,118,132,132,good
3698,121,138,120,good
3649,118,131,147,good
3677,117,132,124,good
3690,118,133,143,good
3678,106,146,38,good
3675,114,131,153,good
3681,117,146,126,good
3683,126,134,147,good
3672,110,145,134,good
3676,118,133,133,good
3656,119,122,134,good
3677,95,135,130,good
3674,140,128,130,good
3681,118,145,130,good
3680,115,120,154,good
3680,100,132,138,good
3609,117,131,136,good
3674,130,134,136,good
3706,119,134,138,good
3707,120,110,136,good
3680,119,144,135,good
3685,117,130,134,good
3707,110,130,134,good
3689,113,128,144,good
3693,119,124,140,good
3677,119,118,155,good
3673,142,91,138,good
3660,128,134,140,good
3691,119,0,131,good
3664,120,135,134,good
3679,131,128,133,good
3676,133,136,135,good
3678,107,128,135,good
3681,118,136,132,good
3678,119,146,131,good
3680,137,130,133,good
3676,117,138,130,good
3681,115,134,123,good
3682,118,135,134,good
3678,117,146,120,good
3685,34,133,137,good
3661,122,140,135,good
3678,116,134,144,good
3670,115,158,132,good
3561,119,135,130,good
3682,108,132,218,good
3678,118,105,133,good
3679,129,137,124,good
3681,118,125,154,good
3665,119,157,133,good
3663,126,122,109,good
3679,120,138,138,good
3675,96,129,131,good
3683,119,128,128,good
3681,115,151,123,good
3676,118,148,128,good
3648,117,132,121,good
3678,93,157,128,good
3680,118,124,132,good
3671,111,144,144,good
3679,123,98,138,good
3679,134,135,127,good
3692,114,138,128,good
3667,118,131,118,good
3678,114,104,136,good
3677,99,161,128,good
3676,106,131,139,good
3678,120,128,128,good
3673,133,125,119,good
3698,114,13,122,good
3676,132,134,116,good
3689,125,128,136,good
3564,119,132,102,good
3680,116,146,165,good
3683,138,128,177,good
3673,110,131,202,good
3675,126,128,201,good
3676,106,139,139,good
3683,120,100,226,good
3695,94,150,243,good
3677,110,111,236,good
3683,110,133,243,good
3675,105,130,246,good
3678,138,109,265,good
3678,103,131,265,good
3678,147,132,248,good
3660,197,133,246,good
3689,112,136,240,good
3683,112,130,241,good
3670,129,125,240,good
3670,128,146,230,good
3657,119,132,252,good
3675,119,131,312,good
3646,93,146,195,good
3679,130,137,234,good
3674,114,136,227,good
3683,117,133,225,good
3670,128,114,222,good
3707,117,131,222,good
3680,129,130,214,good
3658,106,116,216,good
3678,147,128,215,good
3688,112,122,224,good
3680,118,126,268,good
3670,129,16,231,good
3687,117,136,273,good
3619,136,137,244,good
3690,117,130,263,good
3679,116,135,246,good
3681,118,161,244,good
3685,116,134,256,good
3653,116,130,238,good
3694,118,135,244,good
3678,117,130,213,good
3678,128,154,232,good
3677,124,128,236,good
3684,112,144,145,good
3699,114,130,233,good
3689,123,128,247,good
3684,131,110,277,good
3678,118,123,277,good
3674,125,146,245,good
3661,118,143,272,good
3673,112,189,265,good
3681,116,137,312,good
3681,118,137,313,good
3697,118,262,327,good
3681,111,154,320,good
3694,105,114,336,good
3687,116,128,320,good
3672,111,148,338,good
3677,114,105,330,good
3670,117,158,319,good
3595,94,133,235,good
3679,119,130,307,good
3679,120,134,310,good
3669,116,0,300,good
3692,102,142,305,good
3680,115,147,282,good
3681,119,134,294,good
3676,133,121,288,good
3673,122,133,289,good
3674,133,104,288,good
3682,125,140,281,good
3675,122,134,272,good
3680,119,86,260,good
3677,115,146,295,good
3697,94,143,313,good
3680,103,140,314,good
3691,114,130,318,good
3641,107,128,289,good
3677,119,119,327,good
3673,128,131,304,good
3676,161,134,302,good
3678,118,132,298,good
3678,119,146,298,good
3693,119,130,288,good
3679,121,136,286,good
3685,118,129,295,good
3678,109,135,280,good
3622,121,133,299,good
3669,64,128,264,good
3671,117,134,269,good
3675,119,118,258,good
3679,117,150,265,good
3663,119,132,247,good
3680,125,139,240,good
3673,222,133,258,good
3678,121,128,247,good
3684,96,152,246,good
3670,118,141,253,good
3694,119,0,236,good
3678,118,125,250,good
3674,240,114,295,good
3696,95,144,278,good
3666,110,126,269,good
3678,116,128,290,good
3650,128,144,292,good
3679,100,130,291,good
3673,125,132,288,good
3681,107,144,267,good
3676,113,132,288,good
3679,107,132,264,good
3679,115,138,277,good
3679,129,135,265,good
3677,101,119,294,good
3676,122,126,262,good
3665,116,132,265,good
3690,101,128,313,good
3678,96,134,280,good
3676,133,129,324,good
3679,131,136,316,good
3674,111,129,330,good
3678,113,120,325,good
3701,111,133,320,good
3689,122,142,318,good
3650,119,134,310,good
3686,113,133,315,good
3677,93,133,351,good
3662,115,132,351,good
3648,113,115,354,good
3691,116,128,343,good
3673,120,135,326,good
3679,110,144,338,good
3676,91,142,329,good
3667,122,138,332,good
3678,120,133,342,good
3663,118,133,329,good
3679,122,135,322,good
3680,138,139,268,good
3680,119,144,316,good
3669,137,136,219,good
3678,120,134,306,good
3677,116,123,309,good
3671,92,132,300,good
3683,0,134,303,good
3677,63,146,296,good
3675,112,132,287,good
3674,138,114,287,good
3663,91,139,291,good
3675,119,133,294,good
3676,109,138,268,good
3671,116,128,244,good
3681,146,134,241,good
3679,113,146,277,good
3678,142,135,240,good
3684,240,130,250,good
3676,149,135,241,good
3693,112,136,243,good
3686,116,124,205,good
3675,107,136,241,good
3681,93,154,229,good
3676,126,144,221,good
3680,114,129,223,good
3677,117,132,224,good
3677,128,135,233,good
3679,118,148,218,good
3676,99,133,233,good
3530,120,130,229,good
3648,116,136,210,good
3675,93,130,211,good
3678,120,133,209,good
3673,126,130,183,good
3679,118,111,210,good
3689,137,109,206,good
3675,140,113,213,good
3678,119,146,194,good
3695,105,137,196,good
3657,104,162,195,good
3680,103,146,187,good
3584,120,135,188,good
3685,116,134,238,good
3679,116,130,222,good
3698,117,132,231,good
3677,115,134,228,good
3679,117,132,228,good
3682,119,138,235,good
3678,139,139,236,good
3677,120,143,238,good
3679,96,135,288,good
3680,119,149,216,good
3694,118,0,219,good
3665,111,135,218,good
3678,119,135,216,good
3778,117,133,204,good
3671,115,148,230,good
3700,120,112,217,good
3681,87,132,205,good
3688,116,130,203,good
3680,115,132,241,good
3667,116,140,263,good
3679,94,124,285,good
3677,105,131,301,good
3656,137,133,292,good
3652,135,135,303,good
3676,123,109,310,good
3680,98,132,304,good
3677,124,137,302,good
3660,132,131,299,good
3681,111,137,323,good
3699,126,114,295,good
3675,119,149,314,good
3681,146,129,295,good
3652,117,150,292,good
3677,119,160,303,good
3681,134,114,293,good
3693,115,129,310,good
3685,125,140,288,good
3678,31,133,302,good
3672,118,209,312,good
3676,126,133,292,good
3656,116,131,302,good
3679,118,132,291,good
3669,114,132,291,good
3680,110,136,278,good
3685,116,133,364,good
3675,134,134,348,good
3672,116,121,392,good
3679,120,123,404,good
3676,116,147,420,good
3687,114,103,425,good
3667,191,146,424,good
3677,116,108,443,good
3672,129,134,417,good
3684,116,144,430,good
3685,116,133,453,good
3669,117,130,436,good
3678,116,126,461,good
3677,118,152,468,good
3677,119,128,463,good
3646,119,134,459,good
3693,117,50,465,good
3671,120,142,456,good
3676,128,145,453,good
3680,122,134,436,good
3665,106,136,416,good
3690,119,132,420,good
3677,119,142,418,good
3699,111,131,410,good
3679,184,136,406,good
3689,117,137,389,good
3678,116,132,386,good
3689,115,130,378,good
3697,115,17,374,good
3676,128,135,374,good
3682,136,133,370,good
3678,117,134,354,good
3677,114,125,374,good
3676,105,153,345,good
3676,90,131,337,good
3680,92,132,332,good
3680,119,132,332,good
3677,107,128,336,good
3681,118,134,332,good
3679,113,133,314,good
3668,144,135,314,good
3671,131,121,298,good
3678,112,128,313,good
3676,111,141,299,good
3682,132,128,300,good
3678,134,123,275,good
3681,124,133,352,good
3673,115,135,448,good
3707,110,137,342,good
3673,136,116,354,good
3682,118,143,353,good
3675,148,131,354,good
3675,120,157,353,good
3659,119,131,353,good
3671,119,124,346,good
3678,119,134,341,good
3673,204,113,338,good
3675,114,136,317,good
3675,115,148,329,good
3683,115,123,332,good
3676,118,129,327,good
3698,120,116,312,good
3676,141,118,326,good
3679,118,128,338,good
3697,99,132,336,good
3668,118,132,334,good
3677,93,133,332,good
3685,118,134,330,good
3678,116,128,341,good
3678,118,137,323,good
3659,111,134,300,good
3635,119,133,325,good
3662,117,150,301,good
3678,108,141,310,good
3677,123,129,307,good
3683,105,160,298,good
3676,124,129,304,good
3678,69,133,324,good
3591,117,134,315,good
3665,113,135,320,good
3648,95,155,291,good
3744,117,134,324,good
3678,107,134,340,good
3687,118,133,323,good
3680,116,133,317,good
3673,115,179,317,good
3655,106,150,317,good
3697,117,112,314,good
3667,119,132,338,good
3677,112,136,346,good
3659,124,136,350,good
3678,118,142,346,good
3692,119,0,340,good
3675,107,136,342,good
3678,126,134,349,good
3668,114,132,341,good
3664,116,133,330,good
3687,109,219,378,good
3678,141,130,374,good
3676,206,130,369,good
3679,124,134,368,good
3727,122,136,314,good
3683,140,104,364,good
3681,111,134,370,good
3591,110,133,238,good
3688,121,134,376,good
3676,119,132,400,good
3679,119,156,436,good
3682,115,115,425,good
3681,128,135,430,good
3675,112,136,425,good
3645,119,139,430,good
3675,103,137,432,good
3677,117,132,432,good
3679,115,149,432,good
3673,116,142,431,good
3674,118,125,472,good
3686,117,118,466,good
3659,113,265,459,good
3686,225,133,459,good
3679,122,120,490,good
3543,117,133,462,good
3680,145,131,453,good
3687,122,134,432,good
3668,93,134,434,good
3680,128,136,420,good
3680,109,134,431,good
3664,128,153,417,good
3655,112,135,413,good
3683,139,134,396,good
3685,89,135,422,good
3698,115,139,407,good
3677,115,130,347,good
3673,116,128,411,good
3679,120,145,394,good
3679,119,134,392,good
3680,115,125,389,good
3662,105,105,380,good
3678,118,130,378,good
3677,121,153,370,good
3659,119,132,375,good
3676,116,130,346,good
3678,116,132,361,good
3682,115,128,332,good
3799,100,133,352,good
3697,108,138,343,good
3687,116,165,329,good
3676,109,132,340,good
3679,117,120,339,good
3683,72,132,320,good
3672,116,130,303,good
3675,49,111,309,good
3667,113,140,305,good
3692,113,133,316,good
3689,111,125,301,good
3667,115,147,299,good
3689,134,134,324,good
3683,118,133,321,good
3676,118,128,334,good
3680,119,147,331,good
3701,111,132,450,good
3683,118,137,356,good
3525,122,134,350,good
3679,110,128,364,good
3676,119,133,352,good
3683,108,219,361,good
3675,118,156,355,good
3683,110,135,377,good
3687,159,151,357,good
3689,117,139,382,good
3671,117,130,388,good
3697,95,144,380,good
3636,115,133,379,good
3659,117,132,375,good
3678,117,136,368,good
3669,119,133,362,good
3677,124,134,360,good
3685,117,107,418,good
3667,117,139,395,good
3665,108,132,416,good
3663,134,137,395,good
3704,111,146,428,good
3649,121,131,390,good
3678,106,134,403,good
3677,117,150,400,good
3664,111,129,388,good
3678,120,133,393,good
3676,118,66,375,good
3685,112,138,379,good
3657,116,140,363,good
3707,118,135,362,good
3693,108,128,381,good
3673,119,134,339,good
3677,119,136,338,good
3695,119,253,388,good
3685,109,132,384,good
3677,127,135,370,good
3685,96,146,366,good
3645,118,136,359,good
3719,109,129,367,good
3677,126,134,352,good
3677,116,134,359,good
3679,119,128,354,good
3656,160,134,353,good
3681,107,136,400,good
3680,105,137,386,good
3686,197,129,383,good
3683,134,131,358,good
3667,117,123,400,good
3676,116,128,374,good
3684,117,158,374,good
3602,99,134,252,good
3677,106,136,369,good
3691,119,0,360,good
3671,93,135,356,good
3675,116,130,351,good
3525,116,137,330,good
3667,106,102,327,good
3690,118,135,334,good
3677,121,120,337,good
3679,117,137,327,good
3671,119,130,302,good
3680,121,136,320,good
3636,117,134,310,good
3672,118,213,314,good
3687,64,136,301,good
3685,109,132,296,good
3655,108,163,262,good
3678,113,71,288,good
3706,128,144,302,good
3680,67,134,288,good
3676,119,128,289,good
3676,121,124,292,good
3779,119,139,270,good
3673,119,134,274,good
3679,120,138,266,good
3679,118,108,276,good
3679,210,133,260,good
3675,105,137,253,good
3662,124,135,252,good
3682,118,142,248,good
3677,117,110,246,good
3681,109,132,240,good
3679,118,133,249,good
3679,118,121,238,good
3679,119,135,247,good
3673,143,120,248,good
3678,116,148,228,good
3668,93,136,232,good
3646,120,137,214,good
3675,113,110,214,good
3686,118,136,212,good
3685,111,134,213,good
3677,227,121,213,good
3677,117,136,206,good
3679,117,137,196,good
3818,97,134,209,good
3680,118,116,208,good
3675,116,136,196,good
3679,129,129,201,good
3672,129,123,200,good
3676,107,125,202,good
3681,123,122,200,good
3671,119,136,196,good
3675,133,123,182,good
3683,118,153,220,good
3679,117,124,198,good
3677,103,150,175,good
3699,122,138,184,good
3668,129,157,182,good
3681,106,135,276,good
3653,119,135,211,good
3665,108,152,222,good
3668,118,152,228,good
3677,117,108,264,good
3710,119,131,280,good
3677,121,123,280,good
3693,118,136,281,good
3666,120,144,279,good
3674,114,145,283,good
3677,114,137,322,good
3675,119,148,330,good
3677,118,161,328,good
3675,122,132,325,good
3696,118,0,326,good
3674,106,135,334,good
3677,93,132,272,good
3685,117,135,314,good
3680,120,123,337,good
3682,26,134,330,good
3677,114,134,330,good
3688,130,130,362,good
3677,119,158,360,good
3680,125,143,366,good
3648,118,141,359,good
3672,118,146,368,good
3669,148,125,384,good
3675,121,132,371,good
3681,115,103,375,good
3679,97,162,359,good
3680,112,133,373,good
3688,116,134,345,good
3679,117,134,343,good
3695,119,137,334,good
3676,107,133,346,good
3679,117,135,328,good
3657,115,23,316,good
3698,118,129,331,good
3674,209,155,345,good
3679,116,132,342,good
3675,108,133,353,good
3679,117,142,343,good
3701,118,148,342,good
3678,184,145,336,good
3679,118,136,327,good
3658,117,10,320,good
3678,121,144,322,good
3677,106,163,323,good
3679,117,128,327,good
3677,117,135,313,good
3586,115,137,305,good
3677,120,131,310,good
3678,125,129,342,good
3691,106,136,296,good
3675,118,124,320,good
3703,100,132,277,good
3676,147,115,290,good
3689,88,156,274,good
3845,119,136,266,good
3569,119,144,324,good
3679,121,142,266,good
3678,119,124,264,good
3689,121,130,262,good
3676,119,132,253,good
3679,119,121,273,good
3675,128,136,301,good
3678,117,128,316,good
3686,123,136,314,good
3677,117,132,321,good
3680,119,132,320,good
3676,114,128,296,good
3679,118,118,329,good
3676,102,134,318,good
3695,118,128,298,good
3678,117,131,316,good
3663,117,126,319,good
3691,99,147,307,good
3669,109,132,311,good
3669,125,109,313,good
3681,119,148,288,good
3706,108,136,309,good
3574,124,134,293,good
3690,117,132,310,good
3679,123,113,315,good
3678,95,162,318,good
3696,117,111,317,good
3659,119,133,315,good
3679,116,134,332,good
3685,116,133,306,good
3681,92,135,298,good
3677,117,133,288,good
3682,119,132,284,good
3677,122,67,282,good
3680,143,131,278,good
3708,124,144,300,good
3677,171,145,256,good
3678,111,133,264,good
3679,116,132,264,good
3678,114,140,256,good
3684,111,119,269,good
3673,121,161,252,good
3677,120,129,256,good
3680,161,133,251,good
3676,128,140,247,good
3663,123,129,240,good
3680,117,144,238,good
3669,117,133,241,good
3697,118,134,227,good
3688,108,120,209,good
3669,113,144,240,good
3674,117,128,264,good
3588,135,125,267,good
3657,117,132,262,good
3663,118,196,280,good
3678,116,140,266,good
3678,117,119,266,good
3681,49,137,260,good
3679,115,132,256,good
3678,120,128,249,good
3676,119,133,254,good
3688,109,133,288,good
3698,98,129,246,good
3678,146,132,241,good
3735,132,123,256,good
3673,118,135,236,good
3672,120,90,224,good
3706,70,133,231,good
3682,117,141,230,good
3665,116,158,230,good
3677,116,142,219,good
3679,107,133,302,good
3711,117,134,225,good
3654,120,150,220,good
3681,109,221,218,good
3646,121,146,224,good
3680,122,126,265,good
3688,138,128,236,good
3674,112,137,253,good
3674,145,94,262,good
3667,117,161,254,good
3674,185,133,252,good
3682,143,107,258,good
3671,88,128,320,good
3678,119,129,218,good
3675,107,145,141,good
3692,132,133,241,good
3669,117,154,233,good
3679,132,134,229,good
3677,119,134,230,good
3688,116,120,225,good
3677,118,145,252,good
3677,107,136,186,good
3676,108,138,215,good
3678,119,120,268,good
3680,120,134,280,good
3671,94,135,268,good
3664,94,128,339,good
3681,120,132,270,good
3675,49,152,269,good
3680,96,135,214,good
3677,91,135,258,good
3669,120,139,234,good
3675,115,134,262,good
3690,115,135,275,good
3674,89,134,253,good
3687,121,128,257,good
3657,117,138,248,good
3676,116,133,236,good
3672,137,137,230,good
3680,159,134,236,good
3699,100,128,249,good
3662,200,135,279,good
3686,111,135,284,good
3673,114,180,278,good
3694,102,134,266,good
3687,121,136,274,good
3678,111,132,284,good
3680,118,134,270,good
3677,90,153,269,good
3686,112,134,269,good
3678,122,150,245,good
3678,121,128,259,good
3680,126,142,260,good
3639,115,132,252,good
3723,119,134,245,good
3663,115,0,249,good
3685,143,135,241,good
3679,99,131,249,good
3680,119,164,253,good
3675,119,153,242,good
3678,125,110,242,good
3680,138,143,244,good
3693,90,140,245,good
3670,136,138,231,good
3661,108,144,223,good
3685,116,197,228,good
3679,110,106,230,good
3644,116,132,232,good
3675,116,136,275,good
3698,133,106,272,good
3680,134,135,265,good
3668,97,133,278,good
3678,136,136,265,good
3667,113,147,287,good
3654,118,132,301,good
3679,126,138,307,good
3680,119,133,311,good
3652,126,136,224,good
3680,116,144,321,good
3669,138,134,294,good
3677,117,129,304,good
3698,112,134,302,good
3678,116,119,317,good
3708,118,133,294,good
3677,110,137,291,good
3679,138,128,288,good
3670,114,126,285,good
3677,115,134,280,good
3676,115,125,278,good
3681,115,136,270,good
3677,131,114,284,good
3659,118,132,252,good
3695,107,125,296,good
3656,117,133,294,good
3656,119,133,315,good
3675,125,113,326,good
3679,116,162,323,good
3682,129,137,330,good
3677,112,137,313,good
3708,118,119,322,good
3678,111,157,287,good
3677,117,149,310,good
3683,140,135,309,good
3694,113,64,314,good
3683,114,130,322,good
3681,118,134,303,good
3681,129,140,316,good
3671,135,135,297,good
3677,117,146,316,good
3655,118,141,300,good
3682,121,136,298,good
3678,117,130,321,good
3669,120,112,323,good
3685,111,131,334,good
3678,116,150,329,good
3680,118,139,347,good
3675,117,45,329,good
3677,128,123,321,good
3677,117,132,321,good
3713,98,156,319,good
3674,134,122,315,good
3679,122,137,293,good
3682,119,126,308,good
3679,119,143,324,good
3679,195,135,295,good
3679,109,133,283,good
3666,108,104,306,good
3669,118,156,278,good
3663,116,138,351,good
3672,128,133,367,good
3677,112,133,362,good
3670,117,149,346,good
3679,126,125,371,good
3671,91,132,305,good
3679,115,132,400,good
3683,115,128,401,good
3705,116,132,418,good
3675,128,56,455,good
3685,89,131,457,good
3677,117,119,468,good
3689,107,128,503,good
3701,119,132,483,good
3671,115,145,486,good
3664,114,193,483,good
3663,179,137,480,good
3681,131,132,481,good
3681,0,136,471,good
3674,194,144,470,good
3678,119,148,480,good
3668,94,136,464,good
3691,118,129,455,good
3675,120,128,443,good
3671,123,134,448,good
3678,119,162,425,good
3684,106,135,442,good
3676,138,120,418,good
3676,109,130,408,good
3681,100,134,457,good
3664,116,132,387,good
3677,107,136,377,good
3685,111,123,385,good
3683,138,134,361,good
3658,121,135,374,good
3678,119,132,360,good
3675,140,110,388,good
3678,116,121,397,good
3676,125,134,271,good
3739,121,133,385,good
3687,142,124,381,good
3664,117,131,369,good
3708,124,132,368,good
3671,108,154,352,good
3678,106,134,359,good
3761,138,136,408,good
3696,114,115,359,good
3682,115,136,353,good
3658,118,196,350,good
3692,114,20,340,good
3677,117,134,341,good
3679,117,132,330,good
3675,114,136,345,good
3659,103,132,322,good
3684,118,134,313,good
3679,116,170,322,good
3679,112,107,310,good
3680,116,133,301,good
3735,120,133,288,good
3661,128,135,289,good
3678,117,135,286,good
3655,116,132,292,good
3689,97,128,288,good
3688,122,133,270,good
3657,125,121,279,good
3711,116,133,270,good
3707,110,117,264,good
3680,119,142,260,good
3678,139,139,254,good
3694,105,145,273,good
3676,170,135,245,good
3677,104,136,228,good
3685,101,135,241,good
3671,117,137,230,good
3699,114,131,236,good
3588,120,132,245,good
3671,92,147,232,good
3665,109,134,226,good
3683,116,141,218,good
3681,113,138,210,good
3699,126,131,254,good
3681,121,134,262,good
3681,115,126,243,good
3675,118,130,277,good
3685,129,124,281,good
3673,92,131,276,good
3673,118,134,263,good
3680,117,137,256,good
3709,117,115,276,good
3672,118,120,336,good
3677,107,136,318,good
3671,109,133,341,good
3677,120,139,340,good
3578,116,122,345,good
3680,115,134,345,good
3676,243,120,346,good
3671,118,164,335,good
3677,119,138,332,good
3707,148,112,354,good
3678,114,135,334,good
3689,105,216,349,good
3678,117,108,324,good
3688,33,113,320,good
3681,117,134,326,good
3699,120,107,314,good
3661,133,132,304,good
3689,121,134,373,good
3662,125,135,342,good
3678,119,146,341,good
3668,116,134,322,good
3655,120,132,322,good
3682,113,134,336,good
3669,103,126,339,good
3678,119,136,331,good
3677,24,131,333,good
3677,109,131,325,good
3668,114,148,332,good
3680,118,190,320,good
3677,115,156,317,good
3701,117,138,290,good
3723,119,134,315,good
3662,133,116,323,good
3800,132,133,305,good
3675,105,130,277,good
3660,124,142,289,good
3686,114,112,292,good
3675,93,139,259,good
3679,99,134,274,good
3679,106,143,266,good
3690,127,132,266,good
3676,113,145,262,good
3683,94,170,262,good
3673,87,131,264,good
3685,111,157,256,good
3680,133,131,256,good
3679,116,139,248,good
3669,132,133,248,good
3651,114,135,243,good
3591,110,136,244,good
3683,121,129,225,good
3663,135,136,156,good
3678,111,128,264,good
3670,93,138,261,good
3693,105,151,280,good
3678,122,134,280,good
3669,96,135,294,good
3679,129,144,274,good
3670,118,136,284,good
3678,108,133,273,good
3679,116,121,273,good
3690,164,134,316,good
3680,117,138,312,good
3678,119,106,316,good
3679,117,146,295,good
3692,98,132,314,good
3673,120,136,292,good
3665,120,135,323,good
3674,139,132,292,good
3669,129,133,302,good
3676,117,126,304,good
3690,120,135,294,good
3675,114,133,305,good
3674,119,143,294,good
3680,117,137,288,good
3687,118,140,297,good
3679,118,113,272,good
3614,136,136,269,good
3672,123,134,266,good
3680,124,140,264,good
3649,111,154,251,good
3680,113,132,264,good
3674,128,110,267,good
3678,122,135,134,good
3680,121,133,303,good
3678,94,135,302,good
3688,119,131,308,good
3703,139,136,369,good
3679,120,125,338,good
3676,109,133,334,good
3676,117,135,330,good
3679,130,128,422,good
3688,98,142,333,good
3678,146,129,340,good
3663,116,132,333,good
3681,117,136,327,good
3673,116,137,309,good
3677,99,125,363,good
3679,109,134,314,good
3680,124,132,313,good
3679,118,112,316,good
3659,111,137,305,good
3828,119,137,312,good
3678,119,133,314,good
3685,97,157,295,good
3651,128,120,285,good
3675,119,133,307,good
3679,122,130,283,good
3676,106,149,280,good
3688,101,131,278,good
3663,109,134,287,good
3658,170,134,272,good
3703,116,133,270,good
3682,115,131,256,good
3680,116,138,294,good
3689,114,165,316,good
3679,133,136,300,good
3669,115,163,302,good
3690,117,136,297,good
3648,118,134,299,good
3675,132,130,299,good
3679,118,128,278,good
3692,119,131,288,good
3674,118,114,291,good
3676,116,136,272,good
3685,125,132,276,good
3668,107,132,273,good
3702,126,133,302,good
3646,126,134,256,good
3682,108,137,230,good
3688,116,122,268,good
3681,115,135,256,good
3690,117,164,273,good
3679,104,148,256,good
3650,117,130,232,good
3677,114,128,239,good
3677,104,133,243,good
3673,103,131,379,good
3680,119,142,236,good
3687,74,112,231,good
3687,123,133,227,good
3675,135,128,229,good
3678,118,132,221,good
3665,128,158,222,good
3686,117,134,213,good
3690,109,222,233,good
3652,120,130,232,good
3679,114,132,256,good
3680,114,135,274,good
3689,114,128,293,good
3674,116,126,316,good
3686,115,139,293,good
3673,115,128,327,good
3669,126,30,325,good
3676,14,135,316,good
3673,103,131,320,good
3741,121,132,320,good
3677,121,135,314,good
3674,216,149,360,good
3704,119,121,362,good
3670,128,121,346,good
3733,109,137,359,good
3660,116,133,355,good
3674,89,132,373,good
3677,115,106,398,good
3679,119,147,396,good
3709,115,132,435,good
3681,120,123,444,good
3689,93,134,438,good
3663,115,131,426,good
3675,102,135,446,good
3681,117,132,449,good
3666,119,124,468,good
3677,116,125,453,good
3672,111,153,436,good
3675,190,152,448,good
3672,115,131,429,good
3690,112,132,452,good
3765,130,138,512,good
3660,116,156,419,good
3680,0,133,425,good
3657,114,136,427,good
3525,116,133,424,good
3685,71,132,402,good
3674,98,133,394,good
3683,128,132,391,good
3672,119,133,399,good
3698,100,133,395,good
3665,118,123,369,good
3698,116,130,379,good
3673,116,146,366,good
3647,111,139,347,good
3681,108,147,371,good
3677,118,133,386,good
3676,118,126,434,good
3676,104,134,430,good
3686,122,115,434,good
3699,108,135,421,good
3650,120,132,433,good
3671,119,135,442,good
3678,117,132,468,good
3656,110,97,470,good
3675,107,146,460,good
3674,119,134,471,good
3677,109,153,460,good
3683,135,134,478,good
3699,124,122,463,good
3677,111,136,463,good
3673,123,137,452,good
3677,122,137,441,good
3705,126,109,445,good
3680,125,136,442,good
3688,123,124,441,good
3660,121,138,422,good
3667,119,160,411,good
3697,56,136,428,good
3706,118,129,398,good
3687,115,213,407,good
3700,104,139,387,good
3678,150,133,407,good
3675,128,106,430,good
3678,0,135,412,good
3679,117,134,412,good
3666,118,134,407,good
3677,120,138,402,good
3677,103,140,396,good
3680,122,145,390,good
3672,121,122,368,good
3684,121,136,384,good
3673,123,149,362,good
3678,123,129,365,good
3677,129,180,352,good
3654,119,132,348,good
3668,132,136,341,good
3684,95,133,343,good
3671,119,138,337,good
3676,117,129,313,good
3700,103,132,324,good
3674,119,131,302,good
3685,118,132,318,good
3553,121,136,308,good
3699,113,134,334,good
3679,119,128,305,good
3681,119,137,307,good
3674,92,140,313,good
3649,116,134,284,good
3693,113,124,298,good
3677,128,138,292,good
3677,118,150,296,good
3664,137,139,288,good
3668,105,138,273,good
3681,119,135,276,good
3677,128,134,271,good
3694,92,150,257,good
3679,115,144,262,good
3693,107,129,293,good
3688,117,133,266,good
3668,122,118,258,good
3667,103,133,264,good
3680,123,132,246,good
3667,118,0,240,good
3661,114,131,242,good
3669,96,141,254,good
3681,104,135,292,good
3681,126,136,270,good
3674,119,133,263,good
3680,149,130,268,good
3678,105,129,280,good
3672,116,132,264,good
3673,128,113,282,good
3685,136,134,209,good
3677,106,132,262,good
3675,107,144,260,good
3681,103,149,246,good
3678,199,111,259,good
3685,114,133,254,good
3684,114,105,250,good
3683,190,131,242,good
3680,192,133,241,good
3686,148,128,237,good
3677,121,134,236,good
3664,122,137,214,good
3707,122,134,231,good
3681,117,128,235,good
3676,103,134,238,good
3677,113,134,245,good
3675,125,123,241,good
3637,124,108,220,good
3679,115,124,212,good
3677,130,133,211,good
3675,115,130,224,good
3661,115,154,181,good
3674,129,130,204,good
3679,122,145,192,good
3679,118,144,199,good
3667,126,132,138,good
3685,242,134,194,good
3678,114,132,184,good
3680,117,133,252,good
3676,120,106,277,good
3666,117,147,260,good
3678,93,144,279,good
3695,107,224,293,good
3697,114,134,288,good
3678,124,125,326,good
3665,124,151,331,good
3675,158,131,327,good
3665,119,131,317,good
3678,125,132,349,good
3680,120,131,370,good
3672,106,133,374,good
3680,117,142,378,good
3677,141,128,384,good
3677,116,132,381,good
3671,93,133,398,good
3687,133,128,380,good
3668,108,136,420,good
3683,117,113,438,good
3614,135,136,377,good
3668,110,137,420,good
3676,149,92,420,good
3678,115,135,415,good
3707,73,131,405,good
3677,116,134,404,good
3599,132,118,400,good
3679,121,128,370,good
3675,122,134,410,good
3681,114,143,369,good
3678,119,139,374,good
3677,120,159,367,good
3679,120,146,366,good
3677,121,133,392,good
3680,124,137,403,good
3682,124,25,397,good
3666,120,82,402,good
3678,132,134,397,good
3697,119,6,388,good
3677,116,149,384,good
3679,122,131,379,good
3652,121,131,366,good
3683,118,134,385,good
3679,96,134,363,good
3676,119,130,357,good
3676,109,136,372,good
3708,118,116,352,good
3674,120,146,356,good
3680,99,140,337,good
3677,112,131,352,good
3675,122,132,327,good
3699,107,131,321,good
3673,125,136,337,good
3678,119,136,308,good
3679,115,137,316,good
3679,112,151,276,good
3680,123,131,301,good
3680,138,135,254,good
3680,120,140,296,good
3675,120,133,272,good
3761,116,138,316,good
3671,134,123,279,good
3679,119,132,267,good
3680,125,136,269,good
3758,124,134,270,good
3677,240,135,268,good
3669,126,132,242,good
3679,124,131,258,good
3683,125,136,260,good
3679,124,132,253,good
3677,130,134,244,good
3671,125,144,246,good
3687,126,136,253,good
3674,106,134,253,good
3668,138,130,234,good
3675,123,144,287,good
3697,112,139,284,good
3671,122,136,304,good
3670,118,130,276,good
3681,123,110,326,good
3681,123,128,325,good
3694,124,220,334,good
3682,116,158,320,good
3694,123,132,327,good
3677,115,133,323,good
3677,125,142,331,good
3653,125,131,320,good
3677,122,139,313,good
3665,192,151,326,good
3680,205,132,320,good
3701,109,134,322,good
3645,117,143,313,good
3682,141,142,309,good
3680,130,136,288,good
3677,123,123,288,good
3679,150,121,313,good
3680,128,134,287,good
3677,105,136,302,good
3680,116,132,286,good
3676,113,131,281,good
3691,124,265,283,good
3674,123,160,272,good
3670,113,115,267,good
3676,18,135,264,good
3688,147,138,277,good
3677,133,134,238,good
3677,121,131,256,good
3676,118,167,249,good
3676,116,137,265,good
3670,128,48,225,good
3707,123,135,233,good
3678,124,160,258,good
3671,98,128,253,good
3677,122,141,234,good
3683,125,125,245,good
3677,121,122,231,good
3685,138,133,222,good
3695,102,131,236,good
3690,119,130,226,good
3683,111,139,215,good
3679,118,132,211,good
3690,143,136,186,good
3678,122,135,206,good
3678,122,143,207,good
3677,225,134,210,good
3679,120,121,203,good
3677,121,117,202,good
3677,120,132,200,good
3679,113,163,200,good
3689,118,133,202,good
3664,118,83,195,good
3675,120,125,214,good
3680,98,133,190,good
3681,109,132,189,good
3681,118,138,186,good
3679,117,124,201,good
3665,122,130,188,good
3652,121,132,166,good
3701,97,151,184,good
3668,121,134,149,good
3670,119,234,166,good
3677,125,132,166,good
3684,146,130,212,good
3679,110,132,235,good
3679,119,134,232,good
3692,120,267,238,good
3688,122,133,226,good
3675,95,145,241,good
3828,118,132,222,good
3679,121,133,239,good
3669,188,132,242,good
3665,117,134,236,good
3689,109,158,240,good
3678,108,133,240,good
3678,118,119,260,good
3673,110,129,222,good
3687,116,129,232,good
3674,121,136,230,good
3674,118,140,226,good
3695,119,133,249,good
3667,109,137,256,good
3679,122,125,264,good
3677,116,125,256,good
3757,117,132,268,good
3674,118,3,251,good
3678,114,136,219,good
3675,117,124,250,good
3675,116,135,253,good
3692,112,135,265,good
3645,107,148,244,good
3709,118,111,244,good
3697,116,130,276,good
3679,109,139,274,good
3692,98,114,280,good
3683,103,133,280,good
3689,119,119,290,good
3655,175,134,299,good
3671,120,133,321,good
3679,120,132,301,good
3678,112,122,306,good
3663,128,134,281,good
3652,128,133,295,good
3673,119,130,294,good
3685,132,130,286,good
3681,119,134,289,good
3674,120,125,310,good
3680,123,123,301,good
3663,122,149,283,good
3679,116,136,274,good
3677,124,130,285,good
3653,117,152,270,good
3664,123,129,259,good
3677,118,125,316,good
3680,125,115,314,good
3706,125,133,382,good
3676,99,133,316,good
3658,122,137,316,good
3678,121,118,312,good
3664,122,133,306,good
3687,119,107,306,good
3688,134,128,301,good
3676,115,128,280,good
3682,122,131,294,good
3662,123,134,326,good
3679,112,130,394,good
3675,121,112,374,good
3664,120,130,359,good
3678,122,133,374,good
3667,116,130,356,good
3675,136,137,370,good
3675,126,125,382,good
3680,110,130,390,good
3690,122,115,399,good
3678,110,143,361,good
3607,139,134,365,good
3661,114,130,363,good
3697,107,126,367,good
3690,108,133,358,good
3675,114,121,349,good
3671,119,131,333,good
3681,112,134,340,good
3678,116,134,357,good
3681,117,128,340,good
3679,116,116,334,good
3667,108,131,322,good
3669,119,264,310,good
3679,98,143,309,good
3676,119,146,317,good
3655,121,133,308,good
3677,119,140,304,good
3678,113,128,312,good
3673,118,131,286,good
3683,131,135,303,good
3674,133,131,285,good
3707,118,132,280,good
3672,126,130,264,good
3678,119,133,271,good
3689,116,128,260,good
3664,118,130,274,good
3680,119,128,259,good
3678,118,109,257,good
3677,119,121,256,good
3679,135,129,156,good
3699,115,219,249,good
3678,143,122,254,good
3665,119,131,231,good
3689,121,130,269,good
3670,130,131,264,good
3703,128,134,280,good
3709,124,115,280,good
3679,121,134,279,good
3701,111,128,293,good
3661,119,200,319,good
3690,117,122,327,good
3666,114,141,310,good
3674,115,130,310,good
3676,199,124,303,good
3679,179,131,317,good
3681,117,132,315,good
3682,108,132,309,good
3681,131,120,306,good
3669,116,133,274,good
3683,115,130,306,good
3662,117,157,300,good
3694,101,148,297,good
3681,116,133,291,good
3679,118,123,301,good
3688,121,134,286,good
3672,95,126,301,good
3680,106,131,324,good
3673,205,140,301,good
3662,115,296,326,good
3681,187,131,324,good
3678,94,128,438,good
3689,135,123,310,good
3692,116,116,350,good
3707,116,129,318,good
3680,115,129,315,good
3693,165,136,316,good
3659,110,133,306,good
3678,115,131,310,good
3681,128,142,298,good
3680,93,128,230,good
3663,113,135,286,good
3682,119,150,311,good
3696,119,144,275,good
3673,115,132,318,good
3678,118,132,318,good
3678,118,129,312,good
3675,105,129,309,good
3686,140,131,308,good
3678,119,143,322,good
3684,116,114,331,good
3671,117,158,308,good
3679,118,130,332,good
3772,121,135,364,good
3675,118,110,367,good
3669,118,133,349,good
3679,119,145,366,good
3683,115,146,349,good
3684,91,133,353,good
3690,117,122,356,good
3647,119,129,335,good
3679,117,130,333,good
3672,119,133,322,good
3679,109,229,346,good
3653,113,150,326,good
3666,134,132,314,good
3677,105,134,327,good
3665,146,125,388,good
3685,117,133,371,good
3660,200,133,365,good
3675,115,143,369,good
3676,185,119,363,good
3670,125,134,367,good
3677,104,131,360,good
3677,118,153,359,good
3685,119,131,363,good
3676,98,138,359,good
3680,119,116,364,good
3673,120,128,374,good
3641,103,160,309,good
3681,118,128,332,good
3677,117,131,334,good
3673,116,134,341,good
3689,100,130,341,good
3687,116,130,328,good
3678,120,147,310,good
3741,116,133,315,good
3677,117,142,314,good
3679,106,146,293,good
3679,124,121,303,good
3679,48,136,298,good
3676,130,106,299,good
3675,116,130,272,good
3684,108,112,278,good
3674,120,145,279,good
3675,110,215,292,good
3672,130,134,275,good
3667,155,153,268,good
3680,119,123,272,good
3675,116,132,252,good
3698,118,230,267,good
3644,116,131,266,good
3680,103,136,279,good
3677,113,129,298,good
3683,111,215,317,good
3691,119,130,285,good
3676,120,147,282,good
3681,118,148,285,good
3678,114,131,276,good
3647,112,148,264,good
3690,114,120,281,good
3675,107,129,282,good
3679,111,130,272,good
3671,122,148,252,good
3710,118,146,252,good
3699,116,132,249,good
3651,120,149,257,good
3677,118,159,250,good
3677,122,125,269,good
3686,119,220,256,good
3676,96,143,247,good
3673,122,134,256,good
3681,115,129,237,good
3683,117,174,253,good
3692,136,103,241,good
3685,122,153,236,good
3650,121,117,235,good
3678,118,128,229,good
3566,129,117,228,good
3659,124,123,229,good
3674,121,123,234,good
3657,178,131,216,good
3678,124,132,214,good
3662,100,129,166,good
3670,122,135,274,good
3670,117,131,244,good
3699,121,128,260,good
3681,137,122,362,good
3680,97,140,268,good
3676,119,130,265,good
3684,132,128,167,good
3679,121,143,260,good
3676,142,125,248,good
3680,115,132,256,good
3678,119,137,264,good
3673,121,135,262,good
3675,119,128,256,good
3680,47,147,246,good
3680,120,134,254,good
3680,119,138,241,good
3665,128,115,258,good
3655,126,134,146,good
3538,94,130,128,good
3666,133,135,230,good
3679,118,128,240,good
3660,120,130,252,good
3673,120,128,260,good
3683,121,129,273,good
3669,121,132,289,good
3668,130,125,394,good
3682,126,130,306,good
3679,121,134,310,good
3646,122,132,314,good
3678,122,134,278,good
3670,135,160,344,good
3679,124,150,337,good
3667,102,129,353,good
3670,125,131,338,good
3670,122,144,345,good
3693,115,132,341,good
3687,145,132,356,good
3679,122,133,356,good
3682,124,152,352,good
3691,123,133,378,good
3657,125,130,338,good
3689,113,215,368,good
3663,118,131,346,good
3677,114,130,424,good
3679,116,132,342,good
3674,137,132,333,good
3689,130,121,352,good
3656,118,204,332,good
3679,123,141,324,good
3676,125,113,314,good
3679,118,134,313,good
3682,114,126,324,good
3597,124,129,308,good
3681,122,128,311,good
3667,134,117,313,good
3695,105,119,319,good
3683,123,133,294,good
3680,106,130,304,good
3679,116,117,284,good
3688,107,130,276,good
3694,138,136,263,good
3677,135,117,282,good
3698,119,130,269,good
3672,135,138,373,good
3678,121,131,260,good
3689,122,108,244,good
3671,89,135,263,good
3683,120,130,251,good
3660,120,139,248,good
3703,120,106,247,good
3683,126,137,261,good
3680,119,151,228,good
3681,140,133,231,good
3685,121,126,229,good
3676,120,132,228,good
3675,99,137,225,good
3681,0,133,218,good
3664,130,131,202,good
3681,119,126,219,good
3677,124,132,216,good
3677,0,132,208,good
3679,146,135,197,good
3582,126,130,207,good
3691,122,126,221,good
3678,121,162,208,good
3680,120,133,201,good
3674,112,132,207,good
3699,120,128,198,good
3673,129,140,186,good
3685,98,131,236,good
3671,137,118,198,good
3680,103,137,191,good
3708,120,136,197,good
3692,116,130,187,good
3689,96,156,186,good
3664,121,121,165,good
3702,113,135,206,good
3601,118,134,172,good
3677,116,131,183,good
3684,136,140,160,good
3655,116,136,253,good
3678,113,136,178,good
3623,102,134,180,good
3679,110,222,178,good
3646,117,112,174,good
3681,122,128,171,good
3669,117,132,166,good
3681,116,130,167,good
3679,116,130,169,good
3681,108,128,168,good
3682,110,135,172,good
3687,128,111,178,good
3680,108,132,212,good
3660,125,109,233,good
3683,116,131,253,good
3679,116,112,264,good
3706,119,129,256,good
3694,97,149,258,good
3660,120,132,269,good
3679,121,136,269,good
3771,131,113,286,good
3680,117,138,256,good
3681,146,136,251,good
3678,117,160,260,good
3677,117,109,261,good
3680,109,162,256,good
3693,116,131,250,good
3649,117,138,230,good
3692,125,108,266,good
3663,124,117,246,good
3679,112,132,242,good
3682,115,132,239,good
3663,125,140,233,good
3689,120,133,222,good
3665,131,132,226,good
3680,121,131,235,good
3679,120,134,222,good
3678,97,139,221,good
3675,120,146,225,good
3683,118,140,209,good
3678,120,128,218,good
3675,108,147,185,good
3663,110,125,208,good
3681,117,133,232,good
3652,118,121,246,good
3676,118,128,253,good
3616,118,128,249,good
3684,121,131,241,good
3659,113,132,261,good
3656,119,132,258,good
3675,130,132,227,good
3667,115,293,243,good
3687,139,128,257,good
3637,97,145,276,good
3708,117,129,320,good
3666,180,150,330,good
3689,109,105,338,good
3679,118,129,332,good
3675,121,129,352,good
3742,115,133,417,good
3665,106,160,343,good
3673,117,132,337,good
3675,134,106,350,good
3698,113,25,334,good
3684,126,133,344,good
3677,117,132,338,good
3681,124,132,323,good
3657,120,108,312,good
3683,118,128,233,good
3678,89,135,314,good
3679,145,129,312,good
3680,115,134,312,good
3677,117,131,305,good
3686,120,132,301,good
3674,115,135,292,good
3673,117,120,280,good
3679,114,142,284,good
3759,106,115,260,good
3669,118,133,266,good
3676,131,102,278,good
3656,118,133,260,good
3709,119,143,288,good
3695,119,131,256,good
3678,110,144,253,good
3692,98,123,260,good
3681,114,135,256,good
3689,4,123,260,good
3677,112,134,257,good
3679,116,132,296,good
3655,116,133,296,good
3670,116,132,297,good
3664,132,136,226,good
3677,112,142,295,good
3676,117,134,297,good
3677,115,132,294,good
3692,128,133,249,good
3648,97,132,253,good
3678,117,116,305,good
3675,128,126,267,good
3697,105,129,274,good
3662,140,136,271,good
3679,114,139,268,good
3667,116,133,253,good
3656,116,76,262,good
3693,106,120,268,good
3677,123,144,259,good
3691,114,131,250,good
3680,138,140,258,good
3668,114,131,265,good
3676,119,134,250,good
3681,118,157,243,good
3679,100,133,234,good
3676,118,158,227,good
3695,115,124,232,good
3679,114,132,238,good
3679,112,128,221,good
3670,111,134,216,good
3683,115,132,209,good
3678,117,133,215,good
3676,116,146,205,good
3689,115,137,206,good
3678,116,124,188,good
3678,126,132,203,good
3676,117,128,204,good
3684,128,128,206,good
3673,111,138,207,good
3668,125,146,204,good
3679,112,129,175,good
3682,122,133,200,good
3675,98,126,363,good
3662,132,133,245,good
3688,120,102,230,good
3663,116,132,279,good
3682,122,129,279,good
3679,113,139,287,good
3681,111,135,293,good
3695,117,132,299,good
3687,117,144,301,good
3676,116,130,314,good
3665,112,136,300,good
3686,116,110,282,good
3675,139,111,315,good
3675,144,136,293,good
3675,128,140,300,good
3657,118,134,290,good
3659,105,150,266,good
3678,0,136,275,good
3680,111,137,240,good
3673,114,151,259,good
3680,122,136,340,good
3688,118,125,332,good
3679,68,117,353,good
3679,115,134,356,good
3661,108,95,359,good
3663,128,138,358,good
3681,105,116,359,good
3682,100,129,357,good
3680,139,132,357,good
3687,40,136,357,good
3657,117,136,332,good
3673,136,132,346,good
3678,106,140,345,good
3688,120,133,336,good
3677,93,136,337,good
3673,117,134,336,good
3679,115,146,322,good
3676,116,137,322,good
3692,110,141,369,good
3675,115,128,297,good
3667,132,130,286,good
3691,103,132,299,good
3677,118,132,302,good
3677,95,134,291,good
3677,101,150,290,good
3679,113,128,281,good
3678,131,131,282,good
3685,112,134,278,good
3673,104,132,267,good
3679,135,136,264,good
3677,114,136,260,good
3828,114,136,250,good
3677,116,135,251,good
3625,116,134,266,good
3671,129,19,233,good
3697,104,132,238,good
3679,98,128,236,good
3689,103,165,230,good
3667,111,134,243,good
3677,86,156,235,good
3674,116,128,232,good
3684,116,138,235,good
3683,119,133,240,good
3675,125,133,202,good
3675,106,139,214,good
3661,110,115,292,good
3669,104,103,284,good
3681,121,134,294,good
3676,105,140,293,good
3679,165,133,289,good
3693,114,134,281,good
3682,109,133,294,good
3677,114,140,289,good
3689,106,130,287,good
3584,116,129,291,good
3675,113,141,283,good
3677,114,140,280,good
3679,116,165,278,good
3681,120,133,272,good
3666,115,295,277,good
3675,109,138,284,good
3680,118,136,269,good
3668,116,134,271,good
3757,118,134,185,good
3680,116,132,272,good
3695,111,106,257,good
3665,130,135,250,good
3679,121,134,253,good
3670,116,249,268,good
3673,109,135,264,good
3676,103,137,250,good
3665,114,134,235,good
3693,106,120,230,good
3676,118,151,248,good
3678,113,134,240,good
3659,109,82,238,good
3697,109,109,238,good
3664,110,117,299,good
3677,119,128,280,good
3680,124,161,313,good
3658,117,204,363,good
3679,114,133,356,good
3673,103,163,340,good
3677,116,134,378,good
3661,124,136,359,good
3677,28,134,384,good
3692,116,130,392,good
3592,132,136,376,good
3655,114,133,370,good
3685,122,130,375,good
3680,114,133,371,good
3663,126,133,375,good
3685,114,129,382,good
3675,120,135,366,good
3658,111,134,355,good
3678,143,129,348,good
3684,138,128,346,good
3693,119,185,386,good
3670,130,160,375,good
3661,107,128,375,good
3671,118,134,379,good
3671,119,150,372,good
3694,112,216,370,good
3664,108,148,344,good
3695,116,135,361,good
3679,107,148,357,good
3687,113,82,353,good
3663,114,132,344,good
3702,116,116,367,good
3675,115,135,338,good
3673,114,133,334,good
3682,116,130,325,good
3678,112,133,320,good
3665,132,130,309,good
3678,114,156,350,good
3673,120,136,366,good
3676,121,130,274,good
3684,117,139,355,good
3675,116,135,361,good
3677,116,132,357,good
3664,103,126,404,good
3677,118,148,343,good
3676,132,129,352,good
3683,118,130,320,good
3661,111,136,331,good
3669,117,136,304,good
3679,104,148,320,good
3683,122,116,321,good
3658,119,132,302,good
3671,110,130,328,good
3658,113,144,297,good
3678,120,136,307,good
3686,92,155,282,good
3662,122,135,293,good
3680,116,133,291,good
3680,120,138,277,good
3686,138,138,283,good
3672,111,138,277,good
3686,99,135,335,good
3663,126,133,218,good
3679,110,138,266,good
3680,116,132,258,good
3694,107,133,258,good
3674,113,122,260,good
3681,68,118,272,good
3679,115,132,247,good
3669,144,128,261,good
3682,115,135,240,good
3677,115,131,235,good
3681,0,136,233,good
3681,121,113,237,good
3670,118,136,240,good
3679,126,128,230,good
3674,116,133,208,good
3680,118,134,241,good
3674,120,136,234,good
3697,115,12,218,good
3678,113,112,227,good
3697,123,133,217,good
3682,173,132,218,good
3672,196,132,216,good
3692,110,131,200,good
3677,119,132,195,good
3681,139,123,216,good
3681,126,124,204,good
3679,104,132,345,good
3679,116,126,208,good
3670,119,135,199,good
3675,126,114,220,good
3677,119,131,205,good
3678,118,134,211,good
3680,141,137,191,good
3690,106,148,207,good
3685,114,103,203,good
3683,124,133,201,good
3677,7,133,199,good
3683,116,132,193,good
3681,199,129,236,good
3678,128,145,234,good
3671,115,132,246,good
3660,138,136,229,good
3664,112,139,232,good
3672,118,139,237,good
3677,123,164,232,good
3672,198,146,231,good
3679,117,143,221,good
3678,107,224,232,good
3703,116,133,235,good
3678,115,138,217,good
3678,0,135,221,good
3681,119,133,222,good
3676,114,131,218,good
3681,111,140,196,good
3678,113,118,216,good
3687,136,133,269,good
3672,113,139,315,good
3675,106,136,308,good
3651,117,133,310,good
3680,123,99,331,good
3679,116,133,324,good
3677,122,142,323,good
3666,113,132,333,good
3795,118,134,308,good
3680,136,130,332,good
3618,117,134,314,good
3669,116,135,325,good
3654,123,119,320,good
3676,116,130,310,good
3673,136,134,302,good
3680,116,33,309,good
3678,102,134,302,good
3676,108,134,304,good
3666,126,106,306,good
3789,91,132,297,good
3677,92,138,262,good
3652,129,133,284,good
3681,126,139,278,good
3677,122,184,278,good
3695,114,133,270,good
3672,107,144,285,good
3689,106,152,266,good
3676,133,137,269,good
3678,91,141,258,good
3688,134,134,264,good
3675,128,160,248,good
3697,111,133,244,good
3651,122,135,155,good
3678,114,140,238,good
3677,115,141,237,good
3691,108,130,268,good
3735,122,136,266,good
3671,120,134,264,good
3681,110,132,269,good
3671,119,144,272,good
3707,115,139,256,good
3678,128,139,258,good
3675,97,139,312,good
3677,137,137,318,good
3677,117,122,258,good
3677,16,156,378,good
3680,121,148,380,good
3696,119,222,394,good
3680,64,129,389,good
3683,136,131,402,good
3677,143,137,399,good
3690,145,136,388,good
3682,105,136,449,good
3679,116,134,429,good
3679,118,135,428,good
3677,119,123,428,good
3681,126,134,422,good
3674,116,131,426,good
3696,89,152,422,good
3677,123,135,430,good
3680,97,164,421,good
3677,125,129,419,good
3654,116,124,423,good
3679,119,134,413,good
3679,116,147,404,good
3686,119,140,441,good
3674,109,117,444,good
3675,119,162,445,good
3685,120,125,451,good
3679,108,133,433,good
3712,112,114,437,good
3697,109,134,430,good
3673,118,132,420,good
3683,115,121,418,good
3691,99,143,408,good
3684,113,136,416,good
3663,100,134,390,good
3681,114,134,393,good
3670,124,134,382,good
3676,110,135,401,good
3680,104,145,384,good
3636,119,135,388,good
3677,147,128,386,good
3703,129,129,366,good
3674,117,107,392,good
3686,129,128,373,good
3677,115,130,370,good
3650,110,137,348,good
3697,117,128,357,good
3675,119,123,352,good
3677,275,132,344,good
3666,104,134,339,good
3679,115,130,332,good
3678,120,129,305,good
3674,132,136,333,good
3688,115,138,315,good
3664,115,132,307,good
3665,119,107,344,good
3667,115,130,361,good
3677,131,136,354,good
3679,116,107,382,good
3649,118,121,387,good
3664,116,131,400,good
3682,123,123,409,good
3631,96,157,368,good
3652,126,137,407,good
3685,118,111,391,good
3690,114,107,409,good
3651,118,148,389,good
3812,118,135,398,good
3677,124,128,379,good
3675,105,136,344,good
3681,115,124,361,good
3674,114,142,380,good
3676,117,132,366,good
3676,121,162,361,good
3677,134,124,361,good
3674,118,136,329,good
3676,85,142,353,good
3658,112,76,337,good
3687,108,132,366,good
3680,114,132,327,good
3677,115,132,332,good
3695,91,131,312,good
3665,109,133,324,good
3677,36,151,312,good
3690,121,134,304,good
3676,114,141,300,good
3673,102,131,305,good
3668,102,140,291,good
3651,100,156,250,good
3688,115,133,286,good
3684,126,128,298,good
3649,114,120,285,good
3677,116,130,275,good
3667,144,131,260,good
3655,114,131,264,good
3677,122,138,259,good
3677,109,150,253,good
3686,135,132,264,good
3676,141,132,250,good
3675,102,120,249,good
3678,124,143,241,good
3674,113,133,233,good
3672,125,111,237,good
3680,148,134,233,good
3678,115,129,229,good
3655,112,96,227,good
3639,117,134,230,good
3665,136,133,252,good
3679,119,134,294,good
3689,107,221,321,good
3666,115,134,317,good
3681,120,112,305,good
3676,90,132,324,good
3678,110,121,310,good
3675,203,146,296,good
3679,88,136,304,good
3677,115,124,304,good
3694,115,60,325,good
3666,135,136,239,good
3682,0,137,323,good
3676,0,134,321,good
3677,117,129,312,good
3707,119,110,323,good
3705,117,133,315,good
3675,112,132,311,good
3677,115,128,300,good
3677,110,132,319,good
3679,117,126,304,good
3682,120,98,288,good
3681,89,144,288,good
3678,117,135,291,good
3680,109,232,313,good
3664,136,134,286,good
3678,130,149,286,good
3679,256,136,322,good
3677,119,135,325,good
3679,121,135,332,good
3673,119,132,322,good
3674,98,159,287,good
3664,128,149,326,good
3692,108,133,320,good
3694,112,8,318,good
3676,110,143,219,good
3679,12,137,356,good
3779,120,134,352,good
3687,112,129,350,good
3679,119,162,339,good
3665,86,148,342,good
3664,128,134,345,good
3677,119,126,349,good
3678,128,119,352,good
3680,92,133,343,good
3668,141,129,353,good
3678,120,130,329,good
3675,121,120,338,good
3685,120,219,331,good
3704,120,135,321,good
3659,114,126,316,good
3679,119,132,312,good
3679,121,134,310,good
3732,124,134,298,good
3679,137,131,306,good
3667,119,190,297,good
3624,121,135,315,good
3675,129,125,304,good
3679,113,135,280,good
3669,121,112,280,good
3770,117,136,278,good
3675,112,104,276,good
3688,120,132,293,good
3677,122,145,306,good
3647,116,142,291,good
3655,123,126,316,good
3690,144,158,311,good
3681,169,136,298,good
3689,118,123,309,good
3657,124,135,283,good
3675,139,136,294,good
3711,114,137,291,good
3662,122,144,288,good
3674,129,135,282,good
3658,119,154,261,good
3679,120,123,275,good
3678,94,144,269,good
3679,116,134,268,good
3688,122,133,258,good
3675,133,110,288,good
3666,125,134,331,good
3676,120,133,336,good
3690,119,114,330,good
3688,111,133,302,good
3676,117,131,346,good
3669,100,134,336,good
3680,80,133,340,good
3672,132,134,335,good
3678,107,131,334,good
3666,117,132,325,good
3682,121,140,333,good
3679,135,126,327,good
3677,95,140,295,good
3668,192,148,315,good
3682,107,133,308,good
3699,110,115,307,good
3681,116,118,300,good
3678,109,152,281,good
3683,133,133,342,good
3681,102,134,344,good
3663,103,126,382,good
3660,114,134,354,good
3684,115,118,348,good
3678,137,126,343,good
3676,115,133,353,good
3682,121,132,332,good
3678,120,141,326,good
3679,138,134,292,good
3668,125,134,321,good
3697,120,131,315,good
3679,117,134,312,good
3676,116,119,312,good
3677,0,134,304,good
3679,117,125,289,good
3772,117,135,356,good
3686,88,138,292,good
3694,115,102,291,good
3661,128,137,284,good
3686,120,132,272,good
3694,114,110,279,good
3677,117,157,270,good
3678,125,142,271,good
3679,108,130,260,good
3679,118,132,322,good
3675,119,147,289,good
3675,117,134,293,good
3671,138,133,296,good
3672,121,123,282,good
3675,139,129,293,good
3680,115,142,306,good
3685,115,151,317,good
3676,156,132,268,good
3679,102,138,268,good
3672,92,147,263,good
3685,116,134,292,good
3649,122,123,266,good
3694,97,131,270,good
3681,124,135,248,good
3684,115,129,303,good
3678,118,132,302,good
3647,122,135,414,good
3680,103,132,332,good
3646,116,145,372,good
3677,128,132,373,good
3674,114,121,391,good
3671,116,132,403,good
3679,117,129,392,good
3689,20,115,391,good
3679,110,120,405,good
3661,111,134,394,good
3685,113,144,372,good
3676,116,145,380,good
3678,107,143,374,good
3663,140,132,368,good
3657,124,123,364,good
3679,117,129,358,good
3677,117,160,361,good
3675,93,130,445,good
3676,115,129,321,good
3692,118,132,356,good
3677,117,133,335,good
3676,136,114,335,good
3668,126,136,326,good
3676,90,136,293,good
3690,103,147,305,good
3679,114,128,287,good
3683,116,130,307,good
3657,114,133,333,good
3679,118,131,345,good
3688,118,132,339,good
3686,113,139,344,good
3678,61,134,344,good
3676,115,136,331,good
3690,106,186,351,good
3672,141,116,352,good
3674,116,132,343,good
3659,129,135,351,good
3692,113,142,423,good
3673,119,137,432,good
3679,96,133,435,good
3672,98,134,454,good
3675,114,128,442,good
3678,118,133,426,good
3663,129,109,493,good
3675,120,134,473,good
3671,131,140,464,good
3696,115,132,472,good
3674,139,128,485,good
3678,100,157,471,good
3695,107,121,490,good
3677,116,133,466,good
3678,97,136,466,good
3690,122,205,463,good
3687,110,142,458,good
3674,116,134,454,good
3676,115,145,443,good
3666,119,135,428,good
3681,119,135,426,good
3678,109,132,420,good
3684,118,98,399,good
3674,115,135,414,good
3667,134,128,404,good
3706,95,149,401,good
3679,126,135,393,good
3674,104,146,384,good
3674,115,129,371,good
3674,119,133,360,good
3842,118,135,342,good
3672,114,121,343,good
3666,102,152,340,good
3677,115,149,332,good
3679,128,138,330,good
3696,114,112,333,good
3684,108,135,330,good
3674,0,136,317,good
3670,128,136,311,good
3677,128,133,302,good
3675,134,134,306,good
3679,120,158,300,good
3684,109,135,302,good
3679,118,163,280,good
3681,116,133,291,good
3683,116,143,286,good
3691,108,163,281,good
3682,118,147,273,good
3671,116,130,273,good
3682,114,133,263,good
3678,116,132,261,good
3676,134,111,266,good
3679,120,90,250,good
3675,116,137,249,good
3691,118,134,246,good
3681,117,113,235,good
3685,97,134,295,good
3670,89,134,248,good
3677,115,128,230,good
3674,125,131,222,good
3685,126,24,226,good
3532,115,131,208,good
3678,128,128,220,good
3595,119,135,224,good
3679,114,110,221,good
3678,123,121,221,good
3652,105,149,220,good
3696,117,65,231,good
3739,111,139,227,good
3674,108,125,206,good
3691,117,136,210,good
3677,116,134,206,good
3678,123,121,204,good
3693,118,137,203,good
3672,112,135,193,good
3655,133,136,195,good
3680,116,128,190,good
3680,0,136,192,good
3680,115,131,188,good
3678,103,136,234,good
3660,115,132,227,good
3688,130,134,230,good
3676,70,114,250,good
3681,115,119,238,good
3680,116,129,226,good
3642,106,113,214,good
3688,119,106,241,good
3635,117,132,221,good
3679,122,160,254,good
3657,115,135,232,good
3687,118,138,236,good
3675,125,134,226,good
3637,116,132,225,good
3673,114,134,216,good
3682,190,132,220,good
3681,144,137,224,good
3678,110,111,280,good
3681,128,124,321,good
3678,121,140,302,good
3700,109,133,324,good
3678,115,131,326,good
3684,96,134,327,good
3674,117,123,329,good
3670,179,140,310,good
3680,120,130,337,good
3687,118,118,339,good
3699,114,114,332,good
3671,115,144,306,good
3662,114,100,326,good
3668,127,120,310,good
3688,93,130,314,good
3705,109,112,318,good
3670,196,141,296,good
3675,76,125,310,good
3660,116,131,360,good
3672,136,135,384,good
3680,115,121,386,good
3677,132,111,409,good
3676,117,132,382,good
3693,115,123,386,good
3685,166,142,399,good
3677,116,129,379,good
3695,115,136,393,good
3678,123,125,386,good
3679,95,137,389,good
3647,114,118,374,good
3676,109,145,267,good
3687,128,120,363,good
3685,115,132,359,good
3676,118,133,351,good
3669,116,130,343,good
3677,118,113,342,good
3675,142,115,336,good
3682,124,136,340,good
3633,102,118,301,good
3682,111,131,313,good
3677,114,130,369,good
3665,116,129,312,good
3690,106,168,320,good
3708,114,131,293,good
3678,116,144,275,good
3744,129,136,366,good
3673,114,133,292,good
3676,117,126,294,good
3703,115,132,289,good
3671,115,135,277,good
3769,115,132,261,good
3679,107,120,286,good
3652,120,133,187,good
3679,108,134,259,good
3679,130,132,256,good
3679,114,136,256,good
3686,103,123,228,good
3663,111,160,216,good
3724,117,132,250,good
3682,128,119,237,good
3683,109,132,238,good
3680,121,131,234,good
3679,118,133,231,good
3677,113,107,230,good
3679,93,129,231,good
3679,116,103,239,good
3677,112,128,202,good
3669,107,146,217,good
3680,122,133,290,good
3700,112,134,235,good
3677,114,112,249,good
3656,98,135,245,good
3682,110,131,296,good
3666,116,140,278,good
3679,66,133,286,good
3664,115,140,286,good
3680,104,141,288,good
3677,109,135,285,good
3669,110,123,317,good
3681,115,123,291,good
3674,117,136,287,good
3673,116,146,284,good
3673,119,157,274,good
3773,109,133,281,good
3677,92,135,272,good
3547,98,134,244,good
3680,115,109,269,good
3681,115,140,260,good
3696,114,0,256,good
3680,116,137,281,good
3688,78,132,253,good
3680,118,134,259,good
3690,110,57,270,good
3681,112,150,252,good
3666,119,136,250,good
3683,116,136,246,good
3664,112,135,243,good
3691,105,104,250,good
3729,105,136,220,good
3704,111,136,235,good
3681,116,138,228,good
3672,86,132,234,good
3679,126,136,260,good
3658,116,126,228,good
3679,117,149,209,good
3660,116,132,211,good
3677,115,134,261,good
3689,134,133,264,good
3675,103,132,277,good
3676,114,191,261,good
3657,115,130,256,good
3689,131,121,283,good
3674,108,145,305,good
3672,122,98,299,good
3660,127,133,298,good
3680,102,134,317,good
3679,144,118,336,good
3677,111,132,318,good
3675,118,132,329,good
3655,169,132,315,good
3679,117,134,311,good
3672,135,131,296,good
3677,120,114,310,good
3665,124,131,329,good
3682,115,133,375,good
3677,115,134,380,good
3672,117,153,386,good
3667,118,132,394,good
3689,109,135,324,good
3678,117,128,385,good
3678,121,140,385,good
3691,93,134,382,good
3677,125,135,382,good
3662,110,96,377,good
3683,119,136,373,good
3683,117,58,367,good
3679,132,124,379,good
3674,199,143,361,good
3670,131,112,373,good
3674,126,129,350,good
3657,121,132,350,good
3679,118,132,352,good
3679,115,133,343,good
3669,115,135,352,good
3679,109,150,336,good
3705,111,134,336,good
3675,115,143,329,good
3675,115,47,311,good
3658,137,136,320,good
3680,119,134,313,good
3683,117,133,316,good
3672,92,133,315,good
3700,128,136,300,good
3685,115,134,296,good
3665,135,138,292,good
3693,117,263,288,good
3671,115,134,296,good
3678,0,134,275,good
3668,114,131,278,good
3683,108,133,273,good
3682,112,133,261,good
3676,119,142,260,good
3678,116,141,248,good
3676,107,133,248,good
3675,124,114,269,good
3680,116,140,243,good
3668,135,131,231,good
3658,118,133,234,good
3685,118,115,303,good
3682,106,147,274,good
3676,98,134,288,good
3675,122,137,288,good
3685,118,133,276,good
3760,111,114,267,good
3689,116,136,281,good
3699,124,132,285,good
3684,131,132,278,good
3677,112,119,309,good
3677,116,132,316,good
3675,114,135,328,good
3681,145,131,316,good
3677,133,109,327,good
3682,130,132,315,good
3687,136,110,319,good
3622,120,133,337,good
3673,115,95,316,good
3706,115,132,313,good
3666,116,150,326,good
3678,104,133,317,good
3677,134,134,296,good
3651,126,139,399,good
3687,134,131,298,good
3681,118,139,284,good
3677,116,131,282,good
3688,117,92,271,good
3700,116,133,264,good
3678,116,131,270,good
3689,96,131,313,good
3688,103,131,260,good
3671,132,132,274,good
3680,117,133,252,good
3681,111,130,248,good
3680,114,133,269,good
3683,117,128,225,good
3686,110,147,268,good
3679,145,135,238,good
3680,93,136,242,good
3677,130,134,121,good
3681,111,132,209,good
3699,117,124,230,good
3685,122,125,230,good
3666,89,130,226,good
3701,98,145,269,good
3673,116,146,267,good
3681,117,104,269,good
3678,111,120,268,good
3677,115,104,264,good
3711,109,118,265,good
3681,114,145,181,good
3679,125,136,260,good
3675,111,143,203,good
3676,119,110,288,good
3696,115,117,323,good
3699,121,108,306,good
3681,117,147,280,good
3676,92,130,306,good
3669,125,133,291,good
3669,116,140,301,good
3692,137,133,303,good
3680,117,131,302,good
3664,96,126,361,good
3642,116,133,298,good
3682,116,128,290,good
3690,113,141,291,good
3679,102,129,274,good
3701,108,135,309,good
3683,111,142,280,good
3684,130,103,281,good
3655,118,136,271,good
3693,104,196,324,good
3682,104,134,363,good
3688,117,124,308,good
3686,121,137,321,good
3679,114,149,328,good
3673,109,145,304,good
3663,116,138,317,good
3686,115,100,324,good
3679,116,119,314,good
3700,102,119,332,good
3678,112,139,302,good
3685,226,132,297,good
3677,91,132,296,good
3682,116,140,288,good
3677,115,106,300,good
3651,113,119,284,good
3665,117,135,268,good
3676,118,131,270,good
3683,118,123,272,good
3676,119,133,263,good
3683,0,134,258,good
3675,115,144,256,good
3684,117,118,269,good
3678,110,103,251,good
3686,108,131,244,good
3685,83,137,234,good
3676,121,132,239,good
3692,92,140,232,good
3676,117,115,245,good
3678,103,147,218,good
3681,161,132,226,good
3678,114,128,221,good
3849,118,136,233,good
3677,119,124,224,good
3666,98,126,262,good
3673,119,128,245,good
3667,100,133,275,good
3678,118,131,260,good
3680,121,159,262,good
3681,120,135,260,good
3680,121,141,262,good
3674,120,140,260,good
3688,106,128,253,good
3694,103,159,247,good
3684,94,141,246,good
3673,118,153,238,good
3826,119,135,246,good
3680,116,122,245,good
3676,116,134,236,good
3678,119,123,241,good
3664,128,133,212,good
3689,117,0,226,good
3667,120,135,282,good
3676,94,156,281,good
3682,118,134,276,good
3695,113,131,278,good
3679,117,145,274,good
3675,119,136,274,good
3682,119,130,250,good
3678,120,122,274,good
3657,106,108,268,good
3681,116,129,272,good
3677,116,128,279,good
3681,119,132,270,good
3678,117,133,267,good
3661,125,132,257,good
3707,118,135,257,good
3671,120,52,241,good
3699,114,113,252,good
3675,122,131,250,good
3678,128,133,243,good
3678,119,136,243,good
3657,139,135,239,good
3820,118,133,251,good
3681,116,109,241,good
3679,90,140,239,good
3673,116,132,237,good
3677,115,126,238,good
3682,114,136,284,good
3686,92,130,324,good
3678,112,130,279,good
3668,132,136,263,good
3704,117,120,270,good
3673,115,194,280,good
3677,99,161,270,good
3595,96,130,154,good
3678,119,151,281,good
3698,128,135,298,good
3668,117,132,287,good
3619,118,134,323,good
3678,110,137,298,good
3686,116,135,278,good
3685,126,134,303,good
3672,108,157,291,good
3683,114,129,301,good
3673,111,180,278,good
3680,101,144,270,good
3684,118,136,283,good
3680,119,133,288,good
3666,117,136,272,good
3789,116,136,269,good
3662,116,126,272,good
3685,109,136,272,good
3682,115,129,256,good
3675,106,125,260,good
3674,129,138,267,good
3681,118,132,278,good
3671,182,122,280,good
3668,135,134,285,good
3669,112,139,286,good
3689,136,125,285,good
3675,117,159,278,good
3693,91,132,266,good
3678,115,130,268,good
3670,107,147,286,good
3745,116,138,301,good
3680,115,132,313,good
3677,104,130,323,good
3668,117,137,306,good
3678,112,113,314,good
3782,116,138,284,good
3675,118,143,310,good
3655,128,124,304,good
3664,116,167,286,good
3688,117,119,299,good
3674,13,138,289,good
3679,122,130,281,good
3647,117,135,283,good
3680,114,134,274,good
3685,116,134,275,good
3665,113,133,264,good
3674,115,150,287,good
3676,115,148,270,good
3698,114,136,266,good
3676,112,136,256,good
3679,113,135,254,good
3656,108,148,249,good
3681,112,135,247,good
3679,265,137,244,good
3661,134,118,244,good
3676,238,132,285,good
3673,92,137,284,good
3693,112,136,274,good
3676,120,128,279,good
3681,125,136,271,good
3673,118,155,256,good
3678,117,140,279,good
3683,117,145,262,good
3666,170,132,272,good
3686,107,136,272,good
3650,114,136,247,good
3680,104,139,259,good
3679,128,124,256,good
3699,116,129,250,good
3665,112,136,246,good
3666,105,137,244,good
3673,140,140,243,good
3678,114,137,242,good
3677,118,145,242,good
3677,120,145,215,good
3682,232,137,233,good
3664,114,133,232,good
3688,110,201,246,good
3673,130,139,222,good
3680,115,134,219,good
3653,116,133,226,good
3653,113,133,199,good
3679,114,156,216,good
3681,114,144,213,good
3679,99,147,208,good
3664,112,136,204,good
3679,118,126,207,good
3665,116,138,198,good
3698,110,107,204,good
3683,115,137,202,good
3670,117,128,187,good
3680,104,139,174,good
3677,235,134,200,good
3675,118,159,200,good
3683,86,136,193,good
3662,119,134,176,good
3676,119,137,173,good
3719,115,132,176,good
3679,93,146,182,good
3673,114,133,205,good
3690,120,137,187,good
3678,116,133,180,good
3683,118,126,186,good
3638,138,129,177,good
3683,118,150,169,good
3705,109,116,181,good
3624,132,137,185,good
3678,112,129,186,good
3686,111,136,183,good
3672,84,138,183,good
3677,120,130,171,good
3692,109,136,170,good
3683,128,137,161,good
3682,83,135,192,good
3678,123,128,220,good
3685,130,129,197,good
3679,107,147,225,good
3676,152,125,221,good
3680,120,134,218,good
3689,115,130,221,good
3676,135,138,159,good
3707,110,115,222,good
3680,116,123,232,good
3690,118,109,230,good
3677,116,108,220,good
3682,120,136,208,good
3677,128,128,226,good
3660,124,95,221,good
3661,119,132,212,good
3650,120,133,213,good
3677,118,134,214,good
3667,130,125,185,good
3654,116,135,203,good
3679,115,121,209,good
3681,115,168,206,good
3677,113,133,225,good
3670,128,145,224,good
3675,120,136,285,good
3651,128,126,225,good
3686,102,135,219,good
3666,119,151,202,good
3664,106,148,197,good
3686,119,107,257,good
3690,112,137,257,good
3678,114,136,273,good
3672,133,138,272,good
3688,124,109,266,good
3679,127,136,257,good
3676,121,135,271,good
3695,121,134,263,good
3667,106,155,260,good
3693,100,152,257,good
3675,137,114,260,good
3691,99,140,256,good
3664,119,148,251,good
3670,117,160,246,good
3679,121,134,247,good
3677,102,150,242,good
3708,112,155,240,good
3676,117,134,237,good
3681,141,128,234,good
3642,118,136,269,good
3692,105,128,303,good
3656,118,137,273,good
3676,110,145,174,good
3690,90,130,342,good
3689,93,136,266,good
3697,121,0,257,good
3674,111,128,239,good
3701,131,136,249,good
3672,128,139,246,good
3679,119,140,256,good
3677,122,132,252,good
3676,119,134,239,good
3679,128,115,250,good
3673,119,131,243,good
3676,123,124,258,good
3690,110,136,253,good
3676,114,137,263,good
3675,120,135,283,good
3698,117,112,285,good
3695,116,121,304,good
3670,118,134,281,good
3684,118,143,304,good
3655,126,136,282,good
3681,109,138,278,good
3677,130,136,277,good
3679,109,143,270,good
3683,124,136,270,good
3782,120,135,269,good
3686,114,139,261,good
3677,124,160,246,good
3684,120,116,259,good
3679,136,139,244,good
3699,121,128,256,good
3659,130,134,258,good
3679,117,136,256,good
3678,120,137,254,good
3679,119,151,237,good
3678,120,143,244,good
3677,117,136,250,good
3638,120,136,232,good
3676,125,135,241,good
3691,115,134,223,good
3678,118,111,230,good
3678,100,162,222,good
3682,176,136,219,good
3669,114,143,202,good
3673,122,134,214,good
3662,116,134,207,good
3679,120,134,209,good
3678,125,136,195,good
3791,128,134,206,good
3664,119,137,212,good
3677,128,142,201,good
3674,93,136,199,good
3675,115,128,191,good
3681,119,135,194,good
3677,129,137,176,good
3676,123,117,190,good
3684,145,130,184,good
3681,92,146,152,good
3698,112,136,180,good
3681,118,128,181,good
3611,96,131,85,good
3677,123,128,176,good
3685,118,131,190,good
3680,119,134,180,good
3679,105,133,170,good
3670,117,134,174,good
3681,116,132,168,good
3650,118,146,166,good
3676,122,117,173,good
3676,120,148,174,good
3652,119,134,161,good
3689,113,135,163,good
3699,123,110,172,good
3686,7,134,160,good
3683,105,218,172,good
3681,109,133,221,good
3679,120,137,200,good
3681,107,132,199,good
3679,109,137,204,good
3677,112,131,201,good
3679,106,148,202,good
3681,111,133,199,good
3681,116,134,197,good
3675,114,120,202,good
3700,108,131,192,good
3678,108,138,165,good
3673,141,121,210,good
3693,101,152,194,good
3690,113,120,195,good
3685,116,134,179,good
3683,113,133,198,good
3675,113,127,188,good
3674,114,135,203,good
3681,94,138,179,good
3642,116,133,189,good
3678,85,145,187,good
3680,24,147,190,good
3678,110,103,185,good
3673,110,145,158,good
3681,116,134,192,good
3673,129,7,174,good
3687,98,144,174,good
3670,134,136,86,good
3698,118,133,164,good
3681,117,132,170,good
3677,117,139,172,good
3679,103,133,166,good
3693,118,129,167,good
3673,114,131,166,good
3689,115,134,192,good
3676,123,131,214,good
3681,115,132,222,good
3666,104,153,230,good
3664,115,129,236,good
3673,136,133,228,good
3685,104,131,221,good
3680,126,134,205,good
3691,90,147,213,good
3679,112,121,218,good
3675,104,131,224,good
3680,118,120,227,good
3653,119,136,201,good
3678,114,135,214,good
3677,118,131,200,good
3675,108,217,227,good
3682,124,122,205,good
3688,115,130,203,good
3682,109,133,234,good
3675,118,153,270,good
3711,115,113,289,good
3667,117,132,283,good
3677,108,128,295,good
3677,117,120,302,good
3677,114,131,294,good
3681,117,135,290,good
3674,115,148,299,good
3679,92,133,313,good
3677,101,131,302,good
3683,113,141,282,good
3686,132,124,310,good
3679,117,132,292,good
3680,108,129,286,good
3686,117,130,278,good
3665,117,130,320,good
3681,186,134,323,good
3683,123,136,335,good
3678,113,128,343,good
3679,106,131,368,good
3695,118,145,348,good
3671,85,134,357,good
3661,144,135,331,good
3675,116,157,352,good
3679,69,119,373,good
3683,0,114,346,good
3677,116,128,340,good
3646,115,120,348,good
3678,110,133,339,good
3686,134,125,350,good
3681,118,113,330,good
3682,114,136,328,good
3658,124,130,319,good
3684,115,133,325,good
3677,114,132,308,good
3680,116,131,309,good
3687,104,221,326,good
3680,104,131,343,good
3668,118,130,217,good
3681,140,130,295,good
3548,115,133,299,good
3662,121,138,285,good
3677,118,145,282,good
3677,118,108,275,good
3674,111,143,292,good
3677,122,135,275,good
3676,108,140,246,good
3685,115,101,266,good
3687,108,136,269,good
3702,117,135,257,good
3675,112,117,257,good
3675,103,158,237,good
3664,111,147,249,good
3679,89,127,249,good
3661,129,132,238,good
3680,104,153,222,good
3680,124,109,242,good
3696,102,119,244,good
3681,58,140,225,good
3680,123,138,224,good
3674,93,148,210,good
3678,113,128,219,good
3677,113,148,207,good
3676,116,136,212,good
3674,128,166,215,good
3671,126,137,189,good
3679,123,144,206,good
3676,117,137,210,good
3658,108,77,199,good
3668,114,145,201,good
3695,114,124,199,good
3671,109,135,181,good
3695,104,208,192,good
3673,114,133,175,good
3684,114,128,158,good
3589,116,132,161,good
3689,118,140,176,good
3666,110,147,179,good
3682,121,136,180,good
3674,121,106,182,good
3681,109,134,156,good
3677,116,113,190,good
3681,116,147,157,good
3675,102,141,183,good
3673,128,132,168,good
3681,95,134,168,good
3697,106,132,168,good
3680,118,137,165,good
3655,113,134,160,good
3682,115,134,166,good
3671,126,133,162,good
3678,112,138,166,good
3677,117,134,165,good
3675,113,132,164,good
3669,128,138,161,good
3686,114,129,157,good
3679,101,147,143,good
3729,118,135,171,good
3677,139,133,85,good
3685,116,128,153,good
3676,90,148,133,good
3678,115,138,150,good
3675,116,115,145,good
3679,135,137,139,good
3675,126,107,158,good
3677,113,133,149,good
3679,128,133,164,good
3665,123,140,198,good
3695,106,135,213,good
3757,110,112,199,good
3675,115,124,224,good
3682,206,132,218,good
3685,135,140,204,good
3681,120,133,221,good
3673,128,132,229,good
3668,108,142,223,good
3679,131,129,219,good
3675,108,145,244,good
3681,140,124,228,good
3676,117,137,219,good
3701,116,118,219,good
3679,115,132,214,good
3697,105,131,207,good
3664,114,134,240,good
3678,109,145,243,good
3665,128,135,251,good
3677,101,139,247,good
3682,105,133,256,good
3663,117,133,252,good
3685,105,142,251,good
3677,129,136,235,good
3657,110,141,267,good
3690,119,134,280,good
3677,113,153,294,good
3678,102,137,298,good
3667,113,132,272,good
3676,128,132,298,good
3679,115,117,297,good
3689,87,147,277,good
3684,95,128,351,good
3672,132,135,284,good
3681,185,134,289,good
3679,100,130,280,good
3680,117,134,279,good
3679,115,128,281,good
3678,116,123,279,good
3688,131,120,275,good
3678,107,144,269,good
3681,87,136,267,good
3679,115,148,263,good
3679,116,136,303,good
3625,116,136,316,good
3684,109,227,311,good
3677,117,146,301,good
3681,103,132,316,good
3772,129,115,324,good
3740,114,132,283,good
3678,88,157,293,good
3679,112,132,282,good
3681,115,132,280,good
3675,109,134,279,good
3678,115,136,283,good
3675,116,140,292,good
3658,111,136,268,good
3672,133,130,274,good
3678,93,132,264,good
3683,111,194,276,good
3677,119,151,254,good
3639,118,138,264,good
3678,121,93,258,good
3678,118,139,261,good
3670,125,137,247,good
3680,118,137,253,good
3662,103,141,238,good
3678,110,158,245,good
3679,115,132,247,good
3669,110,136,232,good
3676,93,151,227,good
3680,135,132,234,good
3678,116,141,230,good
3688,117,138,219,good
3651,112,163,198,good
3670,96,150,220,good
3674,118,165,216,good
3677,104,136,237,good
3679,118,145,214,good
3686,115,157,243,good
3657,114,137,250,good
3673,119,148,261,good
3680,114,141,260,good
3677,97,140,228,good
3649,105,155,257,good
3676,109,136,230,good
3684,119,137,136,good
3648,114,133,256,good
3687,106,167,256,good
3679,114,128,245,good
3681,122,163,245,good
3688,104,146,245,good
3678,117,150,220,good
3671,127,157,236,good
3676,117,138,216,good
3653,117,146,220,good
3694,116,134,223,good
3664,113,143,227,good
3685,130,133,221,good
3701,117,142,222,good
3695,111,230,228,good
3678,116,136,244,good
3691,117,52,261,good
3679,115,128,256,good
3687,143,132,253,good
3684,99,135,308,good
3677,114,136,259,good
3675,96,134,233,good
3681,202,135,262,good
3708,118,134,311,good
3665,101,163,257,good
3671,104,136,266,good
3676,115,119,252,good
3690,116,70,280,good
3678,114,118,320,good
3668,106,165,317,good
3683,107,145,320,good
3679,119,148,327,good
3669,93,138,338,good
3675,114,134,339,good
3675,108,141,323,good
3678,113,131,327,good
3667,124,135,331,good
3677,109,133,308,good
3684,107,131,290,good
3678,109,122,315,good
3671,115,252,288,good
3665,119,138,307,good
3677,114,133,294,good
3679,100,135,331,good
3679,117,134,284,good
3679,129,133,187,good
3677,117,130,281,good
3754,106,137,269,good
3681,113,132,295,good
3679,123,136,272,good
3677,118,138,270,good
3682,132,129,266,good
3672,102,166,260,good
3679,114,130,260,good
3676,129,140,246,good
3677,116,128,270,good
3678,136,130,259,good
3688,81,133,248,good
3671,128,135,256,good
3676,113,90,248,good
3678,119,137,239,good
3671,105,146,258,good
3682,121,134,252,good
3677,105,138,235,good
3673,93,132,227,good
3678,124,136,218,good
3677,116,134,226,good
3682,119,133,224,good
3675,115,150,217,good
3670,112,145,204,good
3698,114,128,217,good
3677,116,145,213,good
3658,111,207,221,good
3677,114,138,205,good
3673,181,135,210,good
3677,130,131,208,good
3679,117,120,206,good
3681,107,133,203,good
3677,119,152,192,good
3678,115,144,177,good
3675,139,130,197,good
3698,114,107,198,good
3683,116,143,194,good
3688,117,122,195,good
3680,261,135,191,good
3677,125,134,226,good
3640,117,156,234,good
3759,116,132,212,good
3676,94,160,237,good
3679,110,148,232,good
3675,116,121,252,good
3678,90,133,228,good
3671,114,135,224,good
3673,142,134,225,good
3676,112,135,222,good
3678,119,134,219,good
3700,118,131,216,good
3672,129,116,229,good
3665,136,119,223,good
3675,142,128,225,good
3676,118,129,215,good
3687,116,134,235,good
3691,133,135,288,good
3679,96,133,207,good
3674,107,147,190,good
3687,86,146,202,good
3678,108,139,200,good
3669,89,137,211,good
3700,126,134,196,good
3691,101,126,183,good
3679,112,125,193,good
3673,116,132,192,good
3658,117,134,185,good
3675,148,130,185,good
3668,124,0,183,good
3739,127,136,189,good
3672,151,131,169,good
3675,127,128,183,good
3678,128,133,182,good
3682,130,134,192,good
3679,130,134,185,good
3676,183,136,182,good
3676,125,132,175,good
3689,125,133,176,good
3679,124,133,169,good
3674,136,128,172,good
3661,118,76,164,good
3698,124,130,154,good
3671,116,141,160,good
3667,125,129,156,good
3671,110,137,152,good
3674,175,133,156,good
3675,125,132,148,good
3673,111,140,153,good
3664,134,122,140,good
3676,122,142,69,good
3677,232,133,155,good
3679,128,162,156,good
3682,141,132,138,good
3690,146,124,153,good
3685,121,126,153,good
3681,137,135,136,good
3679,121,154,154,good
3669,146,133,149,good
3679,95,141,152,good
3683,122,136,160,good
3686,137,132,156,good
3677,148,133,146,good
3679,136,160,145,good
3673,124,152,138,good
3693,140,113,198,good
3675,111,138,194,good
3688,119,187,222,good
3679,123,134,211,good
3618,126,119,214,good
3641,122,136,220,good
3685,114,133,213,good
3684,111,138,211,good
3678,120,146,231,good
3666,121,112,208,good
3679,116,146,204,good
3682,115,135,222,good
3677,120,162,204,good
3680,104,115,198,good
3672,131,162,199,good
3708,120,116,245,good
3682,135,139,232,good
3707,122,110,246,good
3680,110,121,248,good
3680,3,134,252,good
3675,247,128,250,good
3673,124,137,247,good
3727,119,132,259,good
3682,135,147,245,good
3688,120,137,236,good
3673,121,135,240,good
3678,91,132,263,good
3693,117,128,284,good
3679,126,80,282,good
3682,132,136,278,good
3658,113,84,281,good
3682,134,108,300,good
3679,120,133,282,good
3669,116,154,285,good
3693,146,128,268,good
3662,119,134,283,good
3684,120,150,312,good
3672,120,134,310,good
3743,119,134,321,good
3679,114,133,341,good
3697,124,103,317,good
3663,143,135,311,good
3687,108,137,307,good
3681,159,134,305,good
3676,115,218,289,good
3702,121,112,304,good
3679,118,129,296,good
3677,142,147,292,good
3679,92,137,291,good
3664,117,133,286,good
3678,119,125,287,good
3678,113,133,280,good
3642,118,133,285,good
3697,126,117,280,good
3678,119,134,272,good
3678,125,126,272,good
3691,120,56,276,good
3698,112,134,259,good
3682,118,134,239,good
3682,117,115,248,good
3681,114,160,289,good
3679,118,131,286,good
3678,116,144,286,good
3706,115,145,273,good
3687,139,130,270,good
3683,116,124,286,good
3693,117,126,290,good
3679,115,137,314,good
3676,118,151,317,good
3678,118,129,306,good
3681,106,132,341,good
3675,94,133,357,good
3673,119,135,393,good
3663,128,119,390,good
3661,114,194,378,good
3685,169,128,392,good
3694,118,5,413,good
3670,240,115,453,good
3702,116,124,453,good
3847,117,131,435,good
3671,114,134,462,good
3680,110,135,464,good
3671,103,148,469,good
3676,90,129,466,good
3684,119,50,482,good
3677,104,136,461,good
3680,117,123,464,good
3676,103,123,456,good
3706,118,125,464,good
3663,118,151,467,good
3679,120,132,446,good
3682,114,135,446,good
3644,128,131,430,good
3662,124,160,428,good
3662,125,143,420,good
3678,114,133,412,good
3672,130,120,394,good
3678,110,132,396,good
3681,130,135,389,good
3681,89,144,374,good
3677,115,132,378,good
3679,128,130,269,good
3671,107,148,350,good
3679,123,132,359,good
3683,100,158,354,good
3675,123,128,350,good
3708,123,137,361,good
3681,115,134,391,good
3669,122,133,365,good
3682,94,143,372,good
3678,103,131,360,good
3681,137,140,364,good
3677,116,131,359,good
3680,115,110,358,good
3680,210,130,346,good
3677,123,162,360,good
3676,123,128,354,good
3728,118,133,362,good
3677,91,129,268,good
3680,115,130,325,good
3669,116,145,296,good
3703,115,130,321,good
3682,115,129,318,good
3693,111,136,315,good
3674,119,137,302,good
3676,106,136,293,good
3680,118,134,302,good
3687,110,215,308,good
3676,128,133,292,good
3682,120,120,272,good
3629,123,114,280,good
3657,115,132,268,good
3701,116,126,296,good
3664,128,131,300,good
3693,117,124,328,good
3692,121,132,309,good
3675,115,133,320,good
3682,87,132,290,good
3679,113,136,307,good
3683,111,131,304,good
3684,97,153,302,good
3679,117,132,295,good
3702,118,124,302,good
3670,89,134,298,good
3682,118,110,284,good
3670,118,132,270,good
3677,113,129,276,good
3683,115,134,272,good
3689,115,116,268,good
3672,145,120,284,good
3678,113,133,275,good
3657,109,142,259,good
3645,113,130,262,good
3677,126,108,252,good
3646,88,128,182,good
3686,106,134,257,good
3688,109,146,222,good
3681,116,114,261,good
3684,147,128,232,good
3663,113,135,301,good
3679,118,136,299,good
3679,109,136,308,good
3681,118,131,317,good
3673,117,122,317,good
3679,105,134,316,good
3678,115,150,311,good
3677,92,132,304,good
3674,130,112,309,good
3678,119,132,301,good
3681,114,104,299,good
3678,115,132,292,good
3684,115,134,293,good
3670,115,262,282,good
3660,112,37,280,good
3669,117,144,280,good
3678,100,136,278,good
3654,117,135,288,good
3664,103,144,278,good
3850,116,134,282,good
3677,107,132,269,good
3694,118,132,264,good
3683,116,147,250,good
3678,109,144,163,good
3710,118,112,254,good
3661,96,132,214,good
3681,116,129,248,good
3676,102,135,247,good
3687,119,132,260,good
3661,123,133,225,good
3678,120,156,242,good
3676,128,137,240,good
3678,134,120,236,good
3678,120,120,236,good
3683,87,139,238,good
3683,122,187,237,good
3677,118,160,273,good
3680,130,117,282,good
3674,110,153,281,good
3677,116,136,287,good
3679,120,134,283,good
3681,117,132,273,good
3681,123,121,283,good
3681,108,130,281,good
3675,114,128,291,good
3678,103,133,316,good
3677,118,134,318,good
3675,124,143,322,good
3687,117,147,314,good
3685,32,125,324,good
3678,116,145,306,good
3686,117,108,324,good
3673,208,152,344,good
3677,108,136,381,good
3679,132,136,360,good
3673,109,136,369,good
3679,109,110,378,good
3679,117,139,376,good
3674,133,109,383,good
3657,109,206,375,good
3679,116,129,361,good
3676,113,116,365,good
3677,105,130,361,good
3688,110,210,376,good
3662,128,134,354,good
3679,187,132,348,good
3678,110,131,371,good
3676,137,133,338,good
3647,115,149,334,good
3678,119,134,330,good
3669,129,9,325,good
3677,112,136,358,good
3673,115,160,346,good
3660,119,92,384,good
3676,131,134,391,good
3671,116,131,375,good
3684,109,134,392,good
3677,122,123,456,good
3692,121,261,390,good
3665,123,112,398,good
3681,114,132,397,good
3690,100,132,374,good
3678,106,136,354,good
3696,128,108,368,good
3674,140,135,361,good
3690,122,108,361,good
3663,118,131,352,good
3696,120,137,331,good
3677,123,111,349,good
3678,117,139,343,good
3680,128,135,336,good
3678,123,133,360,good
3657,125,106,381,good
3669,121,123,360,good
3701,115,146,384,good
3662,129,140,367,good
3683,121,117,349,good
3682,118,50,360,good
3678,122,132,358,good
3670,108,130,374,good
3680,123,112,352,good
3710,130,118,344,good
3681,122,126,327,good
3677,118,145,330,good
3672,124,144,356,good
3668,118,133,340,good
3670,222,153,367,good
3678,125,164,369,good
3697,103,128,363,good
3701,119,136,400,good
3675,114,136,361,good
3681,148,99,361,good
3664,122,84,355,good
3679,135,128,426,good
3681,119,106,345,good
3679,120,148,387,good
3679,115,117,384,good
3677,129,123,383,good
3672,110,134,387,good
3677,106,140,377,good
3679,121,132,371,good
3678,124,134,370,good
3685,116,133,363,good
3671,205,151,359,good
3676,118,132,348,good
3673,137,116,352,good
3683,115,132,348,good
3678,122,132,345,good
3680,118,131,341,good
3690,122,123,348,good
3677,118,135,332,good
3680,116,130,324,good
3673,120,148,358,good
3676,130,132,358,good
3672,126,46,354,good
3641,117,131,350,good
3677,119,128,356,good
3685,125,128,342,good
3745,118,130,353,good
3677,43,128,334,good
3695,115,109,332,good
3676,102,131,361,good
3673,96,129,343,good
3688,120,128,336,good
3679,133,132,243,good
3681,122,131,339,good
3651,114,133,336,good
3671,91,128,397,good
3677,120,125,339,good
3677,118,134,340,good
3678,144,137,305,good
3664,83,145,303,good
3677,144,96,309,good
3675,117,217,290,good
3680,120,134,304,good
3678,126,133,292,good
3681,118,134,288,good
3676,121,121,289,good
3693,119,117,307,good
3684,120,133,278,good
3666,106,139,266,good
3692,149,134,264,good
3674,109,132,264,good
3678,118,119,280,good
3677,118,138,252,good
3678,132,145,256,good
3689,123,128,248,good
3664,112,136,252,good
3700,122,116,256,good
3683,119,132,246,good
3703,112,108,238,good
3674,111,214,239,good
3678,117,135,233,good
3673,119,140,228,good
3670,116,147,220,good
3669,121,107,209,good
3677,113,133,208,good
3690,113,196,234,good
3679,118,134,216,good
3822,119,136,228,good
3688,103,133,205,good
3679,120,122,194,good
3661,131,103,208,good
3684,207,132,200,good
3678,107,128,205,good
3679,108,132,196,good
3668,118,131,174,good
3686,92,151,185,good
3707,122,119,213,good
3700,118,119,229,good
3655,128,137,196,good
3678,121,110,201,good
3690,166,118,206,good
3697,118,107,198,good
3661,113,143,193,good
3665,117,136,186,good
3654,118,144,195,good
3681,122,138,188,good
3680,117,140,194,good
3684,110,134,185,good
3678,129,135,192,good
3658,110,143,183,good
3679,109,133,200,good
3678,125,138,184,good
3690,128,111,204,good
3682,116,116,181,good
3688,114,144,188,good
3678,117,132,178,good
3679,119,145,178,good
3719,118,138,182,good
3672,118,132,161,good
3688,108,135,172,good
3571,118,131,230,good
3678,121,153,220,good
3677,118,131,230,good
3678,88,130,240,good
3671,110,133,233,good
3667,114,141,259,good
3678,116,113,223,good
3652,123,133,222,good
3674,102,132,358,good
3679,110,133,381,good
3669,115,144,264,good
3682,172,134,254,good
3676,108,163,247,good
3708,114,128,256,good
3677,114,137,233,good
3648,125,122,262,good
3679,118,141,254,good
3693,116,134,275,good
3681,118,133,249,good
3676,114,140,180,good
3677,96,145,234,good
3679,128,137,238,good
3691,116,133,238,good
3700,114,134,249,good
3676,126,134,237,good
3678,122,132,224,good
3681,124,131,226,good
3616,121,124,229,good
3689,125,134,218,good
3702,123,103,221,good
3767,123,133,207,good
3683,126,133,208,good
3657,117,194,211,good
3668,125,142,206,good
3676,124,117,208,good
3648,124,122,210,good
3684,117,201,222,good
3679,128,155,182,good
3708,124,132,201,good
3699,117,136,196,good
3678,128,133,190,good
3701,123,233,195,good
3642,121,132,191,good
3684,114,135,196,good
3674,112,132,189,good
3677,119,109,192,good
3689,123,113,187,good
3678,115,130,205,good
3667,122,151,166,good
3691,108,132,174,good
3680,120,141,191,good
3675,129,146,177,good
3671,123,131,164,good
3678,124,134,174,good
3679,124,144,172,good
3674,126,45,157,good
3676,121,131,167,good
3678,124,134,162,good
3671,113,143,149,good
3693,148,132,170,good
3676,110,129,166,good
3684,120,110,170,good
3664,118,148,141,good
3815,120,130,139,good
3661,145,136,157,good
3675,130,111,167,good
3673,144,133,158,good
3676,118,150,154,good
3679,124,133,150,good
3678,119,132,158,good
3587,123,133,184,good
3678,124,140,171,good
3675,108,138,159,good
3678,125,139,172,good
3675,92,139,152,good
3680,128,137,176,good
3678,115,146,170,good
3663,118,110,164,good
3678,119,142,184,good
3693,112,144,203,good
3672,110,132,198,good
3675,117,155,195,good
3679,119,133,199,good
3682,128,133,207,good
3690,101,134,194,good
3675,109,134,184,good
3677,131,123,241,good
3626,122,137,192,good
3677,116,145,195,good
3666,120,149,181,good
3681,95,138,193,good
3681,126,134,195,good
3675,128,132,181,good
3694,115,60,199,good
3680,120,131,92,good
3679,109,145,180,good
3682,118,131,171,good
3691,120,148,195,good
3682,118,123,188,good
3669,101,134,162,good
3661,120,136,167,good
3676,133,126,175,good
3678,118,126,177,good
3688,116,129,187,good
3679,118,134,164,good
3674,105,136,197,good
3686,115,131,190,good
3682,120,132,215,good
3688,119,131,198,good
3677,117,130,202,good
3680,132,132,154,good
3677,118,134,206,good
3668,105,95,223,good
3680,103,132,203,good
3687,140,135,211,good
3686,138,125,208,good
3677,101,129,203,good
3670,129,148,192,good
3665,101,116,203,good
3662,124,133,192,good
3688,104,136,197,good
3689,28,129,198,good
3690,105,131,186,good
3735,120,133,245,good
3650,118,136,226,good
3666,119,134,222,good
3650,118,136,236,good
3659,116,134,230,good
3686,119,133,231,good
3673,91,133,245,good
3679,113,120,226,good
3686,116,139,233,good
3672,104,160,221,good
3678,117,131,222,good
3707,114,130,223,good
3674,122,118,225,good
3677,126,164,221,good
3677,145,94,217,good
3668,116,130,200,good
3677,120,106,222,good
3677,123,135,216,good
3678,120,36,211,good
3678,121,119,216,good
3657,119,137,208,good
3678,120,131,206,good
3677,105,137,189,good
3677,15,148,197,good
3675,118,135,189,good
3666,111,123,170,good
3679,118,141,188,good
3688,95,153,180,good
3688,97,132,188,good
3671,89,137,189,good
3675,97,132,184,good
3679,108,133,168,good
3700,128,136,196,good
3681,118,154,217,good
3676,120,144,225,good
3686,131,138,228,good
3676,113,148,234,good
3675,120,108,226,good
3697,121,141,227,good
3678,122,134,230,good
3716,122,133,223,good
3678,119,136,235,good
3648,126,135,226,good
3679,117,130,223,good
3677,130,113,244,good
3677,118,138,221,good
3680,120,130,216,good
3778,115,132,210,good
3669,116,129,202,good
3664,122,133,211,good
3707,118,140,208,good
3661,118,132,196,good
3699,116,22,199,good
3678,119,114,212,good
3678,142,134,199,good
3679,117,132,194,good
3662,126,132,181,good
3681,110,128,187,good
3680,120,140,188,good
3681,115,116,185,good
3678,117,144,197,good
3662,116,125,236,good
3681,114,119,272,good
3677,128,112,282,good
3681,105,135,278,good
3666,116,123,261,good
3688,128,108,304,good
3681,133,120,361,good
3680,115,129,289,good
3683,119,140,288,good
3692,112,145,277,good
3681,61,131,290,good
3671,112,129,264,good
3692,106,139,285,good
3679,107,133,283,good
3679,121,153,275,good
3677,118,133,295,good
3673,121,148,285,good
3681,118,105,288,good
3679,123,148,269,good
3696,134,99,274,good
3648,134,138,268,good
3665,147,133,264,good
3677,126,132,266,good
3685,121,152,251,good
3679,125,150,252,good
3680,146,123,254,good
3686,122,133,258,good
3676,116,132,250,good
3692,113,128,280,good
3680,104,133,244,good
3687,120,92,249,good
3551,124,137,237,good
3677,116,149,228,good
3688,131,126,239,good
3677,119,125,223,good
3682,100,128,190,good
3676,125,131,224,good
3669,116,67,208,good
3679,121,131,226,good
3681,121,123,215,good
3661,109,124,244,good
3680,102,131,206,good
3691,131,126,217,good
3672,144,134,202,good
3664,126,134,210,good
3649,113,197,247,good
3688,120,162,242,good
3678,149,133,247,good
3697,114,117,245,good
3674,246,129,248,good
3677,112,136,246,good
3661,130,151,250,good
3663,119,125,246,good
3687,134,129,271,good
3676,116,155,308,good
3677,120,157,292,good
3676,115,132,290,good
3656,123,128,293,good
3648,116,135,280,good
3684,128,132,293,good
3674,108,129,305,good
3684,116,130,286,good
3698,118,114,296,good
3678,119,133,294,good
3663,104,110,287,good
3677,120,134,280,good
3665,128,131,256,good
3680,118,131,270,good
3662,126,133,269,good
3683,118,245,268,good
3662,132,117,263,good
3693,151,144,276,good
3687,123,118,263,good
3653,114,150,248,good
3677,125,126,264,good
3672,151,88,241,good
3674,119,128,248,good
3678,126,125,234,good
3680,94,135,229,good
3687,124,130,251,good
3676,136,125,289,good
3682,124,134,275,good
3671,136,10,261,good
3677,116,130,271,good
3679,125,139,277,good
3688,119,197,294,good
3680,151,128,272,good
3683,120,131,271,good
3679,121,132,280,good
3679,129,163,262,good
3676,228,119,270,good
3682,128,145,237,good
3689,110,155,256,good
3678,120,133,251,good
3676,123,136,246,good
3679,111,133,248,good
3683,124,123,256,good
3674,96,140,246,good
3679,126,135,239,good
3679,110,137,213,good
3695,113,136,239,good
3677,114,136,233,good
3667,144,134,227,good
3675,120,164,227,good
3683,11,135,218,good
3678,105,134,218,good
3687,117,149,217,good
3658,156,136,213,good
3599,128,132,231,good
3680,133,139,210,good
3665,126,136,208,good
3615,139,134,198,good
3677,128,131,184,good
3683,126,134,212,good
3684,146,138,183,good
3687,123,48,197,good
3676,117,136,210,good
3684,125,140,184,good
3681,147,130,194,good
3679,125,124,189,good
3691,118,116,176,good
3561,124,133,194,good
3678,127,132,192,good
3682,126,136,176,good
3681,114,131,175,good
3667,136,108,160,good
3677,122,137,180,good
3662,137,134,171,good
3684,136,130,164,good
3683,129,135,178,good
3676,138,122,176,good
3679,137,126,169,good
3681,156,131,174,good
3679,137,146,170,good
3678,165,130,167,good
3659,125,96,167,good
3677,0,136,163,good
3673,127,131,151,good
3696,130,132,158,good
3679,143,122,211,good
3681,132,139,152,good
3678,133,127,160,good
3691,158,142,152,good
3680,133,130,164,good
3666,128,148,139,good
3679,136,138,157,good
3675,144,136,155,good
3656,144,128,152,good
3667,134,138,164,good
3683,122,134,146,good
3741,135,136,152,good
3678,132,140,146,good
3680,135,137,150,good
3676,135,147,150,good
3668,111,120,151,good
3652,139,123,145,good
3694,132,121,168,good
3678,76,138,144,good
3673,128,135,133,good
3691,144,115,151,good
3678,128,148,144,good
3712,128,128,146,good
3684,129,128,121,good
3674,143,153,148,good
3679,275,134,146,good
3681,117,150,145,good
3699,131,128,145,good
3677,128,166,144,good
3706,147,138,146,good
3681,130,136,145,good
3679,130,144,153,good
3685,114,147,128,good
3676,100,141,136,good
3669,126,126,145,good
3679,103,136,141,good
3666,129,124,169,good
3679,128,133,117,good
3679,129,139,162,good
3678,125,134,140,good
3679,128,148,163,good
3695,123,123,150,good
3683,128,134,137,good
3682,124,116,135,good
3663,125,132,120,good
3661,129,92,141,good
3684,198,149,143,good
3706,130,118,139,good
3683,121,126,141,good
3663,120,205,139,good
3679,124,112,135,good
3665,121,132,132,good
3678,121,132,132,good
3687,120,134,128,good
3582,126,132,154,good
3681,124,119,130,good
3682,118,134,129,good
3680,126,122,134,good
3681,84,134,134,good
3691,121,136,141,good
3671,203,150,140,good
3679,124,144,132,good
3666,126,128,129,good
3678,117,135,309,good
3680,123,130,182,good
3684,95,160,186,good
3682,121,135,188,good
3659,119,146,188,good
3673,122,133,180,good
3683,124,136,213,good
3663,121,135,190,good
3683,122,132,188,good
3701,122,131,188,good
3671,149,132,184,good
3676,123,128,181,good
3689,97,132,180,good
3668,128,143,151,good
3695,134,134,177,good
3687,129,132,179,good
3678,129,130,178,good
3680,120,132,168,good
3647,132,142,176,good
3673,128,129,185,good
3659,117,152,178,good
3698,122,113,177,good
3684,126,134,186,good
3679,128,0,172,good
3680,137,123,243,good
3689,152,150,183,good
3686,129,130,174,good
3675,102,137,203,good
3716,136,133,195,good
3683,111,133,225,good
3680,128,131,224,good
3682,117,133,203,good
3676,121,134,221,good
3692,85,134,224,good
3674,130,112,229,good
3675,108,128,237,good
3679,122,148,218,good
3678,132,133,222,good
3684,134,134,210,good
3677,116,126,223,good
3677,126,136,219,good
3689,113,142,220,good
3676,146,110,282,good
3688,122,132,252,good
3675,126,132,280,good
3709,124,133,275,good
3678,132,128,267,good
3699,128,125,272,good
3679,125,128,269,good
3690,126,117,290,good
3679,131,148,265,good
3691,125,105,263,good
3685,128,130,261,good
3676,138,134,256,good
3675,120,126,275,good
3680,115,131,274,good
3674,121,120,252,good
3694,102,145,233,good
3680,125,108,248,good
3676,124,132,237,good
3684,117,136,243,good
3676,150,94,232,good
3680,124,122,219,good
3678,125,136,226,good
3703,122,132,232,good
3675,153,131,224,good
3670,95,132,228,good
3677,146,133,213,good
3672,108,162,203,good
3682,114,133,215,good
3669,135,12,202,good
3689,144,136,224,good
3675,97,145,256,good
3679,225,136,246,good
3675,119,135,252,good
3697,131,124,231,good
3677,111,129,244,good
3679,114,136,245,good
3671,115,144,230,good
3676,118,124,230,good
3666,130,136,250,good
3656,130,133,221,good
3682,128,105,245,good
3681,137,136,224,good
3679,129,148,223,good
3662,131,202,230,good
3701,131,137,225,good
3564,114,136,179,good
3678,133,135,220,good
3678,131,123,247,good
3647,134,137,229,good
3680,126,135,224,good
3646,131,140,220,good
3663,124,136,202,good
3709,133,136,275,good
3697,125,2,254,good
3682,138,149,260,good
3684,198,134,261,good
3681,134,140,247,good
3683,120,119,245,good
3679,99,134,259,good
3679,116,133,269,good
3681,126,134,252,good
3681,126,134,261,good
3677,75,134,253,good
3677,116,152,247,good
3682,128,138,246,good
3683,120,133,253,good
3680,128,136,266,good
3596,119,134,252,good
3676,115,148,239,good
3689,125,155,238,good
3679,125,133,236,good
3679,120,101,246,good
3679,128,134,226,good
3684,122,136,244,good
3811,129,133,202,good
3678,129,136,221,good
3698,125,135,217,good
3670,118,145,230,good
3677,131,125,214,good
3654,128,136,207,good
3675,121,132,238,good
3675,29,154,201,good
3678,128,131,215,good
3681,135,137,187,good
3677,128,137,192,good
3698,123,16,189,good
3686,125,123,196,good
3684,120,135,193,good
3682,122,136,186,good
3687,122,129,183,good
3720,126,129,180,good
3677,118,131,179,good
3702,128,117,204,good
3675,130,132,141,good
3677,127,128,244,good
3685,142,132,246,good
3679,128,103,266,good
3705,129,124,265,good
3677,126,131,244,good
3664,140,126,272,good
3696,125,116,261,good
3699,129,142,249,good
3658,124,96,256,good
3677,122,128,248,good
3677,126,134,252,good
3746,124,133,256,good
3665,136,157,252,good
3689,119,134,269,good
3691,125,126,234,good
3667,124,149,226,good
3661,117,134,239,good
3681,128,128,218,good
3679,100,136,231,good
3675,128,162,222,good
3679,124,142,228,good
3659,135,136,222,good
3674,128,142,222,good
3678,126,134,242,good
3676,116,140,238,good
3674,122,121,266,good
3677,126,132,236,good
3662,107,110,241,good
3678,124,148,231,good
3674,104,124,258,good
3685,117,143,214,good
3675,106,142,220,good
3681,122,132,232,good
3681,118,148,224,good
3693,109,132,220,good
3658,117,132,223,good
3686,112,130,217,good
3681,127,132,220,good
3695,112,137,214,good
3681,124,133,212,good
3676,126,133,207,good
3663,189,147,212,good
3664,114,132,202,good
3681,123,124,215,good
3679,188,151,202,good
3679,117,145,194,good
3681,123,136,194,good
3680,118,150,196,good
3679,126,113,207,good
3685,141,131,235,good
3678,110,128,274,good
3666,120,174,280,good
3681,114,132,300,good
3691,100,128,281,good
3679,0,132,284,good
3687,89,133,284,good
3777,121,130,293,good
3676,121,106,304,good
3683,114,222,309,good
3678,119,137,296,good
3761,142,133,354,good
3701,112,131,304,good
3690,123,115,299,good
3663,125,132,296,good
3679,121,138,297,good
3679,126,132,277,good
3682,114,133,308,good
3674,120,130,261,good
3680,120,133,283,good
3673,124,133,291,good
3666,133,137,324,good
3672,116,105,340,good
3667,120,125,324,good
3682,125,130,337,good
3652,130,136,435,good
3670,119,128,350,good
3662,129,134,324,good
3673,113,135,374,good
3667,119,148,368,good
3689,112,145,353,good
3675,119,134,381,good
3681,113,133,381,good
3674,98,130,270,good
3677,115,124,370,good
3685,121,139,362,good
3688,118,130,408,good
3678,122,129,416,good
3684,104,129,420,good
3679,126,158,433,good
3692,132,133,419,good
3681,119,132,417,good
3682,91,141,423,good
3677,109,129,406,good
3662,119,146,425,good
3696,107,136,413,good
3677,121,130,408,good
3681,114,177,387,good
3675,119,134,384,good
3675,119,152,358,good
3676,117,147,418,good
3686,108,144,417,good
3666,100,129,440,good
3678,116,149,454,good
3675,246,130,452,good
3671,108,141,454,good
3683,102,136,451,good
3679,118,142,445,good
3693,117,47,460,good
3687,116,126,448,good
3691,116,136,446,good
3675,116,128,439,good
3569,121,135,433,good
3698,128,134,432,good
3674,121,133,409,good
3695,116,133,426,good
3669,131,132,427,good
3684,120,132,438,good
3757,136,136,429,good
3682,94,134,408,good
3679,121,119,403,good
3673,121,132,378,good
3674,132,134,385,good
3664,125,117,384,good
3677,116,131,372,good
3672,122,132,351,good
3655,124,122,367,good
3670,134,108,360,good
3667,151,134,353,good
3678,120,106,358,good
3563,124,132,338,good
3677,194,132,340,good
3679,148,134,331,good
3679,114,131,323,good
3680,124,118,313,good
3671,112,137,316,good
3680,150,122,320,good
3681,99,130,403,good
3671,121,133,299,good
3665,122,145,270,good
3676,134,160,290,good
3679,128,126,374,good
3698,98,132,286,good
3682,121,109,279,good
3648,115,134,289,good
3679,114,144,273,good
3675,123,135,261,good
3681,126,131,262,good
3574,127,137,252,good
3677,123,130,257,good
3677,124,124,254,good
3670,125,134,241,good
3675,162,134,244,good
3678,120,125,254,good
3693,121,133,242,good
3686,119,128,215,good
3672,115,207,248,good
3678,123,126,222,good
3678,55,152,224,good
3681,122,147,218,good
3683,115,133,234,good
3703,111,128,221,good
3701,121,132,244,good
3679,112,136,217,good
3679,119,132,218,good
3675,121,139,237,good
3679,123,112,234,good
3681,94,139,231,good
3677,116,130,218,good
3671,117,128,199,good
3708,118,120,247,good
3657,106,153,243,good
3679,106,128,258,good
3673,140,116,263,good
3680,116,143,264,good
3699,118,125,268,good
3645,116,130,267,good
3679,114,132,236,good
3676,120,130,259,good
3673,116,129,236,good
3674,119,132,345,good
3679,111,144,249,good
3675,149,133,254,good
3672,128,132,249,good
3682,123,60,266,good
3667,122,151,252,good
3695,121,130,239,good
3660,117,188,240,good
3677,117,136,226,good
3675,122,129,228,good
3678,115,134,215,good
3688,112,134,227,good
3661,113,196,227,good
3649,118,134,224,good
3677,114,149,222,good
3678,117,120,223,good
3671,117,132,201,good
3679,110,130,340,good
3674,138,134,124,good
3665,109,141,208,good
3678,119,119,213,good
3658,128,137,310,good
3665,120,136,201,good
3671,131,121,187,good
3741,119,132,190,good
3830,120,132,183,good
3682,19,136,176,good
3678,118,131,187,good
3669,115,138,179,good
3681,116,141,183,good
3683,115,131,156,good
3678,118,119,182,good
3671,115,118,168,good
3665,85,145,170,good
3677,128,135,51,good
3619,125,138,236,good
3679,108,141,175,good
3665,116,138,163,good
3692,120,167,170,good
3660,120,132,163,good
3679,94,134,163,good
3679,118,125,157,good
3674,93,143,170,good
3678,120,119,171,good
3651,117,135,137,good
3675,110,146,146,good
3638,118,128,128,good
3706,115,139,150,good
3661,115,20,145,good
3691,117,109,161,good
3684,144,128,144,good
3669,120,131,133,good
3690,99,144,161,good
3699,122,129,142,good
3673,120,135,150,good
3687,122,134,148,good
3679,123,133,140,good
3647,126,146,139,good
3667,124,133,130,good
3690,114,32,134,good
3677,131,132,143,good
3678,122,138,135,good
3721,110,130,139,good
3621,119,128,191,good
3691,129,208,204,good
3678,122,137,207,good
3681,123,132,212,good
3653,125,135,207,good
3676,132,130,203,good
3671,141,130,195,good
3675,121,137,222,good
3677,119,130,191,good
3678,108,144,216,good
3674,142,111,222,good
3674,138,136,116,good
3679,133,135,265,good
3675,124,145,197,good
3675,120,131,207,good
3677,121,136,249,good
3563,120,125,269,good
3666,126,134,238,good
3657,111,132,259,good
3681,117,133,263,good
3670,107,176,280,good
3682,117,135,321,good
3679,121,137,337,good
3681,122,130,340,good
3665,120,149,338,good
3652,122,132,342,good
3690,150,130,350,good
3688,123,249,388,good
3690,126,132,388,good
3673,115,136,402,good
3684,121,135,398,good
3677,98,135,393,good
3659,118,132,406,good
3678,123,123,400,good
3675,131,159,417,good
3681,116,132,390,good
3674,121,161,418,good
3684,87,134,420,good
3666,114,148,412,good
3697,99,141,426,good
3682,119,122,423,good
3565,106,135,429,good
3677,140,124,425,good
3668,121,162,415,good
3680,114,134,408,good
3690,116,128,400,good
3677,104,129,394,good
3678,127,126,394,good
3691,117,125,376,good
3668,120,133,381,good
3669,95,126,370,good
3679,119,130,365,good
3671,107,133,354,good
3681,103,148,392,good
3675,109,128,438,good
3691,116,54,432,good
3672,122,128,435,good
3677,112,136,468,good
3696,123,133,471,good
3680,113,151,470,good
3679,76,145,483,good
3675,198,133,479,good
3678,123,145,478,good
3695,117,136,480,good
3677,118,138,471,good
3676,116,135,476,good
3720,124,136,456,good
3687,0,123,462,good
3680,116,126,456,good
3693,117,50,445,good
3661,136,87,438,good
3682,119,132,430,good
3690,131,114,462,good
3678,116,132,454,good
3673,93,128,472,good
3679,122,132,449,good
3676,116,134,448,good
3674,211,110,509,good
3684,108,134,546,good
3685,140,143,520,good
3652,113,157,530,good
3688,145,146,539,good
3680,93,133,528,good
3682,118,142,536,good
3675,123,133,521,good
3679,32,134,514,good
3653,111,101,520,good
3681,112,133,493,good
3674,85,138,530,good
3677,112,137,536,good
3689,109,120,513,good
3656,112,135,534,good
3678,108,123,544,good
3675,118,141,505,good
3679,128,116,509,good
3676,114,130,497,good
3677,100,131,500,good
3676,112,134,486,good
3671,119,131,481,good
3675,119,135,480,good
3675,121,131,463,good
3684,114,136,489,good
3672,114,131,450,good
3660,112,97,448,good
3679,116,121,449,good
3680,142,128,449,good
3675,84,132,479,good
3650,115,131,455,good
3679,96,149,459,good
3679,121,143,466,good
3681,133,125,459,good
3678,118,124,449,good
3681,112,138,446,good
3686,126,130,435,good
3679,123,144,436,good
3691,104,138,431,good
3680,121,137,418,good
3626,109,135,410,good
3674,125,134,413,good
3695,97,148,397,good
3691,126,141,371,good
3669,111,157,371,good
3699,113,136,387,good
3675,118,128,356,good
3690,100,142,382,good
3554,117,134,340,good
3671,114,136,348,good
3680,115,134,354,good
3678,116,162,346,good
3673,115,129,330,good
3679,118,151,332,good
3678,117,134,323,good
3685,118,135,316,good
3673,118,139,336,good
3678,86,129,309,good
3664,104,145,311,good
3676,112,117,304,good
3673,141,98,297,good
3701,122,137,315,good
3657,119,137,283,good
3676,118,144,280,good
3680,117,139,261,good
3799,115,134,262,good
3682,110,134,274,good
3679,117,139,259,good
3679,93,165,260,good
3639,119,135,263,good
3680,118,136,272,good
3694,118,128,248,good
3678,105,132,244,good
3695,107,148,248,good
3665,116,194,270,good
3681,138,128,281,good
3665,104,134,284,good
3682,117,134,295,good
3655,128,128,292,good
3693,117,134,287,good
3673,117,145,309,good
3679,116,131,277,good
3681,88,140,280,good
3678,116,128,277,good
3697,116,134,279,good
3685,120,124,293,good
3682,0,135,266,good
3677,122,138,263,good
3701,112,135,262,good
3681,119,117,250,good
3677,117,253,262,good
3679,113,133,295,good
3660,118,138,302,good
3684,114,123,319,good
3678,111,116,306,good
3681,104,133,300,good
3677,98,137,312,good
3679,102,144,297,good
3664,105,144,299,good
3664,116,134,289,good
3588,115,132,292,good
3679,107,152,284,good
3679,208,120,287,good
3673,219,131,280,good
3682,106,128,274,good
3693,107,144,274,good
3686,118,158,252,good
3693,118,134,279,good
3680,118,107,280,good
3705,110,141,348,good
3672,128,135,359,good
3706,118,128,367,good
3676,118,134,371,good
3675,109,142,291,good
3666,113,179,385,good
3674,117,138,375,good
3693,115,110,371,good
3678,92,161,375,good
3679,114,146,379,good
3669,105,133,367,good
3666,119,134,272,good
3677,112,133,358,good
3670,115,142,355,good
3688,138,136,340,good
3680,118,146,349,good
3682,119,139,364,good
3676,115,116,345,good
3685,93,150,320,good
3660,131,116,386,good
3680,117,149,379,good
3675,220,109,378,good
3685,93,132,423,good
3685,114,132,381,good
3680,116,124,366,good
3675,128,122,375,good
3675,137,115,411,good
3680,117,118,406,good
3684,113,144,398,good
3675,96,133,397,good
3669,97,133,415,good
3702,161,112,402,good
3682,116,136,392,good
3650,110,145,388,good
3675,118,135,374,good
3684,115,33,419,good
3679,115,130,417,good
3690,117,132,421,good
3655,113,153,413,good
3689,134,134,412,good
3678,113,115,413,good
3681,114,132,403,good
3658,110,145,381,good
3657,106,158,395,good
3688,84,138,393,good
3677,123,158,403,good
3677,103,131,379,good
3698,118,265,372,good
3678,128,134,353,good
3648,114,117,369,good
3677,114,134,356,good
3546,119,133,338,good
3683,109,132,335,good
3675,116,133,372,good
3676,117,133,373,good
3692,103,132,377,good
3676,119,145,364,good
3673,116,136,358,good
3684,139,135,354,good
3669,117,148,414,good
3698,97,131,411,good
3681,115,132,406,good
3683,119,138,404,good
3672,118,132,376,good
3845,118,136,409,good
3679,95,132,391,good
3677,121,161,385,good
3679,112,110,378,good
3673,118,160,381,good
3695,111,38,374,good
3701,112,108,376,good
3684,143,130,374,good
3678,128,135,348,good
3702,117,129,356,good
3675,125,116,368,good
3681,115,135,347,good
3680,22,151,335,good
3679,115,136,326,good
3707,116,116,331,good
3692,112,117,349,good
3707,118,124,351,good
3678,226,134,341,good
3662,118,135,352,good
3679,118,133,335,good
3677,110,136,332,good
3693,128,135,322,good
3658,118,133,346,good
3675,116,125,371,good
3679,70,153,369,good
3688,117,133,358,good
3671,146,132,361,good
3677,118,125,366,good
3687,130,120,379,good
3678,116,132,352,good
3680,115,108,368,good
3680,185,134,344,good
3711,114,132,363,good
3663,123,130,368,good
3678,113,120,367,good
3675,108,140,278,good
3680,117,161,364,good
3681,116,132,356,good
3701,126,140,366,good
3756,118,132,323,good
3650,123,135,345,good
3671,104,128,339,good
3678,135,132,381,good
3624,118,132,383,good
3549,116,137,384,good
3689,129,130,380,good
3712,119,137,380,good
3680,124,128,354,good
3680,116,131,370,good
3679,116,124,366,good
3690,101,128,355,good
3680,144,137,355,good
3678,102,149,342,good
3693,91,147,342,good
3646,114,135,324,good
3694,117,263,334,good
3677,115,121,334,good
3681,93,160,324,good
3674,136,124,315,good
3679,116,139,333,good
3675,118,132,368,good
3670,116,133,346,good
3685,93,128,290,good
3677,117,136,370,good
3675,122,128,349,good
3688,116,134,344,good
3686,105,128,418,good
3663,113,84,337,good
3679,124,132,339,good
3664,132,128,343,good
3681,91,157,341,good
3693,88,154,343,good
3677,118,134,337,good
3676,101,142,332,good
3677,267,133,336,good
3677,117,131,323,good
3691,117,136,343,good
3677,116,132,317,good
3646,112,153,296,good
3677,116,140,306,good
3677,105,136,292,good
3674,124,139,290,good
3687,116,135,290,good
3651,101,133,261,good
3680,115,195,288,good
3676,238,137,290,good
3655,131,132,280,good
3681,114,123,299,good
3668,90,130,271,good
3680,117,133,266,good
3677,135,135,262,good
3669,108,132,259,good
3699,126,138,270,good
3677,90,133,253,good
3691,118,134,262,good
3677,101,130,266,good
3617,119,133,250,good
3663,145,131,226,good
3675,114,130,233,good
3657,135,145,235,good
3678,180,135,261,good
3689,118,134,277,good
3683,140,128,273,good
3679,119,131,257,good
3659,121,130,283,good
3682,114,134,284,good
3679,115,132,278,good
3686,101,129,273,good
3683,114,120,285,good
3683,110,132,268,good
3694,126,134,262,good
3664,126,120,256,good
3682,97,131,318,good
3677,118,133,249,good
3663,115,138,251,good
3676,112,105,248,good
3682,116,133,243,good
3662,116,131,238,good
3680,121,126,242,good
3679,103,131,259,good
3676,119,119,225,good
3663,97,136,249,good
3691,112,132,229,good
3648,102,136,221,good
3685,114,134,221,good
3666,117,134,208,good
3696,110,133,216,good
3680,184,134,214,good
3697,126,130,222,good
3678,117,128,219,good
3681,117,138,191,good
3676,161,128,204,good
3680,128,137,200,good
3678,116,137,202,good
3681,122,140,200,good
3679,114,133,193,good
3682,114,133,200,good
3677,128,129,200,good
3695,145,125,189,good
3679,94,136,183,good
3690,104,130,173,good
3679,90,129,177,good
3677,104,141,181,good
3546,117,134,157,good
3690,107,133,308,good
3678,118,128,228,good
3677,116,134,228,good
3684,135,134,224,good
3679,119,150,208,good
3677,120,130,230,good
3568,120,134,251,good
3687,117,131,224,good
3674,119,173,224,good
3670,118,132,220,good
3677,126,101,231,good
3676,119,134,210,good
3687,121,131,214,good
3675,104,139,211,good
3690,98,133,209,good
3676,187,133,205,good
3676,118,153,206,good
3681,118,158,203,good
3544,117,133,188,good
3667,108,132,207,good
3678,119,133,200,good
3680,108,133,201,good
3672,109,132,207,good
3703,117,132,192,good
3677,118,114,195,good
3673,104,144,226,good
3681,118,119,246,good
3657,112,76,240,good
3680,105,126,258,good
3684,176,116,286,good
3677,113,153,281,good
3675,124,141,285,good
3672,120,133,282,good
3683,116,134,286,good
3673,138,139,288,good
3683,94,148,285,good
3658,112,146,285,good
3689,118,136,284,good
3678,140,144,292,good
3668,131,137,332,good
3845,120,143,323,good
3694,112,150,319,good
3661,111,139,325,good
3671,119,101,329,good
3756,118,138,353,good
3678,129,142,306,good
3664,114,153,307,good
3689,114,138,317,good
3684,114,139,336,good
3679,115,140,322,good
3668,115,144,292,good
3661,114,134,316,good
3645,115,144,310,good
3693,119,120,308,good
3677,125,138,297,good
3681,89,139,296,good
3679,118,121,297,good
3678,130,140,286,good
3690,156,132,288,good
3649,109,154,264,good
3681,109,139,275,good
3679,120,128,269,good
3701,104,151,278,good
3685,113,128,276,good
3684,114,146,310,good
3664,109,149,316,good
3675,102,137,312,good
3693,108,138,325,good
3678,115,144,335,good
3676,117,146,316,good
3720,106,140,298,good
3677,115,135,310,good
3682,106,136,355,good
3671,91,142,330,good
3673,119,136,375,good
3565,116,135,358,good
3676,120,139,385,good
3636,101,128,358,good
3678,119,139,387,good
3675,136,113,400,good
3677,116,162,390,good
3688,100,144,384,good
3679,61,135,381,good
3688,114,152,375,good
3675,115,136,371,good
3680,111,142,412,good
3677,113,147,414,good
3679,90,138,416,good
3677,117,132,412,good
3679,126,139,418,good
3675,125,144,416,good
3672,118,152,399,good
3670,108,141,412,good
3674,126,140,414,good
3829,120,135,389,good
3670,112,118,407,good
3682,109,137,387,good
3697,115,134,413,good
3679,104,126,418,good
3677,110,125,435,good
3680,115,136,416,good
3721,117,137,410,good
3664,119,136,318,good
3677,117,139,416,good
3676,110,130,406,good
3674,11,154,386,good
3684,115,138,384,good
3668,114,107,379,good
3657,126,137,376,good
3658,139,139,376,good
3678,116,157,375,good
3677,109,135,367,good
3660,113,137,396,good
3677,108,132,404,good
3672,120,134,371,good
3683,0,136,390,good
3676,116,141,381,good
3707,110,128,392,good
3680,116,130,388,good
3678,36,159,379,good
3609,144,128,374,good
3675,130,152,368,good
3693,126,147,368,good
3678,125,124,380,good
3667,98,137,360,good
3677,126,143,355,good
3673,118,136,494,good
3689,128,138,346,good
3682,128,132,354,good
3677,125,134,343,good
3673,137,137,326,good
3707,151,128,348,good
3691,121,123,330,good
3691,119,134,315,good
3671,180,148,327,good
3678,96,134,314,good
3707,118,154,306,good
3680,116,136,300,good
3678,134,152,302,good
3707,123,126,296,good
3679,126,126,286,good
3699,118,17,278,good
3666,120,136,285,good
3681,151,125,283,good
3676,123,167,271,good
3686,139,133,272,good
3689,118,134,237,good
3691,121,133,254,good
3671,133,129,233,good
3681,112,134,297,good
3673,124,102,304,good
3672,109,145,288,good
3677,126,137,306,good
3662,137,135,326,good
3707,120,133,337,good
3677,116,100,346,good
3679,112,138,333,good
3663,123,136,342,good
3679,117,132,337,good
3689,119,138,353,good
3674,111,147,334,good
3707,119,134,358,good
3674,192,138,336,good
3700,122,134,358,good
3669,119,208,374,good
3679,112,132,360,good
3682,92,136,365,good
3672,117,133,346,good
3695,131,135,314,good
3671,117,132,346,good
3680,119,147,340,good
3701,118,132,338,good
3683,114,134,362,good
3668,124,121,334,good
3676,135,119,320,good
3690,118,122,327,good
3680,108,137,297,good
3689,123,110,313,good
3677,119,126,304,good
3680,133,137,302,good
3677,118,145,280,good
3685,114,134,256,good
3677,122,130,288,good
3680,120,131,295,good
3678,122,129,298,good
3680,121,142,315,good
3676,119,137,297,good
3677,116,133,284,good
3679,115,141,296,good
3845,119,133,272,good
3668,106,130,290,good
3715,131,114,298,good
3662,117,133,265,good
3700,113,116,267,good
3673,118,132,263,good
3672,87,154,258,good
3678,126,134,265,good
3676,122,135,243,good
3695,105,128,249,good
3668,123,135,237,good
3675,118,135,243,good
3676,118,145,238,good
3649,115,144,219,good
3671,116,133,253,good
3670,113,147,210,good
3675,136,112,235,good
3683,119,134,226,good
3709,116,112,247,good
3655,117,134,269,good
3689,130,109,278,good
3677,117,133,256,good
3689,117,128,249,good
3676,141,148,268,good
3683,128,136,265,good
3680,117,136,269,good
3673,142,132,262,good
3678,120,134,258,good
3658,112,134,253,good
3674,119,148,252,good
3688,144,129,246,good
3689,96,135,246,good
3675,115,112,259,good
3678,118,150,230,good
3679,116,128,294,good
3682,112,136,315,good
3677,118,142,345,good
3695,113,113,329,good
3659,116,144,333,good
3670,134,134,245,good
3676,123,144,318,good
3685,109,133,336,good
3700,124,221,341,good
3677,125,133,384,good
3670,115,174,388,good
3658,114,33,386,good
3661,123,134,393,good
3711,119,134,401,good
3680,114,134,394,good
3680,115,132,393,good
3684,115,131,408,good
3649,113,148,412,good
3677,100,132,425,good
3677,106,130,413,good
3687,116,135,423,good
3679,121,130,430,good
3678,118,134,424,good
3679,116,128,417,good
3655,111,140,400,good
3679,114,125,411,good
3651,118,139,449,good
3683,93,152,443,good
3678,120,140,442,good
3676,119,124,446,good
3681,114,129,431,good
3672,94,132,442,good
3679,114,119,444,good
3673,128,156,418,good
3679,113,131,417,good
3663,114,135,421,good
3677,102,144,412,good
3668,114,125,403,good
3665,115,133,379,good
3613,110,132,403,good
3677,115,139,402,good
3675,90,128,380,good
3679,117,135,367,good
3671,110,144,377,good
3678,118,150,361,good
3674,112,148,402,good
3651,91,129,340,good
3678,126,134,392,good
3674,121,92,379,good
3671,115,14,390,good
3677,92,129,489,good
3678,126,132,383,good
3685,110,143,380,good
3701,122,109,381,good
3675,119,161,372,good
3675,117,136,370,good
3694,114,131,356,good
3679,119,117,379,good
3674,128,110,363,good
3689,88,137,341,good
3661,124,128,343,good
3665,103,131,353,good
3679,114,134,380,good
3662,97,157,340,good
3682,115,138,398,good
3679,112,135,377,good
3679,115,128,352,good
3594,128,137,372,good
3680,86,132,372,good
3679,114,125,373,good
3691,116,136,360,good
3680,116,128,365,good
3667,115,265,361,good
3676,106,134,346,good
3676,110,132,340,good
3682,114,137,333,good
3687,115,130,332,good
3677,110,151,332,good
3677,141,138,321,good
3659,128,135,316,good
3673,118,134,312,good
3673,123,128,308,good
3829,118,129,310,good
3665,110,178,313,good
3654,112,156,292,good
3686,115,132,289,good
3681,114,133,278,good
3678,115,107,286,good
3666,123,128,260,good
3677,0,135,274,good
3678,101,110,268,good
3698,106,136,264,good
3677,133,132,259,good
3680,117,146,259,good
3638,103,134,228,good
3649,116,131,246,good
3675,75,132,242,good
3680,116,137,231,good
3664,120,138,235,good
3680,114,116,226,good
3678,135,126,228,good
3692,117,133,224,good
3680,117,133,221,good
3679,91,162,223,good
3675,125,146,207,good
3648,118,142,200,good
3661,112,89,212,good
3689,111,118,201,good
3682,136,132,203,good
3682,114,134,203,good
3696,104,133,199,good
3681,108,141,197,good
3667,107,139,195,good
3759,117,132,188,good
3680,130,122,234,good
3698,113,236,313,good
3679,90,135,322,good
3681,119,136,319,good
3679,101,129,324,good
3697,116,126,339,good
3674,123,125,338,good
3691,115,49,332,good
3665,130,133,333,good
3677,115,142,343,good
3679,114,130,342,good
3678,117,162,340,good
3700,109,135,335,good
3774,116,132,314,good
3679,124,131,308,good
3667,114,146,300,good
3689,107,132,313,good
3677,114,129,346,good
3701,117,134,348,good
3685,124,135,366,good
3669,119,153,350,good
3678,111,113,350,good
3673,142,139,323,good
3680,116,132,343,good
3680,129,121,430,good
3686,113,132,331,good
3674,110,103,328,good
3678,115,134,326,good
3687,105,134,344,good
3677,109,132,324,good
3685,104,135,336,good
3676,93,137,299,good
3541,114,133,310,good
3677,115,128,362,good
3673,94,162,292,good
3657,114,131,298,good
3645,114,122,333,good
3656,112,131,326,good
3680,117,142,344,good
3679,120,102,339,good
3677,132,123,325,good
3687,116,133,224,good
3689,114,129,330,good
3698,108,104,323,good
3683,90,131,317,good
3679,118,146,308,good
3679,116,129,310,good
3682,118,126,308,good
3767,138,123,354,good
3683,215,132,298,good
3670,96,129,265,good
3684,226,133,288,good
3677,107,117,291,good
3693,110,120,283,good
3677,128,133,266,good
3678,117,115,277,good
3674,148,130,276,good
3672,112,131,268,good
3678,120,126,265,good
3669,126,160,266,good
3680,115,111,259,good
3679,128,132,231,good
3679,101,138,257,good
3675,117,128,229,good
3686,86,138,246,good
3679,116,132,242,good
3678,128,134,238,good
3679,120,136,233,good
3670,113,133,216,good
3682,126,177,213,good
3688,117,130,218,good
3671,118,146,221,good
3806,108,145,224,good
3680,119,130,214,good
3689,114,107,228,good
3678,116,131,217,good
3685,118,26,222,good
3658,116,131,210,good
3681,115,135,205,good
3687,125,108,222,good
3686,194,131,207,good
3689,114,132,208,good
3576,115,127,207,good
3680,114,148,200,good
3679,182,133,204,good
3679,102,141,211,good
3685,137,168,187,good
3693,119,132,190,good
3675,125,105,272,good
3745,95,130,274,good
3685,123,34,289,good
3663,143,131,276,good
3664,123,134,286,good
3662,128,113,290,good
3682,115,132,288,good
3677,126,122,293,good
3661,128,131,288,good
3684,120,69,303,good
3677,121,128,289,good
3682,126,134,299,good
3673,133,146,272,good
3658,126,135,279,good
3657,122,145,278,good
3680,95,130,290,good
3679,122,132,268,good
3664,113,147,291,good
3678,120,119,324,good
3677,125,86,311,good
3689,112,134,313,good
3672,134,132,306,good
3680,95,138,306,good
3664,117,132,294,good
3681,145,134,287,good
3678,114,103,296,good
3653,111,132,298,good
3626,103,132,291,good
3679,119,132,261,good
3705,138,132,296,good
3677,71,131,274,good
3671,124,91,272,good
3677,122,118,273,good
3677,122,130,256,good
3707,119,109,263,good
3679,119,126,270,good
3690,110,231,304,good
3683,118,124,288,good
3677,123,133,301,good
3681,120,119,308,good
3677,120,190,294,good
3690,112,112,301,good
3679,114,132,270,good
3684,122,130,182,good
3682,117,128,285,good
3678,121,132,284,good
3678,0,132,277,good
3677,85,124,297,good
3670,119,117,280,good
3667,110,135,249,good
3674,117,124,270,good
3680,118,151,247,good
3667,113,134,277,good
3685,5,134,253,good
3667,119,149,259,good
3678,95,132,246,good
3554,121,129,246,good
3676,117,125,259,good
3679,129,110,262,good
3678,109,117,242,good
3673,118,124,230,good
3673,123,132,224,good
3708,110,150,232,good
3675,118,165,238,good
3669,96,132,231,good
3805,117,133,215,good
3673,114,107,225,good
3677,117,136,232,good
3690,117,132,221,good
3676,117,132,209,good
3689,106,141,218,good
3679,132,134,212,good
3699,101,155,217,good
3678,119,107,228,good
3678,118,132,210,good
3677,104,125,236,good
3677,118,108,254,good
3669,116,142,262,good
3679,125,130,262,good
3681,111,133,256,good
3669,118,129,248,good
3676,109,118,259,good
3679,112,132,251,good
3664,117,147,227,good
3591,117,129,260,good
3674,128,135,259,good
3639,103,157,210,good
3676,121,131,244,good
3695,140,135,223,good
3657,146,131,238,good
3675,144,129,272,good
3678,144,130,252,good
3679,137,137,228,good
3704,140,114,208,good
3678,154,125,227,good
3678,138,160,220,good
3684,140,132,227,good
3674,128,132,222,good
3696,141,121,261,good
3681,145,133,243,good
3724,114,146,268,good
3670,135,133,272,good
3684,110,130,257,good
3678,136,133,256,good
3654,138,148,252,good
3690,120,134,252,good
3675,136,147,197,good
3678,134,145,175,good
3676,161,136,248,good
3676,161,130,245,good
3682,150,143,216,good
3677,132,133,237,good
3681,142,134,230,good
3678,137,118,248,good
3685,110,128,188,good
3679,140,130,131,good
3681,125,131,220,good
3682,144,124,225,good
3676,130,128,222,good
3704,126,131,223,good
3650,121,146,249,good
3709,124,112,264,good
3674,107,132,265,good
3692,121,131,306,good
3673,130,134,286,good
3681,131,134,268,good
3673,134,115,268,good
3658,129,133,257,good
3694,124,138,280,good
3691,128,134,252,good
3679,129,130,250,good
3674,140,110,250,good
3681,128,134,248,good
3664,147,122,252,good
3685,128,136,236,good
3689,176,112,256,good
3660,146,124,245,good
3677,128,123,258,good
3678,128,148,217,good
3642,128,135,230,good
3667,146,115,239,good
3675,71,134,231,good
3687,30,128,231,good
3679,131,130,227,good
3680,126,138,248,good
3678,123,124,232,good
3678,129,143,220,good
3663,120,140,208,good
3662,130,134,217,good
3683,96,140,220,good
3679,128,134,217,good
3685,123,118,229,good
3679,125,128,228,good
3669,144,131,196,good
3679,122,130,202,good
3698,122,110,205,good
3678,130,126,202,good
3677,106,144,180,good
3691,123,101,197,good
3676,127,128,180,good
3679,129,113,195,good
3681,137,134,190,good
3678,125,123,192,good
3657,148,135,184,good
3698,105,144,181,good
3680,124,146,170,good
3673,104,133,189,good
3679,121,123,180,good
3676,121,124,212,good
3703,121,126,225,good
3681,133,123,219,good
3671,124,12,214,good
3693,108,147,219,good
3665,113,133,266,good
3679,179,132,264,good
3658,128,134,291,good
3679,150,132,275,good
3680,135,132,261,good
3670,97,128,292,good
3689,126,128,273,good
3669,124,132,278,good
3677,119,119,277,good
3679,129,134,277,good
3680,123,133,274,good
3679,124,121,272,good
3678,124,153,274,good
3673,120,186,315,good
3677,121,144,310,good
3705,131,113,311,good
3677,121,161,310,good
3677,120,130,304,good
3678,125,130,346,good
3676,126,144,305,good
3678,124,129,329,good
3686,122,126,342,good
3665,125,150,351,good
3681,129,133,360,good
3699,118,133,354,good
3731,122,137,358,good
3673,122,119,360,good
3676,125,130,346,good
3813,121,130,317,good
3681,137,128,351,good
3677,112,139,408,good
3666,107,140,416,good
3699,120,130,433,good
3676,123,126,424,good
3685,132,111,423,good
3678,114,120,431,good
3691,115,125,432,good
3697,121,120,417,good
3673,124,133,421,good
3675,128,134,407,good
3693,128,96,407,good
3674,176,133,398,good
3673,132,94,379,good
3675,128,151,394,good
3679,128,133,434,good
3680,111,137,424,good
3676,94,144,398,good
3677,153,131,422,good
3621,137,134,416,good
3686,136,132,409,good
3669,137,7,391,good
3716,128,121,408,good
3662,100,114,416,good
3680,146,130,321,good
3677,155,132,389,good
3664,112,145,361,good
3680,126,105,391,good
3681,126,117,386,good
3687,160,134,368,good
3677,138,141,362,good
3691,113,217,368,good
3676,123,138,344,good
3670,123,144,350,good
3667,123,128,342,good
3676,104,134,303,good
3695,113,102,340,good
3663,118,129,317,good
3675,99,130,388,good
3675,120,134,322,good
3688,124,154,291,good
3682,122,132,304,good
3678,97,158,305,good
3698,105,130,300,good
3673,116,130,286,good
3676,112,128,290,good
3675,122,122,288,good
3699,118,148,300,good
3659,164,134,274,good
3678,108,148,253,good
3689,120,134,271,good
3678,128,134,252,good
3679,5,134,264,good
3657,118,296,256,good
3677,128,149,256,good
3674,103,131,244,good
3687,120,131,241,good
3687,117,121,251,good
3678,98,133,238,good
3684,138,134,244,good
3685,121,128,227,good
3679,122,136,226,good
3709,121,110,225,good
3677,120,134,225,good
3684,121,146,220,good
3684,121,133,225,good
3687,8,129,230,good
3678,121,133,223,good
3679,121,134,223,good
3665,131,116,219,good
3703,134,135,228,good
3650,113,115,256,good
3680,91,132,252,good
3679,109,146,242,good
3690,131,135,132,good
3681,131,134,264,good
3676,125,132,316,good
3674,119,128,249,good
3676,130,130,291,good
3662,118,136,292,good
3673,119,111,297,good
3662,104,133,297,good
3672,119,130,291,good
3670,114,176,289,good
3678,118,116,318,good
3677,109,120,302,good
3682,0,135,290,good
3700,118,133,282,good
3679,102,132,430,good
3689,116,129,292,good
3681,118,132,286,good
3657,116,131,274,good
3650,122,125,269,good
3727,106,132,276,good
3680,119,125,254,good
3670,111,146,259,good
3690,119,132,257,good
3679,119,133,258,good
3677,120,135,296,good
3693,120,131,294,good
3679,108,122,300,good
3692,121,130,272,good
3701,120,116,323,good
3703,120,132,298,good
3665,117,144,279,good
3671,123,132,280,good
3675,100,134,301,good
3667,112,130,280,good
3678,117,125,258,good
3690,104,155,270,good
3690,142,132,267,good
3679,119,130,254,good
3687,128,131,256,good
3680,126,131,260,good
3691,115,120,258,good
3681,115,129,253,good
3649,118,140,250,good
3700,128,110,251,good
3669,111,72,241,good
3679,118,129,238,good
3679,123,133,236,good
3701,124,113,269,good
3665,116,130,277,good
3682,106,230,282,good
3683,149,133,277,good
3682,130,132,270,good
3677,118,131,277,good
3678,102,140,275,good
3682,109,133,278,good
3674,121,148,265,good
3673,115,129,250,good
3679,130,133,247,good
3679,114,142,264,good
3675,123,144,247,good
3679,111,133,256,good
3673,133,100,262,good
3660,115,138,246,good
3675,134,133,246,good
3654,113,208,253,good
3783,120,134,261,good
3675,125,132,245,good
3675,91,131,237,good
3666,119,131,289,good
3688,112,134,330,good
3682,117,106,336,good
3674,128,50,338,good
3702,119,132,350,good
3656,115,141,346,good
3680,115,136,346,good
3656,118,144,368,good
3684,96,143,380,good
3679,135,136,386,good
3661,117,201,386,good
3696,120,134,393,good
3669,122,132,378,good
3683,113,141,407,good
3672,104,135,385,good
3677,121,136,377,good
3687,60,113,373,good
3677,117,157,374,good
3681,115,132,362,good
3667,113,150,336,good
3675,124,130,357,good
3676,120,126,401,good
3682,119,93,342,good
3659,140,137,339,good
3696,106,148,320,good
3678,116,137,325,good
3675,131,103,330,good
3691,115,135,332,good
3690,116,108,313,good
3679,106,164,275,good
3655,124,135,303,good
3680,118,139,301,good
3655,112,83,294,good
3666,108,134,274,good
3684,116,126,288,good
3677,116,133,277,good
3681,102,130,290,good
3679,126,120,275,good
3676,121,134,272,good
3676,115,133,251,good
3680,119,123,256,good
3675,112,122,276,good
3678,117,135,247,good
3676,125,134,296,good
3674,130,156,357,good
3671,140,139,353,good
3670,110,145,365,good
3678,102,149,389,good
3679,138,131,390,good
3692,90,132,387,good
3687,119,138,295,good
3777,117,133,372,good
3646,116,132,390,good
3680,113,136,429,good
3678,92,139,431,good
3674,120,77,448,good
3673,118,134,442,good
3675,116,123,434,good
3654,118,136,419,good
3678,118,114,440,good
3681,112,132,370,good
3676,97,132,429,good
3688,145,133,406,good
3695,111,137,406,good
3677,117,139,399,good
3676,93,137,396,good
3688,109,123,376,good
3667,145,130,400,good
3682,129,125,378,good
3670,115,134,352,good
3679,115,143,410,good
3677,120,128,394,good
3688,141,136,393,good
3673,116,129,398,good
3688,135,137,387,good
3674,116,129,385,good
3679,60,130,377,good
3571,122,130,372,good
3678,133,136,366,good
3674,119,138,405,good
3679,145,130,399,good
3670,125,136,400,good
3679,117,106,397,good
3706,122,114,396,good
3684,119,139,416,good
3685,116,135,402,good
3683,110,131,440,good
3674,118,135,453,good
3679,110,108,494,good
3674,132,133,492,good
3671,17,138,486,good
3680,118,125,510,good
3677,125,137,499,good
3677,117,133,501,good
3677,119,123,532,good
3668,126,123,547,good
3698,116,134,544,good
3676,114,134,527,good
3675,104,139,539,good
3677,130,146,530,good
3690,106,136,521,good
3676,126,123,518,good
3663,123,118,516,good
3677,123,137,500,good
3669,125,141,496,good
3675,135,112,515,good
3678,117,133,489,good
3670,120,130,499,good
3677,129,125,478,good
3677,129,133,464,good
3678,131,121,458,good
3676,128,128,446,good
3677,129,151,450,good
3681,122,150,425,good
3706,123,136,438,good
3677,121,118,421,good
3689,128,49,411,good
3679,119,135,402,good
3677,119,139,392,good
3595,141,138,384,good
3617,128,134,362,good
3676,140,136,368,good
3678,128,130,363,good
3676,128,134,416,good
3685,130,143,400,good
3669,97,128,409,good
3666,117,100,412,good
3679,118,148,374,good
3672,126,139,376,good
3674,133,144,382,good
3683,126,139,392,good
3679,112,137,420,good
3691,128,131,362,good
3673,139,130,362,good
3675,125,136,349,good
3675,133,162,343,good
3668,146,134,327,good
3697,138,111,336,good
3685,147,137,256,good
3677,128,134,324,good
3674,125,146,344,good
3655,131,134,384,good
3669,131,133,300,good
3677,128,140,383,good
3678,128,136,384,good
3677,120,140,363,good
3666,128,134,366,good
3679,132,133,376,good
3697,120,118,374,good
3677,144,134,373,good
3660,126,298,417,good
3677,128,136,411,good
3677,43,141,411,good
3675,115,131,407,good
3677,140,117,400,good
3665,111,116,396,good
3665,124,128,389,good
3595,136,136,376,good
3677,122,106,385,good
3680,128,161,370,good
3673,128,134,381,good
3674,153,132,358,good
3707,123,114,360,good
3681,121,134,366,good
3677,137,163,352,good
3761,124,133,332,good
3668,128,160,375,good
3650,125,133,421,good
3675,137,164,417,good
3668,123,136,416,good
3677,125,125,424,good
3661,133,138,398,good
3772,115,142,473,good
3665,123,131,417,good
3687,126,132,416,good
3670,101,133,446,good
3687,116,128,456,good
3666,121,130,449,good
3677,126,147,412,good
3677,131,128,444,good
3677,122,137,440,good
3698,122,137,434,good
3671,111,152,431,good
3678,105,145,424,good
3675,128,152,422,good
3667,139,150,410,good
3678,126,157,391,good
3671,128,132,401,good
3667,126,107,397,good
3677,100,138,390,good
3697,121,8,370,good
3681,0,133,418,good
3676,134,134,411,good
3681,128,128,434,good
3677,119,132,447,good
3664,107,118,466,good
3677,119,145,449,good
3687,122,137,446,good
3660,141,122,447,good
3675,120,133,473,good
3700,124,132,450,good
3677,126,144,433,good
3680,128,135,436,good
3676,126,148,446,good
3674,137,110,417,good
3685,124,125,414,good
3679,123,132,403,good
3663,139,141,399,good
3673,125,132,382,good
3687,125,133,381,good
3678,124,134,375,good
3680,141,135,369,good
3700,123,141,355,good
3679,122,109,362,good
3685,122,133,341,good
3687,124,133,349,good
3677,199,128,314,good
3737,124,133,352,good
3660,136,135,345,good
3732,123,133,320,good
3679,98,141,368,good
3661,119,149,349,good
3691,136,136,367,good
3678,124,134,370,good
3679,123,144,397,good
3678,124,128,357,good
3702,117,8,348,good
3678,138,125,356,good
3681,103,133,413,good
3689,109,194,355,good
3675,105,146,316,good
3680,125,132,333,good
3671,124,157,322,good
3688,115,139,335,good
3655,124,134,333,good
3678,112,144,317,good
3686,125,125,320,good
3679,107,132,306,good
3663,103,129,379,good
3670,129,162,297,good
3680,128,115,293,good
3677,143,137,285,good
3699,120,148,297,good
3693,119,124,298,good
3675,113,146,271,good
3682,112,139,277,good
3667,125,129,253,good
3704,105,133,273,good
3678,133,146,278,good
3693,124,136,259,good
3687,124,133,258,good
3681,128,128,249,good
3677,128,131,244,good
3680,118,131,237,good
3686,138,126,262,good
3597,124,134,220,good
3680,126,35,243,good
3659,128,140,238,good
3680,117,146,229,good
3684,124,134,228,good
3678,123,133,219,good
3685,139,128,247,good
3676,123,161,221,good
3678,117,114,212,good
3678,123,151,215,good
3679,114,135,231,good
3686,122,133,199,good
3673,118,134,217,good
3674,125,137,219,good
3678,0,135,208,good
3677,122,136,208,good
3679,119,125,214,good
3679,125,130,191,good
3680,148,134,207,good
3689,171,134,206,good
3677,126,135,207,good
3679,95,133,192,good
3673,127,136,224,good
3689,142,137,234,good
3677,126,146,242,good
3672,133,144,227,good
3673,143,120,258,good
3684,86,132,236,good
3677,113,133,238,good
3677,151,128,242,good
3683,77,116,256,good
3676,121,134,241,good
3667,124,117,238,good
3666,119,134,233,good
3677,122,132,228,good
3669,121,2,228,good
3680,121,139,270,good
3682,138,130,353,good
3704,121,133,288,good
3674,121,133,267,good
3675,124,110,278,good
3664,131,133,240,good
3682,111,126,313,good
3679,124,124,280,good
3684,246,133,275,good
3681,120,133,273,good
3669,119,129,250,good
3691,104,140,264,good
3680,122,145,284,good
3582,102,130,201,good
3678,122,137,261,good
3679,67,136,253,good
3677,69,133,247,good
3677,112,152,335,good
3714,139,136,422,good
3671,122,131,347,good
3676,117,134,378,good
3674,120,132,353,good
3694,123,119,364,good
3765,136,134,464,good
3678,121,129,367,good
3681,111,133,456,good
3679,95,132,457,good
3678,119,133,464,good
3527,120,134,444,good
3683,120,133,454,good
3773,120,109,476,good
3669,91,136,487,good
3678,120,125,481,good
3678,125,137,476,good
3700,128,131,525,good
3675,272,136,512,good
3677,131,148,461,good
3700,125,128,509,good
3694,137,126,522,good
3669,132,106,508,good
3681,130,134,501,good
3680,128,134,491,good
3678,133,134,485,good
3664,127,154,479,good
3695,128,138,473,good
3677,121,134,466,good
3679,128,125,461,good
3659,134,144,452,good
3688,126,107,454,good
3633,129,136,446,good
3679,124,105,440,good
3663,143,138,426,good
3681,32,135,416,good
3678,130,128,409,good
3678,129,137,388,good
3674,129,114,394,good
3677,130,135,386,good
3686,125,137,400,good
3674,138,133,380,good
3679,131,139,374,good
3673,117,132,368,good
3675,138,119,384,good
3677,138,130,359,good
3677,137,145,349,good
3678,119,150,347,good
3693,129,136,332,good
3682,120,136,333,good
3677,133,132,306,good
3684,111,131,324,good
3653,133,130,308,good
3683,131,126,303,good
3677,154,115,318,good
3669,108,128,307,good
3679,145,125,301,good
3671,130,131,269,good
3674,136,149,270,good
3680,150,139,282,good
3694,102,147,265,good
3679,130,134,273,good
3664,128,136,252,good
3684,122,136,264,good
3679,129,161,256,good
3692,122,145,257,good
3677,129,144,256,good
3679,129,140,246,good
3678,130,135,244,good
3674,98,140,228,good
3707,130,136,248,good
3673,132,152,282,good
3676,25,156,281,good
3674,128,144,261,good
3687,103,135,298,good
3675,146,128,286,good
3669,115,132,293,good
3688,135,133,274,good
3669,127,145,270,good
3695,129,134,269,good
3813,128,132,250,good
3703,129,134,274,good
3672,139,130,262,good
3679,122,144,258,good
3663,135,133,274,good
3685,125,129,256,good
3674,140,163,267,good
3688,128,131,253,good
3695,128,70,269,good
3646,119,152,250,good
3675,121,120,248,good
3671,125,129,239,good
3678,129,142,254,good
3674,124,105,250,good
3674,130,134,228,good
3679,122,133,221,good
3679,126,139,222,good
3678,125,133,224,good
3680,115,140,202,good
3678,127,138,234,good
3677,143,125,216,good
3601,138,134,205,good
3683,123,136,231,good
3680,128,128,216,good
3677,110,139,204,good
3648,130,130,202,good
3526,126,134,215,good
3688,118,209,248,good
3665,148,135,225,good
3677,124,148,235,good
3687,150,134,223,good
3682,116,136,256,good
3679,122,129,235,good
3702,124,133,246,good
3679,153,118,223,good
3678,74,138,230,good
3679,120,132,218,good
3670,110,161,221,good
3673,145,124,224,good
3676,141,134,216,good
3653,149,132,214,good
3682,136,130,192,good
3688,100,148,264,good
3680,133,139,296,good
3676,134,147,297,good
3679,133,128,314,good
3676,140,136,320,good
3671,146,133,324,good
3675,133,133,302,good
3690,124,132,327,good
3685,134,133,323,good
3672,133,157,328,good
3670,150,117,381,good
3674,138,160,387,good
3707,128,153,391,good
3690,135,132,396,good
3679,126,131,391,good
3678,144,138,371,good
3672,127,144,420,good
3691,148,134,401,good
3673,122,147,406,good
3678,136,134,410,good
3652,132,135,398,good
3669,129,120,413,good
3700,131,152,382,good
3675,129,128,388,good
3683,109,135,477,good
3667,130,141,411,good
3681,130,134,412,good
3676,126,121,428,good
3691,128,136,452,good
3655,129,134,437,good
3678,137,142,449,good
3673,149,113,464,good
3687,101,138,447,good
3691,155,148,434,good
3676,120,134,429,good
3687,140,123,456,good
3678,129,121,481,good
3677,119,124,474,good
3696,108,130,469,good
3677,128,139,467,good
3676,119,108,467,good
3675,126,149,469,good
3683,124,145,461,good
3676,125,133,454,good
3680,125,124,499,good
3674,136,109,496,good
3677,111,133,490,good
3675,128,128,571,good
3695,128,119,487,good
3674,125,128,480,good
3677,129,192,477,good
3684,125,134,479,good
3671,132,142,451,good
3681,108,134,470,good
3674,132,128,604,good
3678,125,131,528,good
3662,126,134,528,good
3663,121,130,523,good
3677,152,137,523,good
3675,120,134,493,good
3680,125,141,537,good
3671,132,131,512,good
3683,125,97,487,good
3674,121,133,498,good
3675,99,128,598,good
3673,124,129,493,good
3612,125,140,581,good
3684,125,210,520,good
3676,113,129,508,good
3701,125,133,509,good
3641,131,135,509,good
3660,123,134,506,good
3674,142,124,496,good
3681,124,130,493,good
3690,123,71,487,good
3677,110,137,464,good
3703,123,125,499,good
3684,103,151,469,good
3628,133,134,454,good
3656,124,132,483,good
3691,121,132,502,good
3674,135,133,530,good
3682,121,131,516,good
3702,113,132,522,good
3677,123,132,515,good
3676,50,113,519,good
3678,134,132,502,good
3690,146,128,495,good
3674,105,126,537,good
3679,124,149,497,good
3674,119,132,473,good
3667,148,135,490,good
3694,115,122,495,good
3678,42,129,469,good
3556,114,138,472,good
3679,112,132,461,good
3539,125,126,462,good
3684,169,125,465,good
3689,120,128,439,good
3685,108,171,430,good
3680,119,131,409,good
3679,120,134,409,good
3665,120,149,380,good
3679,118,136,394,good
3689,118,121,387,good
3698,100,144,368,good
3640,124,133,374,good
3704,118,148,447,good
3677,128,135,449,good
3771,142,128,512,good
3659,122,133,452,good
3663,126,118,454,good
3681,121,148,450,good
3673,119,133,441,good
3670,119,183,440,good
3675,120,144,445,good
3679,124,132,485,good
3677,120,146,475,good
3689,142,162,469,good
3583,132,131,470,good
3676,117,130,471,good
3686,130,113,479,good
3676,132,136,463,good
3669,132,128,448,good
3689,111,139,451,good
3679,125,124,446,good
3677,0,134,436,good
3681,117,146,457,good
3680,122,144,430,good
3678,112,128,418,good
3676,129,164,405,good
3681,108,130,398,good
3665,131,134,346,good
3674,115,113,409,good
3683,128,126,396,good
3682,118,143,386,good
3678,119,119,378,good
3670,217,131,352,good
3693,126,132,364,good
3678,120,115,382,good
3681,103,132,352,good
3679,128,140,349,good
3675,121,133,346,good
3679,122,124,340,good
3677,146,128,340,good
3677,122,120,328,good
3672,132,164,327,good
3677,117,138,330,good
3681,112,135,314,good
3817,95,131,314,good
3680,105,130,305,good
3680,122,132,282,good
3682,152,123,299,good
3653,124,133,277,good
3647,117,128,279,good
3679,133,134,283,good
3665,123,133,271,good
3662,118,149,264,good
3677,112,143,270,good
3672,121,132,266,good
3678,101,139,264,good
3680,42,152,262,good
3684,101,151,244,good
3694,114,145,253,good
3677,125,135,246,good
3679,119,129,239,good
3695,117,10,233,good
3677,131,132,236,good
3684,125,66,228,good
3565,121,133,231,good
3676,115,132,235,good
3676,122,134,229,good
3705,114,129,224,good
3587,135,136,216,good
3670,142,133,130,good
3682,146,101,223,good
3647,140,121,219,good
3684,134,136,230,good
3657,119,0,206,good
3708,116,136,225,good
3677,143,108,221,good
3670,121,140,197,good
3677,112,146,200,good
3683,183,131,195,good
3677,120,138,189,good
3672,119,135,189,good
3702,115,130,190,good
3675,168,128,191,good
3682,116,133,184,good
3677,126,126,273,good
3673,118,128,176,good
3679,122,130,178,good
3668,116,128,182,good
3677,136,132,180,good
3669,132,115,176,good
3744,123,132,175,good
3677,132,133,170,good
3675,108,137,177,good
3671,120,133,182,good
3664,107,130,180,good
3680,121,133,167,good
3671,111,122,144,good
3678,121,135,164,good
3674,91,129,164,good
3676,121,132,166,good
3677,92,139,161,good
3681,125,149,163,good
3684,124,134,165,good
3677,121,148,168,good
3703,80,135,155,good
3677,119,125,152,good
3679,96,138,151,good
3678,124,120,159,good
3682,120,120,207,good
3708,120,112,207,good
3669,107,135,198,good
3678,102,161,214,good
3682,112,132,220,good
3679,92,131,209,good
3659,118,199,209,good
3687,112,164,213,good
3675,140,131,216,good
3681,118,131,214,good
3693,118,247,221,good
3678,115,132,200,good
3675,121,134,207,good
3653,118,132,204,good
3674,113,137,221,good
3670,100,114,201,good
3678,120,133,199,good
3703,97,155,208,good
3669,114,132,184,good
3675,116,129,197,good
3694,119,119,198,good
3693,105,133,185,good
3761,120,132,187,good
3680,123,133,189,good
3681,117,118,201,good
3681,90,132,192,good
3679,134,131,188,good
3685,123,129,187,good
3677,116,132,203,good
3646,117,132,186,good
3688,95,130,186,good
3670,116,130,107,good
3660,119,133,173,good
3677,118,109,218,good
3663,107,107,266,good
3675,117,161,270,good
3665,118,136,274,good
3675,152,134,281,good
3680,117,130,280,good
3677,120,146,284,good
3683,117,133,279,good
3657,116,136,281,good
3691,115,130,286,good
3685,110,133,288,good
3681,114,132,285,good
3775,138,132,351,good
3671,115,133,295,good
3679,147,134,280,good
3676,119,123,274,good
3685,119,132,274,good
3674,115,136,253,good
3677,117,126,263,good
3677,121,128,296,good
3670,146,132,300,good
3671,125,133,303,good
3706,118,112,307,good
3680,120,130,294,good
3677,120,163,307,good
3690,82,130,289,good
3649,118,134,276,good
3659,114,129,280,good
3664,116,137,295,good
3674,99,129,289,good
3637,118,133,283,good
3679,119,150,278,good
3690,119,134,283,good
3678,118,147,315,good
3679,117,136,318,good
3678,126,135,316,good
3685,148,148,321,good
3665,119,124,313,good
3664,117,133,322,good
3682,120,122,308,good
3653,106,133,302,good
3679,124,119,316,good
3678,114,134,307,good
3692,110,145,310,good
3679,122,135,304,good
3672,115,118,330,good
3674,76,134,376,good
3656,117,132,373,good
3689,114,133,385,good
3674,121,139,383,good
3688,108,215,398,good
3675,118,121,381,good
3671,118,135,400,good
3672,119,134,362,good
3676,118,136,373,good
3679,58,153,382,good
3675,136,118,378,good
3669,121,134,374,good
3659,116,196,364,good
3679,102,134,354,good
3678,116,134,348,good
3743,110,128,335,good
3691,117,128,352,good
3678,117,130,345,good
3667,108,132,355,good
3675,132,118,342,good
3678,111,136,344,good
3677,118,140,324,good
3694,117,132,337,good
3674,163,113,354,good
3677,92,138,361,good
3675,120,135,369,good
3652,116,285,359,good
3674,112,112,349,good
3670,126,115,355,good
3682,117,141,344,good
3676,125,133,324,good
3673,114,132,340,good
3678,116,130,328,good
3662,143,130,301,good
3702,124,132,328,good
3681,118,133,344,good
3665,108,131,316,good
3678,113,108,312,good
3675,128,125,294,good
3682,116,116,285,good
3675,107,131,310,good
3677,119,134,288,good
3649,119,130,280,good
3678,117,130,282,good
3679,115,127,279,good
3681,100,131,302,good
3677,114,130,289,good
3676,118,132,314,good
3676,113,123,324,good
3681,117,133,312,good
3685,84,147,315,good
3665,122,146,308,good
3694,105,209,312,good
3695,114,231,312,good
3680,120,162,303,good
3594,116,134,300,good
3678,118,134,300,good
3692,101,131,290,good
3689,119,136,284,good
3680,120,26,273,good
3683,126,132,272,good
3679,167,129,272,good
3680,116,107,273,good
3714,107,154,265,good
3678,117,133,273,good
3682,129,164,258,good
3677,112,122,277,good
3685,220,133,251,good
3621,134,134,247,good
3680,122,134,245,good
3682,113,117,251,good
3695,116,125,249,good
3676,119,122,244,good
3683,116,33,238,good
3681,115,160,224,good
3675,116,134,234,good
3657,119,133,229,good
3687,112,135,230,good
3687,91,133,293,good
3679,118,144,310,good
3674,119,110,339,good
3674,92,149,307,good
3679,116,135,334,good
3667,138,135,320,good
3672,113,122,312,good
3673,115,133,310,good
3676,114,132,320,good
3667,113,160,312,good
3655,148,133,315,good
3694,104,120,328,good
3676,113,151,299,good
3691,116,129,300,good
3678,129,122,299,good
3702,103,140,293,good
3680,116,117,312,good
3693,89,148,285,good
3702,114,131,286,good
3679,115,133,281,good
3678,129,155,277,good
3678,119,110,274,good
3674,128,136,266,good
3678,121,132,273,good
3681,109,148,248,good
3679,132,134,252,good
3676,116,133,254,good
3681,105,132,248,good
3679,90,132,248,good
3679,114,145,242,good
3677,126,137,240,good
3673,115,138,240,good
3673,113,132,235,good
3673,118,141,274,good
3680,118,124,290,good
3684,111,135,278,good
3679,117,129,299,good
3692,117,138,320,good
3674,112,140,330,good
3685,120,136,324,good
3678,114,137,326,good
3693,116,80,333,good
3668,199,139,336,good
3681,114,145,308,good
3692,107,133,331,good
3720,93,148,333,good
3677,111,130,320,good
3678,107,141,296,good
3671,129,107,323,good
3677,101,133,308,good
3689,98,142,308,good
3676,125,135,303,good
3671,104,132,312,good
3677,118,125,303,good
3669,89,136,323,good
3679,118,135,308,good
3677,101,136,304,good
3671,97,149,285,good
3692,117,129,293,good
3747,98,134,294,good
3655,162,132,288,good
3668,110,134,279,good
3685,75,134,282,good
3680,132,123,372,good
3673,103,134,419,good
3677,114,132,273,good
3677,107,138,266,good
3671,152,133,268,good
3677,109,128,251,good
3670,125,38,241,good
3681,113,146,253,good
3673,121,107,261,good
3680,110,122,262,good
3675,118,121,257,good
3652,113,158,247,good
3677,116,146,243,good
3679,112,157,239,good
3679,119,128,233,good
3677,81,125,233,good
3667,113,132,224,good
3678,125,132,218,good
3689,131,116,213,good
3693,119,128,214,good
3678,114,148,212,good
3671,117,135,210,good
3677,117,113,207,good
3681,110,133,212,good
3761,108,133,87,good
3661,113,0,197,good
3679,119,132,183,good
3669,117,132,198,good
3677,120,129,209,good
3672,111,60,211,good
3681,113,146,192,good
3683,113,151,220,good
3680,133,139,166,good
3691,115,106,187,good
3677,114,119,222,good
3678,137,128,221,good
3690,105,130,219,good
3681,118,133,222,good
3681,140,121,238,good
3665,99,162,221,good
3686,139,132,214,good
3677,128,54,204,good
3677,116,140,230,good
3684,115,132,210,good
3680,140,134,208,good
3655,134,138,204,good
3664,107,112,218,good
3677,117,128,198,good
3670,93,130,189,good
3679,72,114,198,good
3677,126,136,196,good
3699,100,121,196,good
3682,119,134,234,good
3673,131,133,228,good
3695,106,119,233,good
3673,116,134,221,good
3677,116,125,238,good
3681,100,134,235,good
3677,115,131,240,good
3678,120,125,239,good
3703,117,132,234,good
3693,116,134,238,good
3681,118,130,227,good
3682,115,128,235,good
3679,118,135,226,good
3655,115,137,203,good
3680,117,132,222,good
3672,44,151,223,good
3684,117,133,193,good
3671,93,132,221,good
3693,112,0,205,good
3681,112,105,212,good
3677,117,130,203,good
3680,117,163,199,good
3681,112,132,197,good
3637,102,133,194,good
3677,115,129,195,good
3659,117,145,181,good
3655,135,132,196,good
3682,161,110,216,good
3632,117,133,179,good
3683,118,34,192,good
3679,108,137,185,good
3680,128,144,190,good
3659,113,99,199,good
3678,101,140,186,good
3674,136,134,96,good
3678,118,118,193,good
3687,128,134,136,good
3670,115,161,177,good
3675,122,115,182,good
3673,119,136,193,good
3678,174,132,172,good
3676,113,144,172,good
3676,97,131,176,good
3678,118,130,183,good
3671,217,138,151,good
3597,118,133,147,good
3693,118,52,175,good
3679,116,135,166,good
3665,130,137,162,good
3679,117,132,161,good
3678,117,128,166,good
3674,116,150,163,good
3682,116,126,170,good
3672,126,22,144,good
3687,121,109,179,good
3672,123,133,149,good
3683,106,128,155,good
3677,115,136,164,good
3664,109,142,136,good
3682,143,125,158,good
3667,116,160,155,good
3678,128,134,160,good
3675,130,139,139,good
3657,119,139,145,good
3674,123,134,169,good
3682,135,132,152,good
3676,122,154,162,good
3675,99,132,179,good
3680,106,164,166,good
3678,113,128,162,good
3691,174,130,160,good
3686,115,132,139,good
3681,107,149,160,good
3689,117,123,162,good
3677,141,122,165,good
3695,116,223,200,good
3672,113,128,182,good
3677,122,131,212,good
3677,118,132,210,good
3664,128,134,194,good
3679,86,133,214,good
3675,110,144,212,good
3673,118,257,256,good
3689,91,132,256,good
3693,117,122,270,good
3659,182,130,261,good
3675,126,143,273,good
3686,112,137,268,good
3692,114,133,282,good
3676,114,122,273,good
3682,118,133,266,good
3687,115,120,275,good
3666,135,131,244,good
3705,109,129,262,good
3708,119,114,259,good
3677,109,146,158,good
3676,121,158,260,good
3703,113,116,254,good
3679,113,176,266,good
3664,119,133,236,good
3645,119,132,230,good
3671,120,135,227,good
3676,115,148,236,good
3678,131,122,310,good
3702,116,133,238,good
3681,131,134,172,good
3666,111,141,258,good
3677,116,132,270,good
3676,118,132,348,good
3678,119,134,276,good
3674,95,131,268,good
3691,117,68,272,good
3678,117,132,278,good
3673,116,134,259,good
3683,119,132,314,good
3669,131,124,309,good
3678,117,134,313,good
3683,125,123,326,good
3665,112,132,306,good
3691,108,142,302,good
3684,116,134,323,good
3689,141,129,299,good
3695,113,138,304,good
3694,115,131,289,good
3659,132,134,290,good
3708,118,123,295,good
3680,118,119,295,good
3548,102,132,256,good
3673,140,132,279,good
3681,119,132,274,good
3680,118,134,284,good
3682,118,134,286,good
3686,93,152,260,good
3651,124,132,272,good
3670,109,73,284,good
3682,133,132,260,good
3677,116,134,257,good
3682,8,134,248,good
3695,124,133,278,good
3689,114,131,272,good
3675,116,132,268,good
3686,94,132,336,good
3685,119,131,280,good
3680,100,131,288,good
3701,101,132,264,good
3676,99,136,270,good
3690,88,154,267,good
3669,119,131,244,good
3673,103,130,258,good
3689,132,115,264,good
3677,110,145,163,good
3678,100,136,260,good
3677,118,139,248,good
3679,119,134,247,good
3681,0,135,247,good
3694,117,63,247,good
3679,128,134,222,good
3678,122,131,231,good
3679,116,129,232,good
3680,87,154,234,good
3676,128,125,218,good
3674,117,136,226,good
3694,115,129,225,good
3681,92,146,209,good
3706,110,136,220,good
3679,117,135,216,good
3678,144,136,202,good
3677,115,114,214,good
3679,130,132,214,good
3683,112,136,211,good
3658,118,133,205,good
3662,115,132,208,good
3662,126,124,216,good
3678,107,138,193,good
3668,86,126,218,good
3679,86,144,194,good
3691,115,133,199,good
3668,131,118,190,good
3682,109,160,178,good
3676,83,132,209,good
3678,97,134,180,good
3677,116,107,189,good
3635,115,130,176,good
3680,114,138,177,good
3671,109,137,208,good
3681,191,136,226,good
3675,119,144,228,good
3678,118,136,233,good
3672,104,132,226,good
3685,217,134,236,good
3669,115,130,272,good
3682,115,182,283,good
3527,115,137,284,good
3673,213,147,274,good
3675,92,149,278,good
3648,119,125,290,good
3688,104,144,284,good
3686,116,136,266,good
3684,106,164,273,good
3741,117,136,277,good
3690,113,105,324,good
3676,143,136,322,good
3674,115,129,328,good
3671,98,155,321,good
3683,115,134,311,good
3663,122,108,320,good
3670,121,133,324,good
3671,94,129,299,good
3664,114,143,306,good
3686,89,132,310,good
3679,90,135,310,good
3680,126,132,288,good
3678,110,154,282,good
3678,113,131,292,good
3680,128,133,294,good
3696,106,132,284,good
3679,117,132,279,good
3683,98,131,275,good
3647,116,134,275,good
3677,130,130,316,good
3725,111,125,357,good
3670,115,144,360,good
3676,114,116,361,good
3680,32,135,366,good
3696,109,134,368,good
3687,115,130,360,good
3703,106,149,371,good
3667,116,128,364,good
3677,116,128,356,good
3689,116,115,370,good
3679,118,157,354,good
3672,120,152,349,good
3655,117,134,331,good
3676,129,118,346,good
3666,56,152,322,good
3672,95,134,340,good
3678,107,130,322,good
3681,160,135,323,good
3697,117,128,333,good
3701,74,134,318,good
3678,115,132,305,good
3667,116,180,307,good
3665,118,135,298,good
3666,129,135,239,good
3678,120,147,291,good
3679,115,132,281,good
3680,110,129,278,good
3678,133,133,276,good
3655,113,135,264,good
3742,117,134,273,good
3680,120,123,262,good
3634,106,122,273,good
3681,118,111,310,good
3677,100,139,311,good
3668,118,133,300,good
3654,118,134,302,good
3678,118,126,308,good
3649,119,145,300,good
3682,113,134,322,good
3672,118,141,304,good
3695,108,132,290,good
3678,119,142,290,good
3738,98,133,286,good
3668,132,114,306,good
3674,119,135,356,good
3693,113,0,350,good
3641,117,134,361,good
3681,130,114,364,good
3679,107,131,356,good
3676,84,145,367,good
3604,118,132,367,good
3675,130,135,360,good
3691,85,131,350,good
3678,123,142,358,good
3677,111,133,352,good
3677,133,135,349,good
3674,118,132,391,good
3697,98,141,382,good
3660,121,150,384,good
3662,119,197,380,good
3682,99,132,378,good
3716,96,150,384,good
3679,107,132,432,good
3669,105,131,417,good
3679,119,136,399,good
3678,117,136,406,good
3688,121,134,423,good
3677,115,135,382,good
3694,119,130,400,good
3675,120,127,401,good
3676,107,132,403,good
3677,102,136,381,good
3678,105,133,377,good
3661,134,128,364,good
3672,118,139,362,good
3676,249,139,360,good
3679,126,117,360,good
3708,114,126,350,good
3675,0,134,344,good
3678,117,138,334,good
3680,117,132,341,good
3679,103,131,326,good
3688,119,129,340,good
3676,118,136,324,good
3696,117,129,320,good
3679,130,130,215,good
3679,108,136,306,good
3772,133,117,336,good
3679,137,133,227,good
3681,112,134,302,good
3656,116,131,287,good
3650,121,134,288,good
3679,137,125,286,good
3678,108,133,294,good
3676,113,119,284,good
3681,18,132,272,good
3679,113,125,246,good
3687,114,134,294,good
3697,97,128,327,good
3698,120,124,314,good
3679,119,124,311,good
3685,130,175,312,good
3680,137,131,214,good
3685,119,123,306,good
3682,6,133,299,good
3677,115,120,300,good
3672,122,117,300,good
3679,122,143,291,good
3664,125,132,282,good
3638,109,163,250,good
3661,135,114,280,good
3692,119,117,298,good
3677,117,132,268,good
3669,181,148,265,good
3681,184,132,260,good
3679,136,130,239,good
3695,113,109,324,good
3758,118,132,333,good
3685,107,163,321,good
3676,117,124,321,good
3693,119,129,313,good
3700,119,134,333,good
3707,117,124,360,good
3677,118,137,418,good
3674,130,133,410,good
3672,129,134,421,good
3696,116,131,440,good
3690,123,124,456,good
3679,116,121,451,good
3679,119,133,452,good
3675,104,128,457,good
3664,204,130,440,good
3679,109,131,452,good
3678,118,119,428,good
3677,121,133,435,good
3692,114,128,426,good
3680,133,133,427,good
3685,137,134,404,good
3677,120,150,398,good
3705,120,136,483,good
3657,111,106,402,good
3676,123,133,440,good
3665,130,119,472,good
3677,115,140,454,good
3677,178,131,458,good
3669,99,163,458,good
3675,123,141,458,good
3680,120,125,446,good
3656,118,131,448,good
3697,111,132,442,good
3667,118,142,448,good
3691,30,123,438,good
3677,120,164,428,good
3682,111,215,443,good
3673,123,160,416,good
3676,118,124,411,good
3672,98,138,418,good
3675,113,138,388,good
3768,122,132,318,good
3664,119,173,424,good
3679,117,128,427,good
3664,119,193,425,good
3679,119,120,436,good
3678,121,133,416,good
3675,120,132,430,good
3679,133,121,486,good
3667,118,129,412,good
3694,116,133,398,good
3669,117,162,385,good
3686,114,131,396,good
3662,118,84,375,good
3677,105,136,363,good
3665,123,134,374,good
3678,110,142,355,good
3745,120,134,354,good
3653,113,80,358,good
3679,119,148,414,good
3690,121,129,409,good
3635,118,133,412,good
3675,118,146,411,good
3693,120,133,411,good
3669,118,116,416,good
3679,112,132,413,good
3674,116,134,400,good
3673,119,146,433,good
3679,98,130,452,good
3674,122,128,519,good
3687,119,130,475,good
3683,113,133,466,good
3684,117,134,449,good
3660,120,132,508,good
3680,125,158,495,good
3675,120,133,500,good
3666,117,125,490,good
3771,122,130,523,good
3677,120,121,516,good
3671,93,129,541,good
3670,112,129,542,good
3671,119,133,498,good
3665,118,0,523,good
3675,129,135,521,good
3669,99,124,603,good
3681,120,130,514,good
3676,116,138,554,good
3689,72,133,539,good
3667,105,141,543,good
3675,119,134,540,good
3672,128,131,520,good
3679,35,153,518,good
3676,122,133,502,good
3674,118,134,501,good
3684,125,140,472,good
3682,116,131,476,good
3593,135,118,479,good
3675,118,132,467,good
3685,0,136,462,good
3679,121,120,484,good
3679,116,114,493,good
3679,118,161,466,good
3680,142,132,461,good
3665,132,136,370,good
3680,117,128,450,good
3686,136,134,448,good
3692,99,145,435,good
3677,114,107,442,good
3677,85,120,454,good
3689,119,133,444,good
3670,145,122,437,good
3651,130,128,405,good
3687,148,142,490,good
3683,10,134,474,good
3693,117,134,475,good
3686,113,140,475,good
3676,110,122,480,good
3670,129,120,460,good
3675,119,142,469,good
3678,133,122,556,good
3700,97,136,455,good
3675,123,118,461,good
3652,112,154,433,good
3676,119,134,442,good
3677,114,120,435,good
3659,116,78,426,good
3697,115,107,446,good
3662,111,134,412,good
3679,147,125,406,good
3666,110,133,410,good
3676,116,111,397,good
3677,109,129,381,good
3674,96,134,333,good
3678,118,130,368,good
3809,106,133,367,good
3687,117,129,353,good
3669,92,128,345,good
3682,114,124,348,good
3672,117,247,337,good
3703,117,108,343,good
3665,115,130,335,good
3666,85,147,328,good
3679,145,134,320,good
3680,106,130,332,good
3679,178,133,318,good
3679,109,135,311,good
3666,117,140,316,good
3681,116,155,294,good
3671,63,129,298,good
3680,126,125,296,good
3674,127,147,292,good
3691,146,129,280,good
3677,114,137,280,good
3678,26,133,274,good
3666,113,178,271,good
3678,135,122,270,good
3705,116,125,266,good
3661,122,126,262,good
3700,112,0,250,good
3664,114,140,256,good
3674,142,132,243,good
3679,115,160,238,good
3679,115,131,238,good
3676,267,133,242,good
3677,131,121,304,good
3672,123,54,223,good
3670,119,131,203,good
3691,122,107,233,good
3680,132,122,232,good
3691,116,132,248,good
3665,132,136,267,good
3671,130,134,269,good
3690,116,131,276,good
3679,80,133,281,good
3679,119,123,281,good
3655,116,132,265,good
3685,115,57,283,good
3675,118,133,243,good
3677,119,147,288,good
3658,112,206,270,good
3692,109,130,261,good
3679,146,125,271,good
3683,122,182,256,good
3678,114,130,261,good
3677,115,118,254,good
3679,128,138,244,good
3678,107,110,243,good
3681,116,126,241,good
3689,110,134,236,good
3650,114,148,235,good
3676,116,107,229,good
3677,115,134,258,good
3680,112,133,272,good
3676,120,132,247,good
3682,113,132,249,good
3671,125,14,253,good
3687,92,140,246,good
3677,116,144,244,good
3676,110,141,225,good
3680,118,162,240,good
3671,119,92,237,good
3708,123,110,239,good
3676,117,125,238,good
3679,111,132,212,good
3666,116,126,233,good
3679,116,125,302,good
3678,123,140,204,good
3678,101,135,201,good
3683,115,132,228,good
3681,109,153,204,good
3695,94,125,208,good
3679,135,131,206,good
3679,123,158,203,good
3687,109,140,202,good
3665,104,131,211,good
3682,121,133,206,good
3691,114,128,196,good
3675,116,132,206,good
3654,121,130,195,good
3688,129,168,187,good
3677,117,132,196,good
3673,84,134,204,good
3684,117,132,196,good
3668,119,128,186,good
3684,100,134,244,good
3666,111,130,184,good
3681,119,139,194,good
3591,119,132,171,good
3680,110,145,188,good
3697,114,108,189,good
3682,123,89,172,good
3677,118,131,182,good
3681,117,124,161,good
3669,117,114,196,good
3677,168,117,184,good
3678,113,142,217,good
3689,147,128,224,good
3676,117,128,241,good
3681,118,122,253,good
3678,60,134,236,good
3678,118,123,238,good
3687,116,130,231,good
3672,116,43,227,good
3703,119,110,227,good
3680,87,140,223,good
3670,115,156,217,good
3648,119,122,223,good
3683,116,138,234,good
3676,199,149,209,good
3680,116,133,212,good
3678,114,128,213,good
3743,120,134,204,good
3679,120,119,242,good
3669,73,135,256,good
3679,111,133,254,good
3658,130,140,256,good
3678,118,114,264,good
3666,67,151,244,good
3678,97,135,246,good
3674,122,131,240,good
3689,98,142,247,good
3685,117,132,253,good
3684,134,103,253,good
3671,139,112,254,good
3667,130,149,244,good
3678,98,133,241,good
3680,120,135,260,good
3678,99,134,261,good
3686,110,132,267,good
3672,126,136,256,good
3679,122,134,262,good
3676,123,134,260,good
3676,107,132,256,good
3695,123,131,252,good
3687,121,129,262,good
3680,122,115,238,good
3680,151,128,246,good
3621,138,135,236,good
3678,119,133,237,good
3691,116,130,236,good
3675,132,134,244,good
3678,118,132,228,good
3683,116,133,227,good
3668,145,131,223,good
3676,120,130,230,good
3678,119,133,219,good
3690,92,155,215,good
3673,121,132,190,good
3601,121,134,122,good
3679,196,134,208,good
3667,131,150,214,good
3689,76,134,205,good
3663,120,141,200,good
3679,126,134,198,good
3677,122,132,199,good
3684,96,128,194,good
3679,105,131,190,good
3703,115,128,242,good
3677,124,128,237,good
3678,134,111,243,good
3679,121,133,241,good
3675,119,134,246,good
3693,111,182,260,good
3676,137,133,240,good
3678,110,134,288,good
3674,130,35,285,good
3647,119,130,300,good
3687,128,108,305,good
3679,119,120,301,good
3687,133,128,314,good
3679,109,160,288,good
3679,123,144,285,good
3641,140,136,280,good
3678,115,136,270,good
3675,119,121,274,good
3597,116,133,318,good
3676,114,131,366,good
3681,207,135,318,good
3694,106,134,317,good
3646,108,153,322,good
3665,117,134,320,good
3655,118,148,318,good
3695,94,130,314,good
3676,119,117,300,good
3662,116,133,310,good
3677,110,135,312,good
3678,116,134,305,good
3680,118,145,297,good
3678,119,132,272,good
3681,117,133,288,good
3679,87,134,287,good
3690,116,152,283,good
3679,112,122,301,good
3669,115,137,264,good
3666,117,132,285,good
3674,128,138,285,good
3701,114,115,276,good
3678,119,128,254,good
3694,104,148,248,good
3686,117,123,266,good
3688,140,126,261,good
3706,124,134,261,good
3673,114,131,274,good
3693,106,165,245,good
3673,129,134,243,good
3676,122,140,252,good
3673,119,123,236,good
3679,115,147,234,good
3725,134,135,272,good
3673,118,161,219,good
3707,107,155,226,good
3659,118,128,204,good
3671,81,153,222,good
3678,100,130,227,good
3680,121,131,208,good
3709,117,132,221,good
3678,131,132,202,good
3683,126,134,200,good
3678,114,133,202,good
3702,120,120,229,good
3698,103,132,202,good
3687,112,144,196,good
3690,40,119,197,good
3682,115,133,190,good
3703,106,156,192,good
3666,113,132,190,good
3680,107,233,184,good
3658,115,132,172,good
3688,138,162,171,good
3680,110,133,212,good
3679,109,150,174,good
3689,115,130,176,good
3657,119,134,171,good
3677,123,134,175,good
3658,106,135,177,good
3690,118,54,180,good
3671,108,144,270,good
3707,118,136,257,good
3675,120,114,288,good
3683,130,126,276,good
3687,123,131,268,good
3673,124,133,276,good
3672,132,135,294,good
3672,112,232,333,good
3674,113,136,325,good
3677,115,132,321,good
3694,125,141,300,good
3680,113,133,320,good
3691,126,206,327,good
3679,110,132,336,good
3682,165,136,320,good
3695,115,229,324,good
3679,116,115,322,good
3678,117,138,316,good
3563,115,129,317,good
3673,119,132,312,good
3676,116,148,289,good
3660,110,147,304,good
3688,116,132,296,good
3689,139,132,283,good
3687,111,201,311,good
3680,112,110,292,good
3677,134,136,297,good
3682,113,105,299,good
3669,123,133,272,good
3686,115,128,299,good
3652,114,132,283,good
3684,85,158,277,good
3671,119,113,275,good
3673,117,134,269,good
3681,117,150,256,good
3682,129,137,253,good
3683,186,136,254,good
3649,123,134,256,good
3679,132,136,234,good
3673,122,128,246,good
3676,116,133,245,good
3655,116,130,231,good
3661,111,138,219,good
3711,114,132,230,good
3676,106,115,234,good
3683,88,127,184,good
3673,104,135,225,good
3695,107,134,224,good
3696,122,136,234,good
3664,117,132,217,good
3681,114,126,232,good
3672,128,130,212,good
3677,116,126,201,good
3681,118,134,206,good
3702,116,135,226,good
3663,132,143,214,good
3677,107,132,289,good
3685,129,126,212,good
3767,118,132,187,good
3676,236,138,206,good
3658,123,132,198,good
3682,115,132,209,good
3678,115,130,204,good
3690,114,130,200,good
3689,95,128,200,good
3680,114,158,195,good
3687,115,132,198,good
3677,113,134,183,good
3709,115,120,204,good
3677,117,133,181,good
3673,115,134,175,good
3761,139,136,230,good
3678,119,121,177,good
3679,148,123,183,good
3681,120,146,220,good
3695,121,133,219,good
3678,120,153,214,good
3679,108,131,247,good
3686,115,112,242,good
3684,118,142,232,good
3676,122,134,237,good
3676,119,143,230,good
3691,132,126,234,good
3677,43,146,227,good
3641,119,133,247,good
3663,88,117,225,good
3664,121,140,211,good
3669,149,131,220,good
3662,120,190,222,good
3678,115,134,221,good
3665,110,126,205,good
3674,108,132,209,good
3663,126,117,188,good
3639,118,133,203,good
3688,118,133,211,good
3676,100,134,205,good
3679,113,104,200,good
3690,105,131,177,good
3683,117,133,192,good
3674,116,132,199,good
3710,113,157,194,good
3670,106,130,202,good
3695,88,150,188,good
3688,121,128,186,good
3680,107,153,177,good
3539,118,133,193,good
3679,117,126,228,good
3679,97,141,218,good
3675,128,135,226,good
3673,103,128,207,good
3705,99,132,223,good
3667,112,139,208,good
3679,88,142,212,good
3683,113,128,210,good
3697,109,134,207,good
3684,118,141,212,good
3675,86,147,212,good
3675,114,131,189,good
3680,117,120,205,good
3685,61,132,202,good
3681,116,133,203,good
3665,142,133,185,good
3682,111,158,196,good
3675,119,135,214,good
3681,121,136,212,good
3677,114,136,196,good
3670,115,133,184,good
3677,117,134,192,good
3674,121,112,209,good
3683,118,108,190,good
3684,106,125,186,good
3657,125,133,179,good
3679,109,148,177,good
3698,116,267,180,good
3690,139,129,182,good
3682,119,123,183,good
3679,116,154,171,good
3680,120,154,156,good
3693,133,106,177,good
3675,118,138,177,good
3680,117,136,178,good
3698,117,138,180,good
3694,118,104,180,good
3681,124,136,181,good
3695,133,137,135,good
3683,106,138,171,good
3681,117,155,176,good
3676,116,139,174,good
3678,109,139,170,good
3679,116,134,169,good
3653,117,135,164,good
3694,140,136,153,good
3685,115,120,170,good
3682,122,121,181,good
3678,82,128,188,good
3693,116,269,168,good
3662,116,103,175,good
3684,91,134,161,good
3680,112,144,86,good
3673,117,164,162,good
3682,116,162,154,good
3677,115,117,165,good
3680,110,121,155,good
3687,117,140,155,good
3689,106,139,149,good
3677,120,128,148,good
3689,81,135,142,good
3533,117,130,158,good
3654,116,137,151,good
3680,97,148,137,good
3679,125,136,154,good
3677,90,134,164,good
3676,112,149,195,good
3573,118,142,248,good
3679,142,139,193,good
3681,125,134,192,good
3685,119,136,202,good
3674,120,153,187,good
3680,119,137,191,good
3673,126,136,180,good
3658,116,144,182,good
3657,109,209,236,good
3677,105,149,224,good
3690,133,106,238,good
3684,112,132,234,good
3695,118,198,249,good
3677,126,134,247,good
3673,113,147,225,good
3668,146,133,241,good
3679,121,126,247,good
3675,111,135,383,good
3690,109,132,194,good
3695,118,68,246,good
3681,109,138,265,good
3654,126,119,277,good
3762,122,135,297,good
3687,91,144,288,good
3608,137,121,292,good
3677,126,149,283,good
3674,120,142,276,good
3677,115,113,304,good
3681,128,148,294,good
3673,118,133,305,good
3683,120,125,315,good
3678,102,128,345,good
3680,107,152,323,good
3680,104,142,325,good
3678,121,135,322,good
3676,128,150,308,good
3695,122,269,325,good
3678,115,137,318,good
3594,142,139,312,good
3698,97,152,357,good
3686,150,139,345,good
3728,123,136,354,good
3675,122,131,360,good
3658,122,128,350,good
3668,120,136,336,good
3674,110,132,337,good
3679,119,147,357,good
3674,121,128,337,good
3672,93,130,348,good
3675,97,139,299,good
3664,120,194,327,good
3679,116,140,346,good
3675,125,138,298,good
3633,105,132,278,good
3667,120,136,307,good
3670,120,133,307,good
3673,117,107,300,good
3690,131,140,177,good
3677,128,136,305,good
3677,121,145,291,good
3681,118,128,285,good
3663,126,126,284,good
3679,110,134,286,good
3679,117,133,270,good
3679,126,154,248,good
3784,121,135,248,good
3674,118,135,265,good
3676,106,128,265,good
3683,116,122,238,good
3668,110,148,247,good
3668,119,134,238,good
3667,158,140,244,good
3685,118,132,239,good
3699,169,119,252,good
3672,96,134,326,good
3677,98,130,293,good
3675,117,50,242,good
3681,114,123,210,good
3677,0,147,226,good
3679,113,137,214,good
3670,123,131,211,good
3688,121,125,226,good
3677,117,133,199,good
3675,129,158,208,good
3680,122,130,223,good
3677,115,134,201,good
3679,223,133,196,good
3675,107,152,196,good
3678,138,138,188,good
3680,109,133,194,good
3684,113,132,195,good
3681,107,134,229,good
3676,118,134,190,good
3661,115,201,190,good
3677,117,141,178,good
3691,115,132,187,good
3624,116,128,222,good
3675,109,110,220,good
3656,116,134,213,good
3695,114,132,247,good
3690,136,113,225,good
3668,114,132,218,good
3660,130,139,217,good
3674,116,161,221,good
3677,118,130,217,good
3677,124,112,223,good
3693,108,128,220,good
3674,129,148,193,good
3679,108,133,290,good
3695,128,114,318,good
3675,145,99,320,good
3677,132,136,324,good
3600,116,133,315,good
3674,118,132,329,good
3678,118,134,326,good
3678,99,132,324,good
3678,113,134,340,good
3662,134,134,352,good
3680,116,140,358,good
3677,103,139,361,good
3684,117,138,375,good
3675,119,136,359,good
3678,120,122,374,good
3652,118,146,361,good
3677,116,140,344,good
3678,120,116,360,good
3659,195,136,382,good
3670,121,136,402,good
3670,118,133,373,good
3679,121,133,392,good
3676,122,128,399,good
3678,108,136,377,good
3672,170,137,384,good
3678,113,130,395,good
3673,113,135,376,good
3680,110,160,371,good
3665,109,153,371,good
3662,120,135,343,good
3754,121,137,411,good
3655,120,136,389,good
3685,105,166,386,good
3688,111,142,393,good
3679,117,134,385,good
3676,115,111,403,good
3677,120,133,381,good
3670,145,133,367,good
3678,122,128,374,good
3670,105,134,378,good
3678,115,133,357,good
3678,118,163,351,good
3676,118,135,353,good
3657,104,149,345,good
3711,113,130,373,good
3679,120,136,408,good
3678,102,137,412,good
3679,115,140,417,good
3681,117,141,420,good
3688,12,130,412,good
3675,124,166,419,good
3648,107,152,403,good
3648,119,134,402,good
3674,118,133,380,good
3675,126,116,414,good
3677,92,138,387,good
3677,119,158,389,good
3678,118,134,385,good
3686,121,120,384,good
3678,116,149,367,good
3660,111,136,363,good
3679,114,139,359,good
3679,117,138,360,good
3678,131,136,351,good
3678,117,137,347,good
3678,100,137,339,good
3684,119,139,334,good
3675,128,140,326,good
3677,115,150,306,good
3678,111,136,343,good
3778,136,130,377,good
3653,151,138,316,good
3683,137,125,340,good
3680,0,140,307,good
3685,114,138,297,good
3666,115,134,282,good
3675,115,145,289,good
3678,122,125,355,good
3677,118,135,280,good
3694,112,134,286,good
3677,118,163,269,good
3675,113,137,375,good
3683,119,51,275,good
3678,117,130,261,good
3679,129,133,238,good
3663,119,134,248,good
3663,107,139,247,good
3674,116,134,244,good
3681,113,137,240,good
3687,136,144,266,good
3678,116,155,269,good
3649,118,138,285,good
3676,98,130,285,good
3681,117,134,286,good
3705,117,125,293,good
3668,113,113,284,good
3679,111,134,280,good
3677,109,115,277,good
3652,114,132,258,good
3674,111,132,278,good
3641,116,136,267,good
3688,88,152,250,good
3664,119,135,259,good
3658,127,142,264,good
3709,116,136,265,good
3678,110,122,299,good
3689,117,162,306,good
3674,114,130,301,good
3786,114,134,326,good
3680,132,124,328,good
3668,88,132,257,good
3693,95,135,321,good
3677,109,134,332,good
3683,113,130,322,good
3681,114,123,367,good
3668,109,136,366,good
3677,114,144,367,good
3672,91,138,362,good
3703,116,138,378,good
3676,86,160,373,good
3671,95,130,378,good
3677,116,134,359,good
3679,116,137,360,good
3676,116,147,359,good
3706,107,138,365,good
3673,111,134,365,good
3680,104,136,335,good
3678,130,141,336,good
3677,87,148,336,good
3687,108,135,331,good
3661,114,135,328,good
3679,113,147,317,good
3677,119,138,314,good
3680,113,130,290,good
3676,116,121,295,good
3679,110,144,298,good
3687,117,142,308,good
3680,169,138,296,good
3680,114,142,304,good
3660,113,267,288,good
3681,107,138,280,good
3677,114,121,288,good
3679,113,138,276,good
3674,133,113,279,good
3676,113,125,281,good
3692,115,134,267,good
3676,134,129,256,good
3680,116,132,266,good
3675,120,131,329,good
3658,118,137,244,good
3677,115,132,317,good
3679,113,137,237,good
3686,133,136,256,good
3701,116,126,239,good
3689,118,150,232,good
3664,122,128,220,good
3694,92,139,218,good
3676,113,138,218,good
3661,103,137,218,good
3678,112,113,253,good
3676,12,152,268,good
3676,117,134,274,good
3695,114,135,273,good
3667,93,152,257,good
3663,122,134,270,good
3670,116,153,260,good
3679,144,140,270,good
3680,121,155,254,good
3671,114,140,285,good
3670,106,142,272,good
3694,104,139,265,good
3649,114,141,308,good
3691,87,155,302,good
3670,113,139,315,good
3666,103,144,314,good
3543,119,141,314,good
3680,110,154,311,good
3674,115,142,316,good
3665,122,149,301,good
3671,124,133,382,good
3680,112,137,291,good
3683,106,151,278,good
3671,113,118,290,good
3673,114,142,261,good
3700,109,232,285,good
3656,119,136,317,good
3673,98,132,355,good
3680,107,132,337,good
3674,84,146,350,good
3706,109,138,370,good
3677,100,143,355,good
3676,111,109,364,good
3678,114,137,359,good
3682,110,138,373,good
3694,123,104,405,good
3698,107,146,434,good
3676,104,140,441,good
3690,114,128,443,good
3676,224,118,439,good
3666,107,159,443,good
3678,128,146,441,good
3677,112,154,432,good
3677,112,136,438,good
3684,124,120,448,good
3689,113,137,426,good
3685,81,136,433,good
3672,99,138,418,good
3693,119,112,420,good
3647,103,155,412,good
3679,113,136,403,good
3675,111,131,387,good
3677,110,140,384,good
3687,117,0,382,good
3677,111,138,381,good
3679,115,108,383,good
3664,115,202,371,good
3682,112,133,358,good
3680,172,154,351,good
3679,114,134,365,good
3674,110,135,329,good
3663,110,128,354,good
3683,127,130,327,good
3673,110,234,321,good
3687,90,146,314,good
3680,121,150,310,good
3751,108,136,318,good
3669,126,114,304,good
3676,129,125,299,good
3530,118,137,299,good
3677,109,148,314,good
3680,116,139,331,good
3678,116,135,332,good
3699,117,135,330,good
3694,117,133,328,good
3697,123,123,344,good
3679,144,139,310,good
3682,108,146,322,good
3682,114,132,316,good
3677,115,134,320,good
3707,61,136,312,good
3648,120,136,250,good
3681,115,133,304,good
3673,104,137,306,good
3685,116,120,289,good
3689,117,125,305,good
3678,110,136,290,good
3688,146,136,294,good
3667,125,162,341,good
3663,115,136,338,good
3676,128,139,317,good
3670,119,134,343,good
3679,128,142,310,good
3677,101,140,324,good
3677,118,155,324,good
3676,112,133,316,good
3683,95,142,313,good
3685,118,137,306,good
3678,112,145,300,good
3679,276,136,300,good
3691,107,137,287,good
3681,110,138,303,good
3672,122,134,288,good
3687,126,128,300,good
3675,0,138,283,good
3681,109,135,288,good
3665,114,94,283,good
3676,104,145,274,good
3679,116,136,269,good
3681,113,164,270,good
3667,127,131,272,good
3669,113,136,251,good
3671,118,131,253,good
3679,261,134,250,good
3680,96,137,311,good
3669,116,134,318,good
3678,117,141,313,good
3681,117,179,314,good
3683,117,134,320,good
3677,120,137,312,good
3698,111,64,323,good
3662,119,135,309,good
3771,132,128,356,good
3686,112,107,351,good
3679,134,132,374,good
3675,115,166,353,good
3677,115,109,370,good
3673,205,122,343,good
3678,116,124,354,good
3671,115,123,338,good
3678,117,134,342,good
3682,110,154,367,good
3695,92,134,332,good
3684,107,137,343,good
3680,121,153,308,good
3679,130,123,323,good
3675,112,131,312,good
3665,124,136,315,good
3685,116,132,312,good
3663,107,162,310,good
3676,101,142,303,good
3679,105,151,290,good
3677,116,121,310,good
3671,128,135,285,good
3691,102,166,283,good
3677,114,135,290,good
3719,97,143,316,good
3671,114,130,324,good
3676,119,102,333,good
3674,125,136,321,good
3677,115,132,316,good
3668,110,139,331,good
3658,105,139,294,good
3551,98,133,280,good
3679,128,120,305,good
3675,142,131,301,good
3700,96,128,301,good
3677,108,112,294,good
3683,99,116,288,good
3680,114,131,289,good
3690,107,120,299,good
3679,114,134,280,good
3673,85,144,262,good
3603,132,121,271,good
3676,113,139,264,good
3695,112,264,318,good
3680,96,152,304,good
3620,90,126,285,good
3679,124,118,358,good
3673,87,122,377,good
3695,110,114,361,good
3662,109,140,358,good
3687,114,130,352,good
3679,114,150,354,good
3665,108,122,336,good
3676,0,136,354,good
3691,105,151,361,good
3636,94,137,314,good
3675,153,134,349,good
3693,126,134,342,good
3681,115,136,336,good
3668,110,131,320,good
3672,112,136,306,good
3676,109,140,344,good
3688,122,110,339,good
3676,85,134,360,good
3677,113,123,364,good
3652,111,134,349,good
3680,113,132,354,good
3675,110,124,357,good
3680,108,117,360,good
3676,116,132,349,good
3664,111,133,346,good
3686,116,112,350,good
3681,93,142,339,good
3679,116,122,346,good
3657,112,259,332,good
3680,112,150,329,good
3670,94,161,326,good
3661,113,136,314,good
3656,116,138,314,good
3664,107,141,288,good
3690,114,128,355,good
3673,97,130,345,good
3686,110,118,358,good
3659,118,90,344,good
3664,113,134,340,good
3685,129,173,346,good
3681,116,133,321,good
3680,107,132,347,good
3650,107,144,318,good
3680,115,129,337,good
3647,111,135,323,good
3689,107,135,320,good
3675,120,128,318,good
3676,105,134,326,good
3670,131,124,299,good
3678,113,132,300,good
3675,111,111,300,good
3681,43,148,293,good
3689,128,128,294,good
3676,114,135,276,good
3694,106,143,275,good
3673,96,136,272,good
3678,111,138,261,good
3694,112,128,265,good
3677,108,139,200,good
3678,107,124,267,good
3701,123,135,253,good
3678,103,134,274,good
3678,122,137,268,good
3673,114,233,258,good
3723,114,134,253,good
3680,111,136,261,good
3675,125,132,258,good
3683,112,105,257,good
3699,115,133,251,good
3693,121,134,251,good
3694,102,133,244,good
3678,111,134,244,good
3683,108,146,241,good
3688,106,133,235,good
3681,107,151,236,good
3677,135,134,232,good
3585,117,131,265,good
3695,116,55,283,good
3680,116,134,275,good
3678,110,143,281,good
3662,145,130,264,good
3671,121,160,281,good
3676,114,128,272,good
3683,0,136,268,good
3679,117,132,274,good
3679,114,150,256,good
3680,132,130,248,good
3673,89,116,270,good
3678,87,142,253,good
3676,110,106,256,good
3673,142,92,260,good
3679,114,135,256,good
3674,104,160,238,good
3667,95,143,237,good
3679,114,130,241,good
3679,109,139,238,good
3668,118,110,239,good
3660,121,136,236,good
3678,96,134,233,good
3681,117,130,222,good
3680,115,135,225,good
3667,114,147,212,good
3676,114,144,227,good
3663,140,134,219,good
3665,128,135,220,good
3689,115,124,226,good
3656,109,157,201,good
3678,116,132,211,good
3665,111,151,192,good
3676,149,137,209,good
3667,127,125,194,good
3683,214,137,204,good
3682,159,135,200,good
3674,112,141,143,good
3673,118,128,198,good
3678,116,138,198,good
3681,119,136,209,good
3664,119,130,192,good
3689,116,112,182,good
3681,116,117,183,good
3680,120,166,192,good
3688,0,125,190,good
3688,110,139,187,good
3700,111,22,181,good
3671,120,132,170,good
3682,96,163,181,good
3680,109,139,180,good
3670,117,147,183,good
3692,118,138,177,good
3678,122,138,176,good
3679,113,128,172,good
3666,117,168,179,good
3677,115,140,179,good
3691,131,141,174,good
3687,110,209,179,good
3667,89,144,183,good
3678,117,138,169,good
3709,123,114,171,good
3679,114,152,146,good
3685,95,135,164,good
3682,86,138,165,good
3680,128,125,226,good
3677,185,138,162,good
3691,142,133,160,good
3733,139,138,224,good
3677,112,137,157,good
3685,101,117,156,good
3665,106,152,155,good
3694,108,125,194,good
3663,122,131,198,good
3683,52,137,199,good
3689,146,150,210,good
3653,114,137,191,good
3682,119,138,204,good
3678,110,142,210,good
3691,117,265,212,good
3681,130,141,211,good
3691,113,141,201,good
3679,115,138,206,good
3679,112,164,206,good
3679,114,156,198,good
3679,110,149,200,good
3705,117,115,198,good
3650,109,145,181,good
3696,110,117,198,good
3681,114,136,196,good
3677,121,137,256,good
3679,114,140,257,good
3679,114,152,242,good
3724,115,140,268,good
3649,108,134,260,good
3682,102,138,256,good
3680,91,139,266,good
3682,112,136,262,good
3675,113,112,256,good
3690,88,158,260,good
3680,132,146,256,good
3657,110,213,257,good
3698,112,143,249,good
3661,111,147,247,good
3694,111,131,226,good
3674,114,140,244,good
3677,105,140,238,good
3719,117,140,239,good
3668,117,140,225,good
3848,117,144,247,good
3693,116,138,228,good
3679,115,140,226,good
3666,107,139,224,good
3671,112,141,221,good
3677,132,140,217,good
3682,117,136,204,good
3676,129,117,226,good
3680,108,138,202,good
3704,115,141,207,good
3679,113,152,202,good
3692,102,170,198,good
3685,112,137,200,good
3681,102,139,192,good
3700,111,139,195,good
3694,115,136,192,good
3674,114,139,208,good
3680,117,130,234,good
3706,111,153,259,good
3681,114,141,238,good
3668,117,142,253,good
3678,125,118,252,good
3691,102,138,245,good
3689,100,130,230,good
3661,112,138,217,good
3693,100,229,234,good
3596,111,130,222,good
3674,114,130,215,good
3680,116,134,223,good
3679,110,157,211,good
3677,114,144,216,good
3682,115,137,211,good
3677,110,121,224,good
3678,111,142,207,good
3674,112,151,234,good
3676,120,128,205,good
3690,96,149,206,good
3678,121,116,217,good
3665,120,140,197,good
3679,116,144,194,good
3666,138,141,193,good
3670,110,131,181,good
3682,117,134,190,good
3680,116,146,186,good
3678,115,142,190,good
3653,128,135,198,good
3686,113,137,199,good
3692,115,134,185,good
3694,115,136,187,good
3682,164,130,172,good
3698,104,130,185,good
3670,120,116,206,good
3675,118,139,233,good
3669,118,123,226,good
3663,116,91,232,good
3666,114,137,222,good
3678,119,150,230,good
3679,114,139,224,good
3679,118,145,234,good
3666,110,129,246,good
3681,118,137,226,good
3679,135,132,232,good
3682,116,110,228,good
3669,107,129,194,good
3585,122,130,217,good
3681,125,139,213,good
3683,113,233,216,good
3675,114,137,218,good
3763,123,137,209,good
3682,118,125,256,good
3675,103,166,300,good
3687,110,122,312,good
3679,118,147,314,good
3679,117,141,324,good
3669,116,138,337,good
3676,121,119,323,good
3675,115,136,330,good
3676,115,136,326,good
3706,118,119,333,good
3677,112,120,332,good
3688,105,126,328,good
3655,117,136,315,good
3694,112,135,320,good
3632,119,138,312,good
3687,113,107,311,good
3678,114,148,302,good
3674,118,130,298,good
3709,116,136,361,good
3679,106,136,288,good
3678,118,136,285,good
3693,101,138,283,good
3682,115,154,303,good
3673,114,114,319,good
3685,112,132,322,good
3679,225,144,314,good
3531,114,138,289,good
3682,118,132,313,good
3693,123,136,309,good
3691,106,134,300,good
3675,126,135,304,good
3679,116,136,297,good
3678,116,129,303,good
3674,133,113,304,good
3680,118,143,288,good
3705,113,225,288,good
3671,116,148,283,good
3686,130,122,285,good
3689,88,137,274,good
3686,114,132,282,good
3679,113,158,260,good
3681,116,130,276,good
3683,0,130,257,good
3677,90,137,246,good
3665,116,140,289,good
3632,116,132,292,good
3678,113,125,302,good
3683,93,136,350,good
3677,114,128,299,good
3680,113,124,296,good
3683,122,136,293,good
3672,124,114,288,good
3679,147,137,290,good
3677,117,134,325,good
3661,115,205,339,good
3684,119,136,348,good
3678,114,134,335,good
3679,116,145,332,good
3679,115,135,325,good
3673,109,145,352,good
3671,116,112,332,good
3691,113,129,315,good
3678,114,133,317,good
3681,113,150,321,good
3678,134,114,320,good
3670,113,263,306,good
3683,120,135,283,good
3681,114,120,300,good
3677,108,130,252,good
3672,115,135,297,good
3667,116,132,316,good
3677,117,133,328,good
3693,116,135,332,good
3668,87,149,320,good
3664,111,135,318,good
3673,115,131,329,good
3697,110,132,308,good
3680,29,155,307,good
3680,113,132,309,good
3671,113,131,288,good
3657,124,115,308,good
3681,115,142,301,good
3675,101,130,291,good
3671,116,132,278,good
3681,98,132,297,good
3698,112,264,286,good
3670,111,163,277,good
3695,95,129,204,good
3646,119,126,308,good
3666,116,259,300,good
3679,113,157,292,good
3678,107,134,320,good
3673,114,146,317,good
3678,115,104,321,good
3682,104,132,351,good
3679,96,139,305,good
3678,99,135,278,good
3576,112,133,292,good
3678,140,137,279,good
3670,118,118,294,good
3677,112,140,300,good
3678,119,141,289,good
3678,104,133,278,good
3684,113,130,289,good
3667,117,153,274,good
3704,109,128,270,good
3669,141,130,292,good
3677,115,134,267,good
3677,118,100,279,good
3677,94,134,260,good
3676,229,115,257,good
3672,109,133,251,good
3679,120,132,245,good
3679,131,136,240,good
3679,99,134,253,good
3679,90,139,288,good
3679,100,131,280,good
3692,164,117,297,good
3653,103,150,277,good
3679,114,126,278,good
3678,84,134,279,good
3653,112,149,278,good
3674,121,128,280,good
3677,133,119,312,good
3676,121,161,326,good
3695,120,137,285,good
3689,116,131,302,good
3677,116,120,307,good
3678,116,122,298,good
3679,115,132,324,good
3677,123,144,335,good
3675,115,132,335,good
3677,116,130,343,good
3689,113,133,349,good
3674,112,130,316,good
3678,113,141,312,good
3678,113,132,326,good
3688,105,123,325,good
3678,132,122,321,good
3662,131,133,322,good
3677,116,119,318,good
3679,123,132,306,good
3822,115,134,319,good
3706,114,133,305,good
3695,112,126,303,good
3659,113,136,298,good
3679,93,119,288,good
3647,122,146,288,good
3678,102,154,267,good
3672,123,117,278,good
3682,134,133,271,good
3670,133,174,256,good
3677,119,124,269,good
3676,113,154,257,good
3678,114,124,253,good
3681,111,135,300,good
3676,98,129,313,good
3673,126,131,294,good
3677,118,135,338,good
3677,117,132,352,good
3701,111,136,354,good
3675,103,134,482,good
3668,110,139,344,good
3689,95,130,339,good
3690,112,119,344,good
3698,80,134,337,good
3679,114,131,327,good
3664,122,133,281,good
3679,137,134,362,good
3703,113,139,370,good
3688,140,144,364,good
3665,109,131,374,good
3696,126,133,373,good
3684,111,132,366,good
3681,109,133,378,good
3707,65,132,368,good
3678,109,136,368,good
3676,139,134,370,good
3651,129,125,368,good
3681,110,134,360,good
3695,115,132,360,good
3679,113,120,362,good
3674,125,130,340,good
3677,105,135,336,good
3677,87,133,333,good
3677,114,152,332,good
3676,111,110,325,good
3678,113,132,322,good
3682,124,136,334,good
3639,112,141,315,good
3665,117,134,310,good
3675,113,132,301,good
3672,96,128,279,good
3676,117,133,283,good
3662,121,134,286,good
3679,95,160,285,good
3674,126,133,280,good
3702,123,134,305,good
3693,104,132,272,good
3677,218,133,269,good
3671,114,134,279,good
3672,114,132,278,good
3678,87,153,257,good
3689,98,131,269,good
3679,112,118,268,good
3681,113,140,236,good
3717,101,133,248,good
3681,122,136,241,good
3684,94,130,276,good
3682,88,130,231,good
3649,125,131,219,good
3678,116,131,225,good
3683,114,136,235,good
3678,114,59,224,good
3671,126,121,213,good
3686,137,160,207,good
3679,115,132,216,good
3671,118,157,218,good
3681,196,133,213,good
3677,112,134,209,good
3736,105,133,250,good
3703,112,136,257,good
3674,124,145,256,good
3674,115,135,261,good
3684,112,136,273,good
3682,105,133,256,good
3661,104,166,245,good
3683,125,132,246,good
3677,116,129,250,good
3680,113,133,256,good
3677,60,137,298,good
3681,114,123,304,good
3666,116,87,303,good
3675,118,161,294,good
3685,124,133,293,good
3664,95,134,297,good
3681,111,133,291,good
3681,105,137,314,good
3672,78,120,331,good
3676,104,137,324,good
3677,98,134,331,good
3679,118,160,348,good
3675,100,136,331,good
3693,113,130,332,good
3677,101,164,333,good
3678,116,133,324,good
3681,101,133,358,good
3678,101,141,351,good
3688,118,125,363,good
3682,119,170,353,good
3698,116,134,358,good
3652,155,133,348,good
3695,117,130,341,good
3760,126,114,362,good
3678,107,137,329,good
3588,125,126,369,good
3658,122,132,362,good
3681,112,136,370,good
3677,101,130,353,good
3679,116,129,369,good
3659,103,136,354,good
3674,112,129,350,good
3659,133,104,356,good
3693,83,142,360,good
3679,116,122,359,good
3653,125,134,393,good
3678,117,119,407,good
3688,87,151,376,good
3679,103,137,390,good
3677,107,127,389,good
3660,115,134,389,good
3674,143,128,384,good
3683,139,132,377,good
3681,114,133,391,good
3678,113,131,373,good
3666,113,133,371,good
3676,120,123,439,good
3678,118,135,366,good
3677,113,138,359,good
3685,98,130,339,good
3635,115,132,342,good
3683,125,134,344,good
3681,120,135,341,good
3663,112,153,324,good
3688,120,136,305,good
3678,120,126,318,good
3677,113,132,296,good
3648,121,132,305,good
3675,112,135,280,good
3688,86,154,292,good
3673,107,132,296,good
3677,86,133,285,good
3662,186,132,281,good
3671,113,152,274,good
3675,114,131,267,good
3681,120,149,266,good
3676,116,128,262,good
3682,100,161,253,good
3674,129,105,263,good
3680,123,128,226,good
3676,115,139,273,good
3675,104,146,238,good
3667,102,133,251,good
3680,116,133,235,good
3681,100,150,234,good
3669,103,128,249,good
3682,107,128,222,good
3706,114,121,222,good
3679,112,132,203,good
3658,113,135,256,good
3680,117,129,266,good
3679,90,136,266,good
3677,138,130,264,good
3674,108,131,289,good
3647,118,134,239,good
3679,104,124,318,good
3675,109,132,304,good
3685,114,128,341,good
3703,78,136,350,good
3675,117,122,377,good
3657,117,135,364,good
3677,114,132,343,good
3669,138,130,370,good
3679,111,138,350,good
3669,112,121,351,good
3669,108,133,345,good
3671,83,131,367,good
3697,113,138,351,good
3684,110,118,364,good
3671,125,132,351,good
3662,115,132,349,good
3760,133,136,416,good
3676,116,136,341,good
3680,117,118,346,good
3679,106,135,338,good
3684,115,135,337,good
3649,116,141,328,good
3678,104,118,333,good
3682,124,139,321,good
3627,116,134,346,good
3679,139,130,320,good
3699,97,128,313,good
3681,111,130,352,good
3680,121,148,298,good
3678,113,150,300,good
3675,114,178,290,good
3674,122,117,313,good
3677,137,144,287,good
3677,114,131,284,good
3673,115,136,288,good
3680,116,163,256,good
3679,118,134,282,good
3679,110,133,266,good
3684,92,157,263,good
3675,116,136,259,good
3736,114,136,297,good
3677,120,136,238,good
3665,114,136,248,good
3673,130,138,133,good
3657,113,134,256,good
3679,112,135,240,good
3675,266,135,239,good
3694,106,149,270,good
3683,110,144,264,good
3677,122,118,263,good
3698,71,136,258,good
3687,115,137,256,good
3699,93,144,252,good
3674,107,133,252,good
3677,90,115,248,good
3676,134,139,272,good
3687,99,120,297,good
3670,121,140,296,good
3676,110,134,296,good
3741,125,137,253,good
3676,94,131,349,good
3674,128,132,284,good
3659,124,135,275,good
3685,118,128,264,good
3675,85,136,321,good
3679,115,150,327,good
3675,109,145,352,good
3679,116,157,336,good
3677,113,134,324,good
3685,114,133,322,good
3676,105,131,323,good
3673,130,145,298,good
3686,116,141,317,good
3678,98,114,329,good
3601,93,132,229,good
3686,114,136,329,good
3652,129,135,305,good
3680,118,139,349,good
3695,119,126,349,good
3563,116,133,387,good
3669,110,145,395,good
3681,115,142,407,good
3679,138,127,412,good
3677,108,130,410,good
3691,106,136,414,good
3677,114,141,401,good
3698,119,146,415,good
3676,104,114,415,good
3683,109,142,419,good
3675,116,125,418,good
3665,101,134,405,good
3679,136,137,407,good
3648,136,125,405,good
3678,117,116,406,good
3662,113,133,380,good
3662,118,131,384,good
3685,114,131,378,good
3679,115,128,368,good
3679,107,119,375,good
3653,112,133,339,good
3668,136,117,367,good
3679,114,119,348,good
3675,113,136,341,good
3663,109,131,340,good
3671,101,145,312,good
3679,115,129,324,good
3687,116,125,302,good
3682,114,133,325,good
3677,113,130,372,good
3673,105,141,369,good
3671,116,120,365,good
3687,108,133,468,good
3663,116,132,384,good
3663,118,136,364,good
3675,0,132,364,good
3666,114,160,360,good
3675,152,133,385,good
3699,114,131,372,good
3677,111,125,407,good
3681,112,117,393,good
3685,105,133,483,good
3677,60,133,428,good
3678,118,164,426,good
3675,120,116,430,good
3679,128,134,432,good
3700,107,128,468,good
3677,117,133,473,good
3673,102,142,468,good
3691,80,145,481,good
3677,118,149,467,good
3693,110,130,373,good
3663,114,137,483,good
3674,113,124,494,good
3663,115,131,459,good
3677,112,132,509,good
3698,110,133,506,good
3664,102,131,520,good
3675,113,125,520,good
3735,117,135,486,good
3692,115,128,497,good
3680,125,134,483,good
3662,115,128,490,good
3678,115,126,487,good
3676,132,123,484,good
3684,116,136,490,good
3661,139,128,453,good
3676,114,106,473,good
3657,118,134,436,good
3673,115,133,442,good
3673,130,112,451,good
3677,101,129,424,good
3673,113,130,430,good
3670,111,132,413,good
3690,114,129,410,good
3679,118,160,409,good
3678,116,132,397,good
3674,102,126,413,good
3685,112,132,370,good
3670,120,133,383,good
3679,87,133,376,good
3632,116,133,371,good
3679,112,134,388,good
3691,129,134,382,good
3691,106,219,376,good
3743,116,132,369,good
3686,120,104,358,good
3678,117,134,364,good
3673,117,136,366,good
3683,114,134,360,good
3695,86,144,351,good
3671,114,126,332,good
3676,17,133,341,good
3662,128,124,349,good
3677,116,149,328,good
3659,134,133,325,good
3668,110,150,305,good
3678,116,150,313,good
3696,164,112,319,good
3689,106,133,308,good
3673,120,125,306,good
3690,106,221,312,good
3677,123,129,297,good
3678,109,132,290,good
3673,117,130,288,good
3679,114,132,280,good
3687,132,112,279,good
3669,114,128,304,good
3681,111,132,317,good
3671,101,130,316,good
3680,101,141,313,good
3678,105,132,312,good
3659,115,137,308,good
3693,116,202,311,good
3677,106,106,306,good
3687,126,111,306,good
3600,116,132,291,good
3663,123,128,296,good
3676,133,144,266,good
3677,110,137,288,good
3677,144,128,289,good
3677,115,105,290,good
3693,98,138,272,good
3681,108,133,312,good
3690,101,144,267,good
3682,117,162,266,good
3546,114,133,260,good
3677,112,132,261,good
3679,114,162,260,good
3675,116,149,262,good
3669,102,133,249,good
3664,126,148,249,good
3703,112,135,266,good
3669,106,144,254,good
3676,113,132,233,good
3641,118,133,236,good
3691,116,135,241,good
3680,108,132,225,good
3675,117,131,212,good
3674,115,112,224,good
3554,118,132,235,good
3677,141,136,222,good
3657,116,134,216,good
3676,114,123,219,good
3682,120,132,216,good
3701,107,109,216,good
3678,116,130,214,good
3679,0,135,212,good
3655,120,114,206,good
3680,98,136,265,good
3676,114,143,229,good
3661,119,134,202,good
3689,115,133,250,good
3679,30,134,247,good
3707,116,135,244,good
3672,116,123,232,good
3677,113,148,246,good
3675,131,123,243,good
3555,103,133,128,good
3675,112,130,249,good
3677,115,149,241,good
3684,80,136,239,good
3682,120,135,235,good
3677,114,133,239,good
3666,116,128,234,good
3692,88,148,228,good
3675,116,134,228,good
3677,116,135,208,good
3676,116,104,232,good
3709,118,132,266,good
3697,104,162,270,good
3674,111,136,293,good
3687,112,139,273,good
3693,144,125,262,good
3684,118,157,268,good
3680,137,132,259,good
3676,116,128,270,good
3725,112,132,263,good
3584,116,134,248,good
3679,124,146,261,good
3679,116,145,262,good
3675,116,135,240,good
3690,117,127,252,good
3662,115,134,240,good
3687,128,134,237,good
3677,118,136,243,good
3704,115,118,270,good
3673,118,137,240,good
3668,117,151,252,good
3675,202,132,242,good
3678,117,150,229,good
3671,124,114,258,good
3673,136,133,222,good
3678,105,135,229,good
3678,120,134,232,good
3673,102,131,234,good
3681,120,134,229,good
3598,114,133,223,good
3673,93,136,197,good
3655,115,134,218,good
3684,118,135,218,good
3678,112,123,226,good
3669,97,132,237,good
3669,107,84,272,good
3680,112,142,261,good
3690,133,128,308,good
3677,38,149,305,good
3679,142,133,306,good
3673,119,135,310,good
3680,118,132,312,good
3685,124,134,298,good
3658,116,132,302,good
3679,112,134,305,good
3676,113,132,307,good
3679,113,134,310,good
3686,77,133,302,good
3679,115,142,302,good
3677,120,123,327,good
3695,119,115,302,good
3678,119,133,285,good
3685,104,140,280,good
3531,115,134,284,good
3668,119,131,273,good
3680,115,130,266,good
3677,112,152,276,good
3679,124,133,267,good
3679,124,133,262,good
3674,105,137,268,good
3676,111,133,258,good
3680,90,134,254,good
3684,106,139,264,good
3645,107,148,247,good
3677,123,129,253,good
3676,123,138,235,good
3674,118,124,240,good
3680,88,133,239,good
3679,126,117,248,good
3680,118,134,237,good
3674,112,105,230,good
3675,92,134,237,good
3677,116,125,222,good
3675,100,146,224,good
3678,119,126,232,good
3677,117,134,227,good
3683,116,132,226,good
3679,120,163,216,good
3653,110,151,206,good
3679,106,129,210,good
3675,111,130,219,good
3663,125,95,207,good
3678,116,144,252,good
3680,125,125,259,good
3748,122,136,257,good
3679,118,132,292,good
3679,121,126,294,good
3674,120,120,314,good
3681,121,128,277,good
3676,116,137,272,good
3675,120,133,308,good
3684,121,149,310,good
3685,87,134,300,good
3674,120,132,284,good
3698,122,117,310,good
3709,124,111,299,good
3675,130,128,297,good
3682,95,129,293,good
3692,116,140,288,good
3677,119,113,304,good
3679,119,161,281,good
3677,111,120,277,good
3673,119,131,268,good
3675,122,129,270,good
3681,119,129,261,good
3673,121,134,269,good
3676,106,135,300,good
3692,113,55,313,good
3683,114,131,339,good
3669,119,279,341,good
3687,116,132,336,good
3653,129,142,344,good
3674,128,134,346,good
3677,134,122,373,good
3666,121,150,351,good
3679,143,126,348,good
3679,131,130,248,good
3685,115,108,352,good
3675,117,128,328,good
3676,117,141,329,good
3698,112,115,338,good
3654,116,131,315,good
3682,115,111,322,good
3648,98,160,279,good
3678,97,132,309,good
3681,92,134,309,good
3675,115,119,308,good
3674,129,135,307,good
3681,116,132,301,good
3680,116,117,288,good
3666,112,157,300,good
3692,112,118,284,good
3654,115,150,273,good
3680,116,130,265,good
3670,122,132,263,good
3663,115,88,259,good
3666,116,145,272,good
3682,232,131,249,good
3697,107,116,250,good
3679,116,192,232,good
3679,95,132,243,good
3675,118,140,244,good
3679,105,131,237,good
3671,115,138,249,good
3671,100,130,245,good
3676,122,136,242,good
3676,116,120,232,good
3686,110,138,216,good
3681,125,140,223,good
3675,116,133,302,good
3675,103,125,222,good
3678,114,150,221,good
3673,133,131,116,good
3673,85,130,217,good
3706,113,131,219,good
3679,102,132,234,good
3693,91,131,196,good
3673,114,132,195,good
3677,117,144,198,good
3676,116,132,192,good
3679,120,131,189,good
3666,117,152,182,good
3677,111,132,192,good
3697,119,114,195,good
3659,113,130,178,good
3699,106,115,189,good
3707,110,120,187,good
3680,113,125,168,good
3683,126,111,185,good
3566,112,128,183,good
3681,77,132,197,good
3680,102,146,178,good
3674,201,153,178,good
3680,112,127,183,good
3675,114,126,178,good
3664,126,133,104,good
3647,114,128,164,good
3675,116,126,120,good
3682,92,133,174,good
3687,107,125,187,good
3660,116,89,174,good
3698,114,133,172,good
3673,125,111,182,good
3651,115,132,160,good
3678,113,131,164,good
3679,88,130,164,good
3676,109,128,199,good
3685,120,134,145,good
3678,120,125,165,good
3678,113,141,150,good
3683,0,132,161,good
3677,113,130,162,good
3699,112,112,168,good
3679,110,134,160,good
3643,113,131,150,good
3684,0,130,159,good
3676,48,120,158,good
3691,113,134,157,good
3673,108,133,160,good
3669,93,159,162,good
3679,109,152,158,good
3677,129,124,154,good
3676,105,130,154,good
3678,103,117,158,good
3703,114,112,162,good
3663,128,139,157,good
3676,112,136,158,good
3678,123,132,199,good
3665,115,136,311,good
3676,113,104,343,good
3668,98,133,370,good
3675,146,132,428,good
3677,119,149,452,good
3674,118,133,479,good
3679,109,133,514,good
3669,114,178,565,good
3677,118,130,563,good
3676,119,146,632,good
3670,23,148,690,good
3675,119,144,695,good
3674,117,129,729,good
3676,117,120,774,good
3672,107,134,784,good
3676,117,135,831,good
3676,118,157,856,good
3688,123,131,878,good
3665,121,131,893,good
3672,115,124,966,good
3675,116,148,953,good
3671,116,144,903,good
3675,117,120,1016,good
3660,118,132,1057,good
3681,97,138,1050,good
3691,113,105,1082,good
3691,120,118,1100,good
3675,108,137,1097,good
3671,113,128,1134,good
3657,115,132,1110,good
3682,115,131,1115,good
3674,118,112,1167,good
3663,110,134,1175,good
3683,106,119,1179,good
3673,117,132,1202,good
3673,108,130,1224,good
3675,88,137,1201,good
3684,105,216,1201,good
3681,114,143,1277,good
3671,110,139,1238,good
3672,0,133,1275,good
3671,106,133,1286,good
3672,105,125,1296,good
3673,130,140,1288,good
3700,114,120,1324,good
3669,183,134,1309,good
3737,117,128,1323,good
3675,113,144,1310,good
3783,114,131,1315,good
3674,109,104,1331,good
3678,117,122,1345,good
3673,114,120,1357,good
3672,124,131,1336,good
3713,110,123,1336,good
3681,119,106,1323,good
3679,98,132,1313,good
3674,112,124,1304,good
3670,28,138,1312,good
3653,118,133,1299,good
3669,126,142,1281,good
3701,117,131,1261,good
3671,107,143,1146,good
3669,96,132,1224,good
3673,115,133,1205,good
3653,114,130,1182,good
3675,115,126,1164,good
3662,122,132,1154,good
3669,112,132,1143,good
3672,111,112,1098,good
3666,116,130,1068,good
3674,132,126,1056,good
3673,110,146,1028,good
3700,126,108,1013,good
3671,124,130,993,good
3675,117,124,961,good
3765,113,135,1017,good
3697,112,138,984,good
3673,112,120,986,good
3673,104,142,978,good
3680,112,131,967,good
3674,114,128,927,good
3669,128,25,945,good
3675,112,122,950,good
3688,110,73,932,good
3677,104,125,987,good
3658,102,152,947,good
3664,105,144,937,good
3681,113,128,931,good
3687,114,128,919,good
3678,114,126,898,good
3671,98,134,901,good
3683,115,130,874,good
3675,116,130,861,good
3653,112,135,848,good
3664,111,136,823,good
3675,138,134,820,good
3675,90,141,795,good
3677,112,128,794,good
3657,107,143,757,good
3658,116,142,750,good
3674,110,128,731,good
3687,112,131,742,good
3679,109,134,757,good
3648,115,131,733,good
3674,126,125,728,good
3674,128,131,713,good
3669,114,133,715,good
3684,108,142,699,good
3676,117,132,710,good
3681,114,152,708,good
3666,111,135,696,good
3672,134,132,690,good
3675,124,119,690,good
3682,77,134,678,good
3690,79,129,656,good
3678,136,141,656,good
3676,117,130,676,good
3665,108,132,664,good
3677,135,121,662,good
3654,117,125,657,good
3700,119,133,683,good
3677,112,133,677,good
3679,113,122,674,good
3670,106,67,668,good
3663,100,132,676,good
3676,109,133,652,good
3684,128,102,681,good
3675,111,86,676,good
3685,192,128,658,good
3650,112,132,669,good
3690,115,129,657,good
3679,104,133,644,good
3694,112,132,648,good
3675,89,139,632,good
3677,125,130,669,good
3697,124,133,656,good
3667,110,130,641,good
3665,120,131,629,good
3689,94,139,674,good
3680,109,134,656,good
3682,80,145,662,good
3667,129,131,640,good
3673,123,130,651,good
3677,117,138,645,good
3648,117,133,637,good
3683,85,159,629,good
3656,113,132,611,good
3673,111,138,622,good
3677,141,134,600,good
3679,123,130,596,good
3679,109,132,577,good
3648,108,133,568,good
3695,117,106,559,good
3671,111,121,532,good
3676,116,155,540,good
3669,115,131,525,good
3678,112,152,512,good
3699,120,107,507,good
3675,101,130,496,good
3683,84,128,417,good
3661,124,150,474,good
3650,113,137,465,good
3676,61,126,461,good
3686,82,138,538,good
3677,118,131,525,good
3672,111,140,536,good
3687,121,121,556,good
3691,114,132,532,good
3675,102,128,525,good
3677,139,133,504,good
3709,110,131,514,good
3687,109,129,512,good
3675,129,134,504,good
3681,112,139,514,good
3657,113,132,490,good
3677,116,125,482,good
3589,129,120,476,good
3670,112,135,484,good
3677,113,139,450,good
3677,112,132,447,good
3680,111,164,456,good
3674,110,122,440,good
3677,110,134,429,good
3683,113,134,324,good
3679,182,130,413,good