329,328,167,3655,paper
329,325,160,3651,paper
329,323,164,3653,paper
328,322,159,3649,paper
330,323,161,3653,paper
327,324,160,3652,paper
330,323,162,3651,paper
326,324,161,3651,paper
329,321,161,3652,paper
332,324,161,3652,paper
327,318,160,3648,paper
329,317,166,3651,paper
325,315,164,3650,paper
329,319,166,3647,paper
324,323,166,3654,paper
330,337,164,3650,paper
327,348,169,3653,paper
329,352,174,3650,paper
327,357,177,3652,paper
328,354,174,3648,paper
327,353,175,3653,paper
327,347,172,3652,paper
328,345,172,3653,paper
327,342,173,3655,paper
330,341,172,3650,paper
329,341,173,3652,paper
329,338,170,3651,paper
329,338,173,3653,paper
330,332,168,3645,paper
328,330,171,3650,paper
328,328,168,3648,paper
330,332,169,3649,paper
326,338,168,3653,paper
331,344,168,3649,paper
327,347,170,3653,paper
328,344,167,3648,paper
328,353,169,3652,paper
327,357,166,3650,paper
329,371,168,3652,paper
328,378,163,3653,paper
327,384,164,3651,paper
323,379,160,3655,paper
327,379,162,3652,paper
325,377,163,3652,paper
327,374,162,3649,paper
329,378,163,3651,paper
328,378,159,3649,paper
330,386,163,3650,paper
327,398,164,3650,paper
329,404,162,3651,paper
326,402,160,3653,paper
330,398,160,3650,paper
327,392,162,3655,paper
327,383,157,3651,paper
326,380,159,3655,paper
327,373,154,3650,paper
328,370,156,3656,paper
326,364,155,3654,paper
330,362,158,3651,paper
327,359,156,3653,paper
341,451,369,3662,paper
345,443,346,3655,paper
345,452,351,3658,paper
344,432,351,3650,paper
341,417,365,3644,paper
341,421,348,3654,paper
350,426,349,3662,paper
342,433,356,3653,paper
339,440,336,3659,paper
356,457,328,3663,paper
345,464,359,3658,paper
331,482,331,3661,paper
343,465,360,3656,paper
334,472,367,3654,paper
335,466,372,3664,paper
337,445,387,3674,paper
343,461,375,3659,paper
352,489,370,3673,paper
342,478,362,3679,paper
344,453,394,3601,paper
342,444,405,3660,paper
342,465,376,3666,paper
347,499,385,3685,paper
341,485,387,3689,paper
341,497,382,3660,paper
343,495,386,3735,paper
324,492,386,3582,paper
268,491,372,3657,paper
350,476,377,3663,paper
336,469,391,3641,paper
337,463,373,3660,paper
347,452,390,3663,paper
351,447,393,3697,paper
344,458,400,3663,paper
341,451,397,3657,paper
340,447,391,3656,paper
337,425,388,3648,paper
352,471,367,3663,paper
341,441,379,3677,paper
348,435,374,3651,paper
332,437,275,3650,paper
341,422,365,3659,paper
341,416,365,3677,paper
336,413,370,3666,paper
342,358,364,3661,paper
339,415,355,3651,paper
335,420,351,3671,paper
339,393,367,3659,paper
363,415,355,3658,paper
339,426,358,3663,paper
346,407,345,3658,paper
346,407,353,3663,paper
334,401,344,3664,paper
347,389,328,3661,paper
338,392,344,3658,paper
337,361,338,3706,paper
339,385,326,3661,paper
347,381,330,3658,paper
350,390,420,3663,paper
339,388,325,3673,paper
324,388,337,3656,paper
344,383,326,3641,paper
329,382,331,3647,paper
336,375,332,3663,paper
341,369,362,3659,paper
341,370,350,3663,paper
338,360,384,3653,paper
326,353,374,3637,paper
336,354,370,3660,paper
335,379,367,3661,paper
333,363,369,3666,paper
338,365,368,3655,paper
311,356,372,3660,paper
328,365,354,3650,paper
334,356,352,3670,paper
336,367,352,3658,paper
315,363,353,3661,paper
346,361,369,3650,paper
349,365,337,3655,paper
344,365,346,3662,paper
349,372,339,3652,paper
347,415,350,3724,paper
352,416,370,3713,paper
348,404,386,3664,paper
355,414,356,3672,paper
362,401,388,3662,paper
347,386,371,3671,paper
347,417,381,3659,paper
345,401,385,3677,paper
342,415,387,3661,paper
345,404,385,3681,paper
362,417,387,3660,paper
347,414,396,3661,paper
351,400,385,3641,paper
389,405,394,3658,paper
345,400,393,3657,paper
342,400,404,3652,paper
350,387,368,3654,paper
349,399,380,3655,paper
322,395,384,3665,paper
357,412,369,3669,paper
342,373,388,3657,paper
341,374,393,3657,paper
357,372,390,3659,paper
336,338,397,3654,paper
345,385,378,3657,paper
334,397,377,3652,paper
345,393,387,3660,paper
341,462,374,3661,paper
340,443,335,3649,paper
350,462,365,3650,paper
377,427,370,3661,paper
337,436,376,3659,paper
353,429,258,3660,paper
349,424,343,3657,paper
350,418,336,3658,paper
342,415,361,3653,paper
320,408,361,3661,paper
341,406,349,3665,paper
354,402,349,3658,paper
332,417,353,3657,paper
341,400,349,3660,paper
329,391,223,3660,paper
340,405,342,3659,paper
356,402,348,3656,paper
337,410,368,3637,paper
340,413,367,3659,paper
343,416,359,3677,paper
336,400,405,3665,paper
331,405,398,3661,paper
349,396,397,3668,paper
344,413,374,3657,paper
332,450,349,3655,paper
337,481,405,3659,paper
343,487,380,3681,paper
314,498,378,3638,paper
343,508,381,3669,paper
341,529,383,3659,paper
334,526,466,3646,paper
337,517,325,3677,paper
340,512,371,3669,paper
341,499,370,3685,paper
343,498,359,3661,paper
340,507,377,3657,paper
340,479,374,3655,paper
337,484,399,3675,paper
342,485,321,3668,paper
339,503,370,3658,paper
329,504,395,3653,paper
338,498,395,3666,paper
340,486,410,3659,paper
336,475,402,3661,paper
336,477,440,3641,paper
328,475,452,3640,paper
328,479,471,3658,paper
339,469,492,3661,paper
343,460,494,3655,paper
345,474,499,3642,paper
342,476,479,3654,paper
343,496,481,3658,paper
348,477,492,3660,paper
342,474,484,3659,paper
347,474,472,3672,paper
344,451,490,3665,paper
333,456,512,3659,paper
341,441,481,3673,paper
340,437,485,3679,paper
307,428,462,3628,paper
339,419,481,3659,paper
339,434,474,3655,paper
341,429,462,3745,paper
342,430,462,3659,paper
343,437,457,3648,paper
338,428,445,3665,paper
348,429,448,3646,paper
356,428,444,3663,paper
339,427,440,3581,paper
345,430,434,3672,paper
346,423,422,3655,paper
339,418,425,3663,paper
333,413,418,3653,paper
341,403,411,3646,paper
339,401,406,3659,paper
359,393,408,3673,paper
340,392,416,3663,paper
344,396,420,3645,paper
345,394,438,3650,paper
352,399,448,3656,paper
361,407,434,3685,paper
345,404,452,3661,paper
349,401,457,3661,paper
350,396,477,3658,paper
343,391,467,3661,paper
310,386,500,3654,paper
349,379,493,3680,paper
355,371,572,3670,paper
341,355,513,3661,paper
345,368,546,3659,paper
353,357,541,3658,paper
352,352,629,3671,paper
365,353,541,3662,paper
345,346,530,3660,paper
364,339,540,3685,paper
367,340,509,3656,paper
352,335,523,3654,paper
345,311,516,3647,paper
350,303,497,3641,paper
343,323,494,3658,paper
349,321,493,3658,paper
346,318,516,3661,paper
344,340,491,3632,paper
346,355,491,3673,paper
344,365,484,3674,paper
340,362,582,3645,paper
293,355,481,3681,paper
340,372,479,3659,paper
335,372,469,3636,paper
367,369,454,3658,paper
332,368,446,3674,paper
345,354,454,3671,paper
346,352,452,3673,paper
322,368,444,3661,paper
346,354,450,3691,paper
334,342,443,3652,paper
320,332,444,3613,paper
348,358,436,3665,paper
344,353,430,3659,paper
337,369,417,3661,paper
343,358,438,3657,paper
343,375,416,3644,paper
343,348,412,3660,paper
346,353,403,3671,paper
341,328,400,3672,paper
340,344,403,3676,paper
345,350,402,3651,paper
371,330,395,3658,paper
341,358,407,3650,paper
343,363,403,3660,paper
280,388,411,3662,paper
344,388,404,3662,paper
345,382,402,3723,paper
346,367,395,3607,paper
352,395,431,3660,paper
355,388,393,3663,paper
344,400,393,3662,paper
378,402,379,3659,paper
349,389,376,3658,paper
348,427,389,3663,paper
345,384,462,3673,paper
349,393,401,3677,paper
341,378,415,3664,paper
350,368,389,3648,paper
344,371,412,3669,paper
346,368,401,3661,paper
344,367,397,3682,paper
345,374,386,3604,paper
330,359,398,3663,paper
338,361,331,3643,paper
344,344,404,3657,paper
345,348,375,3659,paper
274,343,372,3677,paper
342,341,364,3662,paper
348,340,362,3649,paper
345,347,341,3661,paper
344,349,356,3660,paper
358,339,371,3646,paper
347,376,381,3658,paper
370,371,402,3654,paper
347,367,405,3654,paper
323,351,419,3624,paper
353,359,405,3652,paper
345,382,410,3633,paper
349,419,400,3674,paper
345,398,434,3666,paper
349,417,431,3662,paper
364,424,406,3662,paper
349,346,416,3661,paper
349,402,424,3627,paper
350,416,413,3662,paper
350,418,414,3650,paper
362,400,351,3678,paper
348,400,405,3699,paper
342,389,409,3655,paper
337,396,403,3656,paper
353,400,408,3661,paper
454,401,404,3655,paper
353,393,414,3664,paper
368,397,390,3653,paper
371,405,391,3661,paper
379,397,385,3644,paper
379,405,380,3663,paper
378,424,377,3664,paper
400,448,370,3661,paper
388,515,385,3641,paper
391,471,387,3666,paper
394,381,382,3655,paper
392,481,375,3654,paper
389,492,380,3665,paper
371,508,373,3663,paper
391,492,366,3657,paper
389,528,355,3665,paper
394,483,369,3662,paper
407,470,370,3657,paper
392,486,364,3669,paper
391,490,363,3706,paper
387,476,386,3660,paper
392,472,414,3650,paper
398,478,401,3647,paper
390,469,404,3649,paper
437,471,382,3674,paper
388,442,397,3661,paper
384,452,389,3642,paper
388,451,365,3676,paper
394,442,378,3651,paper
398,443,362,3666,paper
388,453,353,3651,paper
389,447,364,3796,paper
391,472,363,3658,paper
392,482,357,3602,paper
396,494,342,3663,paper
395,498,341,3671,paper
372,494,347,3636,paper
384,481,336,3672,paper
368,483,352,3659,paper
384,467,341,3634,paper
384,481,339,3677,paper
381,459,321,3683,paper
383,476,327,3744,paper
382,471,324,3743,paper
375,464,329,3668,paper
382,484,334,3650,paper
364,491,331,3658,paper
376,500,316,3664,paper
374,540,323,3670,paper
385,490,316,3661,paper
379,488,318,3658,paper
391,495,305,3656,paper
376,476,325,3626,paper
380,471,307,3663,paper
354,480,314,3635,paper
389,463,278,3675,paper
375,462,298,3681,paper
372,456,316,3660,paper
373,448,303,3661,paper
372,453,280,3681,paper
371,441,305,3649,paper
371,445,300,3661,paper
369,500,297,3659,paper
369,471,295,3662,paper
368,452,306,3664,paper
368,473,325,3651,paper
365,565,296,3662,paper
372,472,372,3671,paper
358,473,313,3668,paper
358,468,312,3644,paper
343,468,302,3660,paper
360,411,294,3657,paper
367,449,313,3684,paper
365,424,317,3663,paper
365,449,307,3658,paper
364,458,301,3660,paper
351,458,306,3642,paper
375,455,299,3657,paper
361,459,294,3663,paper
364,464,277,3666,paper
360,448,292,3675,paper
373,454,290,3678,paper
376,448,289,3661,paper
374,429,288,3659,paper
359,534,285,3664,paper
365,431,277,3664,paper
352,432,288,3662,paper
408,431,286,3660,paper
357,415,284,3680,paper
350,430,273,3676,paper
359,405,279,3662,paper
341,391,276,3661,paper
354,392,265,3660,paper
350,371,280,3666,paper
359,396,274,3645,paper
353,407,289,3665,paper
364,431,286,3677,paper
351,423,325,3672,paper
344,414,336,3659,paper
351,417,284,3667,paper
352,415,284,3677,paper
350,416,308,3655,paper
330,430,299,3659,paper
354,437,297,3674,paper
345,447,297,3659,paper
340,466,302,3659,paper
350,456,292,3659,paper
358,469,312,3656,paper
353,447,303,3669,paper
347,435,304,3661,paper
354,417,281,3669,paper
349,432,305,3659,paper
350,425,289,3656,paper
349,431,307,3663,paper
348,428,300,3653,paper
351,432,270,3665,paper
344,416,299,3659,paper
371,400,278,3666,paper
344,405,276,3639,paper
349,412,278,3663,paper
349,444,269,3654,paper
357,461,271,3641,paper
332,472,322,3656,paper
352,473,268,3663,paper
348,482,264,3662,paper
355,509,262,3752,paper
355,566,269,3648,paper
350,554,276,3665,paper
357,548,286,3657,paper
348,535,275,3661,paper
437,538,284,3671,paper
349,538,286,3641,paper
368,534,288,3659,paper
354,530,322,3668,paper
338,533,314,3655,paper
349,543,325,3660,paper
428,543,314,3664,paper
371,547,316,3660,paper
356,548,317,3650,paper
347,536,313,3613,paper
354,522,305,3676,paper
356,509,290,3648,paper
360,506,305,3663,paper
356,524,300,3646,paper
336,537,293,3659,paper
351,546,302,3657,paper
347,534,247,3648,paper
349,521,298,3669,paper
351,512,293,3661,paper
350,507,288,3661,paper
345,505,281,3643,paper
350,507,296,3662,paper
351,498,288,3661,paper
346,497,285,3643,paper
343,484,297,3638,paper
351,487,283,3666,paper
342,482,284,3653,paper
353,478,281,3664,paper
347,472,285,3665,paper
351,485,279,3659,paper
347,469,274,3665,paper
344,474,227,3660,paper
364,471,286,3661,paper
350,458,295,3659,paper
353,461,264,3671,paper
340,455,283,3664,paper
343,442,284,3655,paper
347,443,284,3736,paper
360,432,231,3679,paper
349,423,296,3682,paper
347,420,305,3574,paper
338,436,297,3646,paper
332,437,205,3662,paper
354,437,306,3653,paper
347,436,301,3663,paper
356,439,302,3656,paper
341,433,299,3659,paper
348,430,294,3659,paper
349,429,306,3662,paper
347,435,280,3663,paper
345,424,242,3654,paper
346,416,294,3659,paper
352,406,263,3671,paper
344,402,269,3664,paper
395,386,292,3665,paper
332,395,293,3648,paper
327,387,306,3654,paper
353,391,312,3645,paper
339,380,309,3658,paper
338,391,309,3670,paper
336,405,303,3655,paper
347,412,280,3678,paper
349,398,293,3668,paper
345,379,292,3751,paper
342,398,284,3667,paper
343,417,286,3645,paper
351,411,288,3657,paper
346,528,288,3662,paper
351,429,290,3650,paper
346,416,286,3661,paper
352,421,284,3656,paper
345,424,284,3662,paper
346,403,278,3675,paper
347,411,267,3725,paper
347,390,274,3660,paper
339,403,290,3662,paper
324,368,289,3635,paper
360,366,288,3671,paper
351,388,303,3647,paper
337,400,295,3661,paper
348,399,286,3671,paper
352,418,280,3658,paper
382,407,283,3665,paper
347,358,278,3661,paper
308,439,298,3634,paper
350,422,304,3681,paper
347,418,304,3676,paper
343,418,292,3674,paper
339,436,295,3661,paper
343,428,309,3652,paper
361,389,277,3658,paper
357,413,297,3659,paper
333,424,286,3663,paper
349,500,264,3660,paper
360,416,276,3659,paper
336,431,288,3758,paper
343,417,362,3643,paper
328,410,302,3663,paper
346,422,285,3663,paper
291,423,283,3675,paper
347,421,272,3678,paper
330,416,280,3659,paper
347,423,276,3676,paper
347,391,280,3670,paper
349,403,292,3670,paper
348,413,275,3651,paper
364,382,274,3666,paper
352,386,265,3663,paper
343,357,294,3658,paper
354,380,290,3664,paper
349,356,295,3669,paper
348,370,295,3753,paper
351,364,305,3661,paper
340,347,293,3661,paper
352,380,284,3660,paper
353,395,274,3662,paper
349,378,302,3664,paper
354,380,282,3661,paper
351,366,286,3654,paper
368,361,296,3761,paper
347,365,271,3665,paper
346,356,302,3654,paper
353,366,298,3659,paper
349,337,304,3799,paper
345,343,308,3658,paper
348,335,328,3654,paper
361,336,299,3657,paper
348,341,296,3663,paper
365,337,288,3664,paper
351,358,292,3672,paper
358,363,273,3662,paper
372,375,295,3659,paper
366,374,293,3665,paper
356,413,282,3682,paper
351,389,295,3662,paper
354,429,292,3660,paper
349,406,303,3653,paper
356,423,293,3667,paper
355,422,296,3659,paper
352,416,280,3658,paper
350,412,290,3671,paper
367,442,288,3654,paper
355,450,286,3653,paper
352,465,289,3658,paper
355,480,288,3661,paper
353,482,298,3663,paper
358,467,293,3665,paper
351,482,288,3644,paper
344,461,315,3660,paper
349,435,303,3661,paper
355,467,292,3664,paper
350,437,290,3666,paper
355,439,297,3659,paper
362,464,306,3669,paper
356,451,307,3664,paper
358,440,309,3663,paper
356,436,309,3662,paper
350,432,302,3644,paper
361,420,320,3666,paper
357,426,321,3651,paper
356,424,303,3632,paper
353,422,300,3639,paper
363,435,289,3673,paper
369,407,325,3663,paper
378,399,312,3659,paper
340,396,338,3662,paper
341,398,328,3570,paper
357,381,327,3671,paper
355,376,330,3659,paper
359,386,332,3646,paper
300,381,335,3661,paper
357,372,339,3667,paper
350,366,359,3660,paper
366,364,344,3665,paper
357,373,342,3714,paper
355,357,318,3669,paper
348,349,353,3658,paper
358,354,339,3668,paper
352,348,323,3660,paper
375,343,320,3661,paper
357,338,319,3660,paper
360,334,329,3644,paper
357,328,325,3656,paper
357,330,320,3663,paper
365,340,326,3674,paper
359,324,320,3661,paper
358,343,324,3670,paper
357,338,312,3653,paper
356,332,310,3663,paper
358,315,322,3661,paper
359,290,317,3655,paper
373,319,332,3678,paper
351,328,332,3660,paper
358,370,346,3653,paper
385,313,334,3651,paper
375,308,346,3659,paper
351,328,338,3670,paper
348,342,350,3654,paper
358,347,329,3657,paper
356,320,338,3664,paper
358,329,325,3667,paper
358,317,332,3661,paper
358,337,344,3674,paper
361,334,338,3655,paper
359,256,340,3665,paper
366,332,329,3622,paper
359,321,338,3665,paper
358,315,342,3659,paper
354,313,335,3661,paper
358,308,338,3660,paper
336,310,340,3639,paper
371,304,241,3660,paper
360,294,357,3607,paper
365,286,362,3662,paper
361,290,348,3660,paper
375,292,236,3663,paper
359,293,336,3664,paper
352,312,364,3663,paper
363,322,341,3652,paper
362,304,349,3655,paper
369,296,339,3631,paper
357,321,336,3643,paper
367,324,347,3662,paper
379,346,336,3660,paper
359,350,317,3664,paper
345,364,344,3636,paper
363,376,331,3664,paper
361,369,333,3633,paper
367,388,337,3640,paper
348,390,346,3659,paper
366,402,336,3643,paper
357,382,340,3651,paper
361,379,360,3670,paper
366,386,348,3661,paper
368,413,330,3661,paper
370,417,352,3617,paper
368,411,350,3659,paper
366,435,357,3651,paper
366,445,361,3646,paper
381,448,374,3674,paper
360,435,362,3658,paper
363,486,355,3660,paper
355,434,254,3642,paper
362,422,356,3658,paper
363,417,360,3682,paper
372,404,362,3714,paper
360,414,364,3660,paper
306,399,360,3674,paper
365,380,357,3658,paper
363,389,368,3685,paper
366,389,344,3655,paper
364,390,347,3664,paper
373,409,361,3650,paper
357,399,486,3662,paper
366,317,381,3658,paper
372,393,452,3674,paper
367,414,360,3660,paper
370,462,383,3654,paper
376,401,370,3657,paper
374,413,368,3657,paper
374,405,354,3680,paper
356,411,429,3654,paper
359,416,359,3670,paper
373,426,353,3645,paper
370,416,353,3669,paper
363,427,325,3661,paper
374,412,350,3667,paper
360,305,338,3662,paper
368,395,320,3665,paper
370,389,344,3655,paper
371,378,337,3664,paper
389,390,336,3662,paper
369,375,344,3661,paper
363,376,357,3659,paper
371,379,337,3643,paper
370,369,337,3659,paper
370,346,330,3657,paper
369,366,334,3663,paper
371,354,331,3643,paper
362,350,333,3652,paper
359,348,338,3657,paper
368,360,321,3659,paper
367,286,320,3663,paper
371,348,316,3658,paper
381,358,325,3687,paper
369,346,312,3649,paper
371,349,310,3657,paper
361,350,307,3660,paper
368,353,305,3675,paper
348,361,305,3663,paper
346,351,305,3660,paper
359,363,292,3641,paper
382,349,286,3687,paper
370,357,312,3659,paper
369,353,306,3664,paper
382,341,310,3673,paper
385,341,301,3663,paper
368,330,311,3658,paper
371,337,300,3651,paper
380,328,348,3662,paper
361,325,303,3666,paper
374,304,298,3663,paper
390,325,306,3690,paper
380,325,276,3668,paper
378,308,295,3666,paper
369,299,285,3677,paper
371,316,282,3639,paper
374,300,298,3654,paper
364,328,298,3651,paper
365,300,314,3674,paper
364,321,314,3636,paper
366,324,320,3583,paper
365,328,304,3671,paper
371,333,343,3658,paper
364,328,331,3661,paper
362,336,341,3673,paper
381,331,330,3677,paper
377,300,339,3699,paper
378,317,339,3677,paper
371,369,328,3662,paper
372,300,330,3665,paper
359,299,354,3661,paper
393,320,331,3753,paper
370,308,326,3662,paper
369,318,324,3667,paper
370,322,328,3663,paper
373,337,328,3670,paper
370,322,328,3658,paper
356,318,322,3686,paper
368,322,349,3651,paper
374,339,330,3660,paper
366,367,330,3667,paper
360,357,334,3666,paper
374,348,331,3660,paper
359,345,330,3665,paper
367,367,316,3669,paper
333,328,322,3559,paper
374,333,320,3663,paper
439,355,325,3665,paper
363,344,317,3650,paper
384,342,333,3654,paper
365,332,320,3563,paper
359,344,316,3663,paper
375,332,294,3677,paper
357,347,310,3653,paper
358,324,307,3656,paper
369,321,314,3668,paper
370,324,321,3649,paper
373,315,375,3669,paper
373,303,325,3652,paper
366,318,265,3654,paper
344,320,327,3658,paper
369,310,327,3661,paper
368,321,331,3659,paper
370,325,336,3659,paper
357,358,329,3621,paper
386,351,330,3657,paper
382,352,329,3641,paper
367,338,358,3661,paper
364,345,345,3644,paper
373,341,342,3657,paper
367,337,338,3661,paper
367,322,336,3684,paper
368,330,321,3656,paper
371,319,333,3651,paper
381,327,427,3660,paper
366,314,358,3650,paper
363,339,324,3663,paper
366,324,332,3665,paper
364,329,313,3671,paper
364,330,337,3653,paper
351,328,324,3618,paper
355,325,326,3663,paper
354,288,346,3673,paper
385,299,359,3659,paper
354,290,367,3666,paper
365,297,364,3669,paper
355,304,375,3663,paper
364,308,356,3659,paper
362,309,358,3714,paper
362,303,357,3657,paper
360,301,360,3662,paper
344,299,355,3665,paper
361,301,360,3653,paper
361,292,325,3676,paper
361,290,340,3660,paper
356,269,356,3662,paper
360,289,342,3646,paper
347,284,355,3649,paper
358,287,349,3658,paper
353,285,366,3670,paper
357,297,358,3659,paper
357,328,339,3665,paper
353,306,375,3659,paper
361,312,360,3661,paper
352,299,375,3661,paper
360,305,356,3649,paper
363,300,350,3653,paper
346,291,303,3660,paper
350,302,348,3661,paper
353,295,345,3657,paper
355,288,353,3660,paper
332,285,333,3658,paper
366,286,349,3651,paper
353,294,336,3699,paper
351,275,338,3674,paper
350,273,344,3662,paper
357,290,328,3669,paper
354,296,338,3656,paper
351,312,330,3665,paper
351,323,326,3661,paper
351,340,321,3649,paper
335,370,333,3660,paper
340,376,319,3659,paper
349,378,320,3639,paper
355,372,313,3663,paper
354,384,294,3672,paper
376,374,327,3660,paper
363,367,307,3715,paper
344,369,307,3663,paper
359,363,307,3649,paper
355,368,306,3663,paper
349,358,307,3649,paper
353,375,291,3656,paper
359,366,315,3675,paper
363,361,280,3653,paper
353,354,327,3657,paper
353,367,302,3660,paper
352,365,318,3659,paper
357,360,317,3656,paper
353,344,341,3656,paper
351,346,289,3660,paper
353,345,310,3658,paper
342,330,314,3655,paper
333,343,303,3653,paper
358,344,308,3645,paper
351,341,308,3660,paper
321,329,311,3609,paper
351,314,308,3660,paper
349,331,304,3664,paper
347,408,285,3661,paper
348,262,298,3661,paper
332,327,304,3663,paper
347,273,312,3664,paper
363,319,278,3673,paper
346,318,273,3666,paper
328,321,286,3661,paper
343,316,299,3638,paper
345,229,286,3659,paper
367,314,297,3659,paper
350,315,279,3664,paper
348,336,285,3664,paper
340,335,277,3661,paper
340,324,279,3664,paper
347,322,282,3659,paper
335,351,273,3662,paper
347,331,265,3670,paper
349,338,272,3657,paper
346,317,271,3658,paper
345,327,268,3657,paper
324,314,182,3665,paper
345,314,265,3661,paper
351,321,283,3662,paper
352,326,288,3663,paper
354,333,312,3655,paper
352,329,305,3676,paper
358,332,311,3657,paper
355,330,301,3662,paper
357,343,294,3662,paper
334,364,278,3663,paper
349,363,292,3663,paper
368,371,309,3660,paper
360,362,296,3652,paper
354,360,295,3668,paper
340,365,289,3700,paper
351,359,312,3651,paper
346,371,326,3660,paper
360,374,285,3677,paper
353,360,280,3735,paper
356,427,286,3654,paper
340,387,275,3665,paper
334,381,254,3662,paper
353,372,272,3661,paper
352,366,275,3661,paper
353,357,281,3656,paper
315,348,294,3637,paper
349,336,273,3665,paper
350,338,272,3661,paper
343,383,283,3658,paper
360,349,249,3660,paper
349,336,270,3654,paper
349,339,302,3658,paper
349,325,298,3647,paper
364,332,269,3675,paper
337,326,316,3662,paper
342,346,316,3651,paper
349,352,323,3645,paper
351,343,312,3661,paper
351,340,321,3681,paper
340,340,290,3666,paper
336,335,336,3659,paper
365,329,379,3659,paper
351,327,320,3663,paper
347,312,324,3651,paper
356,328,316,3650,paper
350,329,308,3670,paper
351,350,326,3646,paper
360,365,313,3714,paper
348,345,319,3660,paper
346,369,333,3640,paper
392,364,337,3763,paper
350,359,330,3647,paper
358,338,329,3659,paper
353,364,318,3684,paper
345,342,325,3683,paper
338,362,328,3640,paper
349,364,319,3668,paper
361,338,333,3658,paper
352,338,339,3660,paper
349,352,327,3659,paper
357,349,324,3671,paper
347,336,321,3648,paper
349,322,313,3749,paper
363,330,306,3682,paper
340,339,317,3721,paper
352,335,307,3686,paper
345,324,314,3673,paper
347,339,312,3657,paper
342,339,306,3645,paper
347,343,312,3659,paper
332,341,321,3658,paper
356,348,315,3669,paper
340,336,339,3660,paper
375,331,348,3660,paper
344,339,360,3657,paper
344,325,338,3660,paper
341,330,342,3665,paper
341,323,335,3645,paper
329,322,379,3657,paper
344,321,335,3643,paper
353,315,331,3633,paper
348,326,336,3650,paper
360,298,395,3673,paper
335,306,467,3659,paper
351,300,329,3637,paper
356,322,321,3651,paper
349,288,377,3678,paper
365,261,320,3661,paper
339,308,315,3661,paper
354,345,308,3664,paper
353,340,269,3661,paper
346,334,312,3664,paper
327,345,312,3661,paper
345,369,306,3640,paper
343,356,350,3660,paper
332,359,299,3625,paper
322,348,304,3635,paper
345,350,315,3660,paper
335,342,328,3661,paper
339,346,335,3665,paper
339,370,334,3647,paper
355,368,424,3659,paper
322,356,317,3656,paper
344,374,332,3653,paper
327,366,338,3660,paper
341,353,322,3660,paper
340,364,321,3682,paper
340,352,349,3662,paper
337,309,332,3660,paper
339,386,339,3645,paper
326,366,349,3646,paper
326,359,351,3654,paper
342,360,358,3648,paper
331,362,242,3645,paper
344,358,340,3644,paper
321,352,349,3657,paper
336,336,334,3618,paper
337,348,328,3664,paper
330,370,322,3676,paper
341,344,322,3663,paper
336,360,317,3671,paper
341,355,316,3669,paper
349,335,312,3659,paper
349,345,295,3676,paper
328,341,308,3659,paper
338,354,305,3644,paper
340,336,298,3678,paper
355,320,306,3659,paper
342,331,317,3650,paper
340,336,331,3708,paper
340,295,331,3659,paper
339,333,341,3661,paper
347,333,332,3677,paper
340,335,338,3677,paper
342,333,343,3663,paper
340,312,327,3662,paper
343,340,318,3668,paper
341,336,336,3633,paper
336,323,314,3655,paper
340,323,337,3661,paper
337,319,311,3650,paper
341,320,329,3649,paper
332,325,315,3660,paper
328,313,332,3657,paper
340,335,317,3661,paper
343,358,333,3656,paper
339,330,358,3659,paper
321,324,371,3650,paper
356,321,374,3654,paper
339,328,384,3561,paper
380,302,385,3664,paper
340,309,369,3658,paper
337,312,373,3659,paper
336,304,385,3660,paper
336,313,377,3655,paper
336,294,387,3662,paper
344,285,393,3648,paper
334,324,372,3666,paper
341,328,382,3672,paper
322,337,470,3658,paper
313,334,380,3639,paper
336,346,378,3659,paper
338,358,380,3655,paper
337,400,387,3660,paper
337,424,398,3663,paper
335,447,381,3653,paper
342,443,362,3661,paper
426,411,384,3661,paper
314,425,390,3650,paper
333,427,410,3652,paper
332,435,384,3646,paper
337,432,417,3664,paper
336,410,401,3662,paper
321,417,501,3661,paper
351,412,384,3681,paper
338,408,396,3662,paper
328,400,388,3658,paper
333,399,394,3635,paper
286,392,386,3682,paper
341,394,389,3635,paper
331,380,401,3619,paper
336,400,402,3644,paper
359,393,395,3660,paper
337,372,399,3663,paper
336,395,388,3671,paper
327,386,391,3663,paper
337,383,367,3663,paper
343,384,361,3662,paper
338,360,387,3645,paper
325,385,373,3638,paper
335,377,365,3657,paper
332,358,360,3635,paper
332,353,359,3658,paper
345,346,357,3665,paper
338,386,342,3660,paper
338,330,347,3675,paper
311,341,342,3664,paper
339,352,342,3660,paper
344,372,345,3662,paper
331,346,337,3636,paper
339,373,337,3661,paper
331,351,344,3637,paper
350,375,343,3667,paper
326,338,388,3626,paper
341,355,379,3655,paper
351,368,379,3656,paper
346,361,397,3672,paper
334,356,380,3666,paper
341,351,390,3653,paper
340,336,406,3661,paper
334,369,392,3674,paper
341,367,400,3660,paper
339,394,394,3665,paper
380,370,411,3667,paper
339,406,413,3648,paper
351,382,404,3639,paper
339,367,413,3652,paper
274,385,396,3659,paper
337,366,392,3661,paper
339,358,405,3661,paper
358,347,393,3665,paper
385,357,384,3654,paper
334,373,381,3669,paper
343,361,370,3663,paper
343,368,396,3646,paper
338,388,400,3657,paper
338,392,414,3660,paper
358,378,432,3660,paper
337,352,440,3657,paper
338,351,438,3658,paper
331,369,424,3661,paper
357,364,444,3658,paper
337,378,433,3657,paper
340,355,433,3659,paper
342,352,417,3661,paper
340,387,429,3659,paper
343,331,430,3655,paper
338,344,420,3657,paper
338,347,428,3650,paper
332,326,428,3634,paper
337,402,420,3660,paper
336,357,420,3642,paper
354,278,414,3661,paper
315,314,417,3668,paper
337,296,406,3718,paper
339,299,404,3645,paper
319,303,406,3652,paper
330,299,410,3658,paper
334,288,405,3577,paper
335,292,362,3660,paper
342,300,397,3692,paper
334,299,427,3651,paper
331,301,423,3654,paper
337,274,399,3662,paper
346,289,357,3659,paper
339,283,394,3658,paper
334,283,395,3658,paper
337,280,398,3657,paper
340,275,389,3679,paper
336,304,384,3660,paper
337,239,380,3660,paper
322,289,387,3663,paper
337,212,377,3656,paper
334,291,380,3661,paper
340,304,402,3658,paper
355,328,396,3660,paper
347,333,379,3665,paper
340,263,389,3660,paper
332,358,381,3627,paper
321,346,379,3656,paper
332,349,403,3661,paper
342,349,407,3680,paper
339,352,405,3550,paper
342,340,410,3642,paper
350,341,491,3659,paper
383,348,424,3694,paper
329,356,416,3669,paper
336,336,424,3674,paper
339,344,418,3655,paper
332,342,407,3661,paper
334,334,413,3663,paper
324,341,425,3663,paper
332,325,421,3649,paper
362,341,393,3662,paper
337,332,408,3656,paper
338,332,404,3665,paper
352,341,458,3674,paper
344,341,504,3671,paper
325,336,415,3665,paper
335,302,428,3664,paper
338,328,416,3662,paper
358,323,405,3661,paper
340,325,410,3668,paper
330,321,409,3672,paper
335,315,399,3660,paper
358,310,399,3657,paper
348,312,373,3672,paper
351,306,390,3663,paper
345,297,363,3655,paper
338,298,382,3643,paper
336,299,376,3662,paper
330,298,392,3661,paper
333,322,381,3624,paper
340,313,389,3661,paper
330,316,373,3659,paper
338,294,395,3649,paper
335,298,398,3661,paper
338,325,373,3657,paper
329,326,387,3668,paper
351,306,290,3660,paper
342,306,371,3639,paper
332,302,371,3657,paper
336,350,388,3664,paper
332,298,372,3661,paper
339,292,369,3657,paper
339,209,361,3659,paper
341,292,395,3639,paper
341,298,369,3660,paper
349,304,448,3661,paper
352,310,342,3674,paper
336,330,360,3679,paper
343,343,357,3661,paper
338,341,351,3660,paper
336,350,362,3648,paper
339,396,360,3660,paper
341,407,361,3638,paper
342,448,354,3660,paper
343,389,358,3662,paper
335,378,361,3653,paper
334,381,360,3644,paper
343,510,352,3661,paper
341,411,350,3659,paper
334,413,360,3756,paper
332,399,357,3661,paper
336,404,354,3660,paper
336,412,336,3646,paper
341,398,346,3672,paper
320,392,334,3661,paper
351,376,362,3658,paper
344,388,370,3658,paper
339,373,368,3666,paper
329,372,419,3659,paper
336,370,364,3660,paper
342,363,362,3671,paper
348,353,369,3661,paper
330,358,356,3649,paper
341,325,358,3682,paper
350,357,358,3673,paper
340,347,374,3653,paper
330,362,354,3661,paper
330,344,354,3633,paper
355,348,337,3664,paper
338,342,350,3664,paper
336,331,340,3657,paper
328,327,360,3637,paper
350,328,438,3661,paper
347,323,362,3659,paper
336,333,358,3658,paper
332,327,363,3550,paper
338,309,375,3659,paper
332,312,354,3646,paper
333,293,361,3659,paper
333,323,361,3659,paper
338,338,375,3642,paper
349,328,396,3658,paper
334,331,403,3656,paper
335,366,398,3653,paper
356,360,401,3676,paper
338,314,390,3658,paper
319,361,392,3660,paper
335,354,404,3662,paper
338,382,400,3664,paper
344,367,401,3701,paper
340,380,388,3656,paper
338,374,396,3661,paper
341,372,408,3660,paper
343,347,388,3708,paper
332,346,386,3634,paper
337,364,382,3640,paper
320,352,378,3625,paper
339,372,394,3662,paper
337,386,366,3642,paper
333,368,322,3647,paper
333,373,362,3683,paper
334,372,360,3673,paper
334,297,356,3661,paper
335,359,346,3669,paper
262,352,349,3656,paper
339,344,372,3650,paper
342,343,336,3663,paper
347,356,344,3644,paper
339,333,359,3610,paper
332,330,355,3658,paper
336,322,380,3657,paper
404,351,359,3668,paper
344,349,364,3649,paper
328,363,388,3638,paper
355,365,371,3685,paper
353,372,365,3695,paper
342,394,371,3653,paper
340,382,380,3659,paper
377,377,389,3637,paper
331,395,400,3612,paper
340,330,410,3660,paper
325,382,409,3657,paper
344,391,417,3652,paper
348,386,300,3659,paper
335,401,413,3589,paper
336,378,400,3671,paper
340,381,414,3652,paper
359,380,392,3666,paper
338,390,367,3668,paper
336,367,375,3665,paper
322,372,352,3662,paper
321,384,406,3661,paper
327,394,405,3640,paper
349,380,409,3661,paper
331,388,435,3661,paper
336,396,411,3655,paper
338,396,389,3652,paper
344,374,410,3650,paper
335,390,396,3663,paper
336,384,397,3660,paper
344,404,394,3663,paper
389,376,396,3661,paper
337,381,417,3662,paper
310,373,403,3665,paper
342,356,399,3656,paper
347,365,393,3663,paper
334,358,388,3664,paper
331,355,376,3666,paper
338,355,387,3661,paper
336,355,384,3676,paper
332,354,419,3647,paper
336,348,408,3668,paper
333,364,393,3660,paper
328,350,422,3642,paper
336,338,416,3660,paper
339,332,407,3673,paper
296,332,431,3655,paper
320,332,426,3661,paper
330,429,428,3644,paper
315,360,413,3660,paper
349,369,396,3664,paper
331,362,412,3677,paper
328,360,420,3644,paper
319,357,368,3659,paper
347,363,409,3659,paper
333,346,418,3666,paper
346,332,425,3662,paper
336,341,411,3638,paper
336,335,400,3671,paper
337,328,440,3658,paper
318,346,386,3650,paper
333,323,397,3660,paper
337,318,390,3691,paper
354,324,378,3658,paper
330,303,406,3659,paper
333,308,395,3664,paper
332,303,378,3668,paper
332,307,379,3677,paper
332,302,402,3661,paper
310,312,385,3661,paper
327,323,387,3659,paper
399,332,384,3663,paper
354,336,382,3653,paper
334,353,381,3742,paper
389,372,396,3753,paper
332,353,397,3656,paper
339,348,385,3641,paper
328,361,382,3661,paper
336,376,358,3659,paper
336,377,384,3663,paper
329,382,360,3664,paper
332,371,398,3657,paper
334,363,372,3665,paper
349,353,399,3686,paper
318,352,509,3660,paper
328,351,442,3659,paper
331,345,435,3655,paper
332,340,432,3660,paper
330,324,446,3671,paper
317,338,456,3658,paper
324,329,450,3659,paper
327,323,469,3660,paper
341,342,460,3661,paper
455,361,437,3657,paper
406,362,433,3656,paper
341,300,415,3656,paper
333,438,435,3656,paper
330,377,432,3667,paper
333,378,425,3668,paper
336,304,406,3662,paper
332,378,417,3661,paper
348,366,414,3659,paper
331,368,410,3665,paper
349,363,406,3656,paper
352,360,425,3644,paper
381,376,413,3740,paper
347,376,405,3645,paper
347,358,403,3659,paper
316,394,395,3660,paper
334,406,380,3671,paper
337,401,411,3658,paper
337,397,412,3659,paper
359,393,419,3657,paper
336,335,443,3665,paper
333,281,430,3661,paper
348,363,450,3662,paper
334,373,436,3659,paper
320,366,436,3660,paper
314,371,434,3663,paper
335,344,437,3663,paper
333,349,419,3684,paper
324,358,423,3657,paper
331,341,437,3657,paper
334,337,422,3661,paper
337,350,419,3662,paper
344,365,410,3660,paper
338,389,407,3661,paper
336,344,406,3668,paper
339,335,400,3659,paper
318,338,440,3661,paper
336,332,387,3664,paper
357,333,404,3661,paper
337,331,386,3633,paper
347,327,378,3663,paper
328,318,388,3635,paper
338,315,377,3678,paper
355,305,390,3661,paper
338,310,367,3662,paper
334,330,368,3654,paper
337,323,368,3664,paper
328,337,385,3662,paper
330,373,389,3666,paper
328,314,370,3661,paper
336,320,379,3657,paper
335,325,392,3660,paper
335,321,376,3658,paper
340,321,386,3657,paper
332,323,386,3674,paper
334,313,386,3673,paper
324,318,425,3659,paper
330,329,422,3669,paper
386,335,420,3677,paper
328,337,419,3655,paper
337,330,432,3659,paper
334,304,428,3660,paper
338,321,424,3665,paper
344,324,468,3659,paper
333,298,420,3670,paper
335,288,426,3660,paper
337,326,429,3654,paper
428,322,434,3671,paper
335,322,438,3650,paper
331,334,422,3672,paper
344,350,400,3661,paper
338,336,410,3660,paper
333,340,412,3657,paper
316,333,407,3644,paper
335,329,404,3665,paper
333,320,395,3610,paper
345,316,405,3661,paper
319,315,392,3662,paper
336,316,389,3587,paper
319,301,385,3662,paper
263,292,386,3605,paper
336,305,396,3660,paper
335,314,393,3658,paper
346,297,395,3662,paper
335,272,389,3659,paper
330,293,382,3636,paper
341,290,352,3661,paper
335,291,381,3683,paper
334,366,380,3662,paper
337,289,378,3656,paper
333,276,392,3664,paper
336,287,385,3657,paper
332,286,373,3669,paper
342,278,410,3661,paper
340,295,350,3671,paper
335,283,361,3661,paper
341,288,331,3662,paper
342,285,350,3661,paper
379,285,352,3665,paper
337,281,343,3674,paper
331,285,346,3624,paper
320,276,486,3659,paper
336,279,358,3660,paper
338,274,368,3650,paper
330,275,333,3657,paper
333,283,350,3660,paper
275,293,352,3639,paper
332,288,364,3660,paper
343,289,360,3647,paper
313,314,340,3658,paper
333,317,341,3664,paper
328,313,343,3645,paper
336,320,407,3662,paper
340,309,327,3653,paper
345,312,312,3664,paper
334,309,325,3712,paper
332,311,426,3661,paper
329,314,320,3656,paper
343,317,317,3663,paper
335,321,308,3663,paper
328,323,319,3660,paper
343,353,302,3657,paper
323,349,284,3660,paper
349,312,320,3661,paper
333,319,301,3675,paper
336,338,306,3651,paper
328,323,288,3663,paper
333,320,312,3653,paper
328,335,308,3636,paper
344,353,345,3657,paper
331,352,308,3661,paper
334,343,288,3661,paper
350,343,273,3675,paper
319,352,286,3664,paper
341,348,280,3657,paper
327,355,180,3665,paper
321,348,320,3658,paper
321,353,280,3662,paper
332,346,277,3655,paper
336,356,277,3659,paper
328,353,266,3662,paper
229,350,275,3659,paper
359,347,250,3661,paper
339,245,268,3661,paper
336,334,286,3660,paper
333,330,268,3647,paper
332,334,260,3663,paper
335,324,265,3593,paper
330,325,270,3665,paper
320,333,252,3661,paper
362,313,256,3661,paper
342,317,274,3659,paper
330,310,287,3657,paper
379,305,277,3657,paper
334,287,272,3674,paper
311,298,272,3669,paper
336,298,293,3651,paper
336,323,270,3632,paper
329,338,264,3559,paper
333,322,258,3661,paper
322,323,262,3654,paper
335,324,259,3660,paper
335,320,259,3669,paper
345,311,260,3681,paper
336,305,266,3736,paper
344,308,283,3659,paper
359,303,269,3667,paper
392,301,268,3665,paper
337,299,272,3660,paper
324,298,284,3652,paper
336,317,281,3743,paper
323,319,286,3653,paper
328,288,284,3637,paper
335,309,279,3655,paper
320,311,280,3660,paper
338,314,288,3666,paper
333,336,296,3661,paper
336,325,296,3661,paper
355,294,297,3662,paper
345,324,369,3661,paper
330,329,292,3664,paper
329,316,312,3660,paper
333,298,292,3664,paper
334,318,285,3668,paper
334,312,288,3665,paper
336,297,306,3660,paper
339,319,322,3649,paper
329,317,344,3659,paper
325,302,245,3658,paper
330,312,362,3652,paper
335,315,351,3658,paper
339,308,360,3662,paper
300,306,367,3661,paper
322,296,391,3660,paper
330,317,372,3659,paper
345,289,372,3656,paper
332,314,372,3657,paper
333,308,360,3661,paper
325,318,355,3654,paper
332,272,359,3666,paper
351,320,351,3661,paper
334,385,344,3661,paper
324,346,360,3661,paper
403,373,337,3671,paper
345,386,334,3664,paper
333,413,330,3663,paper
338,411,352,3650,paper
335,412,328,3659,paper
343,420,320,3655,paper
336,407,316,3659,paper
281,411,315,3656,paper
349,420,303,3665,paper
336,410,323,3664,paper
329,421,231,3649,paper
327,417,318,3662,paper
335,405,318,3661,paper
332,365,335,3668,paper
330,395,317,3652,paper
329,401,322,3553,paper
333,384,316,3659,paper
328,386,302,3674,paper
342,360,316,3705,paper
315,377,329,3660,paper
341,370,334,3671,paper
333,428,363,3659,paper
333,347,371,3690,paper
332,356,367,3659,paper
333,353,378,3659,paper
318,351,373,3615,paper
333,363,398,3655,paper
312,360,397,3662,paper
337,351,411,3661,paper
344,359,384,3664,paper
325,366,404,3622,paper
331,357,399,3750,paper
344,369,393,3653,paper
337,349,409,3663,paper
336,351,405,3651,paper
324,362,392,3671,paper
345,376,375,3661,paper
341,332,381,3657,paper
335,354,372,3657,paper
319,374,376,3656,paper
334,375,366,3658,paper
340,366,441,3656,paper
342,364,360,3664,paper
267,372,355,3659,paper
339,365,356,3658,paper
335,359,348,3656,paper
343,386,351,3651,paper
337,410,345,3661,paper
340,367,345,3652,paper
335,354,355,3656,paper
418,361,333,3661,paper
340,459,332,3664,paper
336,405,320,3668,paper
341,410,340,3642,paper
327,421,321,3662,paper
341,405,308,3654,paper
329,417,322,3726,paper
343,410,300,3679,paper
329,402,315,3659,paper
339,409,311,3605,paper
338,394,330,3659,paper
340,356,336,3659,paper
338,385,357,3660,paper
344,381,399,3657,paper
322,416,370,3658,paper
342,401,380,3661,paper
343,407,381,3725,paper
327,402,389,3647,paper
348,413,398,3659,paper
324,418,399,3653,paper
334,406,388,3685,paper
328,407,395,3663,paper
348,424,401,3660,paper
340,417,405,3661,paper
337,411,398,3662,paper
314,408,394,3660,paper
337,411,392,3653,paper
336,407,402,3662,paper
335,378,386,3635,paper
333,397,377,3659,paper
333,381,398,3662,paper
336,382,392,3667,paper
342,377,369,3658,paper
335,386,374,3661,paper
341,348,374,3657,paper
326,391,367,3665,paper
340,385,366,3657,paper
334,383,320,3657,paper
338,375,360,3677,paper
364,382,348,3659,paper
340,383,372,3657,paper
342,360,372,3735,paper
334,395,370,3641,paper
361,385,266,3658,paper
341,380,344,3661,paper
339,384,359,3652,paper
350,374,370,3673,paper
340,374,370,3657,paper
334,371,393,3657,paper
336,349,369,3659,paper
339,385,364,3661,paper
339,353,362,3646,paper
336,358,333,3659,paper
338,354,352,3664,paper
341,351,346,3677,paper
337,352,298,3660,paper
348,332,344,3661,paper
320,338,320,3660,paper
340,333,327,3663,paper
344,332,334,3655,paper
340,303,328,3663,paper
341,341,323,3667,paper
336,360,337,3677,paper
342,384,330,3658,paper
344,396,331,3661,paper
343,405,315,3668,paper
340,416,316,3655,paper
337,487,312,3657,paper
341,436,304,3671,paper
332,432,308,3665,paper
324,427,304,3650,paper
358,428,296,3667,paper
342,408,300,3662,paper
339,324,308,3664,paper
340,402,297,3652,paper
338,396,312,3675,paper
340,376,303,3659,paper
346,413,292,3659,paper
333,418,296,3629,paper
343,412,286,3659,paper
316,412,316,3665,paper
334,408,321,3652,paper
338,404,326,3660,paper
338,395,313,3660,paper
326,408,334,3663,paper
335,394,324,3660,paper
338,392,322,3657,paper
334,369,315,3662,paper
335,380,313,3659,paper
359,375,296,3665,paper
331,380,303,3650,paper
336,353,309,3744,paper
337,356,311,3655,paper
337,317,308,3661,paper
322,351,310,3659,paper
312,363,302,3660,paper
340,350,316,3662,paper
327,381,293,3661,paper
335,380,284,3686,paper
346,385,292,3666,paper
373,399,298,3656,paper
338,378,304,3674,paper
365,394,302,3658,paper
326,406,296,3659,paper
336,407,290,3662,paper
334,394,287,3661,paper
316,388,350,3660,paper
306,392,298,3673,paper
286,396,298,3663,paper
338,386,290,3663,paper
322,378,320,3659,paper
336,374,288,3660,paper
333,373,307,3655,paper
322,366,291,3657,paper
333,367,269,3661,paper
343,372,276,3555,paper
316,359,272,3659,paper
324,344,228,3658,paper
336,352,264,3680,paper
331,334,264,3668,paper
359,339,261,3663,paper
336,333,258,3642,paper
329,315,283,3663,paper
335,333,268,3658,paper
355,324,265,3662,paper
333,331,266,3657,paper
336,329,274,3660,paper
340,332,261,3661,paper
337,320,274,3651,paper
343,322,273,3676,paper
323,316,264,3666,paper
344,316,269,3658,paper
331,306,271,3659,paper
336,304,268,3661,paper
312,306,284,3667,paper
335,294,290,3680,paper
331,294,291,3663,paper
332,378,280,3660,paper
314,296,280,3671,paper
331,299,280,3645,paper
333,284,277,3661,paper
327,294,279,3575,paper
333,275,288,3657,paper
310,274,243,3663,paper
318,264,273,3663,paper
332,259,277,3664,paper
329,271,244,3659,paper
320,266,272,3672,paper
327,261,265,3677,paper
331,261,291,3657,paper
327,239,278,3659,paper
335,264,265,3663,paper
332,251,258,3685,paper
328,270,269,3661,paper
328,324,276,3660,paper
328,286,339,3663,paper
370,305,281,3657,paper
330,314,293,3653,paper
346,318,254,3659,paper
391,324,273,3708,paper
388,306,291,3656,paper
327,341,299,3667,paper
329,300,293,3660,paper
325,298,294,3665,paper
346,290,292,3661,paper
321,300,286,3629,paper
330,295,290,3635,paper
332,297,284,3657,paper
293,302,278,3653,paper
330,301,278,3658,paper
309,299,282,3665,paper
320,308,284,3606,paper
327,293,274,3658,paper
412,275,285,3664,paper
328,289,283,3659,paper
307,295,296,3661,paper
333,302,280,3664,paper
331,288,282,3671,paper
316,290,308,3659,paper
351,257,295,3662,paper
347,281,290,3659,paper
314,282,288,3659,paper
339,252,298,3647,paper
331,277,288,3678,paper
328,270,288,3657,paper
335,274,289,3661,paper
335,282,286,3659,paper
331,273,271,3653,paper
334,267,284,3671,paper
419,264,280,3661,paper
331,263,279,3662,paper
332,265,274,3659,paper
328,272,283,3656,paper
338,262,268,3671,paper
332,272,261,3661,paper
337,258,285,3665,paper
331,321,271,3658,paper
330,277,281,3662,paper
323,276,274,3659,paper
331,284,270,3664,paper
311,282,265,3661,paper
307,272,282,3658,paper
320,265,282,3661,paper
344,267,274,3636,paper
333,256,286,3674,paper
327,273,270,3669,paper
344,250,285,3655,paper
336,252,284,3659,paper
327,325,290,3660,paper
334,236,291,3659,paper
325,258,277,3658,paper
329,246,298,3663,paper
337,240,298,3646,paper
332,244,302,3648,paper
332,286,281,3664,paper
319,313,287,3660,paper
348,300,281,3653,paper
335,313,272,3702,paper
294,304,277,3675,paper
334,304,285,3662,paper
331,304,290,3658,paper
334,305,264,3672,paper
319,296,305,3662,paper
337,325,291,3659,paper
336,300,269,3662,paper
325,299,292,3667,paper
333,298,301,3661,paper
289,302,308,3672,paper
327,307,307,3648,paper
322,312,269,3659,paper
333,304,304,3637,paper
328,297,303,3661,paper
332,206,314,3662,paper
339,299,284,3662,paper
333,289,312,3645,paper
335,286,324,3614,paper
335,274,344,3657,paper
335,292,352,3663,paper
335,272,360,3664,paper
351,286,340,3666,paper
344,285,335,3665,paper
279,300,332,3640,paper
340,299,330,3669,paper
330,289,322,3677,paper
291,289,324,3681,paper
335,287,319,3677,paper
330,286,318,3660,paper
325,278,314,3663,paper
355,278,310,3668,paper
332,276,311,3661,paper
325,253,307,3618,paper
328,272,300,3655,paper
334,265,288,3653,paper
310,264,292,3664,paper
332,267,297,3662,paper
331,271,306,3664,paper
336,256,305,3659,paper
349,266,282,3661,paper
328,272,304,3658,paper
336,263,311,3665,paper
340,237,306,3661,paper
328,263,298,3661,paper
323,284,302,3657,paper
408,264,296,3661,paper
342,261,310,3665,paper
329,225,307,3661,paper
330,277,324,3659,paper
384,295,336,3646,paper
332,196,334,3660,paper
319,288,338,3655,paper
340,283,322,3667,paper
334,283,341,3662,paper
345,293,319,3657,paper
334,290,341,3655,paper
327,282,314,3651,paper
241,277,316,3636,paper
346,297,313,3661,paper
336,304,309,3656,paper
332,298,308,3662,paper
336,313,303,3661,paper
332,299,303,3658,paper
341,309,327,3656,paper
335,256,302,3663,paper
332,297,293,3663,paper
333,346,288,3663,paper
330,349,294,3658,paper
324,333,291,3658,paper
335,339,288,3659,paper
334,335,285,3660,paper
335,404,282,3662,paper
329,347,277,3661,paper
331,352,300,3661,paper
336,349,281,3661,paper
343,374,288,3659,paper
336,348,293,3639,paper
342,356,288,3657,paper
329,369,286,3664,paper
335,361,294,3661,paper
336,369,305,3659,paper
338,360,301,3666,paper
337,353,309,3664,paper
336,348,323,3660,paper
333,334,326,3647,paper
357,346,297,3662,paper
343,339,318,3660,paper
347,327,310,3660,paper
336,327,316,3659,paper
336,326,305,3660,paper
337,326,285,3666,paper
335,318,290,3665,paper
336,320,297,3658,paper
325,319,296,3654,paper
336,309,295,3657,paper
319,306,290,3649,paper
335,309,296,3668,paper
337,306,300,3660,paper
339,306,273,3676,paper
337,307,312,3658,paper
337,288,320,3657,paper
335,299,291,3660,paper
336,304,305,3694,paper
333,290,309,3668,paper
336,293,342,3665,paper
328,295,326,3656,paper
343,285,322,3678,paper
348,286,308,3660,paper
335,283,334,3657,paper
333,314,321,3659,paper
340,278,321,3643,paper
335,270,333,3657,paper
335,268,324,3611,paper
323,262,333,3658,paper
336,279,313,3659,paper
336,263,322,3661,paper
417,275,323,3659,paper
338,310,313,3666,paper
336,301,321,3662,paper
337,310,318,3659,paper
348,303,316,3661,paper
338,336,311,3661,paper
340,358,314,3675,paper
342,373,314,3663,paper
338,388,317,3658,paper
316,407,314,3661,paper
338,374,321,3658,paper
331,359,318,3623,paper
337,376,325,3671,paper
352,375,314,3669,paper
350,381,404,3661,paper
339,367,305,3659,paper
337,458,304,3661,paper
337,381,301,3657,paper
332,375,309,3652,paper
355,372,294,3667,paper
304,369,294,3639,paper
337,389,285,3651,paper
337,364,275,3680,paper
349,362,284,3659,paper
339,360,278,3659,paper
330,321,296,3668,paper
332,361,274,3659,paper
356,351,276,3654,paper
328,346,280,3634,paper
335,357,265,3659,paper
334,359,267,3662,paper
337,358,265,3660,paper
341,353,247,3674,paper
322,349,264,3660,paper
339,353,265,3674,paper
343,338,266,3664,paper
331,349,253,3663,paper
327,343,256,3661,paper
322,342,256,3666,paper
337,345,216,3660,paper
349,350,239,3657,paper
326,354,254,3652,paper
337,360,232,3671,paper
298,352,260,3677,paper
333,346,251,3661,paper
340,344,256,3665,paper
330,337,262,3663,paper
345,338,195,3662,paper
334,312,260,3665,paper
338,330,254,3642,paper
336,293,254,3662,paper
347,324,222,3658,paper
335,331,269,3661,paper
330,342,247,3658,paper
324,342,298,3658,paper
332,336,238,3676,paper
333,329,253,3573,paper
332,360,243,3660,paper
325,347,286,3658,paper
335,342,251,3659,paper
333,339,239,3659,paper
335,347,224,3663,paper
346,329,241,3666,paper
317,342,240,3668,paper
359,330,259,3662,paper
336,326,247,3660,paper
331,322,243,3658,paper
340,338,242,3657,paper
348,328,244,3659,paper
338,337,246,3653,paper
334,328,269,3658,paper
338,340,256,3665,paper
334,352,256,3665,paper
240,368,256,3642,paper
344,388,272,3662,paper
336,407,280,3666,paper
345,377,294,3653,paper
334,380,293,3639,paper
326,372,299,3659,paper
333,411,292,3661,paper
336,367,291,3650,paper
332,376,290,3540,paper
339,359,284,3662,paper
327,354,290,3666,paper
329,349,279,3636,paper
361,360,289,3751,paper
350,325,277,3662,paper
257,343,276,3682,paper
410,326,278,3666,paper
332,327,284,3659,paper
324,330,282,3656,paper
327,324,278,3653,paper
340,322,278,3673,paper
330,305,272,3661,paper
327,314,274,3664,paper
328,312,269,3679,paper
332,342,260,3670,paper
322,324,265,3672,paper
337,320,260,3669,paper
332,325,261,3662,paper
327,335,258,3658,paper
332,323,272,3666,paper
322,322,160,3668,paper
333,309,259,3658,paper
329,329,265,3660,paper
328,310,258,3653,paper
235,298,269,3677,paper
321,307,271,3653,paper
333,315,267,3664,paper
332,310,270,3656,paper
335,326,260,3661,paper
331,300,253,3660,paper
332,298,262,3657,paper
338,293,256,3675,paper
334,342,265,3660,paper
331,385,270,3660,paper
336,302,272,3658,paper
334,307,266,3661,paper
336,300,271,3637,paper
334,306,268,3655,paper
354,315,283,3649,paper
334,318,272,3660,paper
315,335,266,3664,paper
327,338,260,3662,paper
333,340,257,3656,paper
337,381,261,3658,paper
340,377,279,3654,paper
336,380,263,3659,paper
337,389,261,3661,paper
334,470,256,3661,paper
341,398,257,3675,paper
333,390,257,3658,paper
334,394,251,3663,paper
337,385,262,3643,paper
331,398,251,3658,paper
337,398,246,3676,paper
334,386,242,3659,paper
340,389,245,3664,paper
305,384,241,3657,paper
333,394,242,3666,paper
332,376,239,3661,paper
336,373,234,3637,paper
323,361,236,3662,paper
331,375,233,3659,paper
332,357,250,3659,paper
336,359,230,3659,paper
332,361,229,3657,paper
332,409,229,3655,paper
328,347,226,3661,paper
333,342,230,3659,paper
334,331,241,3679,paper
332,329,248,3662,paper
332,315,242,3661,paper
334,322,248,3669,paper
336,347,238,3654,paper
342,347,245,3762,paper
321,338,244,3637,paper
335,332,238,3699,paper
331,340,240,3661,paper
350,333,209,3663,paper
343,346,235,3656,paper
335,325,252,3657,paper
340,320,328,3664,paper
318,316,250,3657,paper
339,319,254,3659,paper
333,313,246,3653,paper
335,329,249,3659,paper
331,301,251,3658,paper
340,306,254,3661,paper
328,302,259,3664,paper
332,282,253,3653,paper
333,293,257,3662,paper
331,289,265,3662,paper
325,288,259,3672,paper
330,277,276,3660,paper
334,284,247,3655,paper
329,278,249,3657,paper
330,292,244,3641,paper
331,219,244,3663,paper
333,273,256,3661,paper
303,253,240,3583,paper
330,272,237,3659,paper
315,271,238,3660,paper
343,261,237,3654,paper
320,301,231,3657,paper
328,234,233,3662,paper
333,309,224,3657,paper
327,306,229,3661,paper
333,307,240,3658,paper
332,301,241,3661,paper
330,302,234,3660,paper
331,300,241,3663,paper
329,263,239,3663,paper
331,296,240,3641,paper
328,306,259,3667,paper
330,300,239,3658,paper
426,295,258,3684,paper
332,305,258,3633,paper
330,309,254,3659,paper
324,307,251,3659,paper
329,316,246,3661,paper
330,247,256,3661,paper
332,352,272,3661,paper
331,357,261,3661,paper
332,345,274,3659,paper
329,347,268,3657,paper
326,336,258,3662,paper
330,340,237,3661,paper
336,319,256,3662,paper
315,341,254,3667,paper
322,328,253,3660,paper
330,323,238,3660,paper
327,323,244,3662,paper
224,320,249,3676,paper
321,320,265,3657,paper
400,317,227,3650,paper
330,325,243,3663,paper
342,303,221,3661,paper
330,303,241,3662,paper
331,296,241,3671,paper
329,294,240,3661,paper
327,293,241,3658,paper
320,289,241,3645,paper
339,284,247,3661,paper
327,303,248,3657,paper
331,305,250,3651,paper
327,299,244,3659,paper
329,298,247,3661,paper
326,286,243,3659,paper
351,286,244,3647,paper
329,291,238,3658,paper
318,282,290,3658,paper
326,280,251,3671,paper
330,363,248,3659,paper
329,293,260,3653,paper
334,311,260,3661,paper
330,328,241,3672,paper
328,295,246,3659,paper
317,293,242,3662,paper
328,307,235,3658,paper
348,299,249,3661,paper
334,301,250,3680,paper
323,288,248,3660,paper
328,295,245,3659,paper
288,290,242,3653,paper
340,288,180,3664,paper
327,285,244,3666,paper
341,310,216,3683,paper
323,315,226,3652,paper
340,299,246,3661,paper
329,314,230,3670,paper
318,310,366,3657,paper
327,297,232,3663,paper
328,301,226,3647,paper
330,304,225,3663,paper
328,282,224,3672,paper
330,296,228,3660,paper
342,299,228,3657,paper
345,276,243,3656,paper
323,288,247,3650,paper
332,285,237,3656,paper
329,270,248,3653,paper
329,278,245,3675,paper
335,281,248,3654,paper
344,282,251,3661,paper
334,280,241,3595,paper
330,261,243,3660,paper
334,292,240,3661,paper
339,276,251,3674,paper
332,293,253,3654,paper
350,282,265,3658,paper
329,283,264,3660,paper
328,305,261,3645,paper
331,282,260,3661,paper
340,284,259,3648,paper
328,286,263,3658,paper
332,281,260,3663,paper
334,280,263,3676,paper
333,279,264,3657,paper
349,268,282,3662,paper
326,272,262,3660,paper
373,276,264,3657,paper
341,286,279,3661,paper
336,288,262,3671,paper
331,288,260,3664,paper
336,290,265,3660,paper
325,334,266,3659,paper
333,283,267,3663,paper
347,282,262,3668,paper
352,281,242,3659,paper
335,280,277,3661,paper
330,279,265,3637,paper
335,276,271,3674,paper
333,288,267,3672,paper
338,288,276,3636,paper
317,288,278,3669,paper
326,282,272,3659,paper
333,284,284,3675,paper
328,289,272,3658,paper
334,298,263,3659,paper
322,307,266,3723,paper
328,297,269,3661,paper
331,295,289,3651,paper
337,290,270,3675,paper
313,289,273,3669,paper
332,282,269,3659,paper
331,284,265,3663,paper
331,278,265,3661,paper
333,278,264,3663,paper
326,274,256,3663,paper
330,276,263,3660,paper
328,169,263,3664,paper
332,257,264,3660,paper
328,264,282,3657,paper
333,262,303,3641,paper
348,267,261,3663,paper
331,260,277,3660,paper
331,264,286,3667,paper
341,257,283,3664,paper
331,259,283,3661,paper
331,271,291,3661,paper
336,265,286,3663,paper
346,246,320,3659,paper
332,256,348,3655,paper
332,256,348,3597,paper
339,251,311,3661,paper
329,257,333,3657,paper
330,256,336,3659,paper
319,267,414,3660,paper
342,274,336,3658,paper
320,271,345,3652,paper
328,269,324,3665,paper
353,241,343,3662,paper
333,266,345,3661,paper
322,262,342,3657,paper
326,262,339,3643,paper
332,258,339,3658,paper
378,258,336,3678,paper
322,261,332,3661,paper
338,228,330,3656,paper
329,251,321,3681,paper
391,257,322,3671,paper
331,257,332,3680,paper
328,253,322,3672,paper
382,256,317,3654,paper
328,233,316,3662,paper
334,251,326,3658,paper
334,256,325,3660,paper
373,246,314,3664,paper
330,244,315,3659,paper
331,247,326,3659,paper
309,250,311,3676,paper
350,256,302,3660,paper
340,223,306,3659,paper
227,253,310,3649,paper
416,262,322,3638,paper
333,262,318,3660,paper
321,271,320,3662,paper
331,262,331,3662,paper
338,266,318,3647,paper
332,265,328,3644,paper
319,262,334,3651,paper
336,262,348,3651,paper
341,261,336,3664,paper
333,278,337,3659,paper
332,268,342,3660,paper
336,267,362,3651,paper
327,292,342,3653,paper
332,246,344,3659,paper
336,272,341,3680,paper
336,270,341,3659,paper
335,278,335,3655,paper
328,267,339,3640,paper
337,256,337,3654,paper
350,248,338,3659,paper
324,253,325,3665,paper
328,248,332,3660,paper
333,241,344,3660,paper
334,252,343,3660,paper
328,235,342,3668,paper
336,243,344,3657,paper
321,240,342,3649,paper
335,250,342,3635,paper
331,177,343,3665,paper
336,249,312,3660,paper
329,245,328,3662,paper
329,239,286,3650,paper
347,227,328,3661,paper
333,228,404,3647,paper
332,218,329,3659,paper
325,248,334,3661,paper
334,238,333,3659,paper
331,233,346,3652,paper
333,223,361,3650,paper
328,227,342,3662,paper
322,215,358,3670,paper
342,229,337,3661,paper
332,229,340,3656,paper
332,221,349,3660,paper
316,213,345,3661,paper
333,229,350,3658,paper
330,234,333,3678,paper
332,222,335,3665,paper
331,221,334,3663,paper
312,236,327,3663,paper
332,252,337,3673,paper
345,258,447,3660,paper
335,253,344,3657,paper
332,254,351,3654,paper
331,253,365,3662,paper
353,268,332,3660,paper
335,261,351,3648,paper
333,268,348,3670,paper
327,276,353,3667,paper
325,262,370,3656,paper
332,261,363,3657,paper
332,259,367,3660,paper
338,232,357,3658,paper
332,252,352,3636,paper
328,250,351,3662,paper
333,252,376,3653,paper
329,237,352,3663,paper
331,244,351,3662,paper
328,250,341,3662,paper
385,260,336,3626,paper
334,264,331,3664,paper
332,256,331,3661,paper
334,271,328,3646,paper
330,244,324,3662,paper
334,260,322,3660,paper
332,258,314,3664,paper
326,256,304,3657,paper
332,254,330,3652,paper
334,251,304,3702,paper
333,252,312,3660,paper
332,240,309,3657,paper
334,249,306,3661,paper
331,248,306,3664,paper
330,227,303,3670,paper
320,247,293,3667,paper
333,258,299,3653,paper
341,262,308,3647,paper
325,232,325,3643,paper
335,248,322,3656,paper
332,235,295,3665,paper
334,238,295,3661,paper
374,238,306,3643,paper
333,236,313,3658,paper
335,236,320,3682,paper
331,234,321,3659,paper
331,229,307,3656,paper
325,246,310,3655,paper
332,247,312,3661,paper
334,243,308,3645,paper
332,267,311,3655,paper
390,304,305,3723,paper
346,294,300,3658,paper
339,299,296,3672,paper
332,309,311,3654,paper
357,303,305,3662,paper
331,335,287,3661,paper
334,307,288,3660,paper
329,227,298,3660,paper
334,294,300,3647,paper
331,293,278,3662,paper
336,286,281,3659,paper
329,304,284,3635,paper
381,273,297,3663,paper
333,288,284,3662,paper
329,280,266,3676,paper
332,382,282,3665,paper
326,322,286,3668,paper
333,334,286,3661,paper
331,328,285,3676,paper
334,323,273,3658,paper
330,326,309,3654,paper
333,318,291,3686,paper
334,322,288,3664,paper
347,315,284,3666,paper
331,312,280,3661,paper
331,288,283,3622,paper
332,306,277,3663,paper
330,300,273,3665,paper
334,306,276,3667,paper
330,281,276,3660,paper
323,288,270,3654,paper
330,283,272,3678,paper
330,284,253,3674,paper
331,284,261,3663,paper
330,281,247,3659,paper
321,270,262,3722,paper
334,280,269,3659,paper
343,302,245,3660,paper
331,325,244,3668,paper
324,339,270,3666,paper
325,354,272,3658,paper
333,344,316,3665,paper
331,356,275,3658,paper
329,355,258,3636,paper
390,349,263,3656,paper
329,342,249,3652,paper
349,334,260,3763,paper
324,337,260,3659,paper
332,333,260,3658,paper
334,335,252,3659,paper
348,332,157,3660,paper
333,328,270,3658,paper
334,325,298,3656,paper
342,320,272,3658,paper
324,325,295,3642,paper
337,234,288,3661,paper
345,316,276,3663,paper
328,361,288,3672,paper
334,367,299,3662,paper
326,364,301,3653,paper
326,369,302,3658,paper
332,354,312,3678,paper
331,356,317,3664,paper
334,350,328,3662,paper
331,348,338,3638,paper
341,359,334,3662,paper
285,335,336,3663,paper
329,315,333,3671,paper
332,338,329,3665,paper
332,343,322,3670,paper
328,351,320,3656,paper
333,321,347,3654,paper
331,346,325,3664,paper
336,352,322,3660,paper
331,363,321,3681,paper
333,363,330,3671,paper
352,359,317,3675,paper
332,355,330,3659,paper
334,350,314,3659,paper
329,348,342,3659,paper
335,341,337,3652,paper
329,358,328,3659,paper
331,343,322,3658,paper
320,342,326,3640,paper
331,335,318,3671,paper
332,330,325,3643,paper
367,337,320,3656,paper
333,343,328,3659,paper
330,368,328,3654,paper
330,370,342,3655,paper
331,368,346,3661,paper
332,355,355,3655,paper
331,367,353,3648,paper
329,351,361,3641,paper
331,349,372,3648,paper
339,341,364,3652,paper
333,350,375,3665,paper
333,374,350,3673,paper
327,352,358,3660,paper
305,346,353,3653,paper
329,343,349,3653,paper
324,340,346,3648,paper
337,336,341,3674,paper
330,320,342,3663,paper
325,326,347,3637,paper
331,324,364,3655,paper
329,325,349,3660,paper
320,329,344,3659,paper
327,351,338,3653,paper
324,346,336,3657,paper
339,362,342,3664,paper
332,376,342,3666,paper
329,390,359,3652,paper
333,396,349,3657,paper
349,412,236,3662,paper
330,414,333,3672,paper
330,340,353,3660,paper
332,427,338,3550,paper
337,400,332,3663,paper
329,403,322,3663,paper
328,421,324,3675,paper
341,404,337,3663,paper
329,411,319,3655,paper
326,409,313,3663,paper
339,394,337,3653,paper
345,396,312,3657,paper
329,395,312,3669,paper
333,382,336,3658,paper
331,380,308,3664,paper
330,375,316,3660,paper
323,371,313,3671,paper
329,451,324,3662,paper
316,356,335,3659,paper
330,357,326,3637,paper
331,353,304,3664,paper
327,347,307,3663,paper
329,343,301,3659,paper
330,341,299,3635,paper
312,340,294,3674,paper
329,319,300,3662,paper
328,328,299,3661,paper
336,330,300,3650,paper
327,323,307,3659,paper
371,324,303,3655,paper
321,313,306,3669,paper
346,313,346,3659,paper
332,316,289,3661,paper
334,308,266,3663,paper
321,303,305,3665,paper
338,307,286,3648,paper
332,308,284,3652,paper
335,301,280,3667,paper
350,313,259,3661,paper
330,309,281,3657,paper
332,299,275,3684,paper
349,300,271,3660,paper
322,304,270,3664,paper
332,309,275,3655,paper
342,302,261,3660,paper
335,299,270,3690,paper
289,310,260,3665,paper
334,312,264,3657,paper
337,315,279,3664,paper
326,328,311,3657,paper
332,329,273,3663,paper
329,324,270,3652,paper
352,330,278,3664,paper
333,325,251,3665,paper
335,326,260,3679,paper
324,326,257,3653,paper
329,336,262,3686,paper
344,324,253,3661,paper
334,345,259,3671,paper
331,378,310,3641,paper
335,400,261,3656,paper
323,397,266,3663,paper
331,404,256,3658,paper
356,437,258,3643,paper
341,441,270,3688,paper
321,446,281,3649,paper
331,467,292,3670,paper
336,469,296,3664,paper
331,466,299,3663,paper
335,460,296,3657,paper
338,466,317,3658,paper
332,460,291,3649,paper
334,457,291,3659,paper
332,449,290,3656,paper
336,441,282,3667,paper
334,441,279,3660,paper
334,451,280,3655,paper
331,436,282,3661,paper
332,421,287,3647,paper
332,438,279,3662,paper
338,454,275,3650,paper
331,407,275,3663,paper
346,435,278,3688,paper
312,424,284,3660,paper
332,419,267,3662,paper
352,408,250,3661,paper
352,411,262,3703,paper
329,392,264,3654,paper
338,406,263,3664,paper
330,395,262,3654,paper
332,386,278,3661,paper
327,389,272,3663,paper
332,387,270,3667,paper
329,394,267,3726,paper
325,377,269,3656,paper
306,379,282,3665,paper
336,373,280,3667,paper
329,370,282,3668,paper
330,365,295,3652,paper
326,379,276,3653,paper
322,378,299,3644,paper
330,345,286,3662,paper
330,355,318,3662,paper
332,370,297,3659,paper
331,369,292,3664,paper
331,356,300,3565,paper
342,358,290,3658,paper
325,379,297,3665,paper
331,352,286,3663,paper
318,341,279,3684,paper
333,347,279,3657,paper
328,341,308,3655,paper
337,341,285,3659,paper
334,335,283,3667,paper
335,346,272,3675,paper
326,346,293,3656,paper
324,366,283,3735,paper
331,365,292,3661,paper
328,363,283,3673,paper
326,363,280,3645,paper
329,362,296,3659,paper
317,351,314,3654,paper
337,356,334,3651,paper
321,354,340,3681,paper
370,359,328,3663,paper
330,363,324,3659,paper
333,370,358,3660,paper
329,364,367,3657,paper
332,361,365,3653,paper
335,354,346,3675,paper
332,349,341,3658,paper
315,346,337,3668,paper
334,343,342,3656,paper
345,341,344,3659,paper
327,335,352,3659,paper
334,344,363,3668,paper
332,336,370,3666,paper
332,337,383,3660,paper
331,240,392,3665,paper
333,335,388,3671,paper
264,352,385,3663,paper
327,338,384,3664,paper
325,336,390,3639,paper
325,322,390,3643,paper
332,340,381,3665,paper
342,309,382,3660,paper
333,324,387,3659,paper
334,265,397,3664,paper
334,313,387,3659,paper
327,309,360,3665,paper
330,307,372,3660,paper
330,304,366,3658,paper
330,313,360,3656,paper
330,306,365,3659,paper
325,306,373,3664,paper
313,313,343,3659,paper
324,313,356,3658,paper
334,329,318,3665,paper
324,310,337,3672,paper
333,322,332,3658,paper
331,313,337,3660,paper
336,314,330,3649,paper
332,332,332,3577,paper
325,313,326,3650,paper
336,320,341,3645,paper
330,316,317,3659,paper
333,313,321,3665,paper
329,322,322,3665,paper
323,328,313,3619,paper
333,312,322,3661,paper
332,309,312,3660,paper
335,312,318,3653,paper
332,312,326,3645,paper
342,316,319,3667,paper
331,311,329,3658,paper
328,313,351,3663,paper
340,293,342,3662,paper
333,301,340,3646,paper
330,304,333,3662,paper
331,299,336,3652,paper
331,304,337,3662,paper
330,307,342,3661,paper
346,318,334,3656,paper
328,305,344,3641,paper
334,320,326,3665,paper
334,312,325,3651,paper
338,308,330,3659,paper
335,304,338,3661,paper
333,300,337,3661,paper
342,298,339,3669,paper
329,290,341,3664,paper
335,293,348,3658,paper
320,289,329,3653,paper
342,290,320,3661,paper
333,283,318,3660,paper
327,287,326,3647,paper
332,283,328,3662,paper
334,278,310,3654,paper
336,277,331,3655,paper
332,275,351,3679,paper
335,287,342,3664,paper
320,282,340,3659,paper
338,276,373,3655,paper
334,282,350,3664,paper
331,276,367,3647,paper
336,273,373,3665,paper
339,266,376,3664,paper
329,269,389,3651,paper
344,271,380,3653,paper
317,293,368,3644,paper
327,300,366,3654,paper
334,358,378,3662,paper
331,317,364,3661,paper
320,322,349,3668,paper
334,306,349,3660,paper
328,305,235,3659,paper
333,286,346,3665,paper
334,299,341,3659,paper
332,300,342,3647,paper
349,296,338,3653,paper
337,293,312,3661,paper
337,292,332,3664,paper
326,307,323,3642,paper
335,285,325,3663,paper
336,289,323,3649,paper
338,225,335,3665,paper
343,275,316,3657,paper
336,281,317,3671,paper
325,279,322,3653,paper
336,272,342,3662,paper
333,271,329,3746,paper
332,246,333,3674,paper
340,261,346,3639,paper
332,309,327,3661,paper
340,254,327,3647,paper
337,259,330,3653,paper
336,244,321,3663,paper
326,273,318,3638,paper
334,270,300,3650,paper
334,250,331,3668,paper
336,250,313,3658,paper
347,262,314,3658,paper
336,254,325,3675,paper
334,266,305,3667,paper
332,250,343,3656,paper
314,250,356,3639,paper
328,247,341,3660,paper
320,249,408,3661,paper
343,245,333,3661,paper
332,258,332,3666,paper
328,265,328,3675,paper
333,264,308,3661,paper
343,264,324,3666,paper
340,267,342,3662,paper
354,265,362,3660,paper
334,293,366,3670,paper
325,300,374,3639,paper
344,294,391,3665,paper
351,296,361,3663,paper
331,257,363,3664,paper
333,291,359,3659,paper
335,284,359,3660,paper
334,286,371,3655,paper
337,281,368,3662,paper
340,302,396,3639,paper
336,261,384,3665,paper
336,278,350,3660,paper
336,274,381,3569,paper
345,280,386,3660,paper
334,281,390,3660,paper
348,282,404,3662,paper
326,279,386,3652,paper
335,266,389,3659,paper
335,279,393,3653,paper
335,267,395,3658,paper
336,274,386,3663,paper
334,274,373,3661,paper
327,279,379,3661,paper
359,272,388,3663,paper
335,278,378,3665,paper
343,269,383,3659,paper
333,268,378,3660,paper
334,265,382,3660,paper
338,262,400,3659,paper
330,250,380,3659,paper
328,283,365,3659,paper
334,276,374,3644,paper
338,290,352,3672,paper
326,296,367,3656,paper
332,297,337,3659,paper
327,310,354,3646,paper
333,285,357,3674,paper
350,290,349,3665,paper
322,289,347,3640,paper
335,288,344,3660,paper
330,265,356,3670,paper
328,283,355,3645,paper
336,277,348,3661,paper
332,269,344,3667,paper
337,253,339,3668,paper
354,266,337,3652,paper
338,261,312,3659,paper
334,273,334,3659,paper
336,249,330,3663,paper
335,264,327,3661,paper
336,268,332,3656,paper
349,272,316,3677,paper
336,265,316,3661,paper
338,277,320,3649,paper
335,291,314,3639,paper
334,314,311,3667,paper
335,304,310,3658,paper
336,326,317,3655,paper
343,336,316,3657,paper
336,353,314,3659,paper
340,373,294,3664,paper
340,377,307,3673,paper
344,372,320,3657,paper
334,372,322,3661,paper
429,363,301,3669,paper
331,361,252,3648,paper
385,354,293,3675,paper
339,348,292,3664,paper
357,346,289,3660,paper
314,346,276,3643,paper
332,336,292,3665,paper
333,336,280,3644,paper
331,329,296,3680,paper
336,306,295,3638,paper
330,329,282,3666,paper
337,347,274,3655,paper
324,325,308,3666,paper
333,332,292,3655,paper
337,330,272,3661,paper
336,325,245,3659,paper
338,338,268,3607,paper
351,318,259,3675,paper
331,320,263,3661,paper
354,336,250,3671,paper
335,298,260,3658,paper
329,300,250,3662,paper
333,291,252,3655,paper
343,308,239,3682,paper
343,304,252,3763,paper
334,327,254,3669,paper
330,325,235,3656,paper
334,322,266,3660,paper
342,311,265,3647,paper
326,305,250,3647,paper
327,297,260,3673,paper
332,325,240,3658,paper
333,333,243,3659,paper
328,326,240,3663,paper
281,336,239,3633,paper
381,334,236,3663,paper
334,355,238,3657,paper
316,357,253,3654,paper
331,357,250,3658,paper
332,343,244,3658,paper
332,354,240,3612,paper
353,323,240,3661,paper
332,352,214,3659,paper
333,347,234,3659,paper
328,350,236,3665,paper
332,365,229,3661,paper
331,378,219,3683,paper
329,377,224,3663,paper
333,378,248,3660,paper
321,391,230,3731,paper
332,382,218,3661,paper
331,380,205,3658,paper
332,388,216,3665,paper
332,370,229,3664,paper
320,397,216,3635,paper
328,387,231,3658,paper
333,390,217,3668,paper
333,389,224,3661,paper
343,378,218,3660,paper
337,388,232,3663,paper
333,395,230,3653,paper
329,401,253,3653,paper
345,418,225,3657,paper
331,393,217,3634,paper
333,404,205,3665,paper
337,400,219,3657,paper
336,402,176,3663,paper
327,394,218,3655,paper
336,396,221,3689,paper
336,397,242,3653,paper
338,389,215,3661,paper
334,387,195,3660,paper
335,385,218,3681,paper
329,375,228,3654,paper
337,369,209,3660,paper
335,381,208,3677,paper
326,391,235,3665,paper
335,370,220,3670,paper
326,349,254,3655,paper
342,347,160,3667,paper
333,436,249,3663,paper
334,351,249,3637,paper
326,356,274,3656,paper
356,358,239,3672,paper
358,339,260,3663,paper
335,349,264,3657,paper
336,357,261,3658,paper
311,356,269,3660,paper
334,355,257,3667,paper
333,353,266,3665,paper
332,363,248,3642,paper
331,354,270,3653,paper
335,352,228,3671,paper
335,351,276,3663,paper
331,346,256,3661,paper
337,343,277,3655,paper
332,338,262,3662,paper
330,336,280,3650,paper
336,325,291,3665,paper
332,322,296,3659,paper
332,313,298,3669,paper
349,320,314,3659,paper
333,309,328,3660,paper
334,314,322,3748,paper
336,322,326,3659,paper
333,301,321,3661,paper
332,346,305,3672,paper
332,318,316,3718,paper
321,333,305,3658,paper
332,316,342,3661,paper
330,330,305,3665,paper
340,326,298,3663,paper
332,324,307,3655,paper
337,318,308,3650,paper
333,312,260,3646,paper
336,306,317,3663,paper
335,323,273,3662,paper
338,316,315,3658,paper
323,332,314,3664,paper
337,326,312,3660,paper
331,386,321,3663,paper
339,335,311,3655,paper
328,362,313,3658,paper
344,347,311,3657,paper
341,340,311,3659,paper
338,353,325,3656,paper
338,336,311,3657,paper
337,342,290,3674,paper
338,340,309,3658,paper
339,336,325,3663,paper
340,352,291,3663,paper
330,334,300,3655,paper
341,356,306,3662,paper
357,329,295,3745,paper
336,346,282,3719,paper
336,338,296,3653,paper
334,349,290,3685,paper
337,342,308,3655,paper
333,354,267,3658,paper
342,346,264,3655,paper
336,361,285,3665,paper
328,366,286,3645,paper
337,364,307,3660,paper
341,381,286,3718,paper
313,383,285,3661,paper
332,399,309,3676,paper
327,385,307,3654,paper
336,420,304,3682,paper
335,429,290,3657,paper
335,425,297,3673,paper
325,432,294,3656,paper
334,423,286,3668,paper
332,416,283,3667,paper
338,424,280,3647,paper
317,411,278,3664,paper
342,405,272,3665,paper
347,416,276,3659,paper
331,415,298,3662,paper
350,413,272,3661,paper
322,430,256,3661,paper
349,419,287,3675,paper
318,423,288,3662,paper
315,420,276,3659,paper
337,424,292,3639,paper
334,401,282,3673,paper
331,412,277,3664,paper
332,393,267,3661,paper
336,420,285,3668,paper
337,398,280,3662,paper
334,375,281,3673,paper
334,380,296,3653,paper
347,384,284,3657,paper
339,393,281,3672,paper
322,376,283,3662,paper
331,361,313,3655,paper
336,363,259,3665,paper
350,354,293,3658,paper
335,355,298,3638,paper
338,351,247,3645,paper
335,346,286,3662,paper
336,334,287,3606,paper
335,339,284,3660,paper
353,335,169,3657,paper
332,331,279,3657,paper
338,326,324,3661,paper
325,344,287,3666,paper
333,325,271,3661,paper
309,323,269,3661,paper
338,282,263,3675,paper
337,303,260,3658,paper
336,316,275,3661,paper
321,309,188,3661,paper
357,303,290,3679,paper
333,301,282,3678,paper
268,316,278,3661,paper
325,306,280,3639,paper
339,308,290,3653,paper
334,313,278,3664,paper
348,318,268,3663,paper
335,290,262,3657,paper
316,306,280,3660,paper
341,288,309,3653,paper
333,275,305,3658,paper
336,298,279,3658,paper
333,303,272,3660,paper
333,321,286,3641,paper
336,330,313,3657,paper
333,339,268,3659,paper
355,382,295,3667,paper
313,372,288,3661,paper
335,366,284,3663,paper
336,361,281,3660,paper
345,357,226,3660,paper
349,334,293,3662,paper
320,344,284,3661,paper
343,302,262,3660,paper
340,370,268,3667,paper
339,351,296,3675,paper
457,355,274,3652,paper
343,364,274,3653,paper
337,363,261,3657,paper
342,345,278,3662,paper
359,366,276,3683,paper
349,374,276,3748,paper
329,385,168,3648,paper
343,387,323,3660,paper
317,386,275,3577,paper
320,374,273,3658,paper
346,373,261,3679,paper
336,360,269,3563,paper
339,378,268,3593,paper
337,376,267,3656,paper
337,356,265,3660,paper
326,349,278,3661,paper
330,347,239,3653,paper
364,359,256,3738,paper
349,341,256,3661,paper
333,348,257,3762,paper
336,348,268,3643,paper
344,339,256,3662,paper
326,335,246,3655,paper
340,317,333,3674,paper
334,325,254,3659,paper
338,324,242,3659,paper
340,317,247,3663,paper
333,322,294,3673,paper
318,327,252,3652,paper
331,324,251,3662,paper
336,331,247,3661,paper
331,308,247,3662,paper
336,315,244,3644,paper
324,307,262,3661,paper
347,309,251,3672,paper
328,214,243,3661,paper
332,295,224,3658,paper
323,295,343,3642,paper
332,345,237,3657,paper
347,288,240,3657,paper
335,302,238,3654,paper
329,281,339,3635,paper
345,274,263,3660,paper
332,272,256,3662,paper
331,270,243,3655,paper
310,277,249,3659,paper
331,270,253,3661,paper
333,267,271,3651,paper
335,274,269,3663,paper
324,280,228,3659,paper
322,283,296,3660,paper
328,296,236,3664,paper
322,297,243,3659,paper
310,315,232,3660,paper
332,360,242,3661,paper
332,315,235,3666,paper
324,311,234,3660,paper
290,333,236,3662,paper
337,330,233,3648,paper
342,298,228,3647,paper
331,286,229,3663,paper
330,305,234,3672,paper
331,306,235,3661,paper
343,281,240,3644,paper
331,294,245,3652,paper
344,297,210,3658,paper
330,310,217,3666,paper
330,294,226,3655,paper
338,276,227,3663,paper
328,284,218,3709,paper
330,289,225,3686,paper
330,289,248,3660,paper
331,280,220,3658,paper
318,290,230,3642,paper
421,279,220,3649,paper
335,284,200,3661,paper
329,279,229,3653,paper
320,306,222,3639,paper
331,315,206,3676,paper
332,291,217,3659,paper
293,276,212,3625,paper
328,286,223,3660,paper
346,288,207,3665,paper
350,288,210,3676,paper
356,277,212,3681,paper
332,297,190,3663,paper
421,295,208,3677,paper
337,305,214,3637,paper
363,291,218,3668,paper
323,298,245,3665,paper
330,293,218,3646,paper
355,283,227,3662,paper
331,276,234,3560,paper
342,274,235,3668,paper
328,281,236,3661,paper
323,280,236,3667,paper
331,278,232,3649,paper
329,258,232,3643,paper
348,276,234,3660,paper
333,263,225,3657,paper
338,293,230,3660,paper
332,256,228,3660,paper
320,262,228,3660,paper
332,245,227,3655,paper
331,232,229,3652,paper
330,246,238,3647,paper
328,244,228,3655,paper
328,232,228,3663,paper
332,250,227,3643,paper
334,236,231,3662,paper
336,244,224,3657,paper
345,259,147,3659,paper
325,256,248,3663,paper
334,279,256,3657,paper
343,290,312,3661,paper
337,296,222,3676,paper
330,336,245,3661,paper
311,291,248,3660,paper
333,276,242,3733,paper
330,288,221,3677,paper
331,282,246,3668,paper
328,280,236,3662,paper
326,290,226,3658,paper
328,286,237,3661,paper
333,271,238,3660,paper
337,216,224,3659,paper
338,207,226,3655,paper
332,284,240,3663,paper
340,292,243,3636,paper
319,286,252,3657,paper
331,308,235,3659,paper
334,298,232,3658,paper
344,293,242,3659,paper
311,288,259,3641,paper
330,350,244,3663,paper
420,273,240,3660,paper
427,277,240,3664,paper
331,288,236,3547,paper
330,300,243,3660,paper
333,278,250,3664,paper
333,284,260,3663,paper
339,277,269,3662,paper
331,295,241,3661,paper
294,300,256,3667,paper
345,269,247,3664,paper
330,284,250,3662,paper
330,298,233,3673,paper
358,306,234,3659,paper
334,300,211,3661,paper
327,267,231,3663,paper
338,284,248,3673,paper
359,307,228,3658,paper
339,301,244,3639,paper
328,295,256,3661,paper
325,303,241,3646,paper
346,283,308,3660,paper
332,286,249,3647,paper
324,281,251,3659,paper
333,294,242,3651,paper
330,278,258,3663,paper
333,268,272,3656,paper
324,280,262,3666,paper
333,288,233,3661,paper
333,287,242,3673,paper
345,283,250,3663,paper
312,280,258,3654,paper
328,280,253,3682,paper
342,281,256,3659,paper
336,278,268,3666,paper
332,285,272,3659,paper
330,277,282,3662,paper
328,293,274,3665,paper
330,265,304,3662,paper
329,272,285,3661,paper
332,267,256,3662,paper
329,268,262,3660,paper
292,266,285,3658,paper
329,258,297,3657,paper
312,256,286,3659,paper
329,256,266,3660,paper
331,267,276,3675,paper
330,282,279,3665,paper
326,290,275,3662,paper
344,285,276,3663,paper
325,287,275,3678,paper
338,262,287,3661,paper
328,293,271,3560,paper
335,278,270,3653,paper
328,276,276,3661,paper
320,267,293,3658,paper
333,257,289,3659,paper
342,278,291,3652,paper
357,265,286,3662,paper
314,256,311,3648,paper
340,273,293,3662,paper
335,277,296,3662,paper
353,293,295,3675,paper
316,273,364,3664,paper
342,262,275,3661,paper
336,267,311,3661,paper
348,265,302,3665,paper
321,276,297,3660,paper
321,269,293,3660,paper
337,274,305,3697,paper
327,284,312,3661,paper
345,283,291,3675,paper
346,280,270,3676,paper
339,289,280,3656,paper
335,315,330,3661,paper
348,296,327,3659,paper
336,313,309,3660,paper
348,308,308,3660,paper
337,306,305,3633,paper
328,301,320,3653,paper
334,306,331,3633,paper
356,289,338,3664,paper
331,292,320,3659,paper
331,288,316,3663,paper
339,276,310,3659,paper
336,284,316,3659,paper
334,284,321,3658,paper
332,284,313,3657,paper
325,260,315,3662,paper
341,300,322,3639,paper
238,282,319,3678,paper
320,288,316,3661,paper
330,297,328,3652,paper
293,278,310,3547,paper
333,291,317,3657,paper
312,283,344,3655,paper
336,285,313,3676,paper
291,283,327,3674,paper
332,269,334,3660,paper
328,291,334,3662,paper
330,278,339,3643,paper
340,289,325,3665,paper
340,283,321,3661,paper
329,284,328,3655,paper
388,280,316,3666,paper
334,290,311,3665,paper
331,301,326,3651,paper
326,303,385,3644,paper
313,301,314,3638,paper
341,297,280,3662,paper
326,293,402,3666,paper
332,288,296,3661,paper
319,291,298,3661,paper
330,281,296,3661,paper
333,281,299,3663,paper
332,188,297,3662,paper
334,286,300,3546,paper
332,271,294,3679,paper
326,257,295,3659,paper
333,265,293,3679,paper
347,288,290,3662,paper
332,309,287,3663,paper
345,300,185,3661,paper
337,295,292,3661,paper
324,297,285,3654,paper
338,296,285,3660,paper
344,285,285,3660,paper
340,294,297,3661,paper
338,287,284,3646,paper
325,287,282,3660,paper
326,269,289,3676,paper
332,257,290,3665,paper
347,280,179,3663,paper
335,284,252,3661,paper
330,278,273,3661,paper
332,290,290,3654,paper
332,288,284,3645,paper
328,300,272,3677,paper
332,290,286,3661,paper
324,300,300,3661,paper
310,303,317,3659,paper
332,269,318,3659,paper
344,287,319,3657,paper
409,306,309,3729,paper
336,289,305,3665,paper
341,291,309,3667,paper
318,305,299,3667,paper
332,358,302,3661,paper
347,286,308,3659,paper
324,290,298,3664,paper
333,286,306,3645,paper
325,294,290,3659,paper
423,293,289,3673,paper
312,292,248,3662,paper
348,296,172,3659,paper
332,303,282,3649,paper
333,270,293,3658,paper
333,294,280,3643,paper
343,278,262,3661,paper
333,304,267,3650,paper
321,307,261,3660,paper
336,301,277,3661,paper
343,311,268,3661,paper
331,325,266,3659,paper
332,322,244,3657,paper
330,323,207,3659,paper
327,265,261,3663,paper
324,324,262,3654,paper
331,317,247,3677,paper
307,312,256,3656,paper
332,310,257,3661,paper
324,309,264,3637,paper
331,308,251,3554,paper
327,301,245,3660,paper
342,297,243,3659,paper
330,233,247,3660,paper
321,301,245,3675,paper
331,269,247,3655,paper
328,290,294,3670,paper
333,282,238,3660,paper
327,305,234,3661,paper
333,283,230,3678,paper
275,280,235,3660,paper
329,262,232,3688,paper
331,287,236,3675,paper
306,285,241,3652,paper
329,279,227,3679,paper
332,278,240,3659,paper
337,281,261,3661,paper
340,342,250,3658,paper
337,290,246,3676,paper
335,297,247,3664,paper
336,295,256,3658,paper
333,320,258,3563,paper
460,301,256,3664,paper
336,290,259,3567,paper
342,299,256,3663,paper
337,307,237,3661,paper
237,290,268,3667,paper
327,286,275,3647,paper
335,288,286,3655,paper
325,296,272,3675,paper
334,320,269,3653,paper
323,303,242,3660,paper
321,293,292,3645,paper
349,286,294,3662,paper
332,284,292,3653,paper
373,294,292,3759,paper
331,276,287,3657,paper
335,273,267,3662,paper
319,264,294,3656,paper
336,250,277,3664,paper
330,260,272,3664,paper
352,232,274,3663,paper
314,258,274,3649,paper
336,256,270,3653,paper
328,246,265,3653,paper
321,240,258,3611,paper
335,264,260,3654,paper
327,266,260,3654,paper
329,265,262,3663,paper
329,289,260,3661,paper
321,313,269,3651,paper
322,314,269,3659,paper
289,339,275,3657,paper
334,355,268,3673,paper
333,331,264,3674,paper
318,331,150,3662,paper
329,335,269,3649,paper
334,338,273,3659,paper
331,335,292,3649,paper
399,330,274,3670,paper
332,332,283,3638,paper
334,325,272,3659,paper
332,320,276,3714,paper
333,349,279,3655,paper
334,348,284,3667,paper
332,344,288,3677,paper
330,353,329,3663,paper
333,344,302,3676,paper
337,372,296,3661,paper
340,349,326,3654,paper
330,339,305,3662,paper
329,369,309,3661,paper
335,375,319,3651,paper
335,362,294,3675,paper
336,383,272,3660,paper
331,403,300,3661,paper
347,389,309,3667,paper
339,402,303,3651,paper
336,432,302,3658,paper
339,469,308,3655,paper
339,466,303,3661,paper
311,498,328,3651,paper
360,544,330,3662,paper
336,566,285,3643,paper
339,573,317,3661,paper
335,566,323,3657,paper
342,576,338,3657,paper
332,580,339,3653,paper
331,579,324,3659,paper
339,576,324,3662,paper
339,570,322,3699,paper
350,559,326,3664,paper
350,548,213,3662,paper
344,555,319,3667,paper
356,537,331,3677,paper
340,520,340,3664,paper
326,523,334,3661,paper
338,516,342,3656,paper
284,518,341,3643,paper
343,514,338,3667,paper
343,509,335,3650,paper
333,506,328,3680,paper
345,521,324,3663,paper
343,496,314,3663,paper
347,493,321,3666,paper
331,486,313,3661,paper
339,589,316,3658,paper
337,472,312,3659,paper
346,460,309,3651,paper
354,458,376,3661,paper
337,447,298,3659,paper
328,462,302,3659,paper
334,421,300,3659,paper
337,428,295,3662,paper
336,445,293,3672,paper
328,450,293,3610,paper
326,426,314,3657,paper
336,428,293,3668,paper
334,422,299,3655,paper
327,425,288,3662,paper
337,427,297,3653,paper
335,431,290,3665,paper
338,437,301,3657,paper
329,429,311,3757,paper
339,423,315,3655,paper
345,418,301,3660,paper
345,395,316,3659,paper
325,425,302,3658,paper
336,415,308,3660,paper
334,436,303,3663,paper
284,452,307,3658,paper
340,417,302,3659,paper
230,435,301,3653,paper
323,426,303,3661,paper
352,425,296,3665,paper
334,424,293,3651,paper
337,421,292,3666,paper
337,411,306,3656,paper
353,375,290,3662,paper
340,407,286,3661,paper
345,425,284,3644,paper
336,407,301,3652,paper
359,384,280,3661,paper
315,429,281,3664,paper
337,459,284,3660,paper
330,442,273,3663,paper
334,425,276,3677,paper
328,419,293,3663,paper
324,428,271,3653,paper
334,464,267,3660,paper
333,451,264,3653,paper
346,459,261,3663,paper
331,465,260,3661,paper
344,473,256,3667,paper
335,476,261,3665,paper
344,466,256,3656,paper
332,456,256,3659,paper
354,454,266,3665,paper
336,451,266,3659,paper
334,445,257,3663,paper
335,440,271,3648,paper
334,416,248,3659,paper
298,427,264,3673,paper
345,412,267,3662,paper
335,421,238,3661,paper
335,417,264,3661,paper
337,415,258,3662,paper
338,415,282,3653,paper
327,424,266,3657,paper
332,361,258,3661,paper
338,427,236,3662,paper
333,417,256,3676,paper
331,416,240,3682,paper
320,410,310,3660,paper
335,414,258,3682,paper
335,401,277,3673,paper
343,410,281,3663,paper
312,404,330,3663,paper
340,400,285,3664,paper
334,396,284,3672,paper
332,389,279,3668,paper
334,386,270,3658,paper
393,374,271,3539,paper
358,380,264,3662,paper
323,356,252,3661,paper
336,367,295,3659,paper
321,364,318,3657,paper
334,357,323,3660,paper
328,352,322,3662,paper
312,350,311,3663,paper
341,327,338,3661,paper
348,334,325,3660,paper
341,336,332,3664,paper
350,331,329,3671,paper
336,330,332,3657,paper
326,325,332,3654,paper
334,316,341,3640,paper
330,320,328,3666,paper
335,323,359,3656,paper
327,321,364,3652,paper
304,316,355,3652,paper
335,311,359,3677,paper
330,309,352,3656,paper
337,306,352,3653,paper
334,319,344,3654,paper
313,332,345,3665,paper
327,342,349,3658,paper
325,344,335,3659,paper
329,344,344,3671,paper
338,359,332,3660,paper
328,366,345,3650,paper
338,381,340,3661,paper
329,378,346,3661,paper
337,384,348,3663,paper
346,376,345,3658,paper
331,379,357,3653,paper
331,376,357,3656,paper
323,363,358,3661,paper
329,376,350,3539,paper
344,365,443,3661,paper
320,357,345,3652,paper
324,370,346,3657,paper
327,348,337,3665,paper
333,344,336,3671,paper
327,350,324,3666,paper
332,350,318,3669,paper
330,339,326,3663,paper
335,330,329,3661,paper
332,277,341,3651,paper
328,323,321,3664,paper
338,327,324,3670,paper
334,336,330,3662,paper
334,352,324,3645,paper
329,351,317,3640,paper
340,344,313,3663,paper
346,342,350,3662,paper
333,380,309,3651,paper
414,416,317,3635,paper
332,446,286,3673,paper
325,432,300,3666,paper
229,470,334,3678,paper
336,460,357,3658,paper
340,480,364,3649,paper
339,478,370,3658,paper
338,482,374,3654,paper
333,473,377,3659,paper
343,470,376,3673,paper
332,463,408,3665,paper
340,369,422,3656,paper
317,454,430,3661,paper
339,455,412,3671,paper
357,450,410,3662,paper
338,448,408,3657,paper
335,435,412,3663,paper
335,437,417,3660,paper
341,460,409,3642,paper
329,441,416,3674,paper
336,450,410,3660,paper
333,456,397,3661,paper
339,463,410,3653,paper
334,463,398,3640,paper
329,460,395,3660,paper
338,487,410,3662,paper
335,497,422,3663,paper
320,515,428,3659,paper
335,483,426,3660,paper
326,500,422,3654,paper
336,453,405,3661,paper
317,491,419,3659,paper
265,492,436,3653,paper
336,481,431,3657,paper
337,476,436,3657,paper
335,475,431,3667,paper
334,466,423,3661,paper
332,460,417,3663,paper
343,459,462,3658,paper
293,452,410,3655,paper
335,443,383,3660,paper
311,439,453,3660,paper
332,440,400,3663,paper
307,439,395,3656,paper
329,431,406,3652,paper
345,422,418,3663,paper
344,417,410,3659,paper
326,421,306,3650,paper
328,411,397,3661,paper
333,396,408,3657,paper
342,405,402,3654,paper
333,395,395,3667,paper
333,422,393,3668,paper
332,436,387,3663,paper
337,429,395,3702,paper
329,437,377,3770,paper
334,439,370,3660,paper
327,439,372,3669,paper
339,438,382,3672,paper
332,446,365,3660,paper
321,452,372,3645,paper
335,447,385,3677,paper
333,419,404,3661,paper
333,432,406,3657,paper
329,424,390,3659,paper
334,424,404,3660,paper
332,421,421,3660,paper
335,420,422,3656,paper
341,438,416,3651,paper
340,424,414,3654,paper
332,428,388,3664,paper
332,403,403,3663,paper
332,415,406,3661,paper
334,416,427,3653,paper
340,454,408,3659,paper
327,404,411,3640,paper
335,402,414,3651,paper
330,416,408,3663,paper
335,471,405,3660,paper
334,450,400,3637,paper
336,442,386,3660,paper
353,459,385,3654,paper
334,446,400,3655,paper
327,442,292,3666,paper
300,439,415,3650,paper
326,411,425,3658,paper
334,418,444,3652,paper
332,427,424,3660,paper
333,414,428,3654,paper
332,403,431,3660,paper
333,414,434,3673,paper
335,405,423,3660,paper
327,396,416,3662,paper
338,399,418,3675,paper
333,393,414,3658,paper
332,387,435,3661,paper
333,388,441,3649,paper
354,391,463,3641,paper
343,376,449,3651,paper
343,371,441,3667,paper
339,377,427,3657,paper
332,366,433,3659,paper
341,378,428,3663,paper
341,367,432,3663,paper
343,380,445,3682,paper
338,368,438,3658,paper
346,380,440,3663,paper
336,394,455,3655,paper
334,400,441,3657,paper
330,407,437,3689,paper
356,403,440,3662,paper
334,397,434,3665,paper
336,399,426,3657,paper
326,406,480,3660,paper
337,386,437,3657,paper
351,362,448,3661,paper
336,413,440,3661,paper
335,408,442,3660,paper
333,404,418,3654,paper
336,369,430,3659,paper
325,398,483,3660,paper
334,388,426,3661,paper
344,388,377,3662,paper
336,386,418,3656,paper
336,377,411,3663,paper
338,373,401,3677,paper
351,371,409,3660,paper
335,391,399,3636,paper
341,391,403,3637,paper
339,403,390,3660,paper
334,397,395,3660,paper
338,390,392,3651,paper
330,400,403,3659,paper
327,412,312,3663,paper
340,407,433,3658,paper
342,403,468,3663,paper
351,432,460,3650,paper
347,422,451,3667,paper
321,415,455,3672,paper
341,408,456,3648,paper
349,385,459,3646,paper
338,404,444,3662,paper
337,395,430,3664,paper
336,388,460,3656,paper
339,393,438,3653,paper
335,380,420,3648,paper
339,379,428,3656,paper
409,393,406,3649,paper
346,394,410,3660,paper
335,387,410,3654,paper
339,382,422,3675,paper
337,387,444,3654,paper
337,382,424,3654,paper
337,379,416,3663,paper
338,392,415,3648,paper
232,371,420,3677,paper
336,377,418,3651,paper
338,391,395,3666,paper
347,384,409,3662,paper
337,374,410,3659,paper
336,383,412,3649,paper
336,370,436,3636,paper
299,373,420,3674,paper
342,346,424,3660,paper
338,363,417,3685,paper
334,357,420,3656,paper
337,349,423,3663,paper
334,329,441,3662,paper
335,337,428,3657,paper
336,340,428,3665,paper
334,328,408,3668,paper
326,331,413,3658,paper
331,326,414,3656,paper
335,330,414,3653,paper
332,338,412,3659,paper
335,357,420,3658,paper
330,279,417,3664,paper
333,365,414,3656,paper
329,355,424,3657,paper
350,356,420,3653,paper
333,362,428,3661,paper
332,381,409,3659,paper
336,375,392,3662,paper
354,379,419,3660,paper
335,386,408,3655,paper
338,302,391,3659,paper
326,380,393,3664,paper
327,382,371,3667,paper
312,370,386,3658,paper
333,431,401,3660,paper
339,353,405,3656,paper
337,358,386,3656,paper
338,354,344,3645,paper
333,429,368,3658,paper
332,353,357,3664,paper
335,359,372,3667,paper
329,360,367,3638,paper
327,364,392,3647,paper
339,368,380,3663,paper
334,369,375,3661,paper
346,381,374,3656,paper
335,393,364,3675,paper
339,376,367,3657,paper
341,375,274,3661,paper
335,367,358,3658,paper
334,366,351,3664,paper
312,366,352,3659,paper
327,345,322,3660,paper
335,362,346,3660,paper
338,367,336,3647,paper
332,369,332,3649,paper
338,359,356,3657,paper
333,384,355,3661,paper
339,402,341,3654,paper
340,408,348,3650,paper
345,382,430,3659,paper
334,381,358,3657,paper
335,404,349,3658,paper
339,433,349,3658,paper
334,434,370,3661,paper
333,441,362,3655,paper
331,434,342,3679,paper
336,426,329,3635,paper
339,424,332,3661,paper
334,417,328,3658,paper
351,415,335,3660,paper
334,434,310,3662,paper
344,433,323,3657,paper
349,446,407,3661,paper
340,442,309,3662,paper
337,459,315,3659,paper
333,439,328,3653,paper
329,428,310,3645,paper
334,427,304,3660,paper
331,420,312,3658,paper
323,434,300,3673,paper
425,416,310,3651,paper
236,419,307,3634,paper
356,447,307,3654,paper
341,502,314,3650,paper
344,506,310,3644,paper
347,517,306,3648,paper
350,503,288,3681,paper
348,477,312,3660,paper
340,498,301,3651,paper
350,515,300,3661,paper
339,489,278,3665,paper
332,489,299,3675,paper
337,503,298,3663,paper
351,512,298,3655,paper
341,492,297,3659,paper
252,487,288,3678,paper
319,488,288,3660,paper
341,485,294,3653,paper
332,453,277,3659,paper
332,474,284,3652,paper
336,461,297,3653,paper
361,467,284,3647,paper
333,472,282,3659,paper
340,485,299,3655,paper
390,483,293,3660,paper
341,480,297,3635,paper
340,471,301,3659,paper
348,473,312,3669,paper
326,472,317,3656,paper
334,472,313,3651,paper
334,482,289,3669,paper
329,471,303,3667,paper
334,471,299,3665,paper
336,462,309,3653,paper
336,461,368,3675,paper
417,441,291,3665,paper
334,455,294,3668,paper
334,466,292,3649,paper
359,437,298,3658,paper
333,490,314,3660,paper
335,496,316,3659,paper
351,492,314,3661,paper
314,489,306,3658,paper
335,478,312,3668,paper
333,494,338,3656,paper
339,496,306,3660,paper
339,516,315,3677,paper
337,544,307,3657,paper
334,560,306,3662,paper
336,570,284,3660,paper
338,550,307,3666,paper
340,525,302,3661,paper
335,542,302,3725,paper
352,533,308,3661,paper
340,541,312,3668,paper
334,533,323,3661,paper
315,519,338,3659,paper
335,512,331,3660,paper
342,524,320,3655,paper
350,524,328,3660,paper
346,534,342,3652,paper
336,527,373,3659,paper
329,523,363,3648,paper
347,536,341,3672,paper
334,529,360,3661,paper
338,534,412,3644,paper
312,531,356,3673,paper
334,557,375,3658,paper
335,540,384,3663,paper
343,557,366,3643,paper
334,559,374,3684,paper
334,548,402,3661,paper
336,542,408,3659,paper
325,534,396,3677,paper
334,526,370,3660,paper
341,523,393,3668,paper
329,512,388,3644,paper
335,517,385,3664,paper
335,518,379,3659,paper
353,548,387,3667,paper
332,583,387,3627,paper
337,623,379,3651,paper
328,650,367,3653,paper
335,645,371,3677,paper
337,643,368,3660,paper
308,640,367,3651,paper
337,635,381,3656,paper
350,648,390,3663,paper
336,662,410,3663,paper
332,663,421,3670,paper
336,677,372,3663,paper
317,680,381,3659,paper
339,658,393,3652,paper
332,664,390,3658,paper
355,674,366,3658,paper
336,672,390,3660,paper
329,661,388,3659,paper
327,658,380,3651,paper
323,650,375,3659,paper
336,647,386,3659,paper
334,649,366,3659,paper
335,657,362,3682,paper
345,640,360,3660,paper
334,638,365,3651,paper
333,637,360,3660,paper
349,640,356,3641,paper
336,624,388,3648,paper
336,626,370,3655,paper
331,606,376,3660,paper
321,593,374,3659,paper
335,601,363,3661,paper
331,591,359,3677,paper
286,578,358,3665,paper
335,582,359,3661,paper
338,581,359,3658,paper
338,590,352,3658,paper
337,597,344,3669,paper
339,604,348,3661,paper
348,629,343,3654,paper
334,600,351,3635,paper
336,618,347,3737,paper
337,608,344,3659,paper
340,611,336,3662,paper
342,612,358,3659,paper
320,612,350,3659,paper
339,601,341,3653,paper
339,589,357,3662,paper
333,584,359,3666,paper
337,560,375,3662,paper
334,584,375,3669,paper
326,596,370,3672,paper
336,577,372,3667,paper
338,604,376,3670,paper
343,640,368,3644,paper
339,628,367,3648,paper
338,636,365,3658,paper
338,642,369,3667,paper
321,630,371,3658,paper
337,627,385,3662,paper
338,614,382,3657,paper
338,638,374,3660,paper
338,645,370,3638,paper
334,648,380,3632,paper
341,645,390,3666,paper
333,619,346,3661,paper
339,630,379,3651,paper
342,615,365,3662,paper
340,603,382,3653,paper
336,599,384,3671,paper
344,592,409,3662,paper
338,597,392,3599,paper
357,583,389,3665,paper
333,581,394,3656,paper
342,590,392,3656,paper
351,602,390,3650,paper
344,597,381,3636,paper
341,605,368,3658,paper
329,606,389,3651,paper
353,622,353,3677,paper
341,603,369,3654,paper
343,583,371,3658,paper
343,584,368,3653,paper
343,573,376,3659,paper
338,595,392,3666,paper
349,604,377,3660,paper
341,598,378,3653,paper
345,585,354,3652,paper
343,591,361,3670,paper
345,596,379,3658,paper
345,598,366,3666,paper
347,607,349,3687,paper
344,604,360,3660,paper
343,504,348,3657,paper
340,583,359,3674,paper
338,573,348,3661,paper
338,558,342,3660,paper
307,570,347,3656,paper
339,570,336,3655,paper
340,572,352,3662,paper
340,559,365,3652,paper
286,577,344,3662,paper
337,601,358,3658,paper
339,622,344,3670,paper
452,639,350,3662,paper
341,640,345,3679,paper
337,630,320,3665,paper
335,607,347,3667,paper
353,617,336,3663,paper
337,605,340,3661,paper
337,597,349,3689,paper
336,593,355,3663,paper
335,589,349,3656,paper
332,597,345,3664,paper
337,591,344,3663,paper
335,644,343,3663,paper
332,577,331,3654,paper
345,589,351,3660,paper
317,592,337,3657,paper
339,606,325,3661,paper
335,580,328,3663,paper
330,569,325,3669,paper
347,565,324,3661,paper
334,580,316,3658,paper
333,588,295,3674,paper
337,592,309,3660,paper
335,576,311,3663,paper
326,571,314,3653,paper
356,570,306,3663,paper
336,572,304,3664,paper
329,563,304,3653,paper
331,562,235,3649,paper
333,545,295,3687,paper
338,557,324,3660,paper
333,538,323,3649,paper
336,560,302,3657,paper
316,558,328,3638,paper
336,565,312,3667,paper
335,555,321,3666,paper
343,570,394,3662,paper
348,581,315,3661,paper
336,584,308,3678,paper
329,583,312,3659,paper
336,596,309,3660,paper
336,581,308,3664,paper
335,594,308,3678,paper
336,613,397,3646,paper
340,630,307,3659,paper
333,624,306,3661,paper
334,622,312,3667,paper
320,618,275,3662,paper
339,621,297,3661,paper
351,618,298,3664,paper
353,618,335,3662,paper
340,612,313,3657,paper
337,609,288,3638,paper
356,604,283,3659,paper
351,600,296,3647,paper
340,620,277,3663,paper
340,607,279,3660,paper
305,612,259,3656,paper
340,604,279,3671,paper
339,619,290,3658,paper
340,656,285,3659,paper
339,730,299,3660,paper
338,678,297,3661,paper
341,682,296,3671,paper
338,770,311,3665,paper
340,725,330,3663,paper
332,733,360,3647,paper
332,715,367,3669,paper
328,716,364,3658,paper
340,715,362,3659,paper
341,704,345,3661,paper
336,693,364,3643,paper
343,688,347,3661,paper
330,679,348,3643,paper
339,663,354,3677,paper
349,672,336,3677,paper
334,666,314,3656,paper
349,654,350,3659,paper
338,644,334,3672,paper
338,651,334,3658,paper
340,656,341,3663,paper
346,657,324,3658,paper
322,659,311,3663,paper
348,635,323,3677,paper
323,628,326,3663,paper
353,627,322,3669,paper
338,628,338,3663,paper
349,609,329,3659,paper
330,616,325,3659,paper
335,608,319,3678,paper
338,608,346,3659,paper
336,614,320,3661,paper
332,652,311,3633,paper
370,661,321,3660,paper
340,654,323,3655,paper
333,635,317,3662,paper
334,655,321,3682,paper
342,639,319,3681,paper
334,641,314,3662,paper
334,626,310,3661,paper
326,629,310,3657,paper
336,619,316,3638,paper
355,611,308,3659,paper
336,607,300,3650,paper
341,599,301,3729,paper
343,606,293,3660,paper
348,587,247,3677,paper
337,576,298,3661,paper
337,638,346,3653,paper
342,681,298,3652,paper
343,688,266,3676,paper
340,670,298,3661,paper
341,662,302,3644,paper
349,681,290,3661,paper
343,691,286,3664,paper
336,687,281,3640,paper
340,680,294,3657,paper
343,671,268,3663,paper
340,658,275,3663,paper
395,655,271,3663,paper
279,673,272,3664,paper
328,679,272,3661,paper
341,696,275,3655,paper
339,682,278,3675,paper
348,698,284,3646,paper
335,693,282,3659,paper
348,681,264,3659,paper
337,663,296,3661,paper
354,667,369,3660,paper
341,684,317,3655,paper
339,676,304,3673,paper
341,692,320,3630,paper
338,701,332,3659,paper
332,707,336,3654,paper
344,692,312,3668,paper
341,668,327,3659,paper
337,683,320,3663,paper
338,681,321,3663,paper
353,671,319,3662,paper
335,660,310,3658,paper
336,662,288,3662,paper
336,669,299,3655,paper
338,650,304,3680,paper
337,640,294,3662,paper
340,635,302,3637,paper
338,634,289,3660,paper
338,645,292,3667,paper
350,642,333,3680,paper
338,651,308,3655,paper
339,647,309,3659,paper
313,637,302,3659,paper
338,628,304,3656,paper
337,619,290,3659,paper
320,612,295,3668,paper
332,586,291,3667,paper
335,600,290,3675,paper
336,593,289,3663,paper
315,585,283,3669,paper
335,578,278,3662,paper
339,552,280,3717,paper
338,530,281,3662,paper
346,562,276,3678,paper
344,566,273,3672,paper
335,557,251,3657,paper
330,548,274,3665,paper
338,545,266,3664,paper
336,472,254,3657,paper
337,503,268,3660,paper
335,529,258,3741,paper
335,547,259,3664,paper
334,551,262,3662,paper
331,562,254,3658,paper
337,548,274,3654,paper
338,542,261,3656,paper
362,542,265,3660,paper
341,548,250,3659,paper
347,540,265,3621,paper
353,532,253,3663,paper
340,529,266,3657,paper
337,529,260,3654,paper
343,522,272,3657,paper
339,496,260,3661,paper
340,507,256,3663,paper
340,498,266,3666,paper
337,506,269,3659,paper
340,509,270,3660,paper
352,508,277,3655,paper
340,517,279,3660,paper
309,529,288,3665,paper
343,535,279,3658,paper
341,536,285,3663,paper
339,521,283,3667,paper
337,506,289,3663,paper
335,512,285,3671,paper
346,506,348,3669,paper
341,503,272,3667,paper
335,506,280,3652,paper
358,529,275,3674,paper
343,497,280,3657,paper
358,506,278,3664,paper
338,494,292,3660,paper
339,538,272,3708,paper
345,543,274,3661,paper
343,546,273,3661,paper
331,542,284,3661,paper
348,551,264,3723,paper
340,533,270,3661,paper
340,520,269,3657,paper
341,524,270,3614,paper
334,520,248,3669,paper
339,512,265,3665,paper
318,528,292,3632,paper
331,536,315,3651,paper
343,535,288,3662,paper
340,533,306,3660,paper
339,532,314,3657,paper
371,562,338,3672,paper
335,574,344,3667,paper
335,598,344,3657,paper
341,572,356,3661,paper
319,600,357,3664,paper
344,602,334,3680,paper
331,585,347,3651,paper
359,567,355,3666,paper
333,573,362,3655,paper
340,562,315,3667,paper
339,560,339,3679,paper
338,558,417,3658,paper
344,568,338,3669,paper
325,586,334,3644,paper
338,585,328,3674,paper
339,578,335,3653,paper
344,568,344,3653,paper
341,569,341,3660,paper
342,586,336,3673,paper
341,612,344,3674,paper
340,588,356,3659,paper
342,594,379,3666,paper
341,602,384,3658,paper
347,615,359,3660,paper
342,622,358,3659,paper
351,632,347,3661,paper
332,633,270,3648,paper
366,625,333,3659,paper
340,621,332,3658,paper
372,613,339,3650,paper
328,619,332,3649,paper
339,600,332,3662,paper
341,595,360,3662,paper
330,598,337,3669,paper
342,643,336,3661,paper
332,602,333,3661,paper
337,585,333,3660,paper
339,581,335,3677,paper
341,591,326,3658,paper
336,595,334,3673,paper
334,591,320,3648,paper
322,598,451,3662,paper
344,603,297,3673,paper
335,720,312,3663,paper
324,616,307,3656,paper
331,625,316,3658,paper
336,634,292,3682,paper
337,609,313,3654,paper
328,614,325,3660,paper
336,605,314,3660,paper
337,577,317,3663,paper
335,592,307,3669,paper
340,585,309,3658,paper
333,613,295,3657,paper
344,572,299,3665,paper
346,570,288,3660,paper
335,566,318,3660,paper
339,560,298,3664,paper
329,576,288,3639,paper
334,581,274,3679,paper
332,568,313,3656,paper
316,568,286,3657,paper
333,548,294,3671,paper
336,548,286,3656,paper
325,556,282,3661,paper
348,558,278,3655,paper
340,560,276,3662,paper
334,530,269,3676,paper
335,566,274,3663,paper
398,554,270,3663,paper
344,569,263,3665,paper
332,574,281,3659,paper
332,583,291,3640,paper
334,579,301,3662,paper
348,573,293,3673,paper
335,567,298,3656,paper
343,540,296,3661,paper
341,557,305,3651,paper
332,553,298,3661,paper
334,552,302,3659,paper
332,568,303,3655,paper
318,579,299,3660,paper
336,559,295,3658,paper
335,551,285,3664,paper
334,539,315,3661,paper
335,550,306,3651,paper
337,538,284,3661,paper
331,520,301,3669,paper
324,514,304,3661,paper
331,436,308,3663,paper
331,520,304,3645,paper
340,516,212,3681,paper
314,501,310,3647,paper
332,496,312,3667,paper
335,503,301,3577,paper
357,528,290,3656,paper
319,532,358,3659,paper
343,522,337,3656,paper
331,521,293,3651,paper
346,502,280,3657,paper
335,513,282,3662,paper
343,516,278,3665,paper
341,525,261,3663,paper
346,539,295,3657,paper
338,544,288,3670,paper
346,536,294,3652,paper
340,503,282,3666,paper
337,528,326,3657,paper
341,523,337,3658,paper
329,535,367,3652,paper
338,536,355,3657,paper
354,541,349,3656,paper
334,539,381,3667,paper
332,557,385,3653,paper
410,567,372,3668,paper
335,576,382,3654,paper
340,513,381,3661,paper
341,576,359,3657,paper
337,572,361,3659,paper
343,587,332,3673,paper
339,523,367,3661,paper
336,598,346,3652,paper
340,599,340,3677,paper
340,590,327,3673,paper
332,599,352,3655,paper
340,582,364,3657,paper
346,593,340,3660,paper
332,600,338,3677,paper
336,607,362,3659,paper
340,598,370,3662,paper
339,609,358,3657,paper
354,571,368,3659,paper
339,579,331,3661,paper
335,564,361,3646,paper
336,583,342,3665,paper
339,563,341,3660,paper
336,552,339,3662,paper
351,544,331,3674,paper
346,538,323,3664,paper
329,535,308,3657,paper
316,530,332,3647,paper
319,528,336,3660,paper
333,522,321,3661,paper
336,531,393,3661,paper
347,524,302,3651,paper
325,536,337,3657,paper
332,499,336,3671,paper
281,539,342,3662,paper
331,525,342,3660,paper
342,518,369,3656,paper
354,505,365,3660,paper
341,507,377,3657,paper
329,496,391,3653,paper
357,489,362,3680,paper
354,496,414,3677,paper
361,532,381,3686,paper
347,562,350,3660,paper
343,539,361,3703,paper
343,551,357,3661,paper
349,547,351,3661,paper
332,545,355,3667,paper
339,548,345,3659,paper
342,546,373,3652,paper
351,536,346,3666,paper
351,528,339,3673,paper
352,487,343,3660,paper
339,532,320,3673,paper
341,507,341,3645,paper
315,516,341,3661,paper
343,507,345,3660,paper
337,515,302,3679,paper
334,522,316,3673,paper
355,496,227,3662,paper
356,485,332,3658,paper
344,487,316,3661,paper
343,505,325,3664,paper
337,523,317,3669,paper
336,533,306,3629,paper
336,528,321,3661,paper
346,518,252,3660,paper
342,518,306,3659,paper
338,503,338,3655,paper
341,495,314,3669,paper
339,508,314,3673,paper
330,481,316,3620,paper
347,501,310,3669,paper
342,502,308,3663,paper
341,496,320,3663,paper
338,493,322,3662,paper
342,489,316,3738,paper
340,488,312,3750,paper
299,482,300,3616,paper
340,487,260,3676,paper
337,481,307,3660,paper
276,494,302,3659,paper
400,481,299,3665,paper
339,470,301,3660,paper
323,472,305,3662,paper
339,501,289,3662,paper
334,474,295,3665,paper
340,452,301,3655,paper
342,481,310,3647,paper
334,485,308,3675,paper
339,487,307,3656,paper
337,480,298,3674,paper
343,471,312,3641,paper
339,467,294,3662,paper
340,443,294,3660,paper
338,453,294,3668,paper
342,466,299,3637,paper
336,467,281,3664,paper
343,458,305,3670,paper
342,448,301,3752,paper
346,486,290,3662,paper
343,464,298,3724,paper
340,465,274,3662,paper
342,459,292,3662,paper
332,456,289,3659,paper
334,401,290,3649,paper
364,445,274,3661,paper
340,442,285,3661,paper
349,464,279,3664,paper
332,435,267,3657,paper
416,443,280,3753,paper
339,440,274,3661,paper
344,445,248,3658,paper
328,455,268,3663,paper
341,455,264,3659,paper
331,462,277,3660,paper
348,478,286,3653,paper
343,490,299,3661,paper
338,482,268,3657,paper
322,472,283,3645,paper
330,469,271,3661,paper
336,487,269,3652,paper
337,454,290,3667,paper
356,503,285,3656,paper
426,509,296,3667,paper
337,510,277,3672,paper
340,493,292,3655,paper
298,477,290,3616,paper
340,468,284,3663,paper
337,490,261,3677,paper
342,490,272,3670,paper
326,459,296,3624,paper
341,479,283,3661,paper
350,488,270,3681,paper
340,501,280,3672,paper
334,471,278,3660,paper
343,483,236,3651,paper
342,483,293,3644,paper
377,477,280,3660,paper
333,481,289,3638,paper
338,472,282,3665,paper
340,480,279,3650,paper
338,474,272,3661,paper
336,455,294,3662,paper
331,427,306,3655,paper
335,447,292,3661,paper
344,439,289,3608,paper
337,447,280,3671,paper
332,407,299,3643,paper
339,423,279,3661,paper
327,405,281,3664,paper
356,410,283,3668,paper
324,399,290,3658,paper
337,407,279,3654,paper
325,378,263,3662,paper
358,407,277,3660,paper
337,407,282,3642,paper
342,412,270,3657,paper
334,416,278,3661,paper
343,409,283,3659,paper
337,411,302,3663,paper
335,413,287,3661,paper
282,435,290,3662,paper
331,426,285,3666,paper
345,427,278,3673,paper
359,429,273,3661,paper
345,431,262,3655,paper
339,430,283,3661,paper
337,439,293,3667,paper
343,459,303,3661,paper
343,501,312,3657,paper
354,450,340,3655,paper
353,474,296,3675,paper
340,457,320,3654,paper
353,448,318,3657,paper
353,443,297,3660,paper
337,441,320,3670,paper
336,448,314,3659,paper
347,450,316,3688,paper
349,431,317,3651,paper
338,435,337,3655,paper
337,436,308,3658,paper
348,420,312,3665,paper
338,407,302,3679,paper
342,480,308,3660,paper
342,411,308,3661,paper
343,401,317,3661,paper
346,413,305,3661,paper
310,395,304,3651,paper
354,392,355,3659,paper
344,384,315,3661,paper
355,367,313,3661,paper
344,387,292,3663,paper
359,382,308,3660,paper
344,399,300,3671,paper
348,357,301,3659,paper
342,387,302,3540,paper
341,373,298,3660,paper
341,378,296,3661,paper
347,381,296,3679,paper
343,313,292,3660,paper
344,384,288,3648,paper
342,378,282,3661,paper
272,358,282,3636,paper
340,367,288,3659,paper
438,360,278,3664,paper
341,379,259,3658,paper
342,363,277,3661,paper
339,356,282,3653,paper
328,376,256,3663,paper
346,363,256,3664,paper
342,357,240,3664,paper
340,353,264,3663,paper
340,361,262,3658,paper
340,367,259,3663,paper
359,374,266,3688,paper
330,380,322,3661,paper
330,341,241,3667,paper
344,370,259,3660,paper
340,370,261,3660,paper
344,368,260,3664,paper
340,362,260,3676,paper
345,365,277,3661,paper
343,367,297,3664,paper
342,354,296,3638,paper
329,350,308,3666,paper
344,310,288,3668,paper
347,357,295,3659,paper
325,355,294,3640,paper
338,354,297,3660,paper
348,354,368,3660,paper
342,345,284,3667,paper
352,342,309,3651,paper
362,338,310,3657,paper
344,344,324,3657,paper
345,350,331,3661,paper
348,352,326,3709,paper
320,385,331,3662,paper
349,372,316,3656,paper
335,360,320,3664,paper
341,359,342,3655,paper
346,365,317,3662,paper
341,378,304,3669,paper
342,376,312,3674,paper
336,399,324,3661,paper
336,426,324,3660,paper
340,427,318,3662,paper
356,418,326,3661,paper
340,422,316,3661,paper
343,413,306,3651,paper
299,397,316,3619,paper
341,403,311,3669,paper
343,395,318,3656,paper
341,365,307,3661,paper
330,412,298,3653,paper
347,400,308,3662,paper
347,375,315,3653,paper
342,384,290,3677,paper
342,361,306,3666,paper
343,355,320,3661,paper
334,366,320,3661,paper
334,352,269,3663,paper
355,361,312,3663,paper
345,342,319,3635,paper
368,340,298,3682,paper
433,336,307,3638,paper
367,332,306,3668,paper
349,314,302,3690,paper
364,324,321,3658,paper
350,329,326,3658,paper
349,330,341,3659,paper
350,329,382,3652,paper
350,338,367,3657,paper
345,318,370,3659,paper
352,333,366,3682,paper
360,347,251,3663,paper
338,348,363,3661,paper
330,371,362,3650,paper
347,391,357,3671,paper
336,418,430,3660,paper
351,418,352,3636,paper
347,421,338,3658,paper
340,412,387,3663,paper
368,413,353,3657,paper
346,414,351,3672,paper
342,414,335,3663,paper
347,424,336,3659,paper
355,394,353,3655,paper
355,413,368,3649,paper
347,406,354,3663,paper
353,417,335,3660,paper
362,402,344,3669,paper
354,405,332,3657,paper
334,412,234,3663,paper
351,424,350,3659,paper
353,454,360,3663,paper
360,421,361,3659,paper
334,440,254,3661,paper
350,438,358,3664,paper
349,428,357,3660,paper
329,435,337,3664,paper
353,417,353,3662,paper
342,418,349,3676,paper
362,415,359,3659,paper
346,388,377,3659,paper
346,396,376,3660,paper
347,390,357,3659,paper
331,388,358,3659,paper
378,391,347,3652,paper
341,407,328,3661,paper
331,384,436,3659,paper
362,393,339,3663,paper
346,386,342,3654,paper
341,394,332,3661,paper
356,369,337,3646,paper
374,386,331,3653,paper
341,373,335,3643,paper
352,378,259,3662,paper
339,373,318,3662,paper
379,367,320,3652,paper
281,364,325,3662,paper
323,353,336,3643,paper
370,357,317,3676,paper
352,362,322,3675,paper
365,359,328,3665,paper
339,362,307,3584,paper
361,369,314,3676,paper
330,370,321,3682,paper
335,371,330,3659,paper
316,373,343,3665,paper
338,380,342,3654,paper
338,352,339,3712,paper
348,340,349,3665,paper
319,372,335,3668,paper
338,412,330,3661,paper
340,369,309,3660,paper
336,367,327,3657,paper
340,345,328,3647,paper
332,367,322,3669,paper
354,378,316,3617,paper
341,372,318,3639,paper
342,363,319,3658,paper
341,389,321,3681,paper
339,397,314,3658,paper
356,394,313,3659,paper
335,321,311,3658,paper
331,440,304,3643,paper
335,473,329,3661,paper
329,501,348,3658,paper
339,456,365,3659,paper
339,483,363,3661,paper
330,500,365,3656,paper
329,505,375,3634,paper
347,494,372,3652,paper
314,510,378,3664,paper
335,499,378,3704,paper
338,515,395,3659,paper
339,510,392,3661,paper
358,507,389,3659,paper
400,483,381,3662,paper
339,484,380,3667,paper
331,492,377,3658,paper
339,477,386,3646,paper
337,484,365,3661,paper
345,465,372,3661,paper
340,486,375,3657,paper
342,485,348,3660,paper
343,492,367,3669,paper
341,474,362,3660,paper
338,482,369,3652,paper
336,480,366,3659,paper
351,478,287,3652,paper
336,462,375,3679,paper
341,461,356,3655,paper
325,463,370,3655,paper
354,449,371,3659,paper
338,445,444,3649,paper
341,447,380,3663,paper
328,459,385,3669,paper
333,470,382,3665,paper
338,500,368,3680,paper
326,474,361,3661,paper
338,475,375,3659,paper
339,479,387,3724,paper
338,459,392,3650,paper
339,449,391,3663,paper
336,450,385,3662,paper
353,453,392,3680,paper
336,448,378,3659,paper
318,463,364,3659,paper
328,460,380,3651,paper
340,362,387,3659,paper
360,428,402,3659,paper
325,447,399,3661,paper
340,456,387,3717,paper
340,427,394,3663,paper
341,428,404,3662,paper
333,421,397,3659,paper
325,450,388,3663,paper
354,432,386,3662,paper
348,458,381,3660,paper
348,453,453,3665,paper
314,467,389,3660,paper
340,467,382,3675,paper
342,479,367,3657,paper
335,482,404,3660,paper
329,490,372,3659,paper
340,494,361,3659,paper
332,498,360,3667,paper
343,483,370,3661,paper
343,465,370,3659,paper
344,471,362,3650,paper
351,482,352,3659,paper
339,477,357,3661,paper
340,517,364,3659,paper
340,468,355,3659,paper
330,462,346,3676,paper
337,366,346,3664,paper
340,456,321,3652,paper
321,468,336,3660,paper
254,459,344,3651,paper
333,516,342,3661,paper
317,475,344,3665,paper
343,527,336,3654,paper
351,505,340,3660,paper
342,521,338,3658,paper
327,516,325,3672,paper
291,504,346,3649,paper
343,578,342,3659,paper
343,552,332,3652,paper
340,534,352,3658,paper
337,467,330,3661,paper
336,595,349,3655,paper
351,609,336,3659,paper
342,606,332,3659,paper
334,505,344,3664,paper
340,591,357,3656,paper
338,580,353,3662,paper
339,581,358,3659,paper
341,567,366,3660,paper
348,560,381,3654,paper
348,559,369,3655,paper
338,550,378,3657,paper
333,543,397,3661,paper
331,535,401,3660,paper
341,520,402,3659,paper
336,528,394,3663,paper
334,524,396,3667,paper
356,527,405,3654,paper
339,530,405,3641,paper
337,535,393,3680,paper
337,531,399,3658,paper
364,543,410,3660,paper
336,547,389,3665,paper
336,538,387,3668,paper
339,551,385,3663,paper
361,563,386,3660,paper
336,586,375,3667,paper
336,593,375,3652,paper
329,605,355,3661,paper
338,586,361,3657,paper
332,586,365,3672,paper
351,584,365,3660,paper
348,569,261,3659,paper
341,561,364,3659,paper
340,559,352,3656,paper
342,553,374,3658,paper
341,540,367,3657,paper
344,536,368,3659,paper
340,526,360,3662,paper
317,539,368,3661,paper
340,538,368,3660,paper
343,538,358,3663,paper
341,534,353,3661,paper
343,529,360,3665,paper
332,525,336,3680,paper
341,535,336,3661,paper
345,502,370,3659,paper
345,502,356,3663,paper
344,501,359,3669,paper
343,506,360,3675,paper
344,516,362,3659,paper
343,509,356,3661,paper
406,501,355,3660,paper
356,489,354,3660,paper
344,489,370,3648,paper
347,401,372,3656,paper
327,485,376,3658,paper
342,488,369,3660,paper
341,491,358,3649,paper
359,485,365,3651,paper
354,485,365,3654,paper
388,475,362,3653,paper
327,469,501,3661,paper
336,463,385,3649,paper
344,462,399,3661,paper
341,461,388,3673,paper
337,478,363,3657,paper
356,471,383,3662,paper
343,478,382,3656,paper
344,470,401,3661,paper
333,475,369,3656,paper
340,470,372,3664,paper
332,472,360,3648,paper
339,460,368,3661,paper
341,444,360,3657,paper
339,446,354,3660,paper
332,442,347,3662,paper
342,448,328,3664,paper
339,475,348,3663,paper
348,446,345,3655,paper
330,435,335,3688,paper
261,438,337,3639,paper
338,431,336,3656,paper
335,404,336,3716,paper
339,418,334,3660,paper
336,452,338,3661,paper
337,435,316,3675,paper
382,415,349,3664,paper
335,428,337,3658,paper
336,433,349,3660,paper
343,445,352,3673,paper
336,423,332,3656,paper
330,426,332,3662,paper
336,424,331,3659,paper
333,418,318,3661,paper
338,423,323,3669,paper
349,407,327,3665,paper
335,410,334,3685,paper
336,400,320,3663,paper
330,395,333,3648,paper
336,394,340,3660,paper
308,414,324,3665,paper
334,462,339,3661,paper
332,440,325,3664,paper
323,453,331,3659,paper
331,440,328,3659,paper
387,434,324,3667,paper
333,431,327,3659,paper
333,419,324,3643,paper
347,428,320,3662,paper
328,412,324,3658,paper
331,425,341,3661,paper
347,425,350,3656,paper
335,424,344,3657,paper
334,414,345,3661,paper
338,384,358,3662,paper
347,404,325,3662,paper
350,412,345,3659,paper
336,441,344,3645,paper
334,437,330,3678,paper
336,438,333,3665,paper
334,441,348,3652,paper
338,445,349,3659,paper
343,482,326,3663,paper
336,484,337,3657,paper
340,484,341,3654,paper
322,512,336,3656,paper
337,472,352,3646,paper
333,468,322,3675,paper
341,468,324,3675,paper
349,459,324,3662,paper
338,461,333,3634,paper
352,474,415,3671,paper
335,494,370,3659,paper
334,491,379,3657,paper
334,485,368,3659,paper
334,486,365,3661,paper
329,491,359,3644,paper
331,477,365,3658,paper
332,471,356,3661,paper
353,466,252,3659,paper
331,455,326,3663,paper
331,447,344,3651,paper
335,443,360,3651,paper
328,448,341,3638,paper
389,438,337,3673,paper
328,427,330,3655,paper
334,445,325,3662,paper
331,430,327,3672,paper
330,432,326,3661,paper
333,426,326,3637,paper
332,418,324,3659,paper
339,413,322,3657,paper
322,425,313,3660,paper
333,402,314,3569,paper
336,397,307,3660,paper
238,394,313,3658,paper
329,398,306,3651,paper
329,397,306,3648,paper
351,404,304,3668,paper
340,400,301,3673,paper
320,394,302,3659,paper
339,395,300,3659,paper
323,399,293,3653,paper
336,393,303,3680,paper
314,398,308,3663,paper
403,409,305,3657,paper
328,423,301,3656,paper
331,340,312,3662,paper
328,407,316,3652,paper
297,402,326,3653,paper
333,397,330,3660,paper
333,393,332,3664,paper
333,384,326,3669,paper
334,387,329,3660,paper
338,381,325,3672,paper
321,396,320,3665,paper
328,388,320,3678,paper
326,383,310,3653,paper
333,384,308,3662,paper
333,371,306,3662,paper
325,370,314,3652,paper
380,366,320,3651,paper
315,370,303,3663,paper
330,363,302,3661,paper
332,364,299,3662,paper
333,364,290,3666,paper
336,359,287,3658,paper
332,365,290,3660,paper
334,345,300,3678,paper
335,413,312,3655,paper
329,388,323,3665,paper
336,420,341,3658,paper
333,450,324,3657,paper
340,471,327,3655,paper
336,481,346,3685,paper
335,482,366,3668,paper
337,504,392,3677,paper
338,499,389,3660,paper
339,536,387,3662,paper
356,509,380,3663,paper
345,507,425,3660,paper
332,514,391,3653,paper
340,506,373,3678,paper
327,495,372,3661,paper
336,560,376,3655,paper
337,509,373,3661,paper
324,533,378,3657,paper
342,542,377,3677,paper
331,540,370,3663,paper
337,540,375,3664,paper
330,544,360,3660,paper
330,529,352,3652,paper
350,516,356,3662,paper
321,502,340,3662,paper
334,503,346,3658,paper
332,494,336,3658,paper
328,483,347,3674,paper
342,481,349,3660,paper
334,476,349,3653,paper
331,468,332,3662,paper
323,448,332,3695,paper
326,445,334,3655,paper
332,450,334,3658,paper
331,441,337,3656,paper
343,439,337,3660,paper
335,433,344,3676,paper
329,433,356,3654,paper
336,457,342,3669,paper
330,431,358,3654,paper
336,432,362,3668,paper
320,430,358,3658,paper
338,436,345,3710,paper
335,424,349,3663,paper
334,419,352,3652,paper
337,395,355,3634,paper
334,420,338,3660,paper
341,418,343,3656,paper
333,410,349,3656,paper
331,425,346,3642,paper
333,413,370,3637,paper
336,447,349,3653,paper
335,461,362,3657,paper
328,457,345,3651,paper
336,472,346,3638,paper
333,451,342,3663,paper
327,458,333,3661,paper
330,448,340,3648,paper
343,443,343,3649,paper
328,438,348,3675,paper
334,430,362,3657,paper
329,419,359,3659,paper
332,402,360,3661,paper
333,420,356,3654,paper
330,408,353,3654,paper
318,398,364,3658,paper
345,398,344,3661,paper
331,394,338,3662,paper
334,383,341,3681,paper
332,387,328,3659,paper
333,379,330,3661,paper
326,373,326,3654,paper
334,365,328,3660,paper
333,370,318,3661,paper
355,362,320,3671,paper
328,358,318,3655,paper
330,352,318,3660,paper
318,368,224,3666,paper
349,375,318,3667,paper
334,402,324,3668,paper
331,368,330,3666,paper
343,409,320,3650,paper
356,421,315,3683,paper
337,419,313,3665,paper
330,400,333,3659,paper
328,401,321,3660,paper
334,430,329,3663,paper
334,439,300,3660,paper
372,432,314,3659,paper
327,445,307,3656,paper
336,428,298,3662,paper
334,413,299,3661,paper
337,424,302,3661,paper
332,409,312,3657,paper
340,413,305,3645,paper
320,411,303,3662,paper
348,405,290,3658,paper
331,392,298,3662,paper
309,390,295,3662,paper
335,404,300,3661,paper
331,417,296,3661,paper
335,425,293,3671,paper
323,448,352,3659,paper
344,472,296,3650,paper
333,464,293,3658,paper
339,479,299,3650,paper
336,457,339,3659,paper
334,466,322,3659,paper
335,491,326,3605,paper
332,477,324,3659,paper
334,491,312,3673,paper
331,485,315,3672,paper
329,486,253,3658,paper
333,472,300,3669,paper
336,472,314,3638,paper
335,464,331,3659,paper
296,458,326,3675,paper
335,466,332,3660,paper
332,462,317,3668,paper
332,438,320,3656,paper
326,453,317,3662,paper
336,450,305,3661,paper
342,445,321,3660,paper
307,447,322,3658,paper
339,436,311,3666,paper
330,428,312,3658,paper
340,424,310,3675,paper
344,423,311,3665,paper
333,413,310,3663,paper
345,406,303,3662,paper
338,404,306,3659,paper
335,398,303,3666,paper
335,393,320,3681,paper
313,391,310,3660,paper
338,384,305,3644,paper
327,393,299,3663,paper
332,374,308,3667,paper
336,365,307,3723,paper
332,348,305,3668,paper
285,363,303,3660,paper
333,358,316,3659,paper
335,350,334,3657,paper
329,356,334,3656,paper
334,347,332,3643,paper
337,329,314,3662,paper
349,342,318,3655,paper
336,339,326,3657,paper
336,335,336,3681,paper
336,327,322,3655,paper
330,328,321,3674,paper
336,342,324,3662,paper
332,344,310,3664,paper
331,345,337,3664,paper
302,349,338,3663,paper
334,345,324,3653,paper
351,354,350,3659,paper
346,349,354,3656,paper
338,352,350,3658,paper
335,341,349,3667,paper
351,341,347,3662,paper
384,349,352,3674,paper
332,356,366,3657,paper
339,362,355,3655,paper
352,361,303,3675,paper
339,382,354,3660,paper
337,388,426,3673,paper
345,389,366,3655,paper
338,406,376,3670,paper
344,389,378,3653,paper
312,384,427,3662,paper
328,374,378,3671,paper
337,378,385,3654,paper
327,365,371,3681,paper
324,373,368,3663,paper
344,364,367,3660,paper
349,362,374,3661,paper
339,362,388,3662,paper
342,365,283,3673,paper
334,363,367,3658,paper
336,361,376,3662,paper
332,359,361,3662,paper
332,367,356,3665,paper
323,368,354,3668,paper
347,371,438,3661,paper
341,361,355,3659,paper
333,348,340,3663,paper
329,354,338,3659,paper
332,350,332,3664,paper
326,347,322,3648,paper
327,346,328,3645,paper
334,426,334,3660,paper
341,339,325,3675,paper
351,330,308,3659,paper
334,325,327,3637,paper
333,306,361,3661,paper
338,328,348,3658,paper
338,334,337,3661,paper
342,335,372,3642,paper
333,332,342,3656,paper
336,335,330,3649,paper
348,327,354,3659,paper
336,336,348,3661,paper
339,344,364,3652,paper
339,357,347,3657,paper
339,349,345,3661,paper
339,336,371,3654,paper
333,345,346,3656,paper
339,363,352,3661,paper
336,355,368,3652,paper
340,360,386,3660,paper
330,357,385,3656,paper
339,349,385,3662,paper
338,340,382,3660,paper
339,371,378,3657,paper
342,395,372,3655,paper
338,408,370,3658,paper
338,426,365,3656,paper
333,431,374,3660,paper
315,448,359,3658,paper
328,433,356,3652,paper
338,426,350,3659,paper
332,413,356,3666,paper
320,434,337,3673,paper
293,418,346,3676,paper
337,409,330,3661,paper
328,406,341,3661,paper
334,399,327,3662,paper
320,400,341,3575,paper
328,387,336,3660,paper
332,378,338,3645,paper
322,375,329,3650,paper
325,412,329,3660,paper
336,415,325,3659,paper
335,408,324,3658,paper
327,411,320,3656,paper
341,408,328,3657,paper
332,414,313,3656,paper
332,408,314,3674,paper
330,394,316,3641,paper
341,395,283,3671,paper
347,391,320,3661,paper
326,385,325,3652,paper
334,380,326,3637,paper
331,387,324,3679,paper
330,369,324,3663,paper
336,372,327,3643,paper
337,389,339,3648,paper
332,384,317,3648,paper
332,368,306,3653,paper
323,362,314,3659,paper
331,362,307,3675,paper
327,353,309,3636,paper
325,359,301,3648,paper
313,365,302,3656,paper
326,355,301,3653,paper
324,358,307,3657,paper
337,352,315,3680,paper
308,354,320,3644,paper
333,357,325,3650,paper
348,346,330,3656,paper
330,367,324,3667,paper
331,392,320,3648,paper
326,387,320,3652,paper
334,397,300,3659,paper
332,392,330,3669,paper
342,407,317,3643,paper
327,385,331,3665,paper
333,390,310,3657,paper
330,382,307,3662,paper
332,383,293,3676,paper
332,392,302,3657,paper
337,376,297,3653,paper
330,381,344,3659,paper
331,375,292,3663,paper
331,378,289,3677,paper
327,285,292,3661,paper
329,365,233,3652,paper
331,346,290,3661,paper
341,362,270,3685,paper
330,355,286,3662,paper
330,351,294,3662,paper
330,336,291,3649,paper
315,347,308,3662,paper
333,344,278,3662,paper
342,342,279,3660,paper
332,335,278,3646,paper
328,349,272,3639,paper
331,362,269,3673,paper
332,364,274,3683,paper
331,345,278,3655,paper
353,367,260,3663,paper
331,384,267,3661,paper
339,380,268,3711,paper
331,374,266,3657,paper
336,368,248,3660,paper
328,391,265,3662,paper
320,369,258,3657,paper
332,381,262,3659,paper
330,369,269,3652,paper
332,398,272,3658,paper
332,399,247,3665,paper
334,367,266,3683,paper
328,393,264,3668,paper
357,411,256,3659,paper
333,405,261,3659,paper
329,402,259,3674,paper
334,408,259,3642,paper
329,411,259,3655,paper
322,417,244,3662,paper
327,404,266,3662,paper
333,405,256,3673,paper
333,431,249,3657,paper
331,427,253,3667,paper
332,453,250,3663,paper
340,456,256,3659,paper
330,466,257,3636,paper
346,471,254,3643,paper
328,454,262,3655,paper
404,465,253,3676,paper
336,477,247,3650,paper
333,469,254,3663,paper
342,480,235,3661,paper
334,496,262,3663,paper
332,497,256,3644,paper
333,488,258,3663,paper
329,479,258,3656,paper
338,440,275,3659,paper
336,466,239,3661,paper
325,472,257,3661,paper
341,472,260,3652,paper
336,469,254,3651,paper
340,480,318,3663,paper
348,480,256,3662,paper
337,505,257,3660,paper
329,498,284,3650,paper
385,502,257,3660,paper
340,516,262,3684,paper
335,506,260,3675,paper
354,497,256,3752,paper
345,494,224,3661,paper
334,490,247,3658,paper
341,484,243,3673,paper
332,487,253,3662,paper
336,474,224,3669,paper
340,472,248,3669,paper
335,468,238,3663,paper
348,457,242,3674,paper
329,454,237,3644,paper
335,468,226,3664,paper
328,436,235,3623,paper
331,449,229,3651,paper
316,453,232,3638,paper
336,451,226,3655,paper
341,458,228,3661,paper
338,446,234,3658,paper
342,458,230,3663,paper
336,442,222,3679,paper
339,447,234,3658,paper
333,450,247,3653,paper
339,461,232,3598,paper
334,464,239,3661,paper
342,452,224,3664,paper
341,443,250,3661,paper
337,352,252,3661,paper
339,433,261,3660,paper
333,432,285,3639,paper
338,428,276,3659,paper
333,417,285,3663,paper
336,411,274,3655,paper
340,412,286,3680,paper
322,411,243,3658,paper
338,400,294,3659,paper
333,406,290,3653,paper
337,416,300,3671,paper
316,427,191,3664,paper
329,436,307,3659,paper
341,450,263,3663,paper
336,434,302,3656,paper
336,448,289,3661,paper
334,445,270,3665,paper
352,438,268,3657,paper
332,436,283,3730,paper
334,457,288,3659,paper
334,454,296,3654,paper
354,447,272,3660,paper
335,445,284,3668,paper
315,454,277,3655,paper
339,465,269,3664,paper
341,465,269,3658,paper
339,434,287,3654,paper
336,488,272,3662,paper
336,513,256,3655,paper
334,502,265,3662,paper
328,493,262,3671,paper
331,500,281,3655,paper
333,505,238,3656,paper
334,500,264,3661,paper
354,507,237,3665,paper
327,504,279,3652,paper
324,489,247,3653,paper
314,493,247,3575,paper
328,495,244,3659,paper
329,486,244,3612,paper
326,487,252,3683,paper
330,471,246,3557,paper
336,475,244,3669,paper
342,462,244,3651,paper
336,462,212,3660,paper
329,473,234,3660,paper
327,455,249,3663,paper
328,452,210,3676,paper
330,448,232,3659,paper
325,389,247,3656,paper
318,453,222,3662,paper
309,462,238,3662,paper
329,460,222,3638,paper
331,468,212,3657,paper
328,439,224,3667,paper
332,458,226,3658,paper
327,473,222,3661,paper
345,447,219,3667,paper
325,512,235,3657,paper
326,449,227,3656,paper
340,455,221,3649,paper
338,447,216,3666,paper
315,445,216,3661,paper
334,509,200,3671,paper
332,369,224,3661,paper
337,436,225,3655,paper
337,434,226,3680,paper
331,441,222,3647,paper
326,452,211,3651,paper
341,446,221,3661,paper
332,450,223,3658,paper
319,458,237,3657,paper
340,464,218,3666,paper
333,490,218,3659,paper
333,484,219,3674,paper
342,483,218,3662,paper
340,487,224,3656,paper
334,474,221,3660,paper
347,464,222,3660,paper
327,462,215,3643,paper
335,447,233,3654,paper
336,441,197,3664,paper
336,445,226,3657,paper
328,423,224,3643,paper
332,443,227,3680,paper
348,444,219,3663,paper
332,425,238,3655,paper
334,438,224,3659,paper
325,466,232,3633,paper
333,459,232,3655,paper
330,447,267,3654,paper
335,445,223,3653,paper
333,480,242,3664,paper
331,439,226,3659,paper
326,448,249,3647,paper
323,439,321,3648,paper
329,435,243,3650,paper
326,403,244,3680,paper
328,422,230,3663,paper
328,416,237,3662,paper
330,416,235,3681,paper
326,406,236,3670,paper
330,421,233,3669,paper
320,428,235,3660,paper
333,430,209,3659,paper
331,435,224,3654,paper
330,433,230,3658,paper
332,428,244,3658,paper
325,427,225,3673,paper
338,454,181,3661,paper
339,444,261,3663,paper
332,462,260,3658,paper
312,474,272,3634,paper
332,532,241,3656,paper
328,468,260,3659,paper
353,468,282,3732,paper
321,480,264,3662,paper
288,466,304,3628,paper
342,468,272,3654,paper
331,456,324,3662,paper
341,457,315,3650,paper
310,450,367,3659,paper
336,447,334,3656,paper
327,419,338,3656,paper
338,456,318,3650,paper
343,448,318,3652,paper
334,435,300,3659,paper
336,435,318,3650,paper
334,461,317,3676,paper
354,453,310,3654,paper
335,444,328,3687,paper
338,423,366,3643,paper
319,450,363,3562,paper
309,457,357,3654,paper
330,468,366,3682,paper
332,482,368,3661,paper
330,458,373,3655,paper
333,470,378,3660,paper
461,464,370,3652,paper
327,460,382,3664,paper
320,445,365,3646,paper
344,451,354,3670,paper
240,440,363,3640,paper
331,434,358,3664,paper
339,430,433,3676,paper
334,405,356,3657,paper
345,418,345,3711,paper
333,407,342,3652,paper
328,415,267,3645,paper
347,395,340,3657,paper
333,401,336,3667,paper
339,390,371,3662,paper
329,389,332,3660,paper
335,390,323,3656,paper
340,390,307,3673,paper
331,382,337,3665,paper
337,421,331,3660,paper
334,392,331,3659,paper
348,394,306,3674,paper
336,388,348,3681,paper
330,397,356,3652,paper
336,340,360,3660,paper
348,381,299,3679,paper
353,385,356,3659,paper
338,384,352,3660,paper
336,360,352,3672,paper
342,351,357,3692,paper
332,358,369,3684,paper
337,364,354,3647,paper
334,359,353,3652,paper
344,356,320,3662,paper
315,355,364,3665,paper
337,362,370,3653,paper
340,386,347,3666,paper
333,360,347,3660,paper
311,361,344,3644,paper
334,354,344,3642,paper
337,342,345,3679,paper
270,329,340,3594,paper
332,335,339,3679,paper
339,346,340,3637,paper
336,334,331,3654,paper
332,309,340,3661,paper
328,316,332,3672,paper
273,336,331,3662,paper
336,340,321,3673,paper
334,360,335,3662,paper
336,345,351,3651,paper
340,368,350,3659,paper
333,400,356,3649,paper
340,399,344,3651,paper
338,395,337,3657,paper
344,438,321,3650,paper
355,395,340,3660,paper
339,397,324,3675,paper
337,392,350,3659,paper
298,373,353,3628,paper
338,389,325,3649,paper
334,398,338,3676,paper
341,406,342,3650,paper
336,430,338,3661,paper
340,418,344,3658,paper
335,416,333,3666,paper
345,409,329,3676,paper
336,405,333,3650,paper
334,413,302,3662,paper
355,401,330,3677,paper
350,397,241,3655,paper
350,398,315,3680,paper
326,402,313,3665,paper
356,393,313,3736,paper
332,391,402,3648,paper
339,387,327,3646,paper
339,408,320,3672,paper
341,383,313,3659,paper
337,379,321,3654,paper
325,379,320,3661,paper
338,377,316,3657,paper
341,375,318,3671,paper
336,384,332,3658,paper
336,384,331,3654,paper
326,394,272,3660,paper
338,386,324,3675,paper
334,426,307,3659,paper
343,394,316,3682,paper
327,401,321,3662,paper
352,384,308,3675,paper
347,391,328,3657,paper
335,393,338,3655,paper
376,384,336,3668,paper
322,407,323,3660,paper
341,387,321,3661,paper
405,370,322,3663,paper
347,307,310,3657,paper
338,378,340,3653,paper
363,368,297,3663,paper
333,418,331,3664,paper
347,356,306,3656,paper
340,366,320,3657,paper
341,368,320,3661,paper
337,363,336,3636,paper
339,362,323,3649,paper
306,370,327,3656,paper
334,346,330,3680,paper
338,344,331,3661,paper
336,341,338,3655,paper
343,329,345,3646,paper
340,328,332,3653,paper
340,320,326,3655,paper
339,397,337,3654,paper
350,333,308,3659,paper
324,328,327,3661,paper
342,327,326,3638,paper
344,328,313,3676,paper
359,304,309,3662,paper
342,253,304,3659,paper
343,372,288,3659,paper
326,373,296,3663,paper
343,375,314,3633,paper
340,369,294,3667,paper
338,377,285,3656,paper
329,358,262,3664,paper
354,352,289,3658,paper
346,351,299,3676,paper
332,332,300,3624,paper
336,358,283,3671,paper
342,333,311,3653,paper
342,329,294,3669,paper
339,332,316,3661,paper
336,320,319,3656,paper
340,326,351,3654,paper
356,314,312,3658,paper
329,317,310,3666,paper
342,318,304,3659,paper
340,322,316,3573,paper
346,319,301,3664,paper
320,328,188,3663,paper
344,360,295,3648,paper
348,338,292,3703,paper
336,353,310,3667,paper
339,352,291,3655,paper
336,380,290,3660,paper
344,274,274,3656,paper
336,362,318,3657,paper
338,343,275,3663,paper
345,340,294,3649,paper
353,347,269,3677,paper
342,357,290,3660,paper
344,367,314,3669,paper
343,372,305,3636,paper
333,370,304,3657,paper
351,362,312,3660,paper
340,375,304,3605,paper
334,355,297,3652,paper
339,364,281,3665,paper
339,347,300,3663,paper
339,309,331,3665,paper
334,270,315,3665,paper
346,363,312,3669,paper
333,369,308,3640,paper
310,361,306,3660,paper
378,376,306,3653,paper
337,367,299,3659,paper
336,366,284,3681,paper
323,362,299,3658,paper
332,353,278,3667,paper
338,367,310,3661,paper
339,376,286,3676,paper
339,359,286,3662,paper
348,397,355,3658,paper
342,406,284,3668,paper
342,393,288,3660,paper
340,482,288,3663,paper
333,385,306,3652,paper
344,387,290,3669,paper
341,443,291,3663,paper
332,394,297,3675,paper
336,380,296,3663,paper
365,376,314,3657,paper
340,370,306,3614,paper
351,373,311,3665,paper
333,383,311,3634,paper
362,391,320,3661,paper
340,414,297,3662,paper
336,398,313,3661,paper
332,389,336,3659,paper
339,377,308,3660,paper
339,399,299,3673,paper
333,384,273,3654,paper
325,392,314,3658,paper
320,375,377,3659,paper
334,368,327,3662,paper
327,366,458,3660,paper
339,356,331,3681,paper
335,376,326,3657,paper
333,342,319,3675,paper
338,285,322,3660,paper
431,333,321,3663,paper
323,341,323,3658,paper
328,337,268,3663,paper
337,334,323,3651,paper
336,340,317,3712,paper
339,407,299,3659,paper
345,324,345,3661,paper
335,330,314,3645,paper
354,315,304,3654,paper
342,320,280,3663,paper
333,323,303,3663,paper
359,307,301,3664,paper
332,318,313,3651,paper
346,312,298,3661,paper
335,302,317,3657,paper
432,310,317,3641,paper
334,313,322,3638,paper
336,312,311,3648,paper
336,311,293,3675,paper
328,299,314,3671,paper
322,308,324,3659,paper
339,304,338,3681,paper
337,305,321,3662,paper
333,297,354,3658,paper
332,282,365,3660,paper
330,300,351,3640,paper
320,298,301,3659,paper
332,276,347,3660,paper
325,294,240,3666,paper
336,325,336,3657,paper
334,313,325,3687,paper
313,327,331,3669,paper
331,331,332,3677,paper
393,349,340,3735,paper
351,326,354,3662,paper
334,326,338,3666,paper
329,322,349,3662,paper
337,285,328,3663,paper
334,328,344,3655,paper
333,320,338,3660,paper
339,316,339,3596,paper
328,317,320,3677,paper
316,302,342,3657,paper
343,301,323,3663,paper
333,291,348,3651,paper
331,296,334,3663,paper
333,296,327,3661,paper
332,285,318,3656,paper
380,293,340,3741,paper
333,302,341,3657,paper
340,286,380,3660,paper
303,266,352,3627,paper
325,279,335,3660,paper
336,291,318,3657,paper
334,273,345,3662,paper
333,272,327,3658,paper
332,276,307,3659,paper
322,294,319,3677,paper
349,293,412,3659,paper
320,308,439,3659,paper
333,312,309,3635,paper
325,276,320,3668,paper
334,312,305,3656,paper
322,310,304,3656,paper
322,288,267,3662,paper
320,326,295,3649,paper
344,280,316,3658,paper
347,301,297,3659,paper
339,299,275,3675,paper
335,297,309,3662,paper
341,292,291,3663,paper
332,295,288,3672,paper
338,294,301,3733,paper
337,293,329,3658,paper
335,291,294,3661,paper
334,290,247,3650,paper
321,312,295,3661,paper
315,317,291,3660,paper
338,320,275,3657,paper
343,299,304,3662,paper
322,312,288,3663,paper
331,311,282,3664,paper
338,317,281,3647,paper
332,323,293,3657,paper
338,325,275,3665,paper
333,335,287,3652,paper
350,336,257,3664,paper
323,323,282,3660,paper
313,331,273,3658,paper
337,330,268,3655,paper
341,346,267,3663,paper
332,348,269,3636,paper
326,348,269,3651,paper
320,347,231,3659,paper
334,343,257,3662,paper
330,343,261,3662,paper
337,377,248,3657,paper
327,371,259,3634,paper
220,349,257,3663,paper
331,340,270,3647,paper
353,352,234,3658,paper
336,361,259,3594,paper
332,336,270,3661,paper
334,335,254,3660,paper
327,337,231,3682,paper
347,326,247,3664,paper
331,327,239,3721,paper
314,334,248,3657,paper
346,323,262,3662,paper
334,317,247,3679,paper
302,312,249,3665,paper
293,291,264,3619,paper
325,305,260,3661,paper
325,302,269,3666,paper
333,325,248,3660,paper
320,304,264,3624,paper
450,326,266,3651,paper
329,352,273,3641,paper
329,357,288,3656,paper
331,373,278,3661,paper
322,362,259,3656,paper
343,341,273,3660,paper
329,354,271,3673,paper
327,344,282,3661,paper
332,323,298,3662,paper
333,338,296,3651,paper
330,350,296,3661,paper
332,330,287,3671,paper
335,347,290,3671,paper
333,335,304,3663,paper
336,332,314,3658,paper
333,290,310,3662,paper
336,316,309,3660,paper
336,325,309,3665,paper
334,301,303,3671,paper
329,316,311,3653,paper
317,329,318,3660,paper
348,353,308,3662,paper
329,346,300,3651,paper
350,345,308,3659,paper
334,375,312,3661,paper
327,341,306,3660,paper
333,232,310,3662,paper
335,334,312,3661,paper
332,312,304,3661,paper
318,332,178,3662,paper
353,340,298,3664,paper
323,335,293,3660,paper
331,337,295,3659,paper
356,357,274,3660,paper
337,329,273,3678,paper
322,355,282,3664,paper
343,352,288,3647,paper
334,380,282,3653,paper
309,369,275,3650,paper
339,379,272,3638,paper
335,400,264,3652,paper
333,382,261,3656,paper
333,375,266,3662,paper
347,384,271,3659,paper
332,377,254,3660,paper
334,370,261,3660,paper
337,364,264,3657,paper
348,296,244,3656,paper
332,361,260,3658,paper
344,349,259,3664,paper
338,342,264,3669,paper
334,356,257,3660,paper
336,364,251,3652,paper
336,385,269,3662,paper
332,376,257,3668,paper
341,380,250,3661,paper
320,369,360,3657,paper
350,364,258,3644,paper
329,361,240,3668,paper
298,342,248,3617,paper
326,359,240,3650,paper
339,350,235,3678,paper
340,349,187,3662,paper
337,343,225,3659,paper
343,353,253,3683,paper
334,386,252,3660,paper
348,364,257,3659,paper
337,363,261,3658,paper
337,361,265,3658,paper
265,365,274,3661,paper
353,352,366,3657,paper
332,330,272,3657,paper
348,346,268,3658,paper
346,368,275,3647,paper
336,348,275,3660,paper
342,346,278,3669,paper
336,333,288,3661,paper
339,361,274,3662,paper
349,353,201,3661,paper
318,355,266,3656,paper
347,337,283,3647,paper
339,358,264,3660,paper
354,359,252,3657,paper
328,357,272,3547,paper
341,386,273,3663,paper
336,395,275,3677,paper
345,402,267,3662,paper
337,389,275,3803,paper
353,391,281,3660,paper
337,374,274,3664,paper
395,403,268,3732,paper
350,382,270,3652,paper
338,395,259,3658,paper
344,369,258,3655,paper
349,373,245,3664,paper
341,420,261,3663,paper
336,355,271,3662,paper
341,356,247,3684,paper
336,356,254,3656,paper
337,343,234,3675,paper
396,361,249,3731,paper
322,359,245,3667,paper
359,364,249,3661,paper
344,374,250,3658,paper
326,395,241,3659,paper
333,401,259,3662,paper
338,386,278,3651,paper
336,398,276,3648,paper
341,501,261,3659,paper
327,428,268,3663,paper
346,417,262,3660,paper
334,469,278,3661,paper
353,423,240,3662,paper
346,403,257,3666,paper
334,389,260,3676,paper
357,399,152,3661,paper
323,392,252,3661,paper
361,386,252,3652,paper
332,393,249,3637,paper
355,385,202,3661,paper
337,392,250,3659,paper
345,379,230,3656,paper
341,371,260,3659,paper
348,357,289,3661,paper
338,354,280,3670,paper
339,365,282,3664,paper
349,376,285,3661,paper
340,364,288,3662,paper
355,355,277,3679,paper
357,352,174,3662,paper
345,352,281,3660,paper
333,356,289,3661,paper
336,351,276,3663,paper
328,357,278,3661,paper
338,338,275,3662,paper
355,332,272,3760,paper
339,336,264,3671,paper
329,341,268,3663,paper
334,329,268,3667,paper
387,325,260,3662,paper
334,309,264,3663,paper
338,317,274,3654,paper
348,301,264,3659,paper
339,307,268,3659,paper
329,303,266,3662,paper
344,320,267,3675,paper
230,317,259,3680,paper
332,322,261,3653,paper
339,327,251,3637,paper
325,345,242,3659,paper
332,338,244,3660,paper
364,336,266,3656,paper
340,338,263,3668,paper
314,331,258,3654,paper
343,341,258,3662,paper
347,340,272,3659,paper
343,348,282,3642,paper
359,352,350,3656,paper
345,361,236,3675,paper
347,341,259,3641,paper
333,336,260,3662,paper
348,341,256,3664,paper
347,362,264,3660,paper
350,372,284,3664,paper
350,373,286,3659,paper
346,380,294,3558,paper
351,366,298,3659,paper
321,365,299,3673,paper
347,368,313,3659,paper
347,374,308,3649,paper
346,371,305,3592,paper
357,360,306,3657,paper
338,353,329,3642,paper
347,352,304,3660,paper
359,348,302,3661,paper
344,345,296,3676,paper
333,345,303,3654,paper
362,337,286,3662,paper
334,338,296,3660,paper
360,336,388,3664,paper
326,330,290,3653,paper
351,336,265,3663,paper
346,318,286,3640,paper
344,320,286,3661,paper
336,309,284,3671,paper
347,320,278,3665,paper
344,327,266,3667,paper
308,305,275,3655,paper
331,299,182,3661,paper
348,309,267,3658,paper
341,293,272,3665,paper
361,299,274,3660,paper
347,308,281,3641,paper
350,286,282,3642,paper
362,286,280,3657,paper
308,272,300,3634,paper
347,293,278,3659,paper
346,286,282,3662,paper
345,281,281,3653,paper
343,290,298,3665,paper
346,286,275,3662,paper
342,305,282,3657,paper
342,304,276,3685,paper
349,301,300,3651,paper
354,289,299,3661,paper
348,284,293,3660,paper
350,227,275,3664,paper
360,321,275,3660,paper
333,338,272,3658,paper
346,349,272,3573,paper
347,333,272,3662,paper
361,323,270,3661,paper
345,324,274,3661,paper
348,326,266,3669,paper
331,339,272,3671,paper
343,330,289,3662,paper
346,310,307,3661,paper
365,324,302,3670,paper
351,316,308,3657,paper
345,312,318,3650,paper
337,310,286,3647,paper
365,315,298,3663,paper
347,311,311,3665,paper
365,314,327,3665,paper
338,312,333,3637,paper
334,309,340,3659,paper
343,315,322,3660,paper
332,319,324,3658,paper
339,326,330,3551,paper
342,309,317,3670,paper
341,299,329,3656,paper
340,207,316,3662,paper
341,278,317,3661,paper
347,295,316,3664,paper
336,288,334,3635,paper
339,285,321,3663,paper
368,284,316,3656,paper
341,282,295,3669,paper
429,280,313,3669,paper
360,280,303,3661,paper
348,274,308,3655,paper
344,269,306,3657,paper
345,256,300,3704,paper
398,275,296,3672,paper
337,264,301,3676,paper
348,283,286,3659,paper
338,285,274,3660,paper
300,279,294,3664,paper
344,277,290,3560,paper
341,244,289,3658,paper
354,293,280,3662,paper
351,277,288,3680,paper
321,262,260,3662,paper
352,269,314,3662,paper
370,260,324,3675,paper
343,237,327,3619,paper
359,247,320,3653,paper
323,254,327,3657,paper
340,240,331,3653,paper
349,232,330,3656,paper
349,245,345,3661,paper
325,260,330,3665,paper
364,263,322,3663,paper
349,265,320,3660,paper
347,268,328,3661,paper
342,289,322,3664,paper
353,278,316,3673,paper
364,289,332,3661,paper
341,285,311,3641,paper
334,280,307,3658,paper
342,280,310,3656,paper
325,296,309,3656,paper
342,297,307,3660,paper
262,297,302,3637,paper
427,295,300,3652,paper
362,285,306,3656,paper
357,303,311,3639,paper
337,320,304,3659,paper
340,330,304,3662,paper
342,344,305,3658,paper
338,351,308,3663,paper
343,276,314,3659,paper
343,437,319,3657,paper
342,388,320,3659,paper
342,370,320,3641,paper
342,371,300,3680,paper
343,364,313,3634,paper
336,359,327,3663,paper
328,348,312,3661,paper
336,345,316,3663,paper
341,348,311,3660,paper
344,342,310,3660,paper
340,339,308,3661,paper
344,351,303,3658,paper
336,355,278,3661,paper
352,372,298,3659,paper
345,417,297,3663,paper
335,347,306,3650,paper
341,344,308,3667,paper
343,340,312,3659,paper
340,342,289,3661,paper
320,344,302,3661,paper
341,353,311,3635,paper
322,348,307,3679,paper
342,349,305,3657,paper
352,340,299,3665,paper
345,335,298,3638,paper
339,334,302,3672,paper
340,322,303,3636,paper
345,320,295,3656,paper
344,349,290,3660,paper
346,353,293,3657,paper
244,356,280,3660,paper
346,353,298,3651,paper
341,350,280,3647,paper
350,342,294,3671,paper
239,340,279,3639,paper
322,336,260,3661,paper
344,334,266,3661,paper
345,327,270,3665,paper
344,338,273,3661,paper
346,323,268,3667,paper
344,312,268,3654,paper
343,317,286,3661,paper
348,312,242,3659,paper
340,311,261,3670,paper
344,369,263,3660,paper
340,311,270,3659,paper
345,313,263,3662,paper
339,304,258,3673,paper
360,310,358,3661,paper
346,309,253,3660,paper
344,318,252,3639,paper
308,312,253,3649,paper
341,314,240,3664,paper
345,306,248,3682,paper
365,307,248,3739,paper
335,344,238,3673,paper
345,346,240,3649,paper
344,359,247,3658,paper
334,370,250,3658,paper
344,398,257,3656,paper
343,391,266,3658,paper
345,365,294,3660,paper
290,389,312,3741,paper
349,389,333,3662,paper
354,388,306,3661,paper
360,403,320,3659,paper
345,425,316,3665,paper
349,347,333,3664,paper
346,421,336,3662,paper
360,413,345,3661,paper
358,408,330,3662,paper
336,412,326,3651,paper
345,425,315,3665,paper
346,401,337,3659,paper
353,384,326,3659,paper
345,390,322,3664,paper
352,384,302,3664,paper
341,281,316,3662,paper
342,376,314,3652,paper
348,387,313,3651,paper
346,367,299,3660,paper
356,368,368,3660,paper
347,373,278,3660,paper
349,375,286,3655,paper
334,389,299,3663,paper
364,372,296,3657,paper
344,330,312,3663,paper
349,370,291,3658,paper
337,381,305,3660,paper
346,384,320,3664,paper
361,406,328,3662,paper
337,384,326,3661,paper
342,394,316,3659,paper
340,389,329,3651,paper
368,384,333,3651,paper
349,283,341,3662,paper
347,375,336,3658,paper
348,373,337,3662,paper
361,367,336,3658,paper
349,369,336,3660,paper
344,375,343,3675,paper
349,373,349,3655,paper
347,337,346,3661,paper
348,362,337,3661,paper
343,355,330,3666,paper
351,352,336,3662,paper
345,350,336,3657,paper
402,334,330,3611,paper
342,277,336,3662,paper
343,345,329,3668,paper
346,343,328,3659,paper
349,332,324,3660,paper
328,345,434,3659,paper
341,344,324,3674,paper
360,340,310,3661,paper
334,350,306,3661,paper
342,331,311,3650,paper
344,328,314,3661,paper
336,330,305,3662,paper
348,319,297,3661,paper
343,332,286,3659,paper
347,349,293,3659,paper
358,326,297,3663,paper
345,340,311,3656,paper
341,376,271,3660,paper
348,390,288,3653,paper
345,411,288,3659,paper
336,411,288,3656,paper
345,422,286,3659,paper
331,445,280,3677,paper
349,420,287,3659,paper
344,416,292,3653,paper
349,397,317,3661,paper
360,411,298,3657,paper
416,429,297,3666,paper
356,428,304,3655,paper
349,435,334,3673,paper
354,446,339,3658,paper
351,442,344,3670,paper
355,440,343,3684,paper
350,435,314,3663,paper
367,432,333,3650,paper
345,434,363,3656,paper
350,396,341,3663,paper
348,432,334,3664,paper
346,428,333,3662,paper
355,426,334,3662,paper
347,426,322,3662,paper
350,407,323,3676,paper
358,396,327,3661,paper
351,383,322,3660,paper
349,400,311,3660,paper
349,396,309,3652,paper
350,414,309,3659,paper
347,424,286,3664,paper
351,415,307,3660,paper
354,409,297,3666,paper
304,413,302,3759,paper
271,398,295,3674,paper
335,397,293,3654,paper
360,409,288,3660,paper
347,394,293,3656,paper
347,396,302,3658,paper
358,380,288,3658,paper
352,400,281,3669,paper
348,380,276,3652,paper
356,371,277,3658,paper
335,375,284,3663,paper
348,365,288,3649,paper
348,361,275,3659,paper
357,373,289,3662,paper
350,359,302,3636,paper
350,344,266,3663,paper
363,353,300,3664,paper
342,354,304,3642,paper
353,363,293,3677,paper
340,364,398,3642,paper
352,357,295,3654,paper
350,368,314,3662,paper
335,387,293,3655,paper
350,397,303,3660,paper
349,411,296,3660,paper
351,411,301,3669,paper
343,392,302,3649,paper
346,411,292,3663,paper
353,406,292,3676,paper
348,398,288,3661,paper
345,297,287,3662,paper
351,386,283,3666,paper
233,386,281,3645,paper
347,378,291,3656,paper
367,374,274,3667,paper
337,372,275,3664,paper
345,441,278,3661,paper
342,362,274,3677,paper
334,362,275,3665,paper
345,259,273,3665,paper
349,356,267,3645,paper
303,355,269,3666,paper
345,347,316,3665,paper
359,355,263,3659,paper
343,363,256,3661,paper
347,349,260,3658,paper
349,332,260,3662,paper
347,356,268,3653,paper
353,363,245,3675,paper
337,368,249,3667,paper
336,370,281,3663,paper
364,363,247,3660,paper
348,360,244,3657,paper
351,374,224,3660,paper
338,375,249,3637,paper
326,365,248,3666,paper
344,359,242,3661,paper
358,363,221,3668,paper
356,357,243,3666,paper
348,363,230,3647,paper
320,366,244,3660,paper
346,356,236,3662,paper
362,351,233,3650,paper
358,360,225,3654,paper
338,354,230,3630,paper
328,340,231,3653,paper
326,339,233,3638,paper
357,329,268,3655,paper
345,335,240,3663,paper
342,327,250,3684,paper
349,337,241,3662,paper
338,332,234,3652,paper
345,328,244,3660,paper
351,317,240,3766,paper
336,326,220,3678,paper
345,302,234,3658,paper
344,318,228,3656,paper
335,306,236,3655,paper
342,328,230,3663,paper
361,346,226,3657,paper
357,361,225,3660,paper
347,360,222,3658,paper
344,363,221,3662,paper
345,360,216,3659,paper
365,350,216,3659,paper
344,347,220,3661,paper
353,347,224,3664,paper
337,352,217,3655,paper
352,362,229,3641,paper
341,361,216,3660,paper
342,365,218,3658,paper
343,410,221,3660,paper
353,399,219,3660,paper
339,520,216,3664,paper
339,446,171,3654,paper
339,449,230,3659,paper
344,441,220,3659,paper
349,453,227,3659,paper
347,450,244,3655,paper
388,424,249,3660,paper
355,418,252,3659,paper
350,420,256,3657,paper
344,432,266,3645,paper
355,431,265,3657,paper
347,449,266,3662,paper
343,435,279,3666,paper
351,451,269,3663,paper
343,446,270,3652,paper
348,439,264,3661,paper
341,420,266,3671,paper
349,431,262,3657,paper
348,417,262,3662,paper
348,409,260,3660,paper
340,427,250,3659,paper
346,403,285,3659,paper
347,407,305,3662,paper
346,390,314,3611,paper
350,392,312,3663,paper
347,379,312,3658,paper
341,389,313,3659,paper
341,389,338,3679,paper
349,380,320,3660,paper
349,379,348,3653,paper
346,408,336,3669,paper
349,404,362,3654,paper
341,386,344,3662,paper
347,397,339,3650,paper
358,395,315,3661,paper
353,395,346,3672,paper
345,395,342,3677,paper
346,413,344,3658,paper
356,440,339,3656,paper
346,424,349,3658,paper
352,434,372,3655,paper
346,437,396,3649,paper
360,448,405,3644,paper
353,447,407,3662,paper
350,440,411,3657,paper
336,451,402,3662,paper
353,435,397,3661,paper
355,432,405,3663,paper
346,424,403,3642,paper
351,420,413,3665,paper
349,354,438,3653,paper
371,418,420,3657,paper
357,409,441,3660,paper
356,417,428,3671,paper
355,404,426,3664,paper
373,395,422,3658,paper
370,392,429,3761,paper
349,380,432,3670,paper
349,414,429,3661,paper
366,394,426,3660,paper
349,389,431,3661,paper
352,392,434,3653,paper
345,379,428,3669,paper
342,387,437,3654,paper
350,381,421,3670,paper
350,407,407,3668,paper
358,357,418,3657,paper
350,377,408,3657,paper
347,366,416,3658,paper
350,372,401,3663,paper
347,381,404,3651,paper
360,368,340,3667,paper
349,365,394,3663,paper
405,362,397,3587,paper
352,356,394,3662,paper
352,350,387,3661,paper
345,348,405,3656,paper
348,340,383,3660,paper
360,337,392,3671,paper
349,347,370,3671,paper
364,328,382,3659,paper
479,330,368,3638,paper
352,324,378,3656,paper
368,322,369,3659,paper
353,318,371,3661,paper
354,319,384,3648,paper
349,328,367,3661,paper
365,321,398,3650,paper
358,321,376,3655,paper
366,317,387,3658,paper
361,319,384,3669,paper
353,295,386,3660,paper
350,322,402,3663,paper
351,306,397,3660,paper
352,326,372,3658,paper
352,300,370,3659,paper
354,301,345,3659,paper
347,300,362,3637,paper
422,298,358,3675,paper
365,299,360,3660,paper
350,290,343,3659,paper
351,296,362,3662,paper
356,305,374,3659,paper
350,311,372,3663,paper
343,300,382,3670,paper
333,313,369,3659,paper
357,309,368,3651,paper
349,320,360,3656,paper
350,305,358,3659,paper
328,296,405,3658,paper
350,306,355,3660,paper
353,296,325,3658,paper
362,296,359,3658,paper
329,293,342,3663,paper
352,299,336,3659,paper
353,286,336,3660,paper
350,182,331,3678,paper
349,288,336,3658,paper
337,302,329,3641,paper
424,297,307,3639,paper
342,292,321,3654,paper
349,303,317,3662,paper
343,299,306,3662,paper
326,292,329,3644,paper
345,309,318,3658,paper
347,290,343,3659,paper
345,357,317,3645,paper
361,295,321,3655,paper
354,281,325,3678,paper
345,288,344,3659,paper
349,277,327,3661,paper
345,271,325,3658,paper
348,269,327,3657,paper
366,274,311,3684,paper
348,286,329,3649,paper
353,302,331,3643,paper
347,283,338,3652,paper
348,288,318,3660,paper
345,302,331,3662,paper
353,304,334,3661,paper
339,300,335,3660,paper
346,324,347,3645,paper
339,342,329,3653,paper
357,353,321,3655,paper
309,339,327,3653,paper
348,340,313,3658,paper
324,338,328,3660,paper
347,333,318,3661,paper
348,326,311,3658,paper
346,321,322,3680,paper
356,324,308,3665,paper
342,325,309,3669,paper
344,320,310,3653,paper
337,324,309,3655,paper
342,320,312,3646,paper
285,320,308,3663,paper
336,314,306,3653,paper
348,306,311,3660,paper
332,325,297,3658,paper
347,316,307,3658,paper
363,317,312,3660,paper
345,371,295,3655,paper
322,309,324,3661,paper
344,304,304,3672,paper
363,299,310,3660,paper
345,304,311,3679,paper
341,310,384,3664,paper
341,311,297,3656,paper
341,303,301,3688,paper
338,308,328,3655,paper
345,309,326,3656,paper
347,322,328,3663,paper
341,384,327,3659,paper
329,360,329,3700,paper
341,367,312,3678,paper
346,361,319,3648,paper
340,354,297,3660,paper
344,358,321,3655,paper
335,354,310,3651,paper
334,364,332,3654,paper
339,344,308,3666,paper
360,345,302,3658,paper
337,347,313,3636,paper
339,344,296,3659,paper
348,338,294,3658,paper
342,336,294,3659,paper
345,333,292,3651,paper
339,345,286,3670,paper
340,324,294,3659,paper
338,321,293,3664,paper
330,315,292,3663,paper
341,395,290,3662,paper
340,307,280,3663,paper
338,316,191,3654,paper
342,315,282,3663,paper
347,295,291,3661,paper
339,306,283,3636,paper
345,265,286,3658,paper
332,290,302,3664,paper
345,291,287,3658,paper
342,274,296,3674,paper
339,314,306,3657,paper
346,320,313,3645,paper
335,339,302,3647,paper
347,348,297,3661,paper
341,370,298,3657,paper
344,384,309,3658,paper
358,402,256,3667,paper
363,402,274,3658,paper
291,409,288,3661,paper
342,392,284,3661,paper
335,398,168,3659,paper
342,416,283,3680,paper
344,409,277,3658,paper
342,413,269,3655,paper
340,405,273,3669,paper
341,384,287,3651,paper
341,396,269,3661,paper
358,393,264,3665,paper
343,394,264,3659,paper
357,388,274,3678,paper
343,371,264,3662,paper
325,370,258,3662,paper
342,339,260,3686,paper
341,364,252,3636,paper
280,379,259,3657,paper
344,368,258,3660,paper
342,359,269,3659,paper
342,346,264,3677,paper
340,337,264,3660,paper
339,358,265,3658,paper
346,341,274,3653,paper
340,335,278,3674,paper
346,330,295,3659,paper
347,329,327,3660,paper
346,330,314,3706,paper
347,321,308,3662,paper
340,324,321,3642,paper
340,332,337,3655,paper
345,337,340,3655,paper
347,346,320,3659,paper
336,347,328,3655,paper
340,357,330,3637,paper
340,369,327,3654,paper
338,347,320,3662,paper
338,375,324,3665,paper
342,381,317,3659,paper
350,377,315,3659,paper
336,374,312,3661,paper
355,354,320,3644,paper
343,368,307,3663,paper
348,370,294,3687,paper
345,371,301,3674,paper
339,353,298,3662,paper
341,355,295,3652,paper
342,360,291,3677,paper
344,371,274,3656,paper
339,421,285,3661,paper
346,396,286,3667,paper
324,417,281,3662,paper
343,442,282,3656,paper
341,455,269,3657,paper
348,463,272,3653,paper
339,443,272,3661,paper
329,421,272,3693,paper
338,432,276,3655,paper
330,423,295,3661,paper
351,446,259,3662,paper
343,436,282,3661,paper
341,424,289,3648,paper
324,427,294,3638,paper
349,433,283,3668,paper
345,413,277,3666,paper
344,412,303,3660,paper
325,408,301,3637,paper
338,406,300,3673,paper
343,394,300,3659,paper
340,393,306,3676,paper
322,390,290,3669,paper
344,384,292,3662,paper
346,379,271,3656,paper
352,346,311,3658,paper
339,385,296,3649,paper
346,390,295,3663,paper
345,384,294,3660,paper
346,363,272,3660,paper
343,389,289,3761,paper
340,384,386,3638,paper
345,406,285,3662,paper
333,466,280,3662,paper
351,469,294,3671,paper
346,486,280,3673,paper
347,492,267,3676,paper
337,499,270,3660,paper
350,454,280,3662,paper
344,461,288,3667,paper
367,459,282,3657,paper
344,454,283,3665,paper
341,452,298,3665,paper
318,459,281,3657,paper
345,447,275,3659,paper
350,433,272,3675,paper
346,428,266,3663,paper
354,443,268,3660,paper
301,416,285,3627,paper
361,418,269,3710,paper
338,421,284,3661,paper
350,430,272,3648,paper
347,418,268,3745,paper
347,386,273,3660,paper
331,402,387,3659,paper
324,393,262,3662,paper
338,389,268,3705,paper
344,401,282,3670,paper
355,402,240,3661,paper
326,400,263,3669,paper
343,416,260,3659,paper
338,417,263,3661,paper
362,438,269,3666,paper
331,415,267,3661,paper
341,413,235,3678,paper
347,400,248,3654,paper
338,402,256,3653,paper
355,394,252,3641,paper
291,389,253,3662,paper
350,390,229,3657,paper
349,391,251,3661,paper
354,326,248,3659,paper
347,392,253,3660,paper
346,385,258,3655,paper
333,390,266,3656,paper
362,397,242,3659,paper
347,380,246,3671,paper
367,404,244,3675,paper
327,370,256,3641,paper
349,372,256,3664,paper
348,361,228,3654,paper
349,365,248,3656,paper
332,358,252,3641,paper
350,350,237,3651,paper
341,327,247,3662,paper
344,354,236,3667,paper
350,353,238,3661,paper
357,356,238,3666,paper
350,367,219,3671,paper
341,431,262,3664,paper
348,396,243,3676,paper
349,391,249,3665,paper
350,383,247,3644,paper
346,402,248,3673,paper
354,420,254,3654,paper
345,439,245,3650,paper
355,426,266,3641,paper
336,431,268,3571,paper
340,444,261,3650,paper
352,416,270,3658,paper
346,441,269,3657,paper
351,436,268,3659,paper
347,430,278,3660,paper
357,439,251,3653,paper
360,446,260,3674,paper
344,447,284,3654,paper
354,456,270,3665,paper
358,483,269,3658,paper
374,471,270,3665,paper
353,464,267,3661,paper
347,461,302,3643,paper
357,459,297,3665,paper
439,439,285,3664,paper
359,446,292,3713,paper
344,442,284,3661,paper
352,438,283,3655,paper
359,430,282,3665,paper
354,423,282,3672,paper
345,417,281,3661,paper
361,418,269,3658,paper
362,420,283,3670,paper
353,421,274,3658,paper
355,411,274,3659,paper
356,429,270,3661,paper
367,452,218,3671,paper
350,455,270,3657,paper
379,462,271,3758,paper
333,453,269,3567,paper
354,447,268,3656,paper
350,443,277,3660,paper
354,436,279,3655,paper
350,396,284,3660,paper
355,443,288,3653,paper
354,453,287,3644,paper
349,444,284,3727,paper
350,455,296,3665,paper
350,450,309,3660,paper
371,456,288,3652,paper
337,447,309,3660,paper
302,445,286,3676,paper
347,443,286,3638,paper
353,431,284,3657,paper
333,440,301,3639,paper
352,423,286,3660,paper
330,437,288,3657,paper
361,423,293,3660,paper
331,430,296,3668,paper
349,426,306,3663,paper
349,420,270,3655,paper
342,400,298,3677,paper
351,407,284,3659,paper
348,404,296,3653,paper
356,400,264,3659,paper
354,377,288,3659,paper
351,388,282,3670,paper
353,387,298,3635,paper
352,381,280,3684,paper
352,384,295,3656,paper
365,379,300,3658,paper
347,375,304,3651,paper
352,373,296,3667,paper
342,364,301,3673,paper
348,344,289,3674,paper
351,373,302,3640,paper
363,374,309,3662,paper
359,398,315,3664,paper
350,396,320,3659,paper
352,394,321,3661,paper
354,389,316,3659,paper
357,384,339,3654,paper
349,383,310,3653,paper
377,385,307,3660,paper
355,385,300,3662,paper
359,398,282,3674,paper
347,405,291,3648,paper
348,402,296,3658,paper
338,410,283,3649,paper
349,398,288,3677,paper
354,388,300,3655,paper
355,381,283,3665,paper
356,383,270,3663,paper
363,380,233,3661,paper
351,374,283,3653,paper
359,368,292,3674,paper
351,361,265,3658,paper
352,363,264,3679,paper
351,352,272,3660,paper
353,352,284,3675,paper
363,348,335,3660,paper
352,331,269,3663,paper
351,333,258,3662,paper
364,331,253,3673,paper
360,332,265,3656,paper
356,320,257,3617,paper
359,326,260,3667,paper
336,329,219,3658,paper
359,324,254,3621,paper
360,321,256,3655,paper
340,342,249,3653,paper
349,263,250,3665,paper
357,342,253,3680,paper
351,350,266,3652,paper
341,338,260,3657,paper
352,335,242,3660,paper
343,339,257,3639,paper
353,353,250,3659,paper
347,363,243,3657,paper
273,388,238,3657,paper
351,366,240,3660,paper
367,359,234,3661,paper
351,354,237,3664,paper
360,375,228,3671,paper
356,353,236,3659,paper
338,350,199,3658,paper
353,343,253,3661,paper
335,339,251,3660,paper
352,317,256,3659,paper
350,333,256,3666,paper
367,309,270,3661,paper
349,335,264,3679,paper
353,334,280,3645,paper
421,336,281,3706,paper
364,295,303,3659,paper
353,308,292,3800,paper
352,309,282,3650,paper
357,298,322,3657,paper
355,283,301,3647,paper
335,314,289,3660,paper
354,303,296,3646,paper
341,311,296,3659,paper
357,315,302,3655,paper
354,312,299,3656,paper
356,229,293,3668,paper
367,294,282,3703,paper
364,294,313,3642,paper
371,293,285,3661,paper
346,313,282,3661,paper
351,293,280,3662,paper
340,285,276,3654,paper
354,300,277,3658,paper
349,299,270,3662,paper
341,266,272,3658,paper
352,281,256,3668,paper
340,287,281,3655,paper
351,327,269,3663,paper
344,324,286,3663,paper
345,331,308,3654,paper
352,338,281,3566,paper
353,358,280,3671,paper
355,339,278,3660,paper
345,333,284,3656,paper
352,333,282,3653,paper
352,382,276,3662,paper
365,322,278,3659,paper
350,311,285,3661,paper
354,323,279,3647,paper
349,311,263,3666,paper
342,299,232,3661,paper
346,327,277,3664,paper
339,298,266,3650,paper
352,295,288,3654,paper
367,292,282,3675,paper
341,294,305,3654,paper
372,308,282,3657,paper
370,311,294,3665,paper
380,306,304,3682,paper
359,309,304,3663,paper
371,323,302,3657,paper
360,373,306,3656,paper
359,385,297,3660,paper
354,396,313,3665,paper
347,431,302,3658,paper
362,428,306,3652,paper
373,406,306,3662,paper
370,403,313,3662,paper
361,401,304,3662,paper
405,401,321,3669,paper
362,395,326,3658,paper
381,397,322,3659,paper
356,388,418,3643,paper
369,388,324,3660,paper
364,378,314,3659,paper
360,376,314,3663,paper
354,378,317,3659,paper
360,380,318,3661,paper
360,376,336,3660,paper
358,352,317,3664,paper
352,371,320,3629,paper
341,363,327,3642,paper
353,358,316,3642,paper
367,350,313,3709,paper
362,394,315,3664,paper
346,400,308,3657,paper
366,399,327,3676,paper
358,386,311,3696,paper
356,409,310,3659,paper
356,402,309,3658,paper
320,401,299,3616,paper
362,367,312,3658,paper
352,404,328,3665,paper
356,405,310,3663,paper
317,392,303,3610,paper
363,399,311,3759,paper
364,409,320,3756,paper
425,436,334,3729,paper
358,412,350,3657,paper
356,392,358,3641,paper
358,379,367,3661,paper
356,438,344,3654,paper
357,443,352,3668,paper
363,447,359,3674,paper
313,459,362,3662,paper
358,455,348,3657,paper
357,454,357,3659,paper
348,458,405,3657,paper
356,461,365,3657,paper
356,449,369,3658,paper
355,461,422,3662,paper
355,449,370,3665,paper
358,467,358,3658,paper
357,482,346,3672,paper
411,474,350,3677,paper
357,454,362,3661,paper
348,464,343,3643,paper
356,458,344,3659,paper
355,471,320,3673,paper
346,456,338,3657,paper
349,481,344,3632,paper
358,494,350,3646,paper
376,504,334,3660,paper
356,506,337,3657,paper
361,484,336,3662,paper
356,485,336,3663,paper
359,456,327,3660,paper
357,472,348,3652,paper
359,502,333,3658,paper
356,509,304,3657,paper
353,498,332,3648,paper
345,548,314,3662,paper
358,491,308,3658,paper
357,499,320,3660,paper
353,487,331,3672,paper
351,471,312,3667,paper
351,527,327,3652,paper
361,468,311,3631,paper
355,466,312,3640,paper
353,472,305,3660,paper
348,481,300,3661,paper
351,475,300,3648,paper
350,469,285,3666,paper
359,467,307,3665,paper
339,462,297,3655,paper
367,460,308,3654,paper
358,448,298,3661,paper
358,445,235,3663,paper
353,451,320,3650,paper
358,450,302,3665,paper
355,450,289,3675,paper
363,439,311,3659,paper
348,431,296,3659,paper
336,424,349,3662,paper
367,422,196,3662,paper
367,409,311,3653,paper
351,421,308,3661,paper
357,402,313,3643,paper
367,402,210,3662,paper
364,399,311,3641,paper
357,396,302,3661,paper
353,404,290,3657,paper
359,395,300,3667,paper
361,392,296,3665,paper
354,393,286,3660,paper
350,396,274,3666,paper
380,377,292,3667,paper
353,407,287,3661,paper
353,425,282,3664,paper
350,440,276,3661,paper
347,427,281,3653,paper
368,424,270,3680,paper
329,423,266,3660,paper
353,424,278,3654,paper
348,423,314,3659,paper
352,422,300,3660,paper
349,409,299,3662,paper
346,411,287,3640,paper
362,419,299,3659,paper
355,408,308,3657,paper
343,430,296,3758,paper
354,414,293,3661,paper
353,417,271,3675,paper
350,403,285,3663,paper
351,398,285,3662,paper
346,404,298,3664,paper
369,393,288,3660,paper
351,382,300,3648,paper
355,461,294,3660,paper
348,382,281,3660,paper
343,389,293,3659,paper
351,373,299,3669,paper
354,372,327,3648,paper
350,400,312,3629,paper
360,383,244,3672,paper
353,378,302,3661,paper
353,362,330,3660,paper
368,364,302,3668,paper
351,363,295,3636,paper
345,299,291,3659,paper
351,351,295,3609,paper
340,359,290,3640,paper
353,326,308,3660,paper
358,335,289,3705,paper
351,338,289,3660,paper
343,337,284,3661,paper
358,274,273,3658,paper
349,330,298,3659,paper
347,330,306,3660,paper
368,329,314,3659,paper
352,254,294,3661,paper
349,333,345,3658,paper
355,324,314,3665,paper
330,324,328,3641,paper
364,341,328,3662,paper
348,342,340,3676,paper
351,333,343,3749,paper
353,367,346,3659,paper
367,349,337,3661,paper
347,358,342,3667,paper
356,331,325,3657,paper
365,361,370,3661,paper
350,355,337,3651,paper
421,344,337,3661,paper
348,355,349,3645,paper
345,344,347,3661,paper
348,339,340,3661,paper
363,327,317,3673,paper
330,324,336,3661,paper
352,329,348,3650,paper
348,340,348,3662,paper
425,328,328,3663,paper
335,360,286,3659,paper
393,366,337,3654,paper
350,376,301,3658,paper
353,375,314,3662,paper
347,373,324,3658,paper
342,418,300,3678,paper
345,400,292,3663,paper
346,429,308,3660,paper
345,398,308,3640,paper
362,392,304,3688,paper
356,395,285,3668,paper
342,384,300,3637,paper
342,375,307,3645,paper
334,368,437,3658,paper
365,364,318,3659,paper
332,366,314,3575,paper
356,345,329,3661,paper
333,371,304,3666,paper
354,373,317,3675,paper
346,405,322,3657,paper
364,374,326,3648,paper
333,402,318,3668,paper
355,389,327,3653,paper
351,395,364,3659,paper
348,410,364,3648,paper
350,390,338,3660,paper
352,386,368,3648,paper
359,379,345,3653,paper
353,364,354,3654,paper
358,372,364,3651,paper
351,366,340,3683,paper
358,351,339,3683,paper
350,354,335,3665,paper
365,354,331,3658,paper
346,371,330,3675,paper
361,326,328,3704,paper
345,338,337,3663,paper
364,331,330,3654,paper
412,337,331,3662,paper
408,365,327,3657,paper
351,388,341,3639,paper
362,389,336,3666,paper
359,403,338,3661,paper
350,380,327,3674,paper
343,388,333,3660,paper
354,385,334,3686,paper
349,377,328,3655,paper
351,375,325,3659,paper
349,375,325,3659,paper
363,385,323,3641,paper
350,364,336,3658,paper
366,330,320,3658,paper
351,379,321,3660,paper
311,384,317,3659,paper
351,379,290,3660,paper
345,389,292,3680,paper
381,385,308,3664,paper
402,409,307,3653,paper
369,388,309,3660,paper
262,402,308,3679,paper
364,398,304,3659,paper
366,410,303,3661,paper
348,404,299,3656,paper
372,398,299,3658,paper
363,393,294,3655,paper
359,393,236,3660,paper
351,404,298,3659,paper
353,390,295,3656,paper
359,396,290,3658,paper
365,397,292,3658,paper
358,394,274,3661,paper
354,409,289,3645,paper
349,404,292,3663,paper
342,464,285,3653,paper
362,473,262,3672,paper
362,466,290,3658,paper
322,464,296,3612,paper
349,468,299,3653,paper
347,482,281,3660,paper
350,495,285,3621,paper
349,474,285,3667,paper
350,471,288,3661,paper
348,465,294,3656,paper
349,471,271,3669,paper
345,505,311,3665,paper
352,473,293,3659,paper
339,438,286,3689,paper
347,451,280,3673,paper
348,447,310,3639,paper
348,449,288,3659,paper
348,507,301,3658,paper
348,447,294,3675,paper
339,512,292,3662,paper
345,433,277,3661,paper
347,430,297,3641,paper
332,432,306,3644,paper
347,430,301,3654,paper
351,413,290,3659,paper
348,405,330,3659,paper
358,442,338,3657,paper
350,410,330,3658,paper
356,420,332,3667,paper
349,418,302,3661,paper
361,414,330,3660,paper
364,416,329,3685,paper
347,411,353,3632,paper
361,434,364,3660,paper
364,419,360,3660,paper
354,413,371,3660,paper
416,416,365,3757,paper
350,403,356,3659,paper
344,394,301,3655,paper
445,377,343,3660,paper
330,398,332,3660,paper
354,376,338,3673,paper
365,369,339,3655,paper
343,351,357,3658,paper
336,372,346,3668,paper
350,382,346,3656,paper
324,386,355,3659,paper
352,375,372,3651,paper
353,365,366,3623,paper
342,381,365,3661,paper
408,363,364,3661,paper
384,363,364,3636,paper
348,342,365,3659,paper
354,357,362,3651,paper
348,348,388,3658,paper
345,345,392,3664,paper
345,350,390,3660,paper
362,343,373,3655,paper
348,333,403,3650,paper
349,327,380,3657,paper
361,327,369,3659,paper
348,324,380,3670,paper
356,320,376,3666,paper
361,301,393,3662,paper
336,314,392,3657,paper
350,328,396,3680,paper
353,331,393,3661,paper
347,332,398,3652,paper
341,348,406,3655,paper
352,353,422,3639,paper
341,337,405,3658,paper
314,338,414,3618,paper
342,343,397,3659,paper
348,342,394,3767,paper
349,331,418,3655,paper
352,238,387,3662,paper
350,329,414,3653,paper
358,332,398,3636,paper
348,321,396,3711,paper
343,303,389,3661,paper
350,324,376,3655,paper
345,332,383,3651,paper
342,336,378,3656,paper
349,330,374,3652,paper
349,312,383,3649,paper
340,327,362,3658,paper
361,315,361,3658,paper
339,328,359,3651,paper
347,342,352,3659,paper
346,357,352,3661,paper
346,334,346,3661,paper
349,361,336,3662,paper
334,354,352,3660,paper
349,249,346,3657,paper
353,336,355,3662,paper
351,342,337,3659,paper
363,339,339,3663,paper
348,331,329,3656,paper
353,329,334,3661,paper
336,332,303,3659,paper
430,333,345,3643,paper
344,313,349,3649,paper
348,326,354,3659,paper
346,331,358,3660,paper
345,328,346,3662,paper
361,335,447,3662,paper
344,390,348,3654,paper
348,330,347,3660,paper
344,334,348,3656,paper
346,330,345,3660,paper
357,331,320,3665,paper
345,320,346,3654,paper
336,342,334,3674,paper
366,315,334,3658,paper
359,321,227,3661,paper
364,317,340,3658,paper
347,313,351,3656,paper
344,307,352,3656,paper
351,314,367,3652,paper
343,313,362,3676,paper
358,320,356,3659,paper
349,309,301,3660,paper
348,304,352,3656,paper
348,320,349,3653,paper
347,300,341,3659,paper
349,300,338,3657,paper
360,300,332,3666,paper
346,299,345,3661,paper
324,299,351,3660,paper
349,301,330,3656,paper
348,296,336,3654,paper
335,292,334,3648,paper
346,291,322,3660,paper
344,281,287,3646,paper
342,283,322,3669,paper
354,344,316,3658,paper
360,293,310,3661,paper
336,307,313,3651,paper
358,299,306,3654,paper
348,229,305,3664,paper
351,317,301,3659,paper
351,338,301,3664,paper
364,301,281,3657,paper
340,302,297,3661,paper
350,293,292,3659,paper
345,300,289,3677,paper
350,301,289,3661,paper
348,304,286,3641,paper
354,299,281,3664,paper
339,294,284,3656,paper
413,300,285,3663,paper
349,300,288,3658,paper
350,293,282,3663,paper
353,289,286,3657,paper
359,288,289,3667,paper
347,289,292,3665,paper
353,276,294,3640,paper
344,276,282,3666,paper
337,288,270,3658,paper
327,271,277,3661,paper
349,322,272,3661,paper
351,277,274,3655,paper
441,263,265,3665,paper
242,276,269,3674,paper
430,272,266,3649,paper
363,276,268,3660,paper
347,269,277,3671,paper
359,256,263,3661,paper
353,246,259,3679,paper
346,326,265,3645,paper
348,262,257,3660,paper
349,254,249,3638,paper
356,267,257,3546,paper
350,252,244,3675,paper
353,250,254,3657,paper
349,244,247,3663,paper
340,224,230,3661,paper
329,243,242,3657,paper
353,238,241,3676,paper
267,242,232,3658,paper
357,232,234,3656,paper
341,235,222,3659,paper
348,237,237,3655,paper
352,247,235,3643,paper
338,228,256,3662,paper
354,243,227,3667,paper
349,242,238,3664,paper
437,232,228,3674,paper
341,232,363,3660,paper
352,236,226,3657,paper
355,240,211,3670,paper
366,222,236,3661,paper
355,243,223,3661,paper
351,234,209,3661,paper
353,235,225,3659,paper
365,225,244,3661,paper
352,237,231,3659,paper
354,245,239,3660,paper
358,260,223,3661,paper
358,247,244,3658,paper
366,240,234,3656,paper
367,263,234,3659,paper
362,268,232,3661,paper
355,248,254,3657,paper
353,248,235,3661,paper
330,241,199,3661,paper
350,241,230,3662,paper
351,230,235,3656,paper
352,256,235,3660,paper
337,245,276,3661,paper
356,247,248,3659,paper
351,246,256,3661,paper
359,256,237,3660,paper
265,258,264,3659,paper
381,277,260,3636,paper
331,263,304,3659,paper
342,256,252,3659,paper
349,262,265,3664,paper
397,268,266,3658,paper
363,257,259,3647,paper
340,263,262,3659,paper
346,265,355,3667,paper
358,261,257,3665,paper
377,257,265,3661,paper
353,280,256,3661,paper
347,257,249,3659,paper
358,262,249,3661,paper
338,257,246,3669,paper
357,231,256,3663,paper
347,253,246,3729,paper
367,249,243,3659,paper
265,247,243,3652,paper
368,230,244,3611,paper
353,249,244,3659,paper
368,238,246,3660,paper
357,237,256,3665,paper
354,250,277,3649,paper
349,232,289,3658,paper
371,229,292,3668,paper
353,225,261,3673,paper
350,232,290,3654,paper
344,230,293,3653,paper
365,230,304,3659,paper
338,240,305,3651,paper
353,303,309,3657,paper
346,251,308,3665,paper
355,258,307,3686,paper
347,233,312,3664,paper
347,254,304,3658,paper
330,258,304,3656,paper
366,247,308,3660,paper
353,252,298,3662,paper
340,248,292,3653,paper
350,246,300,3659,paper
349,244,289,3660,paper
351,240,284,3658,paper
340,235,282,3658,paper
346,237,280,3654,paper
353,249,293,3660,paper
349,181,281,3660,paper
354,262,292,3674,paper
350,289,290,3663,paper
352,324,292,3660,paper
354,319,291,3669,paper
350,330,293,3658,paper
352,329,289,3668,paper
351,332,295,3659,paper
350,334,294,3681,paper
357,332,285,3661,paper
351,355,310,3657,paper
352,357,306,3649,paper
367,350,313,3646,paper
344,340,296,3655,paper
350,286,306,3662,paper
349,331,304,3653,paper
353,334,304,3649,paper
348,328,314,3660,paper
353,324,306,3660,paper
357,328,307,3676,paper
349,322,309,3660,paper
333,329,309,3661,paper
349,315,310,3658,paper
364,322,304,3660,paper
350,322,306,3660,paper
350,314,297,3661,paper
340,317,289,3667,paper
349,291,294,3656,paper
352,300,294,3659,paper
350,316,290,3656,paper
347,296,300,3660,paper
344,294,289,3661,paper
352,289,288,3661,paper
351,289,306,3653,paper
355,265,282,3657,paper
355,302,277,3671,paper
338,294,277,3660,paper
348,300,284,3666,paper
346,289,295,3660,paper
353,338,305,3661,paper
347,288,305,3657,paper
340,296,310,3657,paper
344,295,314,3650,paper
348,285,312,3659,paper
343,287,313,3662,paper
356,284,310,3660,paper
336,284,308,3660,paper
353,294,305,3655,paper
333,273,324,3659,paper
349,270,317,3661,paper
352,267,297,3658,paper
363,262,367,3658,paper
347,258,299,3661,paper
344,258,305,3656,paper
351,288,298,3661,paper
357,256,311,3680,paper
348,275,300,3667,paper
353,282,317,3649,paper
359,281,301,3660,paper
352,275,301,3655,paper
335,287,305,3655,paper
351,301,294,3662,paper
353,319,273,3681,paper
349,302,291,3653,paper
345,282,292,3671,paper
350,317,288,3536,paper
360,330,293,3657,paper
346,438,284,3665,paper
365,327,284,3668,paper
348,336,296,3655,paper
332,345,301,3658,paper
350,318,299,3660,paper
353,315,325,3659,paper
351,331,298,3654,paper
330,349,303,3659,paper
350,326,300,3656,paper
349,340,294,3663,paper
354,260,292,3662,paper
349,335,285,3671,paper
351,331,277,3662,paper
352,328,308,3658,paper
353,406,282,3659,paper
354,350,275,3669,paper
348,335,274,3660,paper
366,330,163,3661,paper
351,327,266,3661,paper
353,320,254,3653,paper
340,321,268,3661,paper
363,315,264,3660,paper
352,324,270,3660,paper
351,308,267,3658,paper
355,354,268,3661,paper
348,296,277,3661,paper
364,294,281,3662,paper
361,296,275,3669,paper
364,292,273,3662,paper
348,281,290,3660,paper
380,285,272,3654,paper
334,284,281,3663,paper
346,293,290,3663,paper
367,285,304,3658,paper
349,282,304,3661,paper
332,311,288,3659,paper
346,282,292,3666,paper
343,279,289,3659,paper
403,261,285,3660,paper
350,276,286,3658,paper
347,277,299,3666,paper
331,272,282,3659,paper
348,245,283,3660,paper
346,260,281,3660,paper
348,260,276,3661,paper
346,256,285,3667,paper
347,330,294,3658,paper
356,257,304,3646,paper
358,247,310,3660,paper
344,312,300,3659,paper
346,267,299,3649,paper
344,273,303,3659,paper
344,268,364,3649,paper
342,262,323,3653,paper
336,260,314,3649,paper
345,264,316,3662,paper
342,253,314,3650,paper
342,250,325,3661,paper
322,248,211,3659,paper
342,265,322,3658,paper
342,245,323,3657,paper
342,242,346,3661,paper
325,244,327,3657,paper
340,251,325,3644,paper
343,257,311,3677,paper
342,262,335,3661,paper
321,266,325,3658,paper
324,274,320,3650,paper
340,273,311,3655,paper
348,282,320,3659,paper
338,280,308,3678,paper
341,277,302,3645,paper
341,273,297,3658,paper
347,251,324,3657,paper
339,266,320,3664,paper
349,264,311,3661,paper
355,262,397,3659,paper
384,259,309,3665,paper
338,256,320,3661,paper
341,249,332,3659,paper
346,256,339,3677,paper
359,248,345,3669,paper
322,249,355,3658,paper
335,267,347,3630,paper
341,250,334,3658,paper
341,252,345,3659,paper
340,269,327,3665,paper
342,265,320,3660,paper
341,251,317,3656,paper
342,248,324,3662,paper
330,246,324,3697,paper
341,241,320,3659,paper
320,243,316,3664,paper
352,260,304,3657,paper
340,254,315,3660,paper
343,253,315,3653,paper
342,244,341,3653,paper
376,223,324,3661,paper
359,237,323,3656,paper
335,236,325,3653,paper
346,237,332,3643,paper
340,234,347,3659,paper
337,232,324,3653,paper
341,232,334,3659,paper
341,227,305,3677,paper
343,228,329,3653,paper
299,226,324,3654,paper
346,228,316,3663,paper
340,227,295,3666,paper
351,237,304,3657,paper
339,233,311,3657,paper
339,172,295,3655,paper
343,229,312,3657,paper
340,230,307,3659,paper
331,236,316,3653,paper
350,233,305,3665,paper
338,232,306,3661,paper
336,229,314,3673,paper
331,236,321,3673,paper
345,217,313,3660,paper
340,268,304,3667,paper
341,262,311,3655,paper
413,261,304,3659,paper
341,268,298,3660,paper
341,281,292,3656,paper
336,296,286,3644,paper
334,291,290,3659,paper
342,280,288,3661,paper
339,281,288,3681,paper
338,289,288,3659,paper
340,310,302,3681,paper
339,319,290,3665,paper
339,320,288,3660,paper
339,321,304,3659,paper
339,347,291,3653,paper
336,347,277,3663,paper
330,397,276,3658,paper
330,345,281,3653,paper
338,348,277,3654,paper
334,348,300,3658,paper
354,348,272,3663,paper
340,345,289,3662,paper
320,343,286,3647,paper
334,351,270,3660,paper
338,331,274,3681,paper
341,331,264,3657,paper
339,334,267,3638,paper
336,317,268,3668,paper
346,320,262,3666,paper
332,308,276,3653,paper
325,308,223,3660,paper
339,288,280,3657,paper
319,317,267,3659,paper
336,317,261,3739,paper
365,316,277,3662,paper
350,321,258,3652,paper
349,321,258,3663,paper
331,292,264,3712,paper
337,307,270,3654,paper
348,310,285,3661,paper
338,296,270,3684,paper
340,299,268,3659,paper
399,294,274,3676,paper
332,302,272,3655,paper
335,287,274,3662,paper
337,277,268,3656,paper
384,281,275,3657,paper
334,290,282,3658,paper
337,287,292,3661,paper
335,276,295,3675,paper
332,292,309,3653,paper
318,296,296,3669,paper
337,293,294,3658,paper
340,294,293,3663,paper
330,292,289,3654,paper
336,294,292,3655,paper
317,288,288,3650,paper
333,288,295,3672,paper
324,283,284,3660,paper
335,284,284,3663,paper
336,280,280,3658,paper
337,276,288,3664,paper
335,274,288,3668,paper
339,269,281,3661,paper
338,250,299,3659,paper
343,260,280,3667,paper
324,268,285,3664,paper
271,261,282,3642,paper
341,259,282,3675,paper
344,257,279,3664,paper
338,275,284,3656,paper
334,304,283,3660,paper
327,303,297,3652,paper
329,305,288,3661,paper
335,309,280,3659,paper
338,324,288,3646,paper
338,285,284,3659,paper
333,296,276,3677,paper
335,337,271,3663,paper
349,348,274,3648,paper
335,349,253,3662,paper
340,339,249,3664,paper
339,338,288,3662,paper
350,349,251,3659,paper
342,347,264,3678,paper
278,343,262,3679,paper
317,342,260,3651,paper
335,334,256,3662,paper
339,331,269,3657,paper
338,328,252,3656,paper
336,316,268,3654,paper
345,324,258,3719,paper
337,321,257,3660,paper
340,318,283,3669,paper
352,313,280,3659,paper
340,317,267,3654,paper
340,311,282,3664,paper
337,266,286,3656,paper
333,309,276,3665,paper
339,304,280,3660,paper
339,300,281,3662,paper
336,226,272,3659,paper
331,296,373,3639,paper
338,302,271,3661,paper
267,283,275,3666,paper
340,300,266,3641,paper
349,294,274,3657,paper
335,302,282,3670,paper
356,316,264,3660,paper
334,314,279,3663,paper
337,313,280,3653,paper
339,326,275,3690,paper
328,303,277,3651,paper
336,320,265,3666,paper
320,326,271,3653,paper
330,339,240,3658,paper
330,318,261,3639,paper
334,314,258,3661,paper
335,306,262,3664,paper
337,304,264,3680,paper
335,305,263,3662,paper
334,306,253,3658,paper
325,329,249,3666,paper
334,333,254,3665,paper
337,326,246,3666,paper
334,331,230,3657,paper
335,344,242,3659,paper
331,333,261,3662,paper
335,326,240,3660,paper
337,318,239,3678,paper
340,329,219,3670,paper
341,330,238,3672,paper
340,339,241,3656,paper
342,347,237,3661,paper
359,335,239,3685,paper
340,347,237,3659,paper
339,348,260,3665,paper
338,346,231,3650,paper
338,340,249,3675,paper
350,335,242,3648,paper
342,336,244,3651,paper
343,352,239,3725,paper
342,354,241,3656,paper
346,345,254,3658,paper
391,342,235,3653,paper
342,334,214,3661,paper
340,333,248,3669,paper
398,338,233,3653,paper
338,338,230,3650,paper
342,341,240,3658,paper
338,338,228,3661,paper
302,332,227,3655,paper
333,336,229,3661,paper
246,329,222,3546,paper
326,330,224,3668,paper
337,324,209,3648,paper
338,321,204,3665,paper
335,317,217,3658,paper
342,317,220,3660,paper
337,296,220,3664,paper
335,285,231,3665,paper
327,318,218,3669,paper
339,320,216,3658,paper
334,309,217,3653,paper
359,306,201,3643,paper
339,248,215,3661,paper
341,312,216,3655,paper
341,325,238,3641,paper
325,320,246,3660,paper
345,326,251,3647,paper
340,311,262,3667,paper
348,294,261,3757,paper
342,300,273,3664,paper
340,294,257,3662,paper
342,315,269,3637,paper
359,331,269,3650,paper
324,325,278,3665,paper
337,329,260,3678,paper
339,331,268,3667,paper
339,322,268,3663,paper
343,317,256,3661,paper
340,309,273,3654,paper
349,320,254,3655,paper
341,307,288,3684,paper
341,305,269,3660,paper
340,283,282,3652,paper
341,280,275,3659,paper
342,302,282,3652,paper
341,322,260,3678,paper
339,308,285,3661,paper
337,321,244,3671,paper
340,309,263,3645,paper
341,330,266,3657,paper
344,317,260,3659,paper
345,310,258,3659,paper
340,307,247,3663,paper
343,306,253,3659,paper
339,310,261,3663,paper
340,296,258,3682,paper
347,309,280,3644,paper
332,297,248,3660,paper
339,282,256,3662,paper
334,285,244,3672,paper
357,276,239,3660,paper
341,281,282,3663,paper
344,277,280,3658,paper
333,274,291,3647,paper
341,283,284,3673,paper
342,272,294,3660,paper
340,276,276,3666,paper
344,281,304,3658,paper
342,272,314,3631,paper
342,272,329,3652,paper
361,265,330,3659,paper
343,258,328,3653,paper
340,262,318,3660,paper
335,265,325,3654,paper
349,245,353,3658,paper
342,275,332,3661,paper
342,257,352,3661,paper
340,256,327,3662,paper
340,258,338,3660,paper
292,257,352,3733,paper
343,256,332,3663,paper
344,260,355,3654,paper
334,254,348,3635,paper
340,254,344,3680,paper
343,257,357,3649,paper
339,258,353,3631,paper
340,258,339,3651,paper
336,251,329,3671,paper
340,285,344,3643,paper
342,274,340,3672,paper
340,281,327,3659,paper
339,262,332,3646,paper
339,294,323,3662,paper
342,283,324,3673,paper
341,292,318,3659,paper
336,301,312,3657,paper
315,304,310,3666,paper
337,301,302,3664,paper
342,294,304,3663,paper
341,289,245,3662,paper
339,296,318,3649,paper
337,300,313,3678,paper
342,318,273,3643,paper
322,327,304,3656,paper
324,331,289,3655,paper
331,332,299,3661,paper
338,339,292,3548,paper
341,334,292,3625,paper
334,326,289,3662,paper
338,329,286,3666,paper
346,332,286,3663,paper
355,329,282,3633,paper
326,327,281,3653,paper
359,312,290,3665,paper
343,335,270,3651,paper
340,333,277,3632,paper
342,319,294,3653,paper
338,402,269,3663,paper
338,318,261,3672,paper
357,317,264,3658,paper
332,313,273,3675,paper
348,329,276,3648,paper
338,306,258,3658,paper
342,301,272,3662,paper
335,302,288,3655,paper
342,322,245,3662,paper
354,358,252,3671,paper
342,323,257,3660,paper
358,318,264,3661,paper
345,320,266,3653,paper
350,342,269,3679,paper
351,356,258,3661,paper
348,350,279,3661,paper
343,346,270,3662,paper
346,335,268,3659,paper
351,347,266,3651,paper
345,305,272,3656,paper
341,325,253,3658,paper
347,307,281,3660,paper
348,316,274,3657,paper
345,312,284,3659,paper
354,307,266,3640,paper
346,298,279,3653,paper
350,309,260,3659,paper
345,305,259,3663,paper
347,304,253,3661,paper
345,301,263,3683,paper
346,300,249,3675,paper
344,308,252,3677,paper
347,293,250,3657,paper
349,313,248,3647,paper
345,288,247,3612,paper
347,290,246,3659,paper
345,286,249,3668,paper
343,300,241,3657,paper
355,283,230,3660,paper
348,276,225,3661,paper
349,227,268,3664,paper
354,270,254,3656,paper
348,259,236,3654,paper
232,266,251,3638,paper
347,265,247,3652,paper
346,264,217,3677,paper
349,256,246,3656,paper
347,265,245,3653,paper
353,253,239,3660,paper
342,261,249,3686,paper
350,288,217,3671,paper
342,283,236,3655,paper
279,298,247,3659,paper
342,302,269,3651,paper
344,296,279,3667,paper
338,305,272,3661,paper
340,318,273,3654,paper
345,327,294,3660,paper
362,322,288,3665,paper
324,322,279,3645,paper
404,320,284,3676,paper
365,316,273,3661,paper
349,326,289,3679,paper
352,340,292,3664,paper
351,321,275,3659,paper
365,318,274,3657,paper
346,320,318,3673,paper
341,340,265,3657,paper
347,335,258,3659,paper
347,311,239,3660,paper
333,309,260,3674,paper
344,312,230,3641,paper
342,301,273,3657,paper
348,298,256,3654,paper
349,298,280,3660,paper
325,293,282,3660,paper
349,296,277,3655,paper
366,280,276,3676,paper
347,285,276,3659,paper
352,287,277,3658,paper
342,295,272,3632,paper
347,279,285,3660,paper
348,270,277,3654,paper
345,260,282,3666,paper
344,285,246,3652,paper
344,287,267,3723,paper
343,293,264,3662,paper
344,281,262,3667,paper
342,327,258,3662,paper
349,292,254,3656,paper
350,292,280,3651,paper
349,297,260,3658,paper
338,297,253,3652,paper
341,301,225,3660,paper
349,291,258,3659,paper
361,286,153,3659,paper
339,288,274,3662,paper
346,299,278,3650,paper
348,283,274,3621,paper
344,284,276,3655,paper
341,275,281,3661,paper
343,299,261,3669,paper
336,295,262,3625,paper
342,282,284,3656,paper
355,276,258,3667,paper
358,270,292,3669,paper
342,272,260,3660,paper
349,266,257,3664,paper
344,275,256,3665,paper
348,287,246,3662,paper
345,268,256,3660,paper
334,288,248,3657,paper
345,324,251,3659,paper
344,308,257,3659,paper
345,325,264,3645,paper
343,318,246,3660,paper
334,293,244,3633,paper
344,311,242,3663,paper
340,298,244,3646,paper
346,298,244,3663,paper
333,300,236,3661,paper
346,303,241,3660,paper
344,296,241,3661,paper
295,279,247,3663,paper
342,286,245,3679,paper
345,274,250,3675,paper
362,279,244,3660,paper
323,291,241,3658,paper
343,275,224,3659,paper
345,272,236,3664,paper
347,278,238,3649,paper
338,268,238,3652,paper
348,245,242,3651,paper
347,262,238,3657,paper
351,261,240,3643,paper
326,264,248,3640,paper
341,260,253,3652,paper
348,278,242,3670,paper
341,262,251,3660,paper
347,266,246,3669,paper
341,251,247,3663,paper
347,263,238,3657,paper
340,233,247,3673,paper
341,229,248,3664,paper
344,246,245,3660,paper
343,223,245,3656,paper
340,244,258,3661,paper
339,240,269,3658,paper
347,249,243,3647,paper
351,243,253,3624,paper
355,235,265,3672,paper
346,239,252,3678,paper
356,231,246,3658,paper
343,244,254,3657,paper
344,238,239,3673,paper
349,278,259,3658,paper
326,240,239,3660,paper
346,252,242,3656,paper
338,212,240,3674,paper
346,235,242,3659,paper
341,236,228,3662,paper
341,235,248,3653,paper
344,237,239,3671,paper
336,226,241,3649,paper
376,227,238,3665,paper
346,225,212,3660,paper
341,245,233,3645,paper
339,234,229,3639,paper
348,253,241,3660,paper
343,317,215,3655,paper
362,278,229,3655,paper
364,290,233,3671,paper
346,291,233,3666,paper
347,293,235,3659,paper
343,274,235,3667,paper
343,309,229,3661,paper
348,285,239,3640,paper
364,286,225,3660,paper
335,273,237,3641,paper
345,272,236,3588,paper
348,254,234,3661,paper
343,268,223,3665,paper
350,269,234,3672,paper
347,164,228,3659,paper
346,266,236,3660,paper
337,267,234,3651,paper
348,260,237,3681,paper
333,256,234,3660,paper
344,259,230,3676,paper
333,254,228,3652,paper
369,247,226,3659,paper
341,245,236,3661,paper
343,256,221,3677,paper
341,253,231,3604,paper
332,256,203,3661,paper
351,237,226,3665,paper
342,236,231,3659,paper
345,215,242,3656,paper
343,229,224,3666,paper
335,236,140,3644,paper
342,232,229,3663,paper
343,239,203,3671,paper
344,231,229,3661,paper
342,233,229,3658,paper
335,238,230,3665,paper
330,248,225,3612,paper
341,239,246,3655,paper
348,249,231,3659,paper
346,278,226,3649,paper
345,264,240,3665,paper
347,308,213,3658,paper
345,286,256,3663,paper
340,290,251,3654,paper
346,285,237,3659,paper
347,284,230,3675,paper
345,272,260,3657,paper
348,276,321,3663,paper
345,295,234,3643,paper
341,232,214,3663,paper
344,262,227,3657,paper
346,290,227,3661,paper
343,270,231,3667,paper
340,301,230,3660,paper
336,268,253,3662,paper
345,243,250,3645,paper
351,257,247,3661,paper
238,253,267,3667,paper
346,251,273,3663,paper
337,253,268,3649,paper
356,264,263,3707,paper
348,246,272,3659,paper
342,244,276,3662,paper
320,237,298,3642,paper
354,240,291,3659,paper
339,243,288,3678,paper
437,224,282,3663,paper
343,242,296,3665,paper
342,248,272,3662,paper
332,246,280,3660,paper
348,259,270,3655,paper
338,266,270,3661,paper
347,253,258,3663,paper
348,253,251,3664,paper
336,251,276,3664,paper
338,253,275,3640,paper
329,260,379,3662,paper
341,260,299,3653,paper
336,267,272,3663,paper
342,300,302,3675,paper
338,295,307,3648,paper
343,288,316,3675,paper
346,281,327,3656,paper
344,316,299,3661,paper
341,299,317,3659,paper
369,294,310,3663,paper
342,292,324,3652,paper
340,291,327,3658,paper
349,284,303,3650,paper
345,283,301,3657,paper
356,279,312,3660,paper
345,285,296,3659,paper
347,283,296,3662,paper
352,277,289,3662,paper
352,267,293,3650,paper
334,280,192,3645,paper
344,272,298,3651,paper
337,248,289,3623,paper
334,268,289,3643,paper
322,268,288,3666,paper
343,272,270,3657,paper
339,256,263,3671,paper
333,306,286,3665,paper
361,231,277,3662,paper
339,245,260,3656,paper
347,261,256,3674,paper
342,252,271,3662,paper
341,270,269,3652,paper
318,269,280,3664,paper
341,262,260,3665,paper
338,263,266,3666,paper
341,298,248,3657,paper
335,270,258,3673,paper
337,265,254,3657,paper
339,264,263,3668,paper
330,264,262,3654,paper
339,261,244,3649,paper
351,243,236,3660,paper
332,248,258,3636,paper
277,237,245,3657,paper
342,246,241,3657,paper
338,252,235,3673,paper
331,254,244,3706,paper
341,248,248,3662,paper
350,236,267,3638,paper
340,235,240,3652,paper
339,227,259,3665,paper
321,237,270,3642,paper
356,235,256,3658,paper
344,237,242,3656,paper
246,229,250,3545,paper
317,238,218,3660,paper
339,244,268,3661,paper
339,242,240,3658,paper
340,216,263,3663,paper
343,253,252,3662,paper
336,245,253,3650,paper
342,256,234,3679,paper
334,229,241,3658,paper
335,258,250,3662,paper
389,251,243,3660,paper
362,258,233,3684,paper
338,251,242,3659,paper
317,262,242,3659,paper
335,250,242,3646,paper
339,260,226,3673,paper
340,242,243,3660,paper
398,278,245,3718,paper
339,261,245,3654,paper
230,258,245,3657,paper
336,258,262,3656,paper
349,262,236,3679,paper
264,267,237,3669,paper
338,264,242,3660,paper
339,250,234,3672,paper
336,263,256,3663,paper
331,251,230,3657,paper
339,266,239,3639,paper
351,245,292,3678,paper
335,259,240,3660,paper
345,248,238,3662,paper
339,240,246,3657,paper
344,239,274,3677,paper
334,245,228,3635,paper
335,232,235,3637,paper
343,234,223,3664,paper
346,213,242,3644,paper
346,230,230,3666,paper
334,278,242,3660,paper
343,233,217,3671,paper
340,229,253,3655,paper
338,250,242,3660,paper
318,264,239,3639,paper
339,264,242,3706,paper
338,256,246,3655,paper
338,259,252,3661,paper
327,260,253,3642,paper
338,253,256,3729,paper
349,243,257,3659,paper
328,265,263,3661,paper
337,263,264,3671,paper
346,264,296,3672,paper
344,265,299,3676,paper
340,266,281,3656,paper
330,290,258,3653,paper
318,261,258,3658,paper
334,261,260,3665,paper
381,250,259,3723,paper
330,251,251,3653,paper
349,249,196,3668,paper
340,241,252,3660,paper
315,243,242,3661,paper
336,241,277,3639,paper
343,249,250,3661,paper
331,215,278,3669,paper
339,215,274,3661,paper
334,231,273,3647,paper
342,249,282,3656,paper
332,242,295,3666,paper
349,268,275,3673,paper
335,262,278,3663,paper
365,271,279,3659,paper
337,279,284,3658,paper
338,296,275,3654,paper
343,328,265,3675,paper
422,320,266,3667,paper
320,316,275,3674,paper
329,313,266,3647,paper
339,312,256,3653,paper
318,318,263,3669,paper
247,306,265,3701,paper
339,316,283,3663,paper
339,321,243,3655,paper
340,318,257,3664,paper
366,312,262,3643,paper
335,320,273,3645,paper
337,306,258,3659,paper
339,304,257,3655,paper
336,309,281,3661,paper
329,313,277,3663,paper
338,322,193,3650,paper
338,290,269,3660,paper
318,342,277,3662,paper
323,351,272,3660,paper
339,336,279,3660,paper
343,365,275,3665,paper
348,321,265,3709,paper
337,329,273,3660,paper
367,331,291,3658,paper
345,330,281,3660,paper
337,336,277,3660,paper
341,324,280,3663,paper
320,320,270,3637,paper
340,377,268,3658,paper
338,323,284,3654,paper
336,309,282,3661,paper
336,313,280,3664,paper
330,303,282,3660,paper
347,288,288,3659,paper
340,318,277,3659,paper
333,302,279,3650,paper
338,296,251,3654,paper
333,286,283,3659,paper
329,266,286,3658,paper
339,296,269,3661,paper
343,294,268,3673,paper
327,276,149,3661,paper
343,222,280,3666,paper
292,273,260,3637,paper
335,283,261,3624,paper
355,268,179,3663,paper
344,267,262,3639,paper
341,274,270,3639,paper
343,257,280,3661,paper
338,252,269,3682,paper
320,272,288,3660,paper
340,238,320,3656,paper
343,264,279,3674,paper
345,269,302,3660,paper
343,290,319,3660,paper
353,298,280,3677,paper
350,261,301,3655,paper
344,300,296,3663,paper
360,294,295,3666,paper
330,290,192,3661,paper
347,291,306,3665,paper
353,291,292,3635,paper
343,296,286,3655,paper
330,288,282,3655,paper
359,288,176,3662,paper
348,285,257,3673,paper
351,286,270,3659,paper
345,287,266,3656,paper
359,276,258,3679,paper
345,287,277,3637,paper
349,272,293,3647,paper
337,301,269,3659,paper
335,284,286,3641,paper
357,284,284,3662,paper
341,273,290,3655,paper
346,276,264,3677,paper
343,284,260,3672,paper
344,290,264,3653,paper
330,294,283,3660,paper
339,292,340,3669,paper
340,295,262,3673,paper
340,292,262,3675,paper
342,295,270,3660,paper
340,288,278,3566,paper
338,343,292,3665,paper
340,291,299,3657,paper
343,278,277,3661,paper
354,276,284,3664,paper
340,284,253,3669,paper
344,280,263,3665,paper
338,272,280,3662,paper
337,320,279,3657,paper
337,256,270,3663,paper
352,258,267,3712,paper
330,275,261,3661,paper
346,251,268,3659,paper
351,254,269,3657,paper
340,251,247,3661,paper
338,244,274,3656,paper
353,246,264,3668,paper
341,228,256,3668,paper
320,241,275,3663,paper
327,226,265,3649,paper
333,252,250,3661,paper
334,232,171,3666,paper
339,236,239,3661,paper
319,239,248,3658,paper
352,223,256,3659,paper
340,211,266,3724,paper
337,222,268,3672,paper
317,221,264,3666,paper
337,218,262,3662,paper
335,208,261,3660,paper
342,206,258,3662,paper
337,218,240,3664,paper
345,225,245,3673,paper
336,233,233,3666,paper
336,209,251,3660,paper
321,222,251,3657,paper
331,221,248,3645,paper
340,228,248,3657,paper
339,243,253,3657,paper
323,250,250,3668,paper
330,236,275,3642,paper
342,253,261,3660,paper
336,247,264,3657,paper
336,256,263,3658,paper
315,260,258,3660,paper
339,276,251,3671,paper
331,280,271,3662,paper
331,276,251,3663,paper
325,270,292,3661,paper
340,270,253,3682,paper
339,271,249,3659,paper
330,269,361,3661,paper
334,272,226,3666,paper
342,265,239,3678,paper
350,261,237,3678,paper
329,264,376,3657,paper
330,272,220,3659,paper
343,262,237,3660,paper
351,250,250,3660,paper
338,252,233,3657,paper
347,262,236,3660,paper
345,250,219,3658,paper
356,235,242,3658,paper
335,300,236,3647,paper
342,246,225,3658,paper
337,242,246,3661,paper
341,256,243,3658,paper
343,270,226,3638,paper
340,247,232,3639,paper
350,252,212,3663,paper
327,253,221,3660,paper
354,244,218,3661,paper
335,243,213,3664,paper
343,238,213,3647,paper
333,221,220,3659,paper
337,237,224,3664,paper
328,253,215,3677,paper
333,227,219,3659,paper
327,229,215,3654,paper
338,231,214,3661,paper
245,232,225,3665,paper
349,225,234,3675,paper
334,272,248,3660,paper
326,218,257,3657,paper
336,221,264,3655,paper
342,222,241,3675,paper
297,220,241,3561,paper
348,221,248,3661,paper
338,226,238,3662,paper
352,238,242,3651,paper
345,234,247,3796,paper
340,256,262,3649,paper
329,235,265,3669,paper
335,246,260,3573,paper
429,231,258,3659,paper
339,220,256,3579,paper
339,149,256,3660,paper
340,237,258,3619,paper
346,218,274,3651,paper
347,203,256,3661,paper
346,216,253,3651,paper
354,213,234,3662,paper
340,212,250,3672,paper
343,200,249,3731,paper
323,204,370,3659,paper
332,206,257,3662,paper
328,205,308,3660,paper
347,195,263,3658,paper
341,219,250,3661,paper
346,220,253,3657,paper
353,240,239,3675,paper
330,208,248,3619,paper
433,232,245,3672,paper
366,234,241,3657,paper
343,181,244,3659,paper
337,235,154,3662,paper
349,230,237,3665,paper
320,235,240,3660,paper
346,223,246,3654,paper
340,223,249,3661,paper
340,242,253,3638,paper
341,248,253,3661,paper
346,225,249,3658,paper
343,223,242,3656,paper
335,225,263,3667,paper
344,219,248,3658,paper
341,155,246,3659,paper
332,220,247,3701,paper
344,226,248,3666,paper
348,263,226,3667,paper
329,273,244,3665,paper
346,277,232,3685,paper
322,270,226,3661,paper
339,178,240,3661,paper
346,261,256,3658,paper
342,332,240,3664,paper
326,264,202,3660,paper
343,263,242,3659,paper
342,264,169,3664,paper
348,251,259,3661,paper
342,224,249,3659,paper
354,196,240,3660,paper
356,240,252,3660,paper
340,242,272,3655,paper
342,242,262,3651,paper
340,248,259,3638,paper
359,245,248,3664,paper
319,236,256,3657,paper
338,234,248,3661,paper
343,230,251,3656,paper
363,231,248,3658,paper
342,219,249,3655,paper
342,213,249,3611,paper
333,236,243,3628,paper
344,221,254,3667,paper
332,218,247,3643,paper
335,202,241,3658,paper
332,228,239,3660,paper
346,210,238,3648,paper
341,205,246,3647,paper
340,222,234,3714,paper
367,214,233,3675,paper
359,209,232,3669,paper
329,209,229,3659,paper
340,208,232,3615,paper
357,206,235,3663,paper
341,208,238,3662,paper
352,217,220,3669,paper
332,209,237,3659,paper
341,202,230,3665,paper
348,205,257,3662,paper
309,192,244,3621,paper
347,208,225,3659,paper
311,207,224,3666,paper
355,209,234,3653,paper
337,231,280,3659,paper
354,220,218,3550,paper
333,247,218,3674,paper
343,237,212,3675,paper
338,257,219,3657,paper
341,292,217,3657,paper
348,243,213,3667,paper
347,237,216,3661,paper
343,232,216,3649,paper
247,219,218,3625,paper
353,252,220,3651,paper
348,231,227,3662,paper
334,227,230,3661,paper
346,226,231,3658,paper
338,336,232,3661,paper
346,221,227,3659,paper
329,217,241,3657,paper
344,212,236,3633,paper
321,216,226,3678,paper
342,204,221,3662,paper
342,213,222,3661,paper
342,268,224,3658,paper
337,214,228,3660,paper
340,213,220,3658,paper
361,211,221,3661,paper
342,217,226,3659,paper
273,249,214,3657,paper
341,249,224,3659,paper
344,323,219,3659,paper
343,253,220,3657,paper
344,209,218,3659,paper
343,260,217,3743,paper
345,331,213,3663,paper
341,307,207,3657,paper
341,249,215,3661,paper
345,251,209,3659,paper
343,253,206,3659,paper
343,256,211,3656,paper
354,254,212,3660,paper
363,236,214,3658,paper
337,269,221,3645,paper
341,266,199,3651,paper
352,264,220,3654,paper
343,250,245,3659,paper
353,198,225,3655,paper
359,259,248,3657,paper
344,276,256,3657,paper
348,280,270,3665,paper
343,296,288,3660,paper
345,309,277,3662,paper
345,316,293,3655,paper
341,310,290,3654,paper
343,316,301,3662,paper
378,306,297,3651,paper
344,305,296,3664,paper
297,302,297,3671,paper
307,297,303,3668,paper
326,321,307,3662,paper
341,306,306,3657,paper
343,306,297,3658,paper
349,288,331,3657,paper
342,281,318,3655,paper
320,279,312,3666,paper
358,277,312,3666,paper
347,174,306,3658,paper
365,265,310,3673,paper
342,271,305,3659,paper
358,270,272,3660,paper
343,260,294,3661,paper
346,265,299,3662,paper
360,287,302,3664,paper
352,272,305,3658,paper
347,288,301,3611,paper
346,317,292,3657,paper
339,314,266,3664,paper
341,306,295,3660,paper
328,311,284,3661,paper
342,294,287,3659,paper
346,296,287,3657,paper
340,292,291,3658,paper
321,283,346,3659,paper
343,289,315,3660,paper
343,281,304,3655,paper
344,279,309,3661,paper
341,278,315,3658,paper
343,278,295,3659,paper
341,266,301,3661,paper
349,270,312,3658,paper
456,266,322,3674,paper
345,270,325,3658,paper
329,266,217,3661,paper
342,264,327,3661,paper
345,257,339,3659,paper
342,261,354,3660,paper
350,272,371,3581,paper
344,281,374,3656,paper
344,288,378,3653,paper
344,276,374,3717,paper
341,300,394,3658,paper
356,304,389,3662,paper
341,296,391,3661,paper
390,284,405,3666,paper
335,293,387,3660,paper
346,292,390,3657,paper
331,285,385,3655,paper
342,296,384,3659,paper
336,306,384,3662,paper
331,305,379,3651,paper
340,306,358,3675,paper
336,393,372,3658,paper
341,353,370,3657,paper
343,388,363,3654,paper
342,367,370,3655,paper
332,377,356,3655,paper
343,380,360,3661,paper
340,366,359,3657,paper
357,350,366,3656,paper
339,373,350,3659,paper
329,370,316,3677,paper
345,388,345,3667,paper
352,378,327,3659,paper
346,387,337,3659,paper
328,374,345,3550,paper
340,359,326,3663,paper
339,363,323,3668,paper
335,360,322,3658,paper
369,353,323,3672,paper
358,352,215,3656,paper
347,352,330,3659,paper
342,338,328,3661,paper
336,353,293,3657,paper
342,333,322,3674,paper
342,325,264,3647,paper
345,327,327,3646,paper
340,346,302,3659,paper
343,328,327,3665,paper
345,325,329,3662,paper
333,322,376,3660,paper
341,315,310,3660,paper
356,313,368,3660,paper
360,273,310,3663,paper
325,300,313,3661,paper
337,298,299,3665,paper
344,308,301,3650,paper
326,309,301,3661,paper
341,305,288,3658,paper
341,247,310,3664,paper
338,320,285,3659,paper
341,316,285,3659,paper
341,303,294,3670,paper
356,312,304,3658,paper
349,313,290,3670,paper
343,303,320,3662,paper
343,304,316,3597,paper
344,296,309,3660,paper
350,294,200,3663,paper
342,293,306,3642,paper
356,278,325,3658,paper
341,288,323,3659,paper
344,291,333,3676,paper
320,292,332,3661,paper
349,274,328,3658,paper
326,297,321,3662,paper
341,292,311,3659,paper
350,294,296,3659,paper
346,288,304,3645,paper
340,291,315,3657,paper
340,279,318,3659,paper
342,284,315,3660,paper
336,272,298,3663,paper
348,276,290,3661,paper
340,275,286,3671,paper
345,280,290,3652,paper
333,268,290,3670,paper
342,263,292,3666,paper
341,274,286,3665,paper
349,259,281,3660,paper
333,266,278,3652,paper
342,286,268,3671,paper
339,263,271,3654,paper
350,244,269,3673,paper
337,269,269,3656,paper
351,256,250,3657,paper
344,276,264,3661,paper
341,265,266,3657,paper
331,257,259,3641,paper
344,270,274,3649,paper
338,269,256,3663,paper
337,269,256,3653,paper
341,259,254,3791,paper
319,296,252,3659,paper
331,293,263,3675,paper
336,302,257,3679,paper
338,309,267,3661,paper
337,304,257,3663,paper
338,315,256,3670,paper
332,300,266,3647,paper
347,305,247,3655,paper
329,313,249,3668,paper
341,320,260,3661,paper
339,304,250,3659,paper
338,207,249,3663,paper
335,315,226,3667,paper
337,301,248,3661,paper
341,300,266,3659,paper
339,293,275,3637,paper
341,290,265,3662,paper
337,287,264,3666,paper
340,278,276,3682,paper
338,284,285,3663,paper
346,279,308,3657,paper
341,282,282,3671,paper
344,280,282,3662,paper
346,264,286,3659,paper
336,280,265,3660,paper
338,286,288,3658,paper
335,307,284,3661,paper
336,325,276,3672,paper
336,351,288,3658,paper
333,373,290,3658,paper
339,309,292,3651,paper
230,320,298,3637,paper
337,323,313,3656,paper
333,311,304,3684,paper
348,301,357,3650,paper
335,306,295,3664,paper
330,309,291,3661,paper
334,295,296,3660,paper
332,299,288,3666,paper
336,294,313,3657,paper
331,293,270,3661,paper
337,302,271,3651,paper
350,298,174,3663,paper
339,300,303,3656,paper
339,304,283,3668,paper
320,316,282,3663,paper
332,294,281,3651,paper
337,295,279,3658,paper
337,301,276,3661,paper
329,315,274,3662,paper
401,306,272,3675,paper
334,306,270,3662,paper
324,288,266,3660,paper
337,296,266,3672,paper
397,292,257,3668,paper
338,292,263,3661,paper
337,302,262,3697,paper
335,304,262,3665,paper
332,302,296,3666,paper
336,322,264,3664,paper
326,309,261,3641,paper
342,316,258,3674,paper
355,323,265,3661,paper
343,336,263,3645,paper
419,318,274,3637,paper
335,316,264,3662,paper
349,336,247,3661,paper
337,316,278,3661,paper
423,323,278,3648,paper
336,343,284,3652,paper
347,322,284,3644,paper
335,320,290,3659,paper
336,316,286,3660,paper
332,320,298,3629,paper
336,310,304,3661,paper
325,305,311,3653,paper
341,300,313,3669,paper
339,298,308,3660,paper
338,297,312,3679,paper
338,304,327,3654,paper
334,300,324,3617,paper
332,316,321,3658,paper
336,322,329,3683,paper
339,318,320,3644,paper
336,317,325,3659,paper
330,326,322,3658,paper
337,321,322,3661,paper
302,326,332,3660,paper
336,332,353,3659,paper
333,352,317,3660,paper
334,339,334,3648,paper
334,357,356,3657,paper
320,346,334,3659,paper
336,338,348,3656,paper
336,331,406,3661,paper
336,326,346,3631,paper
328,323,350,3652,paper
335,317,354,3657,paper
334,315,339,3641,paper
335,295,334,3755,paper
332,310,331,3664,paper
342,306,366,3636,paper
336,298,365,3653,paper
331,294,372,3654,paper
335,290,355,3661,paper
395,299,382,3664,paper
333,302,367,3655,paper
336,294,374,3660,paper
321,294,370,3650,paper
343,281,364,3661,paper
361,298,358,3657,paper
337,300,354,3659,paper
368,291,352,3639,paper
337,290,349,3658,paper
334,283,347,3659,paper
335,280,342,3659,paper
330,280,343,3668,paper
333,276,339,3665,paper
333,275,340,3662,paper
315,266,385,3661,paper
345,269,333,3669,paper
337,264,356,3661,paper
329,253,330,3666,paper
340,268,329,3665,paper
334,276,327,3659,paper
333,273,322,3679,paper
334,281,327,3600,paper
335,265,342,3664,paper
351,260,334,3665,paper
333,265,329,3645,paper
330,266,334,3651,paper
335,265,323,3646,paper
330,261,321,3662,paper
331,261,319,3652,paper
336,261,323,3653,paper
333,259,317,3656,paper
343,254,310,3637,paper
344,252,246,3662,paper
334,254,306,3658,paper
331,248,324,3655,paper
331,301,304,3657,paper
344,240,320,3658,paper
333,242,320,3681,paper
328,240,318,3675,paper
333,238,280,3662,paper
334,230,318,3667,paper
330,230,328,3676,paper
334,229,324,3646,paper
331,239,316,3658,paper
335,229,314,3662,paper
332,228,306,3661,paper
326,271,310,3658,paper
331,229,307,3661,paper
332,236,281,3656,paper
346,247,298,3660,paper
332,243,301,3660,paper
333,268,312,3653,paper
344,304,281,3661,paper
334,325,296,3621,paper
332,329,288,3660,paper
333,331,292,3660,paper
316,326,299,3663,paper
330,323,295,3663,paper
322,320,289,3662,paper
330,311,298,3661,paper
332,305,307,3659,paper
331,308,286,3669,paper
360,302,292,3655,paper
329,296,299,3663,paper
332,296,274,3671,paper
344,293,292,3660,paper
330,295,274,3678,paper
350,291,302,3663,paper
317,292,292,3657,paper
330,295,293,3674,paper
330,294,295,3652,paper
330,290,291,3660,paper
337,287,241,3665,paper
332,283,292,3664,paper
333,296,278,3690,paper
351,278,290,3653,paper
336,275,292,3668,paper
332,253,292,3663,paper
333,270,288,3660,paper
331,261,305,3654,paper
333,264,320,3650,paper
327,279,296,3658,paper
337,264,294,3652,paper
332,262,302,3638,paper
343,252,278,3709,paper
326,258,288,3654,paper
348,248,281,3754,paper
333,251,282,3649,paper
328,252,284,3661,paper
331,234,289,3661,paper
329,260,302,3660,paper
330,260,300,3661,paper
329,259,300,3661,paper
329,253,300,3660,paper
333,256,304,3659,paper
314,256,303,3647,paper
333,266,305,3656,paper
329,269,295,3664,paper
331,262,328,3662,paper
332,298,308,3662,paper
330,278,311,3679,paper
331,285,299,3658,paper
316,302,288,3633,paper
328,416,295,3662,paper
329,296,344,3659,paper
338,289,301,3683,paper
343,287,303,3661,paper
338,307,292,3659,paper
329,332,286,3662,paper
331,326,292,3656,paper
330,320,281,3675,paper
331,342,310,3658,paper
337,345,299,3677,paper
328,330,294,3719,paper
337,342,289,3660,paper
330,337,288,3651,paper
334,335,296,3679,paper
338,329,295,3661,paper
333,324,301,3658,paper
325,326,293,3658,paper
333,315,291,3656,paper
333,307,326,3659,paper
333,309,322,3658,paper
337,304,286,3660,paper
328,320,281,3665,paper
362,323,301,3654,paper
331,340,314,3657,paper
332,460,304,3660,paper
332,350,304,3661,paper
332,367,294,3657,paper
334,366,315,3651,paper
334,360,305,3661,paper
333,357,299,3660,paper
327,352,294,3673,paper
324,353,286,3682,paper
332,348,291,3663,paper
334,364,300,3658,paper
336,321,310,3663,paper
333,349,297,3661,paper
332,331,299,3660,paper
341,341,286,3658,paper
334,311,294,3670,paper
344,320,297,3658,paper
331,314,285,3663,paper
343,304,278,3695,paper
327,308,284,3663,paper
329,304,284,3664,paper
336,304,283,3661,paper
343,293,349,3675,paper
341,294,284,3661,paper
349,289,291,3654,paper
324,295,278,3662,paper
356,260,278,3659,paper
327,298,289,3645,paper
332,305,285,3660,paper
340,302,304,3655,paper
338,301,295,3663,paper
345,300,299,3666,paper
329,286,290,3637,paper
326,311,286,3677,paper
335,281,312,3676,paper
316,285,310,3640,paper
312,300,304,3640,paper
333,312,315,3657,paper
329,312,306,3655,paper
330,306,316,3677,paper
326,306,317,3636,paper
333,303,282,3661,paper
334,306,304,3660,paper
324,293,313,3671,paper
316,297,301,3667,paper
336,299,301,3657,paper
340,283,300,3670,paper
326,275,297,3666,paper
332,280,297,3655,paper
333,282,295,3669,paper
333,282,298,3661,paper
332,291,289,3663,paper
325,288,194,3649,paper
335,295,292,3663,paper
317,295,306,3640,paper
335,297,338,3649,paper
335,332,332,3673,paper
330,334,327,3658,paper
335,366,325,3662,paper
327,333,339,3643,paper
339,345,339,3649,paper
334,375,297,3652,paper
345,381,321,3668,paper
334,392,320,3651,paper
332,378,313,3651,paper
342,380,315,3661,paper
337,364,304,3660,paper
337,359,312,3661,paper
331,367,303,3654,paper
331,370,296,3649,paper
344,354,298,3666,paper
333,353,297,3659,paper
317,347,424,3663,paper
333,338,304,3661,paper
336,366,285,3654,paper
338,340,292,3633,paper
331,317,291,3659,paper
344,337,264,3660,paper
337,328,294,3657,paper
342,324,300,3661,paper
336,314,305,3657,paper
333,316,252,3644,paper
337,300,304,3663,paper
333,304,298,3665,paper
335,304,303,3645,paper
322,327,303,3661,paper
336,317,301,3713,paper
336,318,307,3665,paper
332,305,310,3655,paper
345,330,291,3650,paper
334,312,294,3663,paper
334,305,292,3675,paper
339,278,293,3659,paper
346,302,290,3679,paper
341,295,286,3663,paper
352,292,283,3668,paper
340,296,290,3659,paper
336,295,271,3665,paper
333,301,268,3637,paper
357,303,280,3660,paper
338,320,285,3656,paper
333,320,286,3654,paper
334,316,276,3653,paper
330,313,284,3667,paper
337,307,285,3661,paper
337,307,309,3657,paper
337,303,298,3661,paper
337,300,295,3660,paper
326,298,293,3647,paper
331,293,293,3655,paper
333,311,290,3647,paper
296,301,285,3668,paper
330,311,192,3650,paper
330,304,281,3653,paper
336,299,278,3660,paper
335,196,275,3661,paper
346,294,277,3653,paper
325,298,275,3652,paper
332,286,266,3658,paper
342,285,271,3652,paper
330,264,266,3659,paper
335,278,268,3570,paper
316,289,260,3649,paper
345,298,257,3668,paper
332,376,272,3668,paper
327,306,284,3658,paper
337,303,235,3665,paper
345,301,254,3674,paper
337,297,269,3664,paper
338,291,254,3659,paper
357,298,260,3661,paper
334,300,259,3655,paper
337,336,254,3651,paper
332,323,252,3657,paper
344,330,253,3645,paper
329,325,256,3672,paper
332,335,249,3743,paper
331,338,242,3671,paper
334,335,242,3661,paper
343,330,244,3662,paper
341,325,244,3667,paper
316,317,259,3663,paper
336,317,264,3672,paper
333,316,231,3668,paper
332,315,254,3660,paper
337,317,249,3665,paper
350,310,260,3663,paper
336,312,244,3645,paper
349,306,253,3659,paper
336,326,240,3651,paper
336,306,235,3660,paper
345,326,236,3660,paper
342,323,232,3590,paper
326,347,230,3643,paper
344,322,231,3664,paper
344,320,236,3671,paper
321,312,229,3681,paper
316,313,237,3653,paper
339,314,232,3661,paper
340,325,240,3661,paper
341,314,263,3648,paper
339,337,254,3662,paper
335,342,258,3679,paper
338,329,267,3655,paper
332,348,260,3658,paper
339,360,234,3666,paper
334,392,261,3600,paper
330,381,260,3662,paper
339,394,246,3668,paper
336,372,249,3660,paper
347,368,260,3665,paper
344,347,263,3662,paper
335,382,256,3640,paper
338,373,246,3660,paper
373,386,252,3660,paper
359,370,250,3661,paper
338,359,247,3662,paper
337,364,238,3664,paper
338,356,245,3662,paper
334,355,253,3663,paper
336,330,256,3663,paper
333,346,236,3660,paper
337,343,232,3671,paper
340,330,240,3642,paper
334,342,254,3657,paper
324,351,239,3757,paper
341,329,237,3646,paper
334,332,233,3659,paper
340,336,206,3656,paper
342,324,212,3660,paper
319,320,235,3660,paper
339,317,223,3676,paper
360,317,239,3653,paper
339,328,151,3659,paper
337,328,221,3647,paper
338,346,223,3653,paper
296,349,219,3658,paper
353,344,231,3657,paper
340,368,209,3659,paper
338,425,226,3664,paper
342,373,193,3669,paper
325,378,223,3661,paper
348,395,196,3661,paper
345,395,223,3650,paper
338,406,157,3641,paper
341,406,251,3653,paper
343,398,267,3658,paper
341,389,356,3658,paper
267,376,265,3541,paper
325,386,277,3662,paper
338,485,268,3661,paper
333,379,264,3661,paper
333,363,288,3673,paper
352,378,281,3640,paper
333,360,286,3658,paper
337,364,283,3681,paper
339,348,280,3662,paper
349,326,277,3659,paper
340,338,281,3663,paper
348,348,272,3674,paper
336,359,276,3651,paper
341,370,275,3654,paper
335,391,268,3626,paper
339,408,275,3659,paper
330,424,336,3658,paper
336,399,269,3671,paper
338,413,254,3654,paper
340,405,274,3679,paper
332,406,271,3662,paper
397,408,262,3662,paper
341,403,263,3661,paper
336,371,263,3660,paper
338,380,266,3667,paper
342,382,270,3651,paper
351,373,264,3667,paper
336,370,263,3637,paper
338,354,263,3672,paper
334,359,258,3643,paper
336,342,264,3662,paper
340,359,263,3659,paper
341,337,259,3659,paper
334,342,326,3639,paper
340,347,253,3656,paper
339,318,248,3657,paper
341,324,261,3662,paper
341,323,256,3668,paper
340,317,249,3663,paper
348,316,245,3670,paper
340,298,250,3663,paper
341,317,250,3661,paper
338,259,246,3664,paper
342,315,245,3656,paper
334,317,258,3663,paper
341,331,244,3659,paper
340,329,236,3660,paper
353,317,243,3660,paper
338,326,237,3680,paper
352,322,224,3651,paper
351,324,237,3651,paper
339,318,221,3677,paper
342,314,214,3674,paper
339,316,227,3662,paper
339,325,221,3662,paper
326,338,232,3669,paper
341,353,160,3680,paper
332,349,225,3668,paper
337,373,215,3657,paper
342,365,228,3657,paper
336,372,236,3657,paper
344,410,265,3659,paper
351,368,251,3662,paper
343,379,264,3653,paper
357,376,252,3679,paper
329,379,283,3642,paper
342,377,288,3662,paper
348,350,298,3663,paper
343,343,306,3663,paper
344,359,306,3663,paper
348,357,284,3677,paper
353,362,295,3679,paper
344,298,306,3660,paper
340,340,294,3664,paper
358,341,291,3659,paper
347,336,285,3688,paper
346,331,300,3656,paper
343,320,301,3661,paper
340,322,304,3658,paper
343,316,286,3688,paper
355,314,296,3656,paper
342,309,279,3659,paper
349,314,278,3679,paper
342,305,285,3661,paper
348,308,282,3662,paper
338,309,265,3649,paper
342,299,283,3656,paper
339,297,277,3659,paper
341,304,283,3659,paper
335,295,293,3648,paper
345,302,276,3656,paper
320,293,307,3658,paper
338,291,312,3671,paper
332,290,314,3638,paper
337,285,298,3665,paper
339,284,314,3660,paper
335,276,260,3650,paper
323,275,336,3658,paper
338,266,347,3664,paper
342,259,342,3645,paper
341,264,341,3666,paper
334,266,322,3659,paper
330,270,283,3662,paper
352,257,311,3670,paper
348,243,330,3646,paper
342,267,314,3667,paper
347,257,306,3656,paper
343,247,299,3675,paper
356,251,193,3662,paper
340,263,292,3671,paper
339,256,295,3651,paper
342,248,294,3669,paper
363,243,312,3660,paper
343,240,302,3669,paper
337,239,302,3652,paper
330,244,289,3665,paper
326,237,303,3659,paper
348,235,281,3661,paper
339,270,276,3655,paper
346,252,281,3657,paper
347,242,288,3663,paper
346,240,289,3661,paper
347,266,289,3656,paper
342,229,290,3665,paper
349,256,290,3659,paper
409,256,302,3743,paper
343,247,294,3658,paper
348,269,349,3662,paper
339,256,291,3668,paper
418,271,296,3761,paper
345,260,285,3709,paper
336,245,246,3660,paper
333,237,293,3669,paper
344,259,279,3658,paper
348,168,268,3661,paper
350,247,273,3657,paper
336,243,287,3659,paper
345,315,278,3662,paper
368,241,260,3663,paper
329,240,265,3661,paper
347,249,260,3643,paper
339,257,240,3658,paper
347,261,252,3698,paper
438,248,260,3664,paper
341,292,260,3671,paper
351,321,257,3664,paper
344,312,251,3661,paper
362,310,251,3667,paper
343,308,268,3671,paper
348,292,251,3671,paper
348,310,234,3666,paper
344,303,302,3654,paper
340,309,249,3658,paper
342,289,272,3653,paper
365,297,251,3663,paper
369,292,245,3730,paper
330,299,241,3669,paper
339,284,249,3661,paper
347,276,250,3655,paper
347,183,239,3662,paper
343,278,234,3673,paper
357,275,239,3658,paper
349,273,213,3662,paper
343,271,216,3660,paper
346,260,253,3661,paper
348,276,233,3659,paper
324,260,230,3658,paper
346,260,242,3674,paper
336,240,248,3658,paper
338,260,218,3648,paper
320,256,214,3644,paper
339,246,212,3672,paper
337,258,222,3655,paper
354,259,196,3673,paper
345,262,216,3662,paper
342,239,214,3661,paper
338,238,214,3668,paper
340,235,208,3654,paper
349,231,198,3656,paper
343,237,233,3654,paper
355,246,210,3648,paper
327,247,224,3645,paper
336,243,218,3665,paper
344,258,209,3657,paper
323,245,216,3640,paper
329,254,205,3658,paper
343,244,197,3650,paper
349,260,189,3654,paper
342,234,214,3678,paper
331,248,214,3659,paper
346,244,208,3657,paper
337,233,207,3655,paper
357,233,204,3665,paper
344,243,200,3653,paper
343,308,194,3674,paper
356,287,207,3659,paper
359,291,193,3658,paper
349,289,208,3669,paper
349,281,225,3673,paper
301,293,215,3661,paper
339,286,208,3660,paper
324,305,198,3661,paper
319,303,217,3654,paper
434,295,216,3662,paper
342,290,213,3662,paper
332,288,217,3664,paper
342,291,200,3657,paper
369,279,220,3660,paper
337,274,215,3640,paper
345,292,202,3684,paper
347,308,193,3657,paper
344,298,198,3672,paper
339,291,203,3669,paper
360,293,189,3661,paper
346,293,205,3658,paper
344,286,191,3660,paper
337,288,196,3631,paper
336,281,209,3664,paper
334,279,194,3660,paper
337,284,198,3624,paper
343,267,202,3660,paper
345,268,186,3658,paper
342,264,180,3651,paper
348,266,216,3659,paper
343,247,194,3719,paper
338,257,193,3661,paper
338,253,206,3635,paper
344,258,163,3676,paper
343,259,190,3663,paper
340,252,207,3661,paper
349,232,188,3661,paper
357,239,162,3677,paper
345,242,184,3660,paper
343,238,194,3661,paper
325,235,207,3647,paper
342,270,208,3661,paper
338,231,213,3666,paper
346,214,208,3701,paper
352,189,222,3658,paper
370,226,248,3668,paper
346,198,258,3661,paper
336,227,274,3645,paper
345,341,260,3665,paper
345,244,259,3660,paper
350,239,261,3761,paper
348,181,268,3661,paper
351,244,252,3659,paper
337,240,236,3659,paper
366,218,254,3658,paper
354,216,248,3661,paper
325,221,249,3671,paper
339,200,264,3658,paper
333,212,246,3672,paper
340,208,248,3663,paper
345,214,241,3656,paper
354,233,234,3672,paper
345,204,243,3660,paper
332,202,254,3659,paper
343,171,231,3683,paper
345,209,242,3669,paper
327,215,240,3639,paper
340,212,240,3656,paper
345,215,238,3660,paper
368,230,248,3660,paper
357,262,240,3656,paper
344,343,245,3660,paper
337,328,250,3661,paper
342,337,271,3661,paper
353,326,274,3662,paper
342,337,269,3663,paper
340,350,268,3661,paper
346,337,272,3663,paper
334,336,266,3662,paper
342,333,264,3649,paper
345,332,270,3657,paper
346,331,264,3645,paper
344,320,274,3642,paper
361,322,241,3675,paper
346,316,257,3664,paper
348,322,260,3577,paper
338,310,171,3650,paper
327,297,366,3660,paper
350,297,256,3666,paper
344,294,260,3676,paper
347,294,252,3659,paper
341,297,266,3650,paper
347,312,237,3687,paper
349,298,249,3673,paper
345,304,198,3658,paper
344,296,247,3646,paper
345,302,232,3670,paper
345,301,248,3659,paper
345,296,268,3661,paper
341,294,256,3646,paper
344,265,247,3659,paper
365,302,340,3657,paper
349,300,248,3652,paper
355,304,242,3667,paper
274,313,246,3661,paper
339,296,258,3657,paper
354,294,263,3640,paper
353,288,261,3671,paper
343,288,256,3661,paper
354,282,256,3669,paper
349,258,256,3662,paper
351,266,267,3649,paper
349,275,244,3660,paper
353,269,251,3652,paper
349,245,247,3659,paper
326,264,258,3658,paper
351,267,250,3651,paper
348,323,242,3661,paper
358,251,285,3662,paper
351,257,244,3657,paper
350,256,239,3657,paper
343,269,242,3633,paper
354,240,242,3657,paper
347,257,233,3659,paper
372,256,256,3665,paper
344,225,236,3663,paper
347,252,239,3661,paper
332,250,256,3661,paper
343,238,225,3611,paper
346,245,242,3660,paper
355,242,228,3659,paper
339,221,229,3661,paper
340,254,225,3660,paper
359,247,230,3660,paper
344,236,237,3675,paper
349,265,220,3665,paper
436,245,226,3656,paper
348,241,228,3662,paper
337,241,243,3659,paper
339,229,238,3657,paper
341,256,246,3660,paper
345,245,247,3653,paper
345,252,258,3638,paper
337,237,242,3653,paper
343,236,227,3665,paper
351,235,235,3660,paper
354,223,241,3659,paper
319,239,240,3658,paper
345,248,244,3656,paper
355,248,244,3662,paper
354,256,203,3663,paper
332,284,245,3660,paper
342,306,236,3675,paper
349,315,240,3668,paper
347,318,260,3663,paper
343,308,252,3657,paper
353,334,242,3689,paper
351,354,254,3657,paper
341,346,262,3657,paper
343,347,256,3645,paper
322,338,258,3666,paper
336,423,254,3660,paper
342,328,251,3654,paper
333,325,359,3654,paper
354,326,318,3657,paper
341,310,266,3659,paper
342,327,273,3663,paper
339,324,262,3664,paper
329,321,228,3658,paper
347,324,256,3664,paper
354,333,251,3673,paper
331,324,274,3660,paper
341,327,251,3672,paper
343,328,259,3663,paper
343,288,258,3662,paper
328,311,264,3661,paper
348,312,259,3662,paper
342,307,258,3660,paper
325,305,265,3658,paper
260,300,262,3639,paper
338,296,346,3671,paper
342,279,275,3654,paper
354,285,274,3657,paper
232,287,282,3655,paper
338,284,279,3659,paper
341,259,300,3660,paper
334,275,290,3654,paper
325,272,296,3658,paper
325,271,244,3657,paper
339,278,288,3676,paper
339,262,278,3661,paper
319,261,279,3655,paper
338,266,281,3555,paper
275,256,274,3679,paper
342,301,261,3657,paper
346,228,281,3647,paper
326,245,309,3662,paper
238,243,264,3674,paper
353,246,263,3660,paper
338,239,275,3661,paper
243,233,262,3657,paper
327,242,270,3668,paper
350,233,270,3667,paper
339,223,270,3678,paper
337,229,273,3671,paper
355,239,260,3662,paper
339,241,276,3657,paper
336,239,274,3653,paper
339,237,273,3656,paper
408,219,269,3661,paper
344,224,272,3732,paper
337,230,267,3649,paper
342,244,256,3661,paper
342,217,272,3654,paper
347,224,264,3673,paper
344,233,272,3663,paper
318,219,284,3671,paper
345,219,278,3663,paper
341,223,282,3662,paper
323,222,284,3757,paper
353,224,279,3656,paper
340,256,281,3660,paper
356,206,274,3665,paper
347,206,246,3661,paper
322,201,233,3658,paper
340,249,273,3659,paper
299,215,282,3662,paper
341,211,301,3657,paper
331,230,308,3655,paper
336,206,304,3667,paper
338,216,285,3675,paper
331,195,297,3661,paper
323,208,306,3669,paper
343,208,258,3669,paper
334,209,310,3661,paper
336,209,307,3663,paper
340,200,325,3651,paper
335,213,301,3648,paper
338,208,297,3659,paper
339,283,301,3660,paper
333,215,308,3637,paper
340,221,300,3653,paper
321,242,274,3661,paper
341,242,286,3657,paper
337,234,264,3662,paper
341,237,282,3657,paper
341,231,281,3664,paper
336,235,294,3653,paper
336,234,281,3654,paper
338,230,273,3650,paper
339,241,262,3662,paper
319,227,272,3647,paper
339,227,260,3665,paper
352,226,278,3663,paper
340,216,275,3656,paper
305,220,275,3656,paper
334,225,272,3653,paper
359,213,272,3660,paper
325,221,272,3660,paper
385,220,290,3663,paper
332,243,272,3658,paper
342,249,272,3666,paper
337,248,260,3661,paper
341,253,269,3661,paper
338,265,267,3664,paper
340,279,267,3659,paper
322,277,266,3663,paper
328,280,394,3658,paper
340,279,262,3660,paper
332,202,258,3659,paper
340,276,256,3657,paper
331,270,253,3651,paper
336,273,257,3642,paper
338,267,278,3660,paper
340,242,258,3658,paper
340,258,246,3657,paper
328,254,317,3653,paper
338,236,261,3662,paper
343,229,246,3658,paper
323,248,246,3535,paper
318,241,231,3658,paper
345,242,240,3656,paper
341,240,269,3660,paper
323,248,245,3658,paper
340,230,234,3681,paper
341,231,233,3675,paper
319,233,241,3669,paper
346,211,238,3655,paper
341,262,237,3659,paper
340,236,238,3656,paper
334,240,236,3661,paper
349,241,237,3665,paper
343,316,239,3656,paper
342,243,242,3659,paper
398,252,237,3588,paper
344,328,242,3660,paper
340,240,230,3661,paper
351,241,217,3659,paper
342,239,242,3664,paper
342,209,245,3662,paper
344,258,252,3679,paper
336,273,232,3656,paper
344,254,247,3659,paper
341,291,237,3743,paper
349,283,274,3654,paper
341,285,235,3663,paper
349,274,244,3659,paper
342,283,240,3660,paper
340,256,241,3669,paper
351,278,245,3660,paper
336,266,246,3652,paper
342,273,248,3641,paper
344,266,261,3660,paper
341,315,238,3661,paper
342,262,234,3663,paper
342,267,236,3659,paper
342,264,234,3653,paper
344,280,235,3661,paper
342,282,316,3653,paper
335,305,238,3655,paper
336,323,235,3662,paper
338,313,236,3655,paper
343,320,234,3661,paper
342,305,242,3657,paper
343,347,243,3659,paper
329,354,205,3661,paper
344,333,239,3665,paper
329,333,243,3663,paper
343,340,235,3661,paper
345,328,234,3659,paper
359,329,204,3660,paper
346,335,235,3663,paper
346,368,218,3664,paper
345,318,237,3657,paper
345,320,237,3661,paper
345,315,232,3661,paper
352,310,237,3663,paper
350,302,218,3659,paper
344,300,236,3659,paper
342,297,237,3688,paper
345,264,232,3664,paper
349,292,227,3667,paper
343,294,246,3661,paper
332,320,191,3664,paper
343,309,221,3643,paper
340,309,212,3662,paper
333,306,218,3653,paper
322,311,218,3662,paper
352,302,217,3663,paper
342,302,215,3662,paper
338,288,214,3663,paper
344,295,211,3659,paper
340,293,217,3653,paper
341,284,219,3662,paper
338,301,214,3661,paper
379,297,212,3657,paper
338,329,209,3660,paper
338,308,206,3657,paper
338,316,214,3652,paper
336,326,202,3669,paper
343,331,202,3661,paper
354,329,210,3662,paper
343,325,200,3661,paper
342,320,197,3636,paper
356,316,200,3656,paper
343,311,200,3667,paper
339,313,203,3660,paper
349,305,202,3643,paper
340,303,203,3648,paper
338,304,198,3662,paper
341,302,235,3657,paper
352,316,225,3641,paper
344,299,216,3677,paper
342,300,224,3659,paper
326,282,240,3665,paper
354,294,311,3662,paper
385,291,226,3652,paper
343,287,229,3659,paper
355,288,221,3661,paper
354,285,223,3658,paper
334,281,230,3657,paper
341,279,216,3664,paper
340,297,214,3662,paper
350,284,235,3649,paper
315,296,236,3656,paper
348,294,246,3659,paper
335,295,242,3665,paper
340,300,247,3660,paper
343,317,246,3661,paper
290,317,248,3763,paper
338,298,246,3661,paper
341,318,238,3657,paper
347,321,240,3679,paper
339,312,236,3662,paper
341,319,232,3634,paper
349,315,209,3672,paper
342,294,248,3646,paper
339,311,229,3659,paper
342,304,235,3661,paper
339,306,223,3653,paper
343,304,235,3675,paper
338,300,220,3673,paper
338,295,224,3659,paper
342,261,231,3683,paper
314,300,236,3665,paper
350,300,244,3666,paper
334,294,241,3657,paper
341,293,244,3672,paper
335,289,236,3639,paper
338,292,235,3675,paper
338,304,220,3658,paper
326,313,240,3660,paper
339,320,244,3663,paper
337,307,241,3651,paper
358,321,245,3651,paper
334,337,234,3665,paper
340,318,230,3667,paper
333,314,232,3633,paper
332,312,236,3657,paper
338,296,240,3657,paper
338,320,231,3665,paper
338,303,213,3669,paper
338,302,233,3677,paper
339,298,242,3656,paper
335,297,250,3664,paper
346,274,228,3658,paper
335,291,239,3681,paper
338,291,230,3658,paper
338,350,229,3661,paper
335,285,224,3653,paper
354,278,234,3658,paper
337,277,223,3660,paper
360,280,204,3661,paper
331,270,201,3662,paper
338,260,238,3658,paper
348,264,198,3663,paper
342,262,220,3666,paper
335,266,199,3665,paper
339,284,218,3666,paper
322,279,182,3660,paper
335,273,220,3655,paper
338,267,315,3676,paper
333,263,262,3662,paper
338,291,246,3650,paper
332,282,244,3651,paper
336,276,267,3659,paper
296,270,286,3651,paper
337,269,252,3653,paper
336,281,263,3603,paper
335,265,259,3659,paper
336,264,274,3654,paper
336,265,262,3660,paper
330,260,261,3641,paper
320,269,263,3648,paper
336,261,256,3663,paper
331,254,262,3654,paper
340,263,258,3665,paper
341,259,270,3681,paper
336,257,265,3657,paper
329,269,260,3654,paper
334,262,259,3661,paper
337,260,260,3660,paper
330,264,250,3669,paper
329,261,252,3683,paper
331,256,246,3665,paper
333,271,252,3660,paper
332,254,247,3657,paper
421,257,246,3655,paper
354,259,244,3665,paper
333,249,239,3669,paper
336,244,256,3659,paper
447,249,242,3638,paper
335,258,249,3657,paper
334,276,241,3678,paper
333,178,247,3661,paper
330,280,243,3671,paper
332,300,240,3651,paper
340,285,219,3671,paper
318,279,237,3671,paper
335,271,248,3650,paper
330,277,230,3667,paper
333,271,232,3657,paper
332,272,233,3660,paper
332,266,228,3642,paper
347,259,260,3665,paper
323,261,228,3665,paper
330,256,218,3678,paper
312,260,230,3661,paper
334,267,206,3666,paper
335,253,229,3660,paper
335,244,246,3657,paper
339,260,273,3644,paper
332,247,235,3651,paper
326,273,247,3611,paper
333,246,253,3661,paper
368,256,257,3648,paper
331,248,229,3668,paper
333,247,227,3661,paper
317,250,253,3668,paper
333,257,246,3669,paper
339,240,253,3665,paper
332,241,229,3659,paper
338,246,251,3659,paper
345,240,246,3658,paper
326,247,250,3649,paper
332,237,244,3666,paper
333,234,240,3659,paper
328,233,240,3654,paper
331,240,240,3653,paper
327,227,274,3649,paper
325,224,231,3647,paper
335,227,236,3656,paper
331,257,232,3656,paper
331,249,228,3663,paper
326,253,229,3663,paper
330,243,247,3659,paper
334,256,228,3653,paper
332,263,229,3659,paper
332,275,228,3661,paper
336,278,224,3656,paper
337,292,234,3660,paper
355,278,236,3665,paper
336,277,224,3651,paper
324,281,221,3673,paper
334,276,212,3668,paper
338,274,212,3666,paper
335,282,220,3622,paper
345,286,282,3661,paper
333,292,226,3658,paper
336,292,234,3665,paper
329,282,260,3645,paper
318,303,251,3655,paper
334,304,271,3635,paper
330,296,256,3636,paper
335,301,235,3669,paper
336,288,262,3680,paper
335,285,248,3637,paper
345,275,245,3712,paper
342,281,252,3654,paper
334,275,228,3654,paper
339,325,247,3657,paper
306,281,250,3663,paper
429,271,240,3656,paper
334,261,259,3655,paper
334,279,238,3660,paper
333,257,233,3670,paper
336,262,222,3683,paper
335,257,236,3661,paper
314,266,219,3661,paper
337,254,237,3661,paper
334,256,239,3615,paper
338,262,229,3633,paper
332,272,233,3653,paper
330,264,245,3651,paper
336,257,242,3658,paper
346,232,258,3660,paper
337,259,254,3657,paper
336,265,259,3660,paper
340,262,279,3658,paper
409,262,276,3655,paper
337,246,274,3641,paper
337,253,257,3663,paper
341,250,301,3656,paper
382,251,289,3657,paper
338,250,282,3659,paper
338,252,290,3660,paper
334,372,277,3662,paper
337,262,286,3655,paper
334,266,279,3654,paper
338,257,277,3659,paper
333,254,273,3669,paper
334,258,272,3664,paper
340,256,256,3663,paper
349,241,275,3661,paper
337,236,272,3648,paper
339,252,267,3655,paper
338,247,270,3658,paper
337,235,278,3660,paper
352,241,288,3659,paper
330,231,335,3651,paper
343,212,326,3650,paper
337,227,340,3671,paper
332,222,340,3675,paper
336,237,348,3659,paper
342,245,374,3659,paper
337,245,390,3670,paper
333,224,380,3674,paper
351,243,377,3660,paper
335,248,370,3670,paper
337,271,366,3656,paper
337,273,367,3644,paper
349,284,363,3663,paper
336,283,364,3660,paper
338,290,371,3669,paper
344,289,334,3655,paper
315,310,350,3660,paper
338,312,346,3633,paper
333,295,344,3654,paper
335,304,337,3662,paper
355,304,337,3659,paper
319,310,320,3657,paper
346,291,390,3678,paper
341,289,329,3651,paper
339,311,325,3658,paper
332,288,334,3590,paper
327,279,334,3659,paper
334,281,349,3651,paper
333,274,332,3658,paper
332,298,328,3658,paper
338,272,328,3671,paper
338,277,332,3661,paper
334,271,374,3642,paper
336,269,312,3659,paper
337,265,349,3658,paper
337,261,367,3675,paper
337,259,374,3572,paper
333,268,371,3657,paper
332,258,384,3664,paper
326,263,392,3669,paper
329,268,400,3636,paper
326,262,394,3661,paper
339,269,371,3655,paper
322,267,399,3658,paper
336,268,389,3662,paper
336,284,396,3692,paper
353,267,369,3654,paper
336,250,384,3711,paper
335,266,378,3660,paper
339,266,373,3661,paper
335,235,386,3664,paper
338,259,370,3662,paper
338,265,370,3691,paper
339,257,378,3661,paper
333,252,371,3662,paper
338,252,361,3657,paper
340,262,359,3661,paper
335,260,363,3655,paper
328,261,367,3647,paper
338,256,361,3660,paper
336,257,382,3650,paper
333,250,337,3659,paper
339,233,352,3643,paper
332,260,352,3634,paper
332,269,353,3643,paper
339,261,352,3681,paper
336,269,352,3665,paper
343,269,347,3659,paper
324,273,353,3661,paper
340,290,338,3670,paper
333,302,331,3664,paper
339,284,331,3654,paper
333,283,349,3659,paper
334,277,340,3657,paper
341,293,334,3616,paper
329,292,326,3662,paper
348,296,332,3687,paper
334,284,328,3657,paper
339,291,328,3680,paper
349,278,327,3665,paper
329,278,322,3652,paper
314,288,332,3662,paper
346,274,388,3675,paper
335,274,331,3568,paper
323,297,315,3649,paper
326,273,328,3640,paper
347,266,320,3655,paper
334,245,322,3647,paper
341,280,307,3665,paper
337,259,305,3652,paper
327,265,328,3657,paper
319,259,373,3653,paper
324,267,379,3650,paper
335,268,311,3659,paper
328,286,334,3644,paper
331,277,310,3637,paper
336,276,361,3644,paper
328,272,313,3643,paper
341,245,309,3711,paper
242,256,313,3674,paper
319,262,269,3657,paper
335,265,308,3670,paper
334,272,310,3656,paper
337,244,312,3660,paper
335,269,308,3662,paper
346,268,304,3676,paper
335,256,312,3661,paper
338,266,304,3660,paper
334,243,312,3662,paper
330,247,322,3657,paper
336,249,304,3660,paper
336,247,296,3680,paper
336,243,293,3660,paper
335,258,294,3687,paper
357,256,281,3661,paper
334,247,296,3656,paper
339,257,279,3657,paper
334,259,291,3661,paper
347,245,288,3670,paper
326,272,306,3663,paper
336,242,286,3667,paper
332,225,289,3662,paper
333,235,266,3672,paper
329,244,312,3649,paper
327,241,299,3667,paper
339,232,302,3636,paper
336,230,296,3683,paper
330,187,295,3662,paper
333,225,300,3665,paper
331,219,292,3660,paper
331,219,239,3666,paper
330,199,294,3649,paper
309,217,288,3661,paper
331,228,301,3639,paper
342,236,276,3661,paper
331,241,283,3662,paper
227,254,279,3654,paper
337,280,284,3659,paper
343,283,275,3661,paper
333,286,278,3663,paper
332,290,265,3674,paper
332,308,293,3635,paper
332,330,288,3671,paper
326,336,280,3655,paper
329,338,290,3639,paper
324,346,278,3676,paper
326,325,281,3679,paper
334,319,285,3617,paper
327,321,301,3664,paper
333,313,284,3675,paper
312,318,295,3649,paper
337,308,284,3665,paper
338,314,292,3648,paper
325,314,271,3663,paper
333,296,274,3651,paper
332,264,270,3684,paper
310,283,278,3659,paper
332,288,257,3661,paper
333,284,266,3678,paper
310,288,272,3646,paper
313,280,281,3657,paper
334,286,262,3657,paper
332,280,294,3662,paper
339,274,275,3679,paper
332,273,289,3663,paper
333,271,300,3657,paper
339,264,309,3662,paper
441,261,300,3647,paper
345,258,291,3658,paper
316,254,300,3684,paper
351,258,303,3678,paper
332,163,292,3665,paper
328,250,285,3638,paper
332,248,302,3657,paper
412,244,284,3677,paper
330,241,291,3679,paper
247,250,272,3661,paper
331,240,279,3671,paper
329,238,274,3664,paper
356,234,282,3648,paper
325,222,285,3673,paper
325,242,283,3662,paper
328,252,261,3668,paper
333,244,304,3636,paper
332,264,296,3666,paper
332,289,288,3662,paper
334,313,286,3636,paper
330,298,288,3639,paper
326,294,296,3655,paper
330,309,292,3662,paper
353,314,288,3660,paper
332,311,280,3658,paper
332,322,271,3648,paper
332,334,284,3661,paper
332,351,280,3672,paper
341,314,286,3705,paper
329,329,267,3668,paper
332,321,285,3676,paper
328,341,293,3664,paper
336,298,299,3714,paper
331,326,306,3644,paper
311,301,297,3647,paper
321,314,282,3656,paper
324,305,312,3659,paper
334,346,290,3659,paper
330,308,286,3665,paper
293,295,275,3629,paper
331,307,288,3666,paper
334,299,293,3669,paper
344,331,294,3642,paper
332,309,296,3657,paper
334,308,317,3658,paper
331,294,320,3652,paper
344,323,301,3644,paper
339,295,312,3673,paper
333,291,303,3660,paper
324,274,314,3665,paper
335,286,329,3658,paper
331,285,312,3660,paper
333,282,319,3657,paper
272,276,326,3663,paper
331,274,331,3661,paper
335,274,331,3660,paper
420,272,328,3664,paper
355,276,323,3675,paper
320,296,314,3662,paper
336,288,315,3720,paper
333,272,322,3664,paper
329,270,310,3667,paper
345,264,317,3655,paper
320,256,326,3661,paper
331,261,311,3661,paper
325,292,323,3640,paper
335,306,315,3671,paper
349,312,308,3664,paper
337,312,320,3661,paper
320,320,320,3661,paper
311,348,245,3657,paper
337,320,331,3659,paper
332,343,341,3652,paper
340,358,353,3656,paper
332,355,326,3655,paper
336,345,345,3656,paper
336,362,337,3660,paper
336,380,327,3659,paper
330,382,331,3661,paper
340,374,340,3672,paper
347,368,363,3679,paper
328,382,355,3647,paper
337,373,328,3661,paper
346,368,384,3663,paper
332,353,322,3674,paper
324,357,325,3663,paper
334,353,325,3656,paper
333,442,321,3661,paper
340,345,319,3666,paper
323,342,314,3657,paper
346,351,314,3658,paper
339,335,320,3661,paper
328,333,338,3661,paper
333,336,314,3659,paper
334,323,313,3706,paper
335,410,293,3656,paper
299,318,314,3653,paper
334,325,312,3547,paper
331,317,259,3648,paper
330,310,301,3661,paper
333,310,303,3676,paper
332,305,288,3656,paper
256,311,294,3661,paper
317,296,430,3663,paper
375,285,308,3655,paper
337,283,309,3661,paper
333,288,288,3659,paper
334,291,292,3661,paper
332,280,286,3676,paper
332,271,284,3652,paper
329,293,264,3667,paper
334,286,287,3662,paper
309,287,277,3663,paper
336,276,300,3639,paper
332,288,284,3661,paper
343,290,277,3671,paper
357,274,286,3664,paper
311,296,292,3661,paper
322,299,271,3674,paper
331,298,297,3661,paper
355,290,306,3658,paper
330,292,322,3661,paper
334,293,331,3658,paper
336,299,298,3671,paper
347,271,320,3666,paper
339,299,311,3648,paper
307,313,304,3653,paper
354,309,293,3660,paper
333,332,285,3661,paper
339,302,297,3660,paper
329,303,302,3664,paper
339,312,292,3651,paper
333,293,310,3662,paper
335,312,286,3658,paper
328,338,288,3661,paper
333,344,283,3661,paper
329,343,278,3666,paper
334,338,292,3661,paper
335,330,257,3663,paper
337,328,266,3662,paper
349,325,160,3663,paper
326,327,305,3660,paper
336,307,281,3663,paper
343,313,280,3676,paper
327,315,298,3650,paper
336,305,269,3660,paper
332,308,264,3672,paper
341,298,269,3663,paper
327,278,265,3664,paper
334,233,264,3659,paper
327,284,266,3657,paper
339,256,250,3657,paper
338,280,259,3666,paper
331,274,265,3654,paper
334,269,259,3593,paper
365,285,258,3686,paper
338,256,278,3658,paper
332,268,196,3677,paper
310,253,276,3644,paper
338,264,242,3662,paper
345,258,260,3659,paper
345,258,268,3663,paper
310,261,268,3646,paper
342,260,230,3660,paper
329,257,263,3661,paper
328,254,271,3662,paper
341,242,271,3664,paper
328,260,249,3659,paper
327,260,237,3663,paper
321,280,268,3662,paper
313,263,296,3662,paper
336,250,250,3665,paper
330,256,239,3661,paper
316,246,214,3661,paper
336,263,250,3656,paper
321,203,248,3655,paper
325,231,245,3685,paper
315,244,207,3664,paper
327,250,225,3660,paper
325,295,250,3665,paper
351,266,251,3658,paper
336,276,258,3657,paper
328,271,264,3645,paper
330,304,237,3657,paper
339,285,275,3661,paper
396,292,271,3661,paper
328,287,272,3663,paper
334,285,268,3660,paper
327,280,262,3668,paper
321,267,264,3637,paper
337,274,265,3577,paper
313,256,264,3664,paper
332,265,265,3659,paper
328,263,263,3662,paper
308,265,262,3668,paper
341,251,270,3689,paper
318,272,256,3658,paper
332,253,252,3661,paper
308,261,254,3667,paper
331,249,270,3652,paper
325,262,272,3655,paper
329,257,264,3695,paper
328,265,281,3661,paper
313,271,266,3661,paper
332,269,256,3655,paper
328,269,258,3668,paper
324,278,261,3656,paper
330,284,256,3637,paper
344,302,254,3677,paper
326,302,261,3662,paper
331,325,242,3663,paper
329,297,236,3662,paper
338,278,249,3698,paper
328,303,245,3660,paper
315,284,253,3658,paper
329,283,248,3660,paper
386,280,243,3657,paper
330,278,224,3669,paper
305,272,259,3658,paper
337,279,234,3667,paper
323,268,224,3669,paper
221,265,240,3652,paper
325,262,243,3663,paper
312,262,239,3649,paper
331,272,235,3668,paper
329,264,232,3635,paper
340,273,244,3633,paper
328,261,254,3668,paper
326,251,256,3663,paper
404,282,256,3672,paper
288,279,256,3663,paper
328,292,238,3662,paper
332,215,253,3654,paper
322,287,253,3659,paper
326,287,251,3665,paper
308,298,256,3660,paper
328,282,235,3662,paper
321,277,147,3661,paper
328,272,256,3663,paper
337,251,254,3658,paper
348,269,251,3659,paper
307,265,250,3664,paper
328,244,275,3663,paper
327,251,261,3663,paper
328,251,258,3661,paper
334,253,251,3672,paper
302,247,279,3647,paper
322,252,235,3658,paper
330,246,252,3645,paper
326,234,256,3738,paper
337,241,254,3664,paper
328,243,257,3662,paper
325,243,266,3635,paper
324,230,253,3668,paper
319,243,253,3649,paper
346,230,251,3661,paper
324,240,229,3665,paper
325,237,249,3672,paper
334,224,254,3677,paper
326,233,249,3649,paper
328,228,230,3674,paper
326,225,250,3661,paper
337,228,242,3661,paper
326,224,237,3658,paper
328,225,237,3673,paper
367,246,247,3695,paper
332,244,240,3675,paper
332,241,234,3688,paper
343,226,247,3657,paper
324,233,238,3658,paper
329,246,217,3662,paper
346,246,233,3653,paper
329,237,231,3732,paper
332,252,235,3660,paper
341,253,221,3649,paper
317,273,232,3650,paper
333,254,241,3665,paper
331,244,238,3636,paper
365,244,239,3664,paper
323,259,228,3657,paper
334,238,236,3660,paper
323,227,280,3650,paper
329,231,219,3617,paper
337,230,239,3675,paper
328,236,235,3647,paper
343,223,236,3655,paper
311,232,215,3661,paper
354,224,232,3671,paper
332,219,227,3661,paper
325,244,221,3647,paper
333,224,220,3662,paper
337,217,218,3661,paper
307,214,232,3662,paper
330,208,248,3656,paper
317,212,234,3669,paper
336,211,233,3652,paper
343,213,243,3645,paper
308,213,230,3645,paper
330,219,256,3650,paper
328,220,231,3663,paper
344,209,321,3659,paper
361,216,236,3636,paper
334,222,236,3659,paper
341,205,256,3669,paper
356,229,248,3657,paper
335,244,263,3659,paper
324,240,269,3659,paper
330,269,238,3659,paper
349,254,256,3657,paper
336,233,270,3661,paper
288,267,269,3661,paper
333,275,261,3665,paper
328,269,311,3654,paper
350,272,261,3665,paper
319,270,268,3662,paper
337,264,277,3679,paper
342,269,268,3656,paper
334,256,263,3657,paper
336,296,276,3658,paper
332,254,283,3679,paper
325,276,262,3663,paper
300,259,275,3654,paper
334,256,272,3662,paper
329,278,275,3664,paper
344,285,260,3659,paper
335,180,265,3664,paper
335,283,281,3654,paper
324,316,268,3659,paper
330,390,264,3665,paper
335,221,258,3663,paper
335,307,243,3663,paper
335,314,256,3659,paper
349,307,256,3659,paper
331,311,256,3664,paper
335,308,272,3665,paper
329,299,254,3645,paper
339,315,252,3657,paper
326,290,264,3664,paper
337,282,265,3650,paper
336,366,249,3663,paper
331,263,250,3660,paper
347,279,245,3650,paper
332,288,240,3664,paper
331,185,240,3661,paper
332,282,258,3653,paper
315,293,238,3659,paper
346,290,237,3663,paper
336,284,227,3677,paper
340,284,175,3665,paper
324,296,228,3662,paper
322,285,228,3663,paper
329,284,225,3658,paper
337,270,218,3658,paper
333,263,223,3662,paper
337,283,225,3656,paper
336,256,235,3653,paper
339,261,225,3659,paper
324,277,225,3654,paper
335,268,237,3650,paper
337,266,260,3652,paper
334,262,238,3660,paper
336,263,245,3660,paper
334,325,274,3662,paper
353,250,259,3662,paper
348,256,186,3662,paper
336,253,264,3660,paper
333,236,273,3674,paper
336,250,268,3642,paper
337,250,288,3659,paper
338,249,274,3646,paper
337,249,281,3660,paper
333,240,200,3664,paper
337,240,287,3648,paper
292,237,272,3657,paper
336,225,294,3653,paper
335,234,262,3659,paper
331,228,317,3661,paper
320,234,275,3660,paper
308,249,288,3663,paper
335,256,299,3683,paper
333,261,289,3659,paper
338,264,288,3657,paper
329,301,284,3665,paper
334,287,280,3668,paper
330,282,299,3662,paper
336,290,246,3659,paper
337,296,258,3662,paper
321,292,275,3674,paper
338,280,273,3657,paper
336,292,273,3664,paper
335,305,288,3667,paper
359,310,269,3659,paper
337,314,265,3661,paper
338,316,264,3661,paper
332,314,304,3658,paper
339,310,273,3679,paper
337,287,276,3660,paper
328,317,286,3659,paper
324,327,293,3657,paper
338,307,302,3666,paper
400,299,315,3663,paper
346,298,315,3586,paper
336,304,307,3662,paper
344,290,329,3667,paper
337,303,340,3659,paper
366,297,356,3660,paper
335,282,354,3661,paper
334,280,350,3665,paper
340,277,370,3657,paper
338,280,366,3657,paper
339,274,376,3655,paper
336,271,366,3663,paper
339,272,390,3665,paper
264,269,389,3676,paper
318,264,395,3669,paper
336,262,341,3674,paper
335,257,391,3656,paper
377,263,385,3657,paper
336,276,384,3663,paper
343,325,379,3673,paper
374,288,388,3664,paper
340,290,387,3658,paper
339,318,405,3663,paper
354,317,375,3689,paper
342,331,396,3677,paper
337,326,388,3679,paper
335,324,398,3667,paper
307,333,395,3654,paper
337,341,384,3659,paper
332,347,389,3670,paper
349,341,381,3665,paper
337,337,362,3659,paper
338,338,389,3661,paper
341,338,377,3653,paper
336,392,369,3658,paper
342,331,368,3661,paper
331,328,370,3642,paper
332,329,367,3637,paper
338,327,372,3661,paper
336,321,345,3676,paper
336,318,364,3660,paper
335,265,374,3658,paper
338,352,383,3657,paper
352,369,368,3659,paper
337,351,363,3661,paper
334,368,363,3669,paper
336,386,343,3662,paper
336,408,353,3661,paper
319,400,335,3661,paper
339,398,367,3661,paper
342,390,330,3655,paper
339,401,336,3658,paper
328,403,337,3657,paper
337,399,349,3649,paper
340,384,346,3664,paper
344,380,357,3658,paper
241,388,325,3652,paper
327,399,318,3650,paper
338,458,318,3655,paper
336,387,320,3657,paper
328,386,318,3653,paper
332,396,304,3691,paper
340,378,290,3660,paper
377,378,309,3656,paper
339,375,321,3659,paper
323,379,308,3665,paper
333,377,293,3673,paper
337,362,296,3661,paper
334,353,277,3662,paper
336,353,298,3665,paper
310,350,292,3662,paper
334,341,284,3680,paper
332,323,287,3713,paper
334,340,292,3660,paper
314,330,287,3669,paper
332,326,282,3660,paper
332,322,280,3664,paper
262,317,277,3671,paper
333,337,270,3659,paper
334,314,283,3660,paper
317,305,291,3660,paper
331,306,294,3669,paper
338,320,290,3666,paper
333,329,320,3651,paper
352,328,292,3668,paper
330,330,301,3656,paper
328,332,302,3663,paper
331,327,307,3661,paper
347,322,299,3663,paper
339,321,299,3661,paper
329,321,299,3666,paper
331,305,304,3651,paper
344,303,302,3658,paper
311,311,285,3658,paper
326,306,298,3668,paper
407,307,294,3659,paper
323,307,292,3659,paper
327,322,279,3661,paper
332,311,285,3661,paper
335,314,287,3674,paper
343,305,292,3663,paper
418,331,281,3637,paper
317,333,272,3661,paper
333,324,282,3682,paper
330,318,276,3660,paper
330,329,277,3661,paper
328,334,269,3659,paper
331,338,247,3662,paper
323,340,274,3656,paper
334,332,261,3660,paper
328,328,264,3663,paper
328,341,254,3661,paper
324,330,232,3644,paper
332,317,264,3671,paper
333,316,263,3658,paper
330,323,260,3658,paper
348,317,262,3659,paper
330,321,264,3663,paper
338,310,267,3663,paper
329,316,268,3672,paper
327,302,253,3659,paper
320,314,266,3679,paper
337,301,261,3658,paper
330,300,257,3654,paper
328,276,273,3663,paper
309,289,304,3662,paper
330,288,256,3669,paper
328,286,253,3659,paper
324,267,254,3672,paper
328,289,247,3663,paper
330,275,251,3640,paper
328,265,248,3661,paper
333,258,244,3712,paper
323,268,243,3663,paper
330,268,242,3661,paper
328,279,257,3611,paper
329,278,252,3657,paper
330,300,248,3664,paper
330,312,248,3657,paper
328,305,241,3682,paper
328,296,259,3655,paper
328,298,261,3664,paper
328,285,260,3654,paper
346,293,141,3656,paper
316,288,239,3658,paper
331,280,237,3658,paper
331,293,227,3655,paper
329,280,218,3661,paper
330,279,238,3659,paper
340,283,216,3673,paper
335,295,231,3659,paper
328,283,231,3658,paper
329,276,245,3676,paper
336,273,292,3650,paper
334,289,226,3649,paper
330,273,235,3652,paper
329,265,232,3660,paper
311,268,240,3662,paper
327,261,249,3661,paper
331,260,233,3660,paper
329,256,226,3663,paper
334,253,245,3651,paper
321,264,234,3651,paper
351,278,236,3657,paper
306,264,260,3625,paper
330,272,247,3632,paper
321,283,244,3639,paper
330,270,247,3656,paper
333,265,253,3657,paper
323,246,258,3665,paper
331,262,256,3655,paper
328,260,244,3660,paper
338,262,259,3661,paper
330,274,259,3663,paper
330,281,256,3661,paper
331,280,257,3664,paper
335,278,264,3674,paper
324,285,264,3655,paper
334,267,272,3667,paper
226,282,262,3676,paper
328,272,259,3662,paper
331,274,250,3661,paper
329,276,252,3659,paper
315,283,254,3658,paper
329,252,256,3669,paper
331,268,252,3657,paper
331,379,250,3656,paper
328,284,251,3653,paper
327,265,262,3658,paper
340,260,250,3658,paper
338,257,236,3661,paper
332,268,235,3674,paper
335,250,244,3667,paper
323,251,240,3668,paper
328,248,243,3640,paper
328,257,228,3674,paper
260,242,236,3678,paper
352,235,230,3657,paper
328,242,222,3662,paper
331,243,226,3656,paper
333,254,228,3659,paper
333,233,234,3656,paper
329,250,230,3642,paper
342,236,221,3668,paper
330,270,241,3659,paper
331,295,252,3657,paper
334,287,242,3670,paper
312,301,253,3658,paper
329,303,256,3666,paper
332,296,272,3659,paper
328,270,256,3660,paper
335,318,271,3677,paper
350,306,281,3660,paper
334,323,301,3667,paper
326,322,296,3662,paper
331,310,293,3657,paper
329,319,302,3659,paper
335,327,301,3649,paper
338,343,275,3658,paper
333,336,290,3658,paper
325,327,289,3732,paper
330,342,284,3661,paper
331,339,284,3660,paper
329,342,282,3662,paper
333,341,282,3661,paper
328,357,277,3661,paper
330,364,290,3650,paper
331,357,288,3661,paper
331,355,284,3680,paper
343,352,293,3668,paper
321,350,279,3659,paper
310,344,286,3665,paper
329,340,292,3668,paper
331,337,296,3662,paper
330,330,292,3657,paper
332,334,281,3721,paper
331,321,285,3663,paper
328,320,299,3657,paper
320,314,275,3660,paper
328,309,268,3677,paper
329,311,277,3655,paper
327,302,276,3662,paper
328,302,278,3661,paper
329,297,272,3661,paper
334,292,275,3650,paper
321,284,290,3654,paper
330,299,272,3662,paper
334,285,289,3647,paper
333,261,312,3662,paper
331,281,315,3660,paper
322,289,328,3662,paper
338,290,296,3657,paper
329,276,308,3658,paper
345,267,284,3658,paper
331,266,319,3662,paper
345,272,318,3656,paper
329,273,316,3660,paper
323,268,327,3639,paper
331,264,329,3636,paper
328,212,302,3661,paper
331,256,316,3677,paper
331,253,312,3658,paper
317,270,307,3657,paper
341,241,305,3667,paper
328,228,308,3651,paper
328,256,304,3664,paper
333,261,296,3653,paper
388,267,291,3656,paper
341,281,292,3663,paper
318,285,289,3659,paper
326,285,300,3662,paper
343,313,281,3676,paper
329,280,286,3663,paper
328,332,262,3656,paper
294,281,280,3654,paper
332,304,269,3644,paper
345,274,276,3659,paper
344,279,288,3663,paper
334,266,284,3660,paper
330,273,280,3667,paper
338,280,283,3641,paper
315,293,276,3668,paper
340,302,268,3671,paper
337,288,294,3662,paper
342,296,313,3656,paper
346,295,299,3673,paper
335,305,224,3677,paper
332,309,301,3652,paper
333,303,304,3664,paper
331,299,302,3661,paper
320,298,302,3653,paper
328,295,309,3639,paper
333,276,302,3657,paper
337,287,244,3669,paper
332,286,295,3661,paper
312,281,360,3663,paper
336,277,286,3668,paper
330,277,289,3657,paper
337,270,284,3641,paper
321,265,284,3651,paper
324,265,279,3644,paper
329,264,283,3661,paper
315,272,267,3663,paper
342,259,274,3661,paper
329,257,256,3677,paper
322,259,176,3648,paper
344,250,267,3662,paper
338,247,270,3651,paper
330,242,276,3661,paper
315,238,268,3662,paper
326,234,272,3662,paper
333,256,264,3647,paper
326,288,263,3665,paper
329,227,273,3653,paper
319,221,273,3645,paper
334,240,260,3672,paper
326,246,263,3657,paper
329,256,269,3660,paper
330,267,257,3676,paper
333,260,266,3657,paper
328,273,261,3660,paper
352,293,283,3668,paper
329,272,276,3640,paper
331,267,275,3663,paper
327,267,269,3665,paper
339,259,283,3657,paper
332,265,264,3652,paper
330,259,262,3661,paper
334,272,258,3677,paper
325,245,278,3659,paper
344,256,259,3662,paper
328,249,259,3671,paper
347,256,259,3660,paper
328,240,265,3664,paper
331,244,249,3652,paper
323,251,151,3650,paper
331,240,258,3658,paper
333,218,270,3664,paper
365,236,251,3654,paper
325,246,247,3660,paper
233,221,245,3541,paper
370,228,257,3666,paper
330,280,257,3663,paper
332,240,280,3657,paper
331,200,286,3660,paper
332,233,278,3656,paper
330,232,296,3657,paper
336,246,284,3667,paper
332,253,295,3656,paper
330,246,304,3656,paper
325,251,297,3656,paper
333,244,286,3684,paper
330,252,289,3658,paper
329,257,292,3677,paper
328,262,300,3637,paper
309,266,292,3661,paper
330,271,282,3664,paper
331,271,288,3652,paper
328,273,280,3651,paper
335,275,272,3659,paper
334,292,284,3653,paper
329,296,283,3659,paper
333,306,262,3667,paper
330,292,277,3661,paper
326,303,196,3652,paper
323,292,276,3664,paper
326,296,274,3652,paper
331,298,271,3637,paper
346,280,329,3678,paper
346,287,268,3661,paper
348,286,272,3661,paper
340,289,272,3649,paper
334,281,262,3673,paper
333,281,266,3655,paper
345,290,262,3659,paper
333,258,266,3662,paper
350,272,314,3660,paper
347,267,263,3664,paper
325,265,263,3667,paper
340,273,247,3663,paper
335,281,278,3659,paper
333,281,258,3662,paper
347,288,211,3680,paper
332,272,277,3664,paper
337,289,296,3654,paper
351,278,298,3748,paper
320,280,303,3641,paper
332,281,288,3662,paper
322,270,314,3656,paper
332,278,285,3653,paper
315,268,286,3659,paper
332,275,275,3650,paper
330,277,294,3654,paper
330,294,298,3664,paper
335,303,279,3655,paper
345,299,288,3659,paper
333,308,277,3662,paper
330,319,266,3674,paper
333,300,270,3638,paper
331,289,276,3589,paper
331,288,270,3663,paper
315,289,270,3669,paper
325,275,277,3621,paper
329,290,264,3645,paper
333,281,279,3801,paper
332,304,284,3664,paper
333,292,279,3723,paper
332,278,284,3670,paper
327,288,275,3654,paper
316,272,284,3660,paper
329,266,272,3663,paper
354,281,274,3661,paper
330,268,272,3657,paper
336,264,265,3660,paper
329,272,277,3642,paper
329,256,274,3641,paper
336,278,248,3660,paper
330,258,248,3655,paper
323,272,261,3644,paper
329,265,270,3667,paper
331,261,270,3661,paper
330,257,251,3666,paper
332,258,247,3655,paper
322,250,268,3639,paper
342,256,227,3661,paper
366,252,250,3659,paper
329,244,242,3638,paper
329,247,248,3675,paper
328,237,245,3656,paper
322,246,259,3661,paper
330,245,313,3658,paper
327,266,250,3655,paper
353,262,252,3657,paper
326,264,248,3656,paper
338,262,257,3656,paper
338,257,259,3658,paper
332,254,264,3675,paper
334,186,266,3653,paper
321,250,257,3663,paper
330,249,256,3665,paper
346,246,252,3664,paper
333,251,248,3662,paper
326,256,235,3626,paper
312,265,238,3652,paper
334,260,252,3674,paper
313,262,243,3662,paper
334,249,256,3664,paper
329,256,247,3659,paper
327,244,246,3656,paper
245,229,243,3562,paper
334,278,248,3663,paper
337,217,246,3659,paper
331,231,243,3669,paper
324,235,236,3656,paper
323,254,237,3661,paper
344,228,236,3665,paper
348,263,225,3676,paper
325,226,242,3646,paper
334,222,227,3676,paper
332,209,234,3681,paper
331,221,217,3665,paper
331,230,232,3663,paper
331,235,238,3655,paper
333,239,256,3657,paper
327,221,249,3685,paper
338,226,269,3651,paper
328,234,253,3669,paper
332,233,282,3649,paper
328,218,285,3666,paper
331,222,300,3657,paper
333,222,280,3660,paper
328,244,280,3662,paper
331,210,290,3655,paper
337,216,287,3666,paper
333,218,303,3657,paper
309,227,295,3660,paper
333,245,278,3673,paper
329,240,270,3658,paper
330,248,267,3663,paper
330,259,271,3661,paper
327,259,271,3654,paper
332,273,258,3664,paper
329,274,265,3654,paper
308,301,263,3660,paper
330,288,263,3655,paper
334,268,274,3649,paper
323,285,258,3666,paper
331,284,269,3674,paper
344,281,222,3679,paper
317,270,265,3661,paper
348,274,251,3660,paper
326,282,252,3662,paper
327,248,249,3661,paper
323,283,258,3662,paper
332,280,259,3665,paper
332,300,260,3659,paper
331,266,262,3733,paper
329,273,266,3663,paper
333,288,257,3669,paper
325,330,278,3665,paper
329,280,250,3660,paper
325,256,258,3673,paper
334,256,267,3645,paper
347,264,230,3661,paper
345,259,250,3661,paper
332,257,250,3649,paper
331,312,275,3663,paper
332,263,246,3656,paper
329,258,240,3664,paper
329,252,248,3668,paper
337,273,252,3661,paper
318,258,250,3670,paper
334,257,247,3665,paper
331,243,263,3660,paper
347,248,247,3665,paper
338,247,229,3659,paper
290,252,248,3659,paper
333,250,265,3655,paper
331,241,249,3664,paper
332,237,248,3662,paper
335,235,236,3688,paper
336,317,244,3659,paper
324,229,264,3661,paper
353,247,257,3760,paper
330,238,250,3664,paper
324,226,260,3661,paper
326,240,259,3662,paper
330,247,249,3644,paper
340,250,248,3661,paper
328,272,264,3653,paper
330,276,234,3673,paper
338,304,235,3664,paper
331,268,263,3651,paper
342,263,243,3660,paper
344,280,251,3657,paper
327,288,227,3666,paper
329,288,233,3660,paper
327,290,236,3660,paper
330,282,256,3652,paper
346,298,238,3659,paper
330,285,237,3666,paper
328,313,240,3656,paper
308,294,239,3662,paper
323,306,241,3658,paper
397,296,246,3665,paper
332,272,269,3660,paper
311,293,264,3661,paper
336,279,262,3652,paper
329,285,262,3661,paper
334,284,166,3666,paper
324,283,265,3653,paper
328,295,256,3676,paper
343,286,312,3675,paper
318,301,394,3662,paper
393,314,272,3716,paper
328,297,291,3661,paper
338,284,310,3663,paper
328,269,310,3667,paper
336,292,312,3662,paper
337,282,306,3660,paper
341,262,322,3665,paper
307,276,311,3658,paper
337,290,312,3668,paper
328,293,254,3660,paper
330,304,353,3655,paper
326,287,323,3678,paper
311,298,321,3637,paper
337,305,321,3662,paper
328,232,330,3663,paper
327,286,310,3663,paper
308,287,314,3644,paper
329,292,301,3661,paper
324,274,309,3660,paper
325,288,312,3663,paper
317,304,301,3661,paper
338,315,294,3674,paper
316,296,297,3656,paper
329,292,295,3659,paper
340,288,290,3670,paper
336,290,292,3691,paper
343,277,293,3685,paper
316,274,305,3657,paper
324,291,319,3646,paper
321,283,314,3678,paper
331,284,316,3658,paper
316,274,332,3663,paper
330,277,330,3656,paper
326,278,332,3661,paper
337,253,332,3660,paper
326,264,344,3654,paper
323,246,333,3655,paper
325,280,344,3590,paper
322,288,349,3658,paper
333,279,355,3644,paper
312,297,362,3659,paper
330,329,345,3627,paper
332,314,357,3660,paper
325,311,342,3655,paper
332,309,340,3656,paper
325,297,346,3664,paper
329,302,335,3676,paper
342,283,346,3647,paper
346,305,349,3661,paper
330,310,332,3659,paper
325,292,351,3659,paper
338,282,342,3649,paper
330,302,322,3662,paper
333,310,320,3663,paper
293,318,311,3657,paper
320,297,320,3621,paper
349,307,320,3655,paper
354,297,307,3659,paper
318,308,332,3661,paper
324,305,308,3661,paper
327,304,322,3662,paper
268,313,303,3659,paper
335,296,301,3663,paper
317,297,296,3659,paper
337,300,297,3642,paper
341,285,280,3665,paper
348,284,375,3658,paper
339,280,290,3655,paper
337,272,262,3662,paper
332,274,285,3660,paper
328,207,287,3660,paper
324,281,290,3640,paper
328,260,284,3664,paper
329,378,283,3662,paper
331,258,285,3652,paper
334,263,288,3664,paper
311,253,257,3665,paper
346,257,280,3663,paper
333,235,276,3718,paper
331,196,282,3661,paper
316,267,246,3661,paper
332,266,285,3661,paper
341,260,292,3643,paper
333,268,285,3664,paper
333,229,290,3657,paper
335,310,296,3674,paper
335,185,306,3657,paper
323,256,309,3665,paper
332,258,316,3660,paper
328,256,321,3635,paper
350,257,307,3661,paper
330,254,313,3637,paper
324,248,311,3664,paper
317,237,310,3661,paper
351,243,301,3662,paper
324,240,306,3659,paper
328,252,380,3660,paper
318,248,281,3673,paper
329,236,310,3668,paper
330,232,308,3645,paper
343,240,291,3659,paper
326,241,288,3636,paper
330,226,285,3661,paper
334,231,284,3679,paper
328,227,266,3679,paper
337,229,280,3676,paper
329,216,274,3667,paper
344,225,231,3660,paper
304,219,268,3663,paper
273,220,272,3680,paper
324,221,270,3663,paper
338,238,258,3672,paper
320,223,272,3659,paper
344,222,270,3665,paper
326,125,272,3663,paper
302,235,282,3625,paper
313,275,269,3662,paper
330,278,265,3648,paper
314,281,276,3665,paper
326,288,282,3657,paper
345,321,278,3731,paper
342,296,285,3662,paper
331,301,277,3669,paper
328,301,286,3650,paper
335,218,289,3663,paper
334,296,226,3667,paper
331,257,296,3657,paper
330,292,333,3641,paper
325,272,311,3644,paper
399,307,302,3711,paper
327,227,326,3661,paper
320,286,402,3659,paper
330,284,349,3663,paper
335,293,348,3662,paper
333,277,329,3669,paper
346,273,344,3660,paper
334,272,353,3634,paper
345,277,342,3661,paper
333,263,292,3658,paper
333,263,337,3662,paper
311,279,333,3660,paper
321,256,334,3665,paper
333,254,325,3655,paper
341,233,329,3657,paper
318,252,321,3670,paper
334,252,314,3663,paper
334,256,326,3660,paper
330,230,329,3659,paper
332,239,331,3663,paper
307,244,352,3658,paper
344,239,356,3662,paper
331,232,347,3659,paper
323,231,452,3661,paper
331,229,359,3657,paper
321,232,373,3643,paper
329,228,368,3660,paper
331,223,384,3659,paper
314,234,378,3660,paper
345,213,384,3658,paper
333,214,384,3653,paper
332,211,381,3654,paper
332,214,358,3659,paper
332,218,373,3651,paper
326,282,382,3657,paper
345,238,258,3659,paper
340,250,382,3659,paper
330,266,384,3659,paper
328,283,418,3656,paper
275,278,397,3661,paper
335,277,393,3657,paper
338,284,388,3664,paper
333,254,383,3669,paper
311,283,381,3659,paper
334,304,370,3709,paper
334,290,375,3658,paper
381,290,376,3665,paper
336,288,369,3656,paper
340,286,343,3676,paper
337,281,360,3656,paper
333,292,364,3659,paper
334,291,360,3658,paper
358,289,356,3651,paper
333,277,346,3660,paper
336,276,348,3651,paper
334,277,336,3666,paper
397,279,340,3659,paper
352,280,436,3663,paper
330,270,333,3653,paper
331,273,337,3655,paper
332,268,330,3647,paper
335,294,327,3660,paper
336,295,326,3626,paper
356,299,337,3659,paper
337,306,333,3661,paper
339,301,335,3658,paper
333,306,320,3659,paper
343,316,336,3657,paper
362,326,321,3661,paper
339,323,334,3654,paper
333,337,320,3659,paper
339,322,354,3661,paper
342,316,346,3655,paper
347,320,346,3664,paper
344,317,341,3661,paper
321,330,340,3660,paper
343,320,332,3656,paper
338,315,342,3660,paper
409,309,337,3657,paper
351,305,336,3661,paper
339,308,336,3661,paper
343,319,331,3663,paper
334,305,379,3660,paper
329,317,327,3653,paper
338,288,330,3676,paper
344,274,327,3659,paper
342,319,333,3660,paper
341,320,316,3662,paper
344,314,327,3661,paper
343,287,347,3662,paper
341,298,352,3659,paper
263,305,345,3660,paper
342,294,350,3659,paper
341,292,360,3659,paper
258,289,368,3739,paper
338,285,361,3659,paper
347,284,359,3659,paper
344,275,372,3649,paper
337,272,352,3658,paper
336,273,350,3659,paper
357,271,361,3677,paper
342,292,347,3663,paper
340,295,352,3658,paper
331,313,358,3650,paper
340,328,364,3663,paper
321,332,348,3668,paper
344,346,356,3659,paper
334,365,364,3658,paper
341,350,375,3658,paper
339,366,362,3652,paper
342,380,408,3659,paper
339,374,357,3661,paper
316,377,351,3644,paper
351,368,334,3658,paper
339,369,384,3659,paper
334,365,384,3658,paper
350,351,419,3656,paper
355,346,400,3658,paper
340,350,430,3659,paper
342,345,450,3659,paper
353,342,468,3660,paper
341,337,494,3667,paper
348,328,502,3715,paper
338,326,502,3671,paper
347,345,498,3659,paper
341,323,496,3657,paper
324,343,484,3658,paper
357,327,484,3659,paper
349,359,465,3657,paper
343,367,484,3664,paper
371,365,462,3657,paper
352,350,473,3658,paper
349,417,464,3656,paper
346,423,469,3659,paper
354,435,459,3662,paper
351,435,466,3653,paper
359,424,437,3658,paper
354,419,500,3645,paper
348,418,448,3670,paper
345,431,439,3656,paper
346,361,444,3655,paper
358,431,418,3679,paper
347,422,426,3651,paper
345,414,417,3661,paper
363,409,339,3659,paper
344,401,402,3667,paper
354,396,411,3635,paper
351,410,407,3663,paper
349,391,404,3659,paper
347,404,411,3682,paper
353,403,390,3635,paper
362,418,386,3657,paper
250,407,390,3653,paper
347,401,393,3661,paper
347,417,374,3676,paper
345,397,368,3660,paper
356,395,369,3663,paper
345,396,385,3649,paper
347,391,363,3667,paper
342,386,387,3658,paper
334,384,365,3665,paper
326,376,359,3639,paper
344,376,349,3635,paper
343,381,349,3662,paper
349,385,350,3658,paper
344,425,350,3661,paper
356,425,339,3658,paper
254,418,344,3653,paper
347,419,337,3657,paper
348,408,355,3658,paper
346,388,359,3661,paper
352,401,335,3658,paper
371,396,356,3657,paper
356,393,369,3651,paper
393,392,369,3658,paper
348,385,378,3659,paper
355,377,400,3676,paper
348,386,394,3662,paper
343,396,389,3655,paper
347,381,381,3717,paper
350,392,377,3672,paper
348,397,376,3660,paper
345,413,366,3648,paper
351,418,379,3658,paper
357,421,366,3665,paper
353,419,381,3660,paper
344,421,382,3685,paper
350,437,390,3660,paper
345,435,381,3666,paper
347,430,380,3657,paper
350,424,381,3660,paper
350,426,392,3649,paper
349,438,372,3671,paper
343,425,388,3645,paper
347,420,388,3652,paper
345,412,384,3637,paper
346,403,379,3653,paper
343,407,367,3664,paper
331,412,360,3654,paper
345,402,362,3657,paper
350,397,384,3649,paper
345,394,363,3664,paper
339,387,362,3651,paper
345,401,360,3664,paper
344,378,352,3666,paper
346,363,355,3667,paper
345,372,354,3661,paper
341,372,356,3649,paper
337,384,352,3661,paper
362,386,328,3658,paper
342,381,346,3658,paper
374,374,336,3673,paper
340,373,339,3680,paper
464,364,338,3679,paper
327,365,346,3635,paper
335,359,338,3663,paper
340,357,316,3662,paper
340,349,347,3661,paper
342,339,329,3660,paper
349,352,322,3667,paper
341,347,323,3665,paper
350,345,311,3662,paper
319,348,332,3661,paper
345,330,333,3657,paper
340,353,332,3662,paper
346,350,332,3657,paper
333,366,324,3659,paper
340,356,325,3649,paper
360,352,318,3661,paper
334,345,313,3661,paper
342,344,322,3669,paper
341,341,320,3660,paper
340,338,320,3783,paper
337,336,320,3661,paper
340,313,330,3657,paper
338,327,311,3661,paper
340,328,310,3537,paper
343,322,340,3658,paper
335,321,410,3645,paper
343,310,316,3656,paper
358,316,338,3658,paper
340,306,361,3657,paper
332,310,358,3652,paper
341,284,378,3647,paper
338,301,370,3641,paper
339,304,377,3659,paper
346,323,388,3655,paper
339,364,360,3659,paper
341,364,358,3659,paper
341,344,370,3658,paper
339,355,373,3659,paper
340,364,371,3670,paper
341,364,367,3659,paper
338,367,368,3648,paper
342,378,383,3648,paper
342,380,366,3675,paper
354,363,358,3654,paper
343,368,357,3659,paper
336,363,352,3661,paper
343,365,348,3661,paper
338,341,344,3656,paper
340,357,349,3658,paper
351,348,337,3658,paper
350,353,329,3655,paper
341,372,333,3660,paper
392,390,332,3653,paper
340,380,328,3652,paper
339,396,324,3571,paper
359,386,322,3663,paper
350,388,318,3648,paper
335,377,319,3639,paper
342,384,316,3663,paper
347,372,324,3655,paper
338,389,346,3660,paper
342,434,358,3659,paper
340,410,337,3642,paper
350,404,345,3658,paper
339,403,345,3657,paper
375,415,337,3645,paper
341,392,333,3623,paper
339,417,308,3662,paper
344,413,325,3651,paper
333,409,324,3663,paper
345,402,313,3673,paper
338,394,331,3675,paper
321,380,323,3657,paper
338,388,326,3662,paper
337,386,323,3657,paper
338,376,318,3659,paper
342,393,315,3661,paper
331,379,304,3647,paper
334,380,312,3659,paper
331,368,317,3685,paper
331,367,292,3671,paper
337,376,302,3655,paper
340,382,278,3653,paper
336,390,290,3661,paper
335,357,291,3657,paper
337,380,311,3655,paper
336,372,277,3654,paper
331,367,284,3639,paper
338,368,276,3679,paper
337,372,282,3661,paper
345,378,274,3662,paper
339,375,272,3677,paper
336,373,285,3653,paper
335,378,288,3674,paper
335,374,300,3658,paper
338,382,278,3657,paper
339,368,290,3648,paper
341,362,314,3656,paper
333,370,323,3648,paper
339,362,320,3659,paper
341,346,339,3645,paper
334,353,364,3653,paper
340,350,344,3658,paper
330,360,361,3650,paper
339,375,273,3659,paper
336,382,341,3664,paper
339,381,355,3634,paper
352,381,363,3714,paper
335,382,364,3669,paper
336,357,369,3670,paper
339,353,358,3659,paper
336,372,350,3637,paper
340,359,357,3559,paper
344,358,347,3658,paper
339,375,339,3661,paper
341,348,339,3655,paper
361,352,323,3662,paper
339,342,335,3660,paper
353,333,350,3660,paper
333,349,331,3660,paper
339,344,312,3681,paper
336,347,326,3637,paper
337,341,316,3653,paper
339,357,312,3649,paper
338,324,318,3663,paper
337,342,333,3661,paper
337,327,308,3660,paper
330,328,300,3659,paper
343,331,326,3657,paper
344,329,315,3657,paper
341,322,302,3661,paper
341,321,318,3656,paper
324,307,329,3662,paper
337,313,333,3651,paper
338,323,312,3660,paper
339,315,312,3661,paper
342,314,299,3661,paper
334,312,308,3671,paper
340,307,309,3679,paper
337,315,279,3661,paper
343,294,295,3653,paper
336,302,275,3659,paper
338,296,285,3659,paper
334,305,311,3541,paper
329,296,314,3637,paper
337,298,318,3661,paper
334,320,318,3659,paper
423,301,316,3669,paper
332,300,339,3656,paper
329,289,321,3654,paper
335,289,308,3657,paper
335,292,317,3645,paper
315,303,311,3658,paper
371,303,311,3651,paper
333,277,303,3660,paper
333,306,300,3659,paper
329,301,306,3656,paper
337,301,280,3666,paper
336,322,292,3660,paper
335,324,288,3658,paper
336,318,289,3663,paper
317,343,296,3660,paper
329,328,300,3651,paper
342,352,296,3673,paper
331,340,291,3663,paper
317,339,298,3660,paper
313,334,280,3639,paper
347,322,274,3696,paper
337,318,288,3661,paper
335,319,295,3679,paper
335,317,300,3643,paper
343,309,355,3674,paper
332,309,293,3655,paper
341,312,292,3665,paper
336,312,311,3592,paper
328,316,327,3662,paper
334,313,347,3660,paper
321,326,343,3646,paper
340,345,326,3656,paper
346,336,343,3657,paper
332,328,340,3657,paper
330,317,404,3647,paper
329,316,352,3678,paper
333,319,360,3656,paper
328,311,351,3659,paper
335,309,341,3650,paper
334,312,338,3656,paper
321,310,320,3651,paper
324,295,333,3667,paper
330,292,335,3658,paper
332,287,335,3665,paper
329,284,328,3657,paper
335,282,353,3657,paper
337,276,337,3670,paper
340,272,338,3679,paper
346,268,318,3661,paper
329,273,335,3660,paper
332,266,331,3636,paper
327,262,326,3661,paper
354,265,310,3659,paper
329,260,322,3661,paper
344,254,268,3664,paper
331,253,321,3663,paper
321,251,334,3632,paper
320,240,324,3654,paper
326,248,336,3662,paper
330,257,312,3649,paper
329,239,320,3664,paper
328,240,336,3661,paper
325,240,344,3652,paper
327,249,332,3656,paper
327,234,332,3653,paper
330,233,325,3677,paper
328,226,337,3650,paper
344,229,324,3662,paper
331,223,324,3656,paper
330,218,325,3614,paper
330,237,328,3639,paper
328,220,312,3663,paper
321,235,307,3660,paper
333,218,314,3674,paper
332,212,318,3656,paper
329,218,316,3662,paper
337,216,312,3657,paper
328,215,324,3664,paper
331,206,330,3656,paper
327,230,328,3648,paper
343,230,356,3670,paper
333,235,321,3658,paper
333,268,335,3681,paper
335,280,342,3662,paper
330,274,350,3673,paper
334,274,331,3663,paper
335,274,341,3657,paper
339,286,357,3649,paper
327,267,354,3653,paper
337,268,360,3657,paper
336,261,377,3659,paper
336,273,368,3654,paper
331,292,341,3662,paper
332,278,369,3651,paper
325,272,406,3648,paper
335,298,345,3658,paper
334,272,359,3678,paper
337,270,269,3679,paper
330,269,414,3650,paper
332,269,364,3650,paper
329,259,365,3660,paper
329,252,360,3658,paper
316,262,316,3658,paper
324,253,362,3669,paper
330,265,366,3661,paper
331,247,355,3662,paper
365,262,348,3653,paper
335,276,344,3659,paper
333,270,342,3656,paper
333,264,337,3661,paper
333,263,332,3660,paper
346,267,315,3662,paper
333,270,310,3663,paper
318,278,327,3660,paper
326,271,317,3654,paper
324,276,320,3656,paper
349,268,308,3664,paper
336,260,321,3641,paper
329,260,319,3661,paper
330,256,316,3666,paper
307,253,364,3661,paper
261,247,313,3721,paper
331,256,312,3670,paper
317,269,294,3671,paper
331,262,284,3659,paper
327,281,324,3650,paper
328,283,304,3667,paper
330,261,304,3657,paper
330,295,308,3659,paper
333,282,301,3662,paper
329,278,299,3753,paper
330,278,294,3663,paper
325,272,280,3661,paper
327,264,298,3653,paper
321,292,292,3575,paper
325,301,293,3703,paper
323,275,294,3662,paper
388,317,293,3752,paper
327,306,298,3662,paper
328,301,288,3657,paper
339,298,303,3640,paper
329,299,365,3656,paper
335,290,372,3672,paper
342,285,307,3662,paper
342,291,313,3676,paper
311,292,314,3668,paper
321,294,309,3643,paper
340,288,254,3673,paper
323,285,304,3671,paper
326,287,322,3679,paper
325,308,304,3661,paper
330,277,306,3658,paper
288,276,303,3664,paper
332,276,302,3627,paper
320,275,298,3651,paper
315,288,290,3656,paper
338,293,296,3651,paper
321,290,291,3659,paper
324,284,299,3636,paper
335,273,286,3655,paper
331,281,291,3658,paper
274,269,279,3540,paper
329,267,288,3644,paper
328,249,283,3653,paper
329,266,281,3655,paper
330,262,296,3675,paper
352,232,278,3660,paper
331,264,277,3660,paper
330,258,252,3658,paper
324,247,289,3660,paper
329,249,283,3660,paper
349,248,384,3659,paper
326,244,264,3666,paper
328,256,266,3664,paper
309,243,289,3663,paper
325,249,290,3663,paper
335,261,279,3656,paper
328,264,279,3658,paper
325,272,272,3629,paper
330,267,278,3635,paper
329,251,287,3658,paper
337,270,303,3648,paper
338,257,305,3663,paper
333,230,312,3646,paper
329,252,320,3659,paper
264,252,327,3730,paper
327,330,345,3654,paper
334,280,330,3667,paper
334,282,393,3653,paper
335,315,415,3633,paper
336,334,411,3652,paper
351,339,416,3663,paper
336,341,432,3664,paper
334,363,418,3657,paper
331,369,412,3661,paper
333,359,413,3658,paper
345,356,447,3657,paper
337,340,402,3662,paper
339,348,394,3661,paper
335,324,380,3681,paper
331,374,386,3659,paper
341,373,380,3712,paper
332,406,379,3656,paper
337,413,370,3668,paper
333,416,349,3640,paper
335,427,361,3660,paper
332,442,363,3657,paper
301,441,359,3610,paper
298,480,337,3626,paper
337,482,346,3658,paper
339,482,343,3740,paper
347,487,347,3643,paper
351,455,366,3659,paper
339,456,384,3648,paper
339,432,353,3657,paper
298,461,337,3659,paper
338,429,340,3659,paper
333,425,338,3665,paper
333,414,346,3639,paper
337,434,325,3673,paper
351,417,291,3670,paper
360,415,325,3661,paper
277,413,324,3661,paper
336,408,314,3637,paper
323,408,320,3663,paper
334,388,331,3669,paper
227,401,324,3646,paper
341,432,321,3642,paper
328,415,333,3660,paper
337,411,308,3662,paper
350,423,311,3671,paper
233,429,298,3661,paper
340,414,308,3662,paper
332,396,304,3664,paper
320,400,301,3659,paper
336,397,296,3661,paper
357,392,285,3660,paper
335,360,293,3666,paper
336,379,288,3661,paper
338,385,289,3663,paper
348,382,282,3662,paper
322,380,277,3661,paper
376,392,280,3742,paper
339,372,264,3655,paper
338,352,276,3661,paper
338,290,274,3661,paper
329,413,292,3666,paper
332,373,272,3662,paper
335,355,274,3662,paper
333,346,276,3663,paper
335,407,286,3655,paper
340,342,269,3657,paper
339,334,263,3658,paper
334,328,262,3633,paper
329,324,262,3660,paper
326,339,261,3675,paper
332,350,256,3661,paper
341,376,284,3668,paper
306,392,288,3661,paper
335,437,292,3658,paper
331,422,296,3659,paper
335,428,290,3663,paper
331,420,290,3664,paper
339,416,274,3676,paper
346,407,268,3676,paper
332,416,288,3659,paper
331,424,288,3647,paper
332,397,293,3661,paper
349,394,185,3662,paper
346,394,292,3658,paper
341,438,294,3656,paper
344,417,306,3644,paper
352,417,216,3657,paper
343,432,370,3651,paper
337,424,359,3669,paper
342,419,349,3664,paper
335,414,364,3654,paper
363,410,369,3659,paper
400,394,362,3662,paper
341,418,348,3659,paper
347,395,349,3675,paper
334,388,354,3665,paper
334,447,363,3662,paper
339,403,338,3659,paper
339,387,360,3667,paper
334,400,353,3683,paper
325,409,374,3658,paper
336,404,380,3744,paper
358,394,402,3655,paper
336,395,416,3660,paper
336,388,406,3669,paper
332,390,418,3645,paper
337,378,432,3657,paper
338,409,434,3662,paper
331,430,449,3657,paper
336,432,404,3667,paper
333,436,420,3661,paper
338,440,408,3675,paper
355,437,366,3665,paper
336,437,420,3648,paper
355,436,394,3663,paper
334,427,393,3658,paper
335,329,394,3661,paper
345,400,398,3668,paper
335,416,383,3656,paper
333,389,387,3649,paper
338,409,370,3660,paper
330,423,372,3631,paper
336,406,382,3658,paper
350,403,370,3662,paper
325,407,373,3653,paper
340,416,370,3660,paper
334,400,368,3657,paper
325,412,372,3663,paper
336,405,373,3630,paper
336,407,358,3656,paper
338,408,362,3659,paper
324,412,370,3648,paper
334,411,374,3656,paper
336,404,362,3656,paper
340,409,366,3657,paper
304,375,377,3617,paper
312,387,368,3661,paper
320,378,314,3662,paper
336,373,351,3669,paper
334,372,353,3660,paper
332,364,352,3660,paper
335,383,346,3544,paper
335,372,333,3659,paper
312,368,340,3652,paper
328,381,329,3660,paper
336,364,341,3663,paper
349,368,223,3659,paper
329,394,331,3652,paper
343,426,327,3661,paper
337,409,332,3655,paper
336,422,336,3661,paper
337,428,309,3675,paper
334,418,342,3653,paper
334,417,326,3661,paper
328,425,314,3659,paper
343,420,316,3661,paper
336,321,315,3662,paper
336,416,313,3667,paper
338,424,314,3656,paper
335,406,320,3661,paper
313,407,311,3660,paper
336,408,305,3664,paper
331,417,285,3660,paper
360,406,304,3657,paper
335,404,299,3650,paper
340,390,281,3680,paper
334,396,280,3660,paper
345,380,296,3661,paper
333,384,286,3663,paper
339,390,274,3686,paper
347,380,283,3658,paper
320,368,293,3659,paper
333,374,274,3655,paper
230,375,278,3679,paper
333,412,283,3662,paper
332,364,289,3660,paper
326,365,184,3659,paper
315,366,283,3670,paper
336,355,286,3679,paper
341,363,273,3673,paper
333,358,318,3662,paper
328,385,315,3666,paper
335,389,344,3662,paper
333,392,313,3681,paper
333,377,332,3680,paper
330,377,306,3659,paper
340,370,369,3671,paper
338,382,322,3661,paper
318,363,345,3659,paper
329,359,297,3661,paper
333,358,313,3661,paper
334,343,314,3736,paper
322,350,312,3653,paper
332,345,320,3661,paper
334,365,304,3660,paper
346,322,315,3646,paper
338,332,294,3666,paper
334,306,302,3658,paper
334,317,295,3648,paper
385,327,290,3659,paper
324,356,292,3663,paper
318,324,356,3658,paper
341,320,259,3665,paper
333,324,280,3660,paper
314,329,272,3662,paper
335,307,273,3669,paper
289,313,277,3657,paper
333,313,269,3673,paper
332,307,291,3659,paper
319,337,277,3657,paper
300,345,275,3667,paper
322,357,256,3677,paper
328,361,279,3651,paper
320,405,270,3669,paper
334,421,268,3655,paper
329,419,261,3662,paper
323,408,257,3643,paper
334,314,257,3661,paper
347,398,264,3660,paper
336,402,257,3659,paper
347,406,262,3661,paper
338,406,268,3681,paper
320,416,254,3650,paper
333,389,268,3659,paper
311,392,267,3666,paper
330,402,260,3679,paper
330,387,280,3657,paper
335,380,280,3675,paper
337,379,274,3667,paper
302,371,279,3662,paper
344,367,274,3662,paper
340,378,270,3655,paper
336,373,284,3649,paper
338,373,270,3658,paper
320,386,268,3652,paper
339,376,263,3658,paper
335,374,264,3661,paper
340,374,261,3662,paper
349,357,260,3664,paper
337,363,261,3657,paper
337,354,271,3661,paper
335,363,269,3653,paper
337,346,297,3661,paper
327,352,293,3641,paper
342,366,282,3656,paper
344,373,273,3664,paper
337,375,276,3670,paper
336,362,280,3660,paper
337,390,278,3658,paper
337,398,283,3668,paper
334,384,265,3662,paper
329,385,280,3662,paper
329,367,280,3662,paper
336,366,286,3661,paper
334,364,276,3662,paper
337,356,276,3659,paper
335,379,278,3657,paper
342,372,257,3655,paper
336,367,269,3668,paper
341,418,268,3663,paper
338,382,269,3661,paper
336,370,283,3660,paper
338,392,272,3659,paper
335,369,282,3661,paper
329,364,274,3649,paper
327,361,276,3662,paper
349,361,277,3660,paper
336,360,284,3664,paper
425,348,282,3637,paper
336,346,284,3675,paper
335,347,272,3638,paper
336,333,346,3645,paper
398,330,275,3646,paper
332,341,274,3661,paper
337,326,275,3666,paper
335,320,247,3660,paper
342,317,267,3667,paper
334,316,261,3658,paper
330,320,264,3643,paper
318,314,320,3661,paper
316,322,247,3658,paper
333,316,248,3661,paper
330,328,253,3656,paper
336,308,253,3663,paper
391,305,250,3636,paper
333,304,262,3612,paper
335,307,268,3661,paper
334,319,257,3681,paper
334,322,252,3666,paper
332,314,254,3657,paper
330,318,259,3662,paper
343,313,263,3652,paper
324,309,272,3678,paper
342,307,264,3661,paper
335,305,242,3665,paper
333,299,260,3660,paper
342,301,257,3666,paper
333,302,254,3655,paper
335,291,258,3681,paper
330,287,252,3661,paper
335,298,251,3592,paper
341,277,251,3661,paper
336,277,248,3658,paper
338,282,249,3673,paper
329,252,256,3668,paper
234,268,258,3655,paper
334,264,253,3658,paper
336,258,267,3659,paper
350,261,249,3656,paper
336,256,228,3657,paper
334,244,260,3683,paper
333,252,269,3645,paper
340,251,248,3656,paper
331,245,247,3658,paper
317,261,238,3660,paper
290,257,247,3676,paper
323,266,244,3647,paper
324,278,234,3681,paper
333,268,231,3648,paper
331,265,243,3661,paper
335,259,232,3662,paper
342,252,236,3765,paper
342,256,233,3668,paper
330,236,235,3663,paper
334,238,239,3648,paper
389,254,235,3661,paper
332,254,241,3656,paper
337,245,240,3656,paper
333,252,242,3660,paper
334,251,243,3653,paper
335,241,239,3662,paper
335,243,232,3661,paper
332,242,246,3652,paper
330,235,251,3638,paper
334,235,254,3668,paper
331,237,253,3662,paper
335,264,262,3660,paper
333,232,258,3662,paper
335,229,252,3665,paper
326,229,259,3658,paper
323,240,252,3650,paper
334,245,245,3671,paper
330,241,250,3648,paper
326,240,251,3661,paper
332,244,242,3661,paper
352,245,242,3667,paper
297,244,248,3652,paper
333,263,247,3656,paper
333,283,261,3639,paper
343,286,297,3650,paper
319,306,256,3666,paper
336,300,275,3656,paper
334,322,253,3639,paper
362,328,289,3662,paper
338,313,271,3657,paper
337,321,286,3653,paper
331,311,274,3640,paper
337,312,269,3658,paper
336,308,266,3672,paper
341,306,265,3662,paper
326,310,253,3662,paper
335,316,249,3665,paper
337,312,268,3683,paper
338,314,280,3655,paper
334,314,256,3662,paper
336,308,246,3657,paper
333,304,250,3681,paper
332,301,244,3658,paper
338,302,246,3658,paper
337,319,244,3659,paper
335,303,239,3731,paper
336,320,261,3655,paper
335,320,244,3656,paper
347,312,218,3662,paper
342,310,237,3635,paper
333,320,241,3653,paper
325,330,235,3647,paper
338,332,240,3661,paper
337,333,230,3659,paper
344,341,234,3658,paper
339,340,225,3661,paper
352,345,232,3659,paper
335,334,240,3661,paper
395,329,227,3662,paper
339,328,226,3665,paper
331,322,227,3652,paper
338,320,227,3662,paper
333,314,245,3655,paper
330,332,220,3680,paper
339,306,201,3661,paper
321,301,219,3677,paper
344,302,241,3650,paper
340,292,225,3675,paper
353,292,228,3666,paper
333,297,220,3650,paper
377,292,230,3631,paper
332,282,228,3649,paper
335,285,232,3666,paper
341,260,246,3662,paper
335,281,252,3651,paper
344,284,254,3670,paper
335,285,309,3653,paper
338,288,296,3664,paper
338,276,318,3651,paper
317,278,313,3652,paper
349,268,298,3668,paper
336,274,304,3657,paper
329,268,304,3648,paper
323,272,310,3638,paper
337,265,320,3659,paper
334,263,294,3659,paper
338,262,297,3660,paper
326,272,290,3661,paper
349,284,293,3656,paper
336,300,290,3663,paper
344,305,288,3659,paper
344,322,280,3641,paper
372,338,300,3652,paper
307,336,309,3668,paper
342,329,311,3638,paper
340,337,315,3663,paper
345,343,311,3660,paper
348,334,313,3661,paper
350,336,364,3648,paper
353,345,314,3636,paper
349,348,321,3640,paper
372,339,309,3658,paper
346,331,190,3662,paper
360,346,299,3670,paper
361,339,295,3660,paper
356,321,301,3638,paper
350,316,307,3662,paper
360,316,281,3657,paper
364,323,311,3667,paper
357,350,307,3651,paper
359,346,320,3650,paper
356,349,307,3657,paper
355,337,299,3656,paper
356,336,300,3664,paper
355,340,298,3676,paper
358,348,299,3651,paper
355,354,307,3664,paper
353,350,296,3656,paper
362,340,294,3662,paper
354,359,286,3660,paper
366,355,169,3664,paper
353,352,280,3658,paper
354,347,281,3662,paper
360,340,232,3648,paper
358,332,276,3666,paper
357,333,267,3673,paper
350,330,293,3653,paper
337,337,259,3663,paper
352,322,277,3659,paper
345,315,277,3644,paper
352,312,284,3662,paper
348,322,274,3655,paper
332,323,282,3653,paper
349,327,293,3604,paper
335,339,279,3672,paper
348,328,290,3661,paper
346,327,278,3741,paper
346,304,285,3649,paper
345,324,278,3662,paper
339,315,253,3646,paper
354,327,290,3658,paper
326,328,297,3650,paper
344,333,327,3659,paper
342,334,303,3655,paper
345,324,300,3619,paper
336,327,298,3654,paper
348,330,310,3659,paper
348,354,309,3665,paper
343,366,305,3660,paper
385,372,311,3654,paper
355,370,312,3656,paper
344,413,309,3658,paper
344,391,307,3658,paper
347,388,310,3629,paper
340,376,304,3663,paper
345,464,309,3664,paper
346,375,302,3657,paper
351,366,298,3675,paper
351,365,288,3663,paper
352,357,287,3659,paper
346,352,291,3653,paper
345,352,293,3681,paper
342,331,281,3646,paper
342,341,286,3659,paper
340,336,276,3653,paper
336,325,276,3665,paper
295,326,276,3665,paper
341,322,277,3659,paper
338,326,272,3663,paper
346,330,277,3649,paper
339,328,265,3658,paper
343,332,275,3656,paper
350,329,280,3664,paper
343,315,286,3674,paper
342,321,319,3650,paper
340,313,309,3648,paper
341,294,306,3677,paper
343,310,313,3659,paper
344,323,318,3653,paper
341,303,322,3661,paper
336,305,334,3650,paper
334,302,341,3661,paper
342,278,345,3661,paper
341,295,320,3655,paper
338,292,324,3661,paper
337,292,348,3655,paper
338,291,324,3666,paper
341,287,338,3660,paper
346,286,328,3675,paper
343,280,338,3657,paper
338,281,334,3658,paper
344,282,328,3659,paper
328,295,330,3660,paper
339,268,329,3606,paper
398,292,328,3670,paper
339,317,331,3657,paper
330,346,322,3668,paper
337,347,318,3618,paper
338,351,323,3659,paper
336,375,309,3661,paper
348,402,308,3645,paper
349,397,302,3664,paper
337,424,302,3667,paper
333,416,302,3651,paper
333,413,231,3655,paper
337,398,304,3667,paper
340,397,317,3659,paper
320,397,314,3589,paper
298,395,301,3653,paper
337,380,315,3661,paper
337,379,324,3571,paper
325,398,312,3571,paper
336,422,301,3664,paper
344,422,330,3654,paper
342,439,305,3593,paper
329,447,298,3651,paper
343,463,281,3661,paper
346,459,311,3665,paper
343,445,307,3659,paper
335,450,308,3643,paper
338,441,320,3649,paper
339,434,320,3661,paper
272,422,312,3660,paper
332,425,314,3655,paper
327,429,309,3633,paper
358,413,308,3662,paper
346,417,277,3663,paper
340,382,316,3657,paper
335,419,301,3661,paper
342,403,300,3658,paper
333,398,298,3658,paper
338,376,304,3663,paper
347,381,281,3660,paper
344,378,299,3669,paper
330,373,311,3649,paper
329,370,293,3665,paper
315,359,307,3661,paper
334,362,301,3662,paper
303,344,290,3611,paper
334,353,289,3663,paper
354,352,274,3659,paper
341,360,322,3665,paper
340,339,305,3665,paper
327,336,292,3665,paper
431,331,288,3664,paper
327,324,294,3641,paper
332,306,290,3646,paper
335,317,285,3660,paper
334,318,299,3650,paper
340,314,272,3675,paper
329,309,280,3666,paper
331,304,272,3667,paper
343,299,355,3673,paper
348,293,283,3660,paper
337,328,310,3654,paper
333,289,307,3657,paper
407,308,306,3743,paper
332,301,304,3663,paper
333,232,303,3660,paper
341,306,329,3657,paper
340,323,328,3665,paper
334,329,331,3670,paper
332,322,323,3663,paper
340,323,326,3658,paper
333,315,324,3659,paper
335,299,320,3659,paper
329,307,316,3641,paper
333,307,330,3660,paper
336,386,305,3660,paper
335,307,317,3657,paper
335,328,328,3551,paper
314,314,334,3571,paper
344,304,309,3657,paper
344,293,334,3662,paper
327,294,302,3664,paper
257,305,336,3663,paper
328,289,347,3656,paper
330,296,313,3679,paper
331,285,324,3660,paper
341,260,334,3658,paper
334,273,325,3672,paper
338,300,243,3677,paper
334,306,320,3655,paper
336,323,325,3652,paper
330,341,320,3653,paper
337,321,308,3661,paper
338,322,318,3666,paper
338,328,302,3660,paper
333,312,310,3651,paper
333,316,320,3674,paper
350,328,317,3653,paper
336,342,348,3656,paper
334,361,316,3608,paper
355,343,324,3658,paper
337,370,320,3656,paper
336,385,331,3651,paper
336,357,328,3658,paper
353,375,330,3660,paper
334,434,335,3664,paper
331,366,336,3641,paper
332,369,303,3678,paper
335,355,320,3655,paper
336,333,324,3657,paper
320,345,322,3658,paper
347,340,318,3653,paper
344,329,329,3656,paper
339,329,312,3668,paper
333,328,301,3661,paper
320,326,326,3639,paper
337,307,313,3666,paper
332,296,306,3659,paper
328,336,331,3662,paper
315,333,328,3641,paper
353,324,366,3675,paper
324,334,350,3653,paper
335,321,322,3663,paper
309,320,324,3662,paper
334,322,311,3677,paper
288,311,335,3654,paper
333,305,310,3661,paper
337,312,310,3665,paper
327,343,315,3664,paper
334,318,307,3666,paper
341,314,307,3667,paper
332,318,334,3658,paper
330,309,327,3652,paper
336,304,284,3659,paper
332,308,288,3683,paper
348,300,285,3672,paper
334,312,304,3679,paper
311,308,305,3662,paper
334,351,296,3662,paper
343,298,300,3660,paper
326,300,300,3657,paper
334,294,299,3659,paper
256,303,300,3659,paper
328,289,301,3658,paper
335,289,284,3671,paper
326,291,299,3659,paper
325,309,265,3662,paper
336,294,268,3667,paper
349,303,289,3661,paper
327,301,302,3649,paper
335,294,301,3657,paper
334,294,298,3660,paper
332,301,280,3680,paper
338,288,305,3638,paper
348,301,294,3656,paper
335,303,278,3653,paper
338,310,290,3675,paper
322,356,286,3657,paper
342,313,291,3658,paper
339,302,281,3665,paper
349,293,288,3658,paper
330,352,276,3661,paper
335,301,256,3681,paper
341,299,282,3663,paper
332,313,260,3664,paper
316,313,279,3664,paper
340,284,356,3675,paper
335,273,282,3660,paper
337,298,281,3658,paper
331,313,277,3650,paper
326,324,180,3648,paper
347,318,272,3662,paper
327,312,289,3657,paper
328,306,277,3665,paper
331,330,267,3632,paper
339,311,260,3661,paper
328,315,256,3649,paper
328,371,273,3668,paper
318,320,248,3669,paper
340,318,262,3641,paper
334,307,256,3659,paper
334,299,256,3687,paper
327,312,248,3639,paper
333,313,242,3664,paper
347,308,198,3678,paper
334,301,257,3658,paper
301,320,266,3663,paper
340,298,261,3664,paper
341,287,257,3695,paper
333,306,253,3662,paper
344,312,358,3663,paper
332,309,256,3656,paper
343,287,266,3707,paper
335,305,259,3658,paper
334,282,291,3657,paper
331,317,302,3692,paper
335,299,324,3671,paper
324,305,324,3652,paper
309,301,317,3636,paper
300,306,304,3646,paper
328,284,320,3663,paper
339,296,341,3659,paper
315,288,432,3663,paper
409,291,344,3645,paper
328,288,407,3669,paper
345,295,344,3667,paper
342,334,340,3643,paper
329,315,330,3635,paper
332,400,342,3661,paper
330,320,336,3659,paper
342,333,330,3662,paper
331,322,309,3664,paper
346,328,333,3659,paper
318,316,335,3661,paper
334,315,338,3676,paper
332,308,355,3658,paper
330,303,352,3682,paper
343,304,353,3654,paper
318,303,348,3570,paper
335,285,345,3659,paper
331,287,340,3667,paper
333,292,336,3659,paper
348,292,315,3661,paper
334,301,308,3673,paper
314,284,316,3655,paper
331,281,345,3651,paper
346,279,206,3663,paper
344,275,304,3659,paper
337,278,314,3659,paper
319,273,318,3658,paper
332,277,315,3659,paper
335,268,316,3661,paper
341,262,321,3681,paper
409,278,306,3734,paper
341,258,309,3638,paper
310,257,326,3656,paper
326,254,390,3661,paper
340,231,341,3664,paper
336,248,322,3660,paper
342,246,321,3667,paper
338,241,334,3663,paper
343,245,316,3654,paper
314,246,317,3666,paper
335,225,314,3669,paper
349,244,282,3663,paper
306,269,308,3625,paper
335,278,304,3655,paper
354,266,314,3665,paper
338,269,302,3674,paper
327,328,301,3665,paper
338,268,284,3656,paper
332,182,299,3661,paper
332,294,288,3642,paper
357,290,297,3653,paper
345,294,270,3676,paper
346,298,262,3660,paper
336,361,292,3661,paper
322,282,295,3648,paper
333,268,291,3664,paper
328,299,277,3659,paper
328,290,306,3657,paper
334,288,243,3652,paper
392,307,290,3766,paper
350,298,284,3658,paper
331,292,286,3652,paper
331,274,283,3661,paper
326,301,254,3661,paper
333,285,277,3661,paper
340,300,267,3645,paper
325,289,289,3656,paper
330,303,269,3658,paper
338,316,256,3679,paper
336,299,268,3661,paper
320,293,266,3663,paper
375,308,265,3653,paper
338,310,272,3658,paper
331,320,263,3677,paper
334,338,275,3641,paper
331,357,260,3669,paper
332,357,261,3663,paper
417,348,263,3666,paper
396,369,259,3642,paper
330,377,260,3675,paper
332,390,236,3664,paper
333,384,273,3650,paper
331,370,266,3653,paper
355,372,265,3661,paper
330,379,222,3673,paper
333,361,243,3652,paper
330,359,247,3662,paper
327,356,248,3663,paper
333,357,248,3679,paper
330,357,238,3663,paper
325,358,236,3661,paper
322,356,250,3662,paper
335,356,244,3677,paper
330,465,242,3664,paper
333,348,223,3656,paper
327,353,258,3654,paper
332,358,250,3660,paper
328,348,279,3657,paper
332,353,279,3661,paper
334,351,250,3656,paper
341,350,324,3658,paper
330,412,276,3651,paper
330,256,269,3662,paper
328,343,263,3661,paper
316,328,264,3617,paper
344,328,249,3660,paper
331,275,259,3665,paper
328,311,267,3652,paper
326,350,243,3727,paper
339,309,250,3663,paper
328,318,249,3671,paper
318,312,251,3662,paper
342,332,237,3665,paper
339,294,248,3663,paper
326,300,254,3661,paper
331,301,245,3659,paper
326,196,242,3655,paper
334,306,242,3659,paper
330,302,246,3643,paper
335,296,251,3639,paper
329,220,242,3661,paper
325,299,239,3656,paper
337,301,235,3640,paper
333,293,238,3663,paper
335,284,243,3657,paper
331,268,242,3659,paper
336,340,242,3594,paper
324,363,242,3659,paper
337,342,229,3666,paper
331,346,238,3663,paper
331,356,240,3657,paper
333,348,240,3665,paper
309,353,252,3659,paper
353,345,247,3657,paper
315,337,253,3655,paper
334,334,258,3661,paper
331,330,270,3677,paper
350,322,277,3685,paper
330,322,268,3665,paper
336,335,256,3670,paper
329,350,276,3664,paper
351,319,284,3661,paper
328,322,286,3656,paper
332,316,281,3663,paper
335,316,287,3656,paper
333,315,302,3651,paper
329,314,291,3656,paper
346,308,305,3662,paper
350,323,276,3658,paper
333,315,306,3661,paper
351,309,288,3661,paper
332,315,289,3661,paper
337,302,299,3682,paper
336,304,300,3658,paper
338,320,290,3670,paper
317,342,293,3651,paper
335,333,300,3659,paper
352,337,294,3653,paper
340,354,297,3663,paper
337,334,305,3662,paper
348,331,295,3678,paper
331,326,288,3650,paper
336,323,186,3660,paper
337,326,262,3660,paper
329,320,283,3660,paper
338,330,276,3664,paper
338,339,249,3662,paper
333,332,278,3661,paper
342,310,267,3660,paper
353,308,281,3661,paper
339,330,288,3661,paper
338,216,317,3663,paper
338,288,333,3660,paper
341,320,346,3658,paper
343,341,349,3750,paper
332,348,360,3655,paper
343,356,344,3663,paper
340,369,381,3659,paper
322,363,364,3657,paper
337,358,350,3675,paper
350,362,359,3659,paper
336,350,342,3664,paper
381,363,357,3745,paper
335,343,356,3638,paper
331,340,345,3655,paper
330,321,311,3663,paper
337,337,341,3661,paper
321,330,340,3668,paper
329,318,342,3665,paper
342,315,331,3653,paper
330,325,331,3649,paper
413,325,330,3661,paper
331,316,330,3802,paper
329,324,327,3640,paper
334,410,335,3658,paper
349,323,296,3665,paper
335,326,341,3669,paper
345,312,325,3659,paper
320,312,321,3660,paper
343,318,296,3663,paper
334,310,318,3656,paper
336,300,323,3661,paper
332,305,320,3658,paper
331,344,307,3656,paper
339,304,320,3659,paper
335,298,318,3658,paper
326,300,319,3655,paper
329,303,313,3663,paper
331,274,310,3661,paper
331,291,301,3659,paper
319,301,312,3641,paper
334,332,302,3659,paper
331,312,312,3663,paper
333,298,298,3667,paper
338,305,301,3652,paper
332,290,298,3661,paper
343,304,299,3663,paper
319,315,294,3656,paper
331,341,291,3661,paper
330,324,284,3660,paper
331,309,310,3657,paper
334,306,303,3660,paper
327,300,309,3655,paper
335,307,320,3664,paper
329,361,323,3639,paper
320,298,321,3656,paper
331,288,339,3650,paper
333,286,322,3635,paper
347,280,334,3660,paper
335,320,337,3674,paper
335,334,352,3658,paper
334,333,344,3660,paper
333,342,354,3660,paper
323,352,345,3652,paper
337,371,349,3670,paper
334,369,349,3562,paper
336,376,346,3657,paper
390,378,358,3655,paper
329,396,380,3632,paper
360,397,382,3656,paper
336,400,402,3656,paper
334,395,410,3664,paper
343,384,440,3663,paper
334,387,400,3636,paper
367,379,404,3679,paper
336,363,414,3646,paper
336,367,394,3675,paper
320,372,390,3667,paper
337,379,379,3713,paper
349,374,365,3662,paper
336,385,381,3657,paper
398,364,375,3657,paper
333,351,375,3630,paper
337,370,369,3660,paper
330,368,367,3643,paper
340,372,363,3666,paper
332,350,375,3699,paper
338,372,381,3664,paper
338,359,379,3635,paper
315,358,370,3665,paper
334,350,376,3661,paper
358,350,372,3663,paper
338,357,370,3665,paper
350,353,367,3653,paper
336,352,359,3651,paper
336,349,380,3663,paper
335,353,374,3668,paper
334,349,376,3652,paper
332,350,373,3651,paper
340,343,367,3661,paper
344,325,365,3658,paper
334,343,387,3657,paper
337,332,356,3673,paper
313,330,355,3663,paper
335,329,356,3658,paper
317,334,346,3667,paper
336,322,350,3677,paper
346,322,322,3657,paper
260,315,338,3671,paper
331,315,342,3655,paper
329,312,347,3669,paper
338,334,335,3655,paper
334,292,343,3658,paper
335,304,337,3661,paper
296,298,337,3664,paper
320,308,336,3650,paper
338,217,334,3662,paper
349,303,330,3666,paper
333,306,334,3638,paper
335,298,334,3661,paper
335,298,320,3662,paper
337,298,309,3659,paper
327,315,349,3656,paper
343,300,328,3662,paper
338,317,316,3662,paper
340,325,333,3671,paper
340,325,321,3739,paper
340,320,328,3659,paper
331,314,327,3640,paper
340,308,330,3659,paper
342,306,325,3672,paper
338,289,344,3653,paper
353,300,322,3653,paper
336,295,298,3667,paper
328,291,313,3680,paper
334,285,294,3667,paper
339,287,308,3658,paper
336,290,305,3658,paper
339,268,304,3657,paper
350,236,300,3660,paper
339,268,309,3558,paper
338,274,289,3661,paper
333,265,300,3666,paper
337,194,301,3661,paper
337,348,296,3662,paper
338,265,290,3670,paper
315,273,289,3664,paper
339,265,302,3661,paper
337,262,315,3662,paper
336,263,304,3660,paper
332,268,314,3660,paper
341,250,304,3665,paper
336,269,312,3657,paper
404,272,301,3660,paper
336,250,323,3666,paper
335,266,328,3656,paper
331,286,319,3565,paper
322,301,316,3660,paper
328,303,328,3664,paper
336,299,332,3657,paper
324,291,334,3695,paper
333,306,373,3652,paper
332,298,338,3667,paper
336,309,358,3660,paper
320,291,320,3662,paper
336,290,355,3656,paper
353,285,346,3668,paper
343,283,304,3669,paper
350,281,345,3654,paper
328,288,336,3653,paper
334,282,336,3662,paper
332,260,334,3662,paper
336,276,316,3649,paper
336,280,328,3661,paper
335,272,353,3646,paper
342,288,334,3659,paper
339,318,332,3652,paper
341,342,330,3669,paper
332,301,321,3657,paper
318,355,324,3661,paper
335,356,340,3660,paper
356,348,300,3662,paper
333,349,316,3658,paper
334,340,316,3653,paper
319,356,314,3655,paper
332,358,296,3660,paper
379,354,310,3675,paper
335,347,314,3658,paper
336,360,304,3661,paper
335,358,321,3655,paper
336,354,332,3657,paper
336,352,347,3652,paper
339,338,356,3679,paper
354,349,366,3651,paper
335,359,354,3674,paper
335,352,367,3683,paper
335,342,368,3680,paper
333,345,358,3635,paper
331,333,348,3675,paper
335,335,357,3663,paper
331,316,351,3663,paper
336,338,344,3659,paper
326,335,353,3655,paper
343,334,345,3654,paper
335,334,338,3661,paper
337,326,336,3656,paper
338,324,340,3674,paper
336,283,337,3658,paper
336,311,336,3659,paper
345,316,324,3660,paper
313,307,339,3653,paper
336,301,341,3652,paper
335,312,358,3658,paper
337,307,362,3659,paper
323,317,347,3658,paper
335,326,345,3661,paper
340,332,308,3644,paper
336,324,341,3661,paper
343,316,344,3662,paper
346,311,331,3659,paper
327,316,328,3664,paper
337,317,329,3660,paper
333,318,326,3669,paper
324,311,321,3691,paper
331,326,323,3659,paper
350,316,315,3662,paper
336,301,314,3661,paper
312,309,311,3603,paper
337,316,316,3654,paper
336,320,325,3659,paper
333,318,326,3657,paper
322,312,314,3661,paper
335,335,324,3642,paper
336,340,309,3659,paper
334,331,331,3658,paper
329,342,337,3663,paper
333,330,315,3662,paper
340,326,325,3658,paper
332,315,322,3662,paper
333,313,318,3652,paper
331,317,336,3661,paper
343,310,316,3677,paper
338,308,307,3678,paper
333,303,317,3657,paper
330,307,328,3658,paper
326,343,314,3660,paper
335,295,315,3672,paper
333,295,317,3667,paper
328,296,304,3656,paper
333,300,316,3658,paper
330,301,304,3658,paper
335,297,309,3653,paper
326,317,305,3639,paper
335,302,286,3665,paper
331,311,312,3663,paper
333,284,312,3669,paper
332,286,310,3660,paper
334,288,305,3661,paper
338,286,299,3678,paper
343,291,283,3659,paper
331,280,306,3661,paper
335,282,294,3658,paper
329,281,298,3671,paper
336,276,298,3655,paper
329,267,299,3657,paper
328,290,294,3661,paper
327,304,296,3659,paper
326,268,307,3657,paper
324,283,295,3651,paper
342,325,289,3661,paper
345,302,293,3669,paper
331,296,290,3637,paper
316,304,288,3661,paper
353,311,267,3664,paper
336,320,282,3652,paper
355,307,278,3658,paper
340,309,286,3659,paper
346,316,296,3655,paper
333,316,320,3663,paper
344,323,301,3714,paper
332,356,304,3661,paper
333,319,303,3661,paper
326,309,298,3663,paper
328,303,299,3661,paper
329,318,296,3656,paper
341,311,302,3687,paper
333,306,294,3664,paper
335,253,312,3663,paper
317,308,291,3658,paper
336,311,280,3662,paper
361,302,276,3661,paper
333,291,300,3655,paper
335,333,288,3654,paper
333,345,281,3658,paper
340,385,281,3645,paper
332,379,274,3667,paper
327,401,259,3669,paper
332,372,271,3655,paper
345,370,263,3674,paper
333,358,294,3658,paper
332,363,346,3645,paper
325,360,309,3661,paper
336,354,303,3661,paper
332,347,305,3657,paper
332,349,296,3657,paper
355,347,288,3671,paper
334,356,310,3659,paper
333,366,306,3645,paper
348,360,308,3661,paper
339,340,306,3658,paper
342,396,304,3657,paper
336,392,309,3659,paper
334,421,259,3643,paper
344,413,290,3669,paper
345,391,295,3687,paper
334,404,289,3662,paper
347,397,329,3657,paper
342,397,288,3673,paper
339,405,279,3668,paper
331,390,281,3663,paper
329,389,278,3652,paper
349,384,269,3663,paper
332,384,273,3657,paper
335,373,184,3662,paper
337,370,273,3659,paper
340,371,293,3749,paper
343,362,298,3675,paper
337,347,331,3651,paper
336,349,302,3658,paper
333,345,312,3662,paper
332,344,314,3648,paper
334,335,320,3661,paper
337,346,341,3655,paper
334,342,315,3657,paper
337,340,294,3661,paper
333,296,314,3663,paper
334,350,314,3655,paper
333,349,311,3661,paper
333,342,304,3659,paper
352,337,308,3660,paper
331,333,304,3662,paper
335,332,298,3668,paper
333,330,299,3654,paper
349,329,304,3759,paper
334,333,311,3660,paper
337,340,329,3656,paper
342,337,308,3667,paper
334,323,320,3658,paper
318,332,303,3667,paper
316,325,296,3668,paper
334,320,280,3664,paper
333,324,246,3646,paper
239,319,291,3637,paper
324,325,289,3653,paper
333,320,282,3681,paper
357,315,293,3643,paper
333,309,282,3654,paper
328,309,278,3667,paper
325,295,277,3686,paper
330,305,284,3662,paper
332,298,281,3662,paper
278,311,281,3658,paper
315,292,322,3661,paper
327,293,303,3657,paper
329,291,310,3652,paper
332,310,294,3664,paper
331,312,292,3662,paper
324,312,288,3661,paper
326,303,297,3642,paper
344,313,282,3680,paper
326,298,282,3672,paper
329,294,281,3660,paper
324,311,289,3633,paper
328,324,285,3649,paper
333,317,284,3655,paper
332,321,305,3669,paper
457,325,280,3658,paper
332,325,272,3672,paper
328,335,278,3660,paper
332,310,301,3658,paper
328,320,305,3654,paper
332,304,279,3676,paper
343,300,325,3676,paper
322,310,274,3659,paper
331,311,272,3659,paper
342,304,266,3676,paper
325,287,268,3675,paper
312,290,264,3661,paper
323,295,284,3657,paper
324,286,278,3655,paper
330,277,272,3731,paper
328,282,274,3660,paper
329,279,284,3658,paper
338,277,259,3667,paper
300,275,261,3661,paper
329,270,259,3664,paper
310,275,256,3641,paper
330,286,248,3669,paper
326,264,261,3660,paper
307,264,245,3640,paper
328,262,254,3653,paper
341,219,247,3660,paper
331,261,251,3659,paper
329,265,248,3658,paper
341,289,258,3636,paper
332,276,248,3658,paper
331,278,230,3662,paper
328,265,250,3663,paper
344,252,261,3662,paper
307,269,243,3664,paper
335,258,245,3655,paper
328,238,257,3658,paper
331,257,237,3660,paper
332,252,237,3672,paper
338,252,237,3654,paper
323,245,195,3659,paper
375,234,248,3665,paper
333,258,221,3637,paper
424,256,232,3663,paper
332,265,230,3659,paper
327,264,224,3660,paper
333,272,219,3722,paper
255,251,225,3535,paper
332,281,241,3661,paper
331,316,236,3665,paper
330,335,208,3670,paper
331,333,236,3661,paper
331,325,234,3663,paper
325,336,247,3642,paper
350,340,219,3662,paper
310,336,221,3657,paper
347,339,240,3662,paper
321,331,266,3661,paper
331,329,269,3646,paper
324,301,282,3654,paper
333,304,267,3659,paper
272,336,269,3656,paper
331,317,266,3643,paper
342,332,262,3661,paper
331,327,269,3665,paper
333,318,276,3660,paper
316,318,257,3636,paper
336,309,258,3677,paper
330,294,284,3663,paper
331,354,247,3657,paper
312,311,244,3662,paper
325,293,275,3643,paper
337,291,263,3683,paper
333,287,250,3655,paper
340,288,261,3646,paper
340,271,256,3650,paper
335,292,256,3659,paper
318,271,273,3664,paper
334,275,251,3657,paper
316,266,253,3664,paper
334,265,221,3667,paper
316,266,263,3663,paper
348,257,226,3667,paper
338,260,256,3678,paper
304,272,271,3660,paper
328,272,329,3644,paper
328,350,272,3665,paper
356,281,283,3655,paper
338,277,276,3658,paper
341,309,277,3660,paper
340,305,280,3656,paper
333,314,288,3595,paper
338,298,281,3668,paper
336,303,286,3669,paper
340,289,281,3671,paper
338,305,260,3667,paper
332,301,282,3653,paper
334,308,278,3653,paper
342,317,265,3665,paper
344,366,269,3622,paper
346,365,274,3657,paper
341,370,260,3656,paper
339,366,262,3661,paper
341,365,248,3658,paper
333,356,268,3659,paper
346,329,270,3650,paper
340,338,246,3648,paper
338,341,251,3659,paper
338,356,253,3662,paper
333,333,273,3653,paper
341,297,253,3658,paper
338,324,244,3669,paper
350,316,234,3673,paper
334,317,258,3664,paper
339,317,258,3653,paper
335,309,232,3681,paper
353,306,236,3676,paper
330,299,241,3663,paper
334,298,233,3659,paper
334,302,239,3659,paper
334,293,235,3669,paper
329,336,242,3650,paper
333,334,221,3659,paper
330,326,236,3648,paper
337,337,247,3722,paper
360,350,245,3658,paper
342,367,256,3689,paper
343,366,247,3672,paper
340,342,256,3704,paper
338,345,256,3662,paper
340,348,252,3659,paper
332,342,245,3676,paper
328,337,155,3663,paper
334,336,242,3668,paper
343,317,256,3659,paper
328,312,238,3663,paper
332,322,240,3662,paper
325,333,241,3611,paper
342,283,230,3656,paper
337,292,240,3660,paper
335,322,239,3687,paper
322,308,235,3662,paper
341,305,224,3667,paper
334,324,238,3660,paper
337,340,241,3660,paper
337,331,251,3633,paper
336,328,242,3656,paper
336,323,238,3656,paper
359,326,233,3661,paper
317,328,245,3643,paper
340,334,229,3646,paper
339,330,241,3658,paper
338,336,253,3658,paper
232,330,250,3649,paper
329,325,256,3666,paper
327,321,245,3663,paper
335,291,256,3665,paper
341,324,242,3661,paper
333,330,240,3662,paper
344,322,215,3662,paper
336,320,239,3661,paper
339,325,224,3660,paper
336,314,229,3693,paper
338,328,232,3673,paper
338,322,231,3656,paper
335,317,226,3660,paper
333,315,225,3651,paper
330,311,221,3663,paper
335,310,202,3659,paper
254,322,217,3659,paper
329,312,209,3659,paper
359,305,236,3657,paper
319,309,223,3661,paper
337,312,217,3683,paper
334,300,239,3661,paper
328,291,235,3670,paper
327,299,235,3629,paper
332,290,237,3641,paper
343,288,242,3662,paper
306,268,244,3619,paper
336,281,234,3661,paper
318,270,349,3657,paper
317,278,234,3571,paper
350,265,242,3649,paper
343,264,276,3673,paper
324,270,279,3660,paper
281,293,220,3658,paper
334,324,228,3660,paper
337,308,249,3659,paper
336,331,232,3661,paper
338,323,233,3674,paper
351,322,271,3677,paper
335,309,264,3657,paper
340,314,258,3664,paper
337,323,242,3662,paper
355,335,336,3662,paper
336,356,234,3664,paper
336,381,231,3660,paper
320,376,245,3645,paper
352,375,317,3656,paper
336,382,247,3633,paper
336,376,230,3667,paper
337,379,224,3663,paper
239,376,225,3657,paper
280,375,232,3751,paper
342,318,244,3664,paper
333,260,225,3659,paper
332,352,224,3672,paper
349,350,223,3660,paper
312,328,238,3637,paper
347,341,229,3673,paper
356,334,238,3659,paper
335,328,233,3677,paper
330,344,226,3673,paper
331,335,229,3656,paper
326,337,226,3664,paper
335,348,224,3662,paper
319,355,214,3667,paper
347,378,217,3672,paper
330,348,232,3659,paper
342,329,216,3657,paper
334,345,215,3663,paper
347,340,210,3654,paper
335,347,198,3684,paper
332,334,209,3635,paper
336,332,212,3661,paper
323,327,204,3663,paper
334,322,211,3787,paper
332,320,211,3683,paper
292,317,210,3645,paper
279,328,212,3656,paper
336,307,209,3650,paper
333,298,230,3651,paper
332,288,221,3661,paper
332,320,201,3675,paper
335,311,216,3661,paper
340,322,219,3664,paper
330,326,237,3653,paper
332,340,214,3664,paper
351,359,212,3659,paper
338,341,209,3701,paper
319,350,95,3664,paper
321,354,213,3655,paper
337,249,213,3667,paper
302,341,205,3653,paper
334,337,209,3663,paper
335,332,216,3655,paper
278,338,194,3659,paper
341,306,204,3662,paper
333,320,212,3660,paper
323,328,221,3658,paper
341,315,221,3654,paper
334,314,312,3661,paper
344,303,218,3663,paper
338,311,224,3663,paper
332,327,214,3658,paper
340,244,220,3658,paper
332,348,228,3605,paper
335,317,224,3661,paper
349,320,233,3662,paper
329,324,223,3653,paper
326,341,206,3673,paper
334,423,218,3662,paper
349,313,228,3663,paper
362,323,231,3650,paper
337,320,217,3666,paper
332,322,230,3661,paper
332,318,209,3655,paper
336,317,223,3675,paper
318,307,232,3657,paper
341,210,224,3662,paper
345,282,221,3659,paper
353,301,219,3661,paper
322,304,229,3659,paper
338,296,232,3659,paper
333,290,189,3651,paper
341,267,250,3657,paper
320,295,250,3663,paper
332,284,225,3676,paper
334,292,254,3663,paper
336,281,283,3655,paper
338,282,285,3656,paper
335,282,308,3657,paper
341,282,296,3660,paper
336,275,302,3657,paper
332,279,244,3656,paper
346,271,292,3662,paper
341,273,295,3658,paper
334,277,312,3659,paper
332,264,321,3649,paper
327,288,324,3629,paper
333,270,330,3656,paper
334,265,327,3609,paper
331,276,328,3659,paper
332,273,322,3659,paper
226,261,323,3662,paper
328,261,312,3638,paper
332,272,304,3661,paper
335,252,314,3666,paper
331,254,301,3663,paper
336,250,305,3651,paper
315,245,309,3661,paper
342,244,319,3664,paper
334,242,323,3660,paper
331,231,323,3736,paper
326,246,318,3651,paper
319,248,324,3666,paper
328,245,322,3659,paper
340,257,354,3658,paper
326,268,338,3650,paper
338,274,336,3652,paper
307,260,369,3647,paper
332,280,341,3661,paper
324,269,301,3655,paper
348,266,330,3663,paper
328,268,330,3650,paper
334,257,327,3679,paper
294,280,323,3657,paper
329,270,322,3593,paper
326,267,323,3661,paper
326,278,318,3649,paper
330,272,336,3656,paper
328,379,336,3662,paper
330,276,340,3659,paper
324,286,350,3637,paper
330,282,339,3659,paper
328,191,344,3659,paper
331,284,358,3653,paper
381,295,373,3658,paper
313,309,380,3647,paper
330,300,376,3663,paper
336,304,372,3656,paper
331,298,373,3657,paper
313,300,364,3662,paper
333,298,367,3649,paper
333,291,358,3680,paper
331,285,349,3679,paper
332,290,347,3663,paper
318,284,342,3661,paper
333,282,334,3647,paper
329,268,347,3661,paper
330,261,344,3659,paper
346,269,344,3667,paper
272,274,344,3643,paper
318,259,347,3661,paper
313,268,361,3659,paper
334,276,357,3655,paper
340,278,364,3661,paper
335,274,366,3657,paper
338,250,366,3649,paper
328,263,348,3661,paper
331,264,347,3660,paper
331,265,333,3658,paper
332,260,332,3665,paper
332,260,335,3667,paper
336,261,337,3652,paper
332,264,359,3650,paper
328,332,335,3659,paper
331,261,339,3661,paper
331,246,327,3657,paper
333,253,328,3651,paper
332,261,323,3655,paper
332,260,323,3659,paper
346,256,321,3667,paper
333,246,317,3659,paper
330,215,326,3664,paper
330,247,336,3659,paper
322,244,325,3657,paper
324,243,324,3665,paper
328,239,324,3661,paper
320,236,319,3679,paper
326,235,328,3654,paper
317,231,322,3655,paper
332,230,294,3659,paper
326,226,314,3665,paper
331,230,332,3659,paper
327,197,318,3660,paper
330,219,324,3657,paper
311,219,334,3661,paper
337,217,419,3663,paper
327,215,337,3657,paper
325,114,324,3659,paper
331,206,324,3657,paper
321,208,331,3653,paper
328,224,324,3706,paper
333,221,338,3661,paper
327,211,329,3658,paper
329,210,351,3654,paper
307,208,389,3660,paper
332,206,344,3739,paper
330,210,343,3654,paper
331,213,351,3652,paper
320,227,316,3662,paper
326,206,343,3652,paper
329,206,339,3677,paper
325,207,377,3659,paper
330,216,343,3637,paper
325,202,343,3659,paper
340,216,344,3659,paper
320,209,356,3657,paper
332,233,340,3656,paper
328,276,348,3657,paper
330,262,340,3661,paper
326,279,332,3663,paper
328,280,344,3662,paper
331,296,333,3671,paper
320,299,344,3664,paper
333,289,354,3646,paper
334,287,333,3654,paper
334,286,324,3660,paper
332,285,338,3666,paper
334,279,329,3659,paper
331,290,340,3658,paper
305,309,343,3656,paper
307,295,332,3659,paper
329,294,328,3657,paper
340,305,330,3650,paper
331,304,318,3659,paper
330,317,316,3662,paper
331,319,318,3660,paper
335,311,326,3650,paper
279,316,326,3672,paper
332,312,334,3659,paper
338,310,326,3667,paper
336,304,347,3652,paper
332,310,330,3655,paper
332,299,342,3655,paper
335,342,355,3657,paper
331,224,340,3661,paper
329,311,335,3654,paper
348,296,332,3657,paper
331,308,329,3657,paper
330,267,330,3662,paper
330,285,321,3661,paper
319,282,327,3640,paper
325,343,320,3662,paper
332,278,324,3653,paper
331,270,315,3661,paper
313,267,309,3666,paper
330,270,298,3679,paper
330,261,304,3650,paper
329,259,300,3665,paper
321,268,288,3662,paper
333,256,304,3659,paper
330,256,312,3651,paper
324,253,320,3661,paper
320,245,330,3666,paper
333,243,345,3658,paper
342,234,354,3646,paper
341,248,347,3662,paper
332,236,338,3669,paper
326,235,343,3665,paper
353,206,335,3661,paper
333,226,330,3673,paper
331,236,320,3674,paper
330,217,331,3637,paper
319,228,324,3657,paper
328,227,314,3637,paper
330,219,318,3619,paper
330,234,312,3664,paper
333,221,313,3658,paper
345,223,310,3641,paper
330,224,315,3665,paper
335,241,329,3671,paper
332,225,361,3659,paper
342,221,361,3661,paper
328,212,376,3661,paper
332,220,345,3664,paper
335,218,385,3660,paper
329,221,391,3659,paper
332,215,386,3661,paper
332,210,393,3663,paper
309,217,396,3664,paper
329,213,391,3661,paper
333,211,378,3652,paper
332,213,388,3663,paper
318,226,374,3657,paper
335,222,372,3663,paper
331,224,386,3656,paper
329,226,398,3652,paper
335,226,391,3659,paper
337,228,406,3657,paper
321,223,387,3666,paper
330,224,381,3645,paper
334,247,383,3657,paper
340,240,387,3667,paper
341,242,387,3661,paper
333,252,380,3659,paper
322,244,385,3661,paper
313,249,384,3654,paper
337,264,390,3659,paper
336,264,390,3661,paper
347,266,394,3666,paper
335,265,386,3652,paper
245,284,395,3748,paper
325,293,396,3656,paper
341,286,414,3656,paper
344,282,436,3663,paper
339,284,448,3658,paper
340,288,446,3659,paper
334,288,442,3655,paper
357,281,457,3661,paper
347,280,442,3680,paper
342,278,429,3676,paper
333,277,434,3651,paper
369,272,426,3650,paper
359,273,426,3670,paper
337,269,419,3655,paper
337,283,427,3635,paper
346,301,408,3648,paper
341,278,402,3644,paper
341,284,405,3655,paper
366,289,410,3660,paper
339,298,393,3703,paper
338,288,391,3661,paper
345,313,459,3655,paper
339,327,365,3668,paper
341,335,394,3650,paper
337,322,388,3678,paper
335,339,396,3631,paper
333,324,400,3652,paper
340,329,388,3656,paper
334,333,386,3674,paper
327,367,386,3655,paper
340,363,387,3669,paper
336,352,383,3669,paper
341,352,373,3661,paper
339,324,393,3665,paper
341,340,389,3662,paper
334,356,424,3667,paper
361,334,379,3660,paper
341,347,398,3655,paper
342,353,392,3659,paper
341,354,372,3666,paper
360,349,366,3661,paper
343,344,368,3657,paper
337,336,365,3663,paper
338,348,355,3660,paper
344,333,430,3661,paper
339,324,391,3656,paper
339,328,394,3668,paper
332,359,382,3653,paper
338,342,406,3662,paper
333,332,384,3665,paper
349,326,402,3661,paper
340,336,402,3670,paper
336,333,402,3657,paper
336,329,394,3663,paper
339,332,393,3676,paper
336,325,398,3653,paper
337,322,387,3661,paper
336,322,392,3660,paper
336,326,396,3636,paper
337,325,393,3658,paper
333,303,385,3670,paper
337,308,392,3654,paper
337,308,363,3658,paper
336,303,376,3661,paper
333,302,378,3797,paper
336,302,372,3649,paper
336,316,371,3660,paper
346,331,359,3656,paper
337,347,338,3662,paper
331,286,361,3652,paper
339,348,354,3677,paper
377,334,349,3664,paper
336,353,342,3657,paper
349,361,300,3676,paper
329,368,362,3637,paper
334,374,355,3658,paper
332,374,348,3662,paper
337,417,346,3659,paper
335,434,355,3648,paper
338,437,321,3657,paper
333,432,340,3671,paper
338,412,355,3665,paper
336,429,366,3658,paper
341,427,412,3674,paper
333,423,352,3665,paper
336,426,356,3663,paper
240,430,354,3653,paper
336,430,347,3637,paper
338,421,352,3674,paper
337,411,357,3670,paper
354,404,360,3665,paper
325,406,354,3662,paper
337,398,356,3659,paper
369,395,368,3658,paper
343,384,368,3658,paper
337,400,362,3562,paper
346,375,373,3658,paper
328,380,360,3634,paper
321,374,362,3653,paper
338,377,345,3661,paper
337,372,366,3661,paper
331,360,346,3662,paper
309,352,370,3645,paper
338,367,352,3661,paper
337,336,354,3658,paper
336,346,359,3681,paper
341,377,362,3659,paper
325,378,345,3665,paper
340,360,353,3651,paper
341,360,353,3668,paper
336,366,341,3657,paper
336,370,334,3661,paper
341,370,337,3663,paper
337,359,354,3666,paper
333,351,328,3673,paper
355,348,333,3664,paper
340,341,333,3655,paper
337,289,343,3663,paper
313,344,333,3661,paper
323,346,322,3643,paper
337,333,312,3687,paper
333,331,316,3662,paper
336,353,314,3657,paper
336,364,311,3656,paper
337,396,313,3659,paper
327,366,314,3652,paper
337,379,305,3667,paper
341,394,304,3657,paper
348,397,227,3661,paper
338,409,299,3660,paper
337,386,296,3648,paper
342,405,272,3658,paper
334,397,287,3677,paper
337,396,305,3655,paper
327,396,297,3643,paper
351,387,293,3662,paper
334,378,280,3663,paper
341,370,274,3720,paper
318,374,281,3659,paper
334,384,264,3660,paper
343,419,293,3664,paper
333,379,298,3667,paper
325,413,266,3661,paper
331,397,296,3664,paper
343,389,287,3639,paper
332,391,306,3661,paper
333,380,287,3649,paper
312,380,288,3641,paper
349,372,282,3659,paper
347,380,282,3678,paper
334,384,262,3664,paper
329,359,279,3673,paper
332,363,256,3686,paper
334,352,274,3607,paper
330,347,270,3670,paper
339,356,267,3651,paper
341,354,263,3695,paper
337,362,243,3660,paper
341,369,254,3657,paper
343,288,250,3656,paper
343,354,264,3665,paper
332,354,260,3664,paper
336,356,268,3657,paper
352,347,243,3667,paper
335,282,263,3669,paper
355,342,256,3664,paper
335,324,260,3663,paper
336,336,251,3637,paper
335,328,247,3659,paper
337,325,252,3656,paper
334,356,249,3663,paper
331,318,242,3677,paper
333,315,241,3664,paper
334,279,249,3661,paper
335,309,237,3645,paper
327,303,250,3656,paper
339,312,234,3674,paper
323,305,241,3657,paper
326,310,337,3651,paper
358,309,230,3662,paper
335,309,236,3687,paper
330,305,250,3657,paper
329,278,260,3665,paper
336,296,242,3657,paper
330,288,234,3689,paper
326,271,242,3646,paper
334,293,182,3664,paper
333,290,244,3661,paper
332,269,237,3661,paper
330,285,252,3655,paper
330,282,238,3656,paper
343,285,215,3658,paper
333,284,221,3666,paper
331,286,228,3561,paper
341,285,223,3655,paper
335,280,121,3661,paper
330,293,228,3661,paper
343,302,170,3676,paper
323,299,240,3638,paper
330,304,230,3650,paper
334,306,218,3660,paper
330,295,229,3660,paper
307,292,222,3658,paper
322,282,229,3661,paper
329,290,226,3635,paper
328,290,175,3657,paper
329,284,239,3655,paper
326,289,220,3639,paper
329,357,206,3660,paper
338,284,197,3659,paper
328,273,205,3664,paper
343,275,299,3662,paper
329,277,213,3675,paper
330,292,222,3671,paper
329,273,231,3651,paper
318,334,214,3646,paper
346,312,306,3661,paper
331,307,217,3661,paper
265,314,248,3656,paper
332,303,260,3668,paper
383,284,256,3537,paper
345,293,268,3640,paper
313,284,271,3660,paper
332,314,270,3659,paper
330,297,256,3679,paper
331,295,272,3674,paper
332,301,283,3651,paper
328,398,268,3664,paper
332,280,286,3669,paper
330,278,269,3794,paper
334,291,270,3659,paper
331,290,263,3648,paper
329,299,258,3672,paper
325,283,266,3675,paper
320,288,257,3660,paper
328,294,264,3637,paper
317,294,274,3660,paper
328,305,227,3657,paper
349,302,258,3663,paper
334,312,280,3656,paper
345,308,352,3659,paper
334,292,249,3629,paper
325,306,160,3658,paper
317,307,256,3659,paper
349,296,249,3688,paper
341,288,260,3646,paper
332,301,251,3711,paper
274,302,258,3654,paper
336,299,256,3800,paper
331,329,256,3621,paper
342,342,246,3661,paper
334,350,233,3661,paper
335,367,271,3642,paper
331,387,263,3653,paper
326,393,261,3648,paper
317,410,273,3683,paper
332,392,274,3629,paper
330,351,272,3665,paper
324,387,271,3649,paper
332,380,266,3661,paper
328,377,266,3669,paper
325,371,265,3671,paper
330,370,257,3655,paper
329,364,260,3663,paper
338,373,245,3662,paper
332,371,273,3663,paper
326,390,270,3657,paper
333,378,281,3671,paper
342,387,301,3673,paper
329,409,280,3659,paper
329,406,299,3633,paper
329,384,297,3701,paper
328,397,280,3676,paper
323,393,419,3660,paper
327,371,307,3656,paper
334,394,335,3650,paper
374,371,309,3661,paper
332,367,312,3661,paper
321,347,323,3650,paper
340,383,310,3655,paper
328,340,306,3661,paper
336,372,298,3661,paper
337,378,302,3674,paper
329,376,310,3658,paper
330,382,294,3668,paper
324,378,293,3665,paper
332,374,307,3663,paper
336,388,324,3660,paper
333,390,288,3659,paper
325,394,290,3654,paper
315,414,286,3658,paper
330,391,286,3655,paper
291,390,298,3638,paper
334,399,289,3659,paper
312,400,291,3660,paper
328,385,291,3683,paper
326,360,296,3673,paper
323,365,288,3663,paper
326,374,314,3655,paper
331,354,313,3634,paper
338,365,305,3663,paper
319,376,341,3655,paper
335,384,326,3661,paper
332,387,329,3684,paper
341,380,322,3659,paper
331,377,337,3636,paper
342,376,408,3657,paper
324,400,346,3661,paper
340,404,348,3659,paper
324,417,341,3660,paper
332,415,352,3660,paper
330,437,360,3585,paper
456,417,355,3659,paper
332,406,345,3668,paper
323,401,372,3654,paper
331,413,344,3627,paper
332,397,348,3660,paper
333,398,338,3660,paper
324,408,344,3648,paper
353,399,333,3663,paper
335,411,327,3658,paper
325,413,323,3677,paper
320,386,423,3657,paper
331,380,324,3661,paper
326,381,316,3667,paper
300,382,334,3625,paper
421,401,315,3655,paper
334,399,310,3661,paper
316,386,305,3661,paper
321,368,315,3619,paper
231,384,312,3646,paper
337,386,309,3671,paper
351,388,315,3691,paper
354,381,300,3651,paper
347,380,302,3664,paper
329,356,299,3640,paper
386,364,308,3659,paper
351,355,318,3655,paper
338,400,328,3658,paper
335,357,331,3658,paper
347,349,329,3655,paper
338,362,324,3726,paper
337,351,296,3662,paper
337,359,319,3668,paper
336,282,326,3655,paper
411,332,324,3672,paper
332,329,320,3659,paper
348,333,318,3661,paper
338,318,316,3678,paper
329,313,324,3664,paper
314,308,341,3662,paper
339,308,320,3677,paper
340,303,232,3662,paper
334,302,320,3664,paper
333,306,323,3660,paper
335,333,322,3651,paper
326,326,332,3660,paper
339,307,310,3658,paper
334,275,306,3662,paper
317,327,311,3662,paper
334,323,320,3651,paper
379,324,284,3665,paper
340,326,303,3673,paper
351,319,308,3663,paper
339,310,294,3663,paper
319,316,308,3663,paper
332,308,305,3711,paper
333,318,300,3660,paper
330,322,308,3664,paper
331,334,311,3659,paper
322,317,290,3675,paper
334,310,293,3654,paper
330,306,322,3658,paper
341,251,315,3660,paper
333,324,324,3659,paper
329,309,330,3661,paper
335,324,320,3665,paper
314,332,332,3641,paper
332,329,333,3654,paper
350,330,361,3659,paper
312,326,360,3661,paper
333,324,387,3673,paper
309,324,410,3660,paper
332,315,396,3663,paper
343,301,404,3645,paper
340,306,403,3667,paper
320,300,474,3665,paper
334,298,443,3648,paper
326,295,429,3658,paper
330,269,422,3661,paper
337,305,427,3640,paper
332,292,429,3659,paper
327,293,405,3661,paper
327,275,404,3664,paper
329,281,420,3657,paper
342,276,401,3662,paper
331,300,395,3661,paper
332,293,397,3663,paper
332,295,384,3734,paper
339,275,392,3662,paper
342,288,444,3659,paper
333,276,377,3670,paper
343,292,375,3656,paper
340,281,370,3658,paper
325,308,367,3662,paper
330,286,367,3660,paper
316,295,337,3661,paper
331,297,390,3673,paper
333,300,399,3660,paper
312,312,406,3657,paper
230,303,417,3634,paper
347,300,423,3677,paper
335,302,432,3654,paper
326,316,418,3665,paper
224,322,415,3637,paper
334,319,411,3672,paper
332,306,426,3661,paper
334,321,403,3668,paper
325,321,438,3659,paper
318,321,429,3641,paper
343,304,446,3646,paper
339,394,428,3661,paper
336,321,431,3661,paper
347,301,448,3659,paper
336,306,461,3656,paper
340,220,441,3657,paper
336,325,441,3659,paper
370,325,449,3666,paper
350,351,439,3658,paper
331,346,439,3657,paper
370,371,440,3672,paper
332,354,453,3656,paper
335,348,451,3659,paper
340,345,461,3657,paper
333,345,426,3656,paper
332,355,438,3660,paper
326,335,434,3717,paper
325,335,432,3659,paper
330,330,415,3678,paper
335,299,418,3654,paper
348,325,393,3663,paper
353,353,416,3666,paper
306,343,410,3661,paper
349,341,411,3658,paper
330,293,429,3665,paper
342,386,407,3657,paper
330,403,412,3649,paper
327,393,409,3664,paper
345,391,420,3658,paper
333,387,500,3660,paper
328,400,446,3660,paper
333,376,446,3650,paper
331,378,462,3661,paper
329,373,444,3662,paper
330,373,417,3668,paper
332,370,444,3659,paper
340,369,535,3663,paper
333,363,432,3651,paper
332,368,443,3659,paper
336,355,440,3678,paper
346,339,462,3657,paper
341,354,442,3651,paper
332,352,447,3658,paper
331,351,436,3659,paper
334,346,457,3661,paper
323,346,440,3633,paper
350,338,436,3658,paper
329,235,434,3660,paper
334,356,448,3659,paper
329,380,423,3660,paper
328,386,509,3661,paper
332,393,413,3662,paper
338,396,323,3657,paper
328,398,412,3661,paper
333,390,420,3662,paper
334,403,419,3657,paper
333,306,414,3661,paper
335,466,407,3661,paper
336,395,403,3669,paper
335,388,404,3651,paper
313,385,435,3659,paper
325,396,392,3652,paper
335,409,390,3658,paper
339,390,391,3648,paper
334,407,385,3659,paper
332,402,375,3660,paper
327,399,373,3655,paper
333,395,375,3657,paper
331,403,374,3656,paper
331,398,364,3659,paper
332,431,343,3665,paper
345,386,356,3658,paper
328,382,348,3660,paper
322,393,355,3659,paper
334,372,356,3668,paper
335,366,368,3656,paper
329,363,363,3657,paper
331,349,362,3635,paper
330,356,382,3652,paper
330,340,380,3652,paper
323,354,346,3660,paper
338,367,353,3654,paper
316,356,346,3649,paper
331,362,346,3667,paper
349,368,398,3652,paper
349,400,325,3673,paper
334,397,336,3660,paper
333,410,341,3679,paper
323,412,336,3657,paper
375,439,338,3655,paper
227,467,341,3655,paper
330,473,347,3603,paper
336,459,347,3657,paper
335,449,340,3658,paper
341,446,336,3668,paper
326,420,333,3699,paper
340,432,332,3674,paper
334,425,353,3657,paper
341,423,331,3679,paper
334,417,335,3659,paper
350,410,325,3655,paper
325,401,328,3647,paper
320,414,300,3670,paper
345,387,315,3663,paper
319,397,309,3654,paper
328,394,309,3657,paper
334,390,302,3661,paper
329,385,317,3660,paper
320,385,299,3655,paper
338,374,292,3661,paper
334,369,287,3673,paper
330,364,292,3671,paper
335,370,300,3655,paper
337,357,304,3657,paper
333,358,311,3708,paper
331,358,313,3619,paper
355,372,326,3648,paper
249,347,318,3640,paper
323,353,323,3659,paper
332,356,327,3659,paper
325,369,317,3653,paper
328,390,312,3663,paper
332,369,310,3661,paper
333,369,313,3681,paper
323,377,303,3661,paper
325,397,305,3651,paper
330,394,306,3660,paper
332,410,293,3657,paper
311,415,316,3659,paper
336,411,315,3658,paper
331,403,294,3675,paper
341,402,310,3658,paper
336,424,324,3654,paper
342,442,303,3640,paper
338,434,321,3660,paper
334,434,312,3652,paper
340,417,328,3654,paper
338,404,335,3661,paper
352,409,205,3660,paper
341,397,327,3651,paper
340,393,306,3652,paper
344,403,307,3549,paper
335,391,303,3662,paper
341,380,299,3661,paper
339,377,297,3662,paper
350,352,314,3657,paper
338,366,293,3661,paper
341,358,288,3660,paper
339,354,272,3658,paper
336,353,288,3671,paper
339,347,283,3664,paper
334,348,288,3661,paper
327,359,278,3670,paper
337,356,285,3669,paper
346,348,263,3656,paper
348,345,293,3672,paper
338,338,284,3658,paper
339,338,286,3657,paper
340,325,280,3672,paper
335,308,295,3667,paper
339,324,272,3679,paper
329,322,275,3655,paper
335,320,274,3660,paper
321,326,269,3661,paper
329,322,268,3659,paper
336,314,263,3678,paper
338,315,264,3662,paper
336,312,257,3659,paper
336,309,274,3661,paper
336,305,236,3655,paper
336,309,258,3659,paper
342,311,247,3668,paper
339,312,249,3652,paper
333,310,251,3659,paper
347,310,243,3654,paper
332,303,242,3664,paper
326,307,240,3661,paper
348,305,241,3662,paper
312,302,244,3659,paper
335,286,234,3672,paper
333,274,238,3655,paper
338,319,234,3653,paper
332,324,245,3662,paper
331,306,263,3733,paper
355,319,278,3653,paper
342,334,274,3661,paper
343,357,273,3658,paper
334,304,292,3682,paper
349,344,285,3655,paper
332,356,298,3663,paper
335,375,258,3672,paper
326,363,277,3684,paper
333,360,320,3650,paper
331,359,266,3665,paper
329,349,291,3657,paper
338,363,268,3664,paper
333,337,270,3662,paper
256,351,264,3661,paper
346,341,151,3659,paper
328,335,247,3656,paper
330,320,273,3664,paper
328,313,258,3674,paper
332,358,254,3660,paper
329,371,257,3661,paper
335,372,263,3662,paper
335,374,250,3658,paper
357,381,236,3657,paper
333,377,251,3664,paper
337,375,259,3660,paper
336,372,267,3668,paper
335,360,258,3655,paper
333,352,268,3665,paper
334,332,266,3661,paper
334,348,252,3656,paper
332,345,256,3664,paper
328,328,254,3671,paper
331,333,271,3648,paper
334,331,261,3652,paper
337,324,256,3657,paper
350,323,253,3661,paper
334,326,253,3673,paper
335,314,258,3650,paper
335,313,261,3671,paper
328,305,262,3659,paper
340,303,260,3642,paper
335,308,260,3680,paper
352,297,149,3663,paper
335,314,264,3663,paper
337,291,266,3657,paper
338,307,260,3721,paper
334,314,274,3660,paper
336,317,281,3661,paper
335,308,252,3656,paper
334,298,280,3669,paper
334,314,270,3660,paper
338,310,273,3659,paper
330,323,299,3653,paper
338,308,283,3657,paper
314,302,289,3535,paper
348,296,280,3716,paper
337,302,278,3657,paper
331,300,294,3679,paper
337,277,297,3662,paper
335,269,293,3658,paper
335,286,280,3651,paper
342,279,288,3661,paper
329,279,286,3656,paper
332,272,281,3675,paper
337,267,284,3665,paper
335,268,300,3653,paper
338,272,281,3675,paper
396,277,276,3651,paper
331,252,277,3684,paper
339,280,274,3645,paper
333,274,272,3660,paper
331,280,269,3654,paper
336,284,275,3679,paper
335,298,263,3648,paper
334,295,262,3661,paper
334,285,239,3659,paper
335,288,257,3662,paper
330,286,259,3652,paper
336,288,232,3660,paper
337,282,252,3665,paper
334,282,247,3657,paper
289,298,252,3753,paper
339,284,258,3676,paper
341,276,247,3665,paper
335,232,262,3663,paper
349,285,242,3656,paper
331,235,248,3667,paper
339,278,237,3658,paper
332,281,234,3678,paper
345,273,181,3655,paper
351,270,243,3661,paper
336,282,243,3664,paper
409,268,234,3656,paper
336,260,218,3661,paper
341,280,242,3659,paper
342,283,259,3646,paper
338,282,265,3660,paper
336,278,261,3685,paper
352,282,261,3656,paper
338,269,271,3655,paper
349,265,266,3657,paper
328,266,284,3660,paper
338,264,263,3677,paper
355,270,288,3647,paper
331,287,272,3657,paper
340,286,270,3658,paper
311,311,271,3663,paper
332,277,268,3660,paper
336,303,281,3662,paper
334,318,264,3654,paper
331,324,288,3661,paper
363,319,267,3664,paper
338,314,272,3645,paper
341,321,266,3661,paper
335,336,245,3663,paper
333,254,251,3661,paper
330,322,261,3647,paper
336,321,253,3635,paper
315,318,257,3661,paper
348,308,257,3716,paper
325,309,245,3681,paper
336,323,252,3659,paper
328,322,235,3655,paper
341,322,233,3674,paper
328,311,256,3657,paper
334,317,220,3673,paper
335,327,245,3661,paper
336,307,256,3660,paper
356,304,249,3652,paper
330,299,243,3636,paper
350,298,276,3669,paper
333,306,253,3657,paper
333,277,246,3658,paper
314,320,249,3641,paper
335,313,244,3659,paper
329,317,249,3658,paper
348,317,262,3658,paper
324,331,229,3659,paper
333,315,267,3652,paper
336,313,280,3662,paper
331,299,270,3661,paper
342,308,264,3650,paper
336,314,256,3665,paper
341,316,261,3670,paper
326,324,320,3657,paper
331,327,265,3659,paper
354,331,229,3676,paper
335,329,273,3638,paper
353,326,257,3680,paper
334,325,350,3660,paper
328,332,269,3621,paper
331,323,266,3688,paper
330,321,265,3659,paper
342,336,273,3646,paper
338,315,252,3653,paper
337,286,279,3662,paper
337,309,263,3661,paper
337,322,270,3659,paper
344,343,254,3668,paper
347,282,284,3662,paper
315,295,274,3640,paper
332,288,383,3639,paper
338,266,273,3680,paper
337,283,285,3660,paper
340,286,278,3659,paper
333,276,280,3644,paper
339,275,278,3659,paper
345,268,281,3665,paper
338,250,274,3661,paper
334,265,278,3649,paper
335,262,274,3658,paper
333,252,288,3662,paper
340,244,277,3656,paper
334,262,280,3668,paper
335,271,289,3691,paper
339,220,300,3653,paper
332,296,292,3645,paper
342,304,281,3649,paper
342,303,297,3653,paper
336,298,378,3639,paper
334,295,284,3652,paper
336,301,279,3654,paper
344,292,270,3660,paper
349,291,317,3673,paper
438,289,275,3668,paper
341,284,273,3664,paper
351,281,275,3666,paper
351,264,286,3664,paper
335,288,266,3646,paper
341,295,246,3678,paper
347,296,248,3666,paper
346,342,263,3660,paper
360,276,273,3667,paper
345,282,269,3648,paper
354,280,338,3660,paper
340,278,169,3672,paper
320,269,256,3656,paper
325,266,257,3639,paper
340,304,253,3662,paper
398,274,250,3675,paper
350,277,251,3665,paper
349,240,258,3659,paper
340,272,243,3661,paper
337,236,254,3644,paper
333,247,248,3646,paper
337,264,242,3665,paper
345,259,260,3655,paper
333,247,278,3646,paper
328,254,284,3655,paper
341,282,274,3654,paper
340,269,259,3656,paper
343,278,280,3659,paper
318,277,298,3659,paper
340,288,273,3673,paper
342,274,296,3664,paper
334,292,293,3676,paper
345,278,296,3666,paper
347,271,302,3677,paper
350,266,309,3654,paper
351,246,311,3657,paper
346,216,318,3660,paper
342,264,292,3673,paper
345,279,311,3735,paper
343,273,323,3637,paper
325,285,295,3660,paper
340,276,318,3640,paper
345,271,303,3721,paper
363,256,318,3659,paper
342,258,300,3671,paper
353,244,296,3676,paper
395,256,296,3661,paper
345,248,317,3653,paper
344,230,297,3649,paper
336,242,284,3660,paper
344,242,286,3697,paper
346,240,279,3656,paper
344,229,304,3659,paper
342,232,277,3661,paper
345,227,273,3674,paper
338,225,265,3675,paper
352,222,272,3670,paper
349,228,268,3662,paper
342,142,267,3661,paper
346,221,272,3662,paper
347,170,268,3661,paper
346,222,266,3751,paper
339,204,270,3663,paper
351,222,268,3667,paper
343,247,275,3659,paper
358,248,282,3660,paper
345,252,269,3669,paper
348,152,295,3657,paper
343,244,290,3670,paper
347,225,285,3659,paper
338,251,277,3677,paper
340,239,278,3656,paper
349,237,275,3663,paper
336,219,270,3660,paper
364,197,270,3662,paper
342,227,276,3661,paper
349,249,257,3658,paper
334,230,271,3663,paper
348,223,257,3663,paper
344,305,265,3662,paper
345,259,244,3669,paper
347,212,268,3674,paper
350,230,248,3659,paper
346,210,271,3649,paper
340,209,269,3665,paper
296,210,252,3672,paper
352,191,251,3657,paper
357,203,169,3659,paper
343,205,245,3661,paper
345,221,234,3643,paper
349,252,229,3658,paper
336,247,250,3678,paper
325,256,253,3658,paper
335,264,248,3675,paper
348,258,184,3659,paper
348,256,298,3658,paper
343,250,304,3650,paper
340,266,283,3676,paper
352,248,292,3666,paper
344,240,300,3659,paper
334,245,292,3654,paper
326,241,295,3650,paper
343,239,293,3663,paper
340,241,297,3658,paper
344,234,251,3663,paper
334,241,278,3662,paper
353,228,177,3664,paper
327,237,294,3656,paper
346,235,279,3661,paper
316,260,275,3662,paper
339,267,281,3658,paper
329,276,277,3634,paper
326,275,295,3641,paper
336,300,258,3661,paper
337,309,271,3747,paper
337,305,263,3659,paper
331,299,269,3650,paper
341,305,262,3659,paper
341,296,262,3662,paper
338,283,262,3663,paper
316,296,281,3663,paper
349,296,244,3668,paper
342,326,270,3668,paper
332,295,271,3631,paper
340,325,280,3661,paper
342,300,282,3759,paper
308,312,279,3658,paper
337,314,308,3654,paper
324,317,286,3639,paper
321,323,291,3660,paper
347,326,277,3656,paper
336,305,285,3662,paper
332,310,276,3644,paper
280,320,281,3661,paper
382,304,278,3679,paper
344,305,278,3652,paper
341,304,342,3661,paper
343,313,290,3651,paper
394,296,291,3668,paper
338,294,283,3663,paper
333,275,309,3648,paper
332,322,290,3662,paper
339,302,295,3659,paper
369,300,274,3667,paper
328,301,355,3659,paper
339,312,290,3660,paper
341,292,286,3658,paper
341,285,285,3685,paper
340,350,280,3662,paper
333,290,275,3673,paper
334,296,271,3658,paper
360,294,289,3659,paper
337,328,282,3659,paper
389,332,280,3622,paper
332,321,264,3662,paper
339,310,276,3660,paper
340,330,275,3634,paper
363,323,281,3652,paper
349,339,252,3661,paper
334,317,266,3662,paper
338,259,267,3659,paper
336,336,274,3668,paper
339,335,271,3659,paper
317,326,281,3660,paper
342,323,256,3655,paper
332,328,265,3663,paper
337,315,261,3661,paper
348,305,326,3648,paper
339,306,261,3659,paper
323,310,273,3661,paper
337,301,273,3655,paper
351,256,262,3658,paper
335,382,280,3661,paper
327,313,286,3660,paper
326,307,299,3643,paper
340,311,311,3659,paper
329,329,448,3660,paper
336,353,309,3655,paper
338,388,311,3660,paper
331,365,303,3661,paper
340,323,303,3661,paper
342,384,295,3633,paper
343,387,297,3658,paper
356,382,308,3660,paper
342,431,282,3660,paper
361,432,281,3664,paper
365,424,288,3652,paper
349,400,306,3663,paper
343,417,285,3661,paper
392,411,292,3659,paper
346,316,273,3659,paper
342,399,291,3660,paper
342,375,293,3678,paper
341,383,276,3662,paper
356,385,370,3660,paper
339,374,284,3660,paper
279,373,290,3681,paper
337,366,291,3666,paper
339,363,294,3654,paper
336,369,279,3680,paper
341,355,214,3659,paper
335,364,284,3661,paper
338,345,292,3660,paper
335,341,260,3666,paper
336,336,280,3661,paper
337,336,300,3654,paper
349,330,252,3670,paper
340,325,273,3659,paper
334,310,276,3661,paper
341,313,276,3657,paper
336,227,281,3663,paper
357,310,284,3661,paper
337,306,289,3662,paper
335,304,286,3660,paper
330,305,284,3654,paper
349,297,286,3661,paper
337,311,277,3659,paper
326,306,280,3662,paper
333,303,293,3654,paper
324,298,277,3662,paper
337,280,280,3667,paper
354,301,278,3666,paper
336,335,272,3706,paper
335,343,272,3658,paper
340,354,262,3661,paper
356,355,267,3662,paper
335,377,266,3659,paper
320,393,240,3672,paper
336,393,264,3663,paper
348,414,246,3668,paper
463,397,256,3677,paper
332,391,262,3667,paper
340,393,269,3658,paper
331,407,272,3660,paper
330,390,275,3651,paper
335,390,274,3546,paper
337,383,286,3659,paper
325,382,292,3674,paper
314,385,279,3667,paper
313,372,301,3662,paper
317,365,418,3659,paper
339,360,303,3664,paper
331,337,312,3655,paper
320,357,298,3655,paper
330,349,294,3655,paper
322,356,265,3661,paper
333,366,289,3661,paper
332,347,284,3661,paper
335,347,286,3677,paper
330,356,273,3661,paper
332,294,290,3662,paper
331,376,291,3657,paper
336,376,284,3655,paper
331,366,298,3654,paper
334,362,280,3675,paper
331,364,279,3663,paper
333,325,267,3657,paper
338,362,291,3661,paper
335,360,302,3672,paper
335,363,318,3659,paper
333,366,319,3658,paper
411,367,332,3646,paper
335,361,340,3661,paper
342,375,318,3685,paper
337,270,324,3662,paper
332,365,344,3655,paper
331,360,341,3657,paper
247,369,352,3670,paper
333,376,364,3660,paper
335,367,345,3667,paper
341,371,262,3666,paper
347,361,350,3660,paper
340,367,345,3634,paper
335,361,341,3654,paper
336,352,338,3675,paper
336,343,340,3658,paper
338,350,325,3646,paper
333,350,343,3653,paper
342,343,222,3663,paper
339,345,338,3658,paper
344,342,312,3667,paper
351,333,312,3663,paper
334,339,314,3654,paper
335,348,329,3659,paper
334,350,321,3661,paper
334,345,311,3658,paper
339,349,320,3661,paper
334,351,313,3657,paper
337,362,312,3659,paper
335,335,308,3681,paper
337,341,312,3657,paper
335,325,309,3655,paper
337,317,300,3678,paper
312,321,310,3658,paper
338,310,313,3682,paper
312,327,320,3660,paper
335,341,303,3661,paper
318,339,305,3664,paper
333,336,293,3664,paper
333,346,293,3638,paper
324,333,294,3656,paper
337,330,297,3657,paper
334,320,290,3661,paper
335,326,290,3655,paper
335,318,303,3648,paper
328,319,291,3655,paper
338,334,282,3669,paper
292,307,292,3668,paper
331,303,291,3659,paper
343,306,290,3661,paper
336,293,302,3649,paper
304,297,287,3658,paper
339,288,281,3664,paper
335,290,287,3661,paper
352,285,285,3658,paper
331,283,283,3652,paper
327,285,267,3654,paper
337,275,267,3661,paper
337,274,278,3656,paper
326,288,275,3649,paper
315,297,274,3665,paper
321,292,269,3664,paper
334,292,269,3654,paper
354,291,265,3655,paper
336,287,262,3660,paper
326,284,261,3672,paper
338,286,261,3655,paper
331,288,264,3655,paper
368,286,253,3653,paper
334,283,260,3661,paper
341,257,258,3657,paper
349,277,259,3661,paper
315,274,260,3659,paper
333,268,255,3680,paper
332,264,257,3663,paper
334,269,276,3657,paper
330,263,277,3661,paper
336,285,256,3673,paper
334,196,284,3662,paper
332,294,281,3654,paper
331,291,282,3669,paper
332,261,302,3661,paper
332,288,314,3660,paper
330,276,326,3661,paper
344,284,301,3654,paper
344,288,310,3666,paper
326,290,286,3663,paper
332,287,321,3660,paper
333,298,310,3657,paper
327,317,316,3636,paper
332,304,306,3664,paper
333,294,302,3665,paper
332,311,306,3651,paper
336,310,324,3660,paper
331,304,336,3662,paper
331,312,345,3643,paper
328,308,343,3657,paper
332,319,334,3662,paper
335,299,336,3658,paper
321,296,338,3653,paper
333,282,350,3653,paper
331,286,328,3662,paper
352,311,335,3650,paper
334,283,341,3653,paper
332,280,314,3634,paper
337,280,320,3656,paper
331,292,322,3659,paper
332,313,320,3661,paper
333,322,326,3658,paper
334,347,336,3659,paper
331,305,334,3653,paper
333,300,318,3658,paper
331,296,320,3576,paper
320,303,366,3659,paper
328,304,349,3648,paper
332,294,325,3652,paper
331,305,306,3691,paper
342,290,301,3659,paper
331,298,289,3661,paper
326,300,312,3644,paper
326,283,307,3658,paper
329,276,292,3667,paper
331,288,291,3668,paper
329,308,297,3639,paper
322,308,302,3664,paper
322,306,318,3659,paper
328,310,306,3671,paper
340,300,309,3663,paper
337,307,300,3670,paper
331,309,296,3667,paper
331,295,300,3672,paper
329,300,306,3638,paper
322,301,318,3636,paper
336,306,301,3658,paper
329,314,303,3735,paper
332,300,293,3663,paper
336,295,290,3636,paper
328,297,295,3669,paper
335,293,291,3659,paper
333,283,298,3662,paper
333,286,284,3659,paper
329,289,265,3665,paper
334,281,288,3654,paper
332,274,294,3654,paper
337,277,272,3664,paper
334,278,280,3662,paper
329,292,275,3641,paper
336,306,277,3658,paper
326,322,256,3661,paper
343,313,277,3656,paper
330,314,261,3664,paper
335,308,278,3661,paper
363,312,280,3639,paper
331,306,213,3663,paper
335,300,272,3643,paper
322,305,272,3572,paper
355,296,268,3668,paper
340,294,265,3659,paper
336,290,280,3651,paper
332,250,268,3661,paper
335,294,264,3656,paper
331,290,241,3667,paper
333,274,261,3663,paper
342,279,260,3657,paper
324,293,258,3656,paper
337,292,268,3681,paper
327,288,273,3660,paper
333,291,280,3640,paper
336,292,280,3679,paper
336,297,265,3661,paper
332,280,281,3663,paper
328,286,289,3659,paper
336,289,289,3653,paper
394,273,286,3613,paper
336,284,292,3662,paper
330,268,293,3657,paper
340,280,294,3653,paper
335,290,295,3662,paper
338,295,296,3673,paper
331,289,300,3645,paper
338,309,286,3668,paper
348,276,289,3660,paper
328,283,284,3675,paper
337,286,279,3677,paper
320,278,298,3661,paper
331,267,293,3659,paper
325,270,284,3675,paper
328,278,276,3634,paper
329,267,284,3662,paper
333,269,278,3594,paper
332,284,296,3687,paper
329,283,276,3661,paper
334,294,267,3662,paper
330,279,275,3653,paper
326,273,266,3664,paper
356,264,267,3666,paper
331,276,270,3652,paper
331,262,267,3658,paper
340,280,243,3661,paper
333,266,256,3666,paper
326,274,267,3664,paper
348,280,270,3656,paper
330,284,269,3659,paper
330,282,269,3665,paper
330,284,266,3660,paper
355,274,251,3659,paper
332,278,270,3654,paper
314,275,259,3661,paper
326,296,241,3649,paper
331,267,248,3662,paper
338,283,239,3657,paper
311,284,258,3663,paper
329,263,241,3656,paper
329,269,252,3672,paper
331,272,247,3654,paper
331,267,251,3663,paper
328,264,239,3667,paper
334,295,241,3655,paper
328,274,249,3661,paper
332,276,246,3658,paper
331,273,241,3659,paper
330,269,253,3648,paper
332,219,263,3665,paper
331,261,278,3657,paper
322,265,281,3661,paper
331,254,238,3664,paper
332,204,268,3666,paper
329,260,270,3667,paper
352,261,246,3655,paper
329,259,253,3688,paper
340,261,259,3658,paper
340,268,262,3659,paper
326,263,246,3660,paper
325,258,248,3689,paper
326,262,269,3660,paper
332,268,238,3662,paper
330,268,260,3648,paper
331,262,257,3661,paper
334,261,252,3673,paper
327,258,275,3654,paper
349,256,244,3660,paper
329,256,207,3651,paper
335,256,246,3677,paper
322,273,156,3649,paper
327,282,249,3660,paper
337,300,241,3636,paper
348,290,244,3719,paper
333,318,181,3646,paper
344,322,242,3649,paper
334,331,254,3661,paper
338,327,283,3667,paper
329,338,264,3662,paper
325,320,260,3651,paper
347,321,317,3658,paper
332,319,222,3661,paper
343,309,272,3664,paper
352,308,272,3662,paper
337,301,265,3669,paper
331,287,302,3660,paper
332,294,285,3655,paper
320,295,291,3570,paper
347,287,231,3677,paper
338,279,312,3658,paper
338,293,322,3659,paper
337,280,316,3653,paper
348,264,348,3663,paper
334,284,349,3601,paper
335,270,356,3662,paper
342,268,351,3659,paper
333,273,366,3666,paper
318,264,372,3711,paper
339,256,346,3663,paper
335,268,391,3662,paper
336,269,360,3673,paper
352,272,370,3688,paper
336,267,365,3634,paper
326,279,352,3656,paper
347,274,322,3675,paper
334,259,345,3661,paper
314,254,338,3659,paper
333,252,340,3659,paper
333,272,335,3648,paper
333,288,330,3656,paper
312,296,368,3660,paper
333,283,338,3651,paper
360,297,324,3625,paper
332,272,324,3658,paper
333,291,323,3660,paper
344,296,407,3661,paper
337,288,314,3656,paper
340,289,302,3662,paper
337,317,295,3656,paper
345,276,311,3658,paper
325,276,301,3660,paper
331,275,306,3655,paper
333,269,280,3655,paper
335,282,298,3723,paper
345,253,304,3678,paper
337,254,318,3646,paper
328,327,325,3659,paper
337,256,325,3657,paper
335,257,299,3661,paper
316,272,315,3640,paper
328,292,314,3668,paper
332,318,289,3678,paper
352,303,329,3661,paper
318,305,317,3661,paper
336,299,320,3661,paper
342,298,318,3653,paper
336,292,315,3652,paper
334,272,320,3661,paper
313,301,308,3658,paper
334,288,285,3670,paper
333,277,302,3658,paper
337,285,322,3661,paper
338,281,299,3669,paper
352,290,298,3642,paper
338,284,297,3695,paper
329,270,306,3657,paper
341,277,289,3660,paper
351,276,269,3657,paper
338,274,306,3661,paper
337,293,280,3661,paper
339,296,300,3662,paper
322,299,304,3658,paper
337,281,306,3669,paper
337,289,318,3660,paper
328,278,263,3660,paper
346,307,296,3661,paper
335,276,302,3659,paper
332,266,304,3661,paper
330,274,347,3641,paper
349,283,281,3662,paper
329,276,305,3657,paper
319,278,307,3668,paper
333,266,335,3633,paper
337,262,316,3658,paper
326,269,312,3656,paper
331,252,245,3668,paper
362,252,306,3656,paper
339,249,311,3654,paper
298,244,336,3643,paper
324,251,311,3666,paper
325,271,310,3677,paper
333,252,318,3654,paper
339,254,303,3681,paper
326,240,310,3654,paper
254,241,310,3672,paper
332,228,312,3670,paper
355,237,317,3655,paper
320,230,346,3658,paper
333,229,338,3658,paper
326,230,351,3639,paper
331,224,337,3660,paper
335,225,333,3659,paper
331,229,310,3672,paper
330,240,308,3658,paper
341,233,327,3659,paper
330,269,332,3658,paper
335,258,348,3674,paper
329,302,354,3611,paper
328,326,354,3657,paper
323,305,359,3641,paper
334,312,375,3655,paper
342,324,367,3662,paper
339,320,357,3658,paper
347,310,365,3660,paper
325,337,350,3648,paper
332,355,355,3659,paper
347,350,338,3650,paper
340,332,351,3657,paper
387,366,344,3747,paper
332,354,339,3661,paper
331,352,336,3594,paper
320,324,337,3621,paper
331,349,316,3666,paper
322,349,343,3645,paper
343,366,340,3660,paper
316,342,334,3625,paper
330,355,348,3656,paper
330,349,317,3659,paper
367,342,316,3658,paper
333,344,329,3660,paper
337,347,317,3655,paper
340,326,334,3660,paper
332,324,310,3669,paper
272,333,310,3675,paper
334,329,309,3660,paper
337,350,306,3665,paper
325,337,311,3664,paper
333,332,327,3672,paper
312,323,316,3658,paper
342,329,276,3663,paper
332,360,296,3662,paper
333,315,294,3659,paper
334,309,301,3646,paper
343,313,291,3663,paper
330,285,290,3621,paper
383,314,288,3748,paper
316,312,288,3658,paper
337,306,284,3656,paper
335,206,280,3659,paper
331,303,266,3660,paper
331,361,272,3659,paper
334,323,270,3687,paper
282,314,283,3661,paper
335,281,292,3655,paper
327,220,288,3659,paper
342,280,281,3657,paper
332,295,281,3662,paper
317,275,288,3659,paper
322,286,306,3667,paper
329,267,304,3787,paper
329,264,305,3686,paper
311,272,302,3661,paper
338,280,302,3657,paper
328,278,306,3661,paper
334,277,313,3657,paper
335,267,315,3660,paper
332,211,322,3653,paper
330,265,290,3660,paper
338,251,321,3660,paper
368,270,328,3659,paper
323,244,320,3669,paper
337,259,329,3663,paper
325,252,318,3659,paper
323,261,327,3661,paper
320,253,328,3654,paper
353,245,348,3658,paper
327,219,342,3645,paper
328,240,325,3659,paper
328,234,332,3661,paper
329,232,336,3656,paper
329,238,342,3660,paper
328,251,324,3670,paper
331,257,345,3659,paper
325,237,320,3668,paper
377,233,337,3664,paper
324,251,328,3659,paper
326,232,329,3663,paper
328,181,328,3664,paper
326,236,322,3663,paper
314,234,338,3661,paper
324,250,315,3663,paper
234,258,315,3675,paper
324,280,315,3662,paper
327,287,306,3650,paper
310,290,298,3669,paper
324,284,299,3656,paper
342,290,376,3661,paper
322,265,306,3659,paper
308,289,303,3669,paper
328,290,300,3666,paper
332,290,304,3653,paper
337,290,235,3673,paper
333,294,292,3660,paper
340,288,275,3664,paper
329,279,285,3666,paper
336,274,291,3655,paper
330,272,280,3662,paper
330,269,283,3677,paper
329,276,283,3657,paper
329,262,288,3664,paper
316,260,297,3662,paper
328,260,313,3651,paper
349,257,324,3653,paper
329,251,345,3651,paper
329,268,345,3656,paper
329,245,329,3664,paper
344,247,218,3660,paper
326,223,342,3657,paper
331,235,335,3662,paper
345,238,350,3660,paper
330,237,345,3657,paper
331,235,338,3663,paper
346,231,333,3661,paper
342,224,347,3661,paper
329,221,327,3802,paper
329,226,323,3657,paper
340,228,417,3662,paper
330,219,309,3663,paper
325,222,324,3585,paper
329,198,325,3660,paper
337,213,319,3626,paper
332,211,313,3667,paper
331,211,312,3652,paper
342,207,305,3663,paper
333,208,304,3660,paper
331,208,301,3684,paper
312,210,300,3659,paper
339,221,300,3761,paper
346,199,293,3660,paper
433,203,290,3683,paper
327,189,291,3628,paper
327,184,290,3669,paper
309,198,281,3661,paper
335,188,278,3757,paper
328,187,309,3654,paper
325,196,396,3657,paper
339,200,304,3666,paper
342,196,308,3661,paper
331,202,331,3661,paper
322,199,308,3658,paper
334,200,316,3659,paper
331,139,331,3657,paper
346,205,328,3668,paper
351,228,320,3655,paper
315,224,301,3673,paper
332,227,326,3659,paper
345,230,285,3661,paper
332,228,312,3659,paper
338,236,297,3677,paper
330,237,242,3664,paper
331,237,320,3653,paper
332,235,288,3672,paper
267,232,307,3645,paper
341,244,307,3661,paper
328,231,324,3661,paper
337,216,299,3665,paper
340,226,268,3665,paper
326,216,293,3658,paper
321,229,302,3661,paper
332,219,289,3636,paper
331,221,288,3660,paper
329,197,288,3669,paper
334,213,289,3655,paper
335,226,289,3660,paper
334,247,284,3654,paper
335,277,292,3656,paper
332,326,279,3662,paper
335,281,293,3654,paper
332,277,273,3675,paper
333,274,278,3661,paper
309,270,244,3663,paper
335,269,309,3659,paper
329,266,316,3664,paper
423,269,306,3679,paper
334,271,304,3672,paper
336,269,296,3639,paper
334,252,318,3653,paper
342,245,304,3658,paper
334,269,313,3658,paper
344,265,301,3649,paper
322,264,305,3658,paper
332,258,293,3658,paper
334,256,323,3657,paper
335,252,315,3691,paper
331,249,304,3641,paper
328,248,309,3667,paper
336,246,300,3659,paper
318,256,290,3662,paper
311,239,300,3652,paper
337,238,296,3661,paper
338,239,265,3672,paper
335,234,304,3660,paper
227,234,313,3654,paper
341,225,310,3659,paper
336,238,317,3688,paper
332,228,344,3662,paper
230,228,326,3657,paper
340,248,317,3674,paper
337,234,324,3658,paper
351,231,320,3669,paper
339,234,318,3670,paper
334,235,323,3661,paper
333,232,327,3658,paper
333,230,352,3655,paper
324,231,332,3653,paper
335,230,338,3657,paper
420,225,336,3655,paper
332,227,337,3651,paper
334,302,340,3661,paper
334,210,352,3657,paper
295,217,344,3655,paper
334,215,338,3650,paper
332,226,337,3648,paper
321,228,336,3661,paper
339,238,336,3654,paper
329,229,338,3662,paper
318,236,337,3657,paper
334,244,335,3676,paper
336,250,326,3653,paper
337,245,328,3635,paper
336,256,325,3658,paper
336,234,319,3672,paper
375,253,314,3629,paper
339,253,313,3657,paper
330,257,309,3667,paper
335,233,320,3660,paper
326,241,312,3659,paper
334,247,306,3659,paper
334,244,305,3663,paper
332,243,297,3653,paper
328,244,298,3640,paper
312,238,294,3654,paper
337,236,282,3667,paper
333,234,307,3662,paper
337,244,294,3663,paper
333,251,288,3663,paper
333,252,270,3682,paper
334,236,284,3659,paper
335,234,280,3661,paper
333,253,270,3660,paper
345,230,272,3657,paper
339,236,277,3658,paper
333,203,281,3653,paper
324,223,293,3647,paper
333,226,275,3661,paper
280,226,278,3671,paper
332,222,288,3661,paper
341,233,281,3660,paper
336,240,298,3658,paper
332,231,292,3660,paper
333,227,288,3656,paper
330,346,286,3659,paper
333,231,288,3659,paper
333,224,280,3661,paper
325,233,270,3669,paper
334,228,275,3661,paper
334,233,266,3653,paper
342,240,274,3647,paper
318,218,336,3662,paper
334,221,267,3648,paper
331,212,268,3665,paper
336,209,267,3659,paper
313,210,264,3649,paper
330,208,262,3650,paper
337,210,257,3690,paper
336,208,259,3662,paper
348,199,260,3662,paper
334,203,265,3654,paper
328,206,243,3659,paper
321,204,258,3666,paper
333,200,254,3653,paper
314,207,253,3651,paper
343,196,240,3654,paper
336,189,252,3664,paper
337,198,241,3661,paper
340,208,245,3715,paper
335,206,222,3665,paper
344,199,249,3677,paper
335,197,250,3665,paper
347,172,250,3656,paper
336,190,251,3662,paper
339,188,244,3675,paper
328,200,248,3639,paper
339,196,244,3658,paper
318,214,256,3565,paper
346,198,256,3659,paper
346,203,278,3651,paper
351,229,244,3665,paper
352,256,252,3655,paper
334,261,253,3660,paper
336,292,252,3655,paper
351,305,247,3676,paper
345,303,246,3656,paper
325,313,233,3660,paper
338,300,262,3660,paper
341,299,240,3655,paper
358,291,237,3659,paper
345,294,230,3660,paper
332,291,234,3645,paper
343,278,233,3639,paper
336,279,248,3652,paper
371,277,228,3655,paper
336,282,240,3660,paper
349,304,228,3648,paper
341,284,226,3670,paper
340,281,244,3660,paper
342,282,240,3659,paper
339,305,220,3663,paper
353,312,219,3655,paper
341,319,221,3666,paper
341,308,225,3655,paper
340,305,220,3659,paper
337,292,222,3656,paper
339,295,237,3660,paper
340,299,246,3656,paper
339,275,244,3659,paper
339,291,241,3663,paper
333,270,244,3680,paper
342,241,240,3663,paper
338,276,231,3658,paper
341,280,214,3658,paper
334,272,213,3670,paper
356,274,232,3660,paper
340,275,234,3656,paper
348,272,221,3673,paper
343,267,239,3662,paper
343,264,235,3654,paper
333,262,223,3661,paper
340,252,221,3660,paper
337,267,220,3668,paper
339,253,209,3668,paper
340,256,219,3673,paper
346,252,200,3681,paper
342,224,217,3658,paper
338,242,232,3652,paper
339,251,208,3723,paper
339,238,217,3663,paper
340,249,215,3658,paper
334,239,237,3660,paper
344,217,224,3662,paper
357,228,214,3666,paper
341,219,209,3659,paper
337,230,225,3639,paper
341,223,224,3658,paper
353,202,237,3643,paper
338,205,239,3669,paper
326,214,244,3658,paper
339,212,257,3674,paper
332,220,260,3663,paper
344,199,258,3663,paper
336,223,272,3661,paper
342,224,283,3659,paper
344,229,270,3674,paper
341,212,270,3723,paper
341,215,277,3662,paper
337,217,260,3640,paper
345,219,266,3681,paper
340,215,258,3657,paper
341,214,268,3661,paper
351,210,259,3663,paper
354,206,230,3675,paper
339,208,249,3663,paper
353,202,265,3661,paper
341,209,253,3651,paper
351,194,250,3662,paper
339,201,254,3661,paper
333,199,271,3661,paper
347,196,256,3651,paper
340,196,263,3662,paper
343,190,238,3663,paper
339,194,258,3665,paper
335,214,248,3674,paper
341,197,261,3665,paper
340,186,247,3661,paper
344,163,273,3664,paper
338,218,256,3672,paper
346,235,242,3654,paper
340,248,254,3657,paper
333,256,226,3662,paper
333,255,223,3675,paper
338,260,264,3660,paper
341,253,247,3666,paper
338,274,243,3653,paper
342,284,248,3656,paper
345,289,238,3670,paper
337,291,239,3663,paper
333,289,234,3653,paper
344,290,238,3658,paper
342,289,239,3672,paper
345,288,225,3656,paper
343,286,228,3660,paper
338,281,228,3661,paper
343,293,232,3682,paper
339,274,259,3654,paper
344,302,258,3663,paper
339,307,265,3644,paper
367,304,261,3660,paper
347,300,244,3676,paper
346,288,265,3671,paper
354,300,267,3648,paper
341,296,265,3663,paper
343,296,279,3565,paper
342,296,300,3656,paper
340,286,282,3654,paper
343,288,280,3661,paper
342,272,283,3674,paper
338,292,284,3647,paper
337,301,282,3633,paper
349,270,302,3667,paper
338,291,292,3664,paper
328,323,284,3659,paper
342,283,272,3598,paper
349,278,276,3662,paper
338,261,280,3671,paper
335,276,277,3649,paper
340,273,272,3559,paper
338,265,271,3663,paper
343,264,291,3664,paper
359,257,266,3666,paper
341,263,267,3636,paper
351,263,324,3677,paper
341,270,266,3659,paper
347,280,276,3661,paper
341,284,261,3662,paper
358,285,355,3660,paper
341,297,249,3657,paper
341,262,274,3654,paper
340,280,256,3653,paper
342,276,244,3663,paper
338,272,284,3665,paper
333,275,236,3650,paper
339,269,267,3665,paper
339,259,264,3659,paper
337,259,268,3666,paper
315,253,268,3642,paper
342,251,257,3664,paper
329,256,238,3656,paper
337,252,258,3675,paper
336,248,260,3657,paper
337,256,254,3660,paper
342,251,260,3660,paper
332,247,247,3670,paper
352,257,145,3662,paper
337,254,253,3672,paper
342,264,237,3660,paper
336,286,264,3666,paper
338,287,268,3660,paper
328,281,349,3643,paper
338,284,278,3660,paper
335,271,278,3681,paper
350,279,331,3666,paper
321,285,282,3660,paper
336,282,275,3657,paper
331,283,276,3643,paper
331,262,270,3671,paper
318,292,265,3669,paper
344,282,286,3679,paper
332,312,338,3651,paper
329,317,329,3662,paper
340,310,314,3662,paper
353,312,324,3653,paper
331,320,341,3656,paper
330,316,336,3653,paper
336,335,304,3659,paper
335,336,315,3660,paper
328,351,312,3628,paper
327,360,411,3647,paper
333,368,322,3659,paper
318,368,313,3658,paper
332,365,317,3671,paper
321,361,315,3646,paper
331,347,316,3659,paper
334,348,296,3660,paper
336,344,331,3667,paper
330,338,313,3661,paper
340,336,304,3665,paper
325,332,306,3649,paper
342,311,301,3660,paper
330,327,303,3661,paper
313,320,300,3658,paper
347,327,252,3678,paper
333,328,291,3660,paper
326,324,285,3656,paper
310,321,286,3643,paper
393,320,282,3668,paper
327,311,281,3661,paper
342,286,293,3660,paper
330,361,269,3662,paper
315,304,190,3660,paper
333,302,280,3665,paper
338,316,256,3670,paper
330,315,272,3665,paper
326,294,268,3658,paper
315,290,271,3663,paper
327,291,280,3661,paper
336,302,259,3660,paper
326,284,259,3658,paper
330,277,261,3661,paper
313,280,270,3663,paper
314,275,258,3662,paper
338,270,270,3656,paper
329,263,253,3660,paper
314,262,256,3659,paper
334,262,249,3664,paper
333,298,244,3671,paper
340,283,253,3661,paper
349,304,249,3667,paper
335,230,257,3653,paper
341,299,160,3677,paper
339,273,248,3657,paper
311,293,237,3653,paper
334,290,244,3661,paper
333,289,245,3759,paper
314,291,245,3658,paper
346,280,236,3663,paper
338,275,233,3651,paper
336,274,249,3659,paper
346,266,246,3638,paper
337,266,247,3619,paper
330,280,246,3569,paper
337,260,261,3652,paper
339,272,239,3677,paper
330,267,296,3653,paper
337,266,190,3665,paper
336,274,283,3653,paper
352,277,266,3681,paper
329,267,269,3674,paper
335,272,267,3684,paper
334,268,262,3659,paper
351,267,261,3663,paper
365,268,264,3708,paper
336,275,251,3667,paper
331,286,254,3661,paper
327,296,240,3645,paper
338,285,252,3661,paper
335,303,226,3654,paper
337,325,251,3673,paper
344,298,258,3667,paper
331,318,264,3662,paper
219,332,239,3638,paper
343,348,241,3652,paper
333,275,244,3663,paper
300,373,238,3575,paper
333,379,247,3673,paper
328,382,232,3674,paper
321,384,247,3651,paper
330,380,240,3663,paper
340,371,254,3661,paper
342,362,238,3660,paper
329,366,248,3653,paper
275,371,240,3663,paper
339,366,219,3660,paper
231,366,239,3657,paper
352,347,247,3660,paper
318,383,253,3663,paper
326,287,247,3660,paper
325,395,268,3646,paper
331,380,245,3661,paper
322,381,249,3671,paper
325,295,248,3660,paper
335,378,239,3658,paper
330,365,243,3662,paper
317,371,243,3659,paper
339,356,248,3661,paper
334,311,260,3659,paper
324,364,254,3661,paper
320,367,239,3661,paper
348,340,248,3659,paper
333,346,260,3653,paper
335,332,238,3658,paper
329,333,257,3652,paper
352,309,232,3661,paper
333,328,240,3679,paper
317,318,232,3660,paper
326,367,221,3674,paper
328,356,228,3664,paper
349,366,232,3660,paper
327,364,233,3676,paper
333,377,233,3642,paper
327,395,228,3660,paper
342,366,201,3656,paper
333,362,251,3642,paper
333,357,239,3659,paper
331,351,235,3666,paper
332,344,237,3651,paper
332,344,244,3653,paper
331,403,249,3653,paper
345,342,217,3659,paper
314,340,229,3662,paper
334,324,251,3674,paper
336,327,282,3662,paper
335,320,286,3662,paper
348,315,290,3660,paper
336,313,306,3662,paper
328,316,320,3660,paper
334,316,333,3671,paper
316,313,328,3650,paper
335,310,326,3663,paper
334,317,341,3650,paper
341,329,311,3675,paper
332,312,319,3659,paper
329,309,224,3661,paper
333,304,301,3667,paper
324,302,316,3672,paper
334,307,320,3662,paper
325,293,323,3643,paper
338,297,323,3662,paper
302,301,317,3657,paper
355,290,304,3660,paper
338,303,307,3663,paper
342,281,306,3661,paper
340,308,299,3669,paper
340,305,301,3658,paper
336,303,316,3681,paper
351,301,188,3661,paper
338,318,289,3671,paper
340,302,282,3665,paper
323,321,289,3653,paper
348,316,285,3655,paper
340,322,283,3657,paper
330,322,278,3654,paper
332,330,243,3661,paper
341,325,277,3642,paper
341,306,276,3658,paper
328,318,165,3662,paper
339,315,264,3668,paper
324,326,253,3660,paper
341,293,268,3663,paper
321,309,260,3656,paper
329,293,260,3663,paper
339,307,250,3657,paper
349,308,305,3661,paper
338,322,264,3658,paper
327,333,313,3663,paper
339,329,266,3657,paper
342,342,253,3759,paper
337,323,248,3679,paper
348,320,251,3665,paper
334,346,250,3653,paper
339,334,245,3659,paper
337,335,244,3662,paper
338,357,247,3660,paper
338,349,220,3670,paper
330,330,251,3656,paper
452,338,248,3651,paper
346,345,260,3639,paper
339,330,259,3673,paper
336,328,279,3674,paper
340,320,284,3657,paper
338,320,282,3650,paper
362,310,274,3660,paper
342,312,305,3679,paper
336,316,333,3663,paper
338,328,330,3660,paper
323,313,404,3660,paper
338,308,338,3659,paper
337,298,357,3662,paper
341,287,367,3657,paper
337,303,341,3662,paper
397,295,342,3539,paper
332,298,345,3650,paper
329,280,367,3656,paper
338,296,352,3660,paper
329,289,342,3655,paper
315,295,349,3661,paper
328,286,336,3653,paper
339,285,345,3653,paper
302,278,349,3681,paper
350,276,428,3657,paper
337,276,360,3649,paper
335,267,351,3660,paper
337,291,338,3659,paper
336,270,356,3659,paper
338,267,354,3693,paper
336,264,340,3661,paper
347,266,316,3660,paper
333,268,336,3658,paper
461,264,330,3659,paper
351,267,424,3662,paper
334,260,315,3679,paper
334,232,334,3657,paper
333,187,320,3660,paper
322,266,325,3660,paper
334,245,328,3658,paper
331,246,237,3656,paper
336,261,332,3579,paper
343,225,324,3657,paper
335,240,345,3641,paper
316,244,320,3660,paper
357,249,334,3661,paper
338,244,323,3658,paper
298,238,327,3663,paper
322,249,324,3667,paper
336,253,324,3659,paper
333,260,342,3649,paper
350,232,331,3658,paper
359,248,322,3666,paper
331,245,336,3660,paper
338,268,344,3670,paper
333,242,352,3661,paper
352,251,352,3657,paper
339,249,344,3648,paper
348,251,335,3659,paper
330,246,339,3655,paper
331,242,334,3649,paper
334,239,328,3639,paper
335,247,330,3656,paper
326,237,329,3654,paper
318,238,322,3656,paper
336,242,313,3676,paper
333,236,308,3661,paper
355,242,313,3666,paper
338,238,310,3671,paper
308,252,312,3661,paper
345,253,308,3664,paper
339,252,309,3662,paper
333,356,308,3658,paper
376,248,312,3656,paper
337,246,295,3652,paper
328,244,306,3653,paper
338,246,308,3654,paper
329,236,302,3660,paper
327,243,290,3649,paper
346,225,306,3647,paper
336,238,295,3660,paper
338,238,299,3656,paper
344,235,300,3678,paper
344,249,297,3659,paper
341,270,293,3660,paper
345,268,297,3680,paper
352,278,264,3683,paper
339,268,284,3665,paper
347,264,286,3670,paper
342,257,284,3656,paper
339,258,265,3664,paper
338,257,274,3661,paper
340,250,278,3662,paper
337,261,282,3649,paper
334,240,280,3644,paper
351,241,280,3667,paper
343,229,298,3655,paper
340,239,298,3660,paper
320,237,276,3641,paper
355,234,272,3679,paper
332,235,247,3661,paper
340,229,266,3662,paper
339,218,266,3663,paper
341,220,267,3661,paper
338,225,256,3666,paper
343,201,270,3661,paper
351,203,268,3674,paper
348,214,279,3652,paper
329,223,268,3665,paper
351,218,260,3663,paper
350,210,266,3660,paper
332,207,264,3669,paper
343,203,265,3662,paper
342,201,266,3663,paper
342,194,262,3657,paper
348,265,267,3663,paper
359,197,265,3662,paper
343,206,262,3664,paper
363,207,239,3661,paper
341,201,264,3659,paper
340,195,258,3661,paper
344,200,274,3658,paper
353,196,272,3662,paper
335,195,257,3657,paper
341,188,259,3659,paper
361,190,256,3614,paper
338,212,267,3662,paper
340,234,265,3661,paper
348,241,267,3658,paper
340,258,256,3662,paper
362,248,266,3657,paper
339,250,285,3661,paper
345,285,256,3659,paper
332,280,269,3661,paper
338,274,266,3652,paper
340,270,264,3676,paper
320,261,272,3659,paper
342,279,258,3661,paper
336,258,260,3666,paper
349,253,264,3670,paper
339,253,254,3671,paper
336,256,259,3662,paper
340,247,256,3665,paper
336,227,266,3669,paper
341,242,257,3657,paper
341,238,248,3661,paper
342,246,252,3669,paper
342,226,244,3660,paper
343,232,246,3655,paper
339,232,240,3663,paper
289,234,244,3657,paper
342,232,251,3660,paper
343,235,241,3622,paper
340,251,240,3599,paper
338,233,242,3655,paper
347,236,235,3617,paper
338,240,236,3712,paper
327,224,240,3663,paper
338,227,233,3661,paper
343,224,228,3673,paper
334,220,235,3655,paper
340,221,219,3666,paper
343,222,233,3664,paper
350,225,240,3657,paper
342,271,226,3660,paper
381,273,239,3644,paper
341,278,240,3666,paper
338,270,243,3669,paper
341,274,231,3663,paper
343,289,233,3670,paper
340,269,226,3667,paper
342,267,233,3661,paper
341,262,232,3654,paper
341,257,245,3658,paper
326,268,216,3673,paper
342,254,222,3659,paper
341,256,231,3646,paper
341,258,230,3656,paper
352,240,288,3674,paper
340,303,229,3659,paper
340,237,232,3661,paper
349,256,234,3641,paper
332,248,243,3659,paper
341,236,232,3661,paper
343,226,242,3658,paper
341,232,232,3649,paper
326,234,236,3644,paper
338,229,236,3660,paper
341,193,252,3661,paper
344,228,237,3661,paper
338,242,258,3651,paper
340,237,239,3659,paper
337,234,237,3663,paper
339,237,233,3659,paper
337,247,245,3660,paper
337,257,231,3665,paper
324,278,237,3661,paper
335,277,235,3654,paper
337,304,219,3658,paper
329,284,219,3687,paper
340,295,225,3659,paper
337,301,223,3660,paper
340,293,220,3609,paper
340,292,219,3644,paper
321,287,231,3662,paper
340,286,220,3659,paper
341,288,223,3640,paper
340,280,204,3661,paper
339,278,229,3654,paper
341,289,211,3694,paper
336,275,220,3683,paper
338,275,213,3660,paper
344,269,168,3673,paper
281,273,215,3652,paper
337,262,211,3657,paper
337,342,211,3661,paper
333,257,221,3656,paper
316,265,211,3672,paper
339,261,220,3663,paper
338,250,207,3667,paper
333,247,212,3667,paper
337,256,217,3658,paper
336,265,230,3657,paper
332,270,234,3676,paper
335,258,256,3653,paper
335,275,230,3681,paper
319,285,228,3570,paper
331,284,232,3667,paper
261,281,225,3669,paper
337,278,222,3660,paper
341,273,224,3670,paper
329,325,223,3666,paper
334,265,198,3661,paper
323,260,217,3709,paper
331,267,214,3659,paper
323,293,202,3672,paper
354,287,219,3661,paper
333,285,206,3661,paper
349,286,185,3674,paper
349,285,203,3657,paper
339,287,174,3655,paper
336,290,204,3663,paper
333,274,206,3655,paper
331,279,182,3663,paper
335,254,199,3659,paper
336,340,201,3659,paper
335,276,209,3654,paper
337,271,218,3653,paper
333,269,232,3654,paper
334,192,231,3657,paper
336,253,225,3634,paper
334,258,215,3659,paper
332,256,226,3647,paper
333,252,214,3661,paper
336,250,225,3657,paper
352,250,230,3661,paper
339,245,243,3637,paper
321,250,221,3669,paper
330,246,233,3658,paper
334,235,236,3672,paper
383,237,228,3661,paper
335,235,208,3666,paper
334,231,208,3662,paper
333,222,229,3669,paper
332,183,228,3663,paper
314,231,222,3662,paper
347,222,218,3678,paper
329,221,225,3657,paper
325,219,327,3649,paper
333,220,221,3659,paper
335,211,228,3681,paper
332,218,221,3660,paper
343,256,211,3671,paper
347,248,216,3677,paper
339,230,224,3659,paper
328,267,234,3656,paper
330,264,226,3660,paper
338,267,223,3647,paper
325,272,224,3652,paper
291,270,231,3722,paper
331,264,223,3664,paper
332,256,173,3661,paper
336,256,220,3666,paper
350,248,216,3659,paper
328,253,320,3647,paper
334,248,216,3679,paper
328,230,218,3631,paper
328,246,217,3675,paper
357,248,202,3660,paper
330,258,220,3646,paper
338,260,212,3665,paper
334,235,202,3676,paper
335,233,209,3660,paper
334,236,208,3659,paper
333,229,232,3656,paper
317,239,197,3663,paper
327,220,212,3673,paper
346,221,196,3677,paper
332,212,211,3659,paper
333,218,217,3653,paper
331,261,215,3661,paper
313,220,208,3639,paper
331,217,217,3664,paper
332,214,211,3663,paper
327,213,232,3658,paper
337,227,219,3649,paper
347,199,221,3658,paper
324,204,232,3633,paper
327,225,236,3661,paper
331,203,221,3659,paper
338,201,200,3665,paper
330,193,270,3646,paper
335,195,215,3655,paper
331,224,217,3673,paper
339,199,309,3667,paper
386,200,225,3666,paper
312,206,232,3639,paper
351,207,221,3664,paper
334,215,224,3663,paper
356,217,234,3659,paper
335,234,233,3550,paper
330,237,233,3676,paper
337,236,226,3721,paper
336,273,233,3677,paper
459,272,228,3659,paper
345,266,218,3635,paper
341,273,201,3659,paper
338,252,221,3726,paper
339,271,224,3669,paper
361,264,212,3661,paper
361,260,234,3678,paper
336,259,232,3656,paper
351,279,227,3657,paper
337,278,293,3671,paper
245,274,222,3559,paper
351,277,223,3644,paper
337,264,243,3662,paper
334,279,230,3639,paper
336,275,218,3664,paper
338,272,232,3650,paper
335,271,206,3658,paper
338,279,196,3657,paper
338,260,207,3661,paper
318,261,213,3660,paper
334,260,207,3643,paper
336,244,209,3662,paper
342,264,206,3635,paper
337,257,199,3676,paper
340,263,201,3663,paper
334,264,203,3664,paper
332,248,205,3618,paper
335,247,209,3671,paper
317,258,208,3661,paper
335,260,204,3661,paper
336,256,213,3667,paper
339,166,204,3660,paper
338,258,204,3657,paper
311,245,190,3660,paper
349,242,175,3679,paper
336,242,148,3660,paper
339,237,181,3667,paper
338,237,198,3659,paper
350,235,181,3659,paper
336,236,204,3659,paper
343,205,192,3657,paper
324,229,201,3651,paper
350,214,181,3660,paper
336,223,199,3663,paper
341,219,201,3656,paper
347,200,221,3649,paper
339,215,208,3663,paper
337,172,229,3664,paper
322,208,216,3644,paper
337,211,209,3662,paper
337,208,235,3675,paper
335,206,234,3654,paper
315,201,225,3658,paper
333,203,210,3657,paper
333,201,213,3660,paper
333,192,204,3683,paper
328,201,212,3672,paper
334,201,202,3750,paper
333,169,204,3660,paper
336,191,219,3661,paper
325,207,206,3639,paper
340,189,197,3677,paper
341,183,191,3662,paper
335,173,217,3737,paper
335,189,233,3649,paper
323,194,223,3631,paper
330,209,200,3680,paper
323,200,215,3658,paper
333,200,219,3663,paper
318,204,219,3653,paper
349,193,106,3661,paper
332,186,220,3659,paper
333,190,211,3662,paper
388,201,214,3760,paper
335,210,211,3659,paper
320,183,213,3661,paper
343,192,190,3660,paper
386,196,212,3750,paper
332,180,224,3649,paper
296,178,208,3659,paper
344,179,206,3664,paper
338,167,206,3667,paper
328,158,201,3713,paper
331,177,198,3690,paper
315,200,206,3648,paper
335,201,203,3661,paper
335,200,201,3657,paper
329,196,195,3671,paper
334,205,200,3660,paper
340,240,173,3674,paper
316,219,212,3647,paper
337,230,191,3662,paper
336,269,195,3657,paper
309,297,188,3663,paper
336,278,192,3661,paper
332,261,192,3664,paper
315,270,193,3641,paper
335,276,195,3641,paper
335,269,178,3657,paper
328,288,195,3660,paper
334,280,188,3666,paper
336,296,188,3663,paper
335,305,188,3661,paper
336,316,186,3677,paper
335,288,187,3662,paper
336,306,175,3660,paper
296,305,192,3663,paper
362,302,172,3661,paper
338,302,195,3655,paper
340,318,188,3659,paper
337,295,182,3668,paper
353,288,261,3662,paper
340,290,185,3551,paper
344,295,188,3662,paper
326,291,178,3671,paper
337,276,217,3686,paper
265,277,220,3661,paper
335,271,220,3655,paper
331,281,227,3640,paper
335,264,236,3671,paper
335,264,228,3662,paper
330,299,233,3649,paper
335,256,217,3665,paper
336,252,220,3653,paper
334,256,246,3657,paper
342,246,201,3675,paper
320,250,222,3662,paper
321,226,216,3660,paper
334,237,216,3641,paper
336,240,224,3665,paper
338,235,222,3659,paper
333,234,223,3663,paper
338,239,215,3665,paper
337,225,221,3660,paper
347,224,148,3661,paper
340,224,214,3647,paper
312,220,214,3661,paper
339,219,216,3663,paper
333,217,217,3661,paper
327,208,223,3636,paper
334,214,224,3657,paper
331,219,220,3670,paper
336,231,227,3675,paper
339,221,218,3664,paper
334,182,228,3664,paper
334,230,230,3658,paper
332,228,227,3667,paper
336,227,236,3666,paper
318,226,144,3661,paper
330,229,233,3677,paper
333,130,237,3657,paper
294,229,228,3668,paper
330,223,227,3662,paper
332,216,246,3652,paper
342,219,233,3660,paper
333,218,168,3661,paper
330,217,237,3642,paper
336,215,224,3657,paper
375,214,224,3678,paper
309,212,225,3666,paper
336,226,223,3652,paper
353,241,232,3659,paper
335,249,234,3656,paper
335,266,217,3649,paper
340,293,125,3661,paper
332,298,222,3673,paper
335,292,220,3660,paper
328,282,231,3668,paper
350,297,210,3666,paper
333,295,221,3661,paper
332,292,230,3663,paper
326,301,225,3665,paper
332,285,224,3653,paper
355,285,244,3667,paper
337,303,222,3660,paper
346,296,219,3665,paper
314,288,226,3660,paper
333,271,214,3658,paper
320,291,206,3660,paper
334,268,222,3655,paper
320,285,219,3660,paper
331,268,216,3661,paper
334,257,215,3654,paper
327,265,213,3659,paper
348,261,211,3670,paper
339,268,215,3654,paper
332,259,208,3660,paper
335,253,212,3662,paper
332,256,203,3660,paper
332,321,201,3642,paper
355,248,219,3663,paper
333,244,209,3657,paper
330,248,222,3660,paper
332,245,212,3650,paper
344,239,203,3659,paper
334,246,205,3661,paper
330,215,220,3656,paper
338,238,202,3659,paper
335,225,202,3659,paper
321,224,206,3638,paper
333,229,200,3660,paper
336,229,204,3663,paper
332,220,196,3661,paper
346,231,197,3666,paper
356,236,175,3661,paper
330,232,183,3678,paper
333,227,201,3660,paper
410,233,207,3675,paper
303,235,200,3663,paper
329,234,201,3681,paper
327,229,207,3660,paper
335,206,212,3657,paper
327,225,201,3651,paper
331,222,204,3666,paper
330,192,209,3657,paper
328,229,205,3661,paper
332,216,181,3663,paper
353,208,218,3662,paper
349,215,295,3660,paper
328,214,202,3657,paper
338,202,214,3663,paper
338,254,204,3663,paper
341,203,206,3661,paper
329,205,206,3661,paper
333,195,222,3658,paper
335,202,200,3661,paper
331,204,247,3667,paper
336,228,246,3656,paper
330,233,241,3661,paper
333,228,244,3655,paper
329,229,264,3631,paper
325,232,275,3664,paper
333,238,289,3661,paper
334,235,262,3661,paper
331,226,273,3661,paper
312,260,266,3661,paper
337,262,266,3659,paper
336,275,262,3657,paper
337,272,236,3656,paper
336,274,258,3665,paper
339,278,253,3661,paper
342,265,260,3662,paper
331,276,251,3656,paper
336,277,256,3660,paper
336,270,242,3661,paper
348,290,244,3675,paper
336,270,234,3659,paper
346,287,253,3665,paper
347,314,248,3667,paper
343,314,228,3666,paper
340,323,266,3656,paper
342,327,256,3651,paper
338,326,271,3661,paper
341,318,285,3681,paper
339,317,282,3662,paper
319,316,289,3664,paper
341,368,283,3661,paper
378,304,292,3658,paper
456,305,281,3670,paper
328,306,290,3655,paper
341,302,276,3661,paper
338,299,279,3659,paper
330,282,287,3653,paper
356,297,282,3662,paper
327,301,280,3667,paper
359,297,278,3665,paper
321,295,290,3663,paper
342,289,284,3655,paper
341,288,272,3665,paper
349,282,274,3662,paper
342,262,294,3651,paper
332,285,265,3649,paper
341,275,264,3663,paper
352,272,270,3656,paper
340,260,280,3658,paper
341,265,266,3665,paper
341,260,264,3659,paper
289,251,260,3665,paper
329,241,256,3654,paper
335,256,259,3657,paper
342,247,256,3675,paper
340,248,253,3658,paper
339,247,266,3658,paper
342,245,270,3649,paper
339,244,230,3667,paper
341,241,235,3679,paper
341,225,243,3660,paper
342,235,233,3657,paper
341,235,234,3659,paper
346,232,234,3660,paper
342,233,249,3651,paper
339,225,241,3646,paper
324,245,232,3668,paper
338,239,233,3659,paper
341,240,232,3657,paper
238,244,229,3652,paper
344,237,227,3650,paper
339,240,227,3660,paper
333,238,224,3656,paper
338,150,225,3659,paper
338,237,221,3661,paper
351,222,232,3654,paper
328,230,349,3660,paper
330,232,224,3657,paper
338,241,227,3661,paper
345,222,190,3682,paper
334,215,226,3659,paper
341,219,222,3593,paper
339,215,217,3668,paper
383,202,220,3537,paper
339,210,221,3659,paper
335,206,224,3661,paper
332,209,231,3652,paper
344,196,260,3665,paper
340,203,261,3660,paper
343,209,263,3661,paper
340,169,242,3658,paper
360,194,256,3659,paper
357,192,256,3660,paper
343,198,256,3658,paper
334,190,272,3658,paper
342,187,255,3657,paper
341,193,262,3658,paper
346,208,243,3674,paper
336,185,256,3657,paper
330,212,259,3672,paper
340,229,262,3663,paper
330,211,256,3706,paper
339,246,242,3665,paper
355,276,259,3672,paper
339,269,256,3624,paper
317,278,256,3667,paper
338,270,250,3681,paper
339,281,250,3645,paper
256,264,239,3654,paper
336,261,240,3663,paper
335,261,229,3656,paper
333,256,261,3676,paper
338,256,268,3657,paper
341,237,251,3643,paper
339,246,223,3662,paper
339,249,261,3649,paper
338,253,244,3642,paper
332,256,261,3664,paper
340,256,260,3660,paper
335,252,234,3666,paper
332,248,342,3648,paper
338,256,257,3655,paper
338,244,249,3658,paper
300,244,248,3667,paper
337,221,249,3657,paper
342,238,238,3659,paper
337,230,226,3661,paper
339,233,252,3661,paper
339,239,235,3662,paper
340,228,237,3659,paper
318,231,239,3666,paper
342,239,236,3655,paper
345,225,234,3703,paper
414,240,222,3653,paper
319,239,237,3642,paper
340,230,232,3660,paper
333,241,229,3671,paper
337,244,235,3658,paper
341,264,237,3657,paper
336,264,232,3659,paper
342,262,240,3647,paper
342,262,232,3661,paper
340,280,238,3657,paper
341,264,253,3671,paper
338,257,227,3719,paper
339,253,244,3650,paper
349,250,226,3667,paper
347,236,248,3660,paper
338,247,237,3661,paper
339,246,243,3651,paper
337,237,250,3661,paper
336,241,256,3663,paper
337,238,261,3665,paper
336,235,256,3662,paper
360,239,234,3661,paper
347,226,262,3663,paper
334,226,248,3668,paper
342,244,250,3647,paper
339,227,224,3661,paper
336,221,246,3661,paper
328,220,243,3668,paper
232,236,243,3643,paper
338,242,237,3669,paper
352,242,238,3668,paper
335,241,232,3650,paper
337,238,246,3655,paper
336,239,231,3676,paper
335,232,241,3593,paper
332,229,235,3657,paper
338,240,235,3651,paper
335,231,242,3641,paper
333,218,256,3561,paper
325,225,246,3654,paper
334,215,260,3665,paper
330,224,224,3660,paper
327,225,248,3682,paper
342,224,258,3665,paper
334,224,275,3662,paper
334,213,253,3664,paper
340,219,274,3656,paper
332,214,274,3659,paper
331,222,292,3639,paper
330,223,267,3675,paper
332,210,289,3658,paper
335,208,273,3657,paper
325,219,274,3609,paper
332,205,274,3663,paper
342,221,264,3674,paper
327,203,279,3662,paper
329,199,263,3657,paper
330,191,271,3589,paper
328,181,269,3651,paper
327,191,268,3652,paper
326,191,256,3666,paper
342,173,264,3643,paper
309,190,270,3659,paper
327,179,281,3651,paper
332,184,259,3662,paper
332,192,242,3663,paper
342,184,257,3658,paper
351,191,238,3666,paper
331,175,272,3663,paper
328,201,253,3657,paper
337,199,252,3667,paper
331,198,241,3656,paper
334,197,234,3659,paper
330,197,252,3665,paper
337,191,244,3657,paper
336,187,262,3650,paper
335,192,259,3663,paper
328,204,281,3655,paper
332,196,262,3685,paper
327,195,262,3660,paper
332,197,258,3662,paper
333,215,237,3656,paper
332,204,320,3650,paper
244,188,248,3559,paper
340,205,260,3641,paper
331,202,248,3667,paper
336,197,221,3660,paper
326,194,246,3656,paper
340,193,241,3648,paper
331,197,241,3640,paper
320,189,377,3657,paper
330,139,262,3657,paper
414,227,244,3637,paper
332,226,257,3656,paper
347,228,239,3659,paper
335,235,242,3646,paper
340,228,233,3658,paper
314,238,226,3668,paper
329,228,241,3653,paper
333,224,251,3660,paper
331,222,235,3660,paper
328,227,251,3649,paper
334,228,256,3661,paper
335,225,256,3663,paper
338,230,247,3654,paper
332,230,259,3663,paper
337,229,262,3663,paper
340,247,262,3679,paper
327,243,280,3658,paper
338,236,340,3676,paper
344,237,257,3659,paper
341,256,253,3647,paper
333,239,257,3659,paper
312,224,292,3661,paper
332,222,252,3676,paper
336,208,251,3655,paper
330,236,246,3637,paper
334,227,247,3658,paper
333,221,261,3641,paper
331,228,269,3662,paper
332,223,245,3669,paper
332,219,236,3661,paper
332,226,283,3660,paper
324,225,368,3647,paper
332,220,291,3659,paper
330,206,281,3676,paper
331,220,262,3659,paper
332,221,272,3654,paper
333,219,262,3655,paper
342,215,330,3659,paper
330,216,278,3661,paper
333,187,269,3661,paper
328,204,290,3647,paper
339,154,254,3658,paper
331,215,267,3660,paper
330,211,281,3653,paper
341,216,265,3691,paper
335,210,206,3661,paper
330,109,258,3665,paper
333,200,336,3672,paper
330,213,258,3661,paper
326,219,260,3675,paper
326,216,248,3656,paper
329,215,247,3670,paper
320,238,213,3661,paper
337,225,237,3654,paper
324,236,239,3678,paper
324,220,253,3654,paper
337,239,240,3647,paper
309,252,230,3632,paper
331,253,234,3716,paper
353,233,236,3659,paper
331,259,240,3600,paper
337,247,232,3652,paper
351,238,227,3662,paper
332,226,242,3643,paper
330,252,219,3682,paper
325,276,231,3672,paper
329,278,225,3675,paper
318,275,236,3641,paper
330,256,228,3658,paper
336,286,227,3661,paper
331,275,225,3663,paper
330,284,220,3665,paper
328,281,211,3668,paper
340,280,217,3673,paper
327,272,222,3647,paper
330,274,222,3662,paper
341,264,215,3660,paper
338,268,221,3676,paper
326,381,227,3662,paper
329,263,217,3660,paper
324,286,135,3641,paper
327,285,232,3660,paper
330,280,245,3679,paper
329,297,232,3608,paper
327,282,229,3652,paper
351,272,245,3662,paper
327,274,221,3659,paper
323,256,232,3659,paper
326,266,222,3662,paper
336,285,224,3669,paper
331,275,226,3647,paper
328,262,221,3644,paper
332,279,206,3662,paper
325,261,221,3697,paper
344,260,171,3679,paper
312,254,94,3662,paper
325,261,225,3661,paper
336,230,228,3645,paper
324,235,210,3675,paper
320,240,212,3661,paper
329,241,220,3661,paper
326,238,221,3668,paper
337,224,231,3659,paper
327,242,218,3642,paper
333,243,199,3664,paper
326,265,193,3672,paper
330,248,228,3662,paper
319,263,225,3650,paper
326,261,207,3661,paper
344,277,209,3660,paper
325,271,217,3658,paper
307,280,206,3657,paper
326,259,215,3662,paper
344,268,208,3662,paper
327,259,212,3663,paper
322,251,215,3670,paper
318,278,208,3679,paper
325,252,213,3658,paper
328,256,215,3648,paper
316,283,227,3664,paper
335,258,205,3670,paper
325,266,204,3666,paper
326,269,215,3657,paper
324,267,223,3658,paper
365,312,213,3671,paper
328,310,214,3672,paper
281,308,216,3537,paper
321,306,228,3641,paper
308,310,219,3663,paper
325,301,217,3661,paper
314,318,213,3644,paper
329,296,212,3666,paper
337,292,193,3663,paper
329,302,184,3678,paper
337,266,221,3671,paper
334,296,204,3671,paper
344,287,206,3665,paper
310,295,208,3711,paper
333,312,210,3663,paper
326,326,205,3651,paper
341,315,205,3657,paper
350,333,190,3664,paper
323,333,201,3660,paper
324,331,208,3638,paper
305,337,205,3653,paper
343,314,203,3658,paper
326,284,218,3657,paper
318,311,203,3631,paper
325,339,186,3656,paper
330,322,199,3656,paper
325,361,199,3662,paper
328,314,196,3661,paper
330,372,197,3660,paper
326,305,173,3666,paper
329,320,196,3639,paper
327,298,198,3653,paper
329,358,191,3658,paper
325,295,192,3663,paper
331,293,192,3657,paper
310,315,194,3663,paper
330,288,178,3659,paper
325,289,197,3671,paper
328,284,214,3660,paper
323,292,197,3660,paper
330,291,194,3663,paper
329,288,187,3657,paper
331,361,194,3663,paper
326,281,196,3657,paper
307,290,182,3661,paper
326,274,179,3654,paper
302,272,195,3654,paper
322,270,194,3662,paper
328,268,196,3662,paper
326,267,209,3662,paper
328,259,189,3660,paper
323,257,200,3657,paper
326,270,186,3564,paper
285,261,188,3665,paper
322,262,196,3661,paper
326,277,179,3673,paper
324,274,185,3667,paper
328,277,181,3656,paper
323,270,187,3662,paper
325,266,204,3663,paper
322,270,199,3661,paper
324,231,219,3669,paper
326,261,238,3659,paper
310,264,247,3659,paper
325,247,247,3658,paper
321,268,242,3649,paper
430,257,246,3675,paper
311,258,312,3660,paper
325,282,254,3664,paper
310,303,277,3670,paper
322,302,282,3656,paper
325,299,282,3661,paper
326,312,268,3674,paper
340,289,276,3665,paper
314,305,325,3660,paper
331,303,271,3676,paper
326,297,264,3660,paper
344,300,267,3659,paper
327,281,270,3664,paper
329,302,264,3669,paper
327,334,261,3665,paper
353,331,254,3657,paper
324,340,262,3675,paper
324,425,255,3655,paper
330,408,253,3661,paper
325,344,253,3660,paper
330,342,271,3652,paper
323,335,262,3663,paper
332,338,309,3659,paper
329,330,285,3666,paper
339,313,291,3660,paper
359,324,293,3656,paper
341,324,289,3661,paper
330,318,296,3680,paper
338,298,326,3664,paper
329,321,321,3656,paper
327,312,332,3660,paper
337,309,303,3658,paper
338,307,310,3663,paper
413,304,309,3655,paper
322,297,315,3664,paper
340,297,298,3663,paper
369,293,305,3657,paper
330,288,280,3669,paper
345,274,290,3662,paper
322,282,304,3657,paper
327,358,301,3657,paper
328,277,288,3668,paper
328,257,294,3698,paper
298,272,297,3679,paper
330,273,291,3657,paper
332,280,288,3663,paper
322,275,280,3664,paper
336,273,284,3659,paper
332,272,281,3662,paper
264,277,268,3657,paper
332,273,276,3665,paper
334,265,290,3661,paper
325,273,277,3640,paper
330,258,271,3659,paper
340,275,264,3663,paper
327,258,272,3657,paper
334,254,276,3661,paper
334,253,281,3666,paper
347,246,269,3706,paper
327,259,257,3670,paper
329,244,265,3639,paper
311,253,259,3664,paper
330,238,271,3658,paper
332,242,261,3653,paper
325,240,289,3663,paper
341,234,263,3667,paper
328,268,260,3683,paper
336,230,264,3655,paper
322,222,259,3663,paper
341,220,272,3659,paper
331,224,280,3663,paper
341,220,167,3664,paper
329,218,274,3661,paper
321,226,173,3665,paper
338,214,269,3664,paper
328,234,269,3661,paper
331,223,266,3657,paper
330,212,267,3662,paper
322,210,264,3659,paper
330,206,268,3660,paper
314,208,260,3663,paper
333,209,260,3665,paper
327,218,252,3661,paper
330,203,256,3662,paper
330,219,257,3663,paper
314,208,276,3658,paper
331,217,242,3675,paper
326,195,256,3659,paper
340,199,261,3663,paper
331,175,272,3660,paper
333,221,270,3680,paper
337,240,273,3663,paper
329,227,257,3662,paper
328,220,264,3655,paper
330,222,267,3654,paper
325,216,275,3664,paper
333,213,273,3665,paper
330,213,272,3664,paper
257,218,276,3761,paper
331,208,273,3659,paper
323,219,268,3661,paper
344,208,266,3664,paper
314,209,301,3663,paper
388,215,272,3676,paper
331,220,296,3654,paper
335,219,274,3660,paper
329,222,281,3661,paper
328,221,266,3651,paper
324,220,270,3662,paper
329,222,272,3667,paper
334,218,275,3659,paper
331,202,285,3662,paper
332,213,276,3637,paper
334,220,267,3662,paper
332,215,272,3661,paper
329,207,274,3662,paper
344,215,264,3653,paper
333,210,263,3639,paper
330,214,252,3660,paper
333,216,259,3658,paper
325,210,251,3637,paper
325,216,252,3658,paper
327,206,253,3658,paper
326,219,251,3657,paper
338,212,260,3662,paper
343,222,249,3667,paper
326,238,258,3654,paper
332,229,246,3659,paper
336,231,264,3658,paper
333,248,245,3659,paper
342,230,245,3646,paper
324,245,242,3668,paper
314,240,238,3655,paper
347,249,245,3656,paper
330,245,251,3657,paper
331,245,256,3659,paper
325,242,253,3637,paper
335,222,253,3684,paper
322,245,250,3650,paper
216,232,269,3678,paper
318,236,284,3662,paper
329,243,285,3659,paper
329,229,273,3658,paper
331,226,290,3653,paper
352,233,288,3641,paper
328,211,292,3661,paper
333,230,301,3657,paper
309,228,301,3662,paper
330,231,288,3674,paper
330,238,298,3652,paper
315,246,292,3658,paper
331,248,268,3671,paper
330,247,289,3676,paper
325,252,293,3649,paper
327,248,291,3678,paper
332,248,294,3652,paper
328,246,288,3666,paper
330,242,285,3660,paper
223,242,294,3663,paper
313,250,285,3667,paper
297,245,288,3656,paper
338,248,283,3665,paper
329,267,282,3663,paper
330,256,280,3673,paper
329,260,277,3660,paper
308,269,276,3656,paper
333,219,290,3659,paper
329,266,299,3657,paper
327,276,295,3648,paper
345,277,276,3663,paper
328,270,290,3656,paper
330,262,292,3650,paper
320,258,275,3675,paper
344,257,304,3658,paper
328,256,314,3661,paper
327,234,308,3659,paper
314,249,333,3661,paper
321,240,291,3646,paper
331,254,287,3676,paper
324,229,299,3661,paper
323,247,299,3660,paper
328,246,288,3659,paper
326,234,281,3672,paper
325,240,254,3662,paper
321,246,273,3659,paper
309,261,270,3663,paper
325,248,272,3662,paper
341,246,270,3662,paper
325,260,252,3660,paper
331,268,260,3661,paper
333,247,264,3674,paper
329,265,264,3653,paper
316,277,282,3661,paper
330,267,263,3657,paper
329,280,264,3670,paper
328,258,250,3662,paper
307,269,266,3640,paper
328,252,272,3662,paper
329,264,264,3659,paper
345,253,253,3681,paper
329,246,267,3654,paper
276,253,265,3665,paper
328,248,266,3663,paper
328,237,276,3652,paper
327,240,253,3730,paper
330,240,264,3654,paper
331,259,264,3677,paper
329,282,256,3673,paper
339,258,267,3676,paper
327,272,248,3661,paper
331,268,258,3679,paper
326,274,209,3649,paper
326,276,252,3659,paper
320,281,150,3653,paper
346,273,251,3663,paper
325,271,248,3661,paper
338,267,250,3652,paper
320,276,245,3659,paper
336,259,242,3759,paper
322,266,236,3663,paper
329,264,233,3656,paper
327,271,220,3664,paper
338,257,243,3667,paper
417,259,238,3671,paper
327,258,232,3657,paper
329,264,231,3646,paper
246,250,229,3639,paper
331,246,225,3657,paper
330,244,242,3654,paper
329,247,204,3661,paper
336,234,221,3663,paper
326,241,226,3666,paper
331,245,236,3654,paper
332,219,225,3660,paper
335,243,222,3760,paper
323,249,235,3655,paper
334,258,222,3641,paper
307,252,229,3665,paper
327,252,209,3660,paper
320,253,296,3655,paper
337,250,227,3658,paper
327,258,207,3664,paper
329,250,214,3675,paper
322,270,316,3645,paper
326,289,224,3660,paper
328,290,229,3670,paper
337,286,175,3680,paper
373,278,236,3654,paper
323,282,218,3664,paper
336,288,223,3668,paper
329,292,229,3672,paper
326,280,233,3661,paper
327,290,224,3670,paper
327,292,221,3660,paper
335,291,226,3651,paper
320,281,224,3654,paper
328,296,233,3655,paper
325,305,212,3664,paper
325,304,212,3678,paper
327,293,214,3661,paper
324,298,214,3663,paper
337,298,219,3661,paper
324,288,219,3655,paper
324,290,212,3677,paper
330,308,214,3649,paper
324,284,212,3659,paper
326,284,214,3652,paper
326,275,213,3571,paper
323,279,222,3664,paper
334,297,202,3661,paper
328,284,189,3668,paper
309,275,216,3653,paper
324,286,210,3648,paper
325,297,212,3661,paper
327,313,217,3665,paper
328,299,228,3644,paper
325,312,212,3661,paper
327,311,235,3670,paper
323,305,245,3653,paper
312,318,245,3657,paper
386,329,233,3644,paper
328,313,232,3747,paper
318,315,238,3663,paper
316,303,228,3673,paper
329,303,230,3660,paper
327,306,226,3661,paper
338,290,250,3665,paper
329,214,232,3665,paper
340,295,209,3653,paper
322,297,205,3661,paper
325,281,222,3661,paper
334,277,219,3717,paper
329,281,212,3652,paper
326,281,209,3660,paper
334,259,232,3671,paper
325,273,246,3664,paper
327,246,236,3647,paper
326,269,254,3656,paper
320,267,262,3663,paper
325,265,246,3658,paper
320,275,228,3675,paper
332,256,233,3673,paper
325,256,253,3662,paper
317,259,280,3654,paper
326,250,268,3651,paper
326,263,252,3652,paper
328,246,247,3659,paper
318,247,272,3653,paper
321,256,242,3673,paper
324,259,231,3662,paper
327,198,248,3661,paper
252,234,245,3657,paper
323,238,256,3638,paper
324,228,234,3672,paper
325,151,256,3659,paper
317,235,257,3665,paper
310,232,301,3664,paper
325,234,235,3658,paper
327,307,236,3661,paper
322,233,246,3648,paper
302,232,246,3660,paper
324,230,218,3676,paper
340,227,248,3657,paper
325,226,248,3658,paper
327,244,259,3660,paper
322,244,256,3662,paper
331,232,269,3657,paper
324,231,253,3752,paper
325,234,252,3656,paper
326,233,246,3670,paper
347,197,251,3659,paper
326,231,254,3658,paper
326,211,257,3661,paper
323,220,250,3652,paper
337,223,158,3661,paper
304,220,266,3636,paper
325,225,258,3656,paper
348,236,264,3753,paper
344,229,264,3662,paper
339,225,226,3661,paper
328,240,249,3655,paper
332,206,274,3649,paper
327,230,264,3673,paper
325,220,256,3657,paper
386,225,252,3597,paper
328,232,235,3669,paper
325,214,268,3662,paper
326,224,246,3662,paper
321,204,245,3684,paper
346,211,262,3688,paper
325,219,249,3658,paper
328,213,262,3666,paper
323,213,248,3554,paper
326,196,247,3660,paper
322,206,241,3666,paper
326,208,246,3654,paper
323,197,288,3651,paper
313,205,214,3659,paper
320,243,266,3655,paper
322,268,251,3662,paper
325,191,254,3662,paper
323,191,276,3654,paper
337,185,282,3677,paper
311,187,406,3661,paper
326,198,243,3660,paper
325,186,277,3660,paper
309,183,348,3660,paper
326,184,252,3688,paper
322,183,256,3661,paper
325,183,256,3668,paper
283,168,260,3617,paper
317,184,261,3661,paper
331,179,254,3674,paper
320,256,252,3660,paper
320,175,250,3667,paper
331,183,250,3657,paper
324,171,252,3610,paper
311,178,239,3657,paper
333,155,268,3649,paper
323,175,261,3661,paper
313,186,269,3656,paper
326,178,256,3676,paper
325,184,282,3656,paper
323,190,302,3658,paper
327,191,298,3643,paper
325,195,291,3662,paper
310,187,287,3664,paper
318,181,298,3661,paper
330,184,278,3656,paper
283,185,279,3661,paper
323,191,282,3665,paper
326,189,276,3650,paper
325,200,278,3657,paper
332,203,272,3669,paper
342,191,270,3660,paper
307,190,270,3665,paper
329,195,265,3661,paper
348,190,256,3662,paper
351,188,247,3680,paper
307,187,253,3665,paper
336,197,253,3642,paper
334,190,258,3661,paper
321,189,261,3653,paper
311,202,256,3663,paper
324,188,273,3646,paper
336,211,256,3675,paper
331,203,280,3661,paper
341,204,261,3670,paper
318,213,260,3715,paper
332,217,235,3662,paper
319,208,277,3663,paper
332,213,250,3659,paper
338,218,244,3684,paper
358,221,228,3659,paper
354,221,245,3661,paper
342,227,268,3661,paper
334,238,238,3647,paper
358,234,228,3665,paper
334,229,247,3658,paper
334,229,212,3671,paper
325,238,218,3662,paper
326,227,240,3652,paper
340,137,227,3659,paper
332,212,248,3655,paper
335,227,208,3664,paper
342,221,230,3653,paper
327,222,231,3640,paper
320,210,121,3660,paper
336,208,242,3682,paper
335,207,233,3659,paper
313,219,243,3659,paper
316,232,258,3659,paper
333,196,262,3657,paper
340,200,254,3671,paper
325,214,256,3672,paper
304,199,284,3663,paper
331,200,258,3663,paper
326,194,275,3665,paper
329,194,274,3668,paper
332,190,270,3644,paper
332,192,268,3662,paper
341,193,259,3655,paper
323,189,260,3657,paper
325,184,257,3657,paper
337,184,235,3666,paper
331,175,258,3731,paper
332,185,256,3665,paper
332,189,251,3658,paper
324,203,242,3677,paper
289,177,250,3661,paper
358,177,240,3659,paper
342,179,332,3657,paper
334,191,262,3606,paper
290,173,264,3656,paper
332,170,260,3663,paper
321,179,252,3671,paper
327,167,256,3662,paper
332,168,276,3661,paper
319,184,260,3679,paper
327,190,266,3641,paper
332,183,256,3678,paper
339,193,253,3659,paper
327,196,265,3666,paper
331,192,253,3644,paper
331,196,264,3661,paper
320,173,252,3624,paper
329,184,257,3664,paper
328,186,247,3666,paper
333,211,247,3657,paper
330,202,252,3657,paper
306,199,253,3639,paper
328,204,246,3662,paper
346,193,252,3661,paper
301,193,249,3566,paper
314,195,244,3658,paper
333,190,236,3661,paper
328,192,252,3647,paper
329,212,250,3659,paper
344,188,250,3660,paper
346,182,249,3668,paper
332,197,232,3677,paper
331,182,264,3660,paper
381,170,256,3618,paper
327,177,272,3657,paper
339,179,273,3652,paper
322,168,270,3642,paper
309,186,272,3662,paper
314,174,277,3663,paper
331,218,266,3659,paper
330,154,283,3661,paper
327,169,264,3672,paper
340,182,263,3669,paper
325,186,261,3660,paper
343,204,274,3663,paper
335,200,274,3662,paper
316,218,257,3659,paper
330,210,273,3644,paper
330,216,250,3656,paper
328,214,254,3659,paper
330,220,233,3653,paper
329,213,249,3643,paper
329,217,241,3656,paper
310,212,247,3654,paper
335,210,246,3678,paper
333,208,234,3658,paper
329,207,236,3661,paper
331,214,234,3659,paper
331,202,249,3646,paper
327,199,240,3676,paper
338,186,260,3663,paper
328,197,237,3656,paper
356,197,258,3663,paper
335,206,266,3661,paper
332,208,272,3662,paper
330,195,275,3642,paper
335,189,305,3644,paper
341,194,316,3661,paper
333,182,321,3657,paper
326,187,324,3683,paper
331,186,325,3658,paper
331,205,320,3662,paper
350,212,332,3649,paper
327,234,334,3660,paper
322,215,374,3658,paper
331,193,326,3662,paper
323,210,319,3666,paper
331,201,326,3661,paper
332,215,321,3661,paper
333,205,321,3625,paper
328,202,322,3662,paper
330,197,317,3662,paper
345,203,310,3666,paper
338,180,310,3660,paper
335,200,313,3673,paper
331,279,311,3664,paper
331,192,307,3659,paper
333,194,322,3661,paper
329,185,297,3659,paper
331,194,301,3660,paper
341,195,321,3653,paper
323,187,314,3668,paper
326,195,304,3663,paper
331,208,298,3660,paper
347,196,290,3666,paper
356,196,305,3653,paper
331,198,306,3659,paper
319,206,303,3660,paper
334,196,302,3673,paper
328,260,297,3661,paper
334,200,307,3661,paper
331,213,305,3551,paper
355,174,304,3658,paper
333,196,294,3662,paper
335,176,312,3650,paper
332,199,290,3660,paper
329,192,288,3659,paper
334,193,296,3659,paper
415,184,297,3661,paper
336,151,297,3659,paper
332,181,295,3653,paper
331,187,295,3662,paper
325,180,308,3657,paper
326,255,303,3659,paper
325,188,281,3668,paper
349,174,304,3659,paper
331,165,301,3666,paper
330,175,312,3653,paper
334,176,277,3674,paper
329,174,307,3658,paper
396,173,296,3671,paper
330,174,296,3652,paper
330,165,296,3611,paper
328,165,291,3659,paper
324,163,298,3656,paper
327,169,306,3681,paper
330,163,260,3659,paper
329,167,282,3666,paper
329,164,284,3662,paper
331,180,277,3660,paper
321,176,278,3663,paper
329,180,272,3656,paper
334,180,289,3684,paper
318,176,276,3654,paper
329,178,274,3659,paper
330,170,281,3659,paper
330,187,281,3663,paper
336,184,279,3662,paper
332,178,279,3657,paper
324,219,272,3663,paper
333,178,274,3657,paper
333,180,277,3659,paper
339,193,274,3666,paper
331,181,296,3669,paper
311,170,405,3660,paper
330,168,297,3659,paper
329,176,276,3671,paper
306,178,288,3666,paper
348,175,286,3662,paper
329,180,284,3663,paper
325,178,296,3657,paper
324,244,284,3642,paper
329,178,298,3671,paper
329,178,290,3658,paper
344,181,286,3658,paper
328,166,296,3655,paper
329,178,300,3658,paper
330,183,281,3661,paper
327,185,280,3659,paper
327,183,288,3662,paper
309,184,305,3658,paper
323,180,292,3661,paper
330,175,314,3677,paper
330,179,329,3657,paper
326,176,317,3637,paper
324,188,312,3640,paper
324,203,316,3657,paper
325,210,311,3661,paper
323,206,308,3662,paper
327,198,308,3660,paper
326,230,295,3663,paper
319,222,311,3671,paper
320,229,307,3652,paper
326,227,304,3665,paper
333,232,302,3672,paper
292,224,300,3677,paper
327,226,293,3659,paper
328,226,292,3661,paper
329,231,270,3663,paper
349,233,281,3658,paper
331,218,292,3663,paper
322,242,278,3651,paper
307,223,333,3660,paper
330,224,308,3654,paper
332,228,322,3660,paper
332,237,311,3653,paper
330,223,320,3658,paper
331,224,322,3659,paper
329,234,320,3662,paper
315,240,320,3759,paper
333,227,315,3657,paper
331,225,303,3679,paper
328,230,327,3657,paper
330,230,307,3662,paper
330,229,306,3670,paper
341,221,303,3654,paper
331,217,327,3650,paper
330,225,307,3656,paper
328,215,303,3647,paper
337,216,300,3659,paper
305,216,298,3655,paper
333,212,273,3660,paper
330,212,286,3663,paper
329,134,299,3663,paper
328,206,287,3647,paper
328,211,279,3662,paper
334,222,287,3677,paper
335,212,280,3662,paper
336,223,288,3658,paper
328,226,283,3687,paper
331,221,258,3673,paper
355,235,278,3653,paper
327,269,276,3674,paper
329,285,270,3660,paper
326,283,270,3739,paper
330,283,257,3663,paper
327,279,266,3662,paper
331,278,268,3644,paper
323,273,260,3667,paper
334,269,254,3664,paper
319,271,256,3646,paper
328,270,253,3659,paper
332,260,254,3666,paper
328,264,239,3666,paper
329,268,223,3644,paper
327,245,276,3661,paper
332,259,274,3655,paper
327,251,277,3664,paper
328,236,273,3673,paper
323,251,282,3668,paper
328,250,290,3668,paper
327,248,268,3647,paper
344,237,278,3659,paper
330,240,281,3704,paper
327,234,275,3666,paper
315,232,270,3676,paper
325,240,269,3666,paper
334,236,258,3690,paper
331,240,266,3663,paper
330,226,289,3661,paper
324,224,265,3656,paper
330,226,253,3661,paper
328,208,242,3664,paper
342,222,257,3658,paper
335,231,250,3648,paper
329,231,267,3660,paper
349,231,152,3658,paper
328,234,256,3670,paper
330,239,256,3659,paper
331,236,238,3661,paper
336,234,264,3671,paper
343,244,240,3663,paper
334,257,260,3675,paper
323,275,257,3634,paper
329,259,256,3655,paper
329,250,241,3675,paper
329,260,260,3662,paper
329,262,239,3659,paper
331,244,257,3661,paper
325,254,241,3653,paper
331,257,235,3654,paper
333,251,252,3668,paper
331,267,238,3659,paper
325,228,235,3670,paper
334,247,233,3657,paper
330,338,217,3659,paper
329,267,230,3657,paper
338,246,235,3662,paper
327,249,240,3652,paper
330,246,228,3635,paper
345,239,224,3697,paper
278,241,234,3680,paper
321,238,228,3662,paper
310,242,242,3661,paper
328,234,243,3662,paper
322,232,232,3658,paper
339,224,251,3658,paper
329,227,237,3660,paper
322,224,239,3660,paper
328,232,244,3682,paper
330,253,261,3654,paper
334,284,244,3661,paper
220,283,241,3669,paper
347,317,222,3657,paper
322,357,253,3657,paper
335,365,273,3660,paper
330,357,272,3659,paper
334,355,281,3607,paper
331,357,315,3647,paper
325,345,298,3653,paper
327,335,283,3679,paper
345,334,275,3657,paper
335,334,252,3665,paper
334,328,281,3694,paper
332,328,274,3665,paper
325,320,242,3661,paper
332,316,268,3662,paper
336,322,267,3677,paper
316,308,266,3642,paper
330,311,277,3662,paper
333,303,260,3657,paper
331,307,278,3651,paper
352,313,273,3683,paper
332,312,260,3662,paper
330,311,256,3653,paper
324,317,251,3636,paper
326,286,260,3660,paper
331,294,266,3556,paper
331,305,278,3659,paper
335,295,241,3649,paper
311,323,252,3661,paper
331,289,255,3659,paper
342,303,251,3670,paper
330,310,245,3669,paper
347,298,245,3657,paper
330,363,246,3648,paper
326,305,241,3649,paper
337,293,226,3660,paper
331,288,237,3671,paper
329,288,231,3661,paper
314,282,123,3653,paper
330,275,242,3656,paper
331,241,248,3658,paper
330,281,256,3662,paper
326,278,249,3556,paper
327,268,249,3658,paper
323,248,246,3669,paper
338,248,243,3660,paper
328,276,242,3661,paper
343,272,236,3680,paper
336,273,244,3659,paper
328,278,245,3658,paper
334,284,253,3658,paper
329,288,246,3653,paper
332,276,249,3653,paper
330,270,247,3656,paper
330,274,300,3666,paper
319,274,252,3645,paper
369,261,241,3660,paper
320,262,244,3667,paper
331,258,243,3573,paper
331,282,239,3659,paper
326,243,250,3659,paper
330,249,253,3643,paper
329,248,265,3655,paper
331,272,242,3670,paper
326,316,261,3664,paper
326,252,245,3654,paper
304,239,257,3664,paper
328,233,245,3660,paper
327,234,245,3655,paper
327,235,246,3668,paper
319,233,243,3659,paper
325,225,240,3654,paper
328,228,235,3657,paper
328,229,248,3663,paper
309,225,233,3669,paper
333,225,233,3665,paper
331,226,277,3672,paper
329,223,244,3652,paper
326,243,221,3659,paper
326,242,225,3663,paper
325,224,215,3685,paper
329,270,225,3656,paper
303,285,226,3657,paper
329,283,206,3656,paper
326,297,221,3682,paper
315,296,213,3659,paper
326,285,223,3660,paper
326,298,206,3655,paper
327,311,222,3658,paper
318,296,219,3643,paper
329,289,248,3660,paper
321,299,240,3641,paper
329,279,254,3649,paper
338,263,250,3662,paper
328,274,232,3641,paper
337,234,232,3662,paper
346,276,219,3661,paper
342,272,237,3647,paper
314,281,239,3652,paper
340,294,224,3651,paper
329,272,247,3660,paper
328,296,222,3660,paper
320,315,225,3659,paper
333,304,218,3654,paper
321,360,233,3660,paper
320,304,240,3655,paper
322,307,216,3660,paper
333,283,214,3645,paper
325,288,214,3663,paper
324,277,242,3658,paper
320,280,212,3655,paper
322,232,211,3658,paper
321,268,202,3674,paper
320,272,212,3660,paper
327,269,155,3663,paper
316,267,205,3667,paper
317,272,203,3662,paper
318,257,208,3669,paper
334,262,218,3658,paper
334,254,215,3659,paper
332,251,234,3655,paper
336,256,243,3649,paper
331,247,245,3654,paper
321,266,238,3665,paper
326,238,246,3658,paper
329,235,243,3662,paper
326,257,251,3662,paper
334,264,210,3661,paper
324,267,259,3661,paper
326,259,236,3661,paper
324,256,233,3658,paper
324,258,236,3663,paper
317,244,236,3652,paper
330,247,220,3667,paper
307,245,269,3659,paper
333,241,213,3676,paper
372,239,234,3658,paper
332,235,211,3667,paper
324,237,224,3673,paper
329,232,243,3672,paper
325,232,230,3661,paper
315,214,188,3661,paper
319,233,230,3655,paper
337,224,230,3656,paper
393,229,232,3760,paper
327,220,223,3662,paper
310,218,229,3663,paper
326,202,233,3664,paper
342,205,222,3661,paper
328,213,223,3663,paper
324,212,218,3658,paper
325,219,244,3659,paper
325,211,202,3651,paper
321,204,217,3669,paper
332,212,220,3652,paper
336,209,225,3658,paper
346,200,215,3662,paper
319,215,229,3658,paper
326,208,237,3590,paper
324,200,231,3662,paper
347,198,231,3742,paper
331,207,231,3658,paper
322,211,229,3623,paper
325,194,230,3657,paper
320,198,226,3660,paper
322,184,247,3664,paper
308,187,222,3661,paper
337,183,223,3662,paper
310,183,223,3658,paper
325,191,238,3659,paper
323,187,217,3659,paper
341,188,274,3657,paper
339,185,189,3662,paper
318,173,213,3661,paper
303,186,219,3662,paper
333,203,204,3650,paper
286,182,212,3671,paper
313,175,212,3658,paper
326,191,203,3662,paper
322,167,222,3669,paper
328,178,223,3659,paper
325,174,229,3684,paper
327,139,213,3682,paper
331,190,227,3661,paper
327,173,230,3657,paper
346,176,225,3663,paper
326,160,232,3664,paper
338,181,234,3663,paper
326,177,229,3662,paper
330,220,221,3656,paper
338,174,201,3663,paper
341,169,225,3657,paper
325,154,239,3649,paper
370,169,224,3655,paper
320,177,268,3660,paper
327,189,220,3661,paper
324,197,234,3643,paper
318,180,212,3662,paper
332,211,226,3658,paper
330,198,234,3667,paper
339,198,232,3652,paper
312,198,260,3662,paper
324,202,238,3659,paper
316,190,229,3651,paper
350,198,212,3661,paper
327,217,231,3658,paper
325,217,202,3657,paper
321,224,224,3656,paper
330,208,264,3663,paper
324,236,228,3660,paper
319,224,248,3665,paper
331,225,205,3661,paper
324,215,236,3659,paper
320,195,231,3637,paper
327,161,227,3662,paper
323,264,230,3661,paper
323,219,227,3661,paper
322,217,235,3663,paper
300,222,234,3661,paper
322,214,228,3666,paper
320,210,228,3660,paper
329,207,230,3649,paper
311,205,148,3661,paper
344,204,242,3657,paper
326,204,252,3659,paper
328,211,230,3671,paper
219,202,253,3661,paper
324,196,258,3660,paper
312,199,215,3660,paper
320,198,254,3658,paper
233,195,254,3668,paper
318,176,249,3705,paper
333,194,237,3673,paper
337,190,247,3660,paper
327,186,247,3660,paper
332,166,263,3648,paper
321,187,250,3661,paper
319,184,256,3655,paper
247,188,240,3655,paper
326,181,249,3661,paper
312,180,249,3657,paper
326,176,229,3663,paper
239,173,250,3720,paper
338,174,244,3670,paper
330,175,244,3658,paper
349,190,240,3658,paper
325,178,243,3661,paper
337,174,238,3664,paper
320,185,237,3657,paper
239,175,234,3649,paper
326,173,235,3663,paper
326,172,239,3659,paper
328,170,245,3661,paper
322,174,246,3651,paper
317,174,245,3663,paper
321,148,247,3669,paper
308,160,239,3660,paper
327,176,241,3660,paper
327,162,236,3670,paper
323,162,235,3663,paper
324,163,231,3664,paper
327,144,235,3662,paper
329,165,234,3675,paper
316,154,240,3657,paper
225,157,230,3678,paper
328,135,228,3660,paper
321,157,230,3651,paper
328,165,239,3661,paper
336,170,244,3657,paper
328,174,240,3647,paper
327,180,256,3662,paper
329,188,239,3659,paper
328,136,239,3660,paper
336,189,251,3657,paper
323,168,253,3657,paper
328,186,259,3663,paper
328,185,264,3641,paper
329,214,266,3651,paper
341,229,276,3658,paper
351,226,297,3659,paper
324,269,314,3637,paper
330,272,306,3658,paper
328,287,334,3589,paper
329,300,325,3637,paper
327,280,330,3639,paper
327,285,314,3662,paper
315,278,314,3661,paper
325,269,312,3672,paper
325,274,309,3670,paper
330,266,309,3662,paper
386,266,303,3669,paper
313,262,298,3651,paper
328,261,313,3655,paper
324,262,296,3663,paper
330,267,299,3659,paper
329,265,297,3676,paper
307,268,294,3591,paper
330,261,290,3663,paper
329,252,288,3667,paper
331,176,288,3660,paper
333,256,285,3661,paper
330,251,273,3661,paper
330,296,281,3661,paper
334,237,275,3755,paper
331,246,272,3662,paper
332,235,249,3661,paper
331,237,270,3661,paper
336,237,272,3676,paper
330,228,278,3658,paper
337,231,295,3657,paper
336,228,283,3654,paper
324,233,284,3653,paper
328,227,285,3659,paper
337,221,194,3662,paper
327,252,292,3641,paper
330,258,294,3657,paper
353,290,278,3661,paper
338,304,291,3658,paper
332,320,308,3662,paper
330,329,295,3659,paper
356,324,288,3661,paper
329,320,292,3657,paper
337,317,293,3672,paper
344,313,285,3679,paper
349,309,283,3667,paper
328,308,292,3665,paper
332,303,279,3661,paper
324,316,278,3641,paper
330,293,270,3662,paper
332,294,273,3661,paper
326,272,272,3672,paper
330,289,268,3656,paper
328,278,276,3663,paper
329,282,264,3671,paper
339,277,262,3675,paper
330,275,288,3658,paper
329,273,296,3667,paper
318,288,292,3659,paper
359,265,301,3657,paper
343,257,279,3660,paper
324,263,293,3639,paper
342,252,311,3659,paper
223,259,288,3683,paper
327,263,302,3660,paper
309,260,291,3660,paper
329,265,288,3668,paper
342,253,292,3660,paper
330,249,288,3676,paper
339,252,265,3675,paper
328,250,286,3657,paper
325,250,289,3658,paper
331,274,283,3670,paper
326,256,281,3661,paper
334,258,286,3667,paper
328,253,284,3675,paper
330,256,278,3660,paper
340,243,277,3662,paper
327,256,273,3649,paper
329,247,265,3664,paper
354,248,269,3639,paper
325,245,268,3647,paper
329,245,267,3666,paper
328,238,273,3657,paper
340,256,267,3665,paper
329,240,275,3655,paper
331,241,256,3663,paper
348,238,267,3653,paper
330,237,272,3657,paper
327,239,286,3657,paper
335,233,197,3652,paper
316,230,309,3659,paper
329,234,273,3661,paper
327,253,290,3645,paper
328,311,280,3658,paper
330,259,288,3683,paper
320,245,274,3678,paper
343,254,280,3661,paper
326,254,281,3665,paper
329,247,271,3658,paper
328,234,269,3665,paper
353,256,279,3661,paper
328,264,262,3663,paper
327,259,263,3660,paper
329,245,259,3673,paper
326,257,260,3659,paper
329,271,258,3661,paper
322,273,251,3663,paper
336,247,256,3658,paper
325,281,257,3636,paper
327,286,252,3655,paper
326,288,256,3675,paper
336,288,245,3657,paper
327,301,241,3665,paper
324,280,248,3668,paper
329,303,232,3676,paper
325,276,242,3661,paper
329,306,256,3650,paper
330,320,235,3661,paper
325,335,238,3669,paper
326,322,249,3665,paper
333,316,266,3675,paper
331,324,274,3662,paper
327,316,279,3659,paper
329,319,282,3636,paper
328,317,277,3659,paper
329,312,272,3660,paper
320,320,283,3659,paper
327,302,291,3656,paper
327,299,304,3665,paper
327,294,280,3660,paper
332,292,270,3661,paper
328,282,286,3565,paper
311,294,277,3669,paper
326,283,278,3662,paper
330,278,280,3661,paper
322,328,290,3666,paper
393,279,273,3654,paper
334,281,279,3681,paper
334,282,276,3680,paper
323,278,285,3661,paper
328,282,266,3668,paper
325,310,267,3657,paper
325,291,251,3664,paper
331,302,277,3652,paper
320,313,275,3608,paper
328,298,272,3660,paper
328,287,275,3684,paper
333,290,264,3675,paper
344,293,252,3657,paper
336,333,261,3658,paper
329,300,270,3662,paper
324,306,266,3662,paper
323,317,264,3661,paper
347,338,244,3669,paper
332,231,266,3667,paper
352,302,258,3733,paper
329,307,238,3659,paper
309,300,254,3642,paper
323,296,256,3668,paper
325,272,253,3669,paper
321,295,250,3643,paper
331,290,239,3661,paper
326,284,243,3663,paper
324,288,256,3666,paper
348,292,242,3652,paper
325,293,218,3679,paper
329,287,233,3661,paper
328,281,247,3658,paper
329,299,247,3704,paper
305,291,317,3661,paper
328,311,244,3675,paper
348,316,266,3662,paper
326,304,254,3658,paper
328,335,283,3643,paper
333,317,282,3677,paper
320,320,292,3667,paper
329,340,266,3664,paper
327,339,294,3660,paper
320,360,277,3661,paper
330,343,279,3602,paper
331,338,296,3651,paper
335,340,288,3663,paper
342,344,274,3662,paper
318,349,268,3679,paper
347,348,270,3663,paper
337,347,263,3661,paper
353,340,264,3661,paper
333,335,262,3681,paper
336,346,296,3644,paper
332,349,265,3659,paper
336,329,194,3661,paper
331,336,263,3661,paper
321,350,263,3676,paper
333,340,271,3661,paper
328,347,279,3646,paper
322,329,303,3655,paper
329,331,264,3661,paper
339,332,280,3651,paper
311,328,296,3648,paper
330,340,304,3656,paper
330,328,293,3660,paper
327,342,294,3674,paper
328,373,286,3663,paper
327,270,294,3663,paper
331,353,274,3660,paper
328,361,300,3671,paper
335,365,280,3690,paper
328,364,289,3659,paper
334,360,261,3661,paper
329,354,261,3657,paper
348,350,272,3663,paper
328,446,271,3660,paper
327,346,285,3642,paper
330,352,280,3651,paper
330,350,272,3660,paper
331,350,283,3657,paper
330,353,289,3660,paper
394,338,286,3686,paper
339,342,276,3665,paper
342,348,318,3661,paper
331,357,279,3663,paper
327,352,272,3662,paper
333,341,284,3655,paper
331,350,264,3666,paper
331,364,256,3648,paper
323,398,277,3664,paper
338,374,253,3674,paper
327,360,290,3660,paper
332,370,274,3654,paper
350,364,264,3661,paper
352,362,288,3659,paper
326,365,303,3658,paper
330,377,301,3661,paper
318,392,258,3661,paper
327,391,286,3680,paper
324,407,368,3660,paper
331,401,292,3659,paper
333,418,299,3660,paper
331,408,306,3659,paper
329,410,320,3651,paper
347,427,308,3659,paper
335,424,327,3663,paper
334,422,321,3659,paper
327,424,327,3660,paper
329,412,276,3646,paper
332,413,293,3679,paper
345,400,314,3662,paper
344,392,319,3659,paper
336,388,277,3649,paper
347,388,321,3663,paper
327,380,305,3669,paper
347,367,308,3672,paper
331,365,301,3646,paper
333,362,296,3665,paper
359,354,309,3659,paper
330,363,301,3656,paper
324,344,304,3624,paper
329,356,286,3660,paper
320,358,285,3636,paper
318,366,343,3661,paper
331,379,295,3658,paper
318,374,278,3661,paper
335,380,264,3687,paper
329,410,266,3676,paper
330,401,297,3662,paper
346,410,262,3674,paper
330,404,270,3802,paper
332,431,266,3660,paper
326,437,247,3672,paper
332,440,252,3655,paper
330,423,266,3797,paper
331,425,263,3660,paper
329,420,259,3646,paper
327,427,238,3677,paper
333,423,266,3666,paper
333,520,272,3663,paper
330,448,272,3654,paper
330,477,256,3683,paper
335,502,281,3655,paper
346,495,214,3669,paper
364,492,274,3723,paper
347,482,268,3659,paper
343,470,276,3646,paper
325,456,270,3622,paper
391,482,272,3759,paper
349,461,352,3661,paper
339,471,273,3649,paper
345,438,283,3664,paper
331,445,271,3664,paper
327,438,314,3646,paper
348,452,264,3665,paper
320,450,267,3661,paper
335,443,267,3682,paper
328,441,265,3652,paper
329,429,267,3677,paper
346,439,272,3656,paper
331,433,277,3656,paper
330,530,274,3664,paper
330,427,274,3659,paper
330,423,278,3669,paper
331,414,263,3662,paper
336,418,242,3663,paper
333,402,259,3657,paper
326,408,279,3671,paper
339,405,346,3662,paper
345,407,236,3660,paper
343,394,260,3667,paper
329,353,253,3661,paper
329,382,256,3666,paper
321,376,249,3653,paper
375,363,265,3664,paper
326,381,230,3671,paper
332,366,248,3641,paper
321,363,248,3656,paper
332,357,250,3665,paper
330,360,280,3660,paper
324,357,258,3668,paper
330,336,269,3635,paper
329,349,266,3642,paper
329,353,275,3642,paper
329,342,245,3657,paper
332,340,251,3658,paper
324,345,263,3640,paper
333,265,249,3661,paper
340,337,251,3661,paper
329,315,262,3660,paper
267,326,249,3541,paper
331,298,247,3659,paper
321,336,250,3663,paper
329,344,248,3661,paper
341,347,248,3657,paper
333,375,241,3657,paper
333,363,220,3676,paper
334,395,230,3670,paper
332,352,241,3657,paper
334,334,239,3650,paper
329,350,227,3676,paper
315,335,237,3661,paper
327,331,224,3662,paper
331,343,232,3658,paper
318,330,235,3663,paper
329,321,230,3678,paper
421,312,228,3665,paper
328,320,227,3663,paper
324,311,225,3662,paper
329,312,221,3667,paper
307,312,242,3663,paper
315,289,225,3626,paper
331,302,220,3661,paper
332,294,220,3654,paper
324,295,216,3642,paper
327,290,238,3662,paper
328,286,194,3674,paper
327,259,223,3670,paper
345,282,209,3663,paper
323,277,215,3662,paper
327,287,218,3657,paper
327,273,221,3659,paper
326,268,218,3659,paper
326,267,225,3658,paper
326,262,203,3661,paper
325,261,211,3662,paper
326,257,215,3659,paper
324,253,214,3663,paper
438,259,214,3648,paper
335,256,197,3660,paper
330,252,232,3650,paper
320,250,215,3641,paper
328,256,210,3675,paper
338,267,112,3663,paper
326,282,224,3648,paper
256,289,221,3640,paper
307,296,206,3660,paper
339,272,206,3677,paper
318,291,216,3678,paper
325,299,218,3655,paper
325,309,201,3661,paper
330,285,213,3657,paper
315,291,218,3662,paper
329,275,216,3658,paper
326,287,215,3660,paper
333,285,211,3655,paper
343,278,289,3664,paper
306,272,196,3660,paper
331,288,207,3657,paper
256,286,212,3679,paper
327,295,211,3659,paper
327,291,215,3660,paper
336,294,211,3711,paper
329,312,195,3672,paper
326,286,206,3659,paper
328,300,206,3662,paper
338,288,213,3663,paper
325,287,204,3655,paper
327,212,203,3663,paper
340,301,196,3659,paper
322,310,208,3666,paper
326,310,201,3662,paper
318,310,200,3662,paper
326,301,192,3654,paper
327,303,198,3658,paper
326,295,194,3661,paper
327,303,195,3660,paper
332,283,218,3662,paper
336,288,195,3652,paper
343,284,201,3656,paper
324,285,194,3573,paper
326,287,198,3661,paper
329,247,208,3659,paper
327,290,246,3660,paper
322,349,216,3643,paper
317,274,213,3659,paper
372,282,209,3674,paper
327,248,219,3669,paper
320,280,204,3638,paper
320,277,207,3651,paper
326,279,210,3660,paper
327,260,200,3657,paper
335,270,222,3658,paper
325,285,209,3665,paper
323,298,228,3685,paper
326,292,219,3659,paper
329,296,216,3656,paper
332,296,210,3665,paper
326,302,211,3631,paper
325,402,221,3661,paper
327,308,218,3659,paper
335,296,279,3666,paper
415,295,216,3677,paper
343,293,218,3663,paper
324,290,234,3649,paper
330,286,218,3663,paper
327,252,226,3661,paper
327,273,221,3659,paper
322,277,220,3659,paper
327,274,220,3658,paper
351,277,228,3667,paper
323,272,235,3660,paper
329,272,234,3659,paper
313,257,234,3661,paper
330,266,228,3660,paper
345,267,237,3666,paper
329,257,235,3657,paper
329,263,247,3659,paper
329,259,226,3660,paper
330,257,232,3660,paper
313,302,263,3661,paper
326,326,221,3657,paper
327,342,207,3658,paper
320,356,216,3659,paper
328,385,218,3659,paper
327,398,217,3658,paper
326,392,204,3679,paper
310,375,216,3661,paper
328,379,214,3653,paper
328,390,217,3654,paper
317,375,215,3728,paper
315,364,212,3653,paper
331,359,224,3659,paper
330,365,192,3668,paper
323,363,225,3654,paper
441,351,214,3681,paper
329,343,223,3660,paper
318,341,231,3661,paper
326,331,223,3681,paper
451,332,222,3679,paper
331,325,223,3649,paper
328,323,220,3663,paper
336,321,223,3662,paper
320,309,228,3661,paper
314,306,221,3685,paper
327,317,221,3663,paper
315,304,226,3666,paper
323,299,221,3641,paper
344,298,226,3658,paper
313,293,229,3653,paper
335,290,235,3677,paper
337,290,230,3659,paper
329,287,223,3657,paper
311,293,230,3655,paper
328,290,229,3654,paper
329,311,232,3646,paper
333,281,234,3657,paper
330,286,238,3659,paper
328,279,231,3660,paper
330,283,225,3659,paper
328,285,252,3664,paper
332,278,229,3660,paper
330,283,222,3665,paper
307,277,238,3658,paper
327,284,230,3651,paper
282,293,222,3657,paper
330,283,225,3677,paper
339,276,229,3662,paper
325,290,229,3654,paper
330,284,232,3643,paper
333,279,248,3657,paper
339,283,267,3653,paper
329,280,200,3678,paper
307,280,261,3674,paper
348,277,258,3672,paper
328,278,260,3660,paper
333,280,258,3647,paper
332,289,251,3674,paper
326,277,258,3656,paper
339,274,165,3665,paper
330,276,256,3658,paper
333,271,259,3658,paper
333,275,253,3677,paper
333,285,233,3659,paper
331,257,257,3671,paper
327,267,246,3655,paper
321,302,241,3657,paper
341,261,258,3646,paper
336,254,239,3658,paper
332,264,253,3663,paper
313,264,258,3659,paper
335,256,277,3653,paper
331,252,258,3645,paper
333,258,248,3662,paper
317,256,254,3664,paper
334,252,250,3654,paper
330,250,243,3638,paper
325,258,224,3661,paper
327,269,254,3640,paper
331,275,241,3660,paper
335,292,244,3651,paper
331,331,240,3656,paper
336,284,243,3647,paper
332,271,243,3661,paper
333,257,240,3632,paper
329,273,241,3658,paper
339,268,210,3657,paper
337,266,233,3604,paper
345,247,226,3661,paper
338,257,228,3667,paper
335,258,211,3659,paper
337,265,229,3685,paper
333,262,228,3662,paper
326,258,330,3642,paper
330,263,232,3644,paper
346,268,227,3658,paper
321,263,226,3658,paper
334,270,222,3660,paper
335,268,234,3655,paper
334,274,223,3586,paper
336,269,232,3655,paper
329,267,227,3666,paper
351,272,304,3661,paper
334,268,228,3652,paper
337,272,226,3661,paper
343,269,142,3669,paper
317,263,226,3655,paper
351,265,221,3677,paper
335,272,224,3661,paper
333,314,210,3666,paper
335,318,220,3662,paper
337,308,221,3658,paper
338,303,208,3659,paper
337,308,211,3658,paper
335,298,224,3661,paper
330,311,212,3657,paper
266,355,217,3762,paper
335,351,208,3664,paper
338,354,203,3660,paper
329,355,208,3660,paper
338,351,204,3660,paper
354,351,221,3687,paper
353,352,212,3657,paper
337,368,215,3663,paper
336,356,209,3660,paper
321,373,216,3659,paper
336,367,213,3660,paper
339,377,202,3657,paper
330,391,212,3662,paper
348,398,210,3657,paper
336,412,211,3661,paper
317,405,209,3651,paper
328,406,209,3661,paper
339,407,206,3666,paper
339,426,218,3659,paper
352,398,207,3688,paper
316,392,231,3658,paper
339,392,219,3660,paper
335,384,217,3664,paper
341,383,223,3659,paper
343,378,229,3639,paper
338,373,219,3662,paper
339,349,222,3657,paper
339,359,230,3659,paper
341,350,229,3701,paper
340,325,226,3660,paper
338,346,204,3667,paper
337,328,235,3661,paper
345,322,224,3647,paper
338,336,226,3654,paper
339,339,229,3693,paper
335,332,228,3658,paper
319,314,244,3661,paper
326,331,224,3662,paper
338,318,304,3677,paper
315,318,237,3644,paper
323,324,224,3659,paper
326,313,219,3645,paper
338,301,226,3557,paper
340,309,218,3664,paper
334,313,217,3663,paper
339,311,196,3654,paper
337,289,218,3663,paper
347,326,212,3672,paper
333,325,210,3649,paper
353,327,214,3671,paper
337,318,206,3663,paper
340,311,203,3657,paper
335,315,208,3663,paper
337,353,206,3659,paper
343,312,205,3637,paper
343,331,206,3661,paper
343,303,203,3653,paper
352,302,216,3659,paper
341,313,222,3657,paper
344,295,230,3659,paper
332,292,230,3657,paper
337,298,228,3661,paper
338,210,237,3654,paper
336,281,231,3654,paper
333,275,293,3651,paper
344,274,230,3663,paper
354,278,230,3661,paper
331,284,125,3661,paper
339,288,226,3654,paper
339,290,231,3672,paper
342,281,233,3660,paper
422,291,231,3659,paper
338,287,234,3655,paper
340,287,227,3659,paper
350,278,222,3662,paper
337,278,212,3663,paper
340,288,224,3677,paper
341,274,219,3655,paper
348,270,222,3662,paper
339,266,227,3666,paper
340,262,240,3652,paper
339,260,208,3658,paper
315,254,231,3663,paper
336,256,236,3653,paper
337,260,222,3655,paper
341,252,210,3658,paper
334,264,224,3667,paper
348,271,226,3642,paper
341,290,231,3646,paper
340,286,223,3648,paper
346,296,263,3651,paper
339,289,229,3658,paper
342,291,228,3644,paper
339,284,203,3661,paper
343,282,201,3669,paper
335,333,240,3662,paper
247,277,220,3639,paper
342,274,219,3679,paper
321,273,223,3591,paper
340,315,248,3665,paper
339,264,227,3677,paper
341,258,233,3660,paper
357,263,229,3672,paper
320,258,214,3657,paper
342,254,226,3670,paper
345,264,229,3653,paper
344,242,232,3671,paper
335,249,221,3655,paper
387,246,224,3663,paper
341,199,240,3661,paper
344,242,238,3660,paper
339,234,226,3663,paper
335,233,312,3644,paper
341,237,203,3661,paper
340,232,212,3662,paper
337,240,223,3658,paper
336,230,225,3654,paper
364,234,211,3660,paper
339,221,227,3661,paper
349,226,223,3661,paper
282,237,226,3654,paper
336,224,229,3667,paper
344,223,239,3662,paper
337,218,243,3635,paper
336,220,253,3659,paper
348,221,244,3668,paper
354,223,226,3660,paper
337,226,244,3646,paper
338,218,241,3659,paper
353,236,238,3663,paper
345,234,238,3657,paper
329,235,258,3662,paper
341,253,238,3652,paper
328,253,226,3655,paper
337,261,233,3673,paper
367,265,220,3664,paper
337,268,229,3706,paper
348,272,230,3662,paper
349,257,229,3661,paper
348,253,227,3661,paper
319,246,265,3664,paper
352,243,232,3669,paper
341,247,226,3667,paper
330,243,186,3661,paper
329,249,222,3660,paper
337,229,221,3664,paper
343,239,216,3652,paper
340,215,229,3661,paper
348,240,250,3648,paper
341,205,215,3661,paper
344,227,227,3662,paper
341,207,210,3664,paper
347,224,204,3661,paper
341,238,213,3659,paper
332,228,237,3644,paper
333,226,232,3644,paper
335,263,207,3652,paper
343,320,218,3663,paper
343,244,212,3639,paper
343,263,210,3658,paper
345,266,207,3635,paper
341,263,219,3654,paper
338,263,134,3676,paper
335,262,211,3669,paper
336,264,209,3669,paper
346,253,217,3663,paper
344,285,231,3677,paper
398,307,232,3666,paper
343,316,221,3655,paper
352,323,251,3659,paper
333,297,256,3670,paper
340,320,248,3657,paper
316,315,242,3662,paper
357,318,340,3659,paper
377,308,242,3676,paper
342,304,244,3674,paper
314,311,242,3660,paper
341,296,233,3657,paper
338,294,245,3671,paper
342,339,239,3653,paper
335,300,240,3627,paper
355,281,232,3690,paper
343,286,227,3670,paper
336,296,234,3666,paper
285,299,235,3656,paper
342,285,235,3664,paper
353,287,216,3661,paper
325,297,248,3664,paper
340,298,227,3658,paper
344,298,220,3662,paper
331,290,225,3609,paper
330,296,247,3651,paper
340,291,242,3680,paper
348,266,245,3706,paper
334,295,246,3660,paper
339,290,242,3597,paper
353,303,247,3656,paper
343,315,244,3669,paper
391,299,252,3655,paper
334,305,250,3653,paper
301,302,240,3658,paper
339,391,246,3661,paper
346,288,243,3689,paper
340,300,243,3666,paper
341,295,242,3640,paper
357,284,237,3661,paper
333,294,234,3658,paper
361,279,244,3664,paper
353,277,232,3666,paper
340,277,229,3661,paper
341,270,226,3655,paper
340,267,247,3658,paper
330,290,221,3675,paper
338,257,230,3656,paper
332,263,240,3635,paper
294,261,234,3663,paper
336,284,228,3672,paper
340,258,230,3658,paper
324,262,236,3639,paper
326,266,238,3661,paper
355,274,239,3657,paper
337,260,237,3655,paper
227,256,234,3635,paper
338,261,235,3541,paper
340,249,225,3663,paper
335,247,178,3653,paper
249,233,228,3548,paper
348,263,230,3651,paper
337,240,273,3679,paper
353,229,233,3653,paper
328,214,244,3661,paper
354,233,238,3667,paper
335,229,338,3658,paper
336,235,235,3721,paper
324,230,240,3652,paper
328,232,232,3655,paper
333,242,230,3660,paper
336,230,216,3681,paper
338,230,222,3664,paper
337,230,228,3663,paper
345,208,237,3672,paper
352,240,224,3657,paper
343,258,222,3656,paper
336,264,222,3662,paper
337,235,217,3661,paper
228,267,216,3659,paper
338,262,214,3660,paper
335,252,232,3654,paper
354,261,220,3666,paper
339,294,215,3663,paper
341,354,222,3660,paper
325,342,354,3658,paper
325,360,220,3681,paper
342,342,236,3650,paper
318,395,234,3655,paper
323,390,240,3653,paper
344,389,242,3659,paper
346,385,239,3663,paper
338,358,243,3659,paper
324,373,244,3660,paper
339,368,236,3657,paper
347,384,236,3674,paper
336,356,239,3656,paper
343,356,214,3663,paper
346,368,240,3638,paper
344,291,237,3660,paper
331,353,235,3661,paper
334,341,233,3658,paper
338,338,234,3661,paper
348,336,228,3660,paper
338,345,228,3650,paper
334,316,240,3653,paper
330,330,229,3667,paper
339,340,226,3657,paper
340,342,215,3718,paper
336,326,223,3660,paper
336,437,219,3658,paper
336,301,228,3661,paper
228,316,218,3648,paper
312,329,220,3665,paper
343,326,216,3664,paper
342,332,236,3651,paper
340,341,228,3656,paper
358,328,216,3659,paper
338,324,208,3662,paper
334,332,212,3660,paper
338,337,216,3660,paper
322,354,209,3661,paper
341,335,217,3653,paper
340,336,218,3661,paper
344,348,189,3675,paper
338,282,213,3660,paper
342,324,209,3641,paper
329,371,207,3663,paper
342,400,210,3660,paper
339,321,212,3663,paper
340,309,211,3652,paper
340,308,220,3680,paper
339,304,206,3661,paper
341,305,234,3656,paper
338,289,208,3659,paper
354,286,207,3658,paper
342,291,203,3661,paper
341,278,209,3655,paper
340,282,224,3661,paper
341,278,238,3664,paper
342,272,236,3645,paper
338,271,243,3659,paper
344,273,239,3660,paper
343,292,268,3653,paper
341,292,254,3660,paper
352,292,236,3660,paper
339,291,238,3664,paper
341,287,257,3664,paper
258,285,253,3675,paper
316,282,254,3651,paper
340,277,260,3657,paper
347,279,173,3659,paper
340,271,242,3657,paper
334,266,241,3659,paper
346,260,244,3760,paper
333,264,244,3648,paper
347,263,243,3663,paper
341,259,216,3666,paper
351,270,238,3642,paper
345,250,228,3668,paper
339,250,231,3664,paper
356,251,234,3662,paper
338,268,218,3659,paper
312,256,241,3653,paper
341,250,248,3658,paper
338,259,257,3666,paper
324,259,234,3659,paper
336,247,234,3671,paper
337,240,230,3652,paper
353,247,218,3662,paper
336,251,224,3589,paper
342,256,239,3660,paper
330,247,221,3646,paper
334,241,228,3647,paper
343,256,219,3673,paper
352,237,197,3661,paper
345,262,218,3646,paper
356,240,218,3667,paper
336,237,223,3661,paper
353,232,177,3653,paper
342,233,246,3657,paper
338,234,251,3661,paper
339,219,253,3649,paper
339,233,254,3650,paper
342,229,247,3649,paper
341,229,274,3651,paper
342,227,290,3653,paper
342,228,294,3661,paper
330,225,297,3648,paper
343,221,301,3659,paper
341,224,308,3664,paper
342,218,297,3673,paper
328,223,296,3657,paper
338,230,284,3681,paper
340,238,286,3654,paper
342,239,285,3659,paper
342,245,287,3654,paper
340,239,266,3658,paper
284,248,284,3675,paper
350,243,284,3665,paper
331,261,269,3658,paper
340,240,270,3660,paper
331,232,278,3642,paper
340,235,285,3650,paper
335,230,265,3649,paper
344,230,265,3657,paper
335,233,245,3664,paper
337,229,257,3650,paper
340,224,267,3657,paper
340,227,258,3631,paper
339,233,264,3663,paper
352,242,252,3658,paper
341,298,251,3662,paper
336,236,243,3663,paper
338,237,268,3661,paper
336,282,260,3663,paper
339,251,256,3661,paper
334,231,256,3666,paper
336,230,258,3659,paper
338,268,258,3662,paper
337,225,229,3664,paper
350,224,256,3665,paper
349,211,260,3660,paper
338,221,256,3660,paper
335,236,252,3659,paper
359,264,251,3720,paper
337,267,245,3663,paper
336,274,247,3655,paper
354,274,242,3675,paper
336,261,225,3659,paper
343,256,256,3660,paper
335,257,243,3652,paper
332,253,237,3637,paper
308,258,251,3660,paper
334,236,237,3658,paper
328,250,285,3660,paper
328,242,239,3648,paper
342,244,239,3674,paper
339,239,233,3676,paper
334,254,234,3658,paper
337,235,234,3660,paper
339,240,242,3637,paper
337,235,237,3660,paper
341,240,244,3660,paper
336,251,237,3648,paper
343,246,240,3655,paper
341,234,251,3660,paper
338,238,239,3659,paper
340,240,245,3663,paper
337,233,229,3671,paper
341,238,237,3673,paper
338,253,264,3658,paper
340,250,249,3660,paper
338,256,248,3664,paper
337,258,266,3663,paper
309,275,252,3663,paper
339,272,242,3634,paper
325,275,253,3657,paper
335,281,246,3670,paper
338,276,244,3658,paper
338,275,237,3644,paper
284,271,237,3664,paper
405,270,239,3658,paper
338,256,254,3657,paper
381,275,232,3753,paper
335,260,224,3665,paper
335,253,231,3657,paper
329,256,229,3652,paper
339,276,222,3653,paper
331,247,241,3658,paper
339,240,221,3663,paper
332,246,180,3648,paper
322,242,222,3659,paper
321,251,223,3629,paper
352,230,218,3748,paper
337,236,217,3677,paper
332,231,216,3660,paper
339,219,214,3659,paper
333,219,214,3667,paper
334,221,214,3662,paper
335,216,211,3657,paper
340,228,209,3661,paper
326,219,180,3669,paper
334,205,213,3633,paper
337,216,214,3677,paper
350,212,216,3681,paper
334,205,212,3675,paper
347,200,207,3658,paper
328,205,200,3653,paper
346,196,226,3689,paper
348,197,212,3644,paper
333,221,203,3661,paper
330,197,178,3651,paper
332,198,190,3662,paper
333,194,216,3653,paper
336,196,210,3659,paper
339,200,207,3661,paper
335,184,183,3656,paper
334,189,206,3661,paper
332,191,204,3653,paper
338,204,192,3661,paper
336,184,201,3682,paper
335,181,204,3659,paper
333,179,228,3655,paper
326,179,210,3652,paper
331,178,206,3661,paper
334,176,238,3651,paper
309,180,219,3661,paper
326,178,193,3674,paper
332,173,188,3670,paper
331,171,210,3661,paper
333,169,207,3659,paper
333,168,190,3684,paper
341,176,199,3651,paper
330,167,195,3665,paper
332,166,207,3648,paper
330,165,188,3700,paper
331,154,192,3663,paper
339,160,194,3665,paper
325,164,174,3657,paper
331,157,192,3663,paper
327,151,189,3724,paper
329,158,195,3659,paper
320,148,185,3654,paper
334,174,177,3672,paper
305,155,185,3663,paper
337,160,166,3677,paper
320,150,186,3661,paper
320,175,179,3648,paper
331,157,209,3658,paper
326,149,167,3673,paper
313,149,188,3635,paper
326,173,181,3669,paper
345,171,167,3669,paper
328,157,182,3661,paper
403,160,189,3749,paper
331,164,186,3673,paper
334,153,190,3661,paper
344,158,181,3763,paper
310,188,230,3659,paper
332,200,188,3645,paper
320,210,191,3662,paper
340,242,168,3660,paper
331,217,180,3665,paper
333,282,185,3644,paper
312,214,192,3644,paper
334,188,220,3654,paper
334,212,198,3671,paper
357,208,223,3660,paper
334,205,199,3673,paper
333,212,211,3662,paper
333,215,223,3660,paper
329,211,207,3653,paper
332,208,203,3655,paper
335,158,213,3657,paper
329,195,200,3661,paper
334,205,202,3663,paper
326,202,204,3661,paper
332,213,198,3663,paper
331,205,224,3660,paper
335,207,179,3668,paper
348,190,196,3686,paper
314,201,203,3657,paper
335,198,210,3660,paper
339,98,209,3660,paper
339,206,138,3661,paper
294,214,217,3611,paper
330,261,230,3661,paper
336,266,248,3660,paper
329,268,212,3659,paper
337,305,257,3665,paper
326,310,240,3662,paper
334,299,258,3655,paper
343,212,223,3657,paper
339,282,241,3695,paper
336,286,220,3659,paper
327,297,243,3658,paper
334,284,231,3671,paper
349,279,232,3674,paper
338,275,235,3661,paper
342,291,232,3638,paper
335,232,221,3657,paper
328,267,226,3659,paper
335,252,224,3675,paper
336,260,215,3659,paper
337,258,227,3659,paper
341,257,231,3652,paper
335,346,213,3657,paper
340,271,214,3666,paper
336,295,227,3658,paper
338,265,226,3687,paper
355,276,231,3735,paper
343,286,226,3661,paper
334,267,220,3683,paper
338,274,223,3650,paper
317,285,223,3661,paper
359,289,238,3658,paper
324,294,207,3662,paper
336,293,231,3659,paper
325,305,226,3638,paper
336,304,219,3659,paper
344,282,224,3650,paper
336,283,241,3663,paper
323,280,268,3658,paper
372,270,219,3614,paper
351,277,114,3661,paper
325,268,228,3665,paper
339,286,224,3662,paper
333,292,213,3673,paper
334,326,224,3657,paper
335,298,229,3659,paper
346,292,216,3660,paper
336,284,221,3660,paper
324,279,218,3686,paper
335,292,216,3660,paper
333,295,210,3723,paper
278,298,218,3655,paper
353,275,218,3661,paper
338,274,205,3678,paper
352,234,210,3664,paper
335,281,185,3671,paper
340,270,212,3667,paper
334,264,211,3679,paper
330,257,227,3648,paper
332,256,211,3661,paper
334,260,212,3657,paper
312,254,245,3661,paper
326,247,206,3652,paper
308,247,204,3669,paper
332,244,212,3652,paper
326,244,202,3659,paper
334,239,217,3658,paper
333,240,219,3565,paper
313,249,249,3661,paper
335,246,212,3702,paper
325,258,194,3663,paper
316,271,217,3658,paper
334,270,199,3676,paper
325,249,219,3659,paper
334,259,215,3662,paper
344,249,222,3661,paper
333,257,208,3654,paper
324,257,224,3658,paper
330,251,222,3658,paper
339,245,222,3659,paper
332,248,230,3659,paper
334,243,236,3653,paper
332,252,213,3679,paper
334,260,228,3663,paper
328,240,229,3660,paper
329,228,226,3806,paper
328,240,242,3634,paper
339,235,227,3661,paper
330,229,208,3668,paper
324,226,224,3658,paper
333,233,233,3539,paper
339,221,235,3660,paper
336,200,246,3648,paper
328,216,248,3665,paper
319,224,297,3659,paper
323,239,268,3660,paper
333,224,293,3659,paper
322,212,256,3662,paper
331,228,286,3657,paper
336,234,286,3679,paper
349,234,262,3662,paper
320,223,278,3663,paper
330,213,298,3663,paper
331,225,287,3674,paper
309,219,296,3660,paper
312,213,328,3659,paper
346,218,297,3662,paper
329,221,290,3661,paper
345,233,349,3659,paper
328,239,290,3665,paper
330,257,288,3672,paper
326,239,293,3662,paper
337,227,320,3661,paper
322,229,303,3659,paper
325,235,298,3665,paper
318,236,297,3664,paper
328,242,290,3661,paper
320,242,340,3660,paper
349,215,288,3662,paper
351,247,265,3664,paper
328,244,296,3640,paper
334,244,280,3654,paper
320,242,385,3661,paper
329,237,283,3679,paper
243,235,277,3687,paper
332,248,274,3659,paper
324,263,272,3627,paper
328,248,279,3653,paper
333,248,260,3655,paper
331,325,263,3663,paper
332,246,239,3664,paper
337,262,262,3680,paper
310,264,275,3661,paper
326,265,281,3656,paper
330,290,262,3660,paper
337,284,258,3669,paper
329,280,257,3662,paper
331,276,244,3661,paper
330,280,297,3679,paper
333,271,272,3659,paper
340,267,245,3660,paper
328,264,256,3658,paper
330,308,268,3662,paper
339,258,266,3657,paper
341,256,270,3663,paper
324,252,287,3656,paper
334,250,269,3664,paper
319,262,297,3665,paper
375,246,301,3655,paper
322,257,334,3662,paper
344,266,296,3659,paper
309,258,311,3641,paper
332,260,312,3655,paper
330,242,312,3663,paper
396,267,322,3757,paper
358,254,324,3651,paper
338,250,326,3636,paper
326,263,330,3657,paper
332,264,339,3660,paper
334,243,325,3672,paper
321,267,340,3663,paper
341,276,385,3659,paper
324,272,340,3665,paper
317,253,354,3669,paper
332,258,375,3651,paper
328,261,362,3659,paper
327,266,368,3657,paper
332,235,364,3715,paper
332,260,366,3659,paper
335,253,354,3661,paper
325,258,344,3680,paper
333,234,360,3660,paper
341,254,351,3655,paper
338,252,347,3656,paper
273,250,342,3664,paper
333,239,358,3649,paper
333,246,339,3649,paper
327,248,354,3650,paper
330,264,333,3661,paper
328,320,329,3658,paper
329,277,322,3639,paper
324,265,309,3657,paper
330,274,324,3679,paper
331,272,330,3682,paper
329,278,327,3673,paper
328,288,328,3667,paper
327,297,318,3661,paper
323,288,320,3559,paper
323,297,329,3653,paper
329,200,319,3659,paper
332,284,312,3661,paper
328,284,306,3655,paper
316,288,307,3658,paper
328,288,322,3658,paper
326,288,307,3663,paper
324,277,312,3666,paper
310,296,320,3661,paper
319,268,334,3660,paper
327,267,325,3662,paper
329,265,312,3661,paper
335,247,314,3661,paper
327,258,300,3653,paper
324,269,296,3684,paper
336,262,307,3663,paper
329,232,304,3658,paper
333,251,292,3660,paper
341,243,294,3664,paper
323,241,292,3658,paper
305,240,286,3653,paper
337,238,279,3667,paper
353,235,272,3661,paper
330,231,271,3662,paper
327,234,282,3662,paper
330,301,275,3664,paper
308,235,274,3669,paper
318,226,275,3656,paper
329,225,272,3661,paper
314,218,278,3659,paper
257,235,264,3653,paper
328,243,262,3659,paper
343,251,348,3659,paper
323,253,256,3669,paper
340,254,260,3664,paper
330,253,259,3661,paper
324,240,262,3675,paper
337,256,271,3652,paper
337,254,245,3667,paper
326,268,268,3658,paper
324,248,248,3660,paper
327,261,261,3657,paper
324,268,263,3658,paper
322,246,252,3656,paper
327,260,257,3663,paper
314,258,248,3659,paper
323,258,251,3679,paper
322,254,245,3662,paper
328,241,244,3660,paper
331,251,247,3666,paper
321,257,244,3659,paper
326,256,242,3673,paper
327,268,239,3655,paper
329,281,254,3654,paper
328,293,231,3658,paper
326,301,225,3664,paper
327,296,241,3659,paper
329,291,235,3660,paper
382,292,245,3654,paper
329,297,254,3677,paper
324,320,256,3666,paper
320,302,248,3661,paper
325,310,261,3660,paper
330,297,257,3658,paper
328,294,259,3659,paper
340,286,254,3656,paper
329,282,256,3669,paper
333,260,268,3668,paper
332,280,252,3655,paper
329,276,266,3652,paper
345,274,233,3659,paper
323,291,238,3667,paper
328,274,244,3658,paper
327,271,249,3661,paper
325,258,239,3682,paper
338,262,244,3656,paper
332,257,203,3663,paper
328,265,231,3656,paper
334,198,241,3663,paper
340,248,246,3671,paper
325,249,272,3656,paper
333,238,249,3647,paper
221,240,249,3673,paper
323,231,238,3655,paper
326,241,274,3659,paper
321,231,307,3655,paper
326,228,256,3660,paper
324,222,256,3664,paper
327,225,260,3656,paper
312,217,244,3662,paper
308,231,247,3657,paper
326,218,256,3655,paper
325,214,232,3655,paper
327,227,247,3602,paper
322,208,236,3666,paper
323,190,243,3670,paper
323,200,264,3664,paper
306,212,242,3655,paper
324,226,245,3662,paper
320,239,239,3665,paper
324,246,258,3655,paper
326,247,229,3679,paper
330,264,239,3662,paper
333,245,240,3664,paper
329,260,242,3661,paper
324,256,239,3666,paper
332,250,234,3677,paper
326,252,234,3654,paper
330,257,244,3647,paper
325,288,228,3667,paper
308,276,233,3666,paper
327,275,226,3662,paper
313,268,278,3659,paper
328,281,254,3663,paper
326,283,262,3663,paper
327,271,265,3659,paper
341,265,270,3692,paper
341,276,256,3661,paper
323,270,292,3660,paper
324,277,279,3657,paper
309,303,279,3571,paper
314,294,284,3670,paper
318,276,299,3621,paper
324,280,311,3658,paper
327,283,301,3672,paper
325,288,296,3640,paper
322,282,309,3653,paper
326,272,300,3662,paper
328,261,306,3665,paper
305,280,315,3665,paper
318,270,306,3640,paper
325,269,320,3645,paper
336,256,305,3661,paper
320,267,310,3639,paper
326,258,300,3684,paper
312,255,359,3658,paper
320,242,308,3669,paper
323,248,285,3656,paper
318,254,283,3667,paper
324,244,288,3662,paper
328,241,276,3658,paper
308,237,280,3669,paper
319,245,247,3668,paper
332,241,262,3676,paper
325,238,268,3663,paper
342,275,256,3673,paper
324,241,260,3636,paper
328,243,263,3656,paper
325,242,262,3661,paper
347,256,247,3671,paper
320,242,266,3664,paper
325,241,263,3662,paper
328,243,254,3657,paper
322,241,257,3656,paper
320,251,281,3664,paper
321,240,278,3663,paper
330,237,252,3654,paper
318,227,260,3669,paper
351,235,240,3635,paper
328,143,279,3660,paper
409,238,256,3673,paper
326,231,257,3674,paper
341,234,260,3659,paper
328,238,281,3645,paper
328,236,266,3680,paper
333,275,274,3659,paper
411,216,269,3667,paper
339,211,266,3661,paper
321,218,253,3664,paper
334,216,268,3669,paper
328,218,267,3680,paper
326,235,284,3656,paper
327,265,256,3662,paper
326,256,264,3662,paper
325,284,266,3657,paper
321,266,293,3655,paper
308,259,282,3661,paper
328,278,242,3676,paper
329,261,269,3657,paper
334,289,261,3646,paper
331,271,228,3645,paper
314,274,396,3662,paper
328,285,253,3657,paper
338,252,270,3668,paper
336,288,261,3655,paper
332,267,260,3654,paper
329,264,268,3647,paper
323,303,248,3647,paper
332,326,256,3670,paper
330,319,234,3675,paper
331,321,227,3679,paper
326,309,294,3646,paper
334,315,245,3660,paper
329,279,245,3685,paper
352,322,239,3676,paper
327,303,242,3663,paper
328,296,240,3640,paper
326,280,240,3669,paper
237,281,234,3536,paper
330,289,237,3662,paper
336,285,211,3676,paper
333,293,216,3667,paper
327,280,231,3659,paper
329,275,220,3670,paper
333,272,224,3676,paper
336,268,131,3662,paper
327,257,228,3664,paper
326,260,231,3662,paper
306,257,230,3559,paper
330,259,231,3645,paper
340,257,232,3655,paper
328,258,240,3658,paper
307,260,238,3658,paper
347,250,232,3662,paper
325,242,251,3658,paper
326,230,264,3663,paper
329,237,236,3675,paper
321,245,247,3656,paper
324,229,249,3595,paper
337,221,247,3655,paper
317,241,244,3634,paper
333,234,243,3654,paper
299,225,240,3664,paper
325,221,262,3655,paper
320,220,230,3663,paper
326,215,236,3677,paper
325,205,230,3677,paper
323,213,234,3609,paper
332,213,224,3655,paper
327,190,253,3659,paper
333,206,239,3662,paper
324,208,234,3665,paper
325,206,227,3663,paper
334,204,241,3669,paper
326,203,252,3655,paper
327,203,234,3661,paper
327,221,230,3659,paper
347,199,226,3675,paper
326,185,231,3664,paper
322,195,244,3661,paper
327,197,185,3650,paper
338,191,224,3658,paper
322,192,227,3674,paper
319,220,213,3650,paper
318,197,230,3648,paper
343,194,312,3661,paper
332,195,212,3655,paper
320,190,230,3657,paper
330,187,211,3670,paper
327,179,188,3666,paper
323,188,217,3634,paper
327,180,211,3648,paper
325,183,195,3661,paper
327,182,206,3663,paper
325,178,207,3679,paper
330,181,199,3663,paper
329,165,206,3685,paper
349,182,215,3658,paper
325,190,210,3667,paper
315,210,160,3661,paper
335,199,229,3655,paper
334,202,240,3659,paper
335,198,220,3661,paper
334,222,190,3656,paper
337,200,187,3664,paper
332,210,180,3679,paper
326,203,196,3665,paper
329,206,193,3662,paper
329,192,188,3669,paper
344,198,193,3661,paper
330,196,190,3660,paper
324,194,192,3660,paper
309,204,191,3659,paper
345,192,189,3661,paper
328,181,194,3661,paper
331,196,216,3659,paper
320,195,194,3663,paper
456,192,189,3660,paper
331,195,171,3679,paper
343,212,186,3653,paper
331,256,173,3671,paper
327,252,164,3668,paper
332,247,184,3663,paper
327,254,192,3654,paper
343,265,204,3678,paper
330,268,203,3674,paper
316,271,130,3661,paper
327,278,201,3637,paper
331,281,200,3658,paper
329,262,202,3657,paper
337,243,200,3709,paper
400,260,204,3656,paper
312,260,207,3663,paper
342,267,177,3665,paper
338,250,204,3716,paper
331,274,215,3654,paper
362,273,218,3671,paper
342,269,214,3635,paper
334,279,215,3650,paper
330,279,224,3664,paper
333,256,208,3703,paper
342,267,218,3664,paper
311,268,206,3650,paper
328,266,208,3654,paper
327,285,211,3644,paper
344,261,217,3657,paper
329,253,226,3653,paper
319,241,175,3663,paper
340,273,216,3659,paper
340,248,232,3654,paper
333,290,242,3662,paper
335,254,246,3660,paper
334,251,243,3659,paper
336,242,242,3644,paper
328,252,250,3652,paper
334,250,261,3634,paper
329,248,258,3677,paper
330,234,256,3666,paper
334,245,260,3664,paper
330,244,252,3663,paper
340,236,252,3642,paper
330,235,265,3674,paper
240,214,264,3559,paper
314,248,264,3666,paper
308,228,271,3665,paper
332,224,264,3658,paper
335,299,256,3664,paper
334,232,248,3671,paper
346,204,264,3662,paper
355,218,238,3665,paper
333,184,249,3663,paper
343,226,224,3674,paper
334,224,256,3654,paper
308,232,252,3633,paper
335,237,244,3640,paper
317,233,218,3662,paper
341,217,237,3662,paper
231,218,234,3667,paper
343,237,234,3644,paper
334,217,250,3660,paper
335,213,232,3658,paper
335,205,249,3662,paper
344,204,220,3675,paper
326,206,232,3664,paper
344,167,228,3661,paper
340,206,221,3677,paper
336,214,221,3663,paper
339,228,243,3649,paper
338,238,233,3662,paper
339,231,225,3656,paper
336,228,223,3655,paper
330,240,213,3661,paper
337,233,221,3673,paper
325,251,219,3669,paper
336,261,225,3658,paper
334,256,217,3657,paper
340,254,235,3674,paper
333,260,215,3644,paper
330,257,214,3659,paper
335,264,215,3667,paper
350,256,210,3657,paper
338,258,202,3666,paper
337,259,204,3664,paper
339,258,216,3658,paper
345,247,203,3664,paper
354,256,132,3660,paper
341,248,197,3657,paper
341,247,212,3666,paper
338,248,213,3669,paper
338,240,226,3659,paper
338,242,237,3636,paper
339,233,243,3661,paper
345,233,220,3661,paper
337,233,244,3654,paper
332,240,242,3660,paper
317,229,244,3663,paper
333,298,242,3658,paper
336,221,245,3658,paper
319,232,232,3661,paper
336,224,241,3663,paper
331,214,235,3663,paper
343,227,322,3661,paper
353,214,234,3663,paper
339,161,234,3660,paper
353,215,229,3686,paper
318,206,241,3660,paper
339,211,250,3661,paper
340,207,221,3669,paper
328,206,233,3657,paper
337,212,205,3665,paper
343,204,225,3652,paper
337,199,207,3658,paper
341,178,222,3712,paper
340,198,219,3662,paper
340,203,214,3635,paper
351,204,247,3660,paper
332,222,222,3656,paper
339,218,218,3661,paper
337,231,215,3658,paper
376,233,226,3655,paper
334,234,214,3655,paper
342,224,221,3576,paper
344,228,218,3674,paper
342,231,220,3657,paper
299,234,221,3673,paper
340,229,217,3641,paper
342,230,223,3655,paper
325,240,223,3648,paper
340,239,225,3635,paper
337,233,227,3613,paper
340,233,216,3673,paper
345,242,213,3664,paper
341,243,221,3656,paper
340,254,210,3752,paper
386,258,211,3666,paper
342,266,194,3662,paper
336,253,221,3663,paper
337,260,201,3662,paper
338,259,210,3658,paper
342,256,182,3661,paper
342,273,207,3663,paper
326,314,202,3659,paper
342,300,203,3667,paper
363,295,200,3660,paper
347,301,201,3662,paper
343,314,206,3662,paper
339,316,196,3657,paper
341,308,197,3665,paper
333,313,197,3659,paper
341,304,197,3659,paper
345,283,194,3642,paper
342,303,194,3663,paper
344,319,182,3661,paper
344,299,192,3663,paper
331,289,196,3644,paper
360,294,81,3661,paper
354,286,186,3668,paper
337,283,280,3657,paper
262,284,186,3654,paper
344,285,181,3634,paper
343,280,186,3675,paper
339,261,186,3666,paper
343,279,207,3661,paper
339,272,192,3661,paper
342,269,201,3667,paper
331,268,196,3661,paper
343,267,199,3658,paper
338,263,192,3663,paper
342,242,191,3667,paper
343,257,195,3668,paper
341,252,184,3666,paper
342,247,188,3661,paper
350,249,188,3664,paper
345,244,189,3661,paper
343,243,200,3660,paper
344,231,188,3667,paper
337,239,192,3663,paper
341,235,188,3660,paper
346,234,184,3643,paper
338,226,186,3658,paper
342,225,187,3661,paper
340,217,190,3663,paper
343,228,181,3668,paper
340,220,200,3659,paper
344,252,211,3658,paper
334,249,201,3646,paper
337,247,200,3652,paper
341,260,192,3678,paper
342,252,203,3679,paper
341,253,194,3638,paper
341,245,198,3661,paper
336,246,196,3663,paper
362,245,194,3662,paper
332,237,211,3661,paper
351,246,191,3662,paper
345,247,183,3662,paper
348,238,205,3664,paper
343,239,193,3664,paper
345,242,192,3663,paper
348,235,188,3665,paper
340,285,198,3663,paper
375,234,187,3657,paper
346,224,188,3661,paper
353,233,198,3663,paper
342,215,183,3663,paper
293,242,188,3661,paper
335,239,184,3658,paper
343,233,206,3639,paper
338,242,198,3671,paper
340,253,200,3670,paper
337,273,198,3660,paper
359,258,198,3657,paper
338,265,200,3643,paper
343,262,206,3655,paper
333,258,200,3682,paper
340,256,173,3663,paper
354,254,199,3663,paper
354,249,176,3661,paper
342,268,203,3593,paper
321,249,204,3643,paper
342,248,222,3640,paper
335,244,226,3648,paper
375,239,229,3649,paper
342,252,232,3668,paper
338,235,230,3669,paper
341,229,208,3663,paper
344,242,223,3655,paper
344,232,224,3661,paper
342,235,227,3643,paper
331,247,229,3656,paper
349,272,240,3668,paper
342,264,245,3665,paper
356,269,254,3649,paper
342,264,257,3659,paper
347,288,241,3672,paper
344,295,265,3672,paper
341,324,253,3661,paper
339,295,256,3651,paper
343,297,254,3635,paper
350,276,312,3681,paper
358,276,264,3662,paper
351,254,278,3667,paper
337,251,261,3676,paper
346,269,258,3664,paper
342,278,251,3726,paper
346,263,271,3661,paper
348,197,244,3660,paper
354,289,244,3660,paper
342,296,235,3679,paper
327,272,264,3659,paper
343,292,314,3660,paper
346,291,252,3677,paper
362,292,249,3659,paper
344,295,250,3655,paper
325,288,247,3663,paper
383,300,248,3753,paper
344,280,245,3659,paper
326,285,249,3665,paper
342,289,222,3659,paper
346,271,219,3660,paper
335,258,256,3669,paper
337,269,232,3649,paper
345,266,218,3674,paper
360,260,233,3665,paper
341,241,227,3591,paper
347,248,218,3663,paper
337,262,242,3634,paper
346,282,235,3657,paper
344,290,244,3660,paper
339,278,263,3664,paper
334,321,256,3622,paper
437,305,251,3663,paper
349,305,267,3668,paper
343,301,273,3664,paper
348,294,277,3661,paper
337,295,281,3665,paper
314,288,273,3661,paper
338,288,282,3658,paper
347,274,276,3661,paper
344,290,271,3681,paper
356,281,272,3673,paper
345,289,276,3660,paper
337,397,277,3664,paper
340,279,279,3666,paper
340,269,272,3676,paper
342,272,268,3662,paper
342,270,261,3669,paper
342,261,278,3661,paper
348,264,278,3710,paper
338,260,268,3788,paper
347,259,272,3679,paper
342,238,270,3661,paper
340,258,264,3663,paper
426,260,270,3661,paper
343,256,264,3659,paper
344,262,264,3698,paper
337,257,278,3662,paper
343,261,264,3661,paper
342,252,274,3641,paper
344,265,276,3672,paper
299,272,275,3663,paper
362,268,279,3656,paper
343,265,270,3650,paper
347,266,266,3664,paper
357,257,292,3758,paper
347,282,280,3671,paper
348,312,293,3649,paper
346,322,302,3651,paper
343,308,297,3655,paper
327,326,300,3639,paper
363,319,290,3667,paper
361,325,311,3660,paper
332,338,320,3657,paper
343,347,364,3644,paper
344,337,310,3659,paper
345,337,313,3655,paper
462,341,305,3678,paper
346,343,302,3668,paper
339,374,299,3652,paper
351,375,317,3655,paper
341,397,326,3669,paper
338,403,325,3624,paper
344,414,317,3660,paper
346,407,298,3658,paper
342,413,321,3653,paper
344,411,315,3658,paper
344,458,320,3641,paper
343,394,308,3667,paper
400,397,318,3660,paper
338,398,314,3664,paper
344,376,313,3653,paper
323,382,301,3660,paper
344,352,326,3667,paper
345,370,350,3658,paper
347,378,323,3654,paper
354,356,372,3661,paper
343,369,321,3662,paper
347,377,326,3640,paper
344,357,338,3659,paper
344,374,316,3662,paper
329,407,336,3632,paper
343,428,358,3649,paper
345,442,330,3669,paper
343,444,343,3660,paper
344,467,341,3676,paper
359,469,350,3689,paper
345,478,366,3655,paper
328,472,345,3669,paper
353,474,306,3670,paper
343,479,347,3655,paper
340,471,334,3679,paper
345,446,351,3650,paper
347,456,329,3660,paper
351,449,358,3652,paper
347,454,339,3658,paper
352,438,313,3677,paper
338,425,360,3661,paper
347,429,322,3659,paper
350,452,353,3655,paper
327,448,351,3651,paper
351,454,358,3651,paper
364,449,345,3754,paper
344,457,351,3657,paper
342,451,333,3660,paper
344,452,341,3658,paper
335,447,346,3661,paper
343,444,328,3659,paper
349,461,344,3663,paper
338,467,334,3661,paper
349,485,325,3680,paper
344,478,310,3667,paper
341,456,330,3653,paper
340,474,324,3660,paper
344,493,325,3661,paper
326,497,341,3657,paper
318,504,310,3660,paper
346,470,336,3670,paper
410,491,326,3760,paper
337,485,314,3664,paper
332,472,308,3660,paper
350,477,327,3659,paper
316,499,316,3661,paper
340,478,320,3645,paper
325,502,267,3664,paper
334,496,321,3654,paper
334,514,310,3659,paper
353,492,371,3658,paper
339,503,306,3667,paper
339,574,301,3661,paper
338,485,300,3667,paper
351,493,308,3665,paper
340,501,302,3657,paper
321,501,320,3659,paper
345,539,322,3656,paper
339,526,330,3660,paper
324,532,319,3664,paper
333,512,333,3667,paper
347,460,308,3659,paper
343,524,317,3665,paper
343,504,318,3663,paper
333,521,315,3676,paper
340,503,316,3665,paper
329,503,301,3662,paper
340,517,310,3638,paper
344,584,309,3656,paper
338,515,318,3639,paper
339,508,309,3663,paper
347,502,342,3663,paper
339,484,313,3659,paper
364,481,322,3659,paper
339,506,305,3661,paper
332,514,305,3658,paper
341,504,331,3663,paper
328,501,316,3660,paper
347,542,322,3672,paper
341,496,345,3659,paper
316,501,330,3659,paper
336,494,322,3642,paper
334,470,319,3703,paper
334,424,330,3654,paper
321,466,338,3661,paper
336,469,327,3657,paper
335,460,313,3660,paper
336,456,317,3661,paper
336,447,312,3652,paper
339,453,331,3674,paper
344,407,337,3659,paper
350,410,366,3659,paper
335,422,326,3661,paper
345,427,353,3665,paper
331,457,350,3671,paper
336,361,360,3661,paper
330,441,277,3653,paper
338,425,336,3660,paper
347,426,409,3661,paper
334,425,340,3654,paper
338,424,360,3649,paper
327,439,352,3641,paper
342,422,355,3652,paper
329,452,362,3664,paper
339,475,365,3653,paper
327,495,370,3661,paper
334,490,342,3664,paper
340,410,361,3658,paper
348,452,384,3654,paper
339,451,393,3660,paper
341,459,408,3685,paper
328,458,425,3656,paper
327,439,416,3662,paper
318,441,410,3676,paper
345,439,406,3661,paper
362,451,402,3664,paper
344,502,404,3659,paper
340,550,398,3657,paper
350,519,417,3660,paper
350,556,404,3662,paper
426,604,395,3650,paper
354,614,306,3662,paper
344,603,387,3662,paper
348,642,393,3659,paper
342,603,378,3668,paper
351,603,378,3674,paper
341,599,361,3673,paper
292,603,376,3638,paper
332,605,342,3661,paper
344,595,384,3653,paper
362,592,371,3661,paper
319,594,375,3658,paper
332,582,359,3660,paper
429,569,371,3651,paper
364,563,370,3660,paper
337,545,370,3662,paper
339,567,364,3657,paper
323,587,368,3660,paper
332,579,378,3637,paper
349,513,359,3657,paper
331,591,366,3658,paper
340,597,372,3669,paper
350,603,403,3659,paper
342,604,368,3655,paper
326,593,366,3658,paper
342,596,372,3659,paper
338,584,387,3669,paper
356,585,330,3660,paper
343,539,389,3665,paper
334,572,370,3671,paper
342,570,390,3659,paper
340,545,381,3659,paper
342,552,385,3660,paper
333,581,371,3642,paper
339,596,362,3657,paper
335,600,360,3663,paper
336,588,336,3671,paper
318,581,359,3664,paper
350,578,357,3660,paper
341,568,352,3653,paper
339,559,336,3668,paper
341,524,347,3660,paper
338,545,342,3656,paper
336,544,352,3668,paper
337,536,360,3653,paper
341,527,348,3659,paper
339,523,352,3657,paper
342,521,373,3659,paper
349,524,355,3659,paper
328,519,345,3667,paper
346,514,346,3667,paper
412,510,341,3660,paper
285,514,345,3640,paper
343,522,350,3661,paper
339,538,356,3656,paper
323,572,404,3660,paper
256,593,353,3636,paper
338,595,357,3659,paper
333,587,358,3661,paper
340,593,371,3680,paper
231,591,357,3642,paper
340,593,333,3674,paper
327,571,349,3665,paper
340,565,345,3649,paper
342,563,347,3646,paper
321,554,234,3660,paper
337,555,338,3658,paper
336,547,335,3654,paper
332,542,294,3655,paper
333,531,340,3663,paper
262,529,340,3677,paper
339,549,328,3719,paper
341,585,310,3658,paper
337,579,322,3663,paper
237,562,325,3678,paper
325,558,330,3681,paper
339,549,320,3661,paper
345,544,323,3667,paper
331,536,322,3653,paper
399,525,314,3617,paper
339,521,327,3663,paper
340,517,330,3663,paper
345,525,328,3665,paper
340,530,333,3657,paper
334,528,333,3653,paper
343,510,325,3663,paper
344,513,303,3659,paper
338,499,311,3678,paper
318,505,313,3660,paper
340,517,315,3656,paper
346,521,322,3634,paper
344,413,322,3660,paper
344,499,307,3655,paper
350,527,331,3661,paper
349,526,357,3658,paper
349,554,354,3658,paper
350,546,347,3662,paper
349,537,347,3659,paper
347,531,336,3679,paper
343,521,363,3648,paper
348,515,371,3661,paper
330,512,372,3658,paper
344,546,382,3659,paper
336,526,374,3652,paper
350,530,389,3653,paper
347,522,389,3664,paper
349,512,402,3654,paper
348,504,398,3644,paper
345,499,391,3661,paper
350,510,389,3670,paper
341,506,393,3661,paper
333,507,382,3656,paper
346,490,379,3656,paper
346,482,369,3665,paper
358,486,377,3668,paper
327,471,366,3660,paper
344,477,371,3638,paper
348,464,361,3657,paper
351,473,367,3658,paper
346,475,286,3663,paper
346,467,364,3662,paper
341,445,361,3670,paper
344,460,362,3670,paper
345,457,355,3652,paper
356,451,355,3656,paper
332,448,366,3736,paper
348,436,369,3665,paper
364,439,371,3653,paper
350,432,406,3661,paper
351,437,430,3652,paper
348,449,428,3657,paper
348,462,444,3659,paper
346,460,427,3661,paper
347,471,444,3636,paper
371,466,460,3659,paper
356,474,474,3662,paper
347,448,491,3659,paper
350,451,473,3659,paper
352,441,479,3657,paper
348,435,473,3662,paper
355,431,468,3653,paper
352,430,464,3658,paper
354,425,455,3712,paper
340,417,454,3661,paper
348,400,446,3665,paper
347,417,422,3677,paper
353,404,448,3654,paper
350,414,426,3677,paper
351,418,420,3668,paper
351,410,430,3658,paper
356,414,369,3658,paper
363,407,443,3654,paper
341,411,446,3658,paper
348,401,446,3660,paper
355,400,440,3661,paper
348,400,442,3666,paper
349,401,434,3670,paper
363,380,437,3661,paper
349,377,438,3653,paper
348,383,455,3662,paper
357,379,435,3671,paper
354,384,432,3676,paper
343,389,422,3641,paper
347,385,418,3665,paper
348,370,408,3667,paper
349,389,419,3657,paper
349,383,403,3671,paper
339,428,398,3659,paper
344,476,395,3659,paper
347,459,400,3657,paper
345,479,407,3662,paper
350,474,407,3646,paper
349,471,380,3659,paper
355,480,396,3648,paper
349,463,406,3657,paper
347,455,419,3655,paper
357,449,400,3667,paper
359,449,415,3665,paper
351,430,406,3666,paper
336,466,422,3656,paper
328,480,418,3658,paper
345,486,418,3671,paper
351,484,422,3657,paper
348,485,412,3666,paper
347,505,400,3668,paper
358,504,401,3659,paper
333,491,395,3662,paper
344,480,393,3660,paper
351,478,392,3629,paper
349,464,398,3659,paper
349,460,399,3645,paper
349,478,382,3656,paper
348,480,385,3661,paper
348,425,380,3661,paper
352,480,370,3660,paper
329,478,372,3661,paper
398,466,382,3652,paper
344,466,379,3671,paper
352,456,387,3554,paper
354,461,371,3644,paper
361,454,375,3658,paper
349,462,375,3659,paper
341,431,404,3657,paper
358,436,390,3672,paper
342,430,416,3659,paper
353,420,376,3662,paper
360,420,393,3661,paper
337,421,390,3660,paper
348,439,391,3679,paper
349,442,296,3684,paper
351,444,396,3642,paper
349,461,394,3661,paper
346,454,420,3671,paper
348,453,429,3657,paper
348,459,438,3657,paper
351,449,444,3654,paper
356,461,436,3654,paper
356,469,444,3673,paper
364,468,443,3664,paper
365,510,426,3672,paper
366,463,429,3665,paper
367,460,443,3661,paper
356,451,463,3660,paper
351,446,446,3645,paper
375,444,430,3675,paper
356,442,426,3660,paper
358,472,434,3648,paper
349,503,425,3636,paper
362,500,406,3679,paper
359,510,413,3660,paper
363,514,430,3656,paper
350,520,426,3660,paper
362,512,429,3657,paper
358,512,441,3665,paper
363,550,437,3659,paper
356,538,416,3661,paper
364,533,427,3653,paper
365,535,409,3662,paper
354,532,416,3659,paper
365,535,390,3665,paper
378,528,391,3687,paper
362,512,402,3664,paper
354,519,423,3661,paper
360,508,402,3658,paper
368,515,409,3645,paper
363,506,411,3673,paper
347,510,419,3661,paper
366,507,432,3643,paper
365,526,412,3656,paper
359,508,422,3667,paper
360,512,417,3661,paper
362,517,445,3651,paper
372,519,416,3669,paper
366,528,464,3662,paper
361,512,426,3662,paper
363,515,429,3648,paper
359,454,400,3659,paper
364,504,412,3660,paper
358,493,418,3659,paper
378,504,419,3663,paper
363,520,420,3655,paper
364,516,421,3704,paper
361,508,408,3663,paper
362,510,398,3652,paper
363,502,405,3664,paper
354,497,425,3655,paper
362,449,448,3663,paper
360,493,427,3660,paper
378,490,409,3658,paper
378,519,436,3674,paper
364,477,454,3634,paper
361,504,440,3659,paper
350,512,431,3648,paper
363,514,437,3648,paper
336,494,480,3660,paper
367,501,434,3645,paper
364,510,414,3676,paper
354,486,431,3681,paper
319,487,446,3661,paper
359,491,453,3666,paper
358,496,452,3669,paper
360,476,440,3661,paper
343,480,443,3662,paper
358,479,424,3673,paper
360,472,431,3670,paper
353,465,425,3664,paper
342,498,433,3661,paper
360,504,513,3679,paper
379,512,409,3658,paper
359,493,402,3658,paper
356,492,429,3658,paper
353,502,422,3645,paper
379,493,401,3657,paper
346,487,288,3659,paper
357,379,416,3660,paper
350,477,423,3657,paper
354,468,431,3688,paper
349,464,448,3654,paper
365,463,434,3682,paper
358,452,425,3658,paper
355,448,418,3660,paper
353,446,413,3661,paper
348,444,429,3660,paper
349,452,414,3656,paper
366,460,455,3663,paper
354,426,424,3673,paper
354,447,419,3656,paper
438,457,402,3645,paper
356,443,410,3661,paper
359,428,408,3732,paper
358,431,401,3651,paper
371,442,370,3659,paper
359,385,387,3658,paper
359,479,399,3710,paper
353,507,388,3659,paper
380,532,392,3657,paper
360,539,389,3664,paper
386,564,382,3649,paper
358,568,397,3656,paper
366,571,352,3648,paper
370,560,378,3681,paper
358,553,381,3653,paper
362,616,376,3656,paper
371,571,380,3653,paper
350,577,392,3650,paper
360,568,400,3664,paper
359,642,361,3656,paper
394,569,374,3701,paper
371,562,348,3659,paper
375,569,373,3651,paper
359,568,371,3662,paper
359,574,366,3660,paper
364,584,366,3662,paper
342,579,382,3659,paper
370,576,392,3641,paper
366,575,381,3647,paper
332,574,380,3667,paper
363,573,372,3661,paper
351,585,371,3668,paper
363,580,375,3647,paper
365,590,385,3659,paper
365,564,377,3660,paper
365,574,354,3667,paper
339,576,365,3659,paper
362,615,348,3659,paper
366,573,350,3664,paper
375,569,342,3663,paper
373,569,343,3659,paper
365,578,344,3661,paper
373,573,347,3654,paper
358,565,293,3665,paper
369,557,344,3653,paper
368,544,345,3659,paper
366,560,358,3655,paper
358,580,350,3658,paper
359,572,331,3661,paper
363,565,348,3654,paper
348,567,341,3675,paper
359,550,341,3660,paper
360,541,337,3666,paper
337,537,331,3662,paper
356,514,333,3658,paper
357,577,342,3648,paper
364,505,342,3664,paper
351,531,330,3654,paper
358,509,341,3655,paper
356,512,341,3663,paper
353,537,336,3656,paper
362,528,364,3659,paper
323,538,347,3650,paper
362,592,350,3658,paper
375,603,333,3656,paper
365,633,360,3661,paper
356,623,344,3661,paper
361,609,350,3661,paper
353,672,344,3662,paper
376,626,351,3658,paper
371,634,340,3652,paper
356,624,336,3660,paper
361,617,352,3658,paper
321,608,342,3607,paper
388,612,349,3666,paper
361,616,341,3668,paper
352,602,336,3663,paper
362,610,342,3661,paper
360,574,326,3664,paper
317,569,353,3659,paper
363,562,352,3658,paper
357,566,371,3659,paper
364,555,429,3673,paper
337,553,378,3658,paper
369,581,364,3660,paper
359,584,360,3659,paper
371,590,360,3657,paper
338,578,410,3653,paper
357,579,361,3657,paper
379,570,358,3647,paper
358,576,367,3662,paper
344,558,352,3665,paper
357,534,368,3664,paper
359,608,359,3661,paper
360,555,363,3658,paper
445,550,353,3662,paper
368,540,348,3656,paper
341,536,337,3662,paper
365,531,359,3636,paper
365,526,363,3653,paper
323,519,347,3649,paper
389,520,357,3663,paper
381,515,361,3652,paper
369,509,398,3663,paper
357,528,386,3631,paper
388,507,386,3655,paper
364,504,383,3659,paper
356,494,392,3660,paper
304,490,398,3657,paper
371,482,395,3651,paper
364,480,393,3661,paper
412,476,387,3605,paper
373,471,384,3668,paper
361,498,391,3661,paper
376,506,377,3659,paper
362,526,393,3655,paper
365,526,369,3677,paper
363,512,361,3671,paper
378,522,374,3661,paper
358,562,360,3655,paper
359,563,363,3577,paper
358,578,340,3664,paper
361,554,349,3607,paper
362,555,346,3650,paper
360,539,360,3653,paper
352,585,356,3652,paper
359,432,342,3661,paper
362,517,337,3664,paper
321,525,339,3759,paper
355,514,322,3658,paper
358,411,330,3661,paper
354,490,309,3660,paper
354,484,321,3657,paper
345,482,317,3663,paper
352,479,321,3657,paper
338,463,332,3658,paper
401,461,314,3656,paper
360,452,322,3659,paper
352,471,318,3661,paper
355,465,337,3660,paper
353,537,343,3661,paper
353,451,336,3659,paper
346,465,336,3653,paper
353,475,330,3646,paper
349,380,329,3661,paper
350,460,323,3657,paper
352,464,302,3659,paper
364,448,320,3655,paper
356,448,318,3655,paper
360,453,315,3661,paper
355,441,312,3655,paper
352,488,312,3660,paper
353,437,312,3656,paper
353,442,309,3662,paper
349,432,302,3659,paper
350,432,301,3661,paper
349,433,306,3655,paper
345,442,302,3657,paper
331,441,298,3652,paper
355,448,299,3674,paper
354,413,301,3662,paper
351,425,295,3672,paper
350,423,293,3663,paper
351,413,297,3625,paper
358,430,289,3661,paper
352,434,304,3657,paper
352,450,308,3657,paper
365,459,309,3662,paper
356,464,315,3661,paper
352,464,326,3658,paper
349,471,318,3579,paper
370,471,416,3663,paper
350,463,316,3661,paper
353,459,319,3661,paper
350,463,318,3671,paper
353,464,336,3647,paper
349,456,326,3675,paper
354,445,324,3660,paper
352,446,334,3633,paper
348,440,310,3658,paper
350,451,305,3663,paper
331,447,330,3675,paper
343,447,331,3660,paper
350,436,334,3652,paper
342,439,329,3668,paper
329,457,326,3668,paper
349,471,323,3657,paper
347,467,304,3663,paper
355,484,320,3623,paper
357,497,314,3650,paper
348,512,310,3659,paper
363,507,295,3660,paper
353,512,320,3660,paper
349,505,306,3663,paper
345,519,308,3662,paper
350,524,310,3655,paper
347,539,332,3680,paper
347,533,320,3659,paper
338,532,316,3662,paper
352,520,312,3656,paper
349,512,335,3661,paper
349,504,334,3661,paper
353,500,300,3662,paper
349,506,317,3653,paper
353,500,327,3640,paper
352,513,323,3671,paper
357,513,313,3729,paper
352,494,320,3679,paper
313,486,317,3675,paper
350,480,333,3649,paper
346,481,315,3655,paper
347,492,324,3658,paper
329,463,329,3665,paper
344,451,334,3661,paper
344,461,311,3671,paper
277,450,312,3656,paper
349,426,318,3663,paper
344,450,289,3656,paper
352,463,279,3662,paper
342,446,300,3660,paper
345,446,297,3672,paper
342,447,316,3659,paper
260,456,294,3637,paper
362,446,291,3656,paper
349,474,288,3648,paper
344,499,290,3637,paper
352,497,298,3657,paper
348,499,309,3669,paper
325,492,311,3654,paper
353,483,313,3661,paper
351,499,312,3661,paper
371,477,288,3659,paper
354,468,320,3662,paper
354,483,316,3658,paper
355,461,307,3653,paper
357,453,318,3656,paper
351,439,335,3642,paper
336,440,335,3660,paper
381,425,345,3661,paper
365,432,319,3690,paper
375,436,321,3660,paper
368,431,317,3662,paper
351,457,316,3659,paper
347,427,313,3680,paper
366,416,313,3654,paper
356,424,308,3677,paper
357,428,306,3652,paper
346,439,302,3600,paper
338,420,305,3668,paper
338,428,310,3660,paper
344,410,316,3655,paper
353,399,320,3670,paper
363,411,289,3664,paper
351,407,327,3654,paper
356,415,397,3674,paper
350,433,310,3658,paper
348,445,342,3657,paper
350,463,306,3653,paper
355,459,308,3652,paper
349,465,316,3666,paper
352,439,305,3659,paper
347,450,313,3659,paper
347,456,286,3656,paper
336,460,305,3663,paper
346,443,300,3661,paper
350,444,320,3663,paper
346,437,300,3658,paper
363,430,297,3667,paper
360,426,292,3681,paper
344,426,288,3660,paper
348,427,311,3659,paper
345,417,285,3658,paper
346,406,286,3664,paper
349,422,284,3678,paper
347,427,306,3646,paper
347,446,306,3662,paper
341,433,318,3664,paper
347,430,319,3657,paper
345,429,312,3655,paper
349,447,308,3654,paper
347,406,317,3648,paper
347,410,313,3661,paper
358,412,299,3677,paper
345,414,303,3661,paper
342,400,308,3662,paper
345,396,324,3663,paper
343,396,310,3660,paper
362,393,300,3662,paper
352,390,310,3659,paper
345,381,302,3665,paper
332,402,308,3657,paper
340,378,366,3643,paper
339,376,323,3659,paper
334,368,322,3662,paper
344,378,311,3660,paper
342,389,318,3665,paper
347,376,328,3652,paper
346,375,312,3661,paper
346,377,306,3669,paper
343,376,399,3662,paper
346,377,310,3658,paper
347,378,328,3636,paper
339,374,342,3661,paper
352,379,310,3654,paper
346,372,328,3563,paper
355,387,346,3644,paper
348,372,318,3662,paper
348,381,303,3652,paper
341,364,312,3662,paper
353,349,308,3671,paper
354,364,294,3660,paper
355,379,322,3675,paper
349,372,371,3655,paper
368,413,333,3658,paper
355,449,329,3674,paper
373,440,331,3679,paper
372,446,324,3635,paper
352,446,310,3665,paper
349,455,323,3639,paper
354,459,306,3661,paper
350,444,323,3681,paper
355,442,308,3665,paper
353,446,308,3655,paper
375,400,304,3657,paper
349,422,307,3661,paper
361,401,306,3676,paper
354,426,308,3657,paper
346,439,303,3657,paper
368,432,308,3671,paper
350,434,306,3664,paper
361,445,308,3655,paper
364,442,306,3661,paper
352,456,306,3639,paper
351,463,303,3657,paper
360,457,298,3661,paper
348,450,301,3661,paper
348,445,313,3604,paper
347,459,324,3576,paper
345,455,313,3662,paper
349,498,296,3657,paper
345,440,312,3640,paper
340,446,304,3627,paper
345,433,300,3681,paper
349,437,299,3668,paper
355,403,312,3696,paper
344,416,313,3662,paper
329,414,332,3639,paper
346,402,332,3654,paper
349,398,339,3657,paper
349,384,356,3655,paper
365,405,334,3656,paper
355,390,336,3693,paper
343,395,332,3654,paper
339,384,323,3650,paper
343,403,328,3661,paper
357,382,302,3664,paper
345,373,334,3677,paper
326,373,325,3643,paper
350,393,317,3668,paper
352,374,316,3656,paper
343,377,317,3660,paper
324,367,322,3632,paper
341,379,315,3675,paper
332,366,320,3649,paper
344,352,317,3661,paper
261,365,316,3660,paper
336,370,306,3657,paper
331,379,310,3613,paper
336,360,288,3659,paper
276,376,302,3660,paper
350,357,301,3660,paper
383,354,304,3661,paper
338,368,296,3668,paper
342,432,306,3659,paper
340,359,316,3663,paper
343,368,314,3673,paper
340,368,328,3647,paper
339,385,309,3654,paper
345,374,320,3662,paper
325,366,314,3661,paper
326,378,316,3662,paper
346,361,304,3665,paper
345,360,327,3662,paper
342,354,313,3663,paper
344,350,322,3651,paper
352,361,328,3662,paper
346,369,326,3655,paper
347,372,327,3659,paper
351,346,316,3632,paper
344,337,343,3650,paper
337,356,318,3647,paper
340,339,318,3659,paper
327,357,306,3661,paper
341,349,313,3662,paper
352,355,309,3664,paper
321,352,312,3659,paper
331,370,297,3664,paper
345,384,302,3641,paper
320,415,305,3664,paper
351,410,301,3661,paper
347,362,298,3664,paper
321,394,295,3663,paper
336,384,296,3654,paper
342,458,292,3662,paper
337,383,320,3652,paper
336,388,297,3662,paper
349,355,293,3663,paper
354,367,289,3679,paper
330,361,293,3660,paper
320,362,301,3660,paper
349,345,307,3654,paper
341,377,322,3662,paper
328,361,325,3663,paper
346,370,341,3648,paper
339,412,328,3661,paper
342,402,324,3653,paper
338,421,322,3662,paper
336,499,305,3655,paper
346,415,302,3669,paper
338,410,365,3661,paper
361,402,314,3657,paper
393,409,311,3670,paper
339,405,303,3662,paper
337,408,304,3669,paper
339,408,257,3653,paper
341,470,300,3659,paper
353,418,304,3657,paper
337,430,328,3674,paper
395,452,326,3658,paper
330,472,325,3643,paper
340,464,322,3659,paper
335,452,328,3643,paper
330,457,330,3651,paper
348,442,346,3656,paper
343,437,333,3666,paper
338,425,329,3658,paper
324,436,340,3660,paper
340,438,324,3666,paper
342,429,326,3658,paper
340,439,323,3660,paper
326,413,275,3660,paper
331,410,329,3663,paper
335,405,317,3659,paper
339,403,318,3660,paper
340,394,314,3659,paper
331,398,314,3569,paper
347,402,289,3661,paper
356,392,317,3654,paper
337,384,307,3663,paper
336,394,295,3658,paper
337,382,298,3662,paper
338,392,296,3660,paper
335,389,296,3639,paper
360,380,286,3661,paper
340,391,293,3658,paper
338,412,289,3660,paper
340,420,283,3657,paper
335,423,302,3649,paper
366,450,296,3657,paper
338,467,317,3667,paper
336,473,311,3639,paper
346,455,304,3666,paper
342,447,315,3660,paper
323,438,311,3658,paper
338,434,308,3654,paper
339,432,305,3664,paper
339,425,298,3659,paper
338,425,305,3760,paper
314,415,298,3656,paper
333,408,296,3663,paper
346,383,299,3709,paper
344,397,294,3659,paper
338,394,292,3659,paper
357,387,291,3661,paper
354,372,311,3659,paper
353,378,274,3662,paper
248,375,283,3656,paper
287,371,285,3663,paper
341,365,294,3659,paper
341,369,280,3665,paper
340,355,274,3665,paper
347,266,265,3664,paper
337,358,269,3661,paper
339,355,270,3654,paper
341,350,256,3660,paper
341,354,250,3654,paper
353,354,274,3662,paper
340,361,261,3660,paper
339,366,256,3665,paper
336,367,240,3659,paper
351,352,272,3652,paper
338,360,271,3651,paper
331,361,268,3668,paper
337,381,256,3661,paper
339,365,269,3657,paper
344,362,259,3661,paper
348,355,230,3662,paper
344,353,262,3677,paper
340,343,260,3654,paper
340,346,251,3652,paper
315,357,240,3660,paper
341,361,251,3655,paper
340,392,260,3660,paper
332,411,234,3657,paper
339,414,256,3666,paper
340,406,253,3650,paper
343,316,246,3661,paper
340,406,245,3659,paper
343,403,243,3666,paper
333,404,243,3660,paper
332,395,310,3658,paper
344,389,256,3653,paper
351,383,232,3651,paper
353,375,235,3664,paper
363,371,232,3667,paper
342,373,247,3659,paper
337,364,240,3665,paper
349,341,245,3647,paper
340,356,230,3661,paper
342,355,233,3738,paper
340,353,245,3663,paper
343,344,251,3652,paper
343,339,272,3660,paper
343,333,266,3620,paper
336,246,288,3665,paper
324,328,263,3666,paper
329,325,259,3699,paper
329,322,177,3660,paper
345,331,275,3650,paper
330,323,253,3667,paper
343,320,238,3668,paper
341,316,251,3657,paper
339,314,247,3649,paper
345,318,248,3659,paper
346,305,259,3650,paper
344,319,239,3648,paper
318,313,240,3657,paper
353,312,248,3660,paper
344,308,237,3752,paper
384,316,235,3651,paper
346,328,238,3660,paper
339,311,230,3667,paper
346,309,225,3671,paper
352,306,230,3655,paper
352,306,235,3669,paper
348,293,241,3664,paper
314,302,248,3672,paper
341,311,245,3652,paper
355,333,245,3657,paper
341,320,247,3668,paper
346,326,245,3661,paper
344,338,241,3655,paper
344,327,252,3676,paper
351,342,254,3657,paper
341,325,249,3661,paper
338,339,246,3675,paper
347,316,241,3670,paper
356,314,246,3664,paper
343,312,261,3653,paper
346,298,270,3658,paper
345,302,272,3664,paper
341,295,272,3661,paper
384,292,296,3665,paper
343,286,286,3661,paper
334,302,282,3657,paper
345,303,288,3652,paper
345,310,304,3655,paper
341,324,298,3655,paper
345,308,311,3659,paper
343,320,307,3674,paper
348,318,306,3657,paper
338,333,324,3650,paper
344,352,322,3657,paper
350,332,331,3664,paper
339,330,328,3637,paper
346,319,309,3657,paper
360,314,376,3663,paper
339,316,341,3641,paper
345,302,336,3684,paper
344,322,324,3660,paper
364,317,327,3672,paper
346,324,317,3700,paper
327,312,327,3643,paper
346,315,307,3675,paper
337,317,317,3656,paper
343,331,301,3660,paper
336,339,318,3653,paper
359,338,311,3662,paper
345,314,315,3666,paper
345,325,313,3658,paper
344,324,336,3664,paper
345,249,324,3657,paper
345,314,330,3660,paper
347,308,325,3654,paper
343,297,334,3653,paper
343,304,335,3668,paper
341,314,322,3650,paper
346,291,324,3660,paper
328,296,308,3662,paper
345,292,321,3667,paper
351,289,312,3657,paper
347,312,338,3675,paper
358,316,336,3655,paper
348,312,395,3641,paper
344,314,343,3665,paper
357,315,365,3659,paper
329,322,350,3661,paper
352,322,353,3654,paper
349,321,344,3658,paper
332,321,352,3587,paper
349,308,360,3651,paper
357,332,370,3646,paper
348,312,372,3661,paper
350,317,367,3655,paper
351,321,377,3657,paper
351,319,372,3629,paper
353,338,362,3655,paper
349,313,382,3645,paper
354,308,359,3659,paper
348,321,345,3667,paper
352,309,352,3659,paper
350,301,349,3663,paper
344,303,366,3641,paper
351,297,351,3632,paper
348,290,351,3640,paper
350,298,334,3663,paper
345,278,338,3655,paper
353,282,345,3659,paper
357,301,334,3647,paper
353,258,330,3656,paper
351,277,340,3667,paper
352,272,327,3674,paper
351,291,347,3650,paper
363,303,332,3647,paper
340,307,385,3657,paper
348,331,321,3639,paper
355,346,321,3674,paper
350,347,325,3662,paper
371,341,325,3681,paper
332,343,317,3662,paper
353,345,311,3649,paper
350,333,313,3655,paper
350,336,322,3656,paper
344,355,312,3654,paper
343,373,308,3662,paper
352,361,334,3653,paper
353,357,321,3668,paper
355,351,338,3660,paper
356,350,349,3655,paper
361,342,356,3665,paper
329,326,374,3623,paper
354,343,375,3659,paper
349,340,392,3642,paper
373,344,382,3660,paper
335,360,376,3638,paper
354,340,386,3662,paper
347,357,384,3649,paper
364,360,385,3637,paper
363,359,375,3673,paper
357,371,387,3662,paper
352,389,385,3654,paper
354,399,399,3670,paper
405,395,373,3673,paper
357,400,379,3659,paper
353,407,360,3655,paper
358,320,384,3666,paper
351,400,367,3662,paper
353,390,353,3661,paper
352,389,372,3658,paper
352,386,366,3657,paper
354,394,362,3649,paper
349,389,358,3677,paper
351,374,353,3675,paper
357,374,352,3664,paper
356,369,314,3659,paper
348,368,353,3651,paper
350,370,350,3659,paper
350,365,348,3661,paper
351,390,346,3631,paper
349,402,342,3658,paper
336,396,341,3652,paper
349,385,357,3651,paper
344,394,339,3661,paper
352,387,326,3654,paper
352,405,345,3658,paper
366,390,341,3708,paper
348,386,348,3661,paper
350,383,345,3681,paper
355,398,344,3658,paper
354,374,341,3710,paper
408,371,333,3555,paper
344,380,326,3660,paper
348,476,328,3659,paper
359,345,348,3661,paper
348,361,332,3662,paper
360,348,341,3676,paper
346,355,325,3657,paper
347,343,338,3659,paper
352,339,326,3675,paper
347,334,327,3633,paper
347,336,314,3677,paper
349,324,347,3648,paper
349,322,341,3659,paper
356,316,334,3640,paper
361,312,328,3676,paper
352,310,328,3660,paper
354,306,348,3659,paper
350,302,352,3661,paper
361,301,355,3661,paper
348,292,356,3590,paper
352,298,371,3660,paper
354,224,343,3659,paper
350,411,366,3663,paper
363,331,349,3656,paper
329,325,394,3640,paper
352,352,401,3656,paper
365,349,358,3667,paper
350,351,408,3658,paper
332,356,420,3643,paper
353,371,406,3644,paper
350,376,411,3660,paper
342,358,410,3661,paper
347,374,401,3659,paper
345,380,390,3671,paper
342,368,399,3672,paper
348,326,417,3661,paper
362,374,394,3659,paper
347,370,394,3662,paper
352,373,386,3674,paper
339,349,414,3662,paper
343,358,426,3657,paper
349,352,508,3672,paper
348,347,412,3688,paper
348,353,423,3661,paper
346,251,421,3659,paper
342,353,414,3650,paper
346,339,428,3660,paper
351,339,446,3648,paper
343,378,401,3669,paper
346,343,411,3652,paper
345,332,424,3661,paper
358,329,386,3660,paper
342,329,398,3645,paper
341,338,393,3661,paper
346,329,388,3656,paper
343,327,375,3678,paper
345,326,366,3656,paper
343,300,380,3659,paper
344,329,368,3657,paper
361,309,387,3613,paper
329,324,497,3656,paper
352,322,381,3664,paper
355,337,369,3667,paper
344,295,378,3665,paper
333,310,411,3660,paper
336,317,362,3673,paper
350,318,370,3658,paper
357,331,359,3654,paper
333,320,377,3653,paper
351,316,385,3675,paper
352,320,351,3676,paper
337,307,381,3662,paper
354,345,351,3654,paper
348,321,358,3661,paper
331,318,247,3659,paper
350,311,351,3677,paper
356,312,334,3660,paper
343,314,362,3652,paper
365,311,434,3659,paper
353,317,345,3547,paper
347,313,347,3658,paper
346,312,355,3659,paper
351,307,349,3659,paper
368,305,349,3533,paper
351,312,363,3654,paper
349,206,348,3658,paper
350,310,354,3660,paper
436,302,352,3682,paper
350,297,345,3662,paper
347,297,348,3662,paper
365,296,330,3655,paper
346,313,351,3663,paper
332,328,338,3656,paper
347,329,340,3666,paper
343,326,336,3661,paper
347,324,333,3662,paper
332,330,335,3669,paper
357,329,296,3674,paper
355,321,397,3673,paper
352,307,343,3637,paper
345,314,364,3658,paper
343,311,338,3668,paper
352,309,339,3684,paper
362,304,348,3631,paper
352,313,357,3658,paper
354,308,361,3659,paper
354,306,368,3791,paper
348,299,385,3661,paper
349,381,372,3660,paper
294,316,378,3660,paper
353,296,385,3662,paper
345,299,408,3677,paper
343,288,385,3659,paper
344,302,357,3676,paper
344,283,375,3660,paper
346,288,373,3661,paper
339,302,396,3651,paper
344,296,372,3651,paper
359,295,365,3659,paper
343,321,357,3642,paper
379,312,363,3732,paper
347,302,346,3644,paper
336,286,373,3662,paper
341,290,345,3661,paper
347,289,347,3659,paper
345,284,319,3664,paper
391,282,338,3660,paper
350,277,334,3654,paper
348,344,331,3655,paper
356,303,329,3646,paper
315,310,324,3676,paper
336,308,443,3661,paper
320,305,322,3662,paper
343,308,325,3673,paper
332,301,317,3655,paper
346,223,314,3659,paper
334,316,304,3660,paper
276,287,308,3644,paper
358,268,326,3660,paper
337,284,309,3661,paper
341,317,302,3672,paper
344,393,320,3657,paper
355,283,318,3657,paper
371,335,310,3661,paper
346,326,301,3675,paper
356,347,308,3663,paper
340,357,321,3643,paper
338,349,306,3646,paper
330,360,303,3659,paper
342,289,299,3662,paper
343,360,316,3665,paper
346,354,291,3660,paper
332,369,301,3661,paper
346,353,292,3659,paper
334,329,293,3654,paper
337,336,284,3660,paper
343,360,286,3662,paper
344,334,285,3690,paper
263,333,282,3647,paper
326,320,284,3661,paper
341,324,277,3667,paper
337,323,266,3662,paper
323,325,245,3657,paper
336,324,273,3637,paper
342,325,262,3675,paper
336,287,270,3663,paper
365,308,260,3659,paper
341,288,281,3662,paper
352,317,281,3659,paper
347,301,199,3659,paper
339,294,280,3659,paper
346,321,264,3661,paper
341,299,268,3669,paper
366,296,269,3661,paper
340,296,283,3650,paper
350,289,257,3687,paper
353,292,363,3660,paper
337,289,280,3641,paper
337,289,292,3681,paper
345,270,314,3661,paper
316,288,295,3651,paper
358,285,296,3658,paper
337,280,301,3658,paper
334,298,319,3640,paper
333,274,334,3657,paper
344,269,351,3684,paper
341,208,352,3661,paper
350,287,367,3658,paper
332,294,369,3662,paper
347,293,366,3670,paper
340,295,361,3613,paper
338,233,368,3658,paper
356,310,370,3663,paper
337,343,355,3645,paper
340,329,367,3658,paper
338,265,371,3661,paper
357,320,372,3639,paper
342,343,398,3662,paper
348,338,369,3658,paper
335,366,367,3651,paper
323,366,353,3673,paper
336,366,355,3660,paper
335,285,352,3660,paper
337,385,350,3661,paper
336,382,345,3659,paper
351,386,344,3661,paper
335,380,338,3657,paper
333,369,327,3662,paper
336,364,330,3637,paper
353,358,333,3658,paper
329,354,332,3653,paper
336,349,329,3659,paper
334,296,342,3659,paper
335,340,342,3667,paper
376,357,340,3666,paper
322,357,341,3653,paper
337,355,349,3657,paper
337,339,373,3658,paper
340,359,350,3654,paper
320,346,356,3664,paper
337,345,359,3657,paper
343,348,361,3658,paper
335,344,350,3661,paper
320,340,348,3659,paper
334,340,347,3659,paper
338,345,341,3658,paper
413,332,343,3663,paper
336,353,341,3658,paper
337,334,340,3653,paper
335,332,336,3656,paper
345,328,334,3659,paper
334,351,323,3657,paper
319,329,330,3661,paper
332,323,322,3660,paper
335,312,341,3658,paper
318,317,318,3655,paper
323,321,316,3660,paper
352,272,314,3664,paper
333,302,309,3661,paper
276,300,310,3678,paper
335,302,312,3659,paper
338,296,316,3658,paper
335,305,320,3657,paper
338,276,324,3666,paper
323,293,324,3657,paper
330,282,331,3668,paper
350,289,419,3661,paper
334,284,325,3731,paper
334,280,321,3662,paper
333,266,324,3663,paper
333,272,336,3660,paper
332,274,314,3662,paper
335,269,323,3661,paper
331,262,304,3660,paper
330,261,306,3635,paper
331,251,313,3665,paper
351,251,309,3728,paper
367,253,311,3677,paper
331,257,305,3661,paper
335,257,297,3650,paper
323,260,309,3678,paper
333,270,308,3658,paper
332,275,298,3660,paper
337,285,289,3660,paper
361,292,311,3659,paper
336,295,315,3655,paper
336,293,302,3657,paper
335,286,309,3656,paper
313,287,305,3661,paper
349,276,280,3688,paper
338,296,291,3652,paper
328,280,278,3663,paper
336,292,296,3679,paper
338,301,297,3668,paper
334,300,279,3664,paper
333,298,288,3653,paper
341,297,285,3651,paper
332,296,297,3653,paper
355,291,277,3661,paper
344,287,280,3664,paper
333,283,272,3663,paper
336,289,273,3711,paper
333,272,274,3677,paper
347,268,259,3682,paper
333,274,272,3679,paper
333,249,286,3661,paper
314,271,259,3651,paper
332,268,269,3661,paper
348,250,264,3659,paper
331,261,256,3662,paper
333,257,214,3657,paper
332,257,274,3661,paper
336,252,279,3673,paper
328,266,308,3651,paper
332,266,310,3648,paper
340,265,306,3669,paper
331,260,309,3673,paper
315,260,311,3637,paper
331,256,337,3640,paper
331,317,354,3661,paper
421,262,362,3678,paper
331,260,370,3662,paper
337,268,373,3636,paper
330,260,375,3652,paper
333,264,376,3605,paper
347,262,375,3657,paper
330,282,363,3673,paper
330,334,389,3657,paper
331,268,409,3659,paper
325,266,402,3659,paper
418,271,388,3666,paper
340,277,388,3617,paper
330,288,379,3663,paper
329,305,391,3659,paper
335,353,369,3660,paper
328,311,369,3653,paper
330,309,354,3663,paper
331,330,354,3652,paper
319,315,359,3660,paper
324,308,364,3656,paper
331,328,378,3658,paper
320,348,447,3660,paper
330,348,378,3661,paper
332,386,378,3656,paper
334,459,376,3657,paper
332,368,388,3661,paper
333,388,400,3658,paper
341,389,360,3658,paper
325,401,354,3658,paper
334,390,388,3651,paper
334,398,388,3646,paper
356,405,362,3666,paper
338,401,378,3682,paper
332,385,371,3651,paper
331,400,374,3639,paper
319,383,377,3660,paper
336,384,367,3660,paper
331,369,359,3670,paper
335,404,358,3634,paper
335,393,348,3671,paper
335,393,375,3660,paper
329,378,368,3661,paper
338,371,344,3660,paper
348,378,339,3661,paper
342,372,332,3675,paper
331,375,341,3670,paper
332,370,333,3653,paper
336,355,324,3671,paper
349,350,329,3659,paper
337,359,326,3659,paper
334,351,323,3652,paper
325,367,321,3660,paper
336,365,322,3670,paper
336,379,323,3663,paper
326,377,329,3652,paper
336,370,304,3669,paper
376,357,316,3611,paper
337,356,316,3658,paper
331,364,313,3648,paper
339,360,270,3659,paper
339,353,324,3660,paper
312,349,295,3644,paper
335,347,300,3651,paper
347,344,282,3674,paper
336,334,300,3638,paper
353,330,301,3658,paper
407,334,304,3753,paper
418,328,296,3651,paper
339,320,305,3661,paper
339,311,302,3659,paper
343,334,286,3643,paper
334,315,282,3661,paper
337,309,285,3672,paper
325,302,300,3653,paper
339,291,300,3662,paper
335,295,303,3645,paper
355,302,310,3687,paper
327,295,322,3645,paper
333,292,318,3659,paper
343,290,314,3661,paper
331,282,300,3688,paper
348,297,303,3662,paper
336,315,294,3653,paper
333,326,306,3653,paper
330,316,299,3673,paper
325,336,300,3653,paper
334,331,302,3671,paper
335,326,306,3667,paper
317,320,305,3669,paper
329,322,320,3653,paper
328,312,300,3671,paper
348,313,286,3673,paper
333,304,297,3659,paper
332,305,292,3643,paper
327,312,203,3641,paper
331,280,302,3661,paper
329,299,300,3653,paper
329,294,364,3654,paper
331,291,250,3644,paper
332,289,276,3663,paper
336,282,272,3659,paper
328,264,292,3664,paper
311,288,273,3671,paper
344,284,276,3667,paper
323,296,213,3647,paper
331,352,292,3657,paper
332,295,277,3653,paper
331,297,272,3658,paper
323,293,373,3640,paper
331,283,269,3661,paper
329,294,270,3669,paper
248,295,265,3662,paper
340,282,214,3677,paper
307,273,308,3663,paper
322,270,265,3661,paper
329,276,257,3656,paper
341,250,259,3705,paper
323,262,297,3649,paper
338,266,299,3671,paper
333,265,267,3657,paper
334,244,259,3715,paper
333,266,257,3804,paper
345,280,260,3664,paper
307,281,239,3642,paper
328,282,264,3663,paper
324,285,252,3645,paper
330,275,269,3663,paper
290,266,250,3625,paper
324,260,272,3640,paper
328,273,266,3662,paper
343,292,269,3650,paper
328,266,295,3656,paper
332,267,309,3629,paper
321,256,316,3671,paper
336,283,306,3652,paper
322,272,310,3624,paper
326,258,309,3659,paper
302,251,311,3663,paper
327,254,306,3651,paper
321,256,313,3657,paper
329,254,307,3660,paper
313,262,321,3662,paper
322,277,233,3675,paper
332,280,309,3661,paper
327,281,311,3672,paper
333,284,314,3657,paper
331,223,334,3653,paper
332,292,328,3665,paper
332,262,353,3661,paper
325,286,332,3666,paper
345,272,336,3659,paper
336,276,332,3656,paper
328,264,331,3654,paper
331,216,322,3660,paper
349,258,343,3686,paper
349,259,326,3656,paper
324,252,332,3673,paper
331,245,329,3653,paper
327,249,325,3662,paper
342,242,321,3657,paper
326,252,325,3660,paper
325,266,338,3658,paper
330,233,302,3647,paper
328,264,308,3660,paper
330,262,310,3662,paper
318,258,333,3658,paper
329,235,312,3661,paper
323,260,312,3638,paper
415,257,309,3636,paper
331,305,320,3654,paper
329,249,311,3651,paper
335,243,317,3661,paper
339,230,306,3661,paper
333,202,300,3662,paper
341,244,294,3667,paper
333,243,290,3660,paper
316,220,292,3630,paper
334,247,284,3660,paper
337,249,283,3664,paper
330,161,282,3661,paper
330,253,298,3649,paper
337,239,276,3661,paper
347,245,366,3656,paper
330,328,255,3655,paper
335,322,272,3659,paper
331,218,293,3662,paper
346,240,287,3655,paper
332,241,294,3661,paper
332,240,294,3648,paper
333,244,307,3663,paper
338,232,294,3645,paper
334,232,296,3662,paper
326,233,283,3663,paper
335,231,296,3652,paper
330,233,286,3661,paper
332,227,290,3671,paper
330,155,295,3655,paper
335,153,284,3659,paper
331,242,284,3662,paper
332,168,298,3665,paper
331,234,286,3657,paper
332,246,291,3636,paper
333,254,280,3636,paper
324,256,286,3668,paper
342,258,284,3657,paper
318,273,328,3661,paper
336,276,272,3653,paper
317,278,278,3662,paper
330,277,260,3661,paper
318,283,270,3654,paper
337,308,253,3670,paper
312,295,285,3661,paper
320,305,269,3654,paper
332,312,274,3656,paper
330,300,268,3735,paper
381,307,265,3660,paper
331,307,265,3660,paper
330,302,260,3661,paper
296,316,268,3656,paper
310,301,222,3664,paper
332,303,257,3670,paper
335,261,261,3661,paper
328,310,259,3565,paper
342,280,262,3659,paper
333,281,274,3649,paper
327,292,256,3725,paper
329,277,229,3661,paper
332,276,251,3640,paper
328,278,249,3663,paper
314,274,130,3662,paper
326,273,234,3659,paper
333,270,246,3636,paper
293,256,245,3613,paper
335,262,235,3660,paper
331,263,236,3662,paper
321,251,204,3659,paper
294,265,248,3652,paper
325,258,248,3660,paper
321,268,251,3635,paper
330,252,271,3653,paper
336,239,242,3657,paper
309,254,246,3667,paper
345,241,239,3661,paper
332,258,244,3659,paper
330,246,238,3660,paper
333,264,241,3662,paper
333,275,246,3659,paper
337,263,242,3659,paper
305,277,241,3651,paper
347,285,218,3676,paper
385,270,241,3648,paper
336,286,250,3661,paper
332,279,259,3657,paper
332,253,281,3645,paper
331,272,268,3661,paper
331,270,264,3663,paper
350,277,262,3640,paper
325,293,260,3660,paper
346,347,259,3659,paper
325,337,257,3657,paper
332,342,264,3672,paper
333,357,256,3661,paper
334,376,256,3675,paper
334,401,282,3656,paper
335,402,256,3667,paper
317,402,256,3663,paper
332,392,253,3661,paper
333,378,262,3646,paper
323,386,251,3664,paper
333,392,244,3658,paper
337,393,249,3662,paper
333,386,247,3658,paper
320,387,236,3659,paper
331,386,238,3658,paper
332,382,239,3660,paper
318,377,294,3661,paper
335,372,244,3659,paper
309,380,226,3670,paper
328,393,235,3655,paper
344,380,173,3663,paper
334,399,233,3641,paper
340,416,240,3656,paper
335,405,186,3660,paper
333,406,256,3666,paper
321,416,251,3676,paper
357,394,264,3661,paper
330,370,254,3661,paper
332,386,253,3640,paper
325,381,256,3656,paper
327,372,167,3658,paper
333,373,239,3658,paper
336,362,343,3649,paper
339,365,266,3662,paper
314,358,261,3653,paper
333,352,269,3657,paper
315,357,288,3662,paper
332,344,294,3652,paper
340,346,285,3665,paper
336,345,303,3660,paper
320,342,292,3661,paper
354,337,285,3657,paper
335,334,290,3662,paper
334,328,297,3661,paper
334,325,299,3658,paper
341,323,305,3652,paper
349,312,284,3661,paper
330,314,282,3669,paper
331,304,300,3659,paper
329,310,291,3661,paper
323,318,271,3661,paper
336,324,286,3643,paper
381,313,289,3652,paper
337,310,279,3656,paper
327,304,286,3658,paper
333,300,282,3653,paper
381,299,284,3660,paper
333,307,290,3605,paper
331,293,300,3667,paper
338,292,304,3673,paper
328,277,316,3661,paper
322,302,304,3663,paper
334,286,300,3677,paper
343,282,314,3658,paper
334,275,324,3681,paper
331,276,320,3665,paper
331,272,316,3648,paper
342,252,318,3660,paper
337,262,319,3658,paper
337,263,308,3653,paper
323,262,306,3675,paper
335,268,313,3697,paper
329,280,314,3660,paper
329,286,293,3662,paper
325,302,293,3664,paper
326,288,288,3661,paper
333,321,287,3661,paper
327,326,278,3662,paper
346,312,286,3658,paper
330,310,290,3657,paper
333,323,323,3648,paper
307,322,287,3663,paper
334,334,274,3678,paper
345,334,294,3659,paper
330,330,282,3657,paper
337,349,280,3651,paper
328,325,266,3657,paper
330,317,294,3638,paper
328,320,290,3658,paper
330,328,290,3656,paper
327,314,289,3663,paper
331,305,286,3676,paper
311,302,289,3657,paper
327,297,286,3660,paper
321,302,288,3643,paper
331,289,295,3600,paper
312,292,286,3640,paper
329,297,280,3656,paper
324,296,280,3650,paper
327,292,278,3673,paper
311,292,273,3660,paper
324,289,270,3649,paper
327,284,279,3659,paper
331,282,308,3669,paper
343,272,298,3662,paper
331,269,304,3647,paper
326,272,299,3679,paper
335,272,320,3663,paper
328,268,297,3659,paper
330,261,278,3661,paper
331,261,291,3663,paper
331,335,285,3661,paper
331,251,285,3661,paper
325,265,275,3652,paper
334,252,268,3660,paper
331,249,294,3657,paper
330,230,288,3655,paper
330,256,277,3663,paper
307,269,261,3661,paper
324,262,277,3664,paper
328,262,292,3654,paper
331,257,251,3670,paper
345,256,262,3661,paper
327,260,281,3659,paper
330,249,261,3660,paper
337,269,253,3666,paper
328,241,250,3661,paper
330,236,250,3660,paper
329,251,248,3699,paper
316,234,254,3669,paper
330,232,260,3617,paper
328,230,254,3662,paper
325,240,254,3629,paper
328,249,260,3648,paper
327,268,262,3656,paper
322,275,305,3664,paper
330,274,281,3640,paper
322,329,289,3665,paper
330,277,265,3664,paper
339,305,256,3679,paper
327,300,291,3650,paper
308,303,292,3576,paper
328,282,295,3659,paper
327,298,286,3659,paper
315,297,275,3659,paper
318,291,283,3660,paper
329,289,282,3657,paper
327,281,272,3657,paper
329,270,286,3662,paper
337,277,280,3668,paper
329,278,260,3668,paper
324,276,342,3643,paper
327,277,276,3640,paper
329,294,275,3662,paper
222,289,272,3675,paper
334,288,279,3681,paper
331,287,265,3660,paper
316,284,270,3639,paper
327,261,268,3671,paper
329,272,277,3673,paper
331,290,267,3649,paper
324,270,269,3656,paper
327,281,280,3662,paper
323,243,293,3671,paper
321,271,291,3663,paper
334,257,288,3621,paper
339,267,297,3632,paper
330,256,293,3672,paper
316,248,284,3658,paper
322,278,284,3659,paper
330,285,262,3659,paper
326,296,272,3671,paper
326,276,270,3662,paper
324,280,272,3651,paper
332,294,271,3668,paper
342,288,286,3672,paper
336,271,298,3664,paper
336,290,298,3652,paper
310,293,289,3668,paper
324,288,294,3655,paper
330,307,291,3660,paper
332,316,294,3658,paper
329,314,299,3663,paper
344,322,292,3663,paper
331,340,293,3671,paper
335,319,266,3661,paper
334,331,285,3637,paper
343,329,228,3677,paper
336,351,277,3677,paper
345,375,283,3661,paper
330,377,279,3645,paper
333,340,285,3651,paper
326,367,273,3655,paper
338,363,288,3660,paper
341,357,260,3677,paper
332,363,296,3681,paper
334,367,275,3653,paper
333,369,272,3652,paper
327,362,269,3674,paper
332,362,274,3665,paper
332,363,276,3663,paper
339,342,277,3665,paper
331,329,271,3675,paper
343,361,260,3668,paper
334,326,273,3663,paper
328,359,270,3666,paper
326,331,265,3668,paper
330,336,262,3663,paper
330,343,240,3668,paper
329,349,262,3661,paper
321,315,260,3650,paper
332,329,264,3661,paper
323,323,257,3645,paper
333,342,252,3662,paper
329,317,247,3666,paper
325,320,160,3645,paper
307,310,260,3662,paper
367,307,248,3654,paper
331,292,276,3665,paper
348,318,261,3661,paper
316,330,281,3662,paper
331,337,269,3657,paper
332,341,277,3665,paper
336,351,286,3660,paper
331,374,272,3651,paper
330,332,264,3684,paper
334,396,261,3666,paper
332,396,284,3653,paper
330,407,266,3658,paper
333,400,272,3648,paper
348,392,249,3658,paper
317,390,277,3659,paper
342,399,204,3663,paper
333,390,268,3655,paper
328,388,251,3664,paper
332,380,257,3640,paper
330,392,251,3662,paper
326,384,248,3648,paper
330,369,256,3662,paper
328,354,264,3654,paper
328,357,246,3661,paper
329,362,261,3656,paper
330,373,256,3660,paper
327,342,270,3661,paper
331,342,279,3652,paper
328,304,269,3675,paper
347,329,279,3665,paper
331,386,279,3660,paper
322,328,282,3650,paper
328,324,270,3659,paper
324,315,288,3661,paper
324,314,278,3648,paper
326,331,267,3657,paper
328,335,274,3653,paper
314,327,262,3662,paper
326,371,251,3668,paper
345,389,256,3662,paper
338,389,251,3675,paper
331,322,265,3658,paper
324,313,268,3656,paper
380,380,248,3650,paper
332,382,247,3669,paper
333,370,246,3656,paper
321,369,381,3660,paper
330,360,235,3663,paper
339,360,238,3667,paper
329,352,232,3673,paper
320,357,239,3659,paper
345,348,214,3665,paper
329,338,232,3664,paper
341,317,248,3664,paper
326,331,250,3649,paper
343,330,239,3659,paper
329,338,220,3667,paper
337,322,218,3662,paper
321,332,222,3626,paper
334,317,223,3663,paper
338,327,284,3661,paper
347,319,222,3654,paper
334,318,218,3660,paper
311,310,230,3638,paper
342,307,202,3664,paper
323,283,229,3638,paper
335,218,217,3662,paper
325,298,222,3661,paper
331,325,224,3658,paper
399,299,226,3662,paper
324,306,205,3651,paper
327,323,207,3661,paper
331,296,224,3658,paper
360,299,228,3675,paper
331,297,228,3659,paper
329,300,236,3655,paper
348,294,251,3674,paper
351,297,256,3687,paper
331,311,245,3658,paper
342,314,238,3659,paper
326,315,244,3660,paper
330,317,235,3660,paper
329,320,247,3663,paper
327,309,231,3654,paper
327,308,231,3662,paper
331,317,224,3662,paper
324,336,228,3654,paper
325,286,223,3658,paper
332,355,205,3672,paper
324,341,221,3661,paper
321,338,230,3661,paper
310,346,238,3660,paper
327,331,235,3738,paper
327,327,244,3657,paper
328,300,232,3661,paper
324,330,233,3547,paper
339,305,239,3660,paper
323,309,227,3664,paper
329,294,227,3661,paper
328,323,224,3629,paper
334,333,226,3659,paper
347,366,192,3659,paper
323,369,118,3662,paper
327,382,207,3666,paper
334,389,227,3659,paper
312,401,240,3659,paper
324,395,243,3654,paper
332,393,252,3679,paper
328,389,236,3660,paper
372,383,245,3656,paper
330,377,239,3659,paper
326,391,244,3659,paper
341,360,244,3698,paper
334,382,253,3652,paper
332,372,254,3661,paper
349,360,264,3659,paper
333,361,256,3666,paper
340,356,250,3659,paper
340,355,248,3672,paper
345,343,244,3660,paper
332,418,250,3660,paper
335,347,248,3657,paper
282,359,243,3657,paper
348,338,249,3661,paper
336,332,245,3720,paper
322,331,237,3663,paper
333,323,253,3653,paper
336,317,240,3660,paper
337,324,238,3662,paper
342,320,252,3658,paper
334,335,228,3661,paper
335,350,222,3660,paper
333,334,231,3666,paper
325,320,240,3644,paper
321,327,230,3662,paper
339,334,202,3672,paper
353,319,216,3698,paper
334,316,219,3661,paper
321,325,233,3664,paper
336,314,224,3660,paper
339,312,224,3656,paper
350,301,230,3661,paper
329,324,215,3657,paper
338,290,230,3645,paper
353,313,215,3652,paper
339,308,218,3662,paper
338,324,216,3664,paper
343,322,176,3681,paper
333,321,199,3679,paper
340,327,214,3657,paper
315,310,219,3657,paper
338,304,221,3653,paper
359,307,219,3663,paper
339,300,243,3656,paper
337,284,249,3659,paper
354,290,263,3658,paper
336,310,269,3657,paper
337,303,273,3652,paper
337,292,272,3660,paper
337,315,313,3661,paper
336,328,279,3650,paper
337,331,279,3661,paper
354,336,262,3664,paper
320,327,279,3669,paper
340,318,277,3673,paper
337,318,276,3663,paper
326,310,276,3662,paper
328,318,275,3664,paper
338,318,346,3659,paper
347,314,270,3663,paper
244,310,268,3655,paper
353,304,266,3679,paper
340,308,222,3662,paper
335,316,259,3661,paper
335,315,253,3658,paper
334,302,267,3653,paper
361,304,268,3656,paper
384,306,253,3656,paper
343,300,254,3664,paper
349,289,244,3659,paper
339,297,243,3656,paper
314,295,252,3651,paper
314,292,258,3660,paper
334,299,253,3650,paper
341,282,252,3658,paper
334,286,253,3654,paper
328,271,265,3660,paper
340,276,252,3664,paper
327,278,253,3651,paper
347,263,250,3761,paper
335,275,248,3661,paper
339,270,246,3657,paper
343,271,244,3655,paper
336,286,242,3660,paper
341,267,242,3658,paper
330,265,240,3675,paper
351,253,234,3658,paper
330,256,248,3659,paper
318,260,244,3654,paper
332,247,237,3675,paper
349,256,242,3659,paper
340,258,238,3665,paper
321,257,236,3665,paper
337,267,227,3657,paper
337,247,227,3664,paper
340,250,232,3657,paper
336,269,224,3660,paper
349,233,236,3660,paper
328,242,230,3667,paper
333,211,226,3663,paper
339,237,226,3671,paper
333,234,219,3676,paper
336,232,231,3659,paper
332,232,251,3661,paper
341,247,232,3664,paper
332,238,238,3660,paper
460,224,235,3678,paper
333,237,232,3663,paper
334,217,222,3663,paper
336,218,233,3661,paper
336,207,229,3658,paper
328,210,237,3636,paper
332,216,225,3661,paper
346,200,225,3661,paper
337,208,226,3654,paper
332,223,221,3639,paper
338,228,224,3653,paper
334,233,219,3659,paper
338,263,222,3661,paper
335,265,214,3660,paper
315,273,218,3649,paper
336,274,224,3659,paper
347,273,126,3661,paper
330,272,212,3651,paper
338,267,208,3648,paper
333,263,210,3671,paper
256,268,209,3657,paper
338,274,216,3653,paper
334,272,201,3664,paper
340,267,211,3669,paper
324,269,213,3633,paper
350,271,208,3664,paper
342,265,212,3654,paper
339,268,213,3659,paper
338,261,226,3658,paper
336,261,222,3662,paper
336,244,247,3648,paper
315,266,235,3661,paper
336,260,230,3661,paper
326,274,231,3619,paper
345,259,236,3658,paper
336,258,234,3658,paper
335,256,227,3652,paper
330,257,226,3672,paper
329,257,233,3655,paper
337,256,237,3693,paper
345,264,235,3619,paper
330,252,232,3658,paper
331,248,230,3666,paper
340,247,218,3675,paper
330,248,226,3660,paper
332,240,222,3652,paper
347,233,292,3677,paper
325,235,228,3677,paper
341,233,224,3582,paper
333,233,222,3661,paper
341,227,217,3662,paper
325,227,228,3661,paper
340,226,224,3654,paper
287,236,215,3661,paper
336,223,221,3659,paper
336,237,210,3650,paper
335,223,218,3651,paper
344,221,220,3656,paper
337,213,212,3656,paper
331,223,214,3653,paper
340,218,210,3689,paper
337,221,211,3658,paper
334,215,199,3658,paper
340,212,212,3666,paper
335,206,220,3660,paper
334,207,208,3662,paper
335,208,205,3659,paper
330,205,200,3651,paper
338,202,202,3664,paper
330,211,197,3656,paper
337,212,205,3665,paper
350,216,207,3643,paper
340,211,216,3657,paper
335,204,209,3656,paper
359,207,220,3682,paper
339,213,224,3660,paper
339,219,218,3661,paper
378,213,225,3671,paper
330,215,220,3661,paper
339,204,232,3678,paper
316,210,211,3665,paper
349,229,222,3645,paper
343,231,230,3662,paper
345,233,243,3660,paper
336,241,253,3653,paper
343,251,253,3655,paper
354,244,249,3665,paper
350,232,261,3665,paper
330,242,246,3632,paper
352,237,245,3655,paper
348,236,244,3659,paper
348,221,259,3666,paper
341,218,242,3674,paper
369,231,240,3659,paper
351,226,226,3658,paper
345,205,245,3671,paper
348,221,254,3701,paper
348,232,239,3724,paper
344,219,242,3662,paper
344,232,236,3666,paper
339,215,237,3663,paper
343,220,249,3670,paper
350,216,247,3675,paper
343,210,261,3658,paper
338,218,258,3648,paper
340,215,252,3662,paper
344,221,244,3659,paper
354,204,304,3679,paper
337,208,250,3642,paper
339,210,232,3654,paper
339,228,232,3668,paper
347,229,235,3660,paper
343,245,231,3660,paper
342,245,238,3657,paper
352,243,235,3664,paper
345,244,240,3672,paper
344,242,245,3658,paper
345,240,233,3689,paper
351,234,220,3675,paper
339,230,239,3661,paper
341,228,230,3666,paper
316,226,244,3660,paper
336,223,240,3661,paper
338,208,243,3660,paper
341,216,232,3658,paper
324,218,239,3661,paper
334,215,218,3677,paper
345,213,242,3665,paper
343,210,246,3657,paper
397,225,234,3745,paper
342,206,238,3659,paper
328,211,232,3635,paper
338,206,229,3664,paper
338,212,232,3663,paper
328,201,233,3666,paper
338,205,240,3659,paper
338,201,233,3608,paper
343,205,234,3664,paper
339,223,238,3659,paper
333,215,236,3676,paper
340,241,251,3659,paper
337,256,236,3660,paper
338,254,232,3655,paper
331,256,231,3683,paper
331,272,236,3658,paper
343,286,252,3611,paper
342,267,264,3653,paper
337,278,289,3638,paper
333,274,270,3664,paper
338,279,274,3660,paper
354,307,259,3677,paper
338,279,258,3680,paper
349,282,268,3660,paper
331,288,366,3639,paper
355,291,258,3660,paper
334,289,260,3677,paper
331,291,260,3659,paper
333,290,264,3649,paper
358,296,262,3653,paper
341,295,268,3662,paper
393,303,281,3663,paper
341,291,285,3661,paper
337,296,283,3659,paper
340,296,277,3675,paper
334,305,296,3643,paper
346,305,312,3661,paper
340,304,299,3677,paper
328,303,291,3660,paper
327,302,194,3647,paper
336,294,290,3654,paper
335,289,287,3663,paper
333,268,285,3674,paper
314,293,294,3661,paper
339,285,289,3667,paper
338,301,277,3661,paper
333,270,306,3665,paper
330,290,358,3659,paper
359,309,309,3661,paper
347,337,329,3669,paper
347,362,391,3659,paper
321,352,302,3651,paper
340,425,312,3660,paper
341,381,305,3665,paper
334,396,206,3658,paper
340,405,282,3658,paper
340,389,297,3663,paper
353,380,299,3661,paper
345,398,316,3655,paper
336,391,341,3648,paper
341,392,326,3655,paper
345,432,333,3660,paper
341,376,322,3654,paper
322,380,352,3657,paper
333,381,333,3659,paper
340,392,333,3655,paper
340,389,332,3652,paper
342,400,336,3667,paper
352,416,338,3663,paper
340,417,355,3659,paper
341,409,343,3659,paper
317,412,339,3657,paper
336,412,329,3662,paper
348,403,334,3645,paper
333,408,307,3665,paper
325,425,332,3661,paper
313,409,340,3659,paper
321,399,327,3655,paper
340,372,327,3655,paper
411,390,326,3672,paper
313,393,330,3660,paper
330,379,338,3637,paper
336,368,328,3622,paper
331,373,347,3661,paper
335,368,323,3662,paper
338,370,319,3677,paper
311,388,324,3664,paper
334,382,302,3658,paper
348,385,327,3661,paper
343,366,316,3674,paper
342,384,315,3657,paper
330,398,318,3659,paper
343,401,294,3668,paper
337,405,315,3652,paper
340,422,316,3669,paper
347,438,325,3567,paper
352,452,316,3660,paper
341,452,352,3660,paper
337,395,336,3657,paper
342,474,337,3659,paper
352,461,329,3663,paper
339,470,336,3583,paper
333,461,318,3658,paper
328,461,328,3641,paper
322,455,338,3663,paper
326,435,336,3659,paper
339,443,336,3656,paper
343,458,335,3657,paper
345,434,339,3660,paper
328,441,354,3649,paper
354,424,361,3653,paper
340,488,363,3658,paper
331,438,384,3661,paper
359,435,362,3661,paper
340,424,360,3658,paper
342,431,367,3657,paper
353,419,360,3661,paper
351,421,365,3665,paper
333,415,353,3660,paper
326,417,355,3659,paper
346,442,352,3651,paper
337,423,364,3667,paper
342,420,362,3661,paper
341,405,345,3659,paper
338,400,338,3658,paper
345,467,349,3662,paper
347,391,314,3663,paper
338,384,337,3673,paper
341,382,358,3660,paper
331,377,352,3653,paper
332,337,344,3656,paper
341,367,354,3641,paper
352,358,347,3658,paper
340,355,327,3660,paper
341,357,350,3657,paper
334,379,344,3660,paper
340,384,336,3654,paper
344,386,336,3677,paper
361,391,349,3655,paper
338,414,343,3659,paper
335,439,306,3650,paper
321,440,348,3657,paper
327,434,413,3662,paper
338,417,361,3663,paper
344,437,437,3666,paper
319,442,352,3659,paper
318,440,335,3661,paper
336,422,347,3659,paper
382,424,342,3651,paper
333,420,338,3658,paper
337,412,336,3660,paper
336,414,326,3664,paper
319,410,330,3660,paper
338,402,338,3661,paper
335,395,339,3656,paper
333,391,340,3668,paper
351,393,347,3667,paper
335,393,344,3661,paper
332,399,342,3669,paper
334,381,338,3658,paper
333,381,324,3658,paper
333,380,331,3632,paper
332,488,333,3659,paper
328,373,329,3663,paper
313,389,330,3662,paper
326,369,340,3668,paper
339,376,318,3661,paper
332,360,316,3665,paper
335,356,344,3658,paper
308,354,326,3661,paper
332,346,328,3653,paper
336,309,324,3659,paper
327,346,310,3658,paper
323,343,320,3661,paper
328,332,317,3664,paper
333,335,330,3658,paper
332,340,332,3664,paper
332,334,323,3659,paper
325,344,320,3663,paper
347,348,314,3657,paper
332,338,313,3697,paper
334,341,315,3661,paper
335,370,304,3658,paper
330,363,316,3721,paper
331,348,328,3658,paper
375,355,308,3661,paper
330,352,306,3661,paper
331,349,313,3687,paper
326,349,323,3675,paper
324,330,329,3662,paper
318,354,327,3630,paper
341,337,327,3657,paper
328,290,326,3658,paper
329,325,323,3659,paper
318,326,303,3661,paper
324,340,315,3660,paper
323,323,321,3666,paper
327,330,304,3645,paper
330,336,306,3663,paper
329,349,312,3662,paper
327,332,312,3659,paper
329,341,308,3646,paper
329,342,303,3659,paper
340,342,293,3665,paper
349,328,286,3665,paper
328,325,314,3663,paper
328,357,290,3662,paper
329,310,288,3661,paper
328,314,288,3659,paper
333,345,288,3658,paper
330,324,282,3658,paper
341,305,283,3661,paper
321,306,292,3654,paper
331,308,309,3652,paper
330,315,320,3663,paper
318,314,320,3660,paper
325,305,330,3660,paper
330,295,324,3659,paper
331,318,316,3660,paper
330,292,317,3679,paper
331,286,297,3670,paper
328,290,308,3638,paper
326,284,314,3663,paper
341,283,286,3663,paper
327,278,320,3661,paper
335,289,334,3643,paper
347,270,307,3657,paper
332,268,296,3659,paper
328,274,306,3659,paper
331,297,299,3638,paper
322,378,295,3658,paper
329,310,271,3659,paper
338,334,295,3655,paper
321,352,286,3663,paper
327,369,262,3669,paper
329,356,265,3679,paper
352,354,291,3661,paper
328,348,278,3664,paper
336,353,269,3663,paper
349,352,266,3663,paper
324,332,290,3660,paper
329,325,276,3661,paper
326,338,264,3662,paper
327,337,272,3586,paper
331,324,274,3639,paper
332,308,268,3665,paper
329,358,258,3656,paper
331,317,270,3658,paper
329,318,277,3661,paper
329,311,298,3653,paper
335,316,280,3657,paper
335,331,276,3680,paper
332,340,280,3654,paper
333,336,306,3652,paper
315,332,318,3663,paper
328,330,338,3655,paper
330,310,355,3658,paper
331,321,348,3659,paper
337,317,353,3649,paper
328,327,332,3661,paper
327,308,359,3654,paper
318,306,306,3663,paper
329,298,351,3667,paper
330,300,354,3667,paper
323,286,368,3661,paper
334,299,380,3652,paper
328,311,376,3658,paper
330,317,384,3660,paper
328,294,424,3644,paper
317,311,422,3653,paper
329,308,422,3640,paper
323,302,430,3658,paper
332,303,463,3649,paper
321,297,518,3652,paper
325,324,512,3655,paper
330,270,524,3660,paper
332,334,503,3660,paper
328,336,522,3660,paper
339,329,518,3657,paper
315,328,515,3668,paper
322,336,520,3652,paper
336,350,503,3671,paper
336,366,479,3670,paper
331,368,499,3658,paper
347,359,485,3658,paper
314,373,479,3657,paper
329,444,472,3660,paper
332,412,467,3645,paper
334,397,471,3658,paper
321,425,459,3642,paper
344,452,449,3655,paper
328,440,464,3657,paper
327,457,465,3655,paper
345,473,455,3652,paper
335,456,474,3653,paper
333,462,449,3663,paper
335,468,441,3650,paper
337,468,440,3676,paper
353,457,428,3661,paper
336,452,435,3677,paper
342,454,438,3648,paper
333,434,456,3649,paper
328,447,464,3646,paper
327,438,489,3674,paper
336,373,454,3661,paper
327,437,482,3657,paper
330,454,442,3664,paper
324,454,460,3673,paper
342,460,464,3668,paper
350,466,448,3665,paper
346,467,462,3667,paper
331,454,452,3659,paper
332,456,439,3657,paper
334,464,443,3654,paper
352,447,446,3682,paper
334,442,440,3609,paper
360,460,450,3757,paper
323,449,465,3638,paper
348,448,357,3659,paper
343,471,459,3649,paper
333,452,477,3656,paper
337,447,466,3649,paper
339,445,471,3660,paper
373,449,453,3637,paper
332,454,477,3662,paper
331,446,464,3660,paper
333,436,462,3664,paper
330,429,450,3665,paper
324,436,455,3654,paper
329,426,454,3661,paper
334,444,468,3651,paper
328,428,471,3659,paper
344,419,501,3652,paper
334,416,487,3657,paper
338,416,532,3659,paper
336,411,517,3657,paper
268,406,532,3657,paper
332,412,560,3637,paper
325,396,565,3658,paper
330,398,560,3645,paper
331,396,544,3662,paper
334,399,512,3674,paper
334,385,533,3650,paper
330,291,524,3661,paper
333,395,530,3661,paper
332,392,523,3638,paper
357,401,490,3657,paper
332,392,507,3658,paper
330,414,517,3673,paper
333,447,520,3751,paper
349,442,506,3658,paper
336,448,542,3659,paper
325,455,535,3652,paper
334,460,526,3658,paper
338,457,518,3662,paper
346,458,515,3616,paper
323,443,509,3661,paper
333,449,492,3662,paper
327,440,495,3643,paper
337,416,488,3663,paper
332,427,484,3664,paper
301,416,482,3649,paper
353,408,477,3660,paper
343,402,471,3663,paper
336,402,479,3661,paper
327,380,461,3668,paper
328,389,442,3661,paper
335,397,449,3673,paper
350,409,449,3671,paper
342,421,470,3660,paper
346,428,460,3661,paper
341,422,479,3660,paper
352,423,468,3660,paper
321,420,484,3658,paper
338,413,560,3674,paper
337,412,474,3659,paper
329,421,470,3654,paper
330,418,468,3634,paper
335,398,474,3681,paper
322,400,485,3656,paper
337,397,462,3653,paper
330,400,483,3641,paper
338,385,478,3655,paper
335,387,490,3654,paper
331,380,555,3646,paper
332,378,527,3666,paper
337,381,503,3662,paper
322,402,534,3753,paper
326,398,512,3643,paper
336,374,527,3647,paper
332,385,502,3658,paper
333,387,499,3668,paper
325,402,492,3651,paper
331,402,487,3657,paper
332,409,512,3663,paper
332,412,496,3654,paper
328,420,488,3639,paper
331,407,485,3670,paper
336,405,489,3669,paper
333,400,522,3660,paper
333,395,512,3659,paper
330,354,498,3684,paper
328,385,516,3640,paper
338,367,537,3635,paper
351,374,512,3658,paper
331,374,557,3647,paper
329,370,512,3675,paper
330,367,524,3651,paper
323,358,544,3645,paper
338,382,534,3657,paper
349,360,634,3661,paper
335,353,544,3659,paper
328,352,553,3666,paper
294,359,538,3657,paper
336,337,539,3663,paper
325,337,510,3643,paper
326,336,523,3645,paper
345,340,510,3683,paper
332,325,512,3657,paper
328,329,505,3673,paper
334,309,514,3640,paper
330,313,492,3658,paper
329,313,484,3659,paper
322,324,485,3677,paper
332,306,484,3641,paper
332,320,478,3639,paper
329,320,465,3668,paper
335,315,475,3657,paper
329,330,456,3659,paper
337,357,461,3643,paper
313,329,486,3660,paper
329,328,471,3661,paper
330,327,457,3666,paper
328,322,462,3662,paper
328,326,441,3663,paper
314,323,453,3654,paper
309,317,456,3656,paper
348,306,452,3659,paper
329,317,433,3661,paper
311,310,439,3660,paper
303,301,437,3658,paper
323,301,450,3660,paper
325,322,434,3659,paper
236,303,435,3749,paper
328,308,433,3652,paper
332,267,427,3660,paper
323,304,456,3661,paper
312,322,550,3659,paper
320,330,476,3653,paper
329,381,448,3656,paper
343,312,485,3658,paper
326,297,442,3652,paper
335,313,439,3706,paper
326,371,433,3660,paper
322,345,441,3655,paper
325,362,412,3661,paper
314,374,415,3659,paper
326,376,408,3661,paper
340,384,397,3661,paper
323,436,419,3665,paper
311,355,396,3661,paper
329,364,392,3685,paper
327,366,390,3660,paper
338,380,381,3659,paper
327,380,381,3657,paper
331,287,381,3663,paper
342,368,358,3663,paper
318,353,369,3660,paper
326,355,357,3669,paper
321,352,361,3657,paper
335,340,362,3659,paper
326,353,358,3660,paper
327,448,369,3658,paper
326,344,374,3661,paper
324,336,372,3662,paper
329,337,376,3641,paper
329,346,363,3660,paper
330,313,368,3659,paper
322,320,374,3657,paper
344,316,396,3656,paper
343,317,304,3659,paper
342,314,413,3660,paper
338,314,415,3660,paper
330,317,407,3661,paper
328,331,409,3643,paper
331,315,404,3674,paper
329,301,418,3662,paper
323,308,395,3667,paper
323,302,434,3660,paper
329,303,396,3662,paper
332,298,409,3656,paper
331,296,400,3659,paper
333,292,378,3664,paper
336,296,382,3682,paper
356,286,380,3657,paper
316,281,422,3660,paper
332,283,386,3677,paper
377,291,397,3651,paper
331,291,406,3657,paper
333,296,396,3647,paper
326,292,312,3675,paper
333,292,397,3659,paper
340,300,436,3663,paper
332,318,403,3660,paper
324,325,405,3665,paper
332,334,395,3655,paper
320,320,394,3660,paper
326,322,382,3640,paper
330,315,388,3667,paper
351,324,363,3659,paper
332,329,388,3658,paper
323,343,392,3657,paper
331,342,387,3635,paper
335,336,381,3676,paper
334,317,386,3652,paper
336,332,381,3660,paper
315,337,383,3659,paper
338,322,401,3679,paper
345,317,365,3660,paper
342,312,396,3652,paper
340,311,390,3659,paper
337,306,380,3660,paper
339,307,379,3543,paper
326,296,264,3660,paper
281,295,383,3666,paper
342,304,389,3660,paper
339,291,378,3676,paper
353,276,388,3665,paper
341,281,379,3631,paper
278,298,381,3656,paper
341,282,378,3657,paper
315,284,395,3665,paper
356,276,366,3640,paper
341,261,378,3659,paper
338,291,382,3663,paper
345,295,381,3652,paper
334,310,377,3662,paper
341,297,367,3656,paper
345,322,362,3655,paper
340,315,355,3621,paper
338,308,352,3666,paper
338,317,351,3657,paper
335,317,348,3657,paper
339,355,333,3659,paper
340,300,338,3661,paper
342,296,340,3675,paper
342,289,339,3654,paper
344,311,334,3658,paper
343,357,330,3645,paper
341,346,327,3663,paper
342,365,316,3689,paper
329,360,323,3653,paper
343,354,322,3667,paper
337,332,316,3656,paper
314,345,318,3667,paper
324,341,311,3659,paper
343,348,303,3678,paper
337,353,218,3659,paper
347,364,305,3638,paper
322,372,312,3660,paper
359,372,310,3657,paper
346,366,310,3653,paper
344,363,309,3655,paper
404,359,305,3669,paper
326,363,298,3653,paper
336,375,298,3662,paper
342,397,310,3659,paper
350,408,296,3664,paper
342,398,290,3657,paper
348,409,292,3667,paper
338,398,289,3644,paper
347,396,298,3663,paper
340,403,282,3664,paper
339,395,285,3657,paper
343,396,288,3636,paper
341,285,291,3657,paper
344,376,296,3613,paper
342,387,297,3663,paper
345,401,284,3659,paper
330,398,305,3661,paper
400,407,285,3663,paper
338,404,284,3682,paper
342,401,292,3659,paper
344,403,295,3661,paper
345,395,272,3664,paper
339,398,292,3658,paper
326,384,292,3659,paper
341,426,289,3659,paper
359,380,276,3683,paper
346,399,282,3667,paper
338,377,288,3678,paper
340,386,288,3661,paper
342,388,282,3662,paper
346,383,257,3672,paper
342,382,276,3650,paper
343,384,282,3664,paper
348,381,254,3675,paper
343,377,275,3663,paper
345,372,292,3654,paper
343,376,267,3664,paper
342,361,270,3659,paper
342,366,290,3662,paper
337,371,293,3656,paper
360,380,290,3684,paper
341,367,308,3659,paper
341,366,296,3674,paper
335,385,325,3639,paper
343,397,321,3658,paper
330,411,318,3653,paper
346,400,313,3659,paper
317,414,315,3671,paper
339,406,313,3658,paper
347,428,308,3650,paper
337,413,303,3660,paper
306,397,298,3665,paper
338,400,296,3672,paper
344,410,294,3676,paper
337,386,314,3662,paper
339,387,289,3657,paper
336,384,283,3663,paper
352,379,280,3660,paper
338,374,298,3663,paper
342,345,277,3658,paper
327,367,280,3666,paper
340,360,262,3678,paper
338,360,278,3654,paper
336,380,272,3665,paper
338,362,272,3670,paper
336,397,275,3675,paper
336,353,272,3665,paper
329,354,269,3648,paper
346,344,256,3662,paper
323,343,275,3665,paper
336,338,294,3654,paper
338,336,279,3635,paper
333,281,296,3662,paper
341,334,276,3659,paper
340,340,274,3668,paper
341,341,270,3652,paper
350,332,273,3661,paper
335,336,272,3671,paper
341,332,276,3656,paper
340,331,264,3651,paper
344,328,272,3676,paper
348,332,264,3663,paper
340,318,259,3662,paper
340,321,262,3649,paper
337,316,258,3658,paper
335,321,251,3667,paper
336,312,272,3662,paper
338,310,272,3636,paper
323,307,269,3636,paper
340,298,264,3658,paper
318,299,270,3664,paper
341,294,267,3642,paper
327,291,270,3659,paper
329,280,268,3673,paper
331,284,267,3655,paper
331,280,264,3663,paper
333,291,256,3727,paper
344,275,258,3666,paper
337,261,256,3658,paper
331,264,258,3657,paper
335,279,233,3662,paper
333,288,256,3664,paper
350,272,243,3659,paper
332,317,259,3640,paper
335,340,224,3678,paper
338,336,169,3656,paper
329,331,244,3672,paper
329,348,239,3605,paper
334,352,248,3655,paper
335,355,250,3651,paper
332,364,247,3657,paper
390,351,259,3761,paper
328,336,272,3655,paper
328,321,269,3673,paper
343,334,198,3667,paper
328,340,268,3662,paper
336,275,266,3662,paper
335,325,272,3644,paper
377,329,272,3661,paper
332,312,280,3657,paper
315,311,302,3643,paper
334,308,300,3669,paper
333,309,292,3727,paper
338,320,273,3659,paper
336,298,301,3662,paper
369,280,325,3667,paper
337,314,329,3655,paper
343,316,313,3618,paper
337,319,312,3661,paper
347,300,312,3659,paper
321,314,320,3640,paper
340,305,314,3661,paper
334,299,343,3650,paper
336,301,308,3660,paper
381,311,306,3756,paper
338,297,305,3661,paper
347,300,283,3661,paper
329,293,319,3663,paper
334,319,294,3663,paper
334,310,301,3660,paper
268,308,298,3655,paper
342,325,285,3675,paper
336,307,307,3652,paper
332,344,282,3674,paper
346,345,295,3647,paper
342,301,296,3658,paper
323,316,303,3646,paper
301,335,286,3655,paper
358,334,294,3689,paper
338,327,290,3629,paper
342,325,297,3636,paper
337,323,274,3662,paper
345,298,284,3663,paper
334,311,277,3665,paper
350,310,273,3662,paper
330,309,261,3663,paper
333,300,258,3660,paper
331,322,281,3664,paper
339,286,293,3649,paper
352,296,372,3659,paper
347,282,275,3677,paper
330,268,270,3664,paper
328,288,272,3660,paper
321,296,277,3660,paper
354,327,274,3677,paper
336,311,300,3661,paper
323,324,289,3671,paper
329,304,310,3636,paper
353,305,188,3663,paper
343,296,295,3660,paper
301,313,310,3629,paper
338,345,275,3660,paper
321,352,287,3665,paper
349,347,175,3663,paper
336,264,298,3659,paper
332,338,266,3651,paper
340,323,289,3674,paper
335,272,292,3662,paper
332,327,291,3644,paper
337,320,287,3638,paper
330,298,278,3666,paper
337,306,272,3693,paper
337,321,273,3663,paper
332,329,272,3664,paper
320,328,261,3661,paper
337,326,264,3673,paper
316,323,164,3663,paper
333,328,241,3678,paper
326,331,154,3658,paper
331,324,281,3666,paper
333,328,264,3660,paper
351,330,279,3687,paper
345,336,279,3661,paper
334,313,299,3661,paper
329,269,265,3664,paper
333,309,276,3616,paper
330,312,250,3676,paper
334,307,267,3673,paper
329,300,265,3669,paper
320,299,256,3661,paper
339,292,256,3651,paper
336,305,249,3637,paper
339,325,258,3660,paper
330,327,248,3673,paper
326,289,257,3653,paper
320,302,272,3666,paper
332,293,272,3663,paper
324,316,251,3669,paper
333,297,170,3667,paper
332,321,256,3639,paper
333,326,269,3662,paper
328,326,257,3661,paper
320,332,257,3659,paper
331,325,260,3674,paper
328,325,245,3661,paper
340,317,300,3647,paper
327,302,269,3662,paper
324,312,254,3665,paper
331,309,251,3661,paper
328,289,252,3661,paper
327,307,226,3661,paper
330,298,259,3657,paper
315,294,241,3660,paper
322,300,246,3628,paper
311,289,248,3572,paper
311,279,272,3663,paper
330,296,256,3654,paper
330,267,260,3683,paper
342,282,251,3661,paper
330,297,256,3663,paper
290,293,270,3645,paper
336,276,248,3655,paper
218,297,247,3666,paper
331,308,252,3597,paper
326,291,279,3653,paper
321,288,264,3659,paper
243,290,247,3674,paper
327,274,244,3672,paper
319,292,249,3660,paper
338,279,142,3659,paper
330,276,254,3660,paper
324,228,260,3671,paper
304,279,257,3660,paper
347,267,246,3661,paper
330,300,249,3631,paper
331,291,246,3657,paper
307,310,236,3659,paper
329,302,258,3654,paper
336,309,222,3670,paper
329,306,176,3664,paper
328,305,235,3662,paper
327,309,235,3661,paper
348,315,232,3662,paper
321,308,256,3660,paper
324,329,243,3639,paper
307,329,271,3660,paper
343,314,256,3663,paper
325,325,262,3654,paper
332,314,334,3649,paper
339,315,267,3664,paper
347,299,288,3659,paper
331,310,278,3659,paper
240,304,289,3658,paper
332,304,297,3661,paper
330,299,328,3658,paper
328,306,364,3641,paper
329,349,341,3662,paper
330,317,328,3666,paper
328,303,352,3659,paper
331,298,373,3659,paper
320,310,393,3676,paper
330,300,406,3661,paper
336,308,391,3663,paper
328,303,408,3660,paper
333,290,406,3661,paper
331,287,402,3659,paper
335,290,396,3665,paper
331,283,388,3715,paper
332,299,385,3657,paper
333,294,397,3653,paper
325,304,380,3656,paper
342,286,397,3653,paper
334,311,372,3656,paper
354,307,365,3661,paper
341,307,362,3687,paper
334,308,369,3652,paper
331,316,376,3653,paper
341,309,372,3658,paper
320,314,411,3661,paper
344,323,361,3661,paper
319,314,386,3661,paper
330,317,356,3658,paper
447,318,359,3668,paper
324,294,365,3659,paper
334,312,357,3653,paper
336,310,361,3664,paper
396,302,361,3644,paper
330,286,356,3733,paper
330,293,350,3661,paper
374,294,351,3674,paper
327,281,352,3636,paper
330,285,352,3658,paper
312,281,348,3651,paper
332,278,338,3687,paper
329,276,273,3649,paper
337,274,344,3661,paper
219,269,350,3674,paper
338,265,362,3650,paper
318,261,394,3635,paper
329,273,386,3652,paper
417,256,384,3663,paper
322,254,389,3664,paper
336,252,374,3669,paper
325,253,442,3660,paper
337,250,371,3667,paper
330,267,368,3659,paper
231,262,365,3630,paper
321,260,362,3651,paper
335,253,368,3679,paper
331,268,369,3640,paper
329,258,380,3660,paper
326,260,389,3648,paper
324,243,401,3638,paper
334,334,388,3660,paper
335,252,386,3656,paper
327,264,359,3661,paper
330,257,377,3653,paper
337,246,369,3629,paper
333,237,378,3660,paper
331,231,374,3667,paper
338,238,366,3663,paper
332,239,368,3657,paper
332,239,363,3657,paper
330,241,365,3651,paper
333,237,361,3657,paper
330,216,368,3659,paper
339,227,382,3650,paper
330,227,350,3663,paper
331,319,353,3662,paper
336,236,352,3659,paper
327,234,341,3664,paper
330,224,345,3661,paper
326,224,342,3663,paper
337,228,352,3668,paper
330,230,336,3653,paper
336,229,328,3652,paper
331,220,325,3663,paper
331,222,332,3658,paper
335,225,330,3661,paper
331,218,330,3659,paper
335,218,330,3655,paper
326,210,341,3659,paper
340,212,337,3655,paper
332,228,342,3660,paper
344,205,334,3660,paper
332,208,349,3655,paper
331,195,360,3658,paper
335,207,344,3639,paper
342,220,344,3661,paper
335,234,356,3652,paper
329,253,334,3665,paper
332,267,353,3662,paper
333,259,324,3665,paper
331,262,338,3655,paper
333,264,333,3616,paper
336,281,393,3662,paper
331,274,328,3659,paper
329,270,329,3676,paper
339,281,338,3673,paper
323,266,312,3660,paper
333,258,296,3661,paper
328,262,312,3664,paper
304,264,315,3662,paper
327,261,309,3659,paper
328,247,303,3664,paper
335,247,318,3662,paper
328,242,300,3640,paper
330,236,280,3666,paper
328,250,293,3661,paper
373,249,283,3700,paper
328,243,290,3665,paper
328,232,293,3659,paper
343,227,286,3760,paper
327,220,282,3657,paper
327,224,283,3666,paper
332,236,278,3661,paper
393,218,275,3541,paper
328,220,281,3654,paper
330,201,276,3646,paper
330,215,265,3664,paper
330,213,242,3670,paper
323,210,228,3646,paper
320,204,261,3658,paper
331,135,277,3669,paper
328,205,257,3661,paper
344,198,262,3659,paper
322,204,263,3654,paper
331,201,256,3659,paper
341,203,241,3664,paper
329,199,251,3661,paper
312,195,264,3648,paper
314,193,251,3669,paper
333,214,243,3656,paper
329,193,262,3653,paper
335,195,266,3653,paper
336,205,269,3654,paper
332,194,272,3664,paper
331,198,302,3661,paper
325,197,300,3679,paper
331,199,309,3661,paper
328,192,305,3659,paper
333,188,307,3663,paper
332,205,310,3668,paper
331,192,299,3643,paper
329,169,304,3651,paper
330,230,293,3661,paper
329,187,293,3654,paper
269,198,285,3658,paper
388,173,291,3539,paper
323,180,279,3653,paper
331,180,305,3652,paper
328,176,282,3664,paper
332,175,310,3658,paper
307,194,293,3662,paper
326,172,299,3638,paper
344,166,264,3677,paper
329,173,282,3660,paper
331,182,288,3681,paper
331,200,285,3644,paper
331,184,286,3661,paper
329,180,285,3662,paper
334,179,285,3559,paper
340,197,275,3651,paper
330,186,274,3655,paper
333,216,270,3673,paper
334,210,283,3652,paper
332,225,270,3658,paper
334,244,274,3657,paper
337,228,272,3664,paper
333,310,288,3662,paper
337,229,280,3661,paper
327,232,275,3638,paper
335,224,276,3659,paper
319,224,267,3665,paper
338,224,274,3659,paper
330,246,283,3606,paper
347,231,276,3660,paper
338,236,275,3662,paper
326,234,267,3653,paper
340,229,265,3661,paper
312,227,277,3669,paper
337,261,279,3638,paper
338,266,270,3661,paper
336,285,262,3644,paper
337,266,266,3659,paper
316,274,253,3642,paper
339,272,254,3652,paper
346,270,316,3660,paper
336,274,246,3659,paper
344,264,254,3660,paper
339,251,257,3642,paper
335,257,262,3662,paper
337,253,274,3657,paper
337,249,266,3671,paper
336,209,257,3652,paper
336,247,263,3661,paper
333,248,291,3662,paper
329,249,301,3653,paper
313,243,287,3660,paper
336,239,228,3652,paper
336,231,270,3661,paper
334,223,298,3653,paper
336,229,345,3653,paper
317,227,267,3661,paper
332,229,260,3673,paper
332,237,268,3673,paper
338,243,257,3659,paper
333,259,260,3677,paper
327,241,265,3669,paper
330,232,264,3800,paper
336,228,265,3658,paper
344,236,258,3667,paper
238,238,265,3673,paper
336,239,244,3665,paper
313,239,263,3637,paper
350,231,238,3674,paper
339,243,264,3665,paper
355,261,178,3660,paper
337,284,264,3649,paper
332,272,260,3660,paper
330,267,262,3658,paper
346,267,249,3670,paper
339,287,263,3650,paper
340,270,248,3658,paper
339,275,256,3659,paper
327,270,254,3651,paper
332,282,244,3660,paper
336,196,256,3654,paper
335,269,247,3662,paper
325,252,279,3666,paper
314,259,278,3660,paper
346,262,278,3661,paper
336,261,354,3674,paper
320,264,341,3661,paper
337,276,278,3654,paper
335,249,273,3723,paper
342,276,288,3681,paper
350,276,280,3659,paper
393,290,277,3644,paper
333,272,252,3661,paper
345,264,271,3661,paper
322,266,267,3701,paper
334,358,251,3657,paper
347,266,257,3681,paper
335,254,264,3661,paper
334,278,258,3557,paper
333,266,264,3659,paper
348,273,361,3659,paper
352,269,262,3663,paper
319,270,273,3657,paper
330,271,318,3647,paper
348,272,341,3657,paper
255,276,260,3658,paper
336,269,278,3657,paper
326,281,272,3662,paper
334,280,286,3667,paper
313,284,280,3659,paper
332,261,300,3652,paper
332,284,277,3662,paper
330,281,299,3758,paper
336,265,295,3655,paper
347,261,292,3661,paper
332,259,284,3661,paper
329,240,296,3632,paper
332,251,282,3674,paper
324,263,284,3662,paper
348,264,288,3658,paper
339,285,306,3654,paper
334,213,287,3661,paper
239,288,274,3658,paper
334,310,252,3662,paper
331,386,252,3655,paper
333,292,269,3712,paper
335,300,242,3665,paper
232,302,265,3642,paper
334,297,262,3660,paper
335,306,266,3677,paper
326,311,367,3653,paper
336,280,268,3664,paper
332,301,269,3727,paper
342,300,268,3653,paper
330,413,265,3666,paper
252,306,253,3662,paper
327,291,261,3657,paper
327,273,258,3671,paper
335,296,272,3662,paper
317,317,248,3649,paper
328,289,256,3660,paper
317,286,252,3657,paper
334,274,261,3643,paper
332,280,249,3675,paper
344,268,234,3689,paper
318,290,247,3658,paper
379,272,252,3741,paper
332,270,243,3671,paper
328,256,244,3659,paper
329,276,244,3546,paper
342,256,241,3662,paper
335,256,239,3661,paper
330,234,240,3661,paper
336,257,248,3661,paper
323,284,235,3668,paper
304,285,240,3657,paper
354,277,231,3663,paper
334,276,229,3661,paper
330,272,226,3637,paper
326,272,239,3649,paper
365,270,231,3660,paper
332,238,231,3663,paper
331,263,221,3660,paper
334,263,235,3651,paper
345,271,297,3658,paper
342,272,231,3650,paper
332,286,204,3669,paper
314,272,224,3661,paper
333,260,225,3662,paper
345,276,235,3641,paper
335,281,208,3663,paper
332,315,228,3662,paper
341,275,236,3671,paper
331,276,239,3651,paper
331,266,238,3657,paper
347,236,243,3659,paper
340,280,242,3676,paper
304,285,240,3664,paper
317,289,142,3660,paper
334,300,225,3674,paper
332,307,256,3657,paper
340,318,236,3659,paper
327,327,229,3662,paper
333,338,220,3674,paper
334,312,227,3661,paper
335,305,308,3660,paper
333,305,241,3662,paper
326,302,291,3649,paper
330,316,251,3663,paper
328,310,250,3660,paper
331,311,247,3660,paper
324,313,246,3659,paper
332,304,257,3660,paper
325,313,263,3656,paper
328,299,351,3666,paper
331,319,268,3660,paper
334,292,269,3650,paper
329,292,270,3672,paper
330,202,268,3660,paper
295,292,270,3658,paper
333,287,282,3661,paper
336,282,239,3657,paper
317,282,328,3660,paper
333,278,252,3665,paper
330,281,258,3668,paper
332,264,264,3662,paper
331,262,270,3662,paper
329,266,264,3659,paper
336,293,250,3667,paper
328,262,241,3653,paper
334,270,260,3643,paper
333,280,268,3658,paper
336,204,264,3660,paper
332,293,263,3669,paper
332,293,261,3655,paper
333,299,256,3663,paper
325,302,258,3671,paper
321,325,256,3653,paper
334,323,244,3671,paper
326,358,253,3655,paper
334,382,243,3658,paper
340,286,245,3660,paper
349,355,241,3661,paper
284,344,238,3560,paper
333,381,241,3659,paper
340,388,235,3651,paper
343,381,238,3678,paper
337,402,235,3659,paper
343,354,232,3660,paper
335,388,238,3667,paper
336,388,239,3660,paper
337,431,245,3659,paper
330,380,250,3646,paper
352,400,248,3636,paper
343,388,225,3669,paper
342,432,247,3658,paper
342,388,239,3659,paper
343,397,246,3659,paper
326,414,248,3658,paper
341,400,258,3660,paper
359,440,272,3649,paper
341,471,246,3649,paper
346,496,249,3664,paper
342,519,258,3671,paper
342,547,272,3661,paper
336,525,284,3657,paper
342,576,258,3663,paper
350,583,224,3660,paper
342,571,276,3660,paper
334,576,276,3663,paper
340,554,270,3673,paper
343,560,270,3665,paper
332,550,264,3660,paper
336,540,261,3661,paper
416,518,262,3663,paper
336,519,261,3665,paper
324,513,260,3656,paper
339,517,247,3658,paper
338,503,239,3659,paper
337,482,256,3657,paper
336,504,260,3664,paper
341,487,260,3639,paper
342,482,266,3663,paper
337,473,283,3664,paper
338,474,281,3655,paper
336,475,260,3565,paper
338,454,254,3649,paper
336,447,257,3661,paper
336,472,270,3638,paper
340,535,257,3659,paper
336,454,256,3661,paper
338,450,256,3660,paper
294,471,258,3664,paper
338,473,254,3661,paper
335,470,258,3664,paper
338,439,272,3660,paper
334,447,282,3660,paper
342,447,286,3669,paper
336,443,306,3663,paper
331,436,359,3649,paper
338,438,304,3690,paper
335,431,294,3663,paper
339,441,296,3676,paper
339,443,297,3663,paper
339,444,312,3659,paper
338,431,324,3636,paper
335,430,328,3677,paper
343,430,319,3657,paper
337,464,321,3657,paper
339,429,326,3644,paper
334,427,298,3661,paper
337,411,319,3659,paper
332,402,305,3663,paper
335,423,306,3653,paper
333,414,310,3658,paper
342,417,298,3660,paper
335,418,300,3659,paper
334,428,352,3659,paper
336,424,306,3662,paper
335,421,292,3665,paper
335,421,308,3664,paper
330,418,302,3673,paper
334,413,299,3660,paper
332,407,305,3657,paper
337,398,293,3721,paper
335,427,288,3663,paper
335,409,276,3657,paper
334,404,312,3671,paper
332,407,307,3663,paper
339,419,282,3690,paper
341,416,257,3664,paper
313,411,295,3658,paper
330,422,281,3658,paper
332,436,277,3654,paper
336,455,289,3682,paper
348,480,276,3662,paper
329,481,267,3673,paper
332,491,267,3664,paper
347,500,273,3675,paper
330,500,289,3659,paper
333,498,280,3652,paper
333,491,258,3664,paper
352,457,270,3663,paper
323,470,272,3641,paper
330,472,271,3663,paper
337,506,269,3659,paper
390,457,285,3667,paper
327,455,282,3655,paper
321,456,279,3659,paper
323,468,268,3667,paper
349,439,281,3672,paper
334,476,279,3659,paper
332,447,274,3660,paper
346,459,284,3652,paper
334,478,297,3662,paper
327,469,288,3657,paper
339,444,285,3648,paper
334,458,283,3689,paper
344,452,286,3667,paper
330,449,290,3668,paper
332,450,275,3659,paper
318,447,280,3640,paper
347,446,283,3664,paper
340,427,286,3661,paper
326,439,280,3659,paper
334,430,282,3663,paper
333,424,285,3662,paper
329,421,278,3662,paper
337,418,274,3659,paper
342,412,278,3648,paper
342,413,272,3681,paper
337,409,264,3663,paper
348,384,292,3659,paper
336,406,270,3660,paper
350,390,277,3659,paper
343,393,266,3665,paper
338,389,265,3643,paper
340,416,281,3670,paper
332,428,267,3659,paper
337,435,272,3644,paper
340,421,272,3665,paper
347,422,244,3663,paper
335,407,267,3674,paper
336,394,272,3663,paper
323,403,248,3639,paper
339,378,266,3664,paper
328,389,260,3662,paper
339,392,268,3651,paper
347,375,252,3663,paper
338,381,249,3659,paper
338,377,264,3662,paper
330,364,292,3653,paper
340,362,249,3659,paper
336,362,244,3660,paper
338,357,246,3652,paper
342,357,243,3661,paper
337,353,239,3659,paper
335,341,235,3663,paper
335,346,227,3661,paper
335,308,234,3664,paper
321,338,209,3672,paper
338,342,238,3656,paper
331,325,247,3661,paper
336,321,247,3659,paper
333,323,271,3659,paper
334,322,227,3653,paper
347,316,264,3664,paper
336,312,251,3646,paper
330,333,265,3640,paper
340,325,238,3658,paper
323,340,271,3656,paper
332,335,274,3662,paper
310,334,278,3663,paper
321,329,271,3674,paper
350,322,288,3653,paper
334,325,286,3661,paper
390,330,280,3747,paper
328,318,275,3656,paper
339,310,274,3662,paper
322,290,277,3620,paper
332,317,261,3648,paper
334,301,246,3666,paper
341,306,272,3663,paper
329,307,288,3655,paper
325,304,276,3667,paper
347,298,257,3659,paper
328,289,253,3677,paper
312,285,260,3651,paper
331,295,167,3665,paper
327,286,259,3660,paper
335,263,263,3669,paper
333,279,270,3662,paper
332,284,266,3661,paper
331,292,270,3665,paper
331,289,276,3661,paper
328,291,274,3658,paper
331,291,264,3592,paper
343,305,267,3669,paper
331,327,270,3664,paper
331,315,272,3639,paper
332,336,230,3649,paper
338,342,285,3659,paper
335,342,277,3677,paper
331,317,292,3666,paper
341,337,252,3647,paper
332,327,284,3612,paper
337,330,285,3650,paper
325,328,267,3661,paper
319,329,267,3659,paper
340,313,279,3664,paper
335,314,263,3660,paper
327,314,251,3650,paper
331,308,271,3660,paper
329,315,291,3655,paper
336,302,345,3678,paper
333,299,272,3672,paper
331,308,263,3657,paper
290,291,260,3548,paper
331,311,259,3665,paper
337,295,258,3596,paper
333,299,262,3661,paper
327,293,253,3660,paper
333,278,257,3780,paper
333,286,257,3660,paper
335,290,258,3675,paper
335,304,242,3667,paper
337,284,268,3767,paper
343,336,275,3652,paper
340,321,199,3676,paper
345,322,269,3623,paper
329,309,263,3639,paper
348,303,317,3670,paper
327,310,261,3629,paper
336,308,245,3677,paper
333,299,265,3655,paper
337,295,297,3654,paper
381,304,260,3761,paper
334,281,256,3658,paper
334,288,251,3662,paper
330,280,172,3660,paper
310,278,268,3662,paper
338,274,271,3679,paper
335,273,264,3661,paper
335,268,277,3655,paper
377,270,260,3676,paper
348,262,249,3677,paper
347,263,235,3659,paper
321,260,141,3658,paper
332,261,247,3664,paper
333,270,257,3664,paper
343,267,258,3666,paper
401,270,252,3656,paper
320,272,242,3671,paper
338,171,243,3660,paper
333,256,267,3665,paper
221,259,250,3654,paper
347,247,248,3653,paper
343,262,221,3660,paper
338,257,249,3659,paper
335,239,257,3674,paper
317,256,263,3658,paper
332,262,256,3658,paper
333,260,284,3649,paper
331,271,282,3662,paper
335,260,283,3660,paper
337,274,283,3661,paper
331,272,235,3646,paper
343,252,317,3658,paper
333,282,291,3660,paper
346,281,300,3655,paper
361,285,314,3662,paper
337,292,295,3661,paper
331,416,295,3662,paper
334,302,313,3654,paper
329,303,292,3658,paper
318,299,300,3659,paper
337,304,288,3659,paper
328,320,265,3664,paper
335,311,286,3661,paper
330,321,293,3661,paper
336,310,287,3661,paper
377,299,293,3678,paper
336,280,286,3774,paper
349,294,292,3670,paper
338,286,267,3660,paper
334,299,270,3662,paper
333,312,285,3662,paper
337,312,277,3667,paper
316,345,399,3659,paper
356,355,296,3660,paper
322,418,298,3663,paper
335,415,293,3668,paper
338,427,310,3658,paper
298,450,285,3553,paper
339,474,286,3660,paper
341,469,274,3660,paper
336,468,278,3660,paper
358,446,280,3658,paper
316,458,274,3660,paper
335,436,281,3665,paper
337,426,276,3655,paper
336,424,314,3658,paper
350,339,303,3663,paper
332,408,321,3662,paper
342,410,323,3656,paper
339,412,308,3657,paper
336,389,319,3660,paper
339,396,315,3659,paper
330,396,326,3661,paper
337,355,301,3656,paper
337,393,321,3661,paper
313,381,302,3661,paper
335,373,313,3676,paper
333,374,298,3669,paper
335,354,298,3661,paper
336,369,282,3663,paper
336,367,300,3675,paper
279,363,299,3666,paper
333,355,298,3655,paper
336,354,296,3661,paper
422,347,298,3673,paper
335,347,288,3678,paper
334,330,292,3658,paper
336,336,346,3662,paper
335,330,290,3667,paper
350,331,208,3658,paper
332,324,301,3650,paper
332,292,298,3660,paper
329,317,302,3655,paper
335,312,291,3664,paper
342,333,296,3643,paper
350,315,271,3662,paper
339,331,285,3660,paper
334,309,310,3663,paper
314,329,284,3659,paper
345,368,285,3662,paper
333,360,280,3660,paper
332,364,278,3655,paper
324,375,275,3659,paper
330,394,282,3636,paper
327,384,275,3661,paper
294,373,296,3643,paper
328,374,272,3665,paper
229,370,282,3647,paper
323,373,278,3661,paper
342,350,293,3645,paper
327,349,277,3664,paper
349,353,276,3669,paper
340,359,279,3653,paper
331,341,252,3659,paper
335,343,294,3649,paper
331,343,277,3665,paper
343,326,273,3665,paper
331,336,281,3680,paper
332,338,285,3637,paper
331,328,272,3668,paper
327,328,269,3659,paper
334,324,267,3661,paper
331,323,262,3660,paper
333,316,239,3660,paper
330,319,271,3663,paper
339,337,267,3651,paper
331,368,280,3654,paper
335,382,257,3669,paper
341,379,263,3668,paper
331,375,258,3661,paper
333,299,253,3652,paper
391,366,257,3655,paper
353,367,257,3681,paper
310,362,261,3661,paper
348,353,252,3657,paper
337,352,256,3655,paper
334,347,256,3661,paper
344,349,245,3647,paper
339,352,246,3659,paper
335,367,245,3652,paper
327,361,243,3651,paper
336,356,247,3657,paper
335,336,243,3667,paper
334,350,246,3659,paper
324,356,242,3662,paper
335,311,249,3664,paper
334,346,251,3653,paper
331,339,248,3660,paper
336,340,258,3656,paper
334,338,256,3635,paper
332,335,248,3663,paper
331,330,253,3663,paper
333,309,256,3661,paper
333,327,243,3650,paper
332,321,241,3654,paper
355,284,257,3664,paper
334,312,257,3659,paper
336,310,268,3660,paper
337,316,249,3610,paper
322,304,308,3660,paper
331,302,240,3660,paper
331,314,272,3654,paper
332,342,227,3657,paper
353,330,229,3655,paper
334,323,238,3679,paper
324,328,239,3653,paper
336,326,205,3664,paper
334,328,248,3665,paper
341,332,204,3679,paper
373,327,267,3656,paper
345,324,257,3657,paper
338,323,256,3661,paper
333,344,256,3662,paper
359,350,256,3663,paper
339,346,248,3664,paper
343,344,257,3671,paper
348,341,243,3670,paper
332,344,249,3656,paper
313,345,246,3652,paper
336,329,238,3659,paper
336,337,242,3668,paper
333,335,247,3680,paper
336,333,234,3641,paper
331,312,236,3664,paper
335,331,242,3656,paper
325,337,233,3656,paper
336,347,230,3668,paper
340,349,236,3663,paper
333,346,250,3660,paper
340,344,229,3668,paper
340,323,244,3658,paper
334,334,220,3676,paper
313,331,243,3659,paper
331,328,226,3638,paper
354,341,222,3712,paper
341,324,228,3650,paper
354,324,218,3658,paper
340,313,244,3641,paper
336,318,236,3639,paper
351,307,236,3758,paper
347,307,242,3662,paper
321,301,226,3681,paper
335,308,238,3665,paper
336,298,234,3665,paper
332,300,229,3676,paper
310,300,230,3652,paper
337,305,233,3670,paper
349,340,232,3651,paper
338,349,252,3663,paper
335,355,247,3661,paper
356,350,253,3657,paper
338,343,335,3675,paper
335,342,263,3659,paper
337,358,269,3655,paper
326,368,295,3656,paper
335,357,353,3672,paper
331,354,299,3647,paper
334,380,320,3659,paper
339,421,317,3643,paper
347,406,316,3668,paper
345,425,321,3660,paper
333,402,336,3655,paper
353,404,337,3658,paper
337,386,332,3648,paper
327,414,337,3637,paper
330,407,433,3649,paper
338,408,342,3681,paper
352,416,332,3660,paper
349,403,325,3651,paper
336,405,394,3641,paper
337,406,314,3710,paper
338,393,322,3660,paper
335,386,318,3657,paper
350,386,239,3660,paper
335,375,325,3654,paper
333,371,308,3661,paper
331,375,322,3667,paper
336,361,306,3658,paper
335,364,308,3661,paper
331,354,307,3663,paper
330,357,306,3661,paper
310,357,289,3659,paper
338,350,259,3654,paper
332,332,299,3673,paper
333,341,296,3659,paper
332,356,300,3602,paper
341,362,295,3644,paper
348,332,298,3645,paper
329,346,295,3683,paper
344,355,281,3672,paper
343,348,289,3650,paper
350,317,286,3661,paper
335,336,293,3663,paper
321,341,286,3647,paper
335,356,290,3647,paper
334,338,267,3668,paper
357,338,293,3687,paper
312,352,277,3592,paper
338,377,262,3661,paper
290,375,272,3665,paper
355,358,268,3662,paper
318,370,270,3645,paper
337,354,275,3652,paper
336,351,244,3661,paper
336,341,260,3750,paper
326,363,259,3641,paper
332,334,256,3680,paper
337,336,270,3662,paper
341,341,260,3683,paper
338,329,266,3678,paper
322,332,275,3659,paper
357,338,270,3686,paper
317,353,297,3663,paper
349,367,281,3659,paper
335,364,261,3663,paper
257,372,256,3663,paper
340,360,268,3662,paper
336,354,234,3674,paper
332,354,256,3648,paper
327,337,263,3682,paper
337,349,246,3640,paper
349,342,256,3659,paper
342,349,232,3667,paper
238,334,250,3643,paper
335,274,247,3662,paper
330,326,243,3656,paper
379,332,246,3661,paper
335,321,240,3712,paper
341,302,244,3660,paper
334,310,245,3659,paper
353,270,254,3662,paper
336,318,246,3672,paper
334,297,253,3613,paper
331,312,243,3655,paper
331,322,244,3671,paper
344,324,249,3665,paper
335,317,242,3659,paper
320,304,241,3662,paper
329,328,238,3641,paper
314,330,238,3662,paper
330,346,247,3662,paper
333,347,229,3640,paper
322,340,265,3661,paper
336,347,238,3654,paper
328,354,253,3662,paper
336,352,254,3665,paper
341,349,266,3663,paper
342,324,256,3704,paper
247,336,260,3671,paper
320,330,258,3661,paper
338,331,252,3662,paper
333,326,250,3663,paper
328,329,262,3652,paper
338,331,243,3655,paper
340,252,235,3657,paper
331,310,251,3661,paper
333,311,247,3770,paper
320,322,320,3662,paper
333,312,264,3659,paper
324,321,270,3652,paper
331,308,252,3658,paper
322,307,268,3655,paper
345,297,280,3660,paper
327,309,264,3674,paper
328,298,287,3657,paper
320,312,274,3661,paper
331,295,284,3664,paper
334,298,282,3642,paper
318,320,281,3652,paper
328,309,274,3663,paper
328,323,268,3663,paper
330,326,259,3668,paper
334,312,295,3641,paper
332,311,291,3661,paper
354,323,308,3672,paper
342,322,265,3662,paper
311,318,354,3658,paper
328,308,315,3637,paper
330,319,311,3653,paper
241,310,306,3547,paper
316,320,312,3662,paper
333,327,301,3661,paper
332,340,291,3670,paper
334,317,308,3652,paper
345,315,301,3676,paper
333,326,314,3657,paper
336,308,317,3660,paper
330,302,310,3662,paper
328,307,321,3643,paper
274,288,307,3534,paper
350,293,311,3657,paper
317,308,314,3661,paper
334,321,310,3659,paper
317,329,301,3669,paper
337,304,304,3661,paper
328,329,309,3660,paper
326,345,300,3662,paper
332,363,291,3659,paper
333,336,314,3656,paper
318,351,392,3658,paper
318,348,308,3661,paper
338,348,296,3666,paper
333,344,289,3663,paper
312,347,291,3668,paper
325,337,292,3652,paper
331,338,282,3663,paper
332,331,308,3661,paper
320,340,288,3654,paper
358,340,301,3660,paper
342,348,273,3678,paper
402,359,274,3677,paper
332,248,292,3662,paper
329,338,293,3660,paper
357,334,304,3661,paper
353,331,287,3671,paper
330,327,284,3660,paper
333,324,292,3661,paper
351,309,298,3664,paper
331,320,303,3661,paper
348,312,299,3649,paper
337,333,290,3664,paper
329,304,297,3662,paper
333,305,292,3661,paper
330,297,297,3657,paper
331,299,269,3658,paper
326,332,294,3660,paper
331,313,305,3691,paper
323,318,298,3664,paper
331,324,266,3663,paper
333,346,292,3662,paper
328,337,278,3665,paper
328,422,293,3661,paper
317,349,362,3658,paper
326,357,298,3652,paper
330,341,321,3663,paper
349,349,307,3661,paper
326,326,308,3665,paper
329,323,304,3660,paper
335,346,289,3665,paper
326,351,292,3661,paper
331,341,294,3663,paper
328,331,300,3679,paper
331,332,311,3649,paper
330,325,306,3660,paper
333,317,290,3656,paper
329,316,289,3661,paper
317,310,237,3655,paper
330,312,277,3661,paper
332,305,276,3650,paper
338,302,276,3661,paper
344,300,200,3659,paper
330,293,278,3635,paper
330,292,270,3661,paper
323,291,268,3662,paper
328,286,273,3662,paper
330,289,270,3661,paper
342,263,270,3661,paper
329,356,280,3661,paper
330,304,302,3659,paper
347,300,294,3660,paper
320,325,338,3652,paper
329,322,269,3670,paper
332,321,290,3661,paper
309,328,284,3664,paper
241,323,285,3657,paper
330,322,277,3663,paper
334,317,281,3660,paper
333,380,296,3653,paper
331,308,290,3647,paper
334,307,305,3653,paper
315,296,328,3659,paper
331,298,314,3665,paper
328,308,301,3659,paper
338,291,304,3672,paper
328,290,299,3663,paper
327,284,280,3660,paper
339,284,290,3665,paper
327,283,313,3657,paper
328,283,309,3647,paper
321,277,301,3662,paper
324,286,316,3639,paper
329,275,310,3660,paper
317,275,308,3652,paper
324,272,303,3662,paper
329,269,290,3655,paper
330,268,294,3670,paper
315,262,300,3655,paper
330,251,304,3662,paper
332,276,282,3663,paper
321,242,302,3642,paper
326,259,286,3661,paper
329,329,281,3659,paper
330,285,288,3660,paper
357,290,295,3673,paper
322,333,295,3658,paper
320,336,289,3653,paper
330,345,287,3660,paper
323,336,290,3672,paper
331,334,289,3655,paper
331,433,288,3661,paper
325,354,266,3661,paper
329,347,292,3660,paper
328,338,289,3659,paper
330,341,282,3661,paper
331,335,279,3670,paper
332,298,288,3675,paper
313,326,295,3659,paper
332,331,285,3658,paper
340,334,281,3665,paper
335,329,282,3660,paper
323,332,276,3637,paper
329,338,280,3663,paper
342,340,270,3677,paper
320,338,272,3658,paper
329,328,275,3659,paper
328,328,269,3665,paper
323,316,269,3660,paper
328,317,271,3669,paper
315,310,268,3667,paper
338,307,275,3651,paper
328,306,241,3662,paper
335,309,266,3668,paper
327,308,260,3643,paper
327,319,275,3623,paper
347,330,259,3682,paper
334,333,259,3639,paper
326,324,252,3673,paper
335,337,269,3656,paper
349,350,272,3660,paper
329,345,267,3676,paper
331,337,284,3656,paper
325,321,267,3659,paper
331,335,269,3663,paper
322,327,279,3670,paper
336,336,280,3659,paper
331,317,300,3647,paper
329,322,264,3660,paper
325,377,295,3665,paper
329,343,283,3659,paper
335,335,369,3676,paper
352,334,294,3671,paper
333,326,291,3659,paper
330,339,292,3668,paper
322,334,283,3654,paper
329,320,288,3668,paper
341,317,276,3650,paper
322,315,267,3664,paper
339,309,273,3670,paper
345,310,360,3660,paper
332,304,264,3660,paper
331,283,269,3661,paper
328,294,246,3654,paper
318,283,282,3661,paper
322,285,282,3653,paper
330,287,258,3659,paper
332,286,248,3660,paper
328,280,239,3666,paper
330,271,259,3658,paper
330,280,254,3654,paper
332,274,253,3661,paper
342,263,258,3661,paper
328,269,248,3660,paper
321,266,240,3688,paper
329,258,243,3647,paper
332,264,231,3670,paper
330,240,242,3647,paper
332,257,238,3651,paper
367,252,232,3573,paper
329,258,233,3660,paper
323,245,254,3659,paper
332,254,235,3659,paper
307,260,229,3640,paper
328,254,222,3657,paper
303,270,222,3656,paper
331,275,223,3663,paper
312,279,223,3655,paper
315,275,230,3656,paper
330,276,220,3646,paper
327,266,251,3648,paper
327,270,230,3649,paper
307,279,251,3663,paper
332,259,280,3677,paper
335,260,254,3673,paper
328,258,248,3661,paper
303,256,253,3665,paper
326,249,249,3662,paper
327,256,251,3663,paper
338,264,228,3664,paper
321,261,250,3650,paper
327,261,256,3663,paper
328,245,254,3636,paper
333,245,247,3655,paper
319,246,253,3655,paper
329,232,246,3776,paper
327,245,256,3663,paper
331,244,256,3632,paper
340,241,256,3669,paper
318,234,256,3656,paper
329,244,262,3662,paper
342,236,244,3658,paper
325,291,286,3663,paper
325,293,308,3663,paper
329,235,354,3662,paper
329,212,320,3674,paper
328,240,256,3675,paper
337,259,326,3675,paper
327,258,316,3653,paper
320,269,322,3644,paper
329,272,318,3799,paper
329,290,334,3659,paper
332,312,325,3667,paper
334,295,338,3652,paper
332,299,335,3658,paper
331,302,326,3654,paper
326,284,322,3663,paper
333,290,304,3659,paper
308,288,327,3663,paper
307,290,328,3660,paper
322,292,324,3644,paper
388,291,316,3660,paper
328,267,318,3663,paper
328,267,313,3671,paper
323,268,310,3653,paper
327,266,317,3659,paper
324,278,333,3657,paper
322,240,328,3667,paper
311,271,314,3669,paper
326,254,313,3677,paper
337,248,325,3675,paper
320,250,220,3659,paper
387,247,313,3651,paper
342,245,307,3676,paper
324,244,302,3677,paper
329,264,322,3659,paper
329,268,316,3659,paper
344,268,313,3668,paper
285,264,299,3610,paper
342,275,296,3658,paper
329,268,273,3660,paper
329,262,312,3662,paper
332,260,287,3667,paper
326,275,288,3661,paper
331,270,284,3658,paper
324,277,269,3656,paper
334,277,304,3658,paper
328,289,282,3639,paper
320,282,281,3670,paper
330,276,258,3661,paper
340,272,272,3660,paper
331,278,262,3675,paper
328,277,269,3650,paper
329,273,260,3663,paper
328,256,269,3615,paper
329,256,240,3658,paper
329,254,260,3661,paper
329,252,251,3666,paper
335,251,256,3669,paper
330,257,270,3646,paper
330,245,245,3658,paper
330,241,250,3662,paper
311,236,306,3658,paper
333,222,273,3649,paper
333,232,263,3658,paper
323,232,264,3654,paper
330,232,254,3660,paper
333,168,261,3660,paper
319,228,248,3661,paper
328,226,252,3661,paper
322,219,257,3665,paper
331,230,251,3659,paper
328,247,253,3665,paper
326,290,238,3669,paper
332,250,254,3662,paper
320,256,252,3648,paper
328,258,256,3767,paper
342,296,242,3671,paper
324,256,258,3660,paper
339,234,268,3645,paper
324,224,259,3681,paper
327,297,258,3663,paper
339,244,245,3656,paper
315,256,235,3661,paper
330,244,238,3647,paper
342,236,251,3659,paper
325,231,219,3681,paper
328,291,256,3673,paper
321,229,244,3661,paper
334,244,243,3665,paper
328,225,258,3663,paper
312,209,249,3633,paper
334,225,248,3661,paper
338,213,254,3664,paper
347,211,247,3661,paper
352,210,260,3662,paper
329,212,265,3658,paper
339,205,294,3661,paper
340,192,295,3645,paper
308,211,302,3656,paper
325,234,289,3745,paper
326,241,295,3660,paper
334,237,288,3659,paper
326,250,297,3663,paper
341,256,298,3662,paper
321,264,298,3659,paper
326,260,295,3661,paper
323,266,291,3660,paper
328,260,294,3671,paper
316,257,418,3658,paper
326,256,273,3662,paper
326,255,294,3662,paper
329,251,306,3661,paper
345,250,202,3659,paper
331,250,296,3661,paper
330,248,307,3661,paper
332,252,306,3668,paper
327,250,280,3661,paper
322,251,290,3695,paper
342,248,173,3662,paper
331,249,289,3659,paper
331,245,289,3661,paper
329,244,283,3659,paper
329,248,275,3662,paper
328,247,266,3663,paper
331,248,274,3660,paper
338,240,272,3661,paper
311,239,240,3657,paper
334,244,270,3662,paper
322,257,265,3661,paper
333,273,264,3663,paper
346,279,266,3665,paper
328,270,264,3640,paper
332,291,258,3661,paper
328,281,272,3660,paper
328,284,280,3662,paper
321,285,275,3663,paper
326,302,296,3658,paper
327,319,270,3657,paper
329,330,270,3660,paper
330,317,282,3662,paper
346,314,262,3660,paper
259,315,263,3636,paper
340,315,344,3658,paper
330,308,265,3673,paper
355,305,256,3654,paper
332,313,269,3666,paper
327,221,265,3658,paper
337,305,268,3661,paper
340,305,260,3648,paper
341,309,259,3652,paper
340,310,257,3661,paper
328,303,232,3665,paper
316,285,268,3661,paper
327,272,244,3699,paper
331,319,249,3657,paper
294,281,247,3679,paper
351,279,233,3650,paper
328,274,237,3660,paper
334,273,241,3659,paper
336,270,244,3662,paper
327,247,257,3644,paper
329,264,258,3657,paper
318,259,245,3657,paper
332,259,257,3677,paper
332,237,246,3657,paper
334,236,249,3659,paper
321,246,242,3656,paper
350,246,252,3657,paper
334,237,258,3660,paper
339,241,271,3660,paper
352,246,251,3664,paper
338,239,243,3658,paper
335,231,253,3676,paper
337,234,245,3639,paper
332,237,231,3663,paper
332,227,249,3657,paper
341,240,247,3648,paper
334,229,240,3656,paper
338,227,241,3665,paper
333,225,240,3660,paper
334,231,246,3659,paper
335,270,247,3672,paper
418,259,248,3669,paper
332,339,254,3658,paper
328,269,253,3648,paper
334,281,256,3636,paper
314,298,266,3643,paper
342,298,256,3659,paper
356,299,262,3645,paper
340,351,244,3657,paper
338,308,247,3646,paper
338,290,253,3653,paper
328,293,252,3656,paper
329,282,246,3652,paper
302,288,248,3659,paper
338,284,265,3650,paper
361,253,245,3656,paper
337,291,261,3659,paper
338,307,236,3670,paper
334,292,251,3667,paper
355,298,233,3658,paper
249,321,247,3635,paper
322,318,271,3664,paper
337,332,258,3659,paper
335,313,262,3639,paper
326,326,254,3659,paper
294,306,285,3653,paper
336,302,276,3673,paper
338,303,288,3658,paper
338,299,297,3659,paper
352,288,323,3661,paper
334,285,314,3653,paper
338,285,331,3658,paper
332,294,317,3641,paper
336,294,322,3648,paper
356,313,335,3659,paper
340,307,333,3683,paper
337,318,325,3670,paper
339,305,333,3674,paper
359,295,345,3690,paper
336,289,330,3662,paper
340,295,329,3652,paper
337,312,315,3717,paper
348,293,330,3658,paper
402,289,306,3618,paper
337,292,294,3660,paper
336,290,291,3661,paper
324,286,310,3693,paper
345,285,308,3659,paper
336,275,305,3645,paper
341,274,303,3663,paper
330,292,288,3660,paper
322,284,292,3661,paper
325,289,290,3655,paper
338,279,209,3674,paper
334,282,283,3662,paper
333,257,285,3667,paper
331,284,283,3658,paper
334,266,280,3661,paper
321,266,280,3671,paper
332,244,286,3659,paper
344,314,275,3655,paper
337,284,281,3661,paper
331,279,281,3665,paper
332,280,282,3657,paper
318,278,274,3657,paper
337,270,290,3659,paper
338,268,303,3673,paper
330,264,328,3655,paper
324,265,322,3656,paper
356,258,316,3751,paper
334,254,322,3655,paper
335,256,332,3646,paper
332,339,340,3661,paper
335,276,333,3666,paper
336,266,338,3671,paper
328,290,334,3658,paper
345,285,326,3658,paper
344,288,323,3660,paper
331,297,330,3697,paper
350,267,333,3678,paper
330,276,322,3639,paper
347,279,274,3678,paper
338,284,299,3666,paper
335,276,307,3676,paper
333,269,315,3662,paper
337,278,311,3657,paper
334,278,309,3661,paper
340,274,305,3649,paper
338,292,306,3644,paper
333,272,291,3672,paper
328,262,299,3659,paper
334,256,310,3649,paper
342,277,295,3649,paper
333,268,286,3657,paper
336,256,289,3637,paper
332,254,285,3662,paper
342,251,280,3662,paper
339,245,283,3679,paper
352,248,285,3686,paper
334,259,270,3729,paper
331,251,271,3654,paper
331,246,276,3657,paper
332,242,275,3655,paper
315,254,252,3659,paper
335,261,257,3657,paper
337,211,286,3661,paper
334,230,291,3652,paper
314,234,280,3669,paper
335,233,284,3659,paper
344,233,277,3652,paper
330,250,265,3682,paper
336,242,272,3660,paper
346,248,273,3685,paper
344,252,196,3678,paper
339,253,277,3674,paper
338,251,272,3664,paper
332,261,268,3651,paper
229,267,270,3675,paper
339,273,269,3698,paper
340,278,245,3666,paper
341,276,272,3658,paper
333,260,278,3681,paper
338,274,256,3678,paper
348,284,277,3616,paper
319,304,279,3659,paper
341,293,272,3660,paper
320,292,269,3649,paper
332,291,272,3654,paper
392,304,284,3659,paper
318,288,291,3659,paper
330,290,274,3667,paper
334,284,300,3650,paper
340,289,286,3659,paper
332,274,282,3671,paper
329,276,282,3662,paper
339,274,275,3653,paper
342,270,275,3677,paper
337,266,269,3665,paper
345,265,253,3659,paper
335,278,268,3660,paper
347,267,267,3633,paper
340,250,267,3650,paper
333,243,275,3656,paper
338,249,254,3631,paper
341,251,260,3660,paper
341,244,244,3658,paper
334,239,256,3662,paper
349,259,244,3671,paper
334,245,235,3661,paper
340,231,250,3669,paper
342,212,253,3658,paper
352,235,246,3662,paper
334,288,259,3662,paper
338,227,239,3661,paper
326,222,239,3659,paper
337,273,255,3660,paper
345,136,219,3657,paper
342,218,223,3659,paper
347,210,251,3661,paper
347,212,266,3600,paper
357,211,264,3662,paper
348,211,186,3649,paper
347,234,253,3645,paper
332,238,280,3645,paper
347,210,284,3661,paper
329,234,340,3661,paper
345,236,279,3661,paper
337,238,300,3661,paper
347,244,276,3653,paper
341,244,291,3654,paper
346,192,286,3661,paper
345,242,277,3664,paper
327,228,265,3659,paper
343,239,266,3661,paper
322,239,267,3660,paper
358,233,261,3656,paper
344,228,258,3661,paper
346,229,249,3684,paper
345,202,256,3661,paper
347,247,253,3645,paper
344,235,264,3653,paper
348,216,252,3658,paper
346,230,265,3653,paper
351,221,265,3625,paper
357,226,247,3661,paper
345,206,248,3662,paper
359,206,264,3666,paper
340,217,258,3666,paper
350,204,232,3662,paper
344,206,248,3662,paper
343,190,254,3660,paper
338,209,269,3638,paper
367,205,242,3660,paper
348,219,236,3655,paper
344,207,245,3660,paper
349,204,249,3657,paper
345,201,247,3659,paper
356,217,238,3672,paper
348,121,266,3657,paper
351,201,249,3656,paper
350,216,246,3664,paper
347,202,272,3654,paper
351,205,249,3660,paper
351,210,257,3685,paper
352,206,240,3668,paper
384,206,250,3658,paper
332,205,256,3664,paper
350,203,253,3654,paper
352,203,244,3643,paper
356,188,252,3661,paper
349,202,251,3657,paper
349,189,256,3649,paper
357,198,240,3653,paper
356,195,226,3659,paper
346,203,236,3664,paper
349,191,235,3657,paper
346,196,235,3657,paper
346,191,229,3657,paper
367,197,233,3677,paper
349,189,232,3663,paper
351,190,225,3672,paper
350,184,240,3663,paper
351,204,230,3658,paper
247,185,228,3642,paper
351,184,225,3658,paper
350,192,218,3663,paper
357,209,221,3659,paper
405,228,216,3717,paper
412,222,217,3658,paper
375,222,204,3658,paper
350,220,214,3664,paper
356,233,218,3657,paper
346,219,200,3658,paper
346,209,216,3677,paper
348,214,229,3662,paper
349,210,218,3659,paper
354,213,221,3657,paper
353,219,210,3638,paper
331,203,220,3658,paper
352,219,210,3643,paper
388,192,228,3663,paper
344,194,220,3659,paper
430,200,210,3655,paper
360,195,224,3660,paper
346,197,218,3657,paper
351,179,218,3659,paper
345,183,213,3672,paper
346,200,217,3661,paper
328,205,228,3661,paper
349,198,241,3653,paper
344,177,240,3659,paper
346,200,239,3660,paper
372,205,235,3662,paper
347,204,242,3658,paper
355,203,272,3659,paper
345,204,264,3661,paper
353,204,253,3668,paper
345,202,238,3679,paper
349,198,268,3661,paper
338,181,226,3663,paper
348,196,253,3658,paper
345,207,244,3673,paper
330,192,246,3662,paper
354,195,256,3674,paper
340,203,270,3648,paper
331,212,250,3657,paper
336,210,253,3660,paper
346,205,256,3681,paper
326,214,249,3667,paper
342,219,252,3657,paper
344,223,247,3661,paper
338,212,258,3674,paper
345,224,247,3658,paper
346,224,247,3661,paper
344,224,242,3658,paper
322,234,251,3659,paper
357,221,136,3659,paper
364,218,244,3652,paper
348,217,251,3673,paper
340,264,251,3662,paper
342,218,242,3652,paper
343,227,257,3659,paper
340,222,246,3657,paper
344,229,243,3662,paper
404,240,243,3668,paper
345,255,248,3655,paper
354,247,249,3661,paper
343,238,252,3661,paper
342,218,248,3660,paper
329,244,246,3658,paper
342,235,238,3573,paper
331,236,240,3667,paper
338,234,235,3664,paper
328,230,293,3661,paper
343,223,222,3663,paper
369,227,233,3675,paper
344,221,236,3654,paper
342,204,241,3675,paper
323,220,228,3663,paper
337,220,234,3669,paper
329,212,227,3661,paper
343,220,228,3658,paper
340,209,222,3652,paper
345,203,239,3652,paper
362,214,205,3662,paper
341,208,225,3652,paper
349,210,227,3668,paper
332,202,226,3695,paper
342,222,249,3654,paper
365,238,223,3643,paper
353,243,220,3662,paper
338,244,224,3660,paper
231,249,223,3676,paper
340,253,230,3662,paper
340,247,210,3650,paper
349,247,235,3657,paper
353,249,224,3657,paper
340,248,219,3669,paper
340,245,229,3662,paper
350,245,221,3657,paper
339,241,221,3668,paper
352,234,230,3657,paper
266,238,224,3667,paper
343,233,200,3663,paper
341,232,236,3655,paper
399,228,218,3651,paper
325,228,221,3666,paper
338,220,218,3683,paper
340,224,230,3663,paper
342,223,216,3655,paper
343,222,208,3655,paper
338,214,213,3679,paper
329,216,212,3666,paper
342,219,218,3668,paper
340,224,190,3664,paper
340,204,214,3685,paper
358,210,211,3657,paper
350,207,226,3669,paper
348,204,237,3664,paper
346,190,247,3749,paper
342,206,252,3662,paper
343,208,264,3660,paper
320,204,248,3648,paper
345,194,248,3677,paper
349,209,243,3652,paper
319,223,238,3657,paper
343,231,248,3658,paper
343,246,240,3671,paper
342,242,235,3658,paper
341,226,226,3656,paper
345,231,238,3656,paper
345,230,245,3657,paper
344,210,239,3657,paper
344,228,221,3652,paper
339,222,244,3638,paper
356,230,240,3657,paper
341,228,252,3661,paper
357,229,250,3657,paper
343,233,250,3655,paper
345,248,250,3655,paper
345,273,246,3657,paper
335,270,244,3668,paper
341,262,246,3653,paper
343,256,252,3616,paper
347,253,252,3658,paper
339,272,241,3659,paper
345,250,239,3664,paper
338,256,246,3671,paper
338,253,247,3648,paper
343,251,247,3659,paper
344,242,242,3644,paper
340,233,224,3658,paper
342,247,246,3652,paper
348,247,243,3660,paper
357,234,228,3711,paper
346,225,233,3657,paper
341,241,217,3659,paper
327,237,231,3567,paper
343,233,226,3677,paper
339,223,224,3671,paper
345,230,241,3659,paper
346,238,221,3599,paper
345,242,220,3657,paper
339,233,242,3651,paper
348,233,235,3651,paper
346,224,242,3661,paper
340,238,222,3655,paper
352,232,224,3676,paper
349,238,211,3661,paper
346,235,216,3662,paper
345,238,222,3665,paper
347,247,213,3660,paper
344,243,223,3637,paper
347,242,201,3658,paper
341,237,217,3675,paper
352,235,220,3657,paper
329,234,121,3667,paper
360,233,212,3652,paper
345,234,205,3661,paper
330,220,213,3658,paper
344,228,223,3651,paper
339,220,212,3649,paper
339,230,198,3637,paper
350,230,201,3663,paper
337,217,211,3639,paper
336,190,212,3654,paper
364,221,209,3673,paper
339,213,239,3657,paper
352,206,276,3656,paper
349,218,233,3665,paper
352,214,233,3673,paper
350,234,246,3672,paper
346,238,266,3655,paper
355,256,237,3610,paper
434,247,242,3672,paper
348,242,268,3656,paper
348,239,276,3652,paper
347,242,237,3656,paper
350,230,271,3625,paper
332,233,235,3661,paper
349,229,276,3660,paper
331,233,272,3665,paper
331,240,268,3662,paper
356,209,280,3657,paper
348,239,276,3631,paper
346,218,286,3659,paper
334,215,297,3656,paper
346,223,284,3661,paper
345,220,282,3662,paper
357,224,280,3662,paper
343,226,271,3676,paper
337,209,273,3657,paper
324,211,272,3635,paper
352,195,267,3661,paper
343,210,261,3662,paper
359,218,277,3659,paper
343,234,265,3650,paper
342,221,261,3660,paper
344,245,246,3673,paper
341,246,266,3658,paper
287,279,253,3658,paper
343,277,259,3662,paper
306,274,256,3661,paper
347,262,257,3660,paper
351,288,239,3677,paper
351,309,233,3663,paper
346,295,241,3676,paper
341,290,235,3674,paper
329,290,253,3660,paper
345,304,236,3658,paper
344,322,229,3663,paper
344,339,236,3639,paper
327,344,236,3639,paper
370,338,251,3656,paper
349,320,262,3653,paper
355,336,261,3661,paper
359,380,246,3641,paper
343,375,243,3670,paper
346,377,262,3663,paper
345,361,244,3689,paper
344,376,242,3656,paper
352,371,240,3673,paper
346,328,257,3661,paper
350,357,242,3672,paper
352,355,264,3661,paper
338,365,263,3643,paper
346,354,260,3680,paper
331,369,264,3659,paper
330,365,233,3674,paper
340,371,250,3659,paper
345,370,261,3641,paper
344,352,270,3646,paper
345,349,249,3735,paper
342,378,233,3668,paper
347,323,250,3659,paper
353,333,243,3678,paper
357,330,252,3657,paper
355,364,233,3672,paper
345,321,245,3660,paper
345,313,248,3661,paper
344,311,254,3652,paper
351,316,246,3655,paper
325,313,244,3571,paper
345,305,256,3656,paper
342,301,244,3655,paper
344,267,238,3658,paper
344,305,248,3661,paper
345,315,249,3669,paper
344,305,258,3665,paper
345,314,259,3664,paper
321,300,240,3662,paper
338,371,270,3661,paper
415,294,253,3669,paper
318,292,266,3661,paper
342,346,253,3639,paper
361,293,251,3654,paper
344,292,243,3660,paper
352,261,256,3659,paper
363,263,256,3659,paper
339,282,256,3661,paper
329,272,272,3641,paper
340,288,273,3663,paper
352,302,245,3661,paper
234,313,247,3661,paper
358,320,253,3661,paper
352,315,238,3660,paper
348,313,241,3654,paper
343,308,240,3657,paper
338,308,247,3634,paper
361,317,131,3661,paper
340,325,237,3658,paper
330,310,222,3664,paper
324,311,273,3660,paper
359,315,124,3660,paper
349,313,235,3655,paper
354,308,225,3760,paper
334,307,245,3654,paper
338,308,236,3661,paper
334,365,232,3648,paper
347,215,223,3658,paper
340,331,211,3662,paper
341,312,217,3659,paper
352,308,222,3685,paper
323,307,213,3662,paper
341,310,207,3665,paper
343,311,229,3661,paper
324,332,213,3660,paper
317,331,210,3661,paper
341,321,204,3665,paper
335,324,187,3663,paper
345,319,203,3661,paper
340,342,208,3659,paper
337,352,200,3641,paper
345,360,204,3662,paper
332,349,198,3659,paper
358,358,208,3668,paper
338,354,215,3661,paper
323,346,232,3657,paper
365,345,235,3641,paper
346,346,236,3657,paper
354,337,171,3662,paper
361,340,233,3657,paper
297,348,248,3635,paper
275,347,251,3640,paper
322,360,241,3668,paper
334,347,246,3655,paper
349,339,256,3640,paper
328,337,146,3663,paper
342,335,283,3660,paper
228,332,240,3658,paper
330,327,236,3659,paper
335,322,240,3661,paper
374,316,241,3670,paper
338,315,229,3664,paper
328,319,239,3628,paper
333,310,239,3659,paper
314,306,243,3680,paper
337,302,240,3660,paper
336,301,256,3662,paper
334,296,258,3650,paper
322,305,259,3663,paper
411,318,238,3671,paper
340,308,252,3658,paper
334,330,249,3651,paper
334,393,248,3659,paper
334,328,256,3661,paper
334,324,250,3656,paper
324,320,254,3662,paper
229,317,249,3667,paper
341,311,249,3657,paper
330,325,242,3658,paper
338,328,244,3655,paper
337,327,240,3637,paper
352,330,227,3712,paper
328,357,240,3658,paper
336,364,244,3652,paper
350,385,256,3656,paper
339,388,259,3658,paper
335,379,240,3662,paper
338,377,251,3660,paper
339,381,240,3670,paper
331,364,248,3657,paper
318,356,303,3658,paper
353,356,246,3654,paper
333,454,244,3657,paper
331,348,247,3651,paper
335,344,247,3657,paper
336,341,246,3661,paper
334,334,244,3654,paper
332,358,221,3668,paper
330,351,240,3663,paper
319,375,242,3659,paper
334,352,258,3655,paper
336,347,270,3660,paper
334,344,269,3663,paper
332,339,261,3669,paper
336,405,265,3660,paper
323,338,270,3659,paper
325,350,273,3652,paper
334,365,268,3673,paper
348,357,288,3660,paper
335,358,294,3668,paper
334,349,281,3657,paper
346,350,231,3673,paper
330,345,278,3673,paper
332,347,282,3658,paper
331,345,274,3661,paper
335,308,276,3661,paper
330,329,273,3664,paper
297,332,271,3661,paper
331,353,269,3728,paper
334,382,288,3654,paper
303,407,269,3669,paper
332,401,280,3663,paper
326,412,257,3671,paper
326,401,280,3650,paper
353,399,263,3659,paper
336,410,269,3660,paper
338,391,258,3657,paper
336,406,250,3662,paper
336,402,251,3659,paper
332,412,278,3655,paper
336,410,266,3662,paper
330,419,270,3661,paper
339,413,272,3759,paper
346,410,283,3664,paper
325,391,274,3670,paper
333,402,272,3661,paper
337,399,270,3651,paper
338,396,262,3674,paper
327,391,268,3662,paper
331,393,267,3660,paper
337,393,291,3661,paper
346,380,257,3660,paper
322,379,256,3650,paper
332,374,263,3660,paper
345,368,262,3657,paper
330,377,270,3669,paper
338,398,256,3659,paper
349,380,247,3662,paper
345,409,258,3662,paper
337,408,282,3662,paper
341,410,270,3659,paper
346,419,269,3669,paper
330,431,265,3644,paper
336,439,265,3660,paper
336,450,269,3585,paper
339,431,280,3651,paper
335,426,266,3660,paper
326,431,271,3662,paper
336,432,257,3661,paper
328,430,257,3673,paper
335,430,258,3665,paper
323,430,247,3684,paper
337,427,258,3667,paper
341,447,253,3647,paper
336,419,258,3654,paper
333,417,249,3663,paper
333,409,264,3663,paper
330,405,244,3669,paper
332,412,228,3657,paper
317,407,247,3657,paper
331,408,258,3657,paper
349,408,243,3656,paper
333,412,239,3664,paper
333,405,252,3653,paper
316,408,246,3661,paper
344,389,235,3659,paper
334,390,245,3667,paper
338,383,251,3659,paper
336,384,253,3697,paper
305,389,249,3660,paper
337,383,238,3659,paper
324,392,234,3651,paper
331,398,234,3658,paper
325,416,233,3662,paper
332,441,236,3660,paper
331,459,236,3656,paper
311,473,223,3662,paper
333,465,243,3677,paper
333,469,244,3649,paper
335,458,243,3651,paper
343,460,248,3662,paper
329,446,257,3656,paper
334,445,266,3666,paper
333,472,266,3663,paper
334,430,256,3663,paper
336,437,256,3670,paper
342,426,260,3660,paper
319,420,323,3661,paper
341,432,261,3673,paper
348,416,271,3685,paper
327,406,260,3662,paper
333,409,256,3665,paper
337,394,250,3661,paper
332,412,248,3661,paper
331,408,244,3657,paper
330,397,254,3655,paper
332,395,252,3658,paper
330,395,253,3675,paper
336,382,262,3661,paper
330,381,243,3661,paper
335,376,256,3664,paper
333,369,258,3661,paper
333,384,250,3655,paper
328,363,253,3661,paper
349,359,249,3663,paper
333,354,262,3676,paper
333,370,266,3641,paper
324,381,260,3654,paper
332,391,239,3669,paper
331,384,254,3661,paper
332,369,256,3660,paper
325,387,258,3662,paper
330,381,259,3660,paper
334,384,269,3664,paper
330,378,266,3662,paper
320,376,256,3661,paper
330,372,269,3651,paper
340,366,243,3659,paper
332,367,253,3664,paper
328,355,253,3661,paper
354,357,254,3685,paper
351,343,301,3677,paper
331,346,273,3665,paper
335,337,265,3663,paper
358,352,256,3733,paper
336,365,238,3679,paper
320,378,251,3658,paper
327,389,241,3672,paper
344,367,210,3666,paper
339,364,249,3673,paper
336,361,258,3660,paper
338,355,254,3660,paper
331,358,304,3658,paper
342,375,286,3561,paper
333,352,280,3667,paper
335,365,271,3672,paper
340,281,267,3659,paper
380,368,284,3649,paper
341,378,297,3679,paper
308,375,301,3645,paper
338,374,290,3658,paper
336,367,295,3652,paper
336,360,300,3557,paper
323,368,294,3647,paper
319,379,289,3659,paper
337,405,288,3663,paper
326,386,294,3650,paper
328,396,283,3669,paper
340,391,262,3661,paper
376,413,283,3612,paper
328,408,281,3664,paper
333,443,276,3661,paper
329,421,276,3664,paper
339,415,266,3685,paper
344,413,276,3662,paper
330,406,265,3677,paper
340,379,268,3657,paper
332,401,260,3688,paper
315,406,315,3659,paper
333,422,259,3662,paper
339,445,249,3657,paper
339,436,285,3663,paper
330,434,252,3658,paper
339,399,244,3682,paper
335,427,250,3669,paper
334,416,236,3659,paper
347,418,183,3663,paper
353,419,236,3688,paper
312,409,279,3659,paper
356,416,231,3652,paper
334,408,228,3658,paper
331,407,240,3641,paper
354,406,236,3661,paper
379,393,258,3659,paper
340,297,240,3665,paper
326,393,242,3655,paper
340,382,254,3659,paper
344,391,248,3673,paper
335,462,258,3664,paper
339,412,244,3656,paper
339,430,244,3661,paper
338,437,238,3662,paper
321,431,256,3660,paper
338,429,246,3681,paper
336,421,276,3660,paper
305,406,231,3610,paper
329,412,230,3662,paper
330,412,229,3657,paper
337,408,239,3662,paper
338,392,234,3724,paper
336,404,221,3659,paper
323,400,189,3660,paper
334,385,234,3659,paper
346,372,229,3711,paper
339,387,234,3656,paper
358,383,223,3654,paper
354,380,216,3662,paper
327,380,225,3660,paper
356,379,210,3671,paper
337,384,229,3661,paper
303,387,204,3624,paper
338,391,225,3656,paper
337,372,226,3660,paper
347,382,217,3655,paper
395,378,237,3665,paper
334,375,258,3661,paper
324,369,253,3662,paper
393,381,230,3713,paper
400,368,235,3659,paper
352,366,236,3649,paper
338,393,240,3660,paper
311,405,238,3675,paper
344,398,238,3653,paper
347,388,238,3659,paper
343,393,246,3634,paper
338,389,240,3657,paper
340,384,239,3654,paper
339,382,241,3661,paper
299,385,242,3664,paper
329,402,243,3609,paper
340,384,228,3659,paper
422,365,235,3661,paper
345,374,234,3660,paper
364,374,233,3658,paper
335,382,254,3655,paper
341,388,257,3665,paper
349,413,247,3661,paper
236,402,254,3671,paper
343,407,264,3641,paper
323,398,249,3657,paper
336,402,225,3665,paper
358,389,247,3663,paper
354,373,231,3663,paper
338,382,242,3654,paper
337,393,240,3660,paper
352,389,256,3659,paper
340,398,237,3660,paper
338,396,244,3675,paper
338,403,237,3658,paper
339,405,250,3662,paper
338,406,261,3648,paper
346,416,265,3654,paper
332,446,263,3663,paper
354,445,276,3663,paper
355,448,282,3695,paper
356,460,298,3657,paper
342,456,303,3663,paper
340,449,307,3659,paper
360,449,310,3659,paper
321,455,296,3667,paper
345,466,291,3658,paper
339,453,296,3663,paper
342,451,297,3661,paper
340,452,290,3655,paper
339,447,256,3661,paper
364,442,293,3660,paper
314,435,257,3661,paper
351,433,272,3654,paper
338,428,256,3663,paper
338,438,264,3668,paper
339,432,269,3662,paper
354,388,266,3651,paper
341,449,249,3670,paper
338,444,258,3659,paper
347,478,262,3660,paper
341,446,262,3660,paper
287,433,269,3650,paper
334,431,274,3662,paper
341,422,258,3660,paper
343,415,268,3676,paper
353,411,253,3659,paper
353,425,249,3662,paper
340,416,243,3659,paper
350,429,253,3652,paper
338,436,233,3664,paper
340,441,253,3659,paper
340,431,259,3661,paper
341,428,286,3657,paper
342,425,282,3640,paper
341,419,283,3657,paper
355,421,282,3662,paper
342,409,279,3664,paper
263,406,277,3657,paper
342,410,268,3722,paper
324,397,288,3659,paper
339,382,269,3659,paper
342,394,262,3658,paper
352,406,257,3661,paper
336,407,270,3651,paper
341,409,283,3657,paper
340,429,261,3668,paper
343,404,272,3709,paper
341,416,262,3680,paper
339,423,258,3661,paper
335,404,275,3658,paper
335,413,263,3653,paper
340,402,277,3660,paper
342,409,259,3661,paper
403,396,259,3575,paper
338,396,256,3660,paper
338,419,264,3654,paper
333,413,271,3669,paper
344,426,277,3665,paper
359,437,296,3660,paper
329,430,302,3661,paper
334,457,283,3661,paper
344,453,296,3656,paper
345,454,310,3611,paper
350,451,308,3636,paper
345,458,322,3658,paper
343,434,324,3667,paper
369,446,323,3656,paper
342,450,325,3661,paper
341,452,310,3669,paper
343,442,308,3663,paper
336,439,339,3658,paper
341,427,337,3661,paper
340,434,340,3662,paper
343,427,294,3672,paper
340,426,305,3661,paper
326,421,310,3661,paper
342,419,320,3661,paper
345,409,303,3660,paper
343,407,306,3663,paper
345,415,298,3655,paper
342,422,297,3660,paper
342,409,290,3661,paper
352,408,291,3656,paper
341,384,288,3659,paper
346,415,281,3658,paper
339,421,282,3662,paper
345,389,307,3649,paper
343,379,307,3659,paper
344,386,300,3666,paper
347,372,325,3661,paper
344,374,318,3674,paper
334,369,331,3656,paper
348,278,323,3661,paper
346,375,327,3680,paper
342,363,322,3661,paper
344,395,330,3639,paper
340,376,316,3663,paper
342,379,316,3660,paper
341,399,310,3676,paper
338,429,312,3637,paper
349,418,296,3662,paper
347,433,302,3660,paper
345,395,313,3646,paper
343,399,310,3661,paper
346,409,297,3657,paper
341,397,298,3657,paper
337,396,279,3656,paper
344,388,305,3660,paper
326,389,296,3658,paper
345,372,296,3652,paper
344,388,295,3660,paper
345,389,288,3665,paper
351,376,293,3710,paper
351,378,326,3674,paper
336,377,283,3659,paper
342,369,286,3575,paper
349,372,276,3623,paper
353,361,277,3659,paper
344,368,278,3661,paper
341,356,272,3660,paper
342,260,273,3659,paper
337,362,271,3655,paper
346,345,351,3671,paper
341,357,269,3664,paper
324,366,274,3659,paper
340,367,266,3663,paper
338,371,266,3676,paper
341,386,267,3541,paper
340,389,264,3660,paper
342,379,258,3675,paper
332,365,258,3659,paper
326,360,257,3658,paper
339,353,257,3664,paper
346,360,256,3668,paper
343,370,237,3657,paper
342,373,242,3634,paper
342,372,262,3656,paper
340,384,236,3663,paper
342,444,264,3661,paper
340,420,245,3659,paper
343,426,252,3655,paper
339,434,231,3662,paper
353,413,238,3763,paper
347,414,292,3660,paper
339,410,236,3661,paper
343,403,242,3671,paper
340,353,245,3653,paper
340,423,236,3662,paper
337,382,219,3669,paper
343,411,236,3671,paper
327,413,236,3659,paper
334,423,233,3661,paper
338,448,211,3658,paper
337,455,229,3658,paper
343,455,235,3659,paper
337,456,234,3632,paper
338,444,219,3660,paper
331,433,227,3668,paper
341,426,223,3614,paper
338,440,226,3635,paper
339,432,201,3652,paper
338,441,219,3662,paper
335,443,240,3657,paper
336,450,227,3659,paper
353,431,230,3656,paper
344,440,227,3670,paper
332,426,268,3661,paper
339,419,254,3656,paper
338,427,251,3665,paper
334,423,256,3676,paper
319,421,249,3661,paper
356,414,258,3647,paper
413,423,244,3738,paper
336,410,248,3675,paper
423,409,257,3663,paper
334,393,258,3667,paper
341,396,254,3664,paper
352,391,236,3661,paper
342,387,251,3672,paper
340,391,268,3636,paper
352,376,272,3671,paper
415,382,251,3675,paper
339,382,245,3653,paper
320,379,254,3661,paper
347,380,247,3661,paper
340,370,251,3658,paper
340,377,256,3665,paper
347,384,261,3647,paper
353,365,249,3661,paper
349,356,256,3648,paper
253,378,247,3659,paper
330,381,214,3658,paper
341,380,256,3655,paper
346,384,288,3676,paper
331,394,257,3641,paper
340,402,253,3661,paper
357,390,264,3659,paper
343,406,256,3661,paper
322,403,248,3657,paper
342,405,251,3659,paper
333,411,256,3661,paper
340,411,253,3669,paper
338,448,258,3661,paper
343,403,232,3657,paper
360,403,249,3664,paper
330,397,245,3657,paper
319,398,247,3653,paper
347,399,235,3675,paper
343,395,219,3662,paper
343,382,251,3655,paper
340,389,242,3648,paper
317,378,242,3665,paper
348,376,215,3674,paper
338,373,238,3657,paper
342,370,243,3657,paper
332,376,235,3654,paper
347,368,229,3657,paper
347,365,230,3656,paper
335,368,226,3671,paper
341,373,226,3662,paper
227,374,223,3660,paper
342,381,216,3643,paper
338,377,241,3661,paper
340,393,235,3561,paper
341,426,239,3657,paper
339,447,232,3659,paper
343,470,246,3658,paper
340,469,246,3674,paper
343,482,238,3688,paper
233,487,242,3675,paper
354,482,256,3660,paper
339,474,236,3662,paper
335,451,239,3660,paper
344,460,239,3656,paper
334,456,235,3649,paper
351,444,235,3762,paper
327,430,233,3659,paper
345,417,252,3661,paper
334,431,230,3670,paper
321,433,217,3661,paper
353,419,229,3667,paper
341,420,225,3666,paper
358,405,208,3661,paper
356,407,140,3662,paper
380,401,221,3659,paper
333,414,222,3660,paper
336,386,192,3661,paper
340,390,224,3656,paper
344,388,224,3657,paper
337,397,213,3652,paper
338,394,196,3667,paper
343,402,216,3662,paper
338,319,217,3659,paper
348,376,218,3661,paper
340,375,210,3660,paper
347,389,218,3657,paper
344,372,211,3673,paper
343,369,214,3640,paper
349,361,208,3659,paper
351,365,207,3658,paper
341,396,197,3662,paper
337,363,206,3651,paper
320,356,256,3664,paper
337,368,195,3655,paper
340,358,219,3664,paper
342,354,201,3673,paper
340,304,202,3659,paper
340,328,218,3637,paper
342,344,215,3660,paper
342,242,213,3663,paper
336,335,210,3653,paper
352,343,207,3682,paper
338,394,211,3655,paper
351,357,208,3661,paper
337,356,215,3657,paper
397,351,206,3647,paper
353,345,208,3662,paper
337,344,203,3658,paper
334,338,283,3672,paper
342,264,204,3658,paper
342,326,202,3659,paper
341,305,204,3659,paper
344,323,199,3660,paper
340,330,188,3662,paper
342,333,219,3651,paper
341,318,229,3645,paper
355,339,228,3659,paper
340,349,205,3667,paper
342,339,223,3655,paper
342,334,222,3657,paper
341,330,223,3686,paper
347,334,234,3655,paper
357,328,231,3711,paper
343,330,235,3657,paper
335,339,231,3660,paper
341,362,226,3676,paper
336,375,227,3661,paper
334,375,231,3659,paper
344,300,226,3659,paper
324,361,225,3641,paper
325,359,226,3657,paper
334,354,222,3655,paper
353,351,219,3664,paper
343,354,205,3665,paper
323,351,218,3655,paper
332,348,220,3656,paper
339,343,216,3660,paper
339,353,219,3587,paper
343,340,213,3658,paper
339,332,208,3650,paper
343,334,191,3681,paper
342,318,209,3668,paper
338,332,209,3662,paper
343,325,200,3656,paper
350,332,204,3675,paper
350,336,212,3664,paper
338,325,215,3667,paper
342,263,201,3654,paper
347,329,211,3657,paper
354,329,208,3664,paper
340,331,222,3659,paper
356,318,231,3660,paper
304,327,204,3661,paper
344,341,205,3658,paper
339,346,198,3642,paper
342,351,192,3651,paper
339,356,194,3656,paper
341,353,200,3652,paper
352,361,197,3685,paper
343,350,195,3665,paper
342,351,187,3671,paper
346,343,169,3658,paper
340,337,210,3660,paper
341,331,206,3659,paper
341,340,183,3676,paper
339,327,189,3658,paper
341,342,190,3656,paper
340,327,181,3659,paper
341,320,180,3658,paper
290,317,189,3675,paper
355,306,184,3659,paper
339,314,182,3661,paper
335,310,166,3663,paper
330,304,186,3665,paper
336,305,201,3660,paper
294,323,184,3659,paper
359,304,183,3668,paper
339,305,196,3651,paper
338,307,182,3653,paper
330,300,182,3667,paper
318,293,181,3662,paper
340,293,169,3684,paper
319,300,174,3640,paper
339,351,176,3661,paper
338,288,176,3661,paper
336,282,176,3661,paper
326,288,162,3634,paper
340,289,177,3668,paper
337,297,174,3659,paper
336,301,180,3565,paper
321,311,174,3658,paper
336,301,182,3657,paper
340,300,168,3668,paper
325,292,173,3695,paper
336,294,171,3661,paper
339,294,170,3659,paper
355,281,160,3657,paper
339,282,166,3658,paper
330,291,167,3654,paper
337,291,176,3660,paper
334,295,174,3676,paper
321,312,172,3662,paper
338,308,176,3658,paper
343,319,177,3759,paper
322,332,175,3653,paper
334,318,176,3663,paper
337,347,173,3661,paper
344,350,150,3662,paper
336,354,150,3675,paper
345,354,168,3677,paper
332,356,188,3659,paper
328,346,185,3659,paper
334,352,161,3661,paper
340,350,179,3650,paper
326,352,176,3662,paper
336,344,169,3642,paper
338,347,176,3661,paper
345,359,179,3658,paper
334,365,197,3661,paper
339,359,190,3659,paper
341,359,192,3626,paper
338,336,196,3648,paper
326,347,187,3658,paper
334,342,200,3662,paper
341,337,197,3672,paper
332,337,218,3663,paper
336,336,205,3653,paper
342,330,201,3683,paper
333,330,201,3673,paper
356,321,217,3658,paper
332,320,201,3655,paper
337,328,204,3653,paper
332,324,210,3653,paper
336,323,209,3655,paper
335,318,217,3652,paper
333,342,192,3657,paper
330,369,206,3665,paper
328,308,231,3642,paper
337,316,202,3659,paper
341,315,203,3675,paper
338,316,206,3657,paper
352,324,186,3661,paper
334,333,200,3652,paper
348,328,174,3677,paper
326,334,195,3659,paper
352,321,130,3663,paper
332,329,197,3663,paper
327,316,194,3659,paper
335,309,181,3660,paper
340,300,194,3658,paper
340,305,208,3643,paper
337,304,203,3635,paper
336,298,207,3662,paper
344,294,194,3662,paper
322,308,189,3661,paper
335,292,202,3653,paper
344,309,203,3676,paper
294,299,198,3665,paper
336,312,196,3655,paper
348,297,203,3661,paper
337,308,196,3643,paper
314,308,193,3663,paper
318,320,198,3667,paper
333,325,133,3655,paper
336,328,196,3674,paper
340,332,208,3660,paper
322,320,212,3661,paper
341,325,187,3658,paper
347,317,207,3657,paper
328,315,192,3669,paper
332,307,194,3643,paper
351,310,182,3678,paper
331,312,193,3663,paper
346,318,190,3665,paper
337,314,190,3661,paper
347,310,190,3659,paper
349,301,189,3654,paper
327,317,180,3654,paper
330,309,110,3645,paper
358,306,188,3664,paper
241,294,194,3685,paper
334,280,196,3662,paper
315,307,182,3671,paper
327,294,191,3649,paper
317,285,206,3661,paper
334,274,187,3652,paper
332,296,176,3672,paper
348,270,198,3659,paper
347,267,192,3663,paper
333,267,185,3658,paper
333,269,196,3662,paper
344,260,200,3663,paper
345,261,185,3671,paper
329,266,187,3637,paper
332,266,210,3638,paper
329,236,203,3660,paper
325,261,222,3657,paper
330,263,202,3664,paper
335,226,196,3681,paper
335,258,198,3660,paper
337,236,203,3705,paper
332,274,144,3647,paper
332,276,200,3677,paper
333,270,198,3662,paper
321,270,200,3653,paper
329,271,198,3657,paper
315,286,188,3644,paper
292,280,178,3617,paper
341,284,197,3661,paper
332,300,198,3662,paper
327,286,177,3661,paper
361,284,202,3654,paper
329,292,219,3678,paper
327,294,200,3667,paper
338,324,190,3661,paper
330,296,202,3660,paper
417,302,196,3650,paper
320,296,152,3661,paper
304,294,192,3655,paper
336,289,195,3679,paper
311,309,193,3662,paper
257,289,193,3660,paper
330,288,193,3664,paper
330,260,210,3658,paper
335,226,190,3665,paper
314,285,187,3647,paper
341,270,185,3655,paper
330,247,200,3652,paper
331,260,197,3659,paper
318,265,183,3669,paper
344,247,191,3660,paper
349,258,184,3667,paper
333,254,179,3659,paper
325,259,181,3663,paper
333,238,178,3683,paper
352,249,176,3661,paper
334,239,180,3635,paper
327,263,174,3657,paper
332,248,172,3651,paper
343,258,184,3676,paper
328,281,186,3678,paper
336,299,178,3673,paper
422,282,188,3659,paper
337,273,184,3651,paper
345,281,196,3640,paper
330,272,204,3662,paper
336,282,162,3663,paper
327,261,181,3663,paper
330,326,173,3642,paper
322,265,178,3662,paper
330,319,177,3655,paper
332,244,194,3665,paper
330,244,170,3654,paper
333,261,184,3544,paper
316,244,184,3647,paper
334,247,197,3662,paper
328,256,182,3637,paper
330,245,180,3660,paper
337,219,176,3686,paper
327,234,184,3654,paper
338,215,212,3662,paper
335,228,196,3659,paper
349,228,195,3683,paper
349,227,90,3663,paper
334,305,201,3660,paper
334,234,197,3657,paper
302,233,205,3679,paper
345,226,212,3660,paper
333,230,204,3660,paper
318,238,222,3672,paper
336,228,208,3661,paper
333,240,202,3658,paper
333,237,213,3663,paper
336,235,211,3661,paper
329,233,212,3671,paper
335,233,212,3650,paper
340,243,216,3650,paper
350,230,307,3660,paper
331,223,209,3679,paper
333,220,234,3649,paper
333,160,218,3661,paper
329,224,218,3661,paper
346,217,216,3655,paper
334,240,204,3670,paper
329,226,204,3668,paper
411,218,218,3645,paper
333,213,217,3657,paper
332,219,217,3671,paper
334,205,216,3657,paper
392,214,222,3665,paper
332,208,216,3661,paper
321,210,223,3693,paper
357,208,216,3644,paper
339,205,205,3675,paper
341,194,241,3663,paper
333,202,215,3653,paper
311,201,222,3659,paper
336,210,221,3661,paper
332,211,224,3664,paper
335,260,217,3679,paper
320,286,224,3635,paper
342,301,214,3669,paper
336,296,258,3668,paper
336,298,263,3665,paper
337,296,290,3653,paper
355,293,283,3651,paper
346,285,281,3664,paper
327,293,279,3641,paper
326,292,269,3654,paper
336,288,272,3661,paper
332,286,283,3647,paper
315,284,285,3659,paper
338,252,280,3659,paper
339,272,274,3653,paper
333,267,277,3658,paper
321,271,265,3674,paper
343,265,285,3653,paper
332,280,281,3657,paper
334,274,292,3658,paper
331,297,274,3664,paper
333,309,274,3660,paper
332,311,251,3659,paper
334,298,269,3779,paper
336,327,274,3655,paper
333,333,263,3652,paper
333,335,265,3667,paper
335,386,262,3661,paper
345,323,263,3661,paper
331,336,257,3661,paper
337,330,250,3677,paper
337,322,260,3662,paper
335,317,256,3669,paper
335,337,252,3658,paper
340,323,239,3679,paper
399,324,240,3674,paper
334,317,250,3660,paper
341,335,251,3640,paper
355,301,247,3662,paper
342,320,238,3665,paper
336,326,244,3658,paper
337,309,243,3642,paper
337,313,239,3660,paper
336,323,239,3654,paper
335,321,240,3674,paper
337,321,242,3658,paper
345,310,254,3655,paper
340,305,254,3668,paper
342,314,261,3635,paper
339,296,259,3663,paper
340,291,254,3658,paper
339,272,266,3651,paper
338,282,234,3662,paper
341,282,259,3663,paper
338,278,252,3659,paper
340,269,260,3645,paper
335,279,274,3654,paper
339,289,247,3676,paper
331,299,251,3662,paper
341,299,264,3650,paper
339,298,261,3684,paper
339,298,266,3661,paper
341,278,265,3659,paper
339,292,257,3655,paper
336,274,258,3661,paper
340,306,256,3661,paper
333,279,258,3658,paper
334,280,260,3755,paper
336,275,260,3650,paper
341,288,260,3660,paper
339,273,264,3664,paper
347,267,250,3674,paper
336,264,271,3635,paper
341,271,295,3657,paper
335,264,279,3655,paper
346,253,271,3680,paper
320,258,288,3663,paper
341,250,291,3655,paper
339,249,291,3663,paper
329,248,282,3660,paper
348,216,294,3660,paper
341,256,278,3725,paper
347,257,279,3655,paper
341,250,302,3669,paper
353,241,294,3657,paper
351,297,285,3676,paper
356,251,266,3660,paper
323,247,301,3658,paper
322,250,284,3660,paper
336,258,284,3637,paper
340,246,286,3662,paper
344,228,294,3649,paper
338,231,267,3661,paper
341,241,286,3660,paper
339,237,284,3664,paper
342,242,278,3667,paper
344,237,278,3663,paper
348,238,266,3658,paper
339,244,290,3667,paper
347,280,273,3674,paper
347,268,279,3661,paper
345,276,285,3668,paper
349,290,304,3660,paper
341,304,293,3656,paper
340,296,291,3653,paper
345,295,282,3677,paper
345,291,214,3658,paper
358,272,306,3660,paper
339,286,285,3645,paper
436,285,283,3672,paper
348,282,304,3658,paper
343,276,296,3653,paper
342,273,277,3650,paper
344,268,264,3659,paper
323,266,271,3663,paper
338,269,266,3662,paper
343,260,270,3663,paper
342,269,264,3661,paper
361,256,262,3658,paper
345,251,288,3656,paper
348,258,265,3658,paper
346,239,262,3675,paper
359,245,250,3682,paper
345,252,243,3650,paper
345,246,245,3656,paper
346,249,248,3665,paper
346,246,266,3674,paper
344,240,248,3660,paper
353,246,234,3658,paper
347,244,238,3658,paper
331,266,230,3660,paper
329,257,236,3650,paper
344,258,234,3660,paper
360,254,199,3670,paper
343,251,238,3659,paper
294,262,252,3656,paper
350,266,264,3540,paper
360,258,354,3658,paper
345,263,269,3651,paper
347,256,274,3661,paper
333,251,273,3640,paper
345,207,279,3661,paper
327,239,288,3663,paper
336,224,302,3655,paper
351,232,300,3659,paper
343,247,289,3664,paper
337,233,296,3638,paper
347,235,299,3657,paper
345,230,284,3660,paper
349,234,284,3664,paper
369,240,273,3662,paper
345,235,272,3659,paper
350,237,271,3660,paper
359,233,268,3662,paper
364,231,254,3686,paper
323,228,269,3661,paper
341,226,236,3673,paper
338,209,262,3663,paper
346,220,258,3660,paper
347,220,253,3659,paper
350,218,228,3677,paper
351,210,256,3655,paper
353,196,253,3656,paper
328,234,251,3646,paper
346,263,262,3660,paper
370,233,246,3681,paper
368,235,258,3637,paper
349,235,262,3657,paper
329,241,265,3662,paper
349,233,272,3767,paper
346,244,235,3645,paper
350,337,280,3659,paper
350,244,266,3648,paper
350,265,279,3663,paper
346,276,295,3682,paper
357,268,278,3656,paper
392,299,274,3747,paper
352,297,274,3671,paper
347,316,268,3655,paper
363,343,257,3692,paper
347,329,267,3656,paper
355,325,264,3658,paper
345,295,266,3665,paper
371,327,261,3688,paper
342,334,247,3651,paper
347,300,270,3661,paper
346,298,250,3667,paper
346,311,247,3659,paper
351,308,234,3663,paper
348,320,241,3670,paper
366,288,259,3665,paper
353,297,242,3666,paper
365,295,237,3662,paper
361,297,336,3662,paper
340,306,358,3662,paper
343,336,244,3666,paper
349,349,243,3639,paper
344,362,239,3657,paper
342,352,238,3649,paper
340,381,229,3652,paper
354,337,242,3662,paper
363,341,241,3659,paper
354,345,238,3651,paper
347,367,224,3669,paper
350,359,236,3661,paper
354,381,236,3657,paper
350,336,246,3643,paper
345,334,240,3665,paper
357,344,243,3659,paper
341,335,266,3653,paper
352,317,320,3672,paper
329,326,247,3660,paper
344,413,238,3660,paper
344,300,252,3649,paper
343,308,236,3665,paper
333,313,243,3661,paper
346,299,239,3657,paper
342,277,247,3648,paper
351,286,260,3657,paper
348,291,251,3658,paper
353,288,232,3676,paper
342,286,244,3658,paper
338,281,258,3659,paper
338,282,242,3664,paper
354,280,243,3652,paper
365,279,233,3660,paper
348,274,240,3636,paper
347,273,252,3653,paper
336,248,236,3656,paper
361,266,233,3661,paper
347,251,233,3659,paper
356,288,232,3662,paper
349,256,232,3663,paper
347,269,236,3658,paper
344,256,240,3660,paper
341,262,224,3663,paper
350,263,222,3661,paper
346,256,238,3651,paper
351,256,219,3689,paper
361,253,311,3659,paper
409,256,220,3679,paper
346,257,227,3656,paper
359,236,242,3659,paper
349,248,222,3661,paper
360,240,222,3662,paper
344,246,225,3661,paper
341,267,216,3673,paper
342,231,224,3661,paper
340,236,210,3673,paper
358,263,223,3659,paper
373,276,216,3658,paper
343,280,221,3661,paper
350,288,214,3681,paper
307,286,222,3741,paper
340,303,216,3655,paper
346,314,195,3653,paper
340,303,209,3792,paper
343,312,207,3659,paper
343,235,209,3665,paper
345,310,202,3728,paper
349,320,241,3663,paper
341,242,210,3661,paper
343,297,213,3651,paper
435,291,213,3664,paper
344,290,210,3650,paper
342,208,215,3657,paper
345,292,207,3659,paper
342,296,222,3660,paper
342,293,228,3656,paper
344,296,231,3655,paper
341,283,222,3661,paper
344,288,223,3635,paper
354,298,226,3659,paper
343,308,220,3661,paper
342,324,227,3659,paper
342,276,227,3658,paper
341,306,230,3670,paper
342,375,225,3657,paper
327,320,225,3656,paper
276,316,224,3653,paper
343,293,237,3659,paper
340,307,200,3661,paper
356,315,218,3659,paper
338,307,219,3661,paper
341,288,213,3664,paper
343,305,220,3677,paper
325,306,211,3652,paper
343,309,208,3661,paper
338,338,216,3661,paper
340,312,210,3651,paper
340,321,215,3660,paper
337,303,226,3643,paper
340,312,216,3656,paper
341,296,228,3655,paper
343,314,230,3659,paper
338,268,239,3659,paper
342,290,236,3656,paper
341,281,240,3650,paper
344,306,228,3667,paper
342,294,234,3661,paper
342,283,234,3663,paper
339,291,234,3656,paper
343,303,235,3659,paper
340,309,236,3663,paper
341,308,232,3660,paper
320,307,234,3577,paper
339,294,232,3672,paper
343,319,236,3660,paper
337,333,243,3677,paper
356,335,234,3635,paper
344,343,226,3661,paper
343,337,220,3657,paper
345,335,233,3659,paper
347,343,231,3657,paper
351,367,228,3669,paper
344,380,226,3662,paper
348,410,225,3658,paper
345,423,219,3661,paper
345,406,220,3662,paper
324,417,227,3661,paper
366,438,219,3679,paper
346,445,222,3637,paper
345,442,212,3647,paper
341,437,225,3675,paper
344,437,230,3658,paper
345,430,222,3659,paper
341,422,202,3660,paper
372,411,238,3657,paper
344,411,224,3653,paper
346,404,240,3654,paper
354,399,200,3660,paper
363,404,218,3661,paper
342,392,214,3678,paper
341,396,218,3659,paper
348,404,202,3661,paper
340,378,228,3658,paper
344,381,224,3658,paper
342,377,224,3657,paper
337,367,230,3672,paper
331,369,205,3677,paper
349,368,221,3666,paper
342,384,229,3643,paper
342,380,227,3659,paper
342,385,231,3657,paper
340,367,235,3645,paper
237,378,227,3672,paper
320,372,220,3637,paper
327,362,223,3657,paper
341,424,238,3665,paper
342,361,228,3678,paper
342,358,228,3661,paper
339,358,194,3679,paper
321,351,215,3653,paper
342,359,215,3661,paper
342,341,216,3659,paper
345,347,204,3676,paper
272,342,212,3660,paper
344,341,201,3663,paper
349,340,221,3666,paper
387,332,229,3538,paper
329,336,231,3635,paper
328,333,234,3639,paper
354,327,214,3664,paper
347,328,229,3659,paper
339,321,237,3663,paper
322,325,237,3661,paper
340,349,217,3660,paper
341,308,231,3661,paper
261,301,231,3541,paper
339,310,224,3671,paper
364,276,232,3659,paper
345,311,231,3645,paper
336,300,237,3654,paper
288,321,228,3658,paper
338,318,226,3655,paper
344,308,210,3681,paper
334,295,233,3656,paper
338,308,227,3660,paper
340,301,211,3665,paper
345,307,233,3658,paper
346,303,225,3647,paper
344,288,222,3658,paper
350,282,222,3662,paper
341,298,216,3660,paper
355,293,229,3661,paper
348,288,216,3665,paper
342,302,201,3662,paper
345,283,206,3685,paper
338,274,212,3660,paper
347,268,212,3654,paper
333,273,212,3643,paper
331,289,219,3660,paper
321,274,215,3649,paper
341,281,203,3660,paper
345,278,300,3671,paper
340,283,226,3658,paper
339,266,219,3668,paper
361,278,222,3683,paper
342,282,210,3657,paper
343,270,218,3678,paper
345,270,214,3666,paper
338,284,209,3637,paper
351,267,213,3658,paper
340,261,212,3659,paper
336,266,223,3667,paper
339,276,237,3657,paper
342,309,229,3659,paper
339,293,250,3658,paper
337,298,227,3646,paper
341,321,244,3653,paper
356,336,234,3665,paper
353,346,220,3673,paper
339,349,222,3658,paper
341,345,224,3662,paper
340,344,234,3650,paper
340,330,247,3667,paper
336,334,246,3588,paper
343,350,245,3671,paper
340,344,244,3666,paper
335,383,260,3666,paper
339,323,271,3662,paper
339,310,267,3651,paper
349,314,231,3659,paper
340,294,249,3705,paper
321,306,242,3647,paper
327,312,244,3676,paper
354,296,219,3674,paper
338,299,242,3641,paper
338,300,250,3657,paper
408,311,245,3759,paper
329,284,233,3662,paper
340,292,247,3651,paper
337,290,206,3661,paper
350,309,230,3653,paper
337,284,230,3660,paper
343,284,236,3651,paper
336,277,237,3645,paper
365,291,221,3708,paper
341,281,208,3663,paper
330,297,222,3659,paper
334,296,237,3637,paper
338,290,224,3659,paper
336,289,217,3661,paper
337,283,224,3681,paper
321,282,224,3664,paper
335,285,221,3646,paper
337,267,220,3704,paper
337,275,234,3663,paper
322,277,221,3655,paper
341,279,221,3666,paper
331,297,234,3662,paper
337,268,218,3659,paper
337,269,218,3661,paper
340,272,222,3637,paper
340,267,201,3676,paper
339,266,220,3645,paper
341,254,203,3651,paper
338,199,219,3662,paper
342,218,216,3661,paper
322,244,212,3661,paper
325,253,198,3659,paper
333,261,211,3629,paper
352,244,209,3657,paper
341,244,192,3662,paper
343,181,223,3653,paper
338,242,212,3661,paper
355,232,222,3662,paper
331,286,219,3660,paper
332,238,220,3657,paper
346,254,202,3664,paper
337,245,217,3660,paper
340,258,228,3670,paper
332,263,216,3635,paper
340,257,215,3660,paper
336,249,216,3658,paper
339,280,213,3659,paper
333,292,218,3628,paper
342,281,218,3657,paper
345,299,226,3669,paper
335,287,220,3661,paper
341,294,218,3658,paper
335,277,236,3675,paper
331,286,214,3660,paper
345,257,216,3695,paper
336,269,208,3639,paper
334,270,210,3656,paper
317,256,193,3619,paper
338,265,204,3657,paper
327,265,206,3660,paper
341,291,206,3658,paper
330,243,199,3664,paper
329,259,204,3655,paper
345,260,204,3662,paper
325,278,193,3650,paper
380,251,200,3653,paper
336,234,197,3665,paper
337,251,197,3661,paper
305,260,198,3658,paper
339,259,199,3649,paper
334,260,199,3657,paper
356,261,193,3658,paper
329,280,195,3655,paper
335,271,167,3657,paper
324,296,184,3661,paper
315,286,179,3664,paper
310,276,188,3672,paper
295,264,217,3646,paper
343,282,168,3676,paper
319,266,192,3657,paper
344,265,190,3657,paper
318,264,190,3663,paper
324,256,180,3661,paper
325,262,188,3670,paper
338,265,189,3693,paper
336,263,195,3657,paper
312,256,204,3654,paper
337,249,206,3659,paper
336,230,221,3713,paper
338,237,228,3658,paper
337,244,229,3637,paper
331,224,228,3648,paper
336,238,238,3660,paper
347,232,233,3658,paper
318,236,198,3661,paper
267,241,223,3658,paper
352,244,229,3660,paper
331,242,229,3654,paper
334,223,233,3644,paper
333,239,226,3662,paper
345,224,222,3665,paper
332,232,221,3661,paper
405,235,222,3676,paper
332,241,217,3653,paper
329,246,222,3658,paper
334,243,215,3680,paper
331,248,217,3664,paper
333,224,214,3658,paper
332,241,218,3660,paper
318,239,210,3658,paper
331,238,208,3663,paper
329,263,214,3658,paper
335,224,230,3655,paper
332,223,233,3659,paper
334,235,236,3644,paper
332,243,217,3665,paper
343,225,226,3658,paper
347,221,218,3661,paper
321,277,212,3659,paper
331,227,213,3665,paper
331,232,208,3660,paper
333,244,212,3660,paper
330,255,210,3664,paper
323,256,200,3676,paper
328,264,210,3663,paper
335,240,207,3657,paper
332,258,210,3661,paper
235,258,205,3651,paper
340,282,195,3673,paper
331,261,204,3657,paper
338,257,203,3654,paper
331,266,194,3659,paper
347,254,204,3662,paper
330,252,209,3657,paper
338,238,206,3663,paper
333,253,203,3665,paper
330,245,198,3657,paper
330,250,208,3643,paper
330,240,204,3652,paper
332,239,201,3659,paper
327,234,204,3653,paper
331,236,198,3655,paper
336,231,197,3668,paper
332,213,204,3663,paper
332,213,211,3646,paper
312,235,189,3659,paper
328,216,204,3643,paper
331,218,196,3666,paper
332,223,205,3664,paper
330,216,202,3663,paper
333,215,201,3659,paper
320,223,200,3641,paper
325,195,174,3660,paper
328,210,204,3646,paper
331,209,195,3661,paper
333,192,202,3659,paper
338,200,197,3657,paper
332,203,198,3660,paper
325,205,202,3658,paper
354,210,194,3660,paper
329,210,192,3623,paper
332,217,203,3660,paper
335,217,194,3674,paper
332,220,195,3674,paper
332,210,200,3663,paper
333,207,194,3677,paper
325,225,184,3661,paper
348,200,190,3660,paper
332,204,187,3660,paper
317,202,187,3661,paper
320,204,188,3660,paper
340,194,201,3652,paper
337,185,193,3675,paper
333,193,191,3650,paper
330,193,164,3660,paper
321,194,192,3667,paper
330,189,193,3661,paper
334,192,191,3657,paper
336,193,187,3687,paper
329,186,191,3658,paper
331,156,209,3665,paper
332,195,182,3635,paper
328,199,201,3653,paper
329,197,188,3659,paper
345,197,195,3664,paper
326,195,129,3667,paper
332,206,178,3659,paper
322,189,189,3687,paper
376,190,190,3659,paper
331,195,180,3650,paper
334,201,184,3664,paper
325,204,195,3661,paper
328,186,186,3668,paper
324,189,189,3657,paper
340,185,186,3669,paper
322,186,188,3660,paper
328,183,198,3657,paper
320,183,190,3663,paper
323,182,200,3664,paper
315,180,193,3664,paper
327,180,189,3667,paper
333,164,184,3673,paper
332,154,191,3656,paper
325,172,202,3659,paper
332,198,187,3657,paper
283,236,195,3655,paper
329,265,196,3661,paper
330,267,196,3665,paper
330,272,198,3657,paper
329,315,203,3665,paper
324,333,200,3661,paper
331,329,206,3677,paper
323,342,104,3645,paper
334,352,199,3658,paper
332,358,220,3659,paper
341,359,217,3708,paper
310,370,206,3660,paper
333,382,202,3658,paper
341,312,208,3659,paper
328,361,212,3673,paper
332,346,224,3661,paper
339,368,193,3661,paper
333,368,217,3656,paper
324,354,214,3664,paper
331,357,230,3658,paper
308,350,211,3639,paper
345,343,161,3672,paper
331,336,212,3682,paper
331,324,215,3664,paper
313,339,210,3641,paper
330,333,202,3657,paper
333,331,209,3666,paper
329,317,212,3661,paper
340,340,203,3650,paper
333,320,201,3664,paper
275,320,206,3660,paper
333,307,203,3659,paper
330,306,201,3663,paper
330,306,194,3677,paper
333,295,197,3654,paper
322,287,161,3657,paper
329,294,213,3657,paper
328,290,206,3664,paper
349,285,216,3685,paper
342,283,203,3675,paper
322,284,213,3664,paper
332,279,218,3661,paper
340,276,202,3659,paper
314,270,223,3660,paper
333,268,209,3664,paper
334,268,195,3659,paper
322,261,214,3659,paper
313,272,219,3647,paper
332,262,204,3663,paper
333,283,215,3661,paper
330,273,209,3706,paper
335,291,213,3627,paper
278,292,206,3542,paper
335,293,219,3641,paper
329,292,209,3652,paper
327,289,210,3667,paper
334,287,204,3654,paper
343,279,208,3678,paper
338,273,215,3759,paper
341,296,210,3659,paper
280,303,208,3657,paper
333,296,209,3668,paper
336,304,200,3666,paper
329,307,213,3642,paper
334,304,214,3638,paper
327,300,225,3664,paper
322,309,220,3660,paper
324,297,229,3641,paper
341,289,191,3660,paper
346,280,216,3655,paper
330,273,222,3675,paper
335,297,232,3658,paper
343,298,245,3659,paper
334,291,238,3683,paper
338,328,257,3662,paper
324,344,272,3657,paper
332,345,239,3652,paper
339,360,220,3673,paper
336,257,242,3659,paper
333,352,241,3659,paper
338,376,240,3680,paper
329,399,234,3675,paper
324,395,258,3659,paper
337,401,238,3602,paper
334,399,242,3641,paper
319,401,157,3661,paper
396,396,231,3664,paper
329,400,212,3662,paper
334,397,217,3661,paper
350,382,222,3660,paper
334,388,227,3663,paper
328,379,222,3638,paper
334,390,238,3660,paper
330,368,220,3654,paper
328,384,222,3652,paper
317,371,284,3661,paper
346,369,209,3660,paper
329,355,219,3659,paper
336,358,137,3669,paper
310,350,224,3660,paper
332,340,218,3656,paper
351,338,230,3661,paper
330,355,216,3659,paper
321,335,216,3659,paper
336,329,223,3659,paper
338,329,218,3659,paper
335,298,224,3659,paper
336,317,217,3670,paper
345,314,239,3678,paper
311,313,208,3660,paper
334,291,225,3668,paper
333,309,214,3661,paper
334,308,220,3661,paper
332,297,216,3798,paper
381,299,215,3637,paper
338,301,246,3661,paper
332,295,216,3678,paper
335,285,215,3801,paper
417,286,212,3651,paper
335,291,214,3659,paper
345,277,226,3654,paper
346,312,210,3651,paper
322,327,209,3661,paper
317,324,223,3660,paper
327,331,180,3679,paper
334,313,202,3641,paper
331,304,204,3660,paper
334,300,198,3681,paper
334,304,204,3683,paper
348,293,228,3654,paper
338,283,198,3718,paper
313,301,197,3658,paper
338,288,199,3675,paper
324,277,198,3657,paper
335,281,200,3653,paper
329,276,198,3662,paper
343,275,189,3656,paper
316,275,212,3663,paper
325,268,194,3662,paper
337,318,198,3657,paper
329,242,196,3712,paper
335,266,200,3660,paper
336,195,194,3667,paper
317,267,197,3659,paper
314,275,184,3662,paper
346,252,204,3653,paper
339,223,202,3662,paper
327,258,188,3671,paper
345,258,208,3665,paper
340,233,205,3663,paper
338,256,208,3657,paper
347,250,204,3657,paper
339,247,201,3656,paper
338,321,201,3662,paper
331,245,199,3650,paper
335,238,198,3661,paper
337,234,199,3663,paper
337,234,216,3643,paper
330,253,176,3663,paper
298,236,196,3672,paper
305,232,198,3673,paper
333,235,203,3655,paper
336,226,210,3667,paper
344,218,225,3659,paper
335,233,212,3664,paper
338,233,197,3660,paper
337,237,234,3659,paper
338,257,223,3661,paper
338,244,229,3661,paper
335,249,224,3661,paper
337,244,226,3661,paper
332,240,227,3659,paper
268,242,223,3677,paper
337,240,233,3652,paper
338,232,222,3660,paper
333,222,222,3666,paper
331,233,212,3661,paper
354,231,216,3751,paper
331,248,214,3661,paper
337,246,206,3673,paper
331,243,196,3661,paper
335,226,212,3657,paper
334,237,208,3669,paper
353,235,205,3668,paper
331,233,210,3643,paper
334,226,206,3658,paper
333,221,212,3661,paper
331,226,209,3654,paper
359,222,223,3660,paper
332,230,202,3665,paper
340,217,204,3657,paper
351,220,204,3745,paper
344,211,203,3661,paper
336,205,206,3658,paper
327,303,202,3658,paper
336,280,210,3663,paper
325,231,203,3665,paper
340,232,205,3573,paper
336,224,179,3661,paper
332,223,201,3659,paper
340,229,194,3660,paper
341,204,206,3659,paper
245,217,200,3675,paper
332,214,180,3674,paper
332,216,156,3665,paper
324,214,192,3653,paper
338,208,194,3661,paper
330,207,207,3659,paper
320,194,152,3662,paper
322,214,195,3570,paper
330,205,182,3665,paper
331,201,197,3565,paper
338,223,187,3660,paper
333,202,205,3660,paper
329,200,180,3668,paper
317,198,186,3658,paper
343,196,185,3665,paper
334,198,204,3650,paper
333,201,190,3659,paper
333,198,192,3657,paper
329,188,184,3657,paper
331,195,176,3661,paper
334,176,197,3650,paper
332,189,183,3658,paper
333,190,183,3657,paper
337,198,179,3657,paper
332,203,172,3659,paper
330,184,191,3671,paper
333,186,185,3661,paper
334,185,174,3665,paper
331,244,210,3661,paper
335,182,208,3660,paper
326,179,233,3659,paper
333,181,228,3637,paper
352,182,236,3685,paper
333,183,244,3658,paper
329,137,263,3664,paper
333,185,244,3650,paper
318,190,252,3564,paper
327,182,258,3669,paper
320,183,250,3658,paper
325,170,246,3672,paper
333,179,242,3668,paper
334,175,237,3668,paper
317,183,241,3655,paper
333,179,253,3654,paper
340,171,237,3656,paper
327,188,234,3663,paper
324,183,254,3648,paper
330,173,230,3635,paper
334,174,231,3656,paper
328,171,229,3659,paper
333,174,229,3659,paper
337,170,229,3659,paper
403,172,210,3636,paper
332,167,212,3658,paper
333,166,230,3659,paper
333,164,220,3660,paper
334,170,220,3659,paper
336,174,196,3663,paper
320,169,229,3650,paper
337,168,218,3644,paper
336,188,207,3674,paper
332,188,194,3667,paper
330,187,208,3658,paper
328,199,198,3658,paper
350,185,211,3665,paper
332,174,210,3684,paper
314,185,220,3640,paper
317,187,210,3661,paper
330,182,208,3653,paper
339,178,204,3650,paper
331,178,188,3663,paper
332,194,201,3664,paper
332,174,183,3657,paper
324,178,180,3667,paper
333,187,195,3668,paper
328,212,210,3663,paper
346,223,177,3658,paper
330,237,198,3664,paper
331,239,197,3653,paper
324,240,196,3652,paper
351,252,205,3680,paper
332,266,200,3658,paper
314,254,175,3663,paper
331,265,183,3711,paper
327,257,191,3659,paper
333,281,176,3661,paper
322,267,206,3659,paper
325,271,185,3657,paper
329,259,192,3660,paper
341,260,187,3651,paper
327,256,191,3662,paper
328,271,165,3658,paper
331,266,181,3638,paper
319,264,184,3657,paper
315,261,179,3663,paper
324,261,183,3653,paper
328,254,251,3658,paper
338,256,184,3662,paper
329,249,187,3648,paper
323,246,180,3661,paper
319,249,176,3665,paper
332,263,165,3669,paper
307,245,231,3659,paper
328,246,183,3680,paper
332,257,184,3653,paper
323,247,201,3658,paper
329,245,157,3666,paper
326,235,178,3662,paper
341,232,154,3678,paper
307,219,175,3621,paper
326,241,178,3672,paper
329,232,143,3652,paper
322,226,169,3673,paper
324,224,179,3664,paper
311,238,172,3660,paper
330,229,176,3655,paper
315,226,179,3653,paper
327,212,176,3668,paper
325,207,177,3661,paper
335,225,168,3661,paper
305,220,174,3660,paper
323,220,196,3655,paper
317,215,186,3638,paper
323,330,171,3659,paper
324,214,176,3660,paper
342,221,178,3749,paper
330,217,178,3646,paper
335,218,174,3663,paper
315,212,166,3666,paper
321,210,220,3670,paper
310,230,170,3658,paper
321,226,168,3661,paper
326,210,156,3662,paper
323,208,168,3669,paper
316,217,173,3663,paper
325,205,171,3665,paper
327,200,228,3675,paper
318,198,170,3657,paper
320,197,168,3639,paper
323,254,164,3643,paper
327,198,256,3679,paper
354,200,182,3637,paper
326,199,188,3661,paper
344,194,199,3673,paper
347,210,192,3657,paper
340,251,187,3636,paper
337,300,170,3668,paper
326,341,190,3657,paper
348,362,194,3662,paper
322,375,197,3644,paper
338,428,187,3683,paper
328,444,181,3643,paper
332,424,181,3674,paper
325,412,182,3635,paper
330,408,185,3627,paper
332,420,180,3649,paper
332,405,224,3664,paper
334,383,176,3658,paper
325,396,181,3567,paper
325,385,177,3656,paper
327,357,198,3658,paper
320,355,185,3620,paper
330,381,178,3670,paper
326,364,182,3665,paper
327,361,192,3659,paper
310,346,212,3634,paper
305,350,190,3665,paper
322,354,183,3667,paper
315,342,66,3662,paper
334,341,218,3649,paper
327,345,222,3652,paper
330,352,207,3661,paper
322,335,213,3659,paper
299,344,218,3654,paper
325,330,216,3631,paper
328,347,204,3659,paper
319,313,219,3642,paper
328,308,228,3658,paper
327,324,223,3664,paper
389,303,219,3661,paper
411,314,221,3667,paper
334,351,220,3671,paper
315,313,222,3661,paper
334,309,198,3662,paper
299,303,211,3652,paper
326,305,210,3663,paper
341,298,209,3685,paper
304,306,210,3677,paper
326,305,210,3674,paper
325,304,250,3657,paper
329,320,209,3649,paper
341,307,212,3655,paper
344,271,207,3661,paper
328,302,205,3660,paper
332,307,206,3658,paper
336,314,210,3663,paper
331,316,213,3684,paper
312,310,232,3658,paper
329,314,211,3659,paper
323,310,208,3658,paper
307,315,221,3661,paper
338,311,224,3662,paper
341,309,229,3653,paper
336,309,237,3665,paper
323,292,242,3679,paper
324,290,234,3661,paper
324,311,212,3672,paper
323,302,247,3660,paper
327,292,230,3657,paper
329,277,228,3660,paper
339,284,235,3661,paper
330,301,224,3650,paper
325,260,226,3663,paper
320,288,204,3655,paper
326,282,218,3663,paper
325,278,206,3660,paper
327,276,225,3661,paper
311,285,200,3660,paper
324,288,211,3659,paper
322,285,210,3663,paper
337,298,212,3659,paper
326,309,214,3657,paper
326,314,208,3663,paper
327,308,210,3653,paper
327,309,192,3658,paper
338,313,205,3663,paper
325,272,205,3662,paper
326,311,197,3674,paper
324,293,202,3660,paper
327,289,219,3651,paper
324,287,200,3661,paper
344,312,206,3656,paper
327,281,194,3662,paper
320,288,196,3659,paper
328,278,197,3660,paper
322,278,190,3661,paper
327,263,194,3668,paper
323,277,187,3653,paper
328,276,195,3645,paper
328,281,194,3671,paper
325,276,192,3658,paper
328,272,193,3663,paper
410,269,188,3671,paper
324,281,183,3665,paper
338,283,184,3664,paper
343,303,196,3663,paper
328,307,184,3661,paper
341,298,194,3655,paper
327,310,186,3664,paper
336,301,188,3659,paper
333,297,181,3641,paper
327,293,189,3661,paper
328,294,204,3563,paper
309,293,217,3659,paper
330,309,190,3663,paper
320,296,209,3661,paper
328,293,192,3651,paper
334,298,192,3661,paper
334,288,192,3665,paper
325,286,190,3669,paper
320,307,195,3659,paper
328,299,192,3638,paper
326,293,191,3659,paper
343,283,220,3659,paper
325,290,193,3653,paper
329,284,194,3666,paper
311,282,200,3673,paper
322,290,190,3701,paper
320,269,197,3671,paper
326,270,184,3659,paper
327,274,196,3645,paper
325,269,190,3661,paper
328,284,206,3651,paper
326,285,185,3665,paper
330,270,192,3678,paper
325,283,185,3655,paper
333,281,182,3633,paper
321,278,191,3653,paper
322,274,189,3653,paper
329,273,195,3666,paper
326,267,191,3659,paper
327,268,210,3661,paper
325,272,206,3666,paper
331,277,206,3657,paper
326,291,194,3663,paper
326,298,193,3660,paper
327,297,175,3660,paper
325,294,185,3667,paper
323,302,187,3656,paper
322,288,194,3669,paper
329,290,208,3662,paper
324,283,224,3658,paper
326,277,221,3660,paper
319,284,241,3640,paper
326,273,232,3681,paper
324,258,242,3660,paper
399,266,244,3638,paper
325,266,246,3654,paper
320,256,262,3672,paper
310,258,257,3673,paper
331,275,262,3647,paper
327,260,254,3657,paper
324,257,257,3663,paper
318,258,254,3650,paper
326,259,280,3658,paper
342,251,236,3660,paper
330,180,256,3661,paper
320,256,254,3661,paper
322,259,246,3655,paper
327,257,253,3661,paper
332,322,256,3658,paper
336,248,257,3660,paper
322,257,264,3634,paper
321,264,258,3672,paper
327,255,249,3662,paper
328,240,262,3662,paper
328,266,242,3725,paper
329,251,243,3659,paper
335,250,239,3662,paper
326,246,241,3655,paper
328,232,252,3665,paper
333,244,238,3672,paper
327,235,230,3660,paper
320,242,249,3645,paper
328,237,247,3663,paper
327,237,224,3659,paper
326,238,223,3674,paper
326,250,174,3679,paper
325,262,224,3659,paper
328,229,229,3652,paper
333,224,222,3659,paper
332,243,224,3664,paper
330,236,199,3662,paper
339,240,223,3669,paper
327,236,281,3659,paper
332,248,223,3656,paper
342,238,218,3681,paper
331,229,215,3660,paper
329,231,217,3664,paper
330,229,204,3666,paper
308,231,222,3662,paper
341,224,181,3660,paper
330,206,220,3659,paper
331,222,202,3657,paper
325,225,211,3659,paper
328,178,208,3665,paper
330,216,214,3661,paper
329,220,214,3663,paper
296,230,201,3659,paper
340,215,210,3667,paper
314,210,204,3636,paper
332,212,205,3661,paper
328,211,206,3665,paper
325,206,203,3661,paper
330,207,211,3660,paper
337,197,210,3635,paper
337,201,200,3656,paper
330,196,199,3665,paper
329,201,204,3660,paper
337,200,208,3637,paper
331,201,197,3661,paper
333,197,174,3660,paper
325,192,195,3669,paper
323,192,194,3661,paper
338,201,192,3609,paper
337,199,192,3633,paper
313,211,195,3657,paper
322,225,192,3653,paper
332,221,178,3675,paper
331,218,190,3683,paper
331,222,177,3681,paper
326,236,187,3659,paper
328,238,179,3641,paper
354,227,178,3658,paper
334,222,193,3664,paper
330,222,170,3663,paper
333,224,198,3652,paper
355,219,190,3653,paper
343,220,184,3669,paper
378,229,185,3633,paper
347,222,182,3667,paper
335,217,178,3669,paper
349,210,182,3677,paper
325,221,86,3648,paper
334,215,182,3680,paper
337,218,183,3637,paper
333,193,180,3667,paper
329,216,92,3643,paper
354,206,179,3657,paper
337,205,180,3663,paper
336,202,181,3673,paper
315,218,178,3660,paper
333,213,171,3672,paper
338,227,149,3660,paper
330,215,185,3665,paper
321,240,216,3661,paper
336,236,186,3734,paper
348,239,152,3679,paper
327,241,84,3662,paper
336,234,264,3660,paper
336,219,185,3674,paper
345,233,125,3680,paper
324,226,69,3661,paper
339,227,173,3659,paper
332,223,195,3671,paper
346,211,188,3661,paper
327,221,174,3660,paper
325,213,198,3643,paper
331,215,184,3658,paper
339,270,186,3659,paper
331,219,192,3643,paper
334,206,192,3637,paper
339,210,178,3665,paper
333,202,201,3657,paper
338,201,266,3675,paper
331,134,173,3664,paper
347,202,175,3661,paper
330,196,253,3651,paper
333,195,180,3659,paper
342,177,186,3651,paper
347,193,177,3653,paper
323,193,182,3678,paper
326,194,192,3662,paper
322,210,178,3679,paper
333,185,184,3664,paper
332,187,160,3660,paper
327,202,195,3650,paper
387,201,178,3673,paper
308,215,172,3663,paper
331,197,175,3682,paper
330,203,180,3573,paper
335,210,174,3638,paper
330,201,185,3651,paper
322,217,179,3642,paper
315,200,181,3666,paper
330,198,160,3661,paper
335,173,181,3660,paper
342,178,189,3678,paper
331,210,169,3659,paper
342,190,180,3663,paper
341,199,162,3672,paper
334,189,178,3642,paper
328,182,172,3675,paper
341,184,174,3558,paper
352,189,158,3660,paper
315,182,181,3634,paper
323,203,185,3661,paper
330,180,183,3657,paper
343,171,182,3661,paper
330,192,183,3742,paper
327,199,176,3670,paper
323,199,186,3650,paper
344,182,200,3656,paper
311,187,197,3662,paper
331,200,216,3661,paper
330,266,205,3660,paper
323,211,198,3649,paper
329,211,199,3678,paper
339,204,200,3654,paper
329,210,206,3677,paper
332,197,202,3659,paper
331,208,198,3637,paper
327,193,203,3659,paper
325,199,194,3658,paper
332,213,192,3665,paper
286,181,208,3620,paper
322,193,199,3663,paper
329,189,206,3642,paper
339,215,195,3661,paper
328,198,199,3657,paper
328,208,190,3662,paper
336,196,207,3664,paper
320,192,224,3659,paper
330,93,213,3661,paper
324,196,197,3657,paper
327,185,219,3684,paper
325,186,216,3662,paper
330,194,218,3653,paper
322,192,190,3659,paper
331,195,212,3680,paper
319,214,213,3655,paper
329,250,202,3650,paper
330,260,198,3659,paper
332,284,200,3666,paper
331,252,214,3662,paper
324,279,214,3637,paper
336,277,209,3668,paper
330,180,204,3659,paper
332,268,204,3657,paper
222,272,200,3680,paper
332,269,194,3659,paper
327,268,174,3663,paper
324,267,102,3668,paper
329,264,190,3651,paper
311,268,183,3660,paper
329,254,201,3654,paper
312,259,192,3656,paper
323,263,192,3581,paper
325,254,194,3662,paper
328,253,205,3686,paper
305,265,212,3661,paper
330,241,214,3659,paper
328,252,214,3663,paper
316,244,213,3655,paper
340,240,193,3660,paper
327,239,212,3658,paper
330,232,217,3630,paper
327,228,209,3660,paper
330,229,217,3659,paper
312,231,213,3665,paper
342,240,221,3658,paper
323,243,221,3665,paper
318,263,219,3660,paper
340,247,219,3653,paper
340,244,108,3661,paper
332,249,215,3665,paper
326,261,216,3663,paper
297,276,217,3756,paper
338,256,217,3662,paper
350,257,220,3665,paper
327,259,231,3662,paper
319,253,220,3659,paper
331,249,207,3659,paper
329,248,224,3657,paper
350,250,202,3641,paper
331,248,212,3647,paper
328,252,202,3649,paper
329,249,211,3662,paper
328,245,206,3570,paper
329,244,203,3661,paper
328,241,185,3664,paper
329,231,214,3662,paper
323,235,224,3662,paper
326,247,211,3656,paper
326,246,206,3662,paper
329,224,216,3672,paper
388,244,208,3655,paper
325,247,210,3677,paper
327,239,205,3664,paper
325,236,209,3671,paper
331,245,199,3686,paper
324,233,209,3643,paper
322,238,203,3657,paper
316,229,225,3659,paper
332,204,228,3660,paper
326,222,206,3658,paper
325,219,216,3663,paper
332,220,223,3673,paper
327,222,223,3658,paper
328,213,229,3659,paper
315,218,229,3663,paper
343,214,226,3660,paper
320,213,245,3659,paper
329,220,239,3658,paper
335,214,224,3718,paper
326,210,227,3658,paper
328,236,228,3654,paper
315,265,227,3663,paper
328,264,230,3665,paper
322,235,226,3659,paper
329,256,225,3659,paper
318,268,221,3653,paper
330,289,223,3656,paper
328,273,223,3658,paper
338,263,217,3658,paper
329,276,219,3661,paper
326,269,189,3673,paper
325,258,225,3658,paper
329,272,221,3663,paper
307,271,212,3660,paper
327,286,213,3655,paper
328,291,220,3661,paper
332,294,228,3645,paper
340,317,232,3650,paper
308,308,239,3656,paper
338,292,232,3661,paper
332,297,245,3649,paper
327,290,219,3659,paper
325,292,228,3655,paper
326,293,201,3666,paper
331,301,234,3652,paper
343,319,217,3661,paper
323,321,216,3649,paper
332,318,216,3661,paper
329,314,211,3639,paper
330,311,212,3660,paper
328,316,213,3661,paper
345,310,217,3659,paper
335,307,200,3647,paper
331,314,200,3663,paper
330,300,202,3669,paper
326,296,224,3662,paper
370,293,213,3656,paper
330,288,209,3659,paper
329,287,208,3664,paper
320,265,205,3660,paper
325,280,208,3653,paper
320,275,204,3659,paper
334,269,199,3658,paper
335,290,194,3673,paper
330,268,204,3650,paper
333,266,200,3655,paper
350,274,193,3658,paper
328,278,201,3668,paper
328,276,223,3659,paper
332,272,185,3663,paper
327,269,203,3662,paper
333,262,189,3665,paper
326,252,206,3660,paper
331,223,191,3651,paper
330,272,212,3662,paper
343,256,185,3678,paper
323,263,208,3663,paper
328,230,190,3671,paper
329,252,205,3659,paper
320,246,213,3659,paper
335,256,206,3641,paper
330,210,206,3660,paper
335,253,205,3645,paper
330,236,210,3655,paper
332,231,198,3655,paper
329,233,180,3657,paper
327,225,204,3664,paper
330,169,216,3661,paper
326,243,197,3661,paper
313,239,196,3662,paper
341,236,186,3672,paper
323,178,210,3658,paper
319,236,195,3654,paper
307,233,193,3656,paper
332,234,176,3675,paper
335,157,200,3661,paper
347,231,207,3657,paper
315,244,194,3651,paper
369,235,213,3662,paper
327,289,208,3661,paper
333,241,218,3637,paper
329,226,208,3664,paper
318,245,178,3658,paper
335,262,204,3663,paper
322,248,204,3667,paper
328,259,203,3669,paper
324,247,212,3666,paper
328,248,218,3660,paper
328,256,224,3647,paper
343,252,303,3658,paper
324,256,214,3649,paper
332,282,206,3644,paper
312,289,225,3639,paper
313,314,339,3660,paper
317,328,214,3657,paper
324,326,201,3669,paper
320,326,208,3660,paper
311,334,217,3659,paper
325,336,212,3657,paper
322,336,165,3650,paper
328,349,194,3661,paper
342,315,209,3663,paper
345,315,248,3677,paper
309,313,217,3657,paper
328,321,218,3665,paper
326,315,215,3663,paper
344,309,225,3686,paper
327,312,208,3658,paper
403,317,196,3659,paper
317,322,206,3660,paper
327,293,206,3779,paper
329,306,206,3657,paper
337,301,160,3678,paper
329,308,181,3660,paper
328,293,206,3659,paper
329,311,200,3674,paper
331,295,206,3658,paper
328,302,209,3690,paper
331,292,210,3660,paper
329,292,208,3673,paper
320,284,200,3655,paper
335,277,193,3684,paper
315,276,213,3661,paper
298,274,224,3655,paper
379,287,226,3759,paper
226,276,220,3650,paper
335,272,215,3657,paper
338,260,218,3676,paper
322,285,216,3636,paper
342,270,215,3665,paper
347,269,216,3661,paper
330,282,237,3646,paper
323,271,212,3679,paper
347,266,230,3665,paper
345,258,204,3660,paper
318,274,216,3648,paper
333,264,217,3659,paper
369,264,210,3657,paper
344,252,205,3663,paper
333,260,211,3660,paper
336,272,210,3649,paper
331,245,205,3672,paper
305,236,226,3629,paper
331,244,184,3673,paper
333,242,208,3663,paper
331,239,204,3660,paper
310,238,208,3653,paper
310,234,204,3621,paper
335,234,190,3659,paper
330,233,206,3724,paper
331,249,206,3651,paper
336,254,210,3661,paper
333,252,205,3649,paper
317,267,208,3654,paper
274,264,206,3655,paper
343,276,210,3662,paper
332,267,188,3661,paper
339,257,208,3659,paper
311,251,210,3659,paper
340,252,203,3660,paper
319,249,199,3648,paper
338,240,205,3672,paper
332,239,203,3659,paper
305,249,204,3659,paper
343,265,207,3661,paper
332,263,233,3661,paper
330,280,227,3661,paper
328,280,236,3661,paper
332,279,238,3657,paper
424,279,234,3664,paper
329,277,230,3663,paper
333,276,233,3657,paper
338,296,219,3675,paper
332,268,229,3661,paper
331,275,226,3662,paper
332,289,218,3658,paper
346,269,227,3664,paper
335,268,228,3675,paper
295,270,232,3628,paper
326,266,224,3651,paper
333,262,225,3660,paper
333,254,222,3658,paper
332,260,227,3661,paper
329,256,199,3659,paper
329,250,219,3669,paper
342,235,217,3660,paper
336,264,214,3656,paper
334,245,213,3659,paper
333,239,193,3663,paper
333,242,218,3654,paper
333,227,227,3640,paper
336,240,232,3660,paper
334,208,237,3658,paper
334,245,232,3660,paper
337,241,239,3658,paper
330,238,228,3659,paper
352,238,248,3658,paper
332,235,302,3646,paper
328,236,236,3659,paper
328,249,232,3657,paper
332,245,239,3657,paper
324,244,229,3652,paper
336,262,220,3670,paper
333,240,229,3662,paper
339,236,228,3678,paper
315,233,289,3663,paper
333,232,222,3655,paper
332,229,203,3673,paper
256,225,222,3675,paper
346,217,213,3662,paper
321,221,216,3653,paper
333,220,217,3663,paper
329,233,217,3655,paper
334,238,216,3668,paper
330,248,216,3652,paper
310,257,224,3656,paper
325,263,219,3668,paper
381,256,216,3651,paper
333,256,211,3667,paper
329,250,211,3776,paper
334,248,214,3656,paper
331,256,238,3651,paper
334,261,220,3651,paper
331,253,232,3639,paper
332,242,232,3654,paper
334,251,230,3660,paper
332,266,229,3587,paper
333,246,230,3637,paper
331,244,223,3660,paper
329,226,218,3672,paper
331,234,217,3658,paper
340,239,218,3648,paper
330,237,216,3661,paper
329,230,227,3648,paper
329,234,231,3653,paper
331,246,204,3667,paper
327,230,212,3660,paper
331,225,189,3671,paper
312,231,211,3627,paper
332,242,206,3661,paper
355,261,222,3656,paper
328,268,204,3663,paper
334,266,206,3659,paper
330,261,208,3664,paper
331,265,200,3659,paper
332,284,206,3655,paper
328,269,210,3665,paper
327,262,198,3662,paper
315,262,209,3663,paper
334,252,204,3650,paper
337,272,209,3651,paper
230,251,202,3667,paper
329,256,204,3661,paper
332,251,199,3650,paper
332,259,208,3660,paper
324,258,212,3654,paper
333,252,218,3659,paper
334,255,213,3635,paper
330,270,217,3650,paper
329,268,212,3647,paper
331,260,223,3656,paper
338,272,245,3635,paper
324,257,239,3657,paper
331,265,232,3660,paper
329,246,241,3664,paper
344,260,208,3660,paper
325,256,232,3661,paper
347,261,233,3658,paper
309,253,235,3649,paper
336,252,237,3660,paper
331,256,228,3659,paper
350,256,230,3682,paper
329,239,243,3626,paper
331,254,232,3737,paper
327,247,228,3653,paper
330,240,245,3567,paper
331,248,230,3674,paper
330,254,231,3660,paper
332,248,236,3721,paper
328,243,248,3661,paper
335,267,240,3660,paper
325,308,268,3656,paper
329,318,224,3663,paper
332,321,252,3660,paper
330,334,249,3659,paper
328,340,247,3655,paper
350,347,258,3673,paper
332,346,243,3635,paper
332,336,245,3674,paper
321,350,239,3628,paper
354,343,222,3661,paper
333,336,243,3652,paper
338,340,229,3662,paper
323,333,280,3660,paper
336,338,235,3659,paper
335,349,221,3649,paper
331,340,235,3653,paper
326,353,208,3661,paper
333,331,217,3658,paper
349,333,224,3659,paper
337,320,225,3688,paper
337,329,225,3657,paper
334,320,213,3673,paper
337,315,226,3666,paper
333,316,218,3682,paper
334,310,243,3645,paper
335,324,221,3660,paper
338,313,220,3653,paper
337,313,236,3661,paper
338,318,215,3680,paper
336,307,215,3659,paper
329,370,226,3669,paper
335,303,216,3661,paper
312,302,230,3660,paper
334,373,198,3656,paper
331,294,221,3665,paper
328,295,231,3645,paper
334,280,221,3657,paper
332,307,200,3658,paper
336,276,219,3606,paper
335,285,214,3658,paper
340,275,225,3639,paper
334,272,221,3669,paper
339,269,223,3662,paper
326,258,226,3655,paper
333,262,215,3670,paper
334,245,237,3658,paper
342,272,209,3659,paper
338,250,218,3645,paper
373,251,216,3676,paper
334,251,197,3663,paper
332,212,227,3662,paper
310,259,226,3660,paper
332,258,222,3658,paper
321,268,218,3646,paper
339,261,194,3651,paper
308,263,201,3657,paper
339,257,215,3656,paper
330,251,228,3659,paper
326,249,210,3674,paper
320,256,215,3653,paper
331,248,214,3660,paper
337,242,268,3673,paper
330,243,232,3661,paper
327,244,214,3641,paper
331,240,217,3676,paper
336,233,320,3675,paper
332,227,242,3660,paper
339,233,244,3659,paper
324,239,236,3640,paper
355,239,224,3660,paper
340,250,241,3649,paper
333,254,226,3653,paper
327,264,252,3642,paper
354,260,226,3661,paper
386,260,222,3625,paper
325,244,236,3653,paper
334,256,265,3658,paper
332,252,230,3661,paper
331,250,240,3651,paper
338,247,151,3677,paper
339,247,307,3657,paper
343,223,240,3643,paper
336,226,225,3662,paper
313,241,236,3660,paper
329,246,222,3661,paper
333,254,220,3662,paper
335,248,218,3676,paper
329,270,220,3659,paper
333,258,235,3679,paper
335,253,228,3661,paper
339,256,231,3665,paper
351,250,231,3655,paper
326,251,290,3658,paper
341,260,222,3673,paper
335,252,226,3659,paper
315,253,225,3613,paper
337,263,216,3656,paper
322,275,230,3661,paper
350,270,217,3662,paper
335,271,228,3662,paper
338,250,213,3721,paper
349,254,214,3661,paper
335,279,205,3688,paper
339,264,221,3659,paper
335,253,216,3664,paper
318,257,216,3653,paper
338,257,216,3663,paper
331,240,217,3664,paper
337,261,217,3650,paper
333,249,206,3665,paper
339,245,212,3642,paper
334,240,210,3661,paper
331,238,208,3651,paper
357,233,212,3656,paper
345,212,209,3654,paper
328,247,212,3641,paper
334,230,203,3669,paper
342,227,213,3661,paper
334,226,209,3659,paper
336,232,214,3658,paper
335,236,212,3636,paper
333,238,214,3663,paper
292,223,212,3662,paper
335,234,205,3656,paper
337,239,213,3663,paper
333,225,211,3661,paper
320,235,212,3653,paper
334,222,212,3654,paper
239,224,210,3679,paper
333,212,215,3680,paper
321,227,214,3660,paper
328,212,240,3659,paper
337,214,221,3653,paper
345,198,219,3659,paper
341,209,214,3659,paper
323,209,349,3660,paper
334,222,193,3679,paper
337,291,226,3656,paper
345,216,235,3652,paper
336,195,234,3658,paper
333,202,242,3667,paper
328,205,235,3639,paper
335,183,240,3629,paper
356,199,225,3659,paper
356,165,237,3660,paper
332,192,302,3648,paper
336,200,231,3652,paper
337,191,230,3666,paper
335,193,229,3666,paper
330,197,246,3635,paper
329,168,233,3658,paper
330,161,232,3661,paper
342,206,228,3646,paper
335,204,233,3660,paper
333,199,248,3659,paper
336,196,233,3666,paper
330,258,230,3656,paper
335,199,239,3655,paper
326,206,248,3661,paper
336,210,245,3679,paper
331,223,244,3663,paper
333,212,240,3659,paper
382,219,239,3663,paper
342,216,227,3671,paper
336,214,254,3650,paper
332,213,237,3662,paper
339,219,236,3658,paper
311,209,237,3676,paper
335,197,239,3657,paper
334,206,234,3663,paper
342,199,301,3663,paper
338,205,233,3658,paper
346,199,200,3660,paper
335,204,238,3660,paper
332,177,227,3665,paper
335,199,228,3679,paper
334,197,230,3661,paper
332,192,226,3663,paper
341,202,229,3659,paper
334,213,223,3649,paper
336,175,225,3660,paper
327,190,219,3662,paper
336,186,220,3659,paper
330,185,216,3659,paper
333,174,217,3643,paper
344,186,153,3661,paper
338,195,229,3651,paper
336,208,224,3658,paper
334,229,208,3659,paper
355,218,224,3660,paper
315,227,219,3663,paper
338,247,233,3644,paper
324,252,221,3663,paper
334,256,225,3646,paper
332,257,227,3670,paper
334,230,237,3636,paper
335,250,229,3660,paper
334,236,223,3658,paper
336,247,223,3660,paper
326,252,219,3628,paper
337,243,218,3659,paper
334,241,218,3657,paper
341,241,230,3656,paper
335,246,219,3653,paper
338,231,215,3679,paper
314,234,217,3664,paper
331,212,215,3621,paper
332,229,217,3658,paper
333,220,208,3661,paper
335,228,205,3655,paper
332,218,207,3659,paper
334,216,206,3663,paper
333,205,214,3660,paper
339,211,203,3661,paper
261,213,207,3670,paper
345,215,206,3661,paper
337,210,219,3652,paper
335,203,224,3651,paper
333,212,201,3672,paper
332,205,192,3664,paper
342,216,196,3665,paper
329,203,203,3662,paper
332,206,197,3648,paper
331,207,207,3656,paper
328,221,199,3659,paper
333,239,203,3674,paper
331,217,206,3655,paper
333,221,206,3658,paper
328,266,206,3659,paper
334,226,203,3656,paper
344,221,190,3658,paper
338,231,213,3634,paper
330,232,215,3653,paper
332,228,208,3661,paper
331,231,204,3663,paper
331,244,206,3661,paper
333,229,208,3648,paper
323,221,219,3660,paper
347,222,114,3657,paper
331,223,224,3653,paper
328,208,215,3661,paper
333,228,189,3645,paper
348,225,101,3658,paper
343,243,209,3661,paper
329,223,185,3661,paper
333,211,202,3653,paper
336,211,220,3666,paper
332,205,236,3662,paper
329,215,244,3657,paper
333,222,256,3662,paper
330,222,260,3660,paper
332,220,260,3656,paper
332,236,267,3640,paper
320,228,253,3659,paper
333,229,250,3649,paper
334,219,258,3705,paper
334,217,248,3657,paper
330,236,241,3659,paper
341,213,245,3655,paper
330,215,246,3669,paper
332,207,242,3637,paper
316,213,247,3633,paper
341,207,231,3661,paper
335,206,230,3659,paper
326,206,244,3663,paper
331,203,227,3661,paper
342,211,235,3661,paper
331,182,229,3658,paper
329,205,243,3664,paper
331,207,224,3659,paper
321,204,223,3674,paper
327,217,215,3659,paper
328,203,237,3654,paper
322,233,226,3661,paper
331,225,213,3658,paper
313,227,222,3636,paper
329,228,215,3657,paper
328,234,211,3660,paper
323,241,214,3652,paper
329,256,198,3666,paper
327,260,226,3663,paper
359,273,212,3653,paper
330,275,136,3667,paper
350,284,215,3679,paper
329,284,229,3663,paper
329,282,210,3653,paper
323,277,214,3668,paper
330,280,209,3676,paper
333,271,228,3650,paper
332,254,225,3641,paper
333,280,214,3705,paper
332,277,225,3668,paper
333,268,232,3655,paper
336,259,208,3676,paper
332,224,201,3677,paper
335,258,231,3658,paper
324,258,229,3637,paper
330,258,222,3639,paper
330,234,199,3666,paper
329,246,215,3671,paper
335,257,213,3661,paper
335,238,219,3658,paper
335,240,213,3665,paper
336,236,228,3658,paper
329,244,236,3655,paper
335,279,193,3662,paper
333,232,210,3659,paper
342,244,206,3628,paper
342,242,196,3679,paper
341,256,192,3659,paper
339,259,205,3672,paper
336,241,206,3656,paper
325,256,214,3649,paper
334,324,207,3659,paper
335,270,202,3660,paper
336,268,205,3673,paper
313,276,205,3660,paper
337,275,224,3635,paper
334,279,213,3651,paper
337,268,209,3657,paper
319,279,202,3663,paper
314,269,193,3659,paper
344,257,218,3670,paper
324,256,110,3657,paper
336,257,216,3662,paper
335,256,205,3640,paper
349,249,197,3677,paper
319,247,201,3662,paper
329,233,201,3660,paper
333,240,212,3659,paper
346,224,195,3658,paper
326,240,193,3660,paper
331,234,200,3672,paper
337,239,196,3661,paper
342,237,197,3660,paper
340,234,198,3657,paper
278,234,203,3660,paper
340,236,201,3656,paper
332,230,234,3650,paper
349,232,219,3683,paper
335,229,220,3645,paper
345,226,200,3661,paper
336,210,225,3662,paper
333,217,206,3658,paper
334,234,208,3535,paper
331,222,209,3657,paper
342,232,204,3659,paper
332,210,219,3659,paper
318,226,191,3657,paper
331,213,181,3665,paper
320,210,202,3661,paper
339,189,225,3653,paper
330,207,199,3659,paper
339,190,204,3651,paper
341,195,208,3649,paper
335,196,202,3613,paper
331,194,204,3660,paper
337,194,201,3658,paper
353,199,193,3688,paper
336,204,210,3659,paper
342,210,247,3650,paper
333,208,171,3660,paper
343,198,226,3671,paper
343,227,221,3667,paper
336,226,220,3659,paper
330,224,220,3657,paper
406,221,218,3649,paper
340,224,207,3675,paper
333,217,212,3731,paper
355,234,216,3641,paper
330,220,216,3636,paper
406,220,218,3675,paper
330,214,217,3659,paper
353,216,217,3662,paper
350,210,214,3738,paper
333,206,212,3658,paper
289,224,214,3653,paper
330,210,217,3668,paper
342,205,191,3661,paper
330,205,209,3659,paper
344,205,205,3658,paper
331,213,200,3661,paper
322,195,204,3660,paper
324,194,206,3659,paper
389,195,202,3669,paper
330,201,214,3667,paper
317,191,252,3657,paper
324,194,307,3659,paper
333,192,202,3681,paper
331,211,205,3658,paper
342,192,220,3660,paper
326,208,202,3648,paper
329,205,200,3659,paper
329,198,197,3668,paper
329,209,201,3657,paper
327,208,196,3648,paper
385,207,195,3555,paper
309,217,193,3659,paper
328,202,194,3655,paper
324,202,214,3652,paper
325,200,192,3654,paper
328,200,182,3678,paper
327,203,188,3657,paper
322,212,165,3669,paper
341,207,189,3653,paper
332,222,191,3657,paper
327,221,186,3645,paper
329,218,188,3654,paper
327,212,188,3652,paper
330,210,185,3653,paper
329,184,182,3683,paper
329,212,176,3667,paper
326,333,186,3661,paper
327,216,180,3659,paper
330,215,158,3660,paper
312,208,195,3658,paper
328,203,181,3642,paper
330,210,196,3661,paper
326,207,180,3662,paper
223,206,187,3635,paper
325,194,177,3658,paper
334,206,188,3653,paper
334,213,186,3643,paper
328,218,192,3659,paper
321,200,191,3633,paper
317,206,190,3656,paper
329,119,190,3659,paper
329,232,188,3657,paper
348,208,200,3660,paper
327,209,188,3655,paper
326,210,201,3653,paper
328,214,186,3651,paper
305,208,184,3660,paper
348,199,176,3657,paper
328,205,185,3659,paper
319,210,165,3671,paper
346,195,188,3658,paper
326,192,198,3658,paper
325,171,190,3652,paper
309,189,215,3660,paper
326,199,214,3649,paper
327,205,221,3645,paper
328,205,206,3647,paper
337,233,203,3663,paper
331,220,181,3665,paper
329,218,217,3652,paper
337,194,211,3646,paper
327,217,205,3654,paper
327,212,207,3659,paper
329,212,242,3647,paper
331,217,203,3651,paper
326,203,196,3659,paper
328,214,195,3660,paper
319,213,198,3670,paper
329,233,192,3657,paper
328,216,184,3653,paper
330,208,191,3746,paper
328,224,210,3654,paper
328,204,198,3646,paper
329,219,207,3660,paper
329,236,186,3654,paper
330,218,181,3661,paper
328,211,191,3644,paper
330,214,203,3658,paper
326,212,196,3679,paper
325,208,196,3645,paper
321,217,200,3649,paper
325,182,194,3657,paper
326,205,213,3657,paper
332,182,220,3661,paper
327,202,218,3653,paper
339,198,215,3657,paper
335,132,197,3654,paper
325,193,220,3665,paper
328,181,227,3662,paper
307,194,216,3669,paper
331,201,212,3671,paper
322,198,233,3658,paper
324,91,215,3659,paper
328,187,208,3662,paper
323,186,224,3673,paper
326,191,215,3655,paper
323,198,213,3653,paper
331,196,210,3649,paper
327,197,216,3651,paper
319,194,199,3663,paper
329,213,208,3670,paper
325,191,223,3660,paper
328,193,208,3669,paper
306,211,206,3659,paper
333,185,203,3662,paper
327,189,218,3656,paper
324,201,229,3657,paper
324,208,224,3636,paper
328,205,224,3655,paper
331,204,233,3657,paper
318,207,234,3655,paper
322,202,235,3649,paper
328,212,239,3646,paper
328,183,231,3670,paper
317,196,241,3658,paper
330,212,230,3664,paper
330,210,240,3657,paper
329,189,254,3656,paper
330,201,231,3660,paper
325,181,230,3598,paper
334,183,243,3670,paper
342,186,227,3663,paper
343,177,223,3658,paper
325,184,236,3663,paper
327,177,227,3658,paper
325,185,232,3659,paper
327,174,238,3579,paper
327,174,233,3661,paper
323,173,228,3667,paper
323,189,210,3670,paper
325,169,234,3668,paper
329,172,227,3638,paper
326,169,217,3657,paper
331,165,188,3671,paper
329,153,221,3661,paper
323,170,216,3665,paper
325,170,220,3653,paper
322,165,235,3631,paper
328,216,243,3660,paper
327,164,210,3657,paper
324,160,329,3645,paper
335,151,238,3661,paper
338,163,242,3658,paper
313,165,228,3670,paper
386,173,239,3747,paper
334,146,239,3677,paper
326,168,228,3659,paper
324,138,234,3665,paper
319,194,249,3661,paper
343,147,236,3655,paper
334,168,217,3675,paper
331,118,225,3659,paper
334,144,202,3663,paper
330,148,223,3659,paper
346,144,217,3691,paper
329,155,214,3661,paper
330,142,219,3660,paper
332,146,188,3671,paper
325,159,208,3659,paper
326,148,222,3653,paper
329,141,209,3651,paper
333,144,225,3659,paper
330,77,225,3662,paper
330,141,207,3665,paper
315,135,206,3641,paper
315,142,161,3659,paper
326,68,221,3655,paper
333,102,204,3657,paper
327,144,205,3657,paper
331,136,185,3674,paper
320,134,203,3661,paper
345,129,193,3660,paper
330,131,213,3656,paper
320,126,201,3668,paper
320,144,196,3659,paper
325,134,166,3661,paper
323,134,179,3664,paper
325,149,195,3663,paper
327,156,188,3660,paper
328,166,176,3681,paper
336,176,180,3672,paper
290,159,191,3652,paper
322,158,187,3658,paper
332,159,176,3675,paper
325,159,185,3656,paper
328,156,193,3663,paper
397,137,182,3663,paper
327,144,186,3657,paper
343,145,194,3658,paper
324,151,176,3651,paper
339,152,173,3653,paper
323,153,194,3659,paper
324,159,184,3660,paper
334,160,208,3642,paper
340,167,203,3659,paper
329,159,205,3661,paper
327,171,196,3668,paper
328,166,184,3665,paper
305,164,245,3656,paper
326,164,203,3657,paper
325,218,212,3657,paper
320,172,200,3663,paper
302,166,251,3666,paper
327,164,192,3658,paper
325,166,200,3659,paper
327,149,199,3659,paper
325,163,194,3658,paper
329,161,190,3645,paper
342,120,195,3658,paper
321,144,180,3657,paper
326,160,193,3660,paper
325,156,200,3660,paper
349,161,180,3659,paper
323,155,198,3659,paper
327,156,256,3658,paper
320,167,197,3661,paper
352,151,182,3660,paper
325,158,199,3658,paper
323,152,198,3636,paper
322,165,177,3659,paper
324,147,196,3657,paper
329,168,186,3673,paper
339,155,286,3662,paper
364,153,193,3651,paper
326,165,199,3649,paper
305,160,170,3658,paper
312,97,240,3655,paper
323,179,194,3663,paper
324,162,214,3662,paper
307,194,205,3669,paper
349,197,220,3661,paper
349,206,229,3663,paper
330,190,243,3648,paper
327,211,231,3659,paper
335,207,218,3662,paper
323,204,233,3672,paper
316,213,210,3666,paper
331,204,217,3659,paper
339,204,222,3660,paper
327,219,219,3653,paper
331,215,215,3660,paper
314,212,218,3653,paper
341,212,198,3659,paper
342,207,217,3661,paper
328,207,241,3653,paper
319,204,218,3649,paper
330,205,220,3658,paper
325,196,216,3681,paper
418,199,215,3672,paper
324,195,217,3659,paper
313,184,214,3657,paper
326,193,222,3659,paper
326,192,218,3659,paper
324,205,214,3655,paper
328,200,212,3657,paper
316,181,220,3660,paper
320,173,212,3655,paper
298,202,216,3754,paper
326,192,204,3673,paper
325,192,210,3655,paper
317,188,210,3652,paper
327,187,200,3657,paper
328,186,210,3659,paper
320,183,198,3651,paper
330,193,222,3661,paper
319,183,200,3664,paper
410,189,202,3641,paper
326,185,202,3665,paper
327,158,199,3659,paper
330,201,193,3672,paper
336,179,203,3658,paper
324,180,238,3671,paper
331,172,202,3666,paper
329,176,197,3657,paper
332,175,205,3675,paper
335,168,214,3655,paper
324,177,205,3640,paper
326,165,197,3656,paper
327,164,204,3661,paper
328,169,205,3657,paper
327,168,200,3675,paper
328,171,192,3667,paper
321,172,185,3682,paper
328,165,208,3658,paper
331,156,203,3648,paper
227,162,201,3662,paper
311,161,197,3661,paper
326,164,196,3661,paper
322,154,189,3640,paper
327,165,206,3652,paper
326,153,190,3646,paper
327,155,193,3656,paper
327,155,187,3696,paper
329,213,187,3661,paper
327,146,187,3657,paper
325,145,201,3653,paper
330,169,198,3648,paper
332,149,197,3658,paper
327,130,217,3664,paper
323,138,210,3567,paper
339,134,205,3658,paper
324,143,197,3664,paper
334,140,181,3656,paper
321,139,204,3609,paper
335,153,194,3655,paper
341,141,198,3659,paper
320,148,213,3644,paper
318,126,174,3659,paper
344,130,196,3657,paper
326,146,191,3656,paper
340,132,194,3752,paper
312,139,195,3663,paper
315,137,178,3663,paper
320,133,190,3673,paper
233,130,193,3543,paper
324,134,187,3665,paper
326,134,202,3654,paper
328,132,148,3660,paper
411,131,194,3669,paper
322,129,204,3663,paper
327,133,200,3656,paper
323,109,217,3648,paper
326,130,196,3678,paper
326,130,215,3675,paper
329,128,202,3652,paper
314,122,239,3657,paper
325,124,220,3657,paper
325,130,233,3665,paper
414,115,218,3664,paper
326,124,211,3656,paper
333,104,236,3650,paper
325,125,214,3660,paper
323,110,221,3677,paper
326,123,211,3675,paper
319,123,206,3655,paper
335,118,204,3657,paper
251,126,208,3650,paper
327,122,201,3676,paper
329,125,200,3659,paper
320,129,234,3653,paper
328,134,199,3663,paper
328,151,200,3663,paper
328,135,201,3657,paper
321,133,203,3654,paper
327,141,183,3650,paper
332,150,203,3664,paper
322,160,222,3655,paper
323,155,225,3633,paper
348,157,232,3658,paper
330,154,206,3660,paper
325,121,214,3664,paper
323,164,227,3657,paper
307,156,230,3658,paper
329,158,213,3697,paper
327,158,210,3672,paper
307,177,210,3659,paper
332,180,212,3648,paper
303,166,211,3658,paper
333,159,197,3652,paper
394,179,204,3699,paper
336,111,202,3655,paper
330,153,209,3653,paper
315,157,208,3659,paper
336,157,220,3670,paper
326,176,201,3653,paper
343,158,205,3654,paper
326,169,192,3679,paper
309,170,215,3638,paper
365,186,201,3677,paper
327,168,194,3710,paper
408,187,199,3661,paper
329,200,200,3651,paper
332,206,199,3646,paper
328,202,181,3655,paper
328,196,193,3678,paper
333,180,199,3660,paper
334,198,193,3671,paper
341,203,203,3659,paper
335,194,199,3656,paper
334,191,199,3659,paper
328,192,200,3629,paper
336,247,196,3657,paper
327,184,210,3658,paper
328,201,195,3622,paper
327,182,196,3659,paper
278,187,192,3589,paper
332,196,195,3658,paper
329,164,184,3663,paper
329,185,193,3659,paper
349,177,102,3657,paper
337,225,172,3657,paper
327,183,185,3658,paper
288,188,188,3655,paper
335,172,188,3661,paper
330,155,187,3668,paper
325,169,72,3657,paper
344,178,160,3655,paper
355,163,208,3657,paper
327,169,198,3659,paper
338,166,200,3655,paper
336,162,200,3679,paper
338,177,198,3669,paper
376,147,212,3669,paper
321,156,118,3657,paper
331,160,212,3670,paper
332,148,215,3657,paper
339,144,222,3659,paper
333,155,213,3658,paper
342,158,212,3654,paper
335,165,200,3659,paper
336,155,213,3652,paper
333,160,192,3665,paper
334,121,210,3653,paper
353,156,100,3662,paper
334,142,207,3657,paper
338,151,202,3662,paper
328,169,204,3675,paper
331,155,206,3652,paper
336,155,202,3679,paper
332,156,202,3659,paper
336,161,202,3663,paper
324,167,249,3656,paper
338,171,182,3656,paper
264,161,198,3693,paper
343,167,200,3666,paper
323,164,200,3652,paper
346,178,203,3640,paper
347,162,202,3651,paper
339,165,204,3653,paper
334,161,213,3656,paper
341,176,214,3646,paper
338,163,211,3659,paper
371,158,209,3669,paper
329,177,196,3669,paper
339,165,214,3673,paper
322,175,196,3658,paper
338,160,222,3659,paper
345,136,195,3678,paper
331,167,248,3658,paper
348,166,201,3663,paper
342,128,206,3681,paper
338,163,199,3639,paper
339,131,202,3661,paper
338,164,199,3657,paper
339,160,188,3655,paper
363,154,212,3658,paper
341,163,194,3633,paper
336,158,218,3655,paper
338,160,194,3659,paper
361,146,212,3659,paper
340,156,189,3659,paper
322,151,214,3652,paper
331,141,184,3659,paper
341,173,203,3659,paper
347,205,184,3674,paper
337,187,210,3652,paper
349,195,284,3660,paper
336,199,209,3639,paper
338,201,196,3660,paper
331,208,195,3654,paper
340,195,196,3677,paper
318,193,215,3657,paper
341,204,215,3655,paper
311,192,217,3648,paper
342,189,221,3655,paper
328,189,218,3660,paper
345,192,281,3658,paper
342,187,208,3658,paper
333,180,212,3683,paper
356,183,220,3654,paper
338,182,196,3662,paper
343,178,219,3667,paper
349,175,235,3669,paper
355,178,296,3659,paper
338,177,219,3680,paper
346,169,212,3654,paper
336,188,209,3658,paper
350,162,212,3660,paper
338,174,204,3648,paper
339,179,206,3652,paper
332,169,204,3660,paper
339,193,211,3658,paper
339,203,197,3650,paper
337,232,203,3662,paper
340,191,197,3662,paper
340,201,225,3658,paper
332,194,198,3642,paper
339,196,200,3661,paper
337,194,194,3664,paper
332,200,196,3658,paper
336,215,190,3650,paper
342,191,202,3655,paper
330,188,196,3657,paper
330,185,199,3658,paper
332,184,201,3676,paper
325,182,193,3649,paper
355,182,196,3652,paper
373,180,191,3655,paper
339,179,204,3659,paper
337,176,188,3667,paper
340,179,191,3656,paper
339,179,192,3658,paper
282,172,188,3641,paper
336,187,192,3658,paper
330,208,166,3673,paper
309,195,190,3663,paper
338,192,181,3659,paper
356,191,184,3657,paper
309,188,188,3652,paper
341,180,204,3655,paper
322,187,193,3664,paper
340,188,166,3675,paper
334,183,191,3659,paper
346,175,189,3751,paper
347,181,194,3662,paper
354,172,202,3658,paper
343,178,189,3655,paper
333,178,187,3646,paper
355,174,184,3657,paper
349,180,188,3659,paper
348,171,190,3674,paper
338,174,189,3636,paper
321,179,165,3658,paper
362,166,199,3663,paper
339,165,201,3658,paper
337,168,208,3674,paper
346,181,199,3644,paper
343,162,208,3652,paper
342,155,222,3649,paper
339,162,199,3636,paper
342,167,192,3661,paper
343,183,204,3655,paper
328,192,204,3656,paper
340,190,199,3658,paper
347,190,190,3664,paper
338,186,202,3676,paper
322,196,192,3644,paper
320,195,206,3655,paper
340,194,201,3673,paper
343,192,134,3679,paper
343,274,207,3656,paper
330,192,215,3666,paper
336,186,208,3659,paper
336,179,206,3673,paper
339,186,217,3659,paper
341,181,219,3657,paper
335,182,218,3662,paper
352,160,220,3643,paper
340,174,219,3641,paper
336,176,213,3652,paper
357,172,216,3667,paper
340,174,212,3649,paper
328,172,212,3657,paper
334,171,201,3660,paper
347,178,189,3675,paper
358,163,220,3653,paper
343,160,214,3656,paper
343,165,201,3652,paper
338,165,207,3650,paper
351,146,228,3649,paper
341,171,201,3664,paper
399,194,222,3755,paper
340,194,217,3657,paper
336,201,242,3665,paper
335,193,219,3664,paper
338,205,247,3657,paper
356,188,216,3659,paper
339,198,214,3657,paper
352,199,214,3650,paper
333,205,220,3636,paper
340,189,212,3650,paper
339,204,213,3611,paper
327,203,279,3657,paper
332,204,195,3658,paper
341,200,208,3655,paper
344,178,204,3665,paper
341,205,202,3659,paper
380,192,184,3636,paper
341,188,212,3669,paper
348,169,201,3661,paper
331,194,209,3653,paper
356,192,298,3657,paper
352,199,175,3660,paper
338,191,207,3648,paper
337,168,211,3671,paper
320,195,197,3573,paper
336,188,194,3673,paper
345,186,192,3646,paper
336,200,186,3658,paper
335,183,192,3658,paper
371,181,190,3650,paper
338,181,184,3639,paper
332,174,188,3706,paper
340,178,178,3659,paper
341,172,187,3687,paper
339,174,188,3660,paper
340,173,187,3657,paper
345,175,188,3661,paper
342,171,191,3682,paper
343,170,105,3673,paper
319,162,201,3662,paper
349,167,186,3651,paper
338,65,187,3660,paper
339,163,183,3656,paper
335,176,187,3658,paper
341,162,170,3657,paper
348,168,185,3656,paper
329,192,197,3661,paper
338,154,187,3656,paper
357,158,177,3661,paper
351,154,181,3657,paper
343,168,183,3660,paper
337,153,170,3662,paper
326,157,186,3663,paper
334,129,180,3684,paper
330,149,188,3681,paper
335,135,187,3717,paper
326,160,184,3660,paper
290,141,176,3615,paper
324,149,186,3664,paper
348,176,161,3657,paper
334,176,168,3653,paper
336,185,184,3659,paper
341,177,176,3674,paper
351,177,184,3661,paper
334,176,184,3669,paper
331,177,185,3646,paper
334,178,188,3673,paper
336,174,218,3651,paper
344,179,202,3656,paper
335,169,214,3656,paper
333,163,196,3657,paper
333,167,198,3658,paper
335,177,208,3655,paper
333,142,234,3659,paper
341,153,224,3655,paper
327,176,221,3657,paper
254,168,229,3733,paper
339,177,222,3662,paper
332,187,195,3653,paper
337,182,222,3655,paper
315,180,219,3634,paper
347,177,221,3654,paper
324,178,216,3647,paper
335,178,210,3652,paper
415,175,210,3671,paper
372,163,210,3657,paper
328,166,203,3659,paper
329,167,151,3649,paper
328,188,206,3655,paper
346,149,221,3657,paper
332,165,186,3656,paper
312,170,201,3666,paper
337,164,194,3655,paper
329,164,202,3657,paper
325,154,198,3661,paper
356,164,213,3654,paper
340,175,193,3655,paper
332,168,216,3651,paper
344,156,199,3654,paper
334,160,194,3657,paper
332,180,193,3655,paper
333,182,184,3653,paper
327,204,185,3655,paper
333,213,192,3656,paper
333,219,202,3657,paper
329,233,190,3655,paper
332,219,195,3652,paper
330,216,192,3654,paper
335,222,196,3656,paper
349,224,184,3660,paper
338,217,192,3660,paper
281,215,197,3671,paper
331,141,196,3660,paper
332,214,190,3659,paper
334,143,194,3655,paper
326,206,196,3657,paper
400,189,190,3659,paper
350,181,194,3654,paper
330,204,186,3658,paper
322,199,195,3656,paper
331,196,187,3653,paper
339,178,191,3653,paper
329,194,190,3657,paper
333,196,163,3659,paper
347,149,188,3656,paper
327,187,186,3651,paper
344,185,196,3660,paper
330,203,179,3660,paper
332,260,185,3653,paper
330,219,180,3658,paper
323,181,164,3663,paper
332,224,184,3657,paper
351,219,180,3653,paper
341,221,134,3645,paper
339,222,176,3655,paper
332,222,176,3649,paper
330,217,176,3651,paper
333,188,191,3656,paper
325,213,180,3659,paper
330,219,154,3660,paper
329,210,176,3659,paper
330,208,166,3658,paper
328,205,174,3653,paper
328,201,170,3654,paper
326,226,163,3658,paper
328,224,172,3661,paper
329,198,169,3658,paper
327,193,179,3677,paper
318,197,175,3660,paper
329,196,176,3654,paper
327,188,165,3661,paper
330,190,175,3658,paper
320,177,178,3657,paper
332,186,208,3654,paper
331,184,185,3665,paper
334,180,189,3657,paper
327,172,192,3658,paper
329,186,203,3649,paper
338,187,262,3661,paper
346,183,203,3657,paper
326,194,199,3659,paper
320,196,224,3650,paper
328,195,205,3658,paper
344,188,206,3657,paper
329,189,209,3657,paper
331,204,205,3653,paper
321,187,90,3656,paper
331,190,204,3667,paper
331,186,212,3664,paper
345,180,208,3658,paper
336,180,210,3665,paper
333,194,212,3657,paper
321,179,210,3659,paper
331,166,206,3655,paper
323,177,208,3661,paper
330,175,202,3654,paper
328,180,224,3662,paper
335,173,201,3633,paper
313,171,208,3666,paper
286,162,199,3617,paper
329,169,217,3657,paper
324,165,225,3662,paper
329,164,216,3667,paper
332,162,224,3642,paper
329,168,240,3652,paper
328,158,221,3658,paper
329,160,207,3666,paper
334,162,190,3659,paper
302,157,213,3663,paper
344,155,211,3656,paper
335,160,262,3658,paper
331,160,210,3672,paper
327,161,216,3663,paper
332,160,204,3635,paper
404,160,190,3642,paper
402,157,206,3650,paper
322,152,213,3664,paper
328,167,207,3642,paper
329,155,199,3652,paper
323,151,181,3652,paper
314,144,217,3658,paper
318,148,204,3660,paper
328,145,198,3656,paper
307,150,208,3661,paper
309,147,201,3639,paper
343,148,205,3655,paper
330,145,206,3682,paper
349,146,204,3721,paper
326,150,226,3655,paper
329,146,199,3661,paper
342,140,200,3658,paper
323,145,226,3670,paper
328,145,208,3653,paper
332,156,206,3656,paper
334,155,208,3660,paper
321,144,180,3667,paper
327,141,204,3627,paper
332,141,204,3671,paper
336,144,122,3669,paper
308,141,203,3655,paper
343,137,199,3654,paper
324,155,206,3657,paper
350,162,192,3685,paper
332,196,196,3735,paper
325,233,193,3651,paper
328,218,249,3639,paper
350,224,200,3653,paper
336,228,202,3650,paper
331,223,210,3659,paper
331,223,189,3643,paper
332,220,174,3657,paper
329,220,196,3659,paper
328,224,200,3662,paper
325,226,176,3659,paper
333,214,208,3652,paper
341,211,193,3659,paper
331,227,203,3646,paper
329,246,188,3661,paper
328,244,190,3657,paper
329,251,194,3660,paper
312,258,192,3656,paper
318,265,181,3673,paper
421,241,189,3661,paper
326,236,190,3670,paper
326,230,192,3658,paper
285,251,196,3660,paper
329,231,206,3645,paper
318,256,192,3668,paper
340,237,211,3682,paper
330,235,210,3646,paper
332,232,211,3657,paper
334,217,223,3646,paper
323,233,195,3659,paper
311,229,209,3658,paper
332,224,208,3715,paper
330,228,209,3659,paper
341,222,212,3652,paper
328,237,203,3741,paper
331,219,210,3732,paper
330,237,200,3673,paper
327,227,211,3659,paper
317,250,206,3643,paper
327,229,209,3665,paper
330,219,184,3667,paper
322,218,209,3662,paper
327,239,202,3653,paper
320,233,200,3648,paper
329,212,218,3660,paper
324,229,218,3644,paper
329,232,210,3654,paper
334,232,209,3656,paper
342,222,207,3762,paper
313,221,257,3656,paper
329,224,206,3666,paper
311,222,205,3652,paper
341,244,205,3659,paper
341,204,216,3655,paper
339,144,207,3659,paper
310,218,214,3659,paper
329,187,230,3643,paper
320,209,211,3652,paper
337,211,213,3657,paper
329,201,200,3679,paper
331,170,210,3661,paper
332,190,198,3657,paper
328,223,195,3651,paper
425,220,208,3661,paper
333,231,208,3656,paper
330,318,209,3656,paper
333,236,212,3656,paper
338,225,210,3656,paper
333,266,201,3668,paper
341,256,201,3655,paper
340,257,282,3659,paper
332,354,205,3655,paper
317,263,205,3661,paper
324,261,204,3659,paper
351,221,209,3661,paper
332,261,208,3684,paper
327,259,204,3,paper