4
340,110,145,1317
344,109,142,1290
340,108,142,1265
341,107,144,1242
344,109,145,1220
342,104,141,1202
347,108,141,1185
342,107,144,1167
346,107,140,1152
343,106,142,1134
346,96,144,1110
344,108,140,1091
343,104,138,1068
345,105,140,1048
344,103,136,1025
345,105,136,1014
343,105,136,997
347,104,137,983
345,104,137,972
346,103,131,964
343,105,138,951
346,102,134,938
346,105,136,927
346,101,133,911
347,105,134,897
343,100,135,885
346,103,133,865
342,102,135,863
344,101,133,858
345,104,136,852
345,100,132,839
348,102,132,825
345,101,131,812
349,101,132,803
347,99,131,794
349,102,130,782
347,101,133,796
349,99,130,798
348,96,133,794
346,98,130,799
347,100,136,787
346,98,131,793
347,102,133,798
345,97,133,791
347,101,132,774
344,98,136,769
349,99,132,778
348,97,134,778
345,97,131,763
345,101,132,753
346,98,132,751
346,94,133,749
345,99,132,743
349,101,132,731
345,97,134,722
348,97,129,706
348,101,131,700
348,97,130,696
348,101,128,708
349,95,129,696
349,97,130,687
346,98,131,679
347,98,128,669
347,88,130,667
348,99,130,661
347,97,133,653
347,95,132,649
348,100,133,643
346,93,133,633
341,98,133,625
343,96,131,620
342,96,132,610
344,93,134,615
346,94,129,614
342,97,134,613
345,96,133,608
346,100,132,601
346,96,129,600
347,99,130,598
347,98,131,591
347,100,130,582
345,104,133,576
346,104,128,568
351,107,130,576
345,105,129,566
347,107,130,561
345,104,126,567
350,106,130,555
341,104,128,552
348,104,126,559
345,103,128,546
345,101,126,547
348,103,128,536
345,101,124,539
347,104,129,535
347,94,130,536
349,104,131,527
345,102,132,524
347,104,132,517
346,98,132,513
346,104,129,505
345,106,131,506
342,102,133,502
346,105,132,496
345,102,128,491
345,104,128,492
343,2358
416,462,570,2324
422,454,577,2344
418,470,585,2407
421,486,627,2504
421,489,648,2562
418,487,682,2541
418,482,686,2492
431,478,679,2432
429,473,673,2381
422,469,662,2329
420,477,654,2283
417,485,642,2261
420,485,640,2242
422,476,630,2217
419,480,658,2171
413,474,608,2140
416,475,603,2092
416,477,587,2090
417,474,589,2075
413,474,584,2024
415,468,586,1986
421,464,571,1950
415,456,567,1918
423,452,561,1869
425,455,556,1842
432,463,549,1814
439,465,556,1833
442,463,550,1854
441,469,568,1853
442,469,580,1839
444,466,585,1807
444,460,578,1822
446,448,570,1838
443,448,563,1849
448,456,566,1865
443,457,572,1878
445,449,582,1870
441,447,577,1836
444,438,573,1799
445,442,516,1754
442,461,560,1736
445,476,554,1699
444,481,557,1675
443,476,553,1634
440,468,556,1614
439,463,548,1598
445,459,559,1566
436,464,533,1543
437,466,536,1551
435,466,474,1536
431,466,526,1511
429,470,521,1486
426,469,517,1456
429,471,504,1496
427,462,508,1431
429,468,519,1413
433,454,535,1412
430,466,539,1415
427,462,546,1413
429,470,537,1385
430,488,527,1393
432,475,529,1406
432,474,525,1422
429,466,516,1434
429,470,512,1411
424,469,506,1384
429,473,499,1363
428,468,489,1380
431,461,492,1404
430,458,498,1453
428,450,506,1463
430,458,513,1437
433,453,503,1417
434,450,501,1424
435,442,494,1437
441,446,489,1439
433,450,496,1412
434,447,476,1381
434,442,476,1360
435,435,472,1329
433,440,466,1339
438,444,476,1375
504,460,483,1373
456,457,482,1352
471,467,483,1333
470,458,478,1307
496,460,479,1317
501,459,496,1336
506,472,505,1326
538,477,513,1304
536,493,504,1297
538,494,514,1296
536,498,516,1300
537,495,530,1304
536,507,536,1311
532,493,530,1298
523,489,533,1323
528,481,537,1332
530,479,548,1331
530,497,544,1311
529,467,538,1285
530,472,531,1309
528,477,536,1323
522,489,528,1314
522,475,524,1289
516,474,521,1280
510,470,512,1236
512,471,506,1233
508,464,507,1231
512,466,507,1219
506,460,486,1203
506,460,494,1180
501,461,492,1168
500,480,470,1150
495,503,480,1160
491,461,476,1130
494,460,472,1127
487,453,461,1123
489,460,459,1110
484,454,456,1115
498,453,479,1156
480,450,473,1180
479,444,469,1194
475,446,473,1190
475,446,468,1188
471,449,463,1216
466,441,468,1258
468,442,471,1298
463,442,465,1321
462,450,459,1299
458,417,458,1274
460,465,460,1265
460,460,470,1273
454,452,470,1270
444,458,469,1248
450,462,459,1235
451,466,454,1215
450,463,448,1214
451,468,439,1208
441,471,435,1190
458,471,434,1166
443,466,430,1155
460,461,421,1164
441,462,418,1160
444,470,456,1138
441,477,408,1118
440,472,404,1112
440,473,396,1110
439,468,398,1094
432,474,401,1142
436,457,397,1107
450,464,396,1088
444,470,393,1082
447,471,398,1085
444,471,411,1093
455,470,415,1077
444,465,416,1060
440,459,413,1041
442,467,411,999
442,453,419,1060
447,451,417,1044
450,446,416,1045
452,448,409,1033
451,475,414,1040
460,479,410,1021
459,500,408,1034
458,500,405,1065
455,493,420,1074
458,491,407,1056
459,478,411,1061
460,475,413,1086
452,472,413,1077
450,483,415,1063
442,483,408,1044
454,484,406,1030
447,491,404,1049
448,492,401,1046
445,512,395,1069
445,494,390,1054
439,497,384,1042
436,488,382,1027
443,483,378,1022
447,477,373,1006
449,481,368,991
454,480,363,980
453,479,360,987
454,472,359,988
459,469,352,991
455,466,354,1009
451,460,350,995
456,473,341,986
455,471,345,976
453,472,352,981
443,468,370,1026
453,448,394,1035
446,451,413,1049
446,437,421,1044
445,446,424,1034
446,434,420,1083
443,447,436,1159
444,452,449,1227
435,456,461,1260
436,459,467,1264
436,462,470,1243
434,470,456,1222
438,461,452,1233
434,469,444,1266
430,463,439,1288
430,457,447,1293
426,454,429,1274
433,455,428,1246
424,456,436,1254
427,442,448,1254
424,450,456,1237
425,448,464,1229
420,439,470,1218
418,428,459,1209
418,433,469,1203
385,430,456,1202
417,421,464,1211
413,434,458,1214
414,439,457,1203
401,439,454,1226
414,438,454,1224
417,444,461,1266
428,461,469,1301
429,421,510,1321
467,420,496,1308
421,432,492,1333
418,425,484,1354
421,428,488,1396
416,429,495,1407
428,430,495,1387
423,429,492,1362
438,431,484,1332
430,423,481,1304
430,415,479,1280
432,411,468,1260
436,411,469,1247
438,420,470,1234
433,424,476,1228
439,407,478,1223
432,424,476,1205
455,414,466,1161
440,421,467,1164
435,420,461,1152
437,425,459,1132
428,422,455,1124
434,420,448,1100
435,422,448,1080
447,427,437,1066
441,427,433,1079
450,429,425,1092
457,428,445,1072
466,434,437,1112
458,438,453,1146
469,427,465,1154
473,428,475,1138
469,416,460,1114
468,414,452,1110
462,410,446,1150
464,409,468,1213
466,412,482,1230
467,404,488,1220
467,418,498,1202
465,423,488,1185
468,428,481,1168
467,420,478,1162
467,414,488,1142
466,417,505,1148
461,418,518,1137
458,423,534,1131
459,415,543,1121
459,417,545,1105
457,417,531,1087
461,414,531,1077
457,412,524,1067
467,397,507,1055
454,405,529,1050
426,398,528,1054
454,395,520,1059
449,387,521,1047
447,370,516,1047
444,402,507,1057
445,399,505,1042
443,393,505,1045
457,392,494,1030
438,395,500,1030
439,393,495,1028
495,396,491,1019
433,390,483,1014
436,397,478,1000
433,398,472,983
428,394,466,967
431,398,464,954
429,392,458,966
422,379,461,975
424,386,465,1004
431,396,474,1015
431,387,476,1024
434,382,489,1069
428,377,502,1027
436,374,502,1035
440,373,515,1114
432,379,529,1184
434,384,533,1198
430,377,531,1175
427,366,530,1168
422,372,522,1134
426,379,520,1131
427,371,517,1149
429,378,522,1129
426,374,512,1115
428,368,501,1109
431,365,500,1107
422,358,499,1083
429,357,492,1066
426,373,487,1065
431,381,482,1057
429,381,491,1038
430,385,478,1016
433,386,474,999
427,379,471,984
427,383,468,983
425,377,461,1000
434,376,459,1022
431,371,466,1012
432,376,474,998
449,381,485,990
436,375,488,993
441,381,495,982
450,390,507,966
447,397,504,950
448,393,495,940
445,393,492,944
441,392,488,946
432,397,486,948
436,393,489,955
440,391,491,977
438,393,499,1004
437,396,506,1017
424,396,506,1051
437,385,495,1002
437,384,500,1000
438,387,498,1005
448,387,505,1021
447,362,510,1037
452,389,512,1037
453,384,522,1047
457,385,504,1035
454,388,504,1018
454,384,502,1006
465,383,471,987
457,379,492,974
461,373,491,965
457,367,498,949
458,366,498,943
457,427,493,987
454,372,490,1014
447,380,496,1012
461,366,478,999
449,369,479,997
447,365,480,1032
448,368,485,1052
442,372,489,1043
446,360,485,1040
436,356,487,1045
447,355,473,1025
444,360,478,1064
445,370,482,1108
445,361,483,1117
452,356,473,1118
456,360,469,1096
457,352,464,1081
464,346,459,1061
458,351,453,1046
465,349,444,1021
452,364,437,1017
452,346,445,1014
439,345,453,1024
452,341,445,1026
452,349,454,1028
441,359,461,1020
449,358,461,1045
450,355,461,1029
446,351,454,1010
445,352,449,995
444,366,449,981
441,378,459,1024
441,374,476,1050
444,365,485,1048
440,374,478,1022
440,362,471,1015
431,361,467,1014
434,366,459,1019
433,360,459,1018
430,364,458,994
434,364,453,999
430,365,457,970
441,369,452,954
426,365,446,943
427,367,445,927
426,364,441,918
428,361,440,909
426,361,438,916
418,357,450,904
425,356,443,890
420,366,449,885
419,366,461,891
420,363,462,877
417,353,453,864
411,356,450,869
404,365,440,914
412,380,467,977
411,376,472,991
412,375,472,975
404,367,462,943
415,378,459,954
409,383,452,957
421,379,449,955
417,371,450,951
422,367,445,940
415,367,445,929
425,368,435,925
424,370,432,929
424,365,428,948
419,370,429,940
423,366,422,934
428,364,424,921
427,356,418,945
428,352,399,962
429,355,409,973
424,352,401,968
428,356,412,953
424,361,395,935
426,370,396,932
424,366,393,941
427,362,403,952
419,365,401,947
419,362,397,933
419,373,389,930
425,363,400,995
418,370,409,1053
421,361,412,1079
422,379,411,1080
416,388,402,1071
415,379,403,1095
410,376,411,1146
414,368,411,1170
411,368,428,1188
408,365,444,1186
412,360,441,1155
406,348,424,1151
406,353,440,1176
404,352,432,1178
395,346,428,1158
396,342,407,1136
405,338,423,1118
407,338,416,1106
408,345,427,1108
400,372,410,1185
412,372,404,1127
414,373,391,1118
407,367,394,1118
413,368,395,1101
408,363,403,1112
413,352,405,1130
416,359,404,1114
416,358,399,1088
415,373,396,1072
412,357,390,1071
411,360,380,1088
406,362,376,1076
442,353,378,1065
464,350,378,1062
412,347,378,1064
415,346,380,1035
414,337,384,1025
411,332,393,1013
403,328,388,1008
409,331,386,1022
411,337,380,1051
407,340,374,1046
406,338,374,1024
448,337,368,1018
405,334,362,1006
416,325,377,1001
411,326,358,987
410,327,365,999
410,337,370,1010
455,332,365,1007
413,334,359,986
404,332,360,974
414,321,355,957
409,323,354,945
413,320,349,941
411,315,345,935
407,312,341,885
405,311,336,906
408,314,333,903
406,317,341,898
421,321,329,886
412,309,322,876
408,314,321,868
418,328,315,853
408,336,317,853
409,338,309,847
404,344,311,850
410,348,306,846
412,349,316,850
412,348,339,888
411,349,371,918
413,341,389,913
412,336,410,907
411,320,418,882
406,329,426,901
409,326,443,908
407,321,447,911
405,324,440,918
402,358,440,948
402,331,435,952
389,329,423,941
389,322,424,923
400,319,421,920
399,315,416,896
395,317,405,884
395,310,410,888
397,306,406,872
392,310,408,863
402,314,394,851
392,314,393,834
394,317,387,826
401,319,384,815
406,317,376,816
412,327,372,832
409,328,373,834
406,323,363,828
410,324,366,821
416,326,358,816
415,328,364,852
417,320,379,885
417,323,400,922
413,316,415,958
411,314,432,973
413,313,435,967
413,311,428,981
406,307,425,997
408,306,414,986
407,310,419,1001
406,303,422,1041
412,301,452,1074
403,295,445,1075
407,298,447,1058
407,297,437,1037
414,286,426,1040
416,294,426,1051
429,301,417,1031
423,320,417,972
418,315,407,1021
438,301,408,1002
439,305,402,999
443,303,397,991
437,301,390,977
440,297,386,957
439,300,386,944
440,305,381,943
441,305,382,963
439,305,387,969
438,306,396,1002
419,305,394,953
436,312,384,938
435,304,385,929
439,311,386,922
434,320,383,910
444,331,382,899
438,338,384,883
441,333,371,873
441,320,375,859
443,326,372,859
440,330,379,862
439,327,363,877
449,355,373,867
439,323,371,883
441,318,375,889
434,317,372,878
444,310,372,863
431,307,381,861
431,304,394,856
422,309,397,843
416,303,392,820
432,304,395,840
428,299,392,845
430,302,395,849
431,305,406,871
421,311,406,872
427,317,407,862
427,313,398,859
437,311,393,842
426,306,399,852
428,304,409,870
476,298,425,881
417,294,441,877
424,290,448,862
421,290,447,866
423,318,440,889
422,287,434,893
413,281,437,881
411,211,427,874
415,275,439,874
411,274,449,897
416,281,448,907
418,294,452,930
414,288,443,926
418,297,444,907
421,282,434,897
420,295,433,908
424,293,428,933
419,288,427,933
420,292,432,928
421,297,424,940
417,296,431,934
422,297,420,917
418,303,413,906
417,299,409,900
424,294,419,920
416,292,435,930
422,290,447,967
414,282,460,995
414,281,456,987
419,286,468,997
422,287,481,1036
354,302,487,1078
417,305,489,1087
429,320,484,1072
424,322,478,1058
430,316,470,1046
421,320,463,1032
421,316,463,1017
420,320,459,1001
423,312,445,981
421,316,445,969
421,312,438,951
418,300,434,932
420,302,434,926
420,302,441,935
415,305,450,941
418,318,441,929
433,327,435,929
426,329,428,912
437,323,434,915
424,336,427,923
437,348,425,935
442,349,473,965
437,346,438,976
435,346,444,983
433,340,446,983
428,347,430,1033
429,299,437,1066
431,340,430,1070
430,333,426,1097
428,333,422,1045
427,331,416,1025
428,331,412,1021
426,326,406,1006
423,328,405,996
427,332,416,990
418,335,412,975
431,337,415,964
439,330,419,956
450,336,417,928
449,325,411,928
454,330,405,918
459,328,402,915
464,326,397,904
461,321,393,896
463,323,401,907
463,328,397,927
458,323,407,951
440,322,418,939
454,314,438,948
458,329,457,970
455,323,471,983
456,325,475,973
455,343,480,963
454,348,479,993
464,393,539,1083
449,386,544,1133
450,386,554,1127
447,348,558,1114
448,379,559,1109
444,378,547,1092
446,374,543,1063
445,389,528,1052
448,363,531,1037
447,367,528,1021
457,378,531,1002
450,384,526,1019
445,379,522,1049
451,372,522,1069
441,367,528,1074
448,374,514,1052
441,382,507,1054
443,381,507,1047
442,387,507,1056
439,388,501,1107
438,388,514,1112
435,384,508,1131
439,392,502,1108
436,389,500,1101
430,383,502,1105
432,381,506,1114
433,378,521,1120
435,372,536,1142
416,365,545,1135
488,365,551,1117
427,357,544,1109
441,364,522,1141
428,362,564,1172
427,363,578,1178
424,371,578,1177
424,368,579,1169
420,370,571,1149
421,365,568,1142
420,354,561,1170
418,356,560,1215
416,348,556,1237
418,358,561,1229
417,360,548,1208
417,365,541,1175
412,359,537,1174
411,354,537,1215
397,351,527,1223
410,350,520,1207
410,343,513,1186
407,354,517,1181
403,411,502,1188
405,345,497,1198
405,346,499,1211
402,345,490,1214
404,346,484,1215
406,338,480,1222
407,346,476,1212
403,347,477,1191
409,338,477,1168
402,338,479,1152
412,324,484,1129
410,330,482,1115
408,323,479,1123
406,323,476,1111
401,316,472,1097
403,323,467,1092
401,324,479,1120
400,329,491,1168
405,333,499,1176
405,336,497,1156
403,337,496,1161
403,332,483,1153
401,330,482,1137
393,318,473,1118
400,330,461,1126
396,328,464,1111
401,332,468,1088
411,329,457,1077
396,324,464,1092
395,329,488,1135
393,320,506,1175
385,315,535,1198
389,318,539,1197
395,311,540,1183
397,317,529,1201
408,331,540,1247
413,344,544,1259
422,352,542,1258
421,352,537,1237
430,348,529,1249
436,343,540,1262
437,312,534,1247
438,340,534,1240
434,343,530,1221
435,340,525,1241
421,337,529,1245
429,335,529,1240
427,332,537,1225
419,315,528,1202
426,327,524,1188
424,340,520,1215
424,331,527,1243
428,323,520,1224
423,321,514,1201
418,318,509,1197
410,316,506,1179
422,322,501,1162
425,314,498,1139
429,320,492,1131
431,318,487,1135
429,318,488,1137
424,312,494,1143
425,304,512,1116
432,308,509,1102
436,299,506,1086
437,302,508,1075
433,296,524,1066
440,320,526,1121
442,313,540,1162
448,312,530,1152
443,307,531,1139
446,302,524,1117
449,312,517,1114
443,312,512,1102
444,318,506,1104
437,313,497,1097
446,314,493,1082
441,307,488,1062
447,307,480,1044
435,300,482,1067
442,301,501,1108
436,315,484,1122
443,303,512,1108
438,311,529,1095
444,302,532,1074
445,304,526,1090
443,303,544,1146
443,315,553,1168
436,310,554,1148
440,307,548,1123
438,312,542,1117
431,312,536,1114
434,311,534,1114
423,310,520,1097
434,308,519,1083
433,298,514,1067
429,299,506,1062
427,294,494,1048
429,284,493,1024
423,299,490,1009
417,304,489,988
424,315,504,973
478,304,483,955
428,302,480,948
427,296,480,938
424,305,472,926
419,306,466,935
421,315,468,986
424,303,469,1029
423,298,536,1024
422,299,491,1013
419,292,489,1017
467,290,480,1047
417,290,479,1089
415,288,484,1118
420,288,483,1143
405,293,469,1136
410,288,474,1119
418,284,471,1100
425,284,512,1080
419,291,467,1062
414,301,464,1045
416,283,459,1027
420,306,446,1011
422,290,455,1004
431,273,459,985
428,295,458,963
435,306,452,960
432,322,447,947
431,300,440,942
422,297,404,935
437,295,430,928
440,296,418,915
439,298,428,920
442,296,423,924
432,293,425,930
450,286,418,917
430,294,406,904
433,283,407,911
434,288,404,919
431,297,404,917
433,300,405,904
427,296,398,891
430,288,394,878
428,297,393,870
429,293,391,856
430,294,397,840
427,291,396,830
435,292,405,827
435,290,389,817
428,287,395,815
431,276,393,813
433,282,388,798
429,278,384,796
429,300,377,795
424,285,375,786
423,278,369,772
425,311,368,767
420,281,357,758
424,282,357,746
434,288,355,750
439,296,375,759
428,296,358,802
428,284,376,841
432,272,380,862
426,278,373,847
420,276,371,865
426,268,366,890
417,274,358,910
427,295,360,925
429,263,363,957
430,246,365,974
434,266,356,963
431,269,354,956
431,270,352,955
431,273,352,941
429,273,348,942
426,272,346,918
432,273,342,909
434,268,336,898
431,268,339,893
431,267,336,888
429,262,331,878
432,263,323,860
434,266,327,849
435,257,324,830
434,265,321,831
434,264,318,809
436,264,332,800
437,258,324,806
411,257,317,798
450,261,317,788
467,262,312,768
479,275,312,771
476,273,318,783
488,271,324,814
495,269,325,868
501,264,333,883
496,262,342,873
501,256,350,863
497,259,345,935
493,252,350,970
490,251,358,1000
488,241,353,985
494,245,359,990
487,241,371,1004
484,243,381,949
482,246,381,973
414,247,374,975
477,254,392,1008
476,258,409,1026
483,267,423,1032
474,263,415,1019
475,266,415,999
459,265,412,1015
471,258,404,1015
469,253,401,1002
467,262,396,990
461,262,392,973
463,260,389,953
462,264,387,935
459,274,385,928
460,257,395,926
459,258,403,921
460,257,417,910
455,253,397,900
459,249,419,894
458,257,416,911
457,259,397,925
457,268,432,959
452,261,440,997
455,282,456,1003
451,274,456,1003
454,273,455,989
452,272,452,973
452,270,412,955
454,270,439,955
454,266,436,957
459,269,433,976
457,254,427,970
451,264,432,975
453,257,434,964
454,258,427,959
450,250,429,968
447,246,426,980
452,241,434,983
448,253,431,969
452,258,433,962
455,253,435,943
454,257,438,942
451,258,435,945
459,258,424,925
462,258,423,913
456,254,420,897
451,256,418,885
447,246,407,890
453,247,404,919
457,234,396,923
464,254,394,942
474,256,402,962
475,254,424,956
476,252,420,941
480,266,418,930
476,271,425,943
472,268,435,968
472,265,456,1009
478,248,476,1050
474,260,485,1057
468,247,489,1035
475,252,481,1034
467,258,479,1021
467,257,470,1019
466,258,470,1017
465,253,477,1013
460,253,489,995
459,250,471,979
463,252,464,1003
460,268,481,1076
461,276,498,1118
461,275,509,1125
462,280,506,1116
442,298,508,1090
458,295,500,1068
458,296,494,1056
455,290,489,1034
471,286,494,1026
505,284,474,1026
456,284,473,1044
462,279,482,1080
453,274,490,1099
452,273,505,1098
450,265,507,1088
451,266,512,1071
445,260,500,1089
447,261,496,1113
442,258,497,1121
444,256,492,1104
428,256,487,1087
442,256,483,1064
442,230,478,1065
441,267,475,1049
441,266,472,1046
439,260,466,1037
440,264,461,1029
434,269,460,1033
439,265,449,1032
434,257,447,1041
437,262,447,1050
437,260,453,1051
434,257,432,1029
439,256,448,1012
437,254,441,996
439,271,436,981
437,272,456,966
444,272,426,955
441,270,424,955
442,264,425,952
441,265,431,966
437,258,426,954
440,257,420,945
430,256,419,929
443,257,413,913
439,254,407,904
438,251,401,897
437,257,400,897
438,249,401,926
438,252,406,903
439,244,404,903
441,256,402,907
439,251,392,913
439,247,393,891
434,234,386,877
434,267,387,871
423,260,397,877
433,252,386,876
428,260,381,875
427,254,376,859
422,251,376,844
426,251,368,832
427,251,366,818
425,246,360,806
432,244,353,790
432,242,358,792
427,241,353,787
434,253,352,782
439,249,367,788
443,249,376,784
443,246,376,792
448,244,393,781
439,240,377,792
445,241,380,798
442,238,372,787
436,239,366,781
440,237,366,792
448,235,333,761
439,242,370,777
435,240,367,784
434,249,370,770
434,244,363,775
437,240,374,791
435,242,388,806
428,236,392,802
431,234,393,811
445,210,393,824
430,233,394,824
432,229,389,817
435,227,385,802
430,226,393,805
433,221,400,818
427,219,396,810
427,219,398,828
432,221,400,821
435,220,414,810
423,272,395,819
421,219,394,831
422,233,396,819
423,224,382,812
415,228,386,792
420,225,386,781
417,213,380,794
429,222,379,804
428,218,374,788
435,217,378,780
430,213,369,786
434,223,361,799
433,224,360,808
437,228,356,817
433,249,344,818
437,227,349,805
435,251,349,805
433,231,341,804
439,225,342,795
439,230,333,790
436,234,327,773
437,234,323,764
443,232,328,1461
435,231,326,2752
439,225,345,2858
442,225,336,2976
445,223,338,3060
445,223,344,3130
429,221,348,3190
441,225,367,3223
437,223,380,3233
436,223,387,3260
436,202,393,3298
438,254,385,3301
437,222,396,3279
436,269,376,3250
433,223,394,3269
432,226,405,3289
433,238,406,3295
430,241,415,3286
457,244,418,3264
436,240,420,3238
432,244,415,3176
431,240,412,3109
441,241,405,3055
462,253,410,3014
458,243,400,2943
452,240,398,2917
450,235,405,2875
451,236,423,2827
442,227,432,2801
453,229,440,2787
449,225,452,2733
444,224,442,2703
447,227,443,2696
441,225,449,2695
443,233,452,2688
432,237,453,2688
436,232,450,2641
432,230,448,2590
434,229,447,2569
431,223,454,2549
435,222,469,2524
439,224,475,2469
424,224,466,2437
429,221,462,2393
431,223,454,2363
427,220,448,2318
427,219,445,2274
427,237,436,2221
426,222,436,2183
416,221,426,2116
422,220,428,2080
421,218,426,2042
423,227,424,1993
422,216,421,1947
425,214,418,1898
429,216,408,1876
442,211,404,1876
422,217,408,1872
424,213,400,1829
420,228,402,1787
418,215,393,1753
422,216,393,1714
420,215,387,1695
419,229,370,1676
412,209,389,1655
425,210,399,1638
424,205,409,1622
413,211,399,1587
422,210,402,1566
425,205,396,1554
429,207,395,1548
424,204,402,1518
422,212,410,1527
438,227,416,1544
425,224,415,1515
425,230,412,1489
426,227,406,1471
430,223,406,1468
428,222,400,1478
428,224,395,1474
424,210,398,1456
425,223,386,1427
418,218,390,1409
426,217,384,1367
419,214,386,1356
425,213,381,1334
422,215,376,1308
426,214,366,1279
423,212,370,1259
422,211,366,1239
432,216,358,1225
418,216,358,1205
435,219,356,1184
436,223,343,1160
431,216,349,1145
427,234,341,1132
429,237,334,1112
432,244,352,1093
430,248,333,1073
432,258,333,1071
425,245,341,1080
423,244,340,1088
430,244,364,1070
435,239,374,1053
437,237,386,1033
441,242,377,1021
445,262,381,1015
448,234,389,1044
448,236,415,1056
436,234,425,1049
441,227,415,1028
439,248,418,1022
439,228,413,1041
437,226,418,1051
437,223,416,1046
433,220,423,1030
433,217,411,1026
447,221,407,1040
442,222,401,1039
444,220,398,1022
442,222,397,1003
438,228,389,985
425,232,438,975
430,228,391,969
435,224,391,951
439,220,384,937
435,221,380,923
426,217,376,921
428,222,368,930
436,215,371,944
426,232,377,960
422,217,381,968
420,215,382,971
423,208,374,960
422,213,370,959
418,225,365,993
413,225,373,1022
414,233,356,999
414,222,355,986
413,218,347,976
413,221,347,965
415,216,341,970
417,216,336,957
416,209,330,946
417,216,326,958
412,210,339,989
415,208,333,994
457,207,336,983
412,204,334,966
414,205,330,957
416,212,326,941
424,220,322,921
418,233,321,927
428,230,316,930
436,227,313,922
430,224,312,912
430,225,320,908
432,220,324,904
435,219,333,909
439,212,345,895
440,216,358,888
425,207,358,884
432,211,360,866
433,202,355,880
430,208,354,903
425,212,359,922
443,212,351,930
423,215,350,916
421,215,344,903
422,208,342,892
421,214,337,902
424,209,333,911
416,208,335,897
421,181,326,879
419,224,325,876
411,219,334,879
420,224,318,875
416,216,312,872
421,215,310,866
421,218,306,849
425,208,299,839
422,209,309,825
417,209,300,814
420,204,303,822
421,211,298,818
425,233,301,806
418,231,295,770
437,231,293,781
435,229,287,781
450,225,288,802
438,230,288,784
447,229,291,774
451,229,307,774
449,230,315,774
453,223,322,765
454,217,318,770
458,218,327,807
452,214,333,834
455,214,335,823
454,211,336,815
452,211,329,807
446,209,336,809
449,211,337,811
443,212,343,812
448,212,339,809
444,206,337,804
441,204,327,836
443,204,330,834
438,201,335,837
441,201,335,842
444,194,333,827
437,194,331,821
434,194,338,822
435,192,340,828
421,196,340,826
431,128,340,814
432,192,338,824
434,190,343,838
435,190,353,876
427,195,362,907
426,202,358,899
427,190,354,886
429,191,349,891
430,192,346,910
421,194,343,907
423,203,344,908
420,192,349,916
423,191,356,916
421,191,342,921
424,185,379,937
419,188,342,951
417,189,343,969
414,192,354,993
413,190,339,978
421,192,334,997
419,180,342,1051
420,181,360,1089
417,186,358,1118
416,184,367,1108
415,190,363,1115
417,191,357,1140
422,192,357,1170
421,190,358,1188
423,184,359,1174
377,191,351,1184
422,192,351,1190
425,193,343,1148
418,190,340,1143
422,194,338,1139
433,194,336,1134
425,187,338,1122
421,187,336,1112
424,186,334,1110
422,181,333,1098
455,179,325,1082
426,180,338,1084
424,190,332,1079
423,200,331,1065
421,144,328,1043
422,205,330,1033
412,202,336,1045
424,198,355,1077
420,206,378,1137
424,191,393,1166
421,145,409,1172
427,196,414,1158
418,201,412,1158
425,205,416,1219
417,202,428,1303
410,202,434,1350
413,197,448,1353
412,203,463,1391
414,195,470,1371
413,212,461,1358
413,209,458,1352
411,215,450,1351
409,215,446,1354
412,211,452,1346
408,210,452,1339
411,210,448,1307
411,206,442,1284
413,205,437,1274
406,212,438,1253
420,215,439,1227
420,217,448,1207
422,211,456,1188
422,211,453,1188
416,212,447,1211
416,208,442,1195
416,209,443,1181
418,208,439,1156
425,200,437,1148
417,212,433,1151
415,206,428,1152
419,201,420,1133
424,197,413,1109
421,213,412,1092
430,202,416,1089
426,191,432,1124
427,189,457,1162
430,192,480,1148
423,190,483,1131
425,192,478,1143
414,189,484,1194
422,191,504,1260
417,190,517,1277
421,194,522,1282
415,201,532,1306
418,205,544,1310
418,212,554,1283
428,206,545,1272
425,209,539,1273
420,206,533,1275
426,209,530,1250
428,202,529,1259
433,198,526,1260
432,199,538,1291
434,202,525,1281
431,195,526,1253
429,192,516,1233
432,195,512,1244
426,190,504,1243
427,190,505,1231
427,186,502,1213
428,188,498,1185
426,187,490,1198
433,201,485,1205
437,184,482,1216
429,194,479,1198
426,205,483,1174
430,202,492,1152
428,201,480,1133
421,198,468,1152
422,199,467,1190
422,194,474,1199
424,211,461,1190
421,208,456,1187
421,207,449,1164
419,220,452,1148
463,203,439,1131
420,201,432,1126
415,202,425,1105
370,204,423,1084
415,202,418,1067
420,194,426,1057
416,200,410,1054
412,194,403,1024
419,200,411,1011
416,195,387,997
376,195,390,987
413,188,388,979
459,190,386,963
419,189,377,951
418,187,378,941
420,188,374,925
417,177,367,913
416,184,368,914
411,184,367,900
412,187,358,894
400,183,363,878
365,180,354,865
407,189,355,855
408,185,348,841
407,184,352,859
406,186,360,879
405,184,373,876
404,186,355,857
411,189,353,851
407,186,348,864
411,186,347,894
408,177,363,909
412,182,363,928
411,182,363,931
410,181,364,910
404,173,364,899
407,177,363,944
414,178,372,981
403,187,372,986
400,179,371,967
396,176,365,938
403,183,363,963
416,186,369,986
396,171,371,998
400,183,377,1004
398,176,368,986
401,179,360,973
396,173,366,966
401,173,368,947
406,164,390,926
410,178,384,916
409,200,394,939
409,184,392,922
416,186,396,941
422,182,398,919
426,181,386,908
418,179,384,889
421,184,378,878
421,193,376,873
417,205,375,878
418,207,383,894
421,216,378,913
457,214,386,900
421,206,382,890
420,207,380,882
418,202,381,885
420,203,391,913
417,201,406,965
418,201,417,980
419,133,432,979
417,192,435,979
417,200,439,968
412,199,431,995
429,211,450,1064
410,213,473,1116
411,214,486,1119
404,220,482,1098
411,231,477,1085
412,239,469,1071
412,234,466,1055
417,233,460,1047
418,236,454,1030
424,232,453,1010
433,228,492,1002
431,225,434,998
427,223,428,985
428,218,427,962
426,220,419,946
418,216,421,929
422,223,413,919
408,214,425,901
421,218,420,883
417,222,416,884
421,214,412,871
418,216,409,878
419,211,398,863
417,210,401,854
417,205,393,870
417,205,396,886
416,204,396,878
424,202,405,884
418,209,420,887
420,213,411,869
418,211,417,855
426,209,405,840
400,209,403,845
416,208,401,849
425,212,417,854
430,209,417,837
437,214,407,837
432,204,412,823
431,205,397,813
427,198,394,809
430,215,386,803
429,219,386,816
429,215,382,852
431,217,395,875
431,212,393,879
428,214,388,887
412,214,396,933
435,210,401,937
426,216,398,918
430,222,392,910
430,188,391,902
431,218,388,908
429,222,384,904
420,218,379,897
424,218,377,892
421,218,374,876
425,216,374,882
433,215,371,871
425,205,369,856
423,204,374,846
426,198,377,858
424,204,396,877
419,200,416,874
427,202,431,911
434,198,413,912
434,196,431,923
432,197,432,950
422,192,441,999
426,205,450,1013
429,202,451,992
421,203,445,984
436,202,432,972
423,196,431,963
422,197,426,952
434,195,420,933
420,194,424,919
424,193,400,901
426,194,411,887
421,197,402,868
425,198,400,863
424,191,397,854
424,195,392,840
420,189,388,828
422,192,385,813
420,186,379,815
419,189,373,803
416,188,370,784
414,188,370,807
423,191,384,823
420,184,397,835
423,188,413,859
420,204,414,850
420,182,409,866
421,183,405,887
421,186,402,904
419,197,419,907
418,182,415,903
424,189,430,909
424,193,432,909
424,190,429,896
424,189,424,880
431,186,421,870
432,240,419,862
437,182,419,848
428,185,417,834
434,158,417,842
436,180,417,872
430,181,420,882
428,194,416,867
428,201,408,852
437,195,406,846
429,195,402,841
431,214,403,889
434,204,403,918
427,203,400,919
426,202,398,917
439,197,397,898
434,197,393,887
461,191,391,885
430,185,404,876
426,188,413,867
427,191,419,860
424,189,423,867
419,188,430,869
438,194,441,878
426,206,440,897
425,219,460,909
423,212,465,893
426,211,460,883
416,208,464,868
420,205,441,853
420,205,448,841
420,200,443,836
422,202,437,829
423,198,442,858
426,200,459,908
422,196,469,964
420,192,486,988
417,192,491,993
425,190,480,1000
420,197,484,1028
426,198,484,1110
430,196,495,1162
420,206,496,1204
423,205,515,1243
408,206,532,1247
423,203,536,1225
424,199,522,1211
413,198,535,1195
418,199,512,1205
420,199,508,1227
420,210,506,1229
420,193,503,1217
426,192,519,1200
417,192,516,1181
417,189,513,1157
413,187,507,1143
420,186,498,1113
424,191,500,1118
414,184,490,1127
415,189,501,1124
417,185,499,1106
420,180,496,1094
420,177,488,1085
417,173,487,1092
419,180,484,1101
417,180,476,1093
408,180,474,1077
414,192,469,1083
418,198,465,1092
422,186,459,1058
427,190,457,1065
430,194,451,1077
434,212,457,1079
438,196,451,1062
448,194,444,1057
445,194,449,1069
456,198,431,1063
451,202,434,1060
447,199,438,1088
443,203,433,1098
442,201,436,1083
444,197,433,1098
439,195,432,1121
430,201,438,1145
436,204,437,1137
437,208,426,1115
434,202,440,1104
422,214,448,1116
432,197,462,1148
424,202,470,1139
432,206,464,1116
426,208,460,1094
426,205,469,1082
429,210,480,1105
434,216,487,1120
423,217,486,1130
425,212,496,1122
431,203,476,1098
425,210,468,1094
428,210,463,1102
423,205,462,1104
428,208,387,1091
423,204,444,1077
426,199,436,1080
424,200,436,1079
418,196,429,1058
426,196,443,1049
421,196,440,1039
422,197,456,1029
417,192,456,1027
413,190,443,1033
416,190,445,1028
412,187,438,1015
411,191,442,998
412,187,437,977
409,186,441,973
419,182,431,958
419,194,430,930
417,169,438,970
416,180,441,966
417,178,445,956
416,176,439,941
416,176,434,941
415,171,428,926
418,172,426,903
410,172,448,904
411,168,412,902
413,167,406,898
413,164,397,891
420,179,393,879
423,168,395,871
427,169,390,857
427,156,378,862
428,173,386,869
430,164,386,874
424,170,387,905
435,170,388,906
436,177,377,897
438,186,375,906
433,187,374,939
456,188,376,971
436,185,382,984
438,151,374,972
435,182,371,973
438,182,367,974
434,179,372,972
431,181,370,953
428,185,368,950
426,183,365,967
428,163,364,955
427,181,358,945
425,186,356,959
421,184,354,949
433,183,380,939
419,174,352,940
420,172,344,921
418,166,353,941
418,172,356,960
417,169,362,954
416,178,355,947
421,195,359,979
413,205,355,933
429,203,350,935
430,204,392,963
432,200,354,975
434,204,348,963
435,200,343,952
433,199,337,955
439,194,331,933
430,193,333,922
430,193,329,919
436,192,326,918
425,189,324,923
431,187,328,930
429,200,318,931
426,184,314,918
426,180,315,908
428,178,312,892
429,180,316,888
426,179,325,882
426,191,335,865
422,177,345,853
450,179,356,852
423,179,355,841
420,176,356,818
426,179,379,819
416,175,367,813
417,174,376,818
415,172,375,836
402,173,386,830
412,169,382,837
413,173,370,848
414,169,374,844
413,171,372,848
412,170,365,851
413,165,364,841
414,174,366,833
413,169,359,824
418,171,347,826
410,165,350,836
418,164,348,827
413,157,346,815
413,168,342,796
418,164,342,790
414,165,337,784
413,165,346,798
410,167,352,815
412,173,364,821
414,178,381,828
413,184,364,845
419,184,363,864
414,177,355,852
419,184,357,859
411,181,370,856
417,179,387,876
413,172,391,878
417,173,385,866
416,186,384,854
417,176,389,844
414,175,396,831
420,176,316,822
418,176,375,836
419,171,374,855
424,172,368,870
418,171,364,855
422,169,360,841
420,169,360,830
426,168,355,843
420,166,351,877
405,167,349,912
428,161,341,915
440,177,342,904
448,184,338,894
444,188,337,926
452,178,343,942
456,181,344,956
452,182,336,945
455,156,341,944
451,188,337,936
452,187,339,915
451,181,332,902
441,188,335,888
437,183,326,880
447,182,332,872
442,170,325,866
448,178,323,876
456,179,324,895
451,171,328,906
444,175,333,893
443,174,325,884
441,171,317,878
437,171,312,863
438,182,314,855
433,165,314,853
437,171,311,838
422,173,309,827
445,170,308,824
433,168,314,837
432,173,307,830
433,176,304,812
426,172,304,804
430,165,298,798
425,171,299,803
420,180,293,800
424,179,288,796
425,170,283,789
426,178,286,776
427,161,284,767
425,174,292,770
416,176,298,776
421,185,312,773
418,179,315,765
417,180,311,792
414,175,312,778
416,174,309,775
415,169,317,790
413,182,333,830
417,186,329,845
411,192,335,842
412,190,327,829
410,189,328,822
411,185,328,822
409,185,321,837
410,181,314,852
416,184,321,872
421,180,318,886
426,181,314,903
445,186,326,887
418,192,324,875
428,194,318,861
437,191,313,833
433,191,312,845
432,192,306,866
429,192,303,873
431,187,301,878
431,188,305,897
423,180,323,934
433,190,322,951
429,193,322,938
444,194,316,923
434,197,318,919
438,191,310,912
434,192,309,907
435,191,299,904
438,188,304,900
428,185,304,885
433,183,298,874
435,184,296,863
433,191,292,860
432,186,291,837
431,189,288,823
427,190,290,832
422,190,295,827
427,192,295,816
421,190,296,804
413,190,285,789
420,187,293,782
428,169,292,765
425,186,289,759
432,172,282,751
444,183,284,768
447,181,281,768
444,182,279,758
447,193,273,759
455,206,273,795
452,207,279,840
453,203,293,853
454,206,280,844
451,197,282,840
452,190,283,841
445,199,281,820
448,196,280,823
444,194,281,803
443,194,285,800
435,190,291,805
440,190,294,799
429,191,298,783
435,173,288,772
429,185,286,766
432,182,282,767
431,189,275,786
484,191,280,784
434,192,278,773
430,192,273,767
439,191,273,760
428,192,278,791
430,185,278,810
426,168,280,815
425,188,276,811
428,186,275,794
427,186,273,790
442,185,274,779
431,189,272,770
429,180,270,757
430,181,268,750
422,183,264,759
434,169,269,758
432,178,264,750
431,190,257,747
442,208,253,744
440,209,250,768
437,201,250,729
441,199,247,728
441,199,250,734
440,189,253,755
439,189,263,735
437,193,272,753
435,191,280,763
438,190,277,759
428,185,242,778
435,187,289,812
437,179,289,801
430,200,293,825
429,193,288,828
437,190,288,827
430,187,279,810
431,187,278,797
426,184,283,804
428,185,287,799
426,186,280,819
421,180,276,818
423,185,284,818
425,184,281,829
419,197,278,845
417,193,274,840
423,194,272,833
420,189,268,811
421,196,268,809
417,192,268,820
416,193,267,810
416,198,266,802
414,193,257,791
408,196,261,802
410,192,259,799
416,192,262,806
409,188,259,806
413,148,253,801
409,191,267,824
391,200,278,874
406,201,283,882
400,201,280,871
407,199,272,856
400,199,274,841
401,198,290,834
401,200,276,818
403,190,280,800
399,204,275,794
400,201,270,783
400,203,272,781
388,194,272,772
405,182,270,758
408,192,258,753
410,192,262,749
408,190,268,748
427,193,275,709
413,191,266,737
405,192,275,728
415,201,276,715
413,199,272,710
413,206,276,722
415,213,283,738
422,217,306,774
424,218,328,811
425,215,336,811
421,216,345,803
418,209,332,824
426,217,331,821
419,212,330,828
417,217,329,855
422,213,337,888
419,214,339,900
428,211,336,896
420,208,337,881
413,209,330,875
416,206,328,873
417,207,328,866
460,205,328,853
417,217,339,846
418,192,340,832
416,204,342,840
410,201,340,835
414,199,342,825
413,203,344,821
418,197,337,804
416,194,338,796
414,178,335,789
405,194,330,779
410,189,327,768
422,193,353,759
406,193,321,771
409,198,322,774
408,207,320,770
408,206,313,749
406,191,313,749
408,209,315,763
407,229,322,766
405,212,318,762
418,218,320,749
400,209,313,739
406,202,299,734
404,206,310,725
405,208,314,714
411,208,313,728
405,213,297,732
390,204,314,726
400,201,302,715
403,200,298,734
400,195,298,764
405,208,298,789
401,191,311,792
400,192,308,779
397,194,302,765
397,191,306,758
393,192,311,758
390,185,310,749
394,186,306,758
392,194,311,829
389,197,320,866
388,194,327,904
390,202,330,881
390,205,328,876
382,204,319,855
388,206,322,851
382,200,318,845
387,202,328,861
391,189,318,862
394,198,313,855
393,194,308,842
399,192,318,832
401,194,305,816
404,192,305,809
403,197,307,800
392,192,305,786
412,190,302,774
401,196,309,799
409,199,313,814
408,204,311,810
409,214,306,806
405,211,307,806
412,211,301,791
414,211,297,786
417,208,293,775
417,205,290,762
414,201,286,748
416,211,286,736
413,205,284,736
414,205,289,739
412,165,290,747
415,200,294,739
418,207,296,731
402,196,296,736
413,196,305,734
409,198,311,719
417,158,310,713
408,188,309,704
412,198,298,687
412,206,298,701
410,207,310,725
409,210,302,745
396,207,348,739
407,209,301,725
405,198,290,713
404,203,292,709
402,194,288,716
395,200,291,715
400,201,284,705
403,198,287,701
403,197,279,705
399,193,277,721
401,197,279,728
408,200,288,723
412,207,280,715
403,226,280,706
409,230,283,697
415,237,282,698
406,229,281,698
413,229,286,716
414,226,294,734
414,224,299,736
414,218,307,731
409,212,308,724
399,223,304,743
410,220,300,761
410,220,303,774
406,215,304,766
407,217,305,765
405,212,307,773
408,211,290,774
404,212,296,767
408,206,297,761
402,205,295,754
409,208,290,761
397,217,284,752
402,216,285,743
401,222,287,734
379,224,281,725
404,228,278,722
400,221,277,740
402,221,277,763
404,217,288,765
402,221,272,747
398,226,270,738
401,221,264,729
398,215,271,740
398,215,262,774
398,218,266,783
396,218,267,772
401,215,267,796
402,219,282,838
403,234,282,856
402,221,291,851
405,227,287,841
409,232,288,826
409,210,288,839
410,218,285,847
405,213,284,841
406,211,279,855
401,216,300,890
402,213,307,905
396,224,302,893
401,219,301,877
403,224,299,862
404,220,293,847
399,226,292,838
407,217,288,832
416,213,281,847
414,208,284,838
415,209,282,826
415,218,283,832
414,215,273,856
409,222,280,914
407,214,278,910
416,217,297,895
404,221,281,889
419,222,297,910
407,217,292,934
412,221,286,948
413,222,277,961
379,218,279,971
414,223,281,984
416,227,274,970
415,227,272,957
415,218,269,938
411,220,269,922
407,218,268,908
397,217,262,890
408,218,264,878
409,214,259,862
408,231,258,850
411,207,254,841
410,215,251,838
407,215,250,833
421,242,249,822
404,209,250,814
416,206,271,806
406,207,257,804
404,204,258,796
402,202,254,798
401,189,262,774
401,210,241,802
406,199,253,804
410,201,264,787
403,208,251,785
397,220,242,769
411,222,245,760
411,219,242,747
413,212,244,749
413,213,243,743
416,210,242,734
414,209,242,720
416,206,242,708
411,218,249,738
419,203,259,734
421,196,268,746
417,202,270,757
418,201,277,756
415,198,270,799
414,201,291,869
413,203,299,905
418,201,300,902
410,201,305,886
410,200,296,867
410,201,290,865
412,192,289,840
370,195,292,835
410,194,288,817
414,201,289,809
416,199,284,802
426,190,282,810
425,196,276,805
426,194,273,803
419,194,274,796
425,190,270,807
426,188,269,811
422,187,264,797
430,192,262,790
423,190,261,800
422,181,265,807
420,187,260,803
421,187,253,803
416,192,258,800
422,195,252,810
416,190,251,806
414,185,247,805
415,176,247,800
419,184,244,782
413,182,241,768
411,184,243,759
414,179,232,747
427,183,240,763
412,180,250,772
410,208,253,766
408,192,252,755
408,193,248,744
406,190,246,735
407,200,246,736
404,188,246,759
405,180,248,775
402,188,256,773
402,182,270,761
400,181,286,754
401,181,302,744
405,179,310,745
398,180,301,758
413,180,301,759
406,178,310,751
417,177,311,741
408,174,305,753
404,175,313,744
407,182,305,745
403,182,298,751
404,180,296,740
402,178,292,737
403,172,296,734
398,185,294,745
402,186,293,731
399,188,289,732
394,189,286,718
371,187,286,713
398,184,284,706
399,152,290,709
398,183,303,737
399,182,320,758
398,178,329,775
401,180,332,767
394,181,331,781
385,180,323,792
395,196,326,796
394,187,318,785
402,190,314,786
390,188,317,785
388,187,304,781
388,180,330,772
387,184,322,761
388,201,321,778
389,185,323,796
391,185,320,801
387,171,336,788
398,177,345,776
387,182,331,767
390,180,326,755
384,139,326,746
393,185,279,731
382,182,325,736
381,179,317,724
385,180,323,736
379,182,324,732
381,189,331,737
379,177,326,740
382,186,321,712
377,188,317,704
378,189,318,694
380,185,327,697
379,182,334,707
381,184,349,732
384,191,346,748
384,180,354,742
379,174,353,748
392,176,345,754
380,188,334,749
367,178,337,747
385,178,341,755
384,170,337,753
385,181,333,754
386,177,330,789
378,184,338,798
384,178,340,810
392,187,344,799
384,189,341,792
385,189,339,776
382,187,338,770
380,183,342,759
376,179,349,752
378,180,341,742
379,240,341,740
378,178,335,731
378,187,329,718
379,182,328,717
384,194,322,707
386,187,326,704
382,186,320,686
388,188,320,684
384,186,314,680
379,188,307,701
379,189,310,744
384,192,326,761
379,174,348,766
372,184,341,741
378,180,339,743
378,177,332,769
381,181,343,799
379,175,352,822
378,181,360,838
378,178,358,838
382,181,353,824
383,178,361,822
384,184,352,815
384,190,355,809
403,189,345,799
386,190,342,787
386,180,339,787
390,187,335,762
387,186,336,759
389,185,337,749
383,182,338,743
407,185,332,738
392,184,331,732
385,180,326,742
388,185,333,720
388,179,328,708
392,180,328,698
390,178,314,698
388,180,320,682
391,179,319,680
394,174,312,668
398,164,310,682
395,173,304,696
386,177,310,701
392,173,305,693
396,182,298,682
394,173,310,673
399,188,318,673
385,176,321,672
393,184,316,665
390,187,314,656
389,178,310,647
400,177,325,640
387,187,307,635
390,180,306,628
385,182,322,632
399,176,301,646
395,176,301,645
398,175,296,638
395,178,296,645
392,180,290,627
399,183,289,621
406,182,285,639
398,183,285,658
393,181,290,668
405,184,281,657
395,185,281,651
396,177,277,640
397,178,286,647
399,170,276,645
396,174,280,630
394,172,277,629
388,174,282,624
389,170,293,634
402,172,282,650
401,170,293,675
405,172,307,680
409,179,328,714
407,176,336,738
408,176,336,726
406,176,332,719
369,172,345,742
407,172,354,783
408,176,355,821
404,170,364,852
408,169,360,843
406,171,361,839
398,171,343,826
400,170,351,815
406,166,344,813
402,167,340,814
406,168,337,805
408,175,335,797
407,171,343,788
406,170,340,797
406,172,397,788
405,173,335,775
404,185,347,786
405,160,351,815
392,174,359,815
396,176,364,818
410,175,357,790
412,170,358,780
412,176,354,767
415,181,354,756
414,168,345,746
417,185,346,736
416,193,337,724
415,180,335,718
406,174,336,707
414,179,339,719
410,175,346,727
408,174,356,723
413,176,356,715
411,178,349,720
413,193,364,743
412,201,375,750
410,203,380,2198
408,194,394,2655
414,219,390,2809
409,201,388,2958
411,205,380,3077
408,203,381,3170
406,202,380,3231
462,201,377,3262
410,203,371,3264
413,198,386,3244
416,196,376,3208
421,194,380,3158
411,194,392,3110
421,189,363,3077
421,189,373,3090
420,196,375,3134
425,201,384,3180
424,196,381,3095
427,197,374,3030
425,199,371,2978
429,196,367,2910
429,190,366,2858
421,189,361,2794
419,192,361,2777
418,188,360,2752
425,188,357,2696
421,186,352,2641
421,188,353,2596
420,178,352,2541
412,182,353,2487
424,174,355,2441
435,178,346,2389
419,176,352,2339
414,176,370,2295
418,174,342,2256
408,172,297,2237
419,170,339,2190
412,184,333,2146
415,166,331,2100
414,165,332,2053
416,169,334,2030
416,165,340,2010
416,167,336,1966
417,161,345,1938
417,162,350,1939
418,163,340,1954
412,164,338,1949
411,163,330,1898
411,154,336,1871
412,160,327,1844
412,164,326,1811
414,164,333,1792
406,168,345,1772
402,169,339,1755
410,170,333,1719
402,165,331,1684
405,166,329,1646
404,166,328,1613
408,168,330,1590
407,170,326,1551
395,171,317,1515
410,173,331,1482
395,180,333,1467
405,181,341,1450
400,174,345,1443
404,178,342,1403
401,163,342,1389
404,169,343,1376
407,168,349,1378
431,172,366,1386
403,174,378,1389
400,182,372,1378
398,176,372,1348
389,181,359,1325
391,173,363,1300
391,170,377,1307
411,168,378,1304
400,170,394,1288
399,166,397,1266
397,168,392,1238
392,153,391,1209
385,170,391,1191
401,180,410,1162
408,189,408,1157
400,195,412,1139
421,192,408,1114
408,195,404,1102
412,186,393,1089
411,202,398,1101
410,184,390,1093
417,194,389,1088
416,187,384,1126
421,180,380,1114
414,175,377,1105
412,177,377,1083
413,177,377,1064
414,174,369,1062
414,175,367,1056
411,170,363,1042
405,183,365,1019
408,176,363,1007
407,168,354,987
405,168,350,981
409,165,349,973
405,177,348,964
410,163,341,959
409,163,339,980
411,164,332,969
417,161,331,951
413,189,329,938
417,167,327,947
417,169,372,973
414,168,329,969
417,177,330,954
425,186,296,948
415,174,313,959
435,197,325,984
414,207,328,979
412,206,307,961
413,201,316,950
409,201,314,964
414,198,305,958
420,198,313,947
365,192,303,932
406,196,304,924
409,191,300,904
410,188,312,894
406,189,315,879
406,186,320,869
404,184,322,858
403,190,312,841
406,186,313,848
400,182,316,854
404,184,315,847
402,180,309,857
409,169,308,846
403,178,317,855
410,186,321,846
414,184,318,837
405,192,308,821
416,186,317,809
416,182,316,800
414,183,313,791
416,180,315,787
404,184,321,785
415,180,326,803
418,177,330,808
416,166,328,803
414,174,330,810
398,176,327,815
416,170,326,822
408,172,319,825
408,167,318,806
410,166,318,801
408,155,313,789
412,165,307,772
409,162,315,777
461,161,302,763
400,166,303,754
406,162,303,757
405,171,306,747
411,171,302,754
416,177,305,750
412,180,300,748
420,178,298,746
417,175,297,742
418,177,295,735
418,179,294,737
412,176,292,729
414,175,292,718
413,182,290,705
422,175,288,713
414,172,293,700
420,178,301,698
417,174,300,697
420,173,295,685
419,175,295,680
421,164,279,669
422,185,290,659
423,164,284,650
424,165,283,644
423,164,278,641
423,165,283,633
418,170,283,637
423,165,290,633
423,164,291,646
424,161,288,638
418,162,289,628
417,161,282,621
417,149,284,608
414,106,269,604
416,179,271,597
407,188,272,589
410,186,267,581
411,190,272,575
410,180,270,572
411,198,265,580
407,184,268,591
406,182,273,590
407,178,275,592
409,183,266,592
403,182,268,595
404,183,280,602
400,182,289,600
403,186,270,592
404,187,267,591
406,183,260,584
404,185,263,574
401,184,260,570
401,183,259,563
403,180,265,549
394,180,254,564
406,184,257,561
407,189,261,556
408,180,250,558
403,188,246,564
410,186,245,558
405,182,240,556
407,181,246,584
405,180,256,588
407,176,246,587
429,179,246,586
408,178,244,589
405,176,246,607
406,170,244,613
411,114,242,616
402,170,242,609
401,167,236,602
400,173,235,607
400,166,232,585
396,169,235,573
400,168,231,578
397,167,240,571
396,156,245,570
403,163,257,561
401,163,264,562
401,154,266,566
401,156,258,568
413,157,277,594
396,165,283,618
396,174,282,647
402,173,282,644
406,173,281,642
398,174,280,632
395,174,284,631
396,167,278,629
391,168,286,625
392,172,277,614
397,164,272,618
392,159,268,628
393,175,275,656
389,170,296,711
388,176,292,720
388,160,293,727
388,172,290,704
382,162,289,715
385,164,285,751
391,174,290,795
380,170,297,797
384,174,296,799
384,158,300,784
385,171,294,776
379,168,283,764
385,174,287,784
381,164,287,750
383,161,289,744
375,171,283,733
386,167,278,747
385,169,289,769
388,165,296,795
386,165,308,803
384,163,328,803
387,163,343,807
384,164,345,797
387,162,340,793
387,170,346,822
385,168,350,857
391,171,361,880
400,170,372,873
397,172,376,871
407,171,374,865
406,173,370,855
395,170,370,852
412,169,369,865
411,172,367,881
423,162,363,865
417,169,356,862
417,170,352,868
417,170,350,868
407,172,351,880
416,166,348,876
409,176,344,863
413,165,340,846
409,161,338,844
412,160,329,842
410,164,333,841
409,149,343,841
410,158,324,842
407,157,320,854
426,157,314,853
407,152,323,867
412,143,317,855
419,157,318,861
416,150,312,870
418,150,306,867
416,164,310,865
415,152,308,849
415,148,312,842
414,147,297,856
414,148,306,855
414,147,305,844
412,146,305,831
412,142,300,811
415,149,298,803
410,151,282,791
416,153,293,781
423,150,288,777
414,152,287,774
413,146,288,772
414,150,282,767
408,156,290,774
410,146,299,763
411,145,300,763
410,144,302,780
415,144,302,773
413,144,303,767
416,141,296,774
415,138,289,767
413,139,303,765
405,147,305,746
456,148,301,775
412,164,298,803
408,143,294,818
410,148,293,834
404,158,290,837
410,158,286,843
407,157,284,844
403,160,284,833
400,155,288,823
405,152,284,817
408,154,283,799
410,152,281,787
407,153,289,780
402,148,288,766
406,158,277,756
403,145,284,755
409,147,276,746
402,137,279,756
413,142,278,783
414,156,281,758
411,165,276,755
414,171,276,760
418,174,273,773
428,176,272,783
423,174,269,768
425,173,268,760
426,175,261,754
419,166,262,749
432,175,264,774
422,168,280,791
424,168,283,780
422,164,279,772
426,162,284,762
437,162,277,755
422,158,278,756
420,161,227,762
426,158,275,755
429,160,287,775
428,156,298,762
431,156,311,752
429,155,307,761
423,154,305,777
421,154,313,820
412,149,328,858
419,149,342,887
421,148,347,881
420,147,354,877
418,137,351,862
417,149,352,848
414,140,335,847
412,144,342,839
416,144,339,835
416,143,333,824
418,146,334,813
414,156,315,801
420,146,325,790
421,149,325,776
425,85,320,780
405,151,315,767
419,146,311,758
418,151,309,750
427,155,300,734
424,155,304,724
423,144,298,725
424,142,297,702
420,158,291,690
425,152,292,691
424,146,297,682
435,144,329,699
425,150,323,714
426,146,339,721
425,148,342,729
421,143,337,714
421,145,350,733
423,142,350,759
422,146,349,767
419,140,343,765
423,143,346,786
424,142,411,825
418,145,363,836
419,149,379,842
416,150,370,818
418,149,368,806
415,146,358,792
416,149,361,791
412,146,368,775
412,144,349,765
408,141,346,752
409,194,342,741
407,141,341,732
406,141,332,718
406,145,332,715
404,140,326,714
407,139,329,714
406,141,344,725
419,144,342,739
404,132,343,735
402,137,336,743
403,134,333,761
403,136,321,753
404,134,327,761
402,133,320,761
399,132,328,740
404,133,320,731
408,133,317,720
405,134,317,715
416,128,329,722
407,133,314,736
399,130,311,743
407,129,302,763
404,128,316,761
398,130,312,762
401,128,317,789
391,130,322,776
396,128,330,822
398,123,338,844
396,129,349,862
397,123,343,859
394,126,336,850
396,123,340,835
397,118,324,821
395,126,329,809
393,128,322,787
393,117,326,781
401,124,318,775
387,128,319,770
392,124,313,779
390,125,310,809
405,122,320,799
394,128,306,809
385,124,306,799
393,124,302,785
389,120,295,784
393,126,294,810
390,122,291,809
398,121,288,805
388,125,286,799
406,128,288,782
406,128,283,772
393,132,283,762
398,135,296,779
391,134,307,803
393,145,317,809
390,133,320,814
389,129,309,810
392,131,325,830
387,129,333,856
387,125,336,902
386,126,332,874
385,138,329,860
381,126,327,852
386,126,320,839
376,137,320,840
384,124,319,843
387,131,318,836
384,132,313,828
383,144,300,836
386,128,320,837
387,130,313,837
389,121,313,827
385,123,319,834
381,123,313,834
376,116,313,836
376,124,321,843
383,120,308,825
382,121,305,819
392,121,304,820
384,115,298,812
379,118,294,804
382,117,296,791
381,105,294,788
380,124,290,794
380,120,292,796
381,120,298,786
385,130,309,782
388,131,315,779
386,123,318,769
395,114,314,762
384,119,320,783
381,115,323,793
382,122,326,792
383,122,325,792
384,119,322,776
384,121,317,770
381,117,324,750
401,118,320,762
386,116,321,751
391,131,312,735
393,118,310,725
392,130,312,719
393,123,309,713
389,139,293,727
390,133,298,731
392,132,298,723
392,128,292,721
394,129,291,723
396,124,283,724
380,128,328,734
398,128,281,729
400,130,280,720
398,128,279,709
410,125,268,695
396,121,280,714
407,131,270,710
412,129,267,702
408,128,265,689
415,129,265,682
406,125,258,671
418,123,270,667
412,128,258,660
411,128,256,660
416,128,251,672
422,126,257,675
420,124,262,693
416,121,272,690
422,132,271,689
415,134,284,679
420,131,281,692
417,128,279,737
419,129,286,778
423,128,300,784
418,131,300,772
410,130,296,759
408,137,296,745
417,128,297,741
406,128,291,741
411,126,288,734
405,125,292,749
404,132,302,752
402,121,300,755
405,122,299,742
402,118,303,740
405,121,297,740
397,123,292,739
400,119,287,730
401,122,288,716
396,117,283,715
402,119,281,713
404,121,288,749
402,120,298,760
397,120,309,764
401,119,316,758
395,119,327,753
405,116,331,764
406,120,345,758
406,118,351,749
402,116,353,733
403,113,355,800
404,116,370,840
398,117,388,881
401,123,400,901
405,125,391,898
398,122,392,885
398,123,396,869
400,115,383,856
400,123,380,851
397,122,377,852
401,124,371,853
389,123,370,850
399,121,363,841
394,120,360,850
397,99,352,840
396,122,355,833
399,115,340,817
400,120,344,818
399,112,343,807
403,122,352,815
401,123,355,816
405,125,349,820
406,122,351,814
400,120,339,833
396,120,338,855
407,121,348,894
401,125,350,902
397,119,350,888
399,108,353,862
393,128,352,861
398,116,349,844
395,120,346,842
397,121,335,836
370,124,344,831
396,121,338,819
395,118,348,830
394,121,332,812
393,121,330,806
391,120,331,805
396,123,332,797
441,121,328,797
396,121,325,788
394,119,310,784
392,119,316,783
395,125,315,775
389,119,313,762
395,118,308,755
390,122,308,745
393,115,308,734
393,116,316,726
390,114,305,714
392,121,305,701
392,126,316,695
394,128,314,709
390,143,322,720
392,123,317,710
393,126,317,735
396,122,321,771
402,122,336,802
398,116,338,834
401,129,350,844
404,130,350,831
398,128,348,822
404,128,345,815
406,125,344,809
404,123,345,803
404,124,338,789
401,122,334,794
398,137,316,809
402,128,340,835
394,122,326,807
398,125,324,819
398,132,323,822
399,138,328,852
394,135,312,839
398,119,312,834
397,130,313,822
396,130,310,815
392,134,315,798
397,132,310,803
397,130,301,803
392,128,305,790
400,128,306,779
393,132,302,792
394,140,299,788
396,144,320,793
389,145,293,784
392,144,293,807
390,207,290,803
389,140,288,792
411,139,286,788
394,137,282,782
391,139,276,774
391,136,280,758
392,141,278,761
381,158,274,749
392,141,269,748
415,142,270,772
393,144,270,770
389,145,266,760
394,146,260,756
395,150,259,772
397,148,260,789
397,175,259,805
395,148,260,802
403,146,270,811
396,149,246,806
407,148,260,796
400,146,261,799
392,144,219,779
400,144,268,778
403,143,267,766
396,144,262,771
397,134,259,760
412,141,262,752
397,141,258,740
401,128,256,741
397,141,256,724
400,138,254,737
399,136,250,734
398,150,245,721
394,143,231,721
396,133,243,711
397,138,243,715
396,133,244,723
400,141,243,724
408,132,240,723
408,134,239,713
402,134,238,705
405,132,232,690
407,120,233,686
404,187,230,670
402,131,223,663
405,128,227,653
404,124,230,654
390,133,237,650
404,140,240,662
399,120,249,660
402,132,248,654
397,132,247,676
402,130,235,690
399,132,237,683
398,133,240,681
397,129,240,683
394,126,241,675
397,128,235,666
390,128,234,659
393,125,228,654
389,124,232,663
391,128,228,668
415,128,230,667
389,119,233,662
393,132,240,659
387,121,241,662
386,116,238,658
384,129,247,683
393,119,251,697
391,131,256,715
390,129,258,724
388,141,264,730
386,128,257,725
392,121,259,733
388,128,260,735
384,124,262,724
384,125,251,733
387,120,256,743
383,121,253,768
385,124,246,765
386,122,242,757
377,124,250,754
391,130,259,751
384,131,257,741
386,124,262,731
381,118,254,725
388,121,250,713
386,123,241,710
385,124,245,697
388,118,261,675
388,128,250,687
391,128,237,683
379,125,242,676
393,132,247,673
392,139,246,668
396,129,247,661
387,136,258,648
389,140,247,648
389,139,246,635
385,150,244,626
389,141,242,619
386,137,241,626
386,152,238,640
340,136,243,675
380,134,236,679
384,132,236,675
384,136,237,668
382,136,235,693
382,135,237,710
382,133,236,712
387,132,234,716
382,128,242,708
382,129,241,710
387,126,236,704
386,129,238,715
387,128,238,730
386,119,246,741
384,124,238,751
388,61,236,745
388,126,236,730
389,142,221,724
390,125,188,713
387,125,227,720
388,121,229,742
384,123,229,745
392,126,220,738
392,128,226,727
390,124,231,719
398,112,224,706
403,123,226,717
401,121,219,730
404,121,226,723
404,124,236,718
406,120,225,709
404,130,243,727
402,118,240,729
405,121,237,723
403,119,231,710
400,119,235,720
400,119,236,725
401,117,232,723
397,116,248,725
392,116,235,736
393,119,237,744
390,117,244,729
397,119,236,732
397,118,232,721
394,115,234,710
392,115,230,704
385,114,227,683
395,118,229,685
380,116,232,678
400,118,240,686
393,115,248,703
394,115,257,714
391,112,263,728
392,112,261,720
386,112,260,721
390,111,256,742
390,118,265,758
384,113,265,756
385,102,263,761
383,108,264,764
385,112,265,760
384,113,265,778
385,121,283,812
407,143,308,846
384,139,315,855
385,138,318,846
383,149,311,882
378,145,321,931
382,117,332,982
385,158,345,1002
386,155,351,993
385,153,350,983
384,154,347,973
386,153,344,970
388,147,344,984
390,150,339,959
386,154,338,947
390,141,332,942
395,152,326,926
396,148,325,924
403,143,318,919
402,143,323,906
408,153,317,894
404,149,310,880
403,139,294,866
406,142,307,848
405,142,305,837
406,138,300,825
405,147,297,813
408,140,295,810
406,137,290,800
407,126,293,785
407,132,284,787
402,146,285,769
404,136,287,782
400,135,272,770
402,152,267,755
396,132,278,746
402,134,281,730
397,134,285,735
404,132,296,735
400,140,302,735
403,128,297,740
389,124,304,756
400,132,299,753
398,132,289,744
412,128,294,768
398,131,301,805
394,128,318,839
395,128,310,868
401,120,308,883
400,126,304,873
396,126,301,855
385,124,298,842
403,126,295,828
401,125,293,799
403,125,291,822
401,119,290,827
402,118,286,814
402,128,288,806
401,88,294,814
400,123,284,805
395,133,272,805
399,122,281,796
389,124,277,793
400,120,280,801
395,123,299,822
393,135,320,840
401,128,340,851
400,125,354,843
390,128,358,834
397,119,356,864
396,123,371,904
392,125,378,914
395,121,377,917
392,121,377,917
396,121,369,902
383,120,340,893
389,121,363,905
388,123,355,872
389,119,351,855
392,119,348,852
388,120,342,834
392,125,333,827
383,112,340,817
376,122,329,793
389,115,332,800
391,116,328,794
396,117,335,798
392,116,322,784
394,117,321,771
384,149,316,765
396,126,315,764
363,123,313,759
394,123,320,767
394,124,326,768
393,123,322,759
396,122,325,760
389,125,317,756
392,124,316,745
351,121,311,739
392,122,312,731
390,122,317,723
407,120,304,709
386,124,304,700
379,107,288,687
382,116,296,689
386,128,293,690
386,122,290,688
384,122,282,684
404,122,285,680
381,115,287,663
385,116,279,653
386,119,288,647
379,112,289,643
385,118,298,654
380,120,310,659
400,116,306,652
383,113,302,643
384,114,293,636
382,114,296,628
383,109,296,612
382,111,296,613
377,110,290,603
372,112,288,600
381,117,280,603
380,113,269,612
370,110,276,618
385,113,273,619
373,109,272,626
375,101,265,624
375,107,268,621
380,108,268,615
377,112,278,637
376,108,286,677
382,109,297,711
382,105,303,717
386,105,300,703
382,110,302,737
391,105,304,752
385,109,293,770
387,106,296,782
386,114,296,776
386,111,292,766
384,115,291,755
384,113,284,756
358,113,282,761
386,115,283,752
385,111,276,745
384,117,273,744
385,112,271,733
387,113,273,726
391,113,269,724
388,119,276,710
388,122,274,710
389,122,286,705
382,117,282,692
386,129,284,688
385,124,282,676
384,118,289,687
384,120,302,713
381,119,298,716
386,121,273,710
378,116,301,718
380,117,321,727
369,118,317,745
376,112,315,794
375,117,322,816
374,111,323,820
380,112,362,811
374,113,318,792
373,113,327,806
366,111,312,791
387,124,311,832
373,110,309,780
373,111,304,773
379,128,295,783
378,112,306,784
379,116,317,789
376,114,321,775
376,122,318,776
374,121,318,769
381,124,315,755
358,121,274,756
374,120,304,749
385,123,306,736
365,123,301,727
384,120,301,718
375,57,296,714
379,119,292,708
372,118,294,698
382,119,289,688
379,118,288,676
393,116,287,673
382,117,284,662
378,115,279,658
380,119,278,664
378,104,268,672
396,119,275,672
378,111,277,663
379,118,288,673
375,116,305,710
377,81,314,732
376,122,322,756
377,115,327,771
375,118,330,770
373,114,327,786
377,114,339,838
372,113,345,862
376,114,351,864
377,112,353,857
375,114,352,869
372,124,348,873
371,115,332,861
373,113,347,851
372,113,338,832
378,117,379,823
371,116,346,812
370,114,350,803
342,114,353,795
372,116,349,807
371,118,358,810
368,117,353,804
369,114,352,800
375,112,346,800
378,113,342,819
363,119,338,825
378,115,344,829
381,112,350,821
378,115,346,813
388,120,336,794
386,120,333,780
387,121,326,773
382,114,322,764
382,112,321,757
380,115,318,747
378,117,316,747
381,114,321,751
384,115,329,766
381,117,344,782
385,116,343,768
385,116,343,756
375,115,339,768
380,111,343,774
378,112,339,767
392,114,339,756
384,117,346,759
390,114,377,754
389,117,360,743
394,116,367,732
385,114,370,724
392,118,372,717
381,122,379,711
394,124,373,713
389,119,368,714
396,123,375,732
394,119,394,744
398,121,352,776
389,117,398,776
392,121,402,766
389,114,397,755
393,124,393,755
400,126,415,743
393,122,382,746
387,121,382,749
380,116,373,738
385,122,374,731
389,116,368,715
390,120,363,720
387,121,367,729
389,126,375,730
392,128,385,686
399,122,385,719
396,128,391,706
398,122,391,710
396,122,377,716
398,121,384,712
397,128,391,712
392,120,389,722
395,117,387,727
392,120,380,734
395,119,373,735
395,118,373,722
378,117,368,729
393,120,371,727
389,119,363,715
396,122,367,706
390,120,358,705
391,120,359,701
387,119,354,690
397,114,356,690
385,119,362,691
388,119,365,684
379,117,376,689
381,112,372,685
384,117,368,691
386,113,360,686
383,115,361,681
386,116,356,682
387,116,352,677
382,112,353,680
384,114,352,679
378,108,348,672
385,115,345,675
388,123,344,660
392,133,344,663
384,138,339,659
390,134,345,667
385,130,348,655
389,123,345,641
390,134,336,633
392,125,330,651
395,129,328,654
404,132,332,648
400,129,330,642
404,136,336,634
403,128,348,629
405,128,344,619
397,135,340,608
398,126,326,599
400,130,329,598
404,128,326,600
402,130,336,597
403,125,334,597
399,120,334,632
403,125,334,688
409,119,344,676
407,120,348,674
396,123,345,672
407,123,340,672
404,123,341,681
404,121,344,693
403,124,338,691
400,121,342,690
400,119,340,720
401,130,342,744
394,120,337,738
397,115,330,748
392,124,332,737
403,110,327,732
406,119,329,713
405,116,333,720
396,117,340,2818
394,118,340,2913
391,116,342,3043
395,107,342,3177
393,122,338,3297
392,130,337,3405
389,125,332,3469
390,130,342,3517
385,128,328,3565
392,129,332,3606
387,126,329,3636
387,129,328,3638
384,133,326,3616
387,130,331,3564
386,135,347,3518
392,139,339,3429
387,141,350,3371
389,140,341,3308
388,138,350,3268
388,132,345,3225
389,136,342,3180
393,140,351,3169
386,138,360,3134
389,134,358,3090
388,137,360,3030
391,136,356,2968
377,154,350,2898
392,137,350,2833
390,132,346,2770
396,130,344,2708
385,138,349,2647
387,130,364,2588
385,134,362,2539
387,136,357,2493
387,138,357,2437
385,133,352,2371
387,136,348,2327
380,133,344,2282
378,140,340,2247
382,129,336,2204
388,131,334,2160
384,132,328,2114
383,122,327,2060
382,129,325,2004
385,128,318,1960
386,130,307,1923
379,125,315,1881
385,138,307,1835
392,117,293,1799
388,125,301,1749
391,76,309,1727
388,120,318,1711
393,129,315,1703
388,126,321,1668
394,130,322,1636
393,126,315,1623
394,129,310,1631
392,128,312,1590
384,128,315,1593
391,126,303,1562
396,122,296,1526
392,128,297,1496
389,124,297,1491
391,128,298,1465
371,125,293,1434
389,126,290,1403
388,124,286,1374
391,109,287,1344
396,123,283,1325
385,119,286,1326
392,120,299,1336
393,119,322,1346
389,122,326,1348
384,122,332,1334
385,123,328,1376
384,120,340,1406
382,119,345,1404
379,124,357,1403
382,126,346,1389
384,129,357,1366
380,126,348,1334
381,128,341,1310
382,128,347,1294
383,125,339,1265
375,128,338,1253
376,132,338,1229
378,136,339,1206
379,132,329,1181
384,135,330,1158
392,132,326,1135
382,128,337,1121
385,134,321,1112
388,136,316,1112
376,136,317,1107
387,130,311,1084
386,128,305,1067
387,132,301,1048
385,130,305,1037
379,119,302,1020
388,128,301,1001
379,121,305,1001
386,129,308,981
381,126,308,963
376,125,306,944
383,128,315,932
394,133,311,916
382,124,305,895
382,84,305,896
386,123,303,894
384,128,295,884
385,126,297,866
386,126,292,876
387,116,296,872
387,124,288,873
390,116,284,859
390,122,287,843
388,120,284,835
392,118,280,817
386,122,280,804
391,121,283,794
387,128,292,791
389,134,309,784
388,142,305,780
393,136,305,774
396,140,308,767
395,138,304,773
399,138,300,778
395,138,298,784
395,135,297,790
402,137,299,791
404,136,293,779
392,147,294,767
400,144,288,753
400,145,291,742
399,136,280,729
399,148,275,731
400,138,278,731
401,143,273,724
399,153,273,716
400,138,272,705
399,138,269,698
397,133,256,684
395,140,264,679
395,137,261,671
396,136,265,682
392,138,267,702
395,142,272,703
395,145,272,697
394,147,286,696
395,150,292,711
395,146,294,715
395,149,300,715
392,147,301,749
396,144,297,760
395,145,302,767
378,144,308,762
393,139,311,751
392,141,306,780
394,140,317,855
400,135,284,888
387,141,333,932
388,137,330,933
394,137,328,918
374,135,329,901
388,121,329,882
383,139,330,870
388,123,324,857
391,134,324,848
384,134,317,832
388,129,318,826
380,129,330,832
386,132,317,838
385,131,318,840
385,125,323,827
385,128,327,839
386,128,329,838
383,119,333,838
387,133,339,830
387,142,345,841
388,138,347,825
387,142,347,829
385,151,351,869
391,147,367,911
391,161,379,913
392,147,375,898
391,144,367,881
389,145,373,868
390,146,357,854
393,144,357,843
390,144,353,848
387,146,347,838
390,144,350,826
386,145,347,822
392,134,328,804
383,144,338,808
394,138,335,782
385,140,335,770
385,141,334,773
372,136,320,747
381,135,324,741
384,136,320,729
381,131,320,718
386,158,317,711
381,135,314,700
385,131,312,684
382,134,308,681
390,130,306,671
392,132,304,664
392,133,312,676
397,134,320,687
395,136,327,701
402,133,333,699
414,172,334,692
411,148,332,680
408,149,330,692
404,153,325,694
404,155,372,714
400,154,316,720
408,155,316,712
401,150,315,707
400,146,309,692
401,152,306,695
400,149,306,687
396,149,299,689
385,149,301,697
397,146,293,688
392,158,291,685
396,147,286,679
392,148,286,672
394,143,283,664
394,144,282,662
394,142,273,649
393,143,279,644
400,141,271,633
393,140,272,624
391,143,274,624
391,134,281,631
390,139,284,680
392,136,292,659
392,137,291,668
391,134,295,667
390,136,292,680
388,131,289,682
400,119,284,685
333,135,284,680
391,132,275,668
388,131,280,673
390,137,272,668
400,128,279,681
386,125,269,655
395,128,272,644
384,126,262,635
384,128,266,626
384,126,262,619
389,125,257,604
390,124,265,607
386,124,260,599
387,125,301,600
387,121,277,614
377,125,292,625
382,121,284,625
392,121,279,613
381,120,286,609
382,119,280,612
379,121,281,618
380,117,289,630
375,114,293,635
384,116,288,627
389,114,291,617
389,116,283,612
384,119,282,634
379,109,285,624
386,118,281,627
384,117,281,618
384,117,274,608
384,117,280,606
389,104,270,604
382,116,279,609
382,123,274,610
382,115,288,618
378,112,295,615
386,115,300,604
384,115,317,616
392,114,318,635
381,116,329,640
384,115,323,631
382,110,322,647
381,111,329,692
379,112,345,741
377,107,358,754
432,110,361,756
376,108,366,763
366,113,366,769
382,110,357,740
384,109,352,738
387,113,350,733
388,108,352,725
386,115,352,712
382,116,362,731
386,118,357,736
387,119,355,734
389,122,352,718
382,128,345,739
402,125,358,767
407,126,358,772
411,124,363,765
414,123,366,759
417,144,375,749
419,123,379,736
418,121,370,752
419,123,376,805
420,111,394,844
429,121,393,850
419,120,389,847
423,106,389,831
421,121,382,839
420,118,374,824
423,117,372,812
414,112,374,804
417,116,368,790
417,112,366,778
416,136,360,767
412,116,357,756
413,117,367,750
416,118,352,747
416,120,359,756
418,115,356,758
412,114,357,764
418,109,347,756
415,115,344,744
417,115,344,733
419,119,351,729
421,113,336,744
416,114,338,760
406,114,334,769
411,115,339,724
414,113,338,757
412,113,324,741
411,114,332,733
412,112,334,720
404,114,326,709
408,116,321,711
407,111,324,746
408,112,331,777
409,113,338,798
406,111,343,812
406,107,341,796
356,108,337,805
404,107,337,864
406,112,336,914
403,109,340,936
404,110,332,933
397,103,321,922
409,110,329,909
401,109,325,893
401,106,320,873
403,112,318,863
400,106,310,851
401,109,313,851
401,109,308,846
412,112,308,834
407,104,307,825
407,107,302,831
399,105,307,820
405,106,310,806
400,107,314,800
401,101,302,782
400,121,304,796
405,118,301,802
401,147,303,801
399,132,300,785
405,129,298,773
397,130,297,773
397,134,295,782
399,131,298,776
404,130,293,763
394,128,295,751
394,144,293,739
395,130,289,734
393,128,286,730
397,129,275,722
388,125,278,718
388,133,276,725
394,128,276,721
386,120,272,707
387,138,282,708
389,124,268,697
392,123,274,695
382,119,260,694
389,122,259,683
380,120,256,674
381,118,264,664
397,122,247,661
378,114,249,650
379,117,248,641
378,147,247,650
381,121,242,639
378,118,243,635
384,116,241,624
388,116,238,623
393,119,235,616
391,117,243,612
391,109,240,599
394,117,228,593
394,113,224,594
396,111,226,583
397,112,226,585
398,114,223,585
397,115,222,586
402,113,215,578
398,116,219,577
401,112,222,573
401,116,227,564
391,115,244,560
411,113,249,551
397,117,258,538
402,114,267,528
393,108,266,533
397,110,264,526
400,110,267,522
400,109,261,512
400,102,262,512
390,109,260,524
398,104,262,545
402,108,265,562
409,108,262,567
410,115,270,579
411,116,268,568
419,111,259,584
421,115,253,576
423,108,252,572
421,116,254,565
422,121,250,560
419,117,248,550
420,117,246,548
418,117,244,550
417,116,241,553
416,111,250,566
412,112,231,567
412,116,236,558
413,112,232,568
411,114,230,582
400,112,227,572
412,112,229,564
407,115,223,562
401,113,216,558
403,113,221,550
404,108,218,550
403,112,211,558
402,110,218,554
401,110,216,560
400,111,217,556
405,116,225,557
405,112,237,553
407,119,248,553
406,123,265,548
416,130,260,564
406,132,259,576
403,129,259,573
407,94,253,583
403,122,259,584
403,126,272,596
399,124,272,596
401,125,253,607
397,121,279,602
398,125,272,610
405,131,275,611
395,125,280,627
395,126,271,640
395,126,275,631
408,125,272,629
392,122,271,644
392,119,273,648
381,125,266,642
392,121,266,629
393,128,263,640
385,125,260,631
388,113,260,638
386,119,258,623
387,124,258,614
376,112,256,606
382,115,249,603
386,117,251,596
382,116,246,589
384,113,245,587
380,116,236,575
382,119,240,568
385,107,240,562
386,117,237,558
382,114,239,570
387,115,243,551
387,118,249,544
390,113,235,536
389,116,240,533
388,113,233,523
394,114,234,513
392,115,237,514
396,113,236,509
390,111,234,504
378,111,231,501
397,112,230,502
401,111,221,497
393,112,280,491
403,108,227,487
408,117,230,486
400,128,223,483
400,131,218,503
400,131,220,509
407,130,216,498
360,130,216,503
400,128,210,496
402,129,209,496
396,126,208,494
386,128,209,489
396,128,206,490
400,120,206,487
394,122,205,482
392,128,203,478
393,123,206,477
380,123,168,481
397,128,218,499
403,124,222,514
409,124,224,518
406,122,228,517
408,121,227,526
407,120,222,545
400,123,236,564
404,119,246,576
403,118,243,562
404,132,249,559
402,121,240,553
407,108,241,556
398,115,243,560
403,113,242,560
400,116,248,569
401,115,245,563
395,118,242,560
397,120,237,562
397,120,242,547
398,115,237,541
388,118,236,533
395,111,238,530
396,116,232,522
393,113,231,517
417,112,228,512
393,113,228,510
393,111,225,509
409,112,229,509
392,109,224,512
395,113,226,514
390,113,226,520
388,104,218,516
397,112,216,513
394,118,217,514
394,153,221,512
393,128,219,516
396,128,216,514
392,128,211,544
400,128,212,544
395,126,209,544
397,122,207,536
396,133,210,536
402,129,217,552
403,125,223,564
403,124,227,563
407,126,239,578
406,139,242,571
410,124,247,569
406,121,242,570
406,124,245,580
403,116,239,579
403,129,248,634
402,128,264,644
404,128,266,660
400,135,278,652
395,129,264,644
398,144,271,648
395,131,268,647
396,129,268,642
395,137,276,642
398,126,205,643
395,129,281,658
391,122,281,669
396,128,287,669
393,122,285,668
391,130,284,661
392,131,275,674
416,130,292,674
400,128,288,680
402,134,282,689
397,129,278,706
402,124,273,722
400,128,281,722
401,126,272,724
408,128,272,710
400,122,270,701
403,126,272,683
400,123,264,688
398,124,278,698
401,125,269,705
395,123,267,699
396,117,265,682
394,120,259,670
397,121,248,670
407,121,256,653
390,120,252,650
394,121,251,651
395,120,249,656
394,175,247,643
393,118,252,647
393,119,256,656
391,104,256,656
386,123,249,666
390,118,249,660
392,118,250,665
386,121,246,663
390,115,245,653
389,116,243,646
395,112,244,638
389,115,243,635
395,113,237,617
402,113,239,617
403,126,234,615
406,132,241,615
407,134,242,605
409,129,236,600
418,133,241,607
414,133,231,610
461,137,238,608
418,137,236,598
420,144,232,600
418,144,219,608
415,143,206,615
431,144,232,612
434,142,222,607
433,142,227,604
430,133,226,607
433,137,220,627
428,144,218,640
437,149,228,656
422,155,214,659
426,144,215,683
421,147,212,702
421,141,206,701
418,147,210,699
388,144,208,691
417,146,206,683
421,140,210,678
418,144,217,681
415,142,230,691
414,137,228,685
387,139,229,683
411,138,227,663
411,138,226,663
398,129,223,638
409,138,221,658
401,127,214,652
406,133,220,654
402,128,223,649
405,128,220,645
402,132,220,651
445,131,218,642
403,132,226,635
390,134,209,624
404,129,217,618
401,128,214,610
397,128,217,598
399,132,203,613
408,128,210,605
397,132,211,600
413,122,209,590
403,126,213,604
405,130,212,596
405,126,213,589
402,119,222,587
410,137,208,592
409,122,212,604
407,120,219,620
410,122,217,627
407,122,215,620
407,122,215,630
401,112,208,619
404,122,215,615
400,120,210,603
402,119,227,599
400,118,213,590
400,121,209,580
397,117,210,576
398,128,197,567
396,118,207,565
397,114,204,566
398,114,208,560
389,115,202,559
402,116,203,568
397,105,198,560
396,114,206,560
394,88,206,560
396,113,202,548
397,105,203,551
397,111,198,555
396,114,214,578
397,105,215,590
393,117,222,599
392,117,214,574
370,120,210,587
403,116,220,584
385,121,208,585
389,118,209,584
393,115,204,576
399,118,204,569
400,123,197,560
401,128,204,554
404,123,203,552
414,123,199,553
403,119,201,562
406,119,194,562
405,126,202,569
411,120,258,565
408,121,200,562
413,116,198,558
412,120,207,576
409,118,197,576
412,119,200,566
408,115,191,562
405,120,190,550
410,117,190,556
409,115,187,547
420,121,183,543
407,119,182,553
408,118,192,559
408,116,190,555
410,104,194,544
404,81,191,548
401,111,191,541
401,122,196,545
401,112,200,540
402,114,213,534
404,112,214,531
402,117,218,530
396,115,232,544
411,117,235,553
416,115,238,576
401,111,231,562
401,115,236,569
390,114,253,578
400,119,266,579
397,107,254,576
402,107,254,572
410,117,252,577
396,114,247,580
407,112,245,576
416,114,226,564
410,116,247,576
404,115,243,578
412,117,250,580
410,115,252,575
404,119,245,600
406,113,239,618
412,112,203,622
406,112,237,625
409,104,234,620
410,116,235,617
407,111,228,614
410,114,237,623
405,113,241,629
406,111,241,623
407,108,238,639
420,110,238,635
401,110,237,640
400,104,238,654
399,116,240,660
405,108,237,652
407,125,237,643
401,108,233,632
406,119,181,619
398,114,230,618
402,113,215,619
394,115,231,634
397,112,232,644
396,118,240,652
394,116,226,643
392,108,224,636
397,113,222,627
394,114,222,629
386,115,221,645
396,113,221,650
394,118,216,645
420,111,214,638
395,114,216,634
397,111,212,630
396,113,214,659
395,109,219,670
396,111,223,682
390,114,218,697
403,104,235,687
405,109,228,679
400,108,226,681
396,109,233,694
406,105,234,723
404,111,241,748
404,107,246,778
404,109,252,783
406,108,250,777
405,110,250,772
404,110,249,760
402,107,249,747
407,107,252,739
405,118,248,747
407,111,272,743
408,108,269,736
424,111,268,733
407,107,271,719
412,101,272,728
408,107,275,748
413,108,273,754
414,111,242,760
414,107,272,746
412,110,276,734
409,103,269,725
412,112,267,753
408,107,265,726
410,103,266,727
408,109,272,721
413,112,264,721
414,112,265,726
410,111,259,729
415,111,259,731
410,107,252,732
413,110,256,739
412,107,266,757
408,113,262,772
408,110,262,769
412,110,260,754
402,112,256,753
406,108,258,787
404,112,266,809
403,116,265,821
404,109,271,803
408,107,260,787
404,112,254,782
400,111,260,768
409,107,259,753
403,107,257,744
403,105,257,732
449,108,256,719
403,105,261,708
402,107,253,704
399,106,250,703
396,104,247,706
398,104,247,698
400,104,246,684
400,118,240,686
404,113,240,673
402,120,235,676
401,113,237,658
418,115,235,662
404,116,233,678
408,116,235,689
406,120,237,682
410,113,235,678
411,119,228,676
406,109,231,671
403,119,226,669
406,112,228,660
408,112,224,650
408,107,226,677
411,115,232,711
409,115,242,724
421,109,252,753
417,105,274,744
421,109,269,740
417,114,268,735
418,110,260,757
418,108,269,792
417,106,279,806
425,108,268,797
431,100,257,788
440,105,252,817
445,107,258,838
456,105,282,841
448,108,263,828
463,113,246,825
473,102,257,809
456,96,252,804
467,107,257,783
460,105,251,778
456,103,262,757
461,96,250,753
452,101,242,741
452,106,243,733
453,102,239,725
452,106,241,710
444,105,238,702
446,107,232,691
443,103,232,678
446,103,232,677
442,121,233,669
440,105,231,660
443,104,228,658
444,98,221,653
444,104,226,642
452,103,218,637
463,110,219,630
463,105,217,627
469,105,221,620
479,105,222,613
483,104,216,602
481,104,217,603
477,102,218,594
478,105,215,592
477,93,220,604
475,107,213,611
470,105,218,609
472,105,220,601
468,108,231,612
477,102,216,618
472,106,215,617
472,104,212,610
480,104,211,602
473,104,206,601
475,103,210,614
472,109,197,619
475,116,206,611
472,104,207,615
470,106,198,610
475,102,203,600
469,102,201,589
470,104,200,582
465,103,195,578
464,105,196,576
462,104,198,569
465,106,197,557
460,101,195,566
455,102,192,585
453,105,193,606
450,105,178,599
449,104,186,608
446,145,187,609
452,106,186,624
416,104,188,596
445,102,188,589
443,106,197,584
443,99,200,574
443,105,204,571
441,104,201,565
437,110,200,575
432,110,198,577
438,109,198,584
431,115,193,587
427,110,197,578
421,115,196,576
424,119,192,583
426,112,197,583
424,80,192,574
426,114,194,576
424,113,192,594
424,113,195,618
421,120,203,645
483,110,202,658
421,113,207,654
425,106,203,664
424,111,200,690
420,109,200,720
420,112,201,733
419,111,252,748
416,108,198,754
412,107,201,755
414,115,198,744
413,108,194,731
410,107,187,723
407,107,191,716
414,122,197,718
417,109,189,717
418,110,187,724
424,113,198,737
422,120,196,739
429,115,201,728
417,115,198,723
429,114,208,714
420,128,200,705
429,128,197,701
428,136,197,668
445,137,195,728
432,133,197,721
424,134,196,710
428,130,192,697
431,137,197,694
430,130,194,682
429,149,191,673
429,130,190,662
431,132,192,650
422,128,188,651
431,120,181,658
357,128,190,648
421,122,185,652
430,125,195,657
428,137,202,677
428,127,225,676
420,124,236,670
429,126,200,684
434,124,210,696
431,120,207,712
424,116,224,721
418,120,211,715
425,117,212,708
420,119,207,702
419,120,210,692
425,119,203,685
429,118,208,681
435,118,205,677
434,119,207,674
425,119,212,693
433,119,208,683
432,117,209,675
428,116,211,666
430,118,205,671
431,118,208,667
433,128,204,659
431,117,209,651
428,128,211,641
427,120,215,634
422,119,222,626
423,124,216,615
421,120,217,603
421,120,218,599
417,117,218,593
419,115,228,606
428,118,223,614
409,124,214,610
414,122,222,609
417,119,219,594
415,105,219,604
413,119,214,597
418,123,216,566
408,117,212,593
416,121,208,588
413,118,210,591
416,117,207,607
416,118,212,619
415,117,218,625
419,118,231,624
410,113,229,612
413,115,229,606
416,115,228,613
419,115,224,608
420,113,215,618
421,113,222,626
424,111,222,617
421,108,219,601
422,120,216,618
420,111,210,620
422,112,214,620
422,113,209,615
423,113,214,612
415,111,214,620
430,114,208,611
411,111,208,605
406,113,205,596
418,116,206,602
419,122,212,587
420,114,203,582
429,116,201,575
433,110,200,566
431,110,198,577
433,110,198,571
429,112,198,566
434,107,200,561
432,125,204,554
429,118,205,545
438,114,207,540
423,110,203,542
422,111,204,553
419,116,203,556
421,115,205,555
407,114,204,555
416,109,193,546
414,113,201,523
413,113,200,532
412,115,197,529
407,108,197,526
416,108,203,548
411,109,199,547
412,108,197,541
415,113,201,536
404,107,208,535
406,108,220,541
407,106,224,534
408,108,219,530
397,105,227,522
409,118,231,525
407,103,225,517
414,105,224,516
408,105,226,523
409,106,228,535
401,108,236,548
405,102,237,556
411,106,243,558
406,103,237,555
407,104,238,548
404,102,239,547
403,104,232,536
404,100,230,536
400,98,226,528
399,104,230,529
393,102,225,520
400,98,225,514
390,108,217,510
399,106,218,517
399,111,215,520
396,113,234,526
398,111,215,539
400,116,208,550
401,104,226,557
398,111,217,550
398,112,221,544
406,106,179,535
395,113,219,533
394,111,217,548
398,118,211,577
395,116,212,585
395,117,211,577
397,108,210,571
393,113,206,567
413,121,206,569
392,115,205,562
391,116,203,557
390,116,203,548
380,113,203,545
391,111,198,558
393,112,199,544
397,120,198,541
395,112,200,541
399,111,195,548
392,104,201,553
392,114,207,557
395,116,208,554
408,116,207,555
395,117,202,561
397,104,197,564
398,115,213,564
400,116,206,592
396,110,211,605
396,109,205,615
404,107,204,625
397,106,206,635
411,108,204,644
398,108,201,655
389,112,204,650
405,112,204,646
405,104,201,641
408,111,176,630
404,106,198,623
365,110,196,633
399,107,194,644
400,108,197,628
393,108,196,630
401,103,196,621
401,97,202,630
401,109,200,650
394,115,206,674
400,109,201,668
396,110,219,661
398,113,199,652
402,110,197,642
400,105,207,636
401,110,198,635
400,89,196,641
398,108,196,633
400,106,209,635
394,111,196,617
397,108,194,619
392,108,192,624
394,109,198,621
390,109,194,633
392,108,193,632
394,109,194,625
394,166,193,622
391,109,192,623
392,103,192,615
388,106,187,604
388,104,188,599
391,106,186,588
384,107,183,594
387,118,177,595
388,106,185,594
390,105,192,586
410,112,183,589
387,115,181,592
382,126,180,613
386,120,186,649
381,121,194,651
388,129,202,655
392,126,202,653
395,126,220,646
393,124,230,644
393,126,242,657
391,116,240,680
392,112,239,702
390,125,237,696
390,118,240,682
385,120,249,681
386,119,250,679
384,121,251,705
384,117,264,702
390,111,268,706
384,116,266,694
386,118,272,680
375,101,266,674
390,157,265,671
385,120,265,684
388,124,265,697
382,128,277,709
369,123,276,712
385,128,286,712
388,128,277,710
393,143,276,717
399,142,280,703
416,138,271,699
410,145,265,687
421,138,265,675
427,139,267,675
426,142,266,666
432,139,263,656
428,147,260,647
427,138,257,637
425,128,254,632
423,134,246,626
422,130,251,624
423,125,243,632
420,132,245,637
419,130,241,630
421,131,244,622
421,115,233,612
415,129,238,607
410,128,231,598
413,118,240,576
410,125,230,582
411,126,223,569
409,128,229,565
410,124,248,569
410,123,238,570
408,122,236,561
413,124,239,554
413,124,247,556
416,120,250,567
410,119,254,578
414,111,253,582
405,124,266,587
410,123,249,605
411,123,254,601
408,121,251,606
409,118,252,643
402,116,260,683
407,120,257,694
408,86,263,704
411,120,263,721
410,126,256,727
408,116,259,716
412,130,261,704
407,121,257,697
415,128,256,683
411,124,254,683
422,126,250,670
420,126,251,665
428,122,246,655
423,124,245,647
421,122,241,636
419,123,239,627
416,120,229,618
416,122,233,608
413,119,232,599
415,117,231,594
410,118,230,589
413,109,236,592
412,133,235,619
395,124,241,613
408,122,264,620
404,120,283,613
407,114,286,648
399,117,288,616
409,112,295,609
400,117,295,608
401,102,291,613
398,116,289,611
396,112,291,621
391,113,291,622
389,113,302,627
400,116,298,629
394,117,290,642
401,120,302,686
405,114,314,724
395,121,320,754
399,112,338,775
398,115,317,778
397,117,315,768
393,168,310,756
395,116,308,744
394,118,306,733
394,114,300,734
394,114,310,732
394,112,296,727
394,112,292,723
390,111,286,711
391,111,286,704
384,110,281,691
393,107,278,685
387,116,277,676
392,111,274,666
383,105,270,656
388,110,268,644
388,109,271,639
385,110,264,626
381,109,264,620
385,109,259,603
419,112,258,602
393,109,250,603
397,106,257,588
400,107,251,605
407,107,256,598
409,110,264,608
413,104,279,618
432,110,303,664
412,104,321,680
415,110,336,687
417,106,341,682
417,107,335,682
412,109,347,729
418,106,370,777
420,105,380,819
421,104,394,845
423,96,409,856
421,116,396,852
424,110,390,837
425,114,389,826
427,112,388,811
435,118,381,805
423,123,374,791
425,135,378,780
423,128,367,766
417,129,365,756
420,128,352,748
427,130,366,741
424,129,352,737
426,126,346,720
416,129,349,712
444,123,337,702
416,122,339,695
415,123,331,685
423,122,328,687
415,132,325,666
419,125,321,658
416,123,314,656
413,120,314,654
415,119,314,655
417,121,312,644
420,122,314,638
416,116,315,631
414,118,318,634
419,118,316,634
414,129,331,654
408,128,342,684
419,105,357,689
419,117,359,697
419,114,352,681
417,121,350,693
412,118,356,753
416,121,372,826
416,123,376,856
416,116,377,864
416,116,376,863
422,117,370,851
421,122,368,838
424,122,364,827
415,123,362,834
427,117,364,842
427,116,368,836
428,113,358,828
432,125,361,814
433,108,363,833
438,116,367,845
436,117,358,844
442,114,359,830
441,115,343,821
443,111,349,806
442,117,346,792
440,112,342,780
442,118,341,773
440,115,332,770
442,112,331,752
438,108,327,740
437,113,320,727
438,110,324,717
427,112,315,704
439,116,319,697
442,115,323,702
442,116,309,694
438,114,306,686
439,115,317,682
437,111,322,674
396,109,326,666
437,111,327,659
435,110,318,663
438,112,320,658
432,107,318,666
441,117,351,668
428,108,321,657
423,110,317,648
422,106,313,638
424,104,306,643
425,109,312,656
428,106,304,676
419,109,303,683
425,108,303,686
422,105,295,679
426,104,299,691
423,104,299,709
418,80,296,734
420,105,293,735
433,105,290,725
421,110,286,720
421,104,289,709
419,110,285,703
417,114,293,701
416,114,287,725
419,107,284,725
417,111,282,717
419,70,280,704
426,42,280,716
423,104,274,736
428,112,278,739
432,110,273,726
428,109,267,719
423,110,259,709
438,109,268,705
425,109,272,706
427,112,273,692
427,111,269,687
422,105,264,678
428,114,262,667
426,101,253,668
389,107,263,664
439,108,250,674
447,108,258,669
447,108,257,662
456,108,253,663
455,111,253,663
455,111,245,654
453,103,249,649
449,105,251,642
449,111,247,646
443,110,243,643
447,107,249,633
445,110,254,638
447,112,248,629
440,110,265,617
444,106,248,619
445,110,251,631
452,105,250,642
448,106,243,646
448,107,245,640
448,108,244,639
446,77,243,636
445,104,237,628
445,108,241,622
442,109,238,620
441,99,243,626
442,109,245,629
445,107,246,619
437,106,246,623
443,105,246,618
436,106,251,599
437,104,240,597
434,118,243,590
434,103,240,582
431,109,236,592
430,102,242,586
429,102,238,583
433,97,243,576
435,96,242,579
420,101,235,565
425,104,240,558
421,102,239,555
419,96,234,523
412,101,237,539
421,101,236,535
423,106,226,531
423,102,239,540
423,110,229,539
422,102,228,547
425,102,229,564
416,107,226,567
420,102,230,573
421,104,240,571
420,104,239,581
457,101,241,578
414,99,241,602
416,100,232,621
411,99,248,650
408,101,256,665
408,92,273,656
403,100,258,666
404,101,259,666
407,96,264,660
408,98,268,656
404,98,258,656
410,96,250,652
416,97,250,655
406,99,262,641
458,99,247,638
404,100,239,623
406,102,241,621
408,158,238,614
413,96,237,607
399,102,236,608
413,100,251,599
418,99,198,604
417,98,261,597
418,100,260,602
414,98,257,583
416,107,250,582
411,100,249,575
413,102,249,567
403,101,242,560
412,101,248,554
410,103,251,550
406,99,239,544
409,102,251,544
408,101,253,537
409,99,254,571
407,108,264,561
407,99,269,556
400,110,266,547
402,89,258,562
400,101,260,588
398,93,264,617
395,106,269,634
394,106,264,633
399,109,264,632
399,109,267,634
398,126,280,643
350,109,268,637
400,107,269,636
394,106,263,640
397,118,265,665
437,107,268,662
392,105,250,668
397,108,273,653
393,105,256,640
394,108,254,640
384,105,256,601
392,106,252,624
391,106,256,612
395,110,248,620
394,80,251,623
392,110,251,626
392,110,265,640
393,106,248,631
396,106,256,617
400,107,253,616
397,107,253,610
405,108,251,601
408,102,247,593
411,108,248,587
423,107,242,580
423,108,243,590
422,104,244,599
416,107,237,595
426,109,238,598
416,106,233,578
420,113,234,576
412,108,228,561
414,106,229,562
413,104,227,557
419,110,227,553
412,110,227,547
423,107,250,544
404,107,220,545
410,104,216,537
406,105,216,539
408,105,220,545
407,108,224,543
404,101,228,543
404,101,231,537
403,101,230,529
397,104,235,522
408,101,231,540
405,102,233,564
401,99,232,591
402,98,229,596
404,102,225,591
404,100,226,592
404,105,234,597
404,100,223,599
401,101,223,612
392,97,221,617
403,101,228,622
395,158,232,620
393,96,228,612
398,101,225,611
399,97,222,609
398,100,225,604
402,100,223,598
406,100,222,593
400,100,217,586
411,100,215,600
397,98,212,615
400,99,214,621
399,105,215,626
397,99,212,622
397,102,213,621
395,112,210,612
391,100,212,608
392,97,208,599
395,100,204,598
392,99,208,605
394,97,203,597
387,102,203,581
384,94,202,584
389,100,202,573
390,99,196,569
401,94,196,562
386,97,200,556
390,113,192,564
379,96,191,581
385,98,193,578
387,100,194,578
388,99,191,579
390,119,193,582
388,101,195,594
389,111,198,586
391,118,192,586
395,119,193,573
394,126,189,572
396,128,187,569
399,136,190,561
396,118,184,562
405,129,188,569
402,128,184,556
404,130,172,555
429,122,180,548
408,135,178,548
404,129,178,538
404,118,178,534
404,128,182,535
404,148,177,525
402,135,184,518
397,119,178,518
406,122,180,522
404,117,170,522
406,117,182,518
402,118,181,508
403,120,182,502
402,120,176,508
396,114,181,504
401,114,183,501
403,114,178,495
415,116,180,496
398,121,179,501
404,106,195,502
399,116,188,498
391,121,186,489
396,116,183,495
396,114,184,494
401,125,183,501
405,112,178,505
415,114,178,516
417,112,184,522
419,111,197,542
418,111,206,544
421,109,206,540
419,53,213,545
417,109,207,537
421,112,210,534
417,110,208,531
425,113,211,524
417,107,221,526
422,106,227,534
422,101,232,548
424,106,226,544
425,107,224,557
426,107,228,550
427,107,230,562
428,103,225,555
430,110,224,563
433,106,216,545
435,107,221,541
434,105,225,541
433,103,218,532
429,105,218,536
429,104,226,541
426,106,220,540
425,106,217,553
425,104,225,537
420,102,227,535
424,94,232,540
420,103,241,551
425,100,232,542
417,100,234,553
407,101,232,549
418,106,238,551
413,104,228,551
411,103,238,553
410,103,233,546
411,103,237,542
410,105,238,538
420,102,225,528
408,103,232,527
407,100,233,519
397,101,230,513
403,100,228,506
399,105,219,496
404,100,222,504
404,96,217,501
404,99,227,498
412,108,212,501
417,69,221,524
427,98,216,520
427,101,218,516
425,99,213,509
425,101,206,502
423,106,208,513
432,105,207,518
441,92,214,524
436,104,208,517
445,96,213,518
439,103,209,515
437,101,211,514
437,107,208,512
441,107,214,513
439,105,212,518
435,108,214,533
432,103,220,537
432,104,213,550
431,105,209,546
427,102,208,570
427,105,215,582
437,100,212,593
424,104,215,589
421,101,218,583
425,102,221,577
421,102,209,575
422,101,222,562
421,108,222,563
422,100,220,552
423,102,220,550
421,100,218,551
423,102,216,539
422,100,215,531
426,105,212,539
418,102,212,560
418,101,228,576
411,101,216,570
411,98,213,564
430,102,210,561
412,100,218,578
412,108,225,582
410,101,232,579
415,101,229,570
411,100,244,586
410,99,226,596
407,102,225,565
395,100,264,582
404,97,226,578
410,97,220,570
412,101,218,579
416,98,215,572
414,98,217,564
421,89,215,563
430,99,223,555
432,102,212,550
430,96,207,569
434,107,205,580
436,106,204,574
445,107,204,572
436,107,200,574
437,105,200,560
435,98,200,567
435,102,197,551
433,96,202,551
424,132,201,551
433,106,202,552
427,109,202,557
438,107,200,553
425,106,202,544
419,105,197,546
417,103,190,554
422,117,200,561
426,100,197,574
430,98,199,575
435,57,204,580
430,100,201,568
431,106,197,568
433,102,201,562
421,105,199,570
425,101,196,595
429,101,197,619
421,101,203,628
425,98,199,622
426,101,197,619
426,101,198,609
426,107,197,601
425,103,192,596
424,102,194,589
418,111,187,588
423,110,192,580
442,112,193,576
426,109,189,571
429,107,185,584
427,109,192,588
424,118,192,577
421,111,200,573
426,107,193,564
417,109,195,562
421,111,188,553
414,111,182,560
417,105,188,559
417,109,195,551
419,108,192,546
419,109,191,542
413,111,202,553
421,109,189,544
418,109,201,540
416,112,204,532
419,111,213,545
419,106,209,555
418,110,212,552
419,108,210,542
420,109,215,552
416,110,203,548
415,121,209,541
418,107,212,544
418,104,208,530
418,100,211,535
421,107,208,527
426,108,208,528
422,106,199,520
423,112,217,516
420,106,215,513
420,107,217,476
413,108,215,509
414,104,213,502
411,107,216,509
411,105,202,512
415,79,214,519
409,108,209,531
404,104,213,537
407,105,207,536
410,103,206,536
405,97,206,540
406,103,194,537
406,109,209,532
402,98,206,528
401,100,206,521
402,100,206,525
401,103,203,523
397,102,205,518
401,102,204,522
393,100,228,532
391,102,208,537
399,108,222,548
391,100,222,557
398,109,225,562
398,102,222,559
401,100,221,573
393,104,216,565
401,99,218,566
404,100,230,577
395,100,227,581
409,100,226,577
401,100,222,572
408,104,223,597
405,102,222,581
408,98,224,614
410,100,219,620
414,97,220,618
410,100,220,615
411,100,215,634
410,112,211,634
410,90,216,626
409,101,216,624
406,94,214,624
409,98,208,643
406,97,215,656
405,95,214,665
406,97,214,664
406,85,216,647
409,101,213,651
411,98,212,654
413,91,209,663
415,96,209,662
416,88,213,664
412,100,208,666
421,105,214,666
417,106,217,665
421,106,210,674
420,108,202,673
383,104,206,663
419,106,207,652
420,117,215,648
420,124,204,634
417,131,202,640
421,124,201,640
421,125,190,650
440,126,200,650
421,129,212,646
415,124,197,636
423,122,198,629
421,124,201,629
420,128,198,646
414,125,203,654
416,91,210,658
413,126,217,662
407,122,228,656
413,123,218,672
402,120,215,696
409,123,216,724
407,117,216,730
406,117,213,724
398,125,212,716
405,122,214,701
400,115,205,694
404,123,205,683
400,120,208,675
400,128,204,661
396,114,202,660
396,115,197,649
398,114,202,646
395,113,198,652
397,108,194,647
393,112,195,645
401,115,194,634
400,120,197,628
398,126,188,618
402,131,200,617
394,114,189,603
406,121,193,593
406,117,191,594
411,118,189,593
403,116,179,621
406,117,192,598
409,119,188,590
400,119,184,590
406,114,186,601
404,115,183,615
403,108,190,627
401,115,189,633
406,113,214,628
402,118,229,635
407,108,242,635
405,118,261,625
397,107,268,615
405,115,275,612
400,177,273,613
404,113,269,640
403,112,274,651
405,112,274,646
403,108,279,667
404,110,296,728
401,115,312,757
400,111,325,750
388,112,322,752
395,113,317,737
394,129,301,749
400,112,312,759
414,111,307,765
401,107,308,757
406,103,299,760
408,125,299,740
408,110,291,756
417,112,293,754
408,105,292,743
403,112,285,737
408,112,281,727
410,114,273,726
411,112,278,710
416,118,272,701
414,119,274,692
417,119,270,678
414,123,293,694
413,117,284,693
410,123,282,694
409,120,283,689
413,119,285,678
423,121,280,670
418,122,275,660
419,123,286,672
439,120,289,679
424,117,294,666
407,117,282,679
421,118,292,687
423,116,290,682
432,114,293,676
427,117,295,678
426,119,290,667
430,121,299,657
425,113,283,650
422,118,284,652
425,116,282,656
422,117,278,653
423,117,276,644
427,116,274,641
426,118,280,637
429,124,280,640
432,119,288,645
432,116,290,643
429,112,286,663
428,111,281,665
429,104,277,658
427,111,278,659
427,117,274,651
423,117,273,645
422,111,263,629
422,112,259,623
429,109,264,615
424,108,263,610
417,110,261,601
418,109,252,596
415,112,262,610
416,110,265,625
407,110,282,624
408,108,261,614
410,111,264,612
408,117,257,619
401,113,252,633
408,108,256,618
410,107,252,630
413,108,210,650
414,109,261,664
413,114,258,669
419,108,265,668
413,97,270,665
414,106,263,674
413,120,267,669
411,106,256,666
407,108,256,661
412,104,256,666
413,116,254,662
412,102,256,650
414,104,250,646
414,106,253,641
419,103,237,633
414,103,248,622
414,103,241,622
416,95,241,607
411,101,240,603
408,107,237,608
401,105,236,611
404,102,231,594
409,106,234,597
409,101,228,589
409,121,216,584
410,102,227,578
409,103,226,568
409,103,224,567
404,106,224,554
345,106,221,556
406,109,219,545
400,105,223,544
395,104,214,539
405,112,217,540
406,104,211,537
420,104,184,529
411,118,209,528
414,102,210,525
406,105,207,526
414,108,207,520
414,124,204,532
413,117,206,550
412,130,215,544
416,114,208,550
414,118,205,568
416,112,224,580
429,117,206,589
408,118,208,581
428,115,205,581
430,119,201,572
431,119,204,562
437,110,206,564
436,107,208,589
434,114,216,604
431,114,216,605
433,119,216,598
429,108,213,606
428,115,212,632
429,115,214,607
430,105,214,599
424,116,217,598
431,111,226,594
432,116,226,614
430,123,224,602
422,133,222,600
427,120,220,592
427,112,222,588
427,123,216,587
424,122,220,594
422,122,221,590
411,121,217,601
415,120,222,597
416,122,218,598
419,118,217,604
414,70,221,617
416,120,220,622
418,123,222,625
419,118,220,617
423,120,212,629
417,118,212,631
416,123,210,637
416,119,212,641
420,120,218,656
418,120,226,668
419,116,222,664
408,118,225,689
410,125,221,702
415,118,224,698
420,116,165,687
415,117,219,696
415,114,220,699
419,117,224,699
415,112,233,702
429,112,240,710
413,126,239,711
410,117,243,701
412,115,239,698
414,112,237,690
416,116,236,680
423,119,240,726
413,113,248,682
409,109,257,674
410,104,256,669
407,112,260,661
405,109,259,666
398,110,259,653
404,108,265,648
406,108,262,647
405,107,261,648
425,106,264,663
406,107,273,674
405,106,264,679
404,110,262,679
410,101,260,661
411,111,259,660
403,106,256,658
411,108,242,653
410,106,250,647
412,106,250,636
412,108,250,637
412,104,257,636
410,108,246,643
413,104,240,633
409,101,239,628
397,104,237,620
413,107,238,621
399,109,237,603
413,101,237,602
407,39,232,592
406,108,230,615
407,102,231,616
404,104,228,616
407,103,230,627
408,96,229,615
410,108,238,622
407,102,244,628
409,100,243,617
407,100,242,615
407,115,237,604
412,102,243,618
422,103,240,653
412,101,244,654
412,101,240,651
411,101,239,641
409,101,239,645
410,103,240,647
407,109,238,656
407,113,234,655
404,119,234,648
408,120,228,648
402,118,230,665
403,108,224,677
404,119,226,674
405,118,225,662
404,119,234,662
406,117,238,657
407,113,217,644
407,119,216,644
404,119,209,629
404,117,217,628
403,114,213,624
407,119,214,614
404,117,208,610
409,114,208,603
404,115,209,594
410,116,208,584
414,119,209,576
408,119,205,571
418,120,199,567
421,112,206,558
421,121,205,559
425,126,198,568
424,126,200,561
425,120,203,559
429,126,199,564
425,126,200,566
425,123,194,560
421,124,190,554
427,122,192,545
426,125,199,550
421,139,204,553
429,117,197,548
422,122,198,548
412,124,193,552
419,121,203,553
422,114,209,541
419,120,197,550
417,120,197,527
423,116,205,610
413,113,211,633
415,128,206,629
411,117,215,621
411,114,213,614
410,111,213,608
404,112,210,631
409,115,201,590
413,118,204,586
417,105,204,592
412,113,205,600
412,113,207,603
412,113,215,622
415,111,231,636
416,114,244,647
416,112,252,645
420,111,253,638
418,110,251,638
422,109,247,669
420,110,248,696
422,109,256,710
405,111,244,720
417,109,242,722
421,109,237,720
425,109,238,696
421,107,239,705
418,107,235,698
420,112,240,708
431,109,233,722
419,106,235,720
414,105,234,750
371,104,232,753
413,104,233,756
415,106,229,744
408,109,229,733
398,115,226,726
403,104,227,717
409,105,225,712
407,101,222,707
409,104,222,712
409,116,229,724
412,104,238,736
402,98,234,731
412,105,235,721
405,104,228,713
412,104,232,707
407,102,233,710
414,95,238,714
407,102,231,723
421,100,228,723
404,102,229,716
409,102,214,704
416,97,220,697
418,100,163,706
419,104,223,731
418,103,224,742
424,102,224,729
419,108,223,723
425,103,220,703
435,106,215,710
423,104,216,697
424,108,213,689
426,105,216,678
426,113,213,672
425,119,210,673
421,117,214,678
413,125,220,676
423,119,225,663
422,118,225,658
421,123,226,648
419,129,234,643
421,117,225,638
419,121,212,632
415,130,219,624
417,117,215,615
415,114,218,613
411,109,211,605
416,117,210,600
418,114,208,590
418,115,211,583
410,104,208,577
412,115,209,577
411,114,210,602
418,116,203,631
413,113,216,633
419,108,213,621
406,112,214,632
405,109,215,662
407,111,215,681
402,110,212,693
409,110,210,685
408,109,210,674
409,115,208,668
404,109,205,669
404,105,207,663
416,113,207,670
406,105,211,661
409,113,205,651
403,112,202,644
402,52,202,643
400,114,200,647
407,108,200,637
400,110,199,630
398,104,193,617
399,110,226,613
395,108,193,603
384,109,230,599
393,107,200,599
393,112,192,611
390,112,212,630
394,120,222,636
391,105,236,633
394,106,236,625
392,100,239,642
393,105,237,653
394,96,242,664
393,103,240,695
402,106,237,649
402,106,238,645
401,109,236,630
403,105,237,640
404,103,233,653
400,104,234,649
401,106,224,683
400,117,228,687
400,109,235,673
398,111,224,668
399,110,222,671
400,111,224,664
391,109,223,665
394,110,217,656
392,111,254,665
396,107,212,655
384,112,214,650
395,109,213,642
393,110,210,630
388,107,206,619
381,108,208,623
390,111,206,618
392,118,201,610
393,121,206,605
384,124,198,605
388,125,201,596
387,119,197,605
391,125,197,601
385,121,194,603
388,123,190,608
392,121,152,608
387,120,192,614
392,124,196,612
384,121,190,615
384,122,192,609
384,155,195,600
380,122,200,602
385,121,248,607
380,119,208,618
379,118,208,636
382,119,206,645
378,108,213,629
380,115,207,631
381,117,206,631
381,124,199,642
381,112,206,662
386,115,205,677
388,114,204,678
388,118,192,674
388,112,200,667
389,118,200,667
390,113,197,661
393,116,198,663
393,104,188,666
393,114,196,661
392,108,195,653
433,112,193,645
388,106,193,640
393,131,187,640
392,111,190,637
387,109,185,638
388,111,188,637
388,109,191,632
390,102,196,623
387,110,182,617
388,112,189,601
411,109,186,606
385,114,184,600
399,112,182,606
390,109,181,593
401,141,182,593
388,107,178,582
390,105,180,591
388,114,178,593
384,110,175,591
389,101,186,596
386,106,176,586
389,94,177,581
384,109,185,578
384,113,197,580
385,101,203,586
387,110,214,597
409,111,242,608
409,106,214,602
404,104,213,597
415,102,214,608
419,107,220,627
421,100,215,633
450,108,215,635
428,107,224,643
421,117,214,640
408,123,215,629
422,119,209,618
422,110,214,627
418,115,203,620
420,119,205,615
419,122,207,614
381,119,205,614
417,112,206,634
416,124,213,622
413,123,208,628
412,122,205,622
410,125,205,622
411,118,200,613
404,121,204,610
409,120,201,608
410,123,198,619
412,123,203,624
410,131,204,631
405,128,201,626
412,126,199,628
403,132,203,624
406,128,207,625
405,121,209,628
406,123,228,637
409,118,232,638
407,126,223,630
410,128,227,625
401,125,224,618
414,124,224,613
429,125,227,610
408,125,222,612
406,81,222,605
390,122,219,598
404,123,223,596
401,122,217,588
404,123,220,582
397,113,217,569
402,121,212,573
395,116,215,566
397,115,210,578
393,125,209,580
403,111,223,577
396,120,169,565
395,113,201,570
396,115,211,582
391,112,209,589
392,118,194,570
387,117,202,566
391,111,197,542
389,108,198,552
387,112,193,545
388,112,194,542
388,112,188,536
386,113,196,533
392,112,193,527
394,116,184,515
393,107,190,515
394,111,188,509
394,111,188,501
394,110,179,513
392,113,187,521
382,109,187,513
412,113,181,512
397,108,183,512
396,112,183,509
394,109,192,503
396,112,192,513
389,110,198,499
394,110,190,495
395,114,192,491
394,110,193,488
407,107,190,487
401,110,190,484
407,109,190,481
406,113,190,494
411,101,186,485
411,111,186,479
410,108,182,480
412,109,184,482
410,108,183,494
408,111,182,496
413,107,182,499
413,108,182,493
402,107,180,490
412,136,180,491
406,107,179,483
410,105,185,481
412,111,174,478
406,115,183,475
413,126,175,469
411,128,176,461
414,142,175,409
413,131,171,452
415,128,167,449
410,130,177,446
412,144,172,441
412,130,176,442
410,128,173,441
412,105,173,447
407,122,175,449
408,125,171,444
408,123,179,439
411,124,186,474
410,128,193,464
407,123,199,477
412,126,198,475
406,119,194,470
408,128,196,473
408,121,195,496
407,125,191,519
409,119,196,538
411,118,190,541
409,121,193,538
407,115,198,538
402,120,203,547
407,65,210,565
411,129,216,571
399,115,218,567
408,117,218,558
406,118,216,554
411,107,214,544
407,112,218,544
451,117,213,536
404,116,212,538
404,115,205,526
404,116,211,520
397,113,201,512
459,112,208,521
395,112,208,538
409,112,201,533
395,111,217,534
398,103,219,542
392,112,220,535
393,108,216,529
397,111,215,530
394,109,214,531
391,107,213,524
393,110,213,520
390,48,217,512
390,109,219,518
391,107,217,520
389,167,221,527
388,103,218,520
388,96,231,505
388,107,213,512
388,111,212,506
388,106,208,499
387,119,202,492
391,64,210,497
392,103,206,492
398,107,143,483
393,101,206,502
397,100,231,528
394,112,235,543
396,107,249,553
386,100,251,542
383,103,261,528
395,104,251,536
387,101,256,548
395,106,260,592
393,102,279,614
392,108,285,629
391,121,285,623
391,113,284,616
393,114,277,619
393,109,293,618
395,118,277,631
400,115,272,619
398,119,269,617
398,120,266,606
404,122,269,599
402,115,260,593
392,112,258,598
400,113,257,597
402,115,256,584
401,118,259,591
402,114,250,596
404,118,252,599
402,116,245,596
399,131,244,590
401,107,240,597
405,119,238,609
401,120,240,611
403,134,226,599
401,119,235,594
401,118,228,586
409,120,243,581
417,117,232,582
436,119,230,582
416,119,227,581
425,123,222,579
434,148,237,584
420,117,246,605
416,128,268,620
410,108,261,623
419,118,273,635
416,114,268,648
416,118,258,657
422,112,264,653
417,109,263,648
412,102,258,668
417,116,257,661
415,111,256,656
419,109,248,649
428,116,258,645
416,110,256,656
416,111,254,653
414,104,252,647
415,115,251,635
413,109,246,631
405,120,254,642
418,112,245,615
411,108,243,608
413,106,244,600
412,108,248,600
410,109,236,593
406,107,231,590
412,107,236,580
412,108,233,574
413,105,231,566
414,106,228,561
408,102,223,557
409,113,226,557
405,106,221,548
408,106,222,546
411,105,219,549
411,100,219,531
407,104,220,526
411,110,220,525
428,106,228,521
409,104,232,513
411,108,229,517
407,107,226,518
413,81,228,509
404,100,228,516
412,102,232,523
412,102,237,530
409,101,236,531
405,103,233,538
408,99,238,530
403,106,240,529
404,100,233,522
410,104,236,514
403,104,229,530
404,104,236,519
403,112,252,526
400,112,239,522
401,118,256,541
398,116,273,541
400,117,267,559
393,113,277,556
398,115,262,552
395,119,262,542
396,112,249,538
393,129,264,538
398,109,251,541
398,107,256,546
395,120,235,574
400,111,246,592
402,111,245,586
401,113,240,584
393,102,238,582
402,116,239,584
400,116,237,585
396,113,234,575
402,116,236,579
401,113,225,580
392,116,232,566
405,112,225,559
407,115,225,551
405,111,225,546
395,116,223,561
405,101,221,543
409,112,221,527
407,113,220,534
405,107,217,526
404,112,217,525
403,110,211,530
406,113,204,530
401,112,212,527
404,111,220,527
404,111,181,525
400,109,239,542
398,112,261,549
397,113,281,565
394,112,290,565
396,105,288,581
397,114,286,606
397,113,274,609
394,112,288,619
403,112,307,640
394,111,317,657
396,115,324,658
392,119,324,652
394,115,326,646
391,109,315,616
388,114,314,627
388,104,309,619
387,112,306,613
387,120,304,615
390,108,299,597
387,116,298,592
381,99,293,586
382,109,293,584
383,106,289,579
384,111,289,578
385,108,275,578
384,120,288,586
385,100,286,602
387,106,288,606
390,110,299,632
397,104,307,642
395,106,315,640
397,106,307,634
403,108,306,641
404,103,298,641
407,96,304,643
402,103,294,663
403,107,290,660
402,102,290,652
400,105,286,661
389,96,283,664
399,104,284,664
391,100,292,660
398,103,299,661
403,107,302,671
411,109,297,672
404,101,295,670
397,96,296,650
401,98,291,641
408,104,299,642
413,101,299,640
409,108,297,631
406,102,296,626
405,105,299,622
396,100,301,642
416,100,292,640
398,101,292,629
401,100,294,638
399,100,304,658
394,96,307,656
395,102,297,653
386,103,288,633
395,98,292,626
393,101,290,622
393,97,290,613
396,96,285,608
392,104,284,603
393,101,281,596
391,102,280,607
393,98,284,601
391,100,285,600
393,107,278,592
389,115,276,586
392,105,273,576
396,105,273,569
389,119,262,554
392,128,267,554
390,118,261,547
390,132,248,554
387,132,259,545
390,121,252,547
386,120,254,546
388,120,261,552
390,121,253,570
388,110,248,563
391,115,258,548
391,118,248,568
393,121,251,564
390,128,256,557
394,126,249,566
381,127,259,550
394,123,261,541
391,130,268,542
393,126,267,534
392,130,267,532
398,120,269,526
384,125,266,523
395,123,281,518
389,126,290,513
388,123,286,512
393,121,288,519
394,122,288,520
392,117,284,517
392,124,288,512
385,120,278,514
391,121,275,529
395,116,268,528
395,123,263,523
392,116,269,520
389,108,268,512
392,117,265,523
393,112,262,527
396,118,260,524
395,110,256,515
398,120,253,523
396,115,249,523
400,104,253,524
392,116,248,520
398,114,246,520
399,125,248,516
408,117,250,498
416,118,260,500
405,120,258,505
402,115,262,503
400,113,256,499
401,114,258,490
399,113,253,498
402,110,250,493
394,121,234,487
395,112,245,484
398,107,234,484
403,140,242,490
395,112,243,481
402,109,237,485
404,109,238,491
404,111,234,481
410,109,237,477
412,110,236,482
410,101,229,483
409,109,229,501
407,107,225,522
406,110,228,530
393,109,224,531
414,113,224,528
402,122,222,520
403,101,222,516
398,138,224,510
404,150,218,505
401,165,217,504
392,162,220,521
396,169,219,527
394,165,221,521
394,170,219,514
395,165,221,516
398,179,212,513
396,165,216,508
393,146,216,504
370,161,218,498
393,155,217,491
394,163,217,494
391,156,213,505
394,156,211,498
389,152,208,495
392,155,204,499
389,174,206,505
385,152,205,504
391,154,204,499
387,149,199,499
386,150,200,495
386,151,200,490
400,154,202,484
385,152,204,486
390,149,202,490
373,148,252,504
387,146,200,500
389,144,206,503
381,138,212,493
388,145,200,494
387,144,217,487
385,144,225,500
384,140,226,503
384,141,219,498
389,143,223,520
388,143,218,549
379,142,219,574
439,135,215,569
380,137,213,563
376,128,222,566
378,137,212,579
388,133,209,610
393,132,208,626
394,131,209,610
398,144,198,613
401,146,215,629
408,147,216,639
419,165,226,669
405,165,237,676
406,175,240,664
401,171,237,684
402,156,240,727
402,172,250,765
401,170,250,773
404,168,259,761
400,165,260,750
401,178,266,737
398,157,261,728
397,166,259,714
393,160,257,704
399,157,252,707
401,161,253,696
390,159,251,688
403,159,243,685
395,154,246,677
381,153,202,660
394,151,240,658
397,149,241,667
404,154,226,685
393,150,253,703
390,150,279,702
389,146,260,703
389,147,290,740
384,145,265,749
388,144,265,767
382,136,258,766
388,142,261,754
384,142,259,749
387,138,258,757
385,148,258,779
384,141,251,774
385,141,262,763
382,133,264,755
386,143,268,751
384,140,262,745
384,134,264,750
378,139,266,759
385,133,264,733
380,132,268,724
378,129,260,722
372,131,260,707
382,130,256,704
389,132,256,700
380,140,258,719
372,128,265,725
377,125,259,733
375,126,273,736
378,89,263,734
376,126,260,721
382,126,261,712
376,122,256,699
378,87,253,705
382,122,252,694
375,125,247,691
366,122,248,678
374,119,243,665
378,120,237,662
373,119,237,652
376,124,239,648
371,116,236,637
372,122,253,630
373,118,245,626
384,115,258,635
374,119,286,673
377,122,281,709
377,112,302,714
376,118,300,706
371,117,304,714
376,122,296,758
373,117,310,780
382,120,312,836
370,115,308,781
364,117,307,777
375,113,306,770
377,116,316,762
375,112,304,750
376,94,302,744
369,136,287,733
377,131,293,719
377,128,290,709
379,138,288,700
377,151,289,687
383,142,309,672
385,149,295,681
387,146,282,683
386,148,291,687
394,144,292,698
396,144,291,702
393,146,289,696
398,141,282,684
393,134,286,701
390,144,282,720
388,132,283,726
390,143,273,717
388,140,277,709
388,138,274,690
386,134,270,686
381,136,266,677
389,137,265,672
386,135,261,657
388,132,265,648
389,124,259,649
385,134,250,649
381,133,262,638
392,132,261,634
388,139,266,633
386,131,264,626
382,126,258,628
385,128,264,643
386,128,264,658
379,128,269,664
383,110,266,656
385,130,268,651
382,124,264,645
384,131,263,647
385,125,260,634
385,126,263,640
373,124,276,646
379,122,264,625
384,123,269,620
383,121,265,621
379,56,269,613
379,119,266,607
375,116,263,604
376,120,260,609
369,118,259,612
369,118,268,606
373,110,268,620
374,122,276,597
372,114,265,588
366,118,267,584
370,114,268,578
367,115,261,573
369,108,263,574
373,114,269,567
370,114,260,560
370,112,251,564
365,116,253,564
371,125,252,557
368,113,247,568
373,106,245,568
377,102,243,566
387,119,264,556
381,108,239,555
384,112,280,546
384,113,236,542
378,114,235,559
382,111,234,558
379,111,250,552
367,108,224,556
377,118,225,562
377,110,227,573
371,170,233,571
376,104,233,566
379,108,229,566
381,108,224,564
386,106,224,550
385,110,220,545
382,101,221,543
382,106,222,548
390,103,220,538
390,106,217,529
385,106,215,528
399,107,212,518
390,104,215,518
390,111,205,522
390,107,217,527
391,98,231,548
390,111,234,558
386,109,232,562
392,108,243,558
388,108,243,561
391,108,238,567
392,109,247,590
389,94,252,614
395,110,258,610
396,120,256,612
405,103,258,618
400,109,257,617
400,112,256,608
431,110,256,603
402,109,249,597
402,112,252,593
401,109,256,585
412,110,245,578
400,114,246,570
402,111,241,551
399,107,238,557
401,108,238,563
400,107,237,564
404,107,236,557
403,109,236,557
402,110,234,549
408,109,237,545
454,104,239,543
411,107,236,539
400,108,233,533
411,108,229,526
406,131,229,522
420,112,251,517
406,109,215,532
404,106,229,547
409,112,224,543
406,108,220,541
405,110,222,536
403,106,235,532
404,107,228,525
399,107,235,522
407,108,228,516
401,111,234,526
397,104,252,530
399,111,256,521
398,94,251,541
352,106,252,541
394,102,248,542
393,104,249,542
394,130,247,555
397,108,242,565
390,107,238,568
389,92,240,561
392,95,241,564
388,137,235,558
392,106,232,550
385,110,224,542
393,110,230,539
387,109,233,537
394,111,238,549
394,114,237,568
413,110,237,578
396,111,237,580
392,108,233,572
391,110,232,567
393,108,233,560
393,106,235,564
393,106,232,588
394,109,229,596
396,110,230,590
365,106,226,583
395,110,227,578
395,110,218,567
398,110,222,562
396,108,219,557
398,108,218,546
395,105,213,550
387,107,215,548
388,109,217,543
392,106,216,534
392,109,213,540
377,104,259,540
380,106,209,536
391,105,206,541
396,111,206,536
393,105,206,541
398,106,206,531
400,109,207,544
390,104,210,544
401,107,207,537
402,105,199,538
405,116,201,544
403,114,202,553
405,112,200,558
400,117,196,561
407,114,197,567
404,114,196,584
399,115,190,588
405,116,195,583
407,113,192,576
411,116,192,572
406,117,198,572
400,116,195,539
409,109,196,562
411,114,192,561
401,114,196,564
411,107,191,560
407,108,197,555
405,110,190,549
405,105,206,534
404,120,189,550
408,111,183,546
402,107,186,537
401,110,182,535
402,109,185,538
399,109,179,545
385,114,184,553
397,103,181,557
396,107,177,554
393,98,186,548
396,107,180,566
390,105,185,562
395,45,181,560
391,119,180,553
407,105,175,581
392,110,177,592
390,90,180,597
388,101,176,606
392,96,174,605
379,105,178,593
379,98,178,588
388,105,173,582
385,109,176,582
393,107,174,567
390,110,174,571
389,107,184,584
380,101,197,592
391,109,190,597
395,102,196,592
394,110,196,590
395,105,198,585
388,111,204,590
398,108,206,582
400,109,204,576
393,107,201,562
395,110,196,568
390,105,200,587
390,103,200,612
390,71,200,625
389,109,198,624
386,109,231,622
392,106,198,613
387,107,192,604
393,103,193,596
394,108,194,588
382,105,190,584
392,107,190,576
399,110,185,582
388,106,181,585
383,113,188,579
386,106,185,576
387,104,188,572
387,96,184,558
384,106,184,582
378,104,182,569
382,104,181,570
382,102,183,564
381,98,182,560
375,104,183,556
378,92,182,568
381,99,188,577
377,93,194,575
380,118,186,578
376,108,182,588
378,103,188,611
383,104,184,610
377,101,182,610
378,102,178,608
379,108,179,595
383,103,180,604
381,69,182,609
379,97,187,611
377,98,191,623
373,99,196,610
369,98,198,606
378,97,203,596
413,101,194,596
380,99,189,592
380,102,190,593
380,98,188,583
379,112,188,579
372,105,188,583
378,104,189,590
407,107,190,579
382,106,190,586
378,106,188,599
378,104,185,605
378,115,176,598
374,106,188,594
385,111,185,608
383,103,181,610
388,112,183,599
391,110,182,593
387,109,178,586
388,110,181,577
385,114,175,571
390,121,180,572
390,112,177,570
385,117,176,565
382,114,176,561
389,122,163,554
378,113,168,552
378,111,167,562
379,115,174,572
372,111,170,530
380,113,173,563
379,111,179,553
379,104,168,548
375,110,177,533
378,106,168,547
376,111,174,552
388,108,173,549
381,109,174,552
384,109,172,537
379,110,176,539
384,107,173,538
390,110,173,536
387,110,170,533
395,115,165,533
393,112,172,523
397,116,172,514
390,114,177,512
393,112,179,512
396,118,190,527
396,117,201,532
399,120,207,528
397,118,202,522
398,117,198,516
397,112,203,533
394,115,209,562
396,120,219,573
395,117,219,570
396,120,232,565
400,108,222,559
397,124,223,554
398,128,214,561
397,118,219,556
387,118,226,551
397,115,215,550
395,117,222,557
381,117,225,552
395,117,237,545
396,115,236,541
391,115,236,542
382,107,235,544
390,117,243,557
388,106,248,549
393,106,253,541
380,117,241,537
386,117,247,538
387,116,240,529
387,117,238,505
396,116,241,520
395,114,234,522
390,136,233,503
386,112,237,508
386,113,232,499
392,112,230,500
389,112,230,495
394,112,228,504
393,111,225,522
394,103,227,534
390,113,220,537
394,115,220,525
375,120,212,532
390,111,214,535
397,112,212,540
390,106,210,541
390,112,213,555
385,109,209,544
382,109,206,547
388,109,207,538
385,109,204,534
374,108,206,542
379,106,201,533
381,110,205,529
401,110,202,525
381,109,203,520
378,97,200,513
376,109,199,510
372,108,202,501
375,108,204,498
375,104,206,476
361,114,200,488
372,122,201,483
374,126,196,497
374,133,199,500
374,137,194,492
374,134,196,490
377,130,192,484
379,136,194,474
379,128,192,488
378,131,189,524
377,136,174,519
381,136,185,520
380,136,188,518
389,136,195,510
389,138,184,504
382,133,180,516
388,133,182,519
388,134,182,512
389,132,182,506
387,141,182,514
389,132,176,504
388,139,185,509
386,132,183,501
384,138,179,500
386,135,182,520
386,132,182,532
381,132,180,530
384,133,181,530
375,129,178,519
380,126,171,514
381,136,175,482
382,126,174,510
381,130,183,514
379,119,183,521
378,124,186,524
376,130,185,512
378,134,182,508
376,139,182,508
378,141,181,518
370,149,182,522
379,132,181,517
380,136,187,515
380,126,183,508
379,124,180,529
379,130,183,523
381,177,181,521
376,128,177,519
377,128,174,515
378,129,179,507
367,119,168,512
377,128,179,514
375,128,183,515
364,122,184,502
374,125,179,501
376,109,175,490
376,126,176,493
381,123,177,488
379,124,180,491
378,120,177,488
371,126,177,514
378,122,172,485
380,118,176,477
379,123,160,485
379,120,171,482
375,124,176,479
381,116,168,472
381,119,173,471
384,119,178,466
380,119,183,473
381,117,182,472
383,115,176,464
379,116,180,463
377,121,178,459
376,109,183,454
379,117,174,463
386,122,177,452
378,114,174,463
380,117,177,461
375,116,174,456
372,115,173,453
371,116,172,462
382,118,176,481
378,118,177,502
364,138,173,503
376,130,172,502
368,117,177,499
378,119,181,494
374,120,181,512
374,118,185,508
371,119,177,502
365,130,170,512
373,145,184,528
360,133,177,537
377,133,175,541
371,129,175,543
375,134,172,540
371,133,168,537
373,119,170,534
368,132,172,535
367,133,170,526
371,132,178,540
367,128,181,554
369,96,184,577
368,128,192,580
364,128,220,576
365,127,199,569
384,128,203,574
363,122,199,576
368,142,195,566
363,130,196,568
364,123,194,594
365,114,211,623
363,125,217,623
364,125,219,616
359,122,218,609
365,124,217,605
360,121,227,600
361,123,219,590
362,123,214,594
360,121,215,576
360,121,228,572
359,117,212,572
360,120,211,568
367,120,209,563
361,118,206,557
357,118,167,549
364,116,204,549
360,117,206,547
358,117,202,535
359,120,209,534
321,118,197,527
356,122,200,526
357,118,199,524
359,109,195,516
354,119,197,512
358,117,194,505
357,118,194,502
359,115,190,496
358,122,193,490
359,112,187,485
364,95,187,491
366,114,193,516
366,114,205,537
364,123,189,528
372,121,233,521
366,122,194,519
367,119,194,519
358,115,200,520
366,116,192,514
366,118,192,510
363,116,183,508
368,105,189,527
364,141,189,532
362,116,189,542
361,107,197,539
361,114,198,536
362,118,199,530
364,117,196,525
373,128,195,528
376,114,191,515
383,116,192,512
384,120,192,510
380,121,189,501
392,115,192,494
390,116,186,494
384,129,186,489
394,105,190,488
391,116,184,482
390,123,178,486
393,115,174,479
392,116,187,484
391,114,194,503
399,117,214,518
434,108,203,514
401,110,204,512
399,109,204,531
401,112,203,550
400,122,200,556
402,124,202,547
400,128,210,546
401,128,195,540
399,126,206,544
396,124,206,541
400,170,199,537
396,122,192,543
396,123,194,540
393,126,189,528
395,182,193,529
391,119,191,525
392,119,188,528
392,123,191,515
392,120,188,514
390,111,193,523
390,118,203,521
400,120,200,522
388,120,195,520
390,125,197,521
381,118,198,521
386,117,198,512
386,120,193,508
383,113,193,499
389,107,203,498
382,114,193,492
386,117,193,489
382,121,190,484
387,122,184,489
382,122,188,496
383,119,184,494
385,129,185,493
381,119,183,489
383,120,183,486
380,117,178,480
380,117,181,479
378,122,180,481
381,114,181,478
374,104,181,480
384,117,181,470
385,115,174,473
382,108,176,462
375,116,176,458
379,114,178,453
383,114,177,456
378,130,176,452
380,112,175,448
380,115,177,449
380,112,176,472
379,117,175,439
377,109,165,434
379,118,174,435
376,117,170,436
377,115,171,427
374,115,168,445
375,112,168,458
374,112,186,473
374,108,185,479
367,105,191,480
375,108,192,498
374,112,192,514
373,108,189,517
375,113,188,520
374,101,188,510
377,109,185,526
386,109,155,538
379,106,188,536
405,109,184,548
383,105,183,545
392,112,182,540
380,105,179,528
378,106,185,525
377,72,177,536
378,109,173,523
379,101,176,516
377,108,172,505
376,103,182,506
376,115,174,509
377,113,173,514
377,113,170,506
370,111,174,503
376,123,181,518
377,114,172,525
368,113,182,523
365,117,171,520
371,115,176,515
374,101,168,512
370,114,173,506
369,112,169,498
369,113,170,495
367,115,177,493
372,110,168,498
363,114,169,487
370,113,169,484
364,116,171,494
370,112,165,490
370,112,166,494
371,112,163,489
373,111,163,489
381,110,158,485
371,114,161,480
375,108,160,476
370,110,158,483
370,107,164,495
374,110,161,510
378,107,161,497
374,106,157,496
379,104,160,504
375,120,160,514
378,119,157,508
379,116,175,515
379,120,162,508
374,118,165,503
370,119,160,501
374,118,156,512
375,115,160,507
377,119,157,524
371,117,158,528
375,111,155,520
373,113,174,520
369,116,154,512
368,116,156,508
380,118,154,505
367,116,156,499
367,116,150,498
370,116,158,500
378,118,153,492
369,112,153,486
380,99,153,482
359,114,153,477
373,113,158,478
360,111,152,469
367,117,159,468
365,112,183,457
368,131,182,464
366,144,181,457
362,145,193,454
365,157,188,456
364,155,189,469
362,166,189,491
361,170,194,496
362,170,193,493
360,164,196,488
365,167,187,490
363,161,194,491
365,162,196,491
353,163,193,489
362,162,194,482
359,161,203,490
362,162,201,496
376,164,201,489
361,160,207,483
363,158,210,480
361,160,208,486
361,158,202,487
394,155,207,485
360,152,213,487
361,154,199,484
371,150,201,486
362,152,200,480
363,147,199,478
362,141,210,480
374,153,220,483
364,161,230,496
362,163,248,510
366,166,245,504
360,170,252,508
365,165,249,502
361,173,256,488
360,170,252,498
361,164,249,525
358,168,258,553
360,156,252,577
353,158,251,586
356,157,246,582
355,158,245,577
359,156,246,569
358,155,246,562
355,157,243,552
365,156,244,558
353,148,249,562
357,159,252,568
350,146,266,557
353,163,247,555
356,152,268,545
355,144,257,539
357,147,257,540
350,141,259,556
350,144,264,551
353,145,256,545
358,146,258,541
354,150,253,549
356,152,249,536
360,151,253,539
359,152,246,535
359,155,244,527
362,152,247,529
360,153,244,517
356,153,241,515
362,150,238,523
365,150,238,519
365,149,249,513
360,154,256,492
363,147,253,538
362,152,260,502
360,149,253,513
363,150,253,512
362,193,248,530
365,148,250,533
363,147,240,524
364,112,241,519
362,205,243,531
340,143,240,532
364,144,246,530
376,144,272,519
367,195,246,520
366,139,246,515
372,140,241,509
368,133,244,507
376,145,240,524
374,138,239,520
373,128,233,524
313,136,235,529
372,132,229,535
392,138,224,526
374,133,229,521
369,132,228,518
371,131,227,513
372,132,223,507
376,160,224,502
370,128,223,500
374,129,223,497
368,130,221,502
378,128,224,498
371,128,225,500
373,128,239,505
370,128,244,507
371,124,250,503
372,128,236,499
370,124,260,488
372,122,260,486
368,123,262,477
374,123,251,483
373,121,258,472
376,122,258,467
374,126,257,480
373,119,257,498
376,120,253,506
378,113,250,506
379,117,252,498
390,119,256,483
378,123,256,483
374,126,247,490
420,123,250,488
376,126,248,484
380,120,245,477
374,119,245,473
366,119,240,471
375,121,241,465
379,120,239,459
374,121,249,457
376,120,241,456
377,118,237,453
379,119,234,442
374,117,234,450
373,119,235,448
373,115,227,451
364,131,233,463
371,114,230,465
377,114,221,468
368,113,228,466
373,103,225,464
368,116,224,461
369,109,223,467
364,117,222,466
368,112,217,458
375,115,223,458
355,106,228,454
364,115,231,452
368,114,230,449
375,106,226,444
361,108,226,454
369,111,222,465
366,115,230,473
370,108,222,466
365,114,221,468
370,109,221,474
373,118,228,492
374,113,253,516
363,132,268,513
371,140,246,519
385,140,256,504
356,145,260,518
373,138,257,490
370,138,257,490
365,135,252,518
367,137,253,489
364,136,248,484
369,132,250,506
367,132,262,523
367,133,249,531
371,136,250,530
371,121,244,528
373,134,247,521
375,135,236,518
377,137,231,508
373,138,236,505
386,130,234,514
373,128,235,514
376,124,231,507
375,128,230,505
374,128,230,501
393,128,225,495
374,121,219,488
373,126,223,493
372,128,232,498
380,124,233,490
382,124,241,499
377,125,245,493
373,128,249,493
373,132,244,495
377,129,242,487
370,129,239,482
368,124,246,479
364,129,234,473
370,128,234,472
368,128,230,485
371,124,228,490
364,128,235,488
367,123,234,482
367,128,242,488
379,156,240,478
368,125,241,474
359,135,222,485
365,118,229,490
364,123,239,492
367,116,236,486
370,120,243,483
367,120,251,480
368,121,241,473
370,125,232,472
386,126,233,469
365,123,241,463
369,125,236,465
368,123,231,483
366,134,235,488
366,122,224,469
364,137,227,466
373,122,218,463
365,118,220,458
362,122,219,464
360,119,221,485
372,120,216,489
359,118,214,490
367,119,215,482
361,115,212,518
359,118,209,506
363,118,210,500
363,116,208,495
365,116,210,490
361,117,210,488
360,116,213,472
365,104,212,481
360,113,209,486
358,115,208,491
358,109,205,501
364,116,163,480
356,116,205,472
360,118,203,474
357,148,201,473
361,114,196,473
359,112,199,469
359,111,199,464
355,116,200,471
356,115,195,480
362,118,200,493
356,114,204,497
360,116,204,490
357,116,208,495
366,115,224,486
358,132,233,479
358,114,234,488
357,118,230,485
355,114,220,482
358,113,227,499
357,112,224,515
358,106,232,535
355,111,238,553
359,112,240,556
361,111,240,558
359,115,238,504
357,113,240,552
354,109,234,557
358,110,232,563
360,112,225,558
362,114,234,552
356,111,233,547
356,118,230,542
354,111,241,542
358,109,242,533
355,110,244,532
355,109,237,521
333,111,240,522
355,106,236,530
354,109,248,539
357,106,237,537
355,108,232,517
350,122,223,522
354,106,236,514
357,106,241,506
352,104,238,506
352,104,230,500
352,99,235,472
353,107,229,492
359,109,232,487
354,106,230,491
349,99,234,487
351,104,224,489
348,104,224,501
342,108,221,487
351,103,226,483
348,102,224,481
352,104,230,508
354,111,240,523
352,115,246,536
349,124,258,550
347,132,267,562
349,138,269,556
345,144,252,558
347,140,264,562
342,132,256,578
347,136,259,609
349,122,254,649
356,133,257,665
345,136,256,662
347,134,244,661
329,128,250,656
353,126,246,646
345,128,248,636
343,126,240,630
345,130,241,616
334,112,232,616
346,128,238,619
310,128,236,618
348,124,231,608
347,128,235,604
343,128,232,615
347,130,233,610
347,124,230,604
349,130,237,600
346,126,233,592
350,131,233,584
347,128,234,588
346,124,231,582
349,130,237,576
346,128,230,570
352,128,226,560
354,124,219,554
349,125,225,548
333,126,223,546
352,128,226,536
339,132,225,532
352,121,221,525
355,125,222,528
356,120,219,525
355,126,217,518
358,122,215,532
358,120,219,534
357,142,208,536
367,120,214,538
360,120,212,537
369,111,215,534
370,123,208,542
362,117,206,567
369,124,211,580
370,118,206,584
367,120,207,567
366,119,204,572
369,124,205,590
367,129,205,599
362,128,203,608
364,134,202,622
362,129,200,631
352,143,194,633
364,132,188,629
359,137,198,610
365,132,210,613
362,133,192,611
364,129,200,620
365,107,201,630
365,129,206,627
363,128,207,618
365,119,211,621
362,132,209,619
364,131,214,620
363,126,206,624
361,127,204,622
367,125,202,614
362,127,207,610
361,138,211,614
381,120,210,607
363,124,211,609
364,121,210,588
365,128,206,588
362,120,202,578
365,122,204,574
360,120,191,577
362,119,197,586
360,120,200,562
361,117,197,554
365,118,198,557
363,116,193,540
364,118,194,538
362,116,194,542
361,147,193,541
355,115,196,538
360,109,192,529
361,121,194,529
362,114,180,542
360,116,190,555
365,114,186,560
368,114,194,546
364,106,192,540
374,110,193,541
366,107,197,556
360,106,195,568
367,113,197,577
367,105,194,587
362,115,217,587
366,117,203,581
368,116,199,578
368,122,222,583
367,130,220,580
364,122,216,570
366,135,216,575
366,139,217,586
364,132,214,589
365,137,219,602
365,136,215,618
354,146,216,649
362,140,210,627
365,138,214,618
364,140,217,611
361,139,214,605
362,135,215,603
360,123,211,592
356,134,211,576
360,132,210,578
362,133,216,578
356,126,210,559
362,131,211,569
361,130,212,570
373,132,209,552
365,133,212,553
304,138,210,549
368,139,210,552
370,137,204,546
378,138,206,547
376,137,204,540
369,136,241,538
380,135,212,535
378,135,198,531
377,130,202,533
370,132,195,520
345,133,197,529
373,130,195,529
373,131,150,525
371,130,193,522
389,114,193,518
370,128,193,519
372,126,183,529
372,130,189,526
376,125,183,522
373,129,197,519
370,126,191,515
373,123,191,508
369,127,186,504
369,117,186,496
365,128,189,495
369,120,185,490
357,129,188,532
365,126,186,476
366,123,186,479
369,120,181,475
372,124,177,469
364,123,186,482
369,118,179,504
375,122,175,509
374,121,178,500
384,124,155,495
371,119,175,489
372,120,184,488
360,122,178,505
378,114,186,514
368,123,189,480
386,120,188,520
364,117,188,522
369,113,186,536
369,112,192,552
368,114,198,557
367,116,199,552
365,118,196,547
367,114,196,536
364,117,194,529
367,113,187,525
363,113,195,522
330,114,190,524
367,113,190,523
362,110,192,526
366,109,205,534
365,108,224,544
357,117,228,561
367,112,239,569
369,111,272,559
362,111,235,568
366,109,236,571
367,110,240,577
372,106,241,594
367,109,248,615
368,105,247,617
375,98,242,613
370,112,239,630
372,109,237,631
370,113,238,626
370,111,236,614
372,112,235,622
370,109,229,623
371,132,229,615
375,111,228,629
380,121,226,625
377,118,224,605
382,119,229,621
384,118,235,618
386,121,227,621
385,122,227,632
384,120,226,626
384,125,227,620
385,119,224,614
384,120,224,612
383,119,222,607
384,130,228,607
384,122,239,601
384,120,243,593
390,120,252,593
397,117,250,582
390,118,248,576
390,115,244,574
390,116,245,594
387,114,238,589
408,117,241,581
384,116,239,574
377,110,232,568
383,112,242,568
381,112,235,563
383,114,237,555
378,108,232,542
380,115,228,544
379,112,228,545
384,114,221,539
379,128,232,538
384,114,221,526
386,110,219,525
378,108,224,526
380,102,235,514
381,109,223,510
393,115,218,533
384,109,216,503
386,110,214,498
374,98,213,496
371,107,213,486
373,112,211,481
373,110,212,487
371,107,216,482
365,116,215,484
376,109,216,480
373,112,212,480
380,121,210,483
384,119,220,483
382,129,215,494
381,136,208,503
380,128,211,503
381,128,221,499
377,131,213,497
377,137,217,495
386,130,214,495
382,130,212,494
381,144,213,509
376,136,193,533
380,130,211,544
392,132,209,548
382,128,212,538
380,114,203,542
380,128,207,573
377,124,209,600
374,122,205,589
381,132,209,584
381,128,196,576
376,130,200,576
380,118,201,585
372,130,197,587
378,124,192,582
377,119,197,598
375,128,191,605
376,128,200,597
374,122,192,584
374,123,190,586
380,128,194,589
372,123,187,584
371,125,188,583
374,118,195,581
374,125,198,595
368,121,213,601
377,125,217,598
329,125,217,613
379,119,215,606
369,112,213,598
377,121,210,590
377,124,219,592
377,131,221,590
378,122,229,582
372,114,223,583
375,120,225,588
373,108,227,594
374,118,224,579
375,119,224,594
373,117,225,590
375,120,220,583
374,108,212,594
374,118,218,584
372,114,218,573
374,118,217,567
373,113,212,568
373,117,210,552
374,109,211,571
372,114,210,560
376,116,218,569
367,119,217,568
373,115,209,569
371,112,213,569
372,126,211,556
368,111,213,568
371,111,215,573
368,113,216,567
368,112,224,558
370,112,216,552
374,109,203,558
368,112,213,555
389,112,208,554
374,111,205,540
373,114,206,546
375,115,202,530
376,123,202,537
376,116,201,535
375,129,200,524
377,128,196,523
375,132,193,519
372,133,188,515
376,128,195,519
371,133,194,508
375,130,196,507
376,130,207,513
376,129,207,515
381,129,205,505
377,126,200,500
380,128,200,498
378,125,191,502
376,132,204,507
376,124,209,504
379,124,205,519
380,130,205,518
380,123,203,508
379,125,203,515
386,116,219,509
379,121,192,506
376,121,194,502
389,120,179,501
375,120,207,512
380,113,197,505
377,119,204,503
386,118,204,498
382,121,204,509
380,121,205,524
379,119,214,521
377,114,217,528
380,119,220,528
373,124,217,526
378,117,209,529
376,123,222,531
373,118,228,523
391,122,230,524
373,116,234,522
374,120,235,520
372,115,232,530
379,124,229,541
373,114,234,530
377,113,229,518
369,116,237,522
373,115,225,524
380,116,230,524
371,111,213,541
372,114,221,533
336,111,219,527
373,109,209,530
377,111,214,533
375,108,211,524
376,114,215,525
380,97,212,516
380,112,208,512
371,108,209,507
380,110,212,504
382,108,223,505
377,110,208,514
381,109,212,502
382,68,210,512
377,114,217,534
382,108,204,527
377,110,220,541
377,111,224,548
380,107,223,546
380,104,222,560
389,109,221,559
383,112,236,553
385,103,226,542
381,117,223,557
391,120,221,564
381,117,224,558
381,116,227,556
374,110,239,557
379,116,246,569
376,118,258,556
377,117,240,559
372,108,239,561
386,116,238,553
376,112,234,543
388,117,233,496
378,111,227,532
381,116,226,528
384,114,231,523
386,114,235,507
388,111,227,512
390,114,222,503
388,114,212,501
394,110,216,490
389,114,218,489
387,113,214,489
387,113,213,481
391,116,210,481
385,113,211,473
383,106,210,470
389,109,210,464
386,112,206,473
385,109,204,486
386,114,209,484
387,108,208,477
387,108,208,473
386,106,213,482
385,88,211,501
382,104,210,527
384,106,208,544
384,105,210,551
384,101,201,541
389,109,206,541
395,106,205,542
392,109,212,555
389,106,222,570
397,94,244,589
391,106,257,617
379,108,250,628
386,107,261,621
395,104,265,634
385,103,272,647
398,101,274,667
390,106,280,678
387,106,281,673
389,104,282,657
382,92,286,679
391,98,282,672
398,104,285,675
384,101,279,661
388,104,278,657
387,107,275,661
388,111,274,658
390,109,267,659
394,119,266,656
390,97,264,657
385,112,258,651
391,111,269,646
392,104,259,636
394,105,262,647
389,104,290,646
389,107,256,640
392,101,251,645
390,106,247,637
384,102,250,637
389,109,239,628
387,108,239,625
384,104,247,643
394,104,258,647
392,105,257,653
396,111,261,649
397,107,256,644
401,108,252,643
399,102,254,656
400,101,256,667
398,108,262,680
394,104,280,686
400,119,279,677
400,112,280,673
389,138,288,665
394,115,296,662
401,74,302,662
396,115,305,667
387,120,298,664
392,116,319,712
395,115,331,731
398,132,342,739
396,111,350,730
398,116,345,726
396,114,340,720
401,115,327,729
411,113,336,729
397,111,333,719
393,114,330,712
395,114,313,717
380,120,316,725
390,112,317,723
387,117,314,719
401,112,320,715
392,114,320,703
389,118,317,692
392,117,314,691
392,122,306,685
392,116,308,675
390,121,306,663
400,119,303,655
396,112,297,645
392,115,288,640
449,114,292,629
391,120,295,660
391,110,288,638
395,115,276,629
398,110,283,620
395,110,283,620
395,107,281,612
389,115,283,607
393,115,272,623
394,109,276,635
392,110,284,646
392,113,282,634
392,112,282,640
388,107,276,630
389,112,279,621
389,104,282,604
387,109,272,604
386,106,277,598
384,109,269,604
382,104,268,602
386,107,267,606
382,109,265,618
383,96,261,619
383,105,262,611
382,104,256,600
383,110,256,587
378,95,252,592
383,105,256,580
379,88,252,581
380,104,247,579
387,137,250,574
381,102,245,567
392,105,222,568
337,105,242,559
379,103,240,566
378,103,243,573
378,104,235,565
386,104,234,562
377,102,232,552
375,108,228,550
378,98,235,540
380,115,236,535
372,114,233,535
379,113,208,528
373,111,230,523
379,111,231,526
375,111,226,530
369,104,224,529
376,111,226,525
376,128,224,528
375,107,224,536
374,110,225,542
373,111,228,540
373,110,237,532
367,112,231,530
370,128,227,528
373,108,219,528
395,109,223,534
372,106,216,540
371,109,222,566
370,110,217,555
369,114,218,554
368,110,211,546
373,111,212,541
373,110,213,536
374,107,209,526
372,114,219,524
371,111,217,519
371,120,216,512
375,109,212,507
375,112,212,499
378,108,231,500
376,110,209,487
372,110,204,490
371,110,203,485
372,102,218,482
330,108,208,481
372,108,214,486
414,110,210,483
372,107,206,483
372,107,207,479
375,107,205,486
373,102,207,477
373,109,202,472
370,116,202,470
365,113,196,466
370,111,199,464
370,108,191,475
376,111,196,455
366,112,188,455
382,104,194,447
379,109,193,464
382,118,190,462
380,109,194,460
383,104,181,457
390,110,193,452
384,105,202,440
390,110,193,452
386,109,188,462
395,118,188,451
389,109,144,451
395,109,180,448
384,108,192,451
382,107,183,456
393,109,185,449
383,105,183,446
383,100,181,425
382,108,183,442
382,104,182,437
380,104,186,444
387,105,175,449
422,107,186,447
388,105,183,442
392,111,181,441
380,103,181,440
380,104,181,433
385,102,184,438
381,102,192,428
369,100,184,440
378,102,181,444
377,117,182,453
376,78,180,446
376,101,180,445
378,105,180,448
376,103,179,449
378,90,181,455
385,104,185,457
381,91,195,460
380,102,190,457
385,107,192,460
387,117,185,451
384,118,187,468
382,131,186,469
384,120,187,465
382,124,182,458
389,122,181,461
384,126,183,460
383,123,182,455
382,128,191,462
395,121,188,470
380,125,193,481
376,122,193,477
388,122,194,473
376,117,199,470
380,122,188,466
374,122,199,462
372,123,179,455
377,119,196,457
377,113,192,455
392,119,212,472
373,121,202,487
376,106,199,488
375,120,196,483
373,113,200,474
369,114,196,487
369,113,199,504
378,109,198,516
375,114,199,516
375,112,200,516
373,112,200,507
373,112,201,502
373,110,198,497
376,113,205,496
375,110,213,491
378,114,197,500
378,112,197,524
386,113,193,520
375,110,194,512
374,107,189,508
376,112,195,517
366,104,193,514
377,110,196,520
372,109,199,529
431,109,197,528
370,125,196,523
415,108,192,514
369,109,194,517
373,106,217,513
368,107,192,508
369,99,185,509
375,104,235,506
371,106,199,513
361,105,205,517
370,106,210,512
382,102,224,509
371,119,218,516
372,101,217,523
372,103,220,520
375,101,212,527
378,101,212,536
373,101,209,545
377,107,209,587
375,100,212,544
372,101,209,548
376,108,209,513
356,108,204,535
371,103,210,536
371,100,203,532
375,103,193,526
373,101,205,525
375,101,209,518
361,104,197,498
370,97,190,507
370,101,200,500
370,98,196,495
373,104,199,463
372,98,200,487
351,99,198,492
377,112,200,521
381,111,196,529
383,109,198,536
379,98,196,538
369,115,196,558
380,108,192,560
384,112,197,576
386,109,191,582
377,108,192,576
370,115,190,572
383,107,192,576
379,108,194,575
390,106,189,568
381,108,188,566
379,108,186,570
385,105,189,567
377,108,187,560
383,117,186,536
378,106,188,547
365,104,222,553
376,107,181,568
381,100,176,568
380,99,179,562
383,105,178,555
378,106,182,555
378,112,177,554
384,123,176,546
378,129,177,544
377,133,170,538
376,136,175,552
377,142,171,555
377,140,178,547
379,129,170,541
378,145,164,544
374,135,167,544
377,139,167,545
380,152,172,540
375,141,168,531
374,148,157,530
373,145,169,524
378,151,172,520
374,143,166,513
374,145,166,507
370,151,160,501
379,137,168,496
372,143,171,489
374,136,175,492
375,141,188,486
373,146,193,500
370,139,203,496
369,139,197,492
372,140,196,508
369,138,211,513
377,136,216,509
364,136,222,509
367,132,215,514
371,134,217,505
377,124,218,504
375,133,211,499
371,133,219,495
388,134,210,501
377,140,210,503
380,131,208,507
375,131,210,537
372,132,209,541
378,130,210,566
378,122,214,583
368,135,214,580
375,128,213,576
374,128,215,588
377,125,209,619
374,126,206,647
384,126,207,666
375,123,202,665
374,137,205,659
373,120,204,661
371,131,206,664
376,118,200,654
382,123,171,644
373,123,204,646
376,118,204,640
375,118,205,637
377,123,203,633
372,121,205,630
371,114,203,619
374,119,205,618
386,103,213,641
373,117,217,653
371,129,223,648
374,116,211,638
370,116,217,630
373,114,212,620
378,113,209,612
374,122,217,603
375,114,213,605
372,116,210,588
378,108,206,588
371,114,206,584
373,112,200,577
372,112,202,582
374,111,197,563
371,111,200,571
367,107,198,580
327,110,195,590
369,106,196,598
368,111,198,589
365,107,209,588
332,112,195,590
371,108,204,624
375,104,193,629
371,110,197,629
376,108,192,630
384,111,198,629
381,107,192,616
380,115,190,610
380,114,194,602
381,116,192,593
372,132,194,592
380,125,192,602
377,130,194,604
381,123,199,601
376,138,210,597
394,135,220,584
382,137,229,595
386,136,232,595
381,134,231,589
378,134,235,607
380,132,242,621
374,133,247,626
379,132,243,619
378,132,239,615
377,79,238,610
377,135,238,621
376,132,226,634
377,129,231,633
372,129,228,640
375,124,227,622
377,123,227,633
381,124,223,626
372,128,227,619
380,122,223,608
378,126,221,602
379,111,213,593
393,123,216,586
381,121,216,582
378,111,228,565
379,121,215,576
380,119,208,573
382,122,201,572
382,118,201,588
383,120,208,587
377,119,203,585
381,112,207,580
376,117,201,573
377,118,201,574
378,116,208,583
382,115,207,572
382,121,204,568
376,118,207,566
374,121,202,555
376,115,202,566
377,119,199,584
382,117,162,585
375,116,199,580
376,116,197,579
374,115,191,567
377,103,200,558
372,173,190,554
376,116,192,548
386,116,188,551
380,116,188,550
368,106,187,552
375,114,185,558
375,123,187,580
374,128,187,585
376,113,192,579
371,110,204,575
372,114,216,581
369,112,229,585
376,111,229,581
367,110,230,603
375,130,229,607
367,109,230,623
372,102,229,635
379,104,236,664
379,104,247,687
371,109,232,676
369,113,227,646
368,109,225,672
366,107,216,650
363,107,222,655
376,107,220,647
372,106,219,641
369,107,219,633
371,103,215,635
379,108,208,621
380,106,220,618
374,107,204,611
370,107,222,622
367,111,222,619
365,116,220,623
373,113,226,619
374,128,217,605
372,106,212,623
375,113,212,636
364,100,209,629
375,108,202,620
372,108,207,616
372,111,202,617
370,112,214,616
371,114,202,614
371,125,201,612
370,138,197,605
352,125,197,603
366,119,196,596
381,123,196,590
380,124,197,591
381,122,193,584
383,122,194,578
374,123,195,591
382,123,197,602
374,120,198,587
381,120,206,586
379,118,158,589
378,118,210,594
376,125,217,605
389,131,247,616
377,126,218,613
387,124,216,606
377,126,216,618
377,128,217,666
376,124,220,687
375,123,210,705
373,121,210,704
376,122,214,697
381,122,212,685
375,121,210,676
381,122,204,666
386,115,218,656
384,122,207,652
403,124,205,629
394,117,202,639
381,115,200,630
378,120,200,627
381,114,198,627
381,119,198,627
381,115,193,620
381,116,204,614
382,113,193,603
381,116,192,593
385,116,194,588
388,116,189,578
378,115,209,602
385,116,222,633
383,120,238,658
382,115,256,653
385,118,264,662
381,101,264,655
384,118,268,665
379,178,270,716
381,114,282,757
381,117,286,771
382,110,278,780
381,112,298,792
378,109,304,790
381,110,306,776
377,113,304,729
390,113,300,769
377,112,295,764
379,109,296,772
332,113,289,785
378,112,296,785
378,116,298,764
375,110,302,771
378,110,292,766
374,109,287,764
376,112,286,747
372,112,282,735
376,111,280,722
372,111,272,717
394,109,272,709
376,112,275,710
376,114,278,715
379,112,300,716
384,112,272,700
384,116,270,701
375,115,272,695
382,106,267,714
380,111,273,694
382,109,286,709
380,123,279,714
381,109,283,700
377,111,286,693
377,109,277,689
376,96,281,695
373,106,268,716
371,106,270,747
374,105,282,772
374,109,272,774
373,109,278,779
370,139,271,787
373,107,262,796
370,105,267,790
377,104,266,768
386,110,264,807
371,104,268,755
366,105,266,743
367,107,256,739
420,119,256,734
369,119,261,723
370,109,256,712
378,106,252,717
376,103,253,717
371,105,253,708
372,109,248,694
372,105,241,686
371,100,244,675
374,103,246,669
374,100,251,669
375,88,238,664
373,101,236,667
377,97,234,646
374,102,236,641
384,90,242,633
377,101,246,636
376,107,239,616
375,102,242,610
375,96,244,603
376,105,242,608
374,99,240,630
380,99,244,652
386,103,245,646
380,101,246,643
366,111,252,636
370,108,246,627
375,117,243,648
373,117,254,680
371,116,256,673
370,111,254,692
370,115,276,690
367,114,259,698
371,114,252,694
370,112,247,694
384,106,250,691
370,112,250,681
367,110,241,678
367,112,245,681
372,108,242,643
360,108,239,673
368,112,244,683
372,109,238,675
367,106,236,666
374,110,234,660
372,111,240,661
349,110,237,656
379,110,237,648
381,111,226,649
380,120,234,645
377,116,225,642
381,110,228,655
377,111,231,656
388,113,226,654
384,114,228,669
388,115,227,685
380,117,231,674
390,77,226,660
389,125,231,656
389,113,227,654
384,113,207,637
387,116,222,636
393,106,225,637
390,109,216,632
389,112,219,629
390,128,221,622
386,124,217,612
380,122,219,620
384,154,219,638
387,125,219,635
384,128,218,629
390,122,217,628
386,122,220,640
386,123,223,646
387,115,225,628
385,119,223,640
385,122,224,657
383,109,232,688
386,121,240,702
384,117,238,698
382,118,236,687
384,118,237,675
376,116,231,671
382,117,231,667
384,108,236,659
384,118,226,650
378,115,228,649
381,131,225,637
381,117,229,631
387,114,220,617
381,118,220,611
389,114,213,602
388,113,216,598
379,110,216,588
384,114,214,584
384,112,209,576
397,113,214,584
385,112,220,602
382,103,225,599
377,111,228,608
381,114,230,608
381,74,234,601
376,110,225,600
389,105,231,605
378,110,229,597
375,110,239,597
377,101,222,588
381,110,223,582
375,110,225,581
378,107,218,590
379,109,200,602
374,104,225,626
376,104,230,632
373,107,235,632
374,107,230,623
372,98,235,614
375,94,226,610
384,109,222,604
373,104,225,597
371,107,226,617
380,118,228,625
376,118,225,622
377,135,226,613
378,132,223,610
377,128,232,608
381,132,219,604
381,133,219,606
388,136,210,595
385,134,216,606
386,130,212,602
390,137,211,600
374,132,210,594
388,134,208,585
390,134,202,576
385,148,194,569
382,133,214,566
388,137,210,591
386,136,226,613
384,132,231,620
386,138,229,614
380,130,224,631
388,128,232,665
384,139,236,678
384,132,233,669
381,109,226,674
386,133,233,701
382,129,232,689
379,128,235,680
386,131,237,672
384,130,231,672
385,132,229,659
385,129,231,660
385,139,225,646
432,128,225,640
381,125,221,630
380,123,223,624
379,123,216,612
384,129,220,608
376,123,228,601
388,124,215,600
388,125,213,595
385,125,210,587
384,126,210,587
371,122,207,594
384,124,211,587
390,120,205,584
386,123,204,581
387,114,210,579
391,121,210,572
389,123,198,576
390,119,203,565
388,121,204,565
388,118,204,573
386,117,200,568
379,122,198,602
385,119,200,636
387,116,192,648
372,117,190,632
380,116,194,623
381,113,196,620
392,112,196,612
379,113,189,610
378,116,191,604
377,114,188,576
376,112,188,592
373,113,184,593
379,128,184,580
375,111,184,573
377,112,183,568
376,114,183,565
375,118,173,566
374,113,183,573
374,110,182,565
377,113,185,577
396,108,204,595
380,114,207,592
379,109,209,585
381,116,205,598
384,112,208,610
381,110,202,606
382,112,199,604
379,107,197,598
383,113,202,595
384,114,203,593
388,114,198,582
379,118,200,596
390,111,196,597
385,111,198,594
384,108,194,583
373,112,196,583
384,114,195,577
385,113,196,584
386,112,186,577
384,113,202,569
376,110,186,566
377,110,194,554
376,112,197,557
377,108,196,552
384,106,199,560
381,109,253,562
374,113,195,563
374,111,190,565
372,112,205,577
372,109,191,571
375,115,189,564
371,103,193,554
374,128,195,552
381,112,188,546
378,114,185,547
378,113,170,548
375,111,183,555
374,107,181,524
371,111,186,554
373,114,184,555
374,115,179,555
371,116,180,554
374,119,180,546
366,121,176,560
373,121,173,554
373,123,174,549
369,123,168,540
368,122,176,560
365,121,176,605
368,123,179,624
370,120,176,617
368,125,180,616
372,120,173,620
364,125,183,619
362,120,172,606
360,119,168,596
362,120,172,587
364,117,166,587
360,121,170,583
361,116,166,577
358,122,166,571
371,117,167,562
362,118,166,556
360,132,170,554
360,121,167,554
356,120,170,552
355,113,179,547
359,116,181,544
361,115,200,536
363,117,176,529
359,113,177,522
361,115,177,532
359,115,173,550
358,116,175,545
360,111,176,538
345,102,172,530
358,110,173,526
352,112,171,528
377,99,170,524
357,112,165,529
361,113,164,536
346,115,161,533
353,114,152,527
349,110,168,530
358,114,154,523
364,111,163,521
358,108,170,513
360,103,168,506
355,109,164,505
361,114,165,503
356,109,163,502
360,108,157,501
374,111,161,496
356,111,164,490
361,117,166,489
380,109,162,489
358,104,171,491
356,108,175,501
356,108,182,504
356,121,178,498
360,109,178,497
362,108,179,492
360,109,177,485
358,109,180,492
349,106,180,476
358,109,184,479
349,106,191,493
357,109,196,500
361,103,195,501
356,121,194,500
351,104,195,498
357,105,192,492
351,105,198,505
349,102,205,533
353,101,203,558
353,104,206,581
353,108,206,579
350,104,203,572
359,106,203,564
356,103,202,569
353,96,199,552
355,104,200,546
352,106,197,542
340,105,244,550
352,103,196,549
351,104,196,556
351,101,192,552
355,105,193,574
345,91,193,538
358,99,189,526
355,102,194,540
359,102,188,539
364,97,190,536
365,109,194,534
369,128,207,551
366,147,208,557
368,139,210,549
366,147,212,548
333,134,211,546
365,136,213,569
365,133,216,578
365,134,212,577
362,125,221,574
364,134,228,568
359,128,232,564
365,130,227,556
361,129,228,553
369,128,232,546
371,124,224,539
339,128,221,534
371,128,221,528
368,119,218,523
370,126,215,517
372,128,212,516
374,131,213,508
370,138,215,501
369,136,211,500
372,137,215,497
369,134,224,480
384,132,223,489
370,132,206,489
375,131,208,500
369,132,206,500
362,118,216,497
369,128,222,497
371,126,216,494
369,117,215,487
369,118,218,484
364,123,219,476
370,125,215,473
368,128,214,476
368,129,211,502
371,128,212,500
371,121,215,528
372,128,223,543
375,128,231,553
365,113,228,536
373,140,219,556
371,123,223,586
375,123,227,603
387,123,229,623
376,123,226,620
371,123,231,627
374,122,223,625
365,120,227,619
371,121,213,609
374,123,214,604
365,120,202,591
373,124,216,586
376,120,226,581
357,120,217,572
369,109,213,578
372,117,213,574
370,122,223,560
376,119,215,574
373,121,225,587
372,119,226,594
376,119,224,593
371,118,219,598
372,117,222,611
367,122,225,604
369,130,225,603
371,134,224,622
371,137,222,643
369,138,224,642
366,128,216,634
360,140,212,626
366,137,210,632
368,141,210,610
365,137,211,613
366,134,205,600
360,131,204,596
364,134,205,593
359,136,208,592
366,136,209,589
363,138,206,572
366,136,201,576
367,138,200,572
346,141,194,573
366,132,197,568
365,68,197,566
362,132,196,564
361,136,185,568
358,126,190,570
369,130,193,560
365,129,188,553
370,129,203,546
367,129,200,544
368,126,201,546
367,126,199,570
374,125,189,574
371,124,200,571
370,128,196,568
378,128,202,560
380,154,195,561
375,123,193,557
367,122,189,569
365,122,189,588
372,120,188,578
365,113,187,571
366,120,192,564
365,119,189,559
367,123,189,557
365,113,184,547
367,119,184,544
337,120,192,539
365,118,197,542
354,120,201,546
357,129,200,536
364,119,193,536
362,115,195,531
360,118,193,538
357,114,192,549
360,117,192,565
353,114,196,561
359,113,191,557
352,116,198,549
356,111,190,559
361,82,193,549
358,109,190,543
365,106,195,536
356,183,188,554
364,119,187,550
360,120,187,551
360,117,180,549
363,118,183,546
362,119,176,537
359,119,181,542
351,108,178,528
359,114,178,532
361,116,179,531
365,115,176,525
366,100,182,522
362,108,173,516
363,120,178,520
367,114,174,521
367,117,176,520
365,112,183,498
361,114,173,509
362,105,173,505
354,112,171,515
358,112,172,532
367,111,169,528
360,111,169,524
360,112,178,520
366,115,168,515
358,109,171,507
358,112,167,505
357,110,166,500
355,115,167,492
359,110,169,501
361,109,164,506
361,116,165,504
361,111,171,497
332,114,165,501
361,112,162,509
359,116,163,533
360,112,162,535
361,112,169,526
359,113,163,529
362,109,161,559
366,116,174,576
358,111,172,576
356,109,176,563
357,110,175,576
360,112,179,573
342,110,184,587
355,109,192,591
356,111,199,606
358,112,199,595
357,121,208,606
359,109,190,587
355,109,197,584
357,115,213,578
356,111,197,571
355,109,185,564
353,105,197,556
354,111,192,558
358,105,194,566
364,105,198,583
352,113,201,541
353,110,207,613
350,107,208,613
353,108,210,619
353,108,219,649
348,115,233,685
349,104,249,716
354,109,245,721
353,107,266,711
348,104,281,704
353,105,263,693
353,116,250,717
354,102,272,726
354,113,269,722
368,119,272,719
355,112,277,758
359,118,272,783
355,119,272,778
354,115,268,768
360,118,323,766
357,113,272,767
360,115,273,762
404,114,272,772
370,116,265,774
360,112,268,776
367,112,264,756
358,124,274,754
363,120,261,753
368,117,261,756
367,110,256,750
365,112,253,761
364,109,254,762
365,110,256,745
362,100,242,740
365,105,247,730
365,110,248,723
373,96,244,714
366,111,245,713
364,109,244,716
369,111,237,704
357,115,241,696
367,111,236,702
366,105,236,733
365,106,234,760
366,110,234,753
359,113,241,753
369,110,256,744
370,113,256,731
369,112,263,759
365,115,258,798
355,109,314,847
367,109,273,862
371,101,276,866
365,109,278,868
365,112,285,870
327,109,290,854
365,106,285,853
369,121,288,860
364,125,280,851
365,124,278,841
362,126,277,832
363,126,280,844
363,128,273,850
363,128,269,832
366,132,268,861
367,141,268,823
366,132,258,807
364,126,257,800
368,120,261,788
368,112,256,779
363,122,251,772
359,113,251,764
365,121,248,754
364,126,251,749
363,120,244,746
369,123,243,742
367,120,248,742
367,120,248,741
364,123,235,754
370,117,241,775
370,122,242,782
389,128,239,769
380,134,236,763
371,140,234,743
375,142,234,732
368,146,228,719
372,136,229,712
371,137,230,705
377,138,223,693
383,137,226,696
382,138,223,682
384,138,220,669
384,146,222,669
392,136,232,670
386,135,242,680
393,137,247,700
384,136,264,688
390,136,262,681
387,136,264,676
391,135,272,696
391,142,284,697
383,134,285,692
387,136,288,680
386,130,283,673
392,132,284,663
391,130,283,658
389,130,277,646
390,130,275,641
386,128,267,632
382,128,280,646
386,128,286,667
376,131,290,666
391,128,285,661
386,129,282,648
382,130,290,645
383,126,281,661
381,128,267,673
380,125,275,659
381,133,266,670
377,124,270,665
378,128,282,678
378,121,274,679
378,123,277,670
378,126,269,663
380,120,266,647
371,113,264,642
374,119,260,633
374,134,259,630
373,109,256,622
374,120,254,624
373,118,254,615
367,121,251,611
372,120,250,604
367,119,251,603
373,116,256,596
371,122,261,592
372,121,272,585
373,118,271,574
386,120,268,568
377,119,261,563
400,118,264,553
373,117,261,549
380,117,259,533
371,122,256,533
372,113,250,528
367,118,212,531
372,113,247,537
372,120,246,533
371,116,244,526
366,116,240,526
371,113,241,522
373,106,235,522
377,116,235,520
372,116,232,512
364,112,234,509
370,116,236,515
376,116,292,531
369,110,234,537
370,114,241,538
368,120,244,550
363,112,258,524
368,115,231,549
369,107,241,569
369,113,231,584
365,113,240,603
370,112,248,608
373,106,253,610
372,115,262,598
371,113,256,590
377,113,251,586
377,113,249,585
377,125,248,567
377,122,248,590
381,111,235,598
385,120,246,604
385,113,241,602
388,117,252,612
385,120,256,617
386,121,254,621
386,128,256,622
387,124,250,621
380,125,250,612
390,126,246,605
390,126,243,599
389,128,242,600
392,96,238,611
383,123,242,633
386,122,246,654
387,133,239,669
382,121,244,659
392,109,247,658
386,121,242,647
384,121,198,636
387,119,241,640
383,117,236,645
384,156,231,640
383,114,231,650
384,118,235,642
384,115,230,648
393,123,259,630
370,115,230,624
382,117,232,615
380,116,234,621
381,119,223,640
379,114,225,645
379,114,222,644
377,118,215,634
383,113,217,622
381,113,220,617
379,111,217,603
380,114,220,605
378,118,219,596
438,109,216,593
375,112,213,598
380,109,211,582
380,105,214,581
375,108,211,572
374,110,211,565
378,104,210,561
377,110,209,590
381,99,206,605
440,108,211,607
375,108,217,610
373,103,230,595
372,109,214,596
372,102,215,600
370,105,214,604
371,102,202,615
343,105,210,618
368,106,209,619
372,104,201,610
373,105,201,614
376,105,203,617
367,108,204,617
375,103,205,629
376,107,211,634
372,104,206,647
371,102,219,643
369,103,229,642
372,104,245,653
387,106,230,655
370,100,227,647
370,131,231,665
368,101,238,664
371,108,243,659
369,101,243,649
396,104,238,641
367,93,242,631
360,106,239,615
365,98,237,617
368,102,235,615
361,103,239,605
373,95,232,602
367,106,231,594
366,109,225,589
368,109,226,595
355,116,232,596
370,111,228,589
369,110,232,588
370,105,232,582
368,109,233,585
374,109,223,587
358,112,234,589
385,109,194,594
377,116,246,626
376,110,257,642
374,108,259,638
377,108,253,669
381,109,254,699
378,111,256,736
377,109,266,768
379,110,282,785
374,105,285,795
376,110,290,793
373,104,284,782
375,105,282,768
327,107,282,761
371,107,276,746
370,109,272,738
369,105,268,727
370,109,270,748
374,105,265,719
373,104,268,715
376,106,264,711
374,106,265,702
372,98,278,695
370,109,278,692
371,107,283,701
371,102,292,696
369,103,275,693
371,111,291,703
369,105,289,702
304,106,284,701
370,105,283,715
358,108,279,726
370,105,278,718
366,105,277,716
382,101,270,709
368,105,270,699
368,100,271,688
363,103,265,690
367,101,311,688
359,101,260,673
362,103,260,667
367,106,248,665
366,107,256,648
364,103,248,642
363,102,251,637
380,101,248,635
370,102,238,619
363,101,244,610
366,104,243,597
361,95,242,584
365,99,237,591
360,104,238,590
364,105,232,559
366,102,248,591
365,102,234,605
364,90,238,623
363,99,239,635
365,99,251,642
361,99,258,648
362,92,262,644
364,96,269,665
360,100,263,735
354,99,267,760
359,99,261,762
359,99,265,762
359,93,266,761
362,104,262,759
363,98,267,751
362,98,261,739
359,101,260,737
372,95,256,739
365,95,259,728
362,90,260,717
366,98,258,721
373,97,261,718
369,98,257,711
377,88,268,709
377,96,257,692
380,104,262,690
384,104,260,676
388,105,260,662
377,99,251,660
385,101,254,660
381,104,250,688
394,89,258,653
381,96,267,665
376,97,274,681
378,102,284,690
384,100,258,688
377,101,287,701
377,99,286,727
376,101,298,747
371,99,311,768
370,96,323,779
373,104,326,783
385,101,318,768
371,104,318,761
371,101,314,750
370,103,319,743
370,99,306,730
374,105,304,719
366,96,301,707
374,96,293,704
370,97,293,706
363,100,290,698
370,69,291,702
366,95,287,706
374,98,287,714
371,96,286,722
385,106,321,718
375,96,288,706
373,98,281,691
375,96,284,686
371,94,281,693
366,96,290,711
368,96,300,710
363,102,278,710
373,94,282,697
373,97,280,684
368,99,286,692
384,96,271,672
368,97,273,676
366,96,269,673
372,96,267,677
371,96,261,670
373,104,264,678
371,88,258,688
377,103,265,688
370,96,269,686
367,94,276,670
375,95,280,672
375,97,280,677
370,99,282,673
370,90,293,688
370,99,306,698
367,96,308,695
370,100,308,718
367,96,317,750
317,97,327,767
369,96,338,778
381,103,367,780
367,98,345,769
368,96,344,768
372,87,349,762
361,96,336,751
367,86,336,750
365,91,330,742
371,91,328,733
384,99,324,727
365,92,319,718
366,98,313,717
361,96,316,724
363,99,316,733
370,94,308,721
367,95,313,716
366,96,303,719
370,97,301,705
361,100,298,702
370,94,296,696
370,98,293,700
369,96,289,692
368,94,286,685
385,96,288,695
375,95,286,688
381,92,284,680
373,94,279,673
371,94,277,677
370,92,274,672
371,94,272,676
379,92,268,669
372,98,267,666
372,91,266,664
379,94,263,655
372,92,264,648
374,94,257,635
371,94,257,625
372,89,251,623
371,96,250,624
368,96,252,613
371,108,246,609
369,108,243,608
373,106,246,620
368,105,243,621
371,103,242,627
368,104,240,633
369,103,236,632
370,98,238,626
372,102,237,618
370,105,244,626
371,99,242,616
365,93,244,609
367,108,240,611
371,98,239,617
365,106,240,636
372,100,234,646
367,95,237,635
365,100,235,637
359,102,233,632
366,100,232,632
367,110,229,644
364,103,227,642
365,101,224,631
366,105,224,631
368,93,219,638
358,100,225,654
363,81,216,658
369,103,216,656
350,98,214,648
366,101,214,646
360,100,222,665
368,106,232,686
365,105,226,686
369,104,230,680
359,110,233,676
361,122,229,674
363,112,236,684
359,108,237,688
361,111,247,697
360,111,248,695
369,111,247,680
360,109,247,683
364,115,243,682
360,107,245,671
356,109,238,675
349,112,201,674
359,110,233,665
364,72,235,660
357,112,232,664
362,120,233,659
361,110,236,674
367,107,235,661
357,102,231,652
363,111,230,647
353,116,229,643
359,103,224,633
359,109,243,638
356,110,234,634
359,102,231,629
362,105,229,609
360,114,226,612
346,110,236,607
359,108,228,599
358,111,231,606
352,108,234,621
360,110,245,642
359,111,253,659
360,109,266,668
349,106,276,677
357,106,261,694
360,100,277,737
352,109,300,750
357,112,289,757
358,99,275,773
318,110,282,780
358,105,285,782
359,104,277,780
355,105,272,765
360,104,277,761
358,109,276,751
359,105,272,743
360,110,267,737
354,99,280,714
358,104,265,711
352,102,261,705
361,111,259,686
361,111,257,688
363,104,260,687
364,113,259,694
368,106,267,710
368,104,267,708
372,103,260,697
373,116,263,709
372,100,264,735
372,102,260,750
370,104,260,774
375,101,256,774
374,107,254,774
373,102,251,760
373,107,250,759
369,101,246,750
373,103,246,764
365,102,248,769
373,107,241,772
358,107,238,778
375,101,239,766
367,104,239,765
380,102,238,779
372,105,239,794
369,102,236,798
374,101,232,792
372,100,232,785
378,102,230,775
374,107,222,767
374,100,225,754
375,101,225,740
376,90,219,732
373,104,221,735
373,111,217,721
374,97,219,713
366,102,225,704
374,103,217,691
373,102,224,682
374,98,224,672
374,101,224,666
370,95,216,653
372,99,219,650
370,89,214,655
372,100,218,635
370,100,213,629
370,102,202,633
367,99,211,634
368,98,216,632
368,100,221,631
367,92,225,629
366,99,221,625
366,97,220,619
365,98,221,610
366,96,218,602
364,91,213,597
364,108,214,592
365,100,211,585
372,94,214,578
364,98,209,569
365,112,208,563
363,97,211,554
365,98,217,558
363,102,222,567
366,99,212,569
365,96,231,588
365,100,229,600
365,109,216,611
370,116,225,612
367,121,228,606
365,118,223,604
376,130,221,631
365,134,236,682
385,135,243,708
384,135,262,720
394,135,256,711
393,137,257,706
395,129,263,702
404,134,251,691
388,134,240,680
401,131,249,671
400,132,246,666
402,131,244,667
396,128,239,673
397,128,229,668
397,128,246,685
397,125,235,680
397,128,239,678
393,125,235,669
384,128,235,666
394,128,232,659
398,126,229,658
394,124,232,648
389,128,233,650
393,125,240,673
392,120,249,696
394,119,261,708
392,122,269,701
391,123,265,690
387,119,264,708
391,119,282,755
391,114,281,779
392,116,283,797
389,124,291,778
387,118,286,776
386,116,288,772
389,120,285,778
387,108,278,765
378,119,280,757
393,118,278,748
392,114,276,746
390,118,280,725
390,119,271,735
390,119,266,722
392,116,266,712
390,113,262,702
393,117,264,692
388,117,256,696
374,111,272,690
391,114,280,688
399,118,282,687
386,117,287,684
384,114,281,672
383,110,288,694
382,108,295,718
386,110,298,724
376,108,300,711
382,111,303,677
382,108,300,694
380,109,296,683
378,112,295,675
376,111,281,665
376,108,293,655
377,110,285,650
383,107,284,641
375,106,280,635
375,108,320,628
374,104,278,619
376,103,282,614
378,105,268,614
376,105,272,606
375,97,272,599
378,103,265,593
368,104,274,587
372,106,262,588
378,120,261,598
366,99,267,596
372,102,256,591
372,104,253,598
370,99,249,601
368,107,248,598
367,104,251,609
371,102,256,621
365,98,256,621
372,103,253,632
366,92,249,630
383,102,243,626
365,105,250,635
365,101,242,620
367,106,243,617
367,149,241,632
371,101,242,630
377,100,242,621
392,102,244,618
376,103,246,612
375,102,244,612
374,105,241,606
375,97,247,614
376,111,243,625
372,113,248,636
377,125,257,643
372,119,260,649
381,114,263,650
373,108,268,644
370,121,256,628
388,113,260,645
371,108,256,658
355,117,251,673
370,110,251,674
372,111,250,671
373,111,258,667
379,111,257,682
379,113,268,686
379,115,263,677
375,111,262,674
386,122,240,675
378,121,257,672
372,120,254,663
375,133,243,658
344,120,248,652
377,120,247,651
375,121,244,655
376,119,239,656
375,120,240,660
378,118,238,648
378,119,240,640
372,114,235,644
378,117,239,643
370,114,234,632
375,117,232,623
373,118,240,617
372,123,231,610
370,115,246,602
332,112,228,590
370,110,229,602
369,117,231,620
365,109,229,623
368,114,228,616
369,112,226,607
366,110,226,599
372,97,224,595
367,112,221,590
365,107,219,580
353,109,216,572
372,106,214,566
370,99,217,568
366,96,218,557
373,107,212,559
366,108,215,566
368,109,211,563
367,163,213,564
368,107,213,559
365,109,228,577
370,107,212,598
361,100,214,610
364,106,218,618
365,105,208,609
362,163,212,610
366,105,210,609
365,107,232,620
363,104,217,629
359,98,213,641
363,102,224,637
364,105,221,636
372,106,227,644
365,101,227,659
363,98,219,659
364,105,225,652
363,103,236,654
365,104,238,657
360,104,241,644
369,103,202,631
361,110,236,628
360,96,236,627
328,103,246,642
357,96,271,643
362,100,260,642
358,104,250,637
359,101,245,624
361,100,256,614
357,101,250,616
360,108,248,618
360,100,241,631
361,99,243,619
353,101,245,635
360,104,241,632
360,101,243,630
360,100,235,633
351,99,238,618
370,103,236,609
332,101,233,613
363,101,229,610
365,95,229,592
342,97,227,596
358,99,218,586
365,101,228,585
361,97,220,574
362,102,219,571
361,98,218,564
361,97,220,558
358,97,215,552
365,95,213,548
355,96,202,540
362,97,211,534
364,98,209,528
360,98,206,522
365,103,199,514
367,96,204,517
374,95,202,510
375,97,203,507
382,95,208,508
384,90,216,512
396,107,206,517
391,115,209,524
386,98,198,521
387,113,205,518
370,115,195,512
385,113,201,509
382,110,199,504
386,111,199,498
384,111,195,498
379,110,196,490
385,112,194,488
381,107,208,489
383,107,204,491
381,109,208,494
381,109,212,497
378,96,216,494
382,105,219,488
380,106,220,488
376,115,222,502
374,107,214,502
376,102,207,512
375,104,219,518
375,104,216,513
377,114,221,508
373,106,211,506
378,104,205,504
371,103,215,502
373,105,214,500
362,110,219,503
373,102,220,500
376,101,221,507
374,104,223,503
374,110,218,502
372,40,225,528
374,102,229,541
365,101,231,539
370,101,230,535
374,103,226,545
376,101,229,557
371,103,230,582
369,103,228,577
371,103,227,570
368,100,224,562
371,100,224,554
365,98,224,565
369,100,219,570
370,102,222,553
373,101,224,558
373,104,231,553
374,99,229,540
368,99,237,545
375,101,244,539
372,96,228,528
368,104,233,521
369,88,234,517
368,100,235,524
369,100,232,536
373,108,235,536
368,98,234,547
365,108,231,547
365,107,231,554
369,123,230,540
365,114,237,559
370,111,247,564
366,118,253,572
361,113,248,564
364,115,257,571
365,113,259,569
366,112,259,563
360,114,250,560
370,111,253,549
364,111,250,551
368,112,256,528
395,114,247,542
365,108,244,537
367,111,237,535
362,115,243,526
365,111,227,526
364,107,234,528
368,110,230,530
381,109,208,530
370,110,225,529
371,121,236,525
374,108,225,516
377,111,225,514
375,99,210,504
381,111,221,500
371,54,217,493
372,106,209,489
369,106,213,492
365,107,213,476
370,111,215,478
374,97,208,481
373,110,217,478
367,112,216,487
378,125,216,487
379,123,216,484
380,124,215,484
382,122,219,482
376,126,218,454
385,126,220,483
385,124,246,486
381,123,217,502
383,110,210,536
399,122,216,552
381,147,211,557
378,122,217,554
376,116,219,556
377,119,222,550
368,123,214,546
375,120,210,536
388,120,185,536
375,114,212,533
377,119,209,545
346,116,208,563
372,133,215,572
371,112,209,566
373,116,208,570
375,118,198,592
368,112,206,619
370,117,198,625
386,113,199,616
368,113,202,608
366,111,195,600
369,111,200,597
370,112,201,586
367,112,194,603
369,112,197,601
369,104,192,594
368,114,192,598
369,106,188,606
369,111,189,612
367,109,192,613
369,116,188,607
365,109,189,599
373,108,182,591
364,107,186,588
329,107,184,582
372,105,187,574
368,108,180,565
364,107,180,565
363,108,182,568
370,105,180,563
366,100,183,555
368,103,190,551
363,106,193,556
366,105,185,552
369,107,190,552
370,104,194,572
360,104,198,572
357,102,193,572
359,104,190,574
363,100,195,576
365,106,182,576
364,95,188,542
363,101,184,552
367,97,189,549
362,101,184,540
364,104,182,532
353,105,179,528
360,102,180,529
360,103,180,525
363,102,180,518
362,105,178,516
360,101,182,509
359,105,184,514
357,102,183,508
360,100,198,526
352,99,184,548
359,96,189,560
356,104,194,577
352,104,194,578
353,104,196,579
357,99,194,576
356,105,186,583
359,97,187,563
356,100,186,557
353,113,187,552
358,98,186,546
379,96,188,541
361,92,185,538
367,98,181,529
356,98,184,538
357,102,186,546
355,98,185,558
356,92,189,572
355,98,193,582
356,88,200,578
352,96,190,594
350,96,193,626
350,96,198,657
353,98,206,671
378,95,216,679
348,94,223,675
356,99,227,666
358,100,227,659
375,100,227,646
363,92,222,640
367,94,237,645
357,97,227,645
372,96,219,645
374,95,220,649
371,97,220,654
372,110,221,648
374,93,216,648
377,102,214,657
376,32,215,663
376,97,212,652
379,103,205,645
377,96,209,632
371,90,206,638
379,101,203,636
381,101,204,627
388,109,202,623
384,104,200,621
378,107,198,619
378,105,191,603
377,118,201,599
377,109,195,592
378,112,205,589
375,109,189,577
378,112,192,571
370,112,200,558
374,112,205,570
367,111,210,576
376,107,212,568
373,111,218,565
373,118,215,566
376,108,218,553
370,106,216,564
374,109,211,577
369,98,228,578
371,105,228,576
368,105,234,581
370,105,223,575
311,107,229,576
368,106,224,585
369,94,217,604
366,105,229,627
367,104,236,627
364,106,236,621
373,105,243,627
362,105,228,638
364,102,229,644
365,109,235,668
364,102,240,694
362,101,245,691
360,102,240,682
361,104,241,672
362,106,238,661
366,98,233,663
353,92,234,666
360,99,230,668
361,105,234,658
363,99,229,653
360,96,227,648
357,116,223,634
356,101,221,629
358,103,206,617
359,101,221,609
359,100,216,604
352,100,216,608
357,99,211,605
357,85,210,597
356,100,212,600
358,94,205,575
358,97,207,596
355,99,206,592
359,104,205,587
355,97,203,584
352,97,200,580
356,98,201,573
360,98,238,571
357,99,198,562
354,96,198,561
356,100,197,552
354,97,198,544
353,100,197,549
345,98,195,541
357,97,192,533
358,98,197,534
359,94,192,541
352,94,204,544
354,98,200,544
359,105,201,539
355,95,200,540
358,99,200,535
382,95,197,528
355,96,198,559
352,96,215,599
354,94,215,619
349,96,220,626
358,87,219,627
362,96,215,621
363,94,268,608
365,97,214,601
359,94,229,605
365,94,214,597
375,97,234,594
359,93,206,583
363,95,202,577
357,101,204,571
364,94,208,563
364,97,202,561
366,91,204,558
369,83,216,556
367,98,207,555
366,94,208,545
374,93,200,539
376,100,204,537
370,100,193,530
364,104,202,526
368,89,201,514
371,100,195,514
372,101,195,513
372,97,193,520
374,102,196,525
370,102,209,518
372,101,193,513
374,100,191,507
358,104,192,503
372,103,192,506
374,101,192,509
370,101,188,507
370,97,181,503
360,101,238,506
370,94,189,500
376,102,185,505
365,99,181,504
370,102,193,521
368,101,191,519
371,99,184,510
370,88,189,506
369,99,179,500
370,98,185,496
365,96,184,492
366,100,187,488
363,100,188,482
360,98,181,478
366,86,182,482
368,99,181,472
372,100,184,479
364,99,184,477
362,97,182,474
412,97,178,470
358,101,181,468
350,103,178,461
362,99,180,458
355,94,186,479
362,98,202,500
358,97,198,503
350,94,200,512
362,98,200,526
360,86,216,531
358,99,205,531
364,93,200,522
361,98,205,517
357,102,189,507
356,94,207,503
357,98,197,499
356,97,199,495
356,100,200,518
353,104,200,524
359,94,197,538
357,93,197,538
370,100,188,533
355,98,187,536
355,100,195,546
350,94,191,551
357,102,176,539
355,95,187,537
353,94,193,538
360,96,193,532
353,93,182,532
358,97,174,528
376,96,183,529
358,98,182,523
354,91,191,520
359,90,195,506
352,97,211,510
352,90,198,500
355,98,202,497
346,94,208,496
353,91,209,496
349,94,217,497
353,95,217,491
340,94,215,493
352,98,214,488
350,99,215,482
347,93,207,479
352,96,210,472
351,91,206,482
351,96,204,490
363,87,205,488
380,92,204,481
358,93,204,472
366,94,200,474
361,106,202,476
359,105,198,472
357,112,197,470
361,109,194,479
360,100,194,484
361,108,198,475
367,108,192,473
365,107,192,469
367,105,191,473
365,106,190,480
367,117,190,473
370,108,191,481
367,101,187,481
369,101,191,483
363,105,185,478
370,105,186,497
368,106,190,507
370,102,192,504
369,105,191,502
373,104,183,496
369,105,182,490
360,106,176,486
366,104,184,482
364,104,183,492
367,105,188,499
367,101,200,507
366,102,203,512
364,103,198,503
322,101,203,507
370,104,204,508
366,98,204,517
366,102,216,536
366,66,206,542
365,99,214,542
369,100,206,540
373,102,208,536
372,100,214,543
371,100,209,544
370,102,210,554
372,97,210,574
373,102,213,579
369,102,213,574
376,96,217,566
372,99,226,560
372,91,236,555
372,95,230,548
372,110,232,547
374,99,236,553
373,97,224,545
370,98,231,540
372,98,228,532
372,95,228,529
372,96,222,544
371,91,224,542
374,99,223,536
370,93,219,534
368,117,220,529
369,96,215,521
368,97,214,513
366,98,214,529
363,94,213,535
360,96,210,532
364,96,208,526
367,64,209,530
364,93,208,530
356,96,212,534
364,94,210,535
354,103,206,531
363,98,225,538
364,108,224,533
356,97,235,535
365,96,220,547
367,85,220,560
376,95,216,561
371,102,215,562
362,95,222,555
371,96,234,558
371,84,225,552
372,94,229,549
365,91,222,553
371,153,221,534
374,96,222,534
376,94,215,527
376,89,217,530
378,92,231,528
378,94,221,533
376,92,219,539
378,92,221,528
375,92,224,521
375,93,222,516
379,96,224,512
376,90,218,508
378,96,217,498
374,92,213,487
376,96,213,490
340,93,210,482
378,92,210,477
377,94,210,489
377,93,207,485
372,101,204,485
373,88,204,479
376,96,181,476
374,90,200,471
370,91,197,478
370,94,197,475
380,87,195,475
370,96,197,466
373,94,196,464
368,94,207,472
373,96,208,471
374,110,215,473
373,90,215,466
366,101,214,518
359,93,214,482
370,92,216,486
374,80,216,491
365,99,213,480
375,95,214,480
371,91,213,490
374,100,211,479
375,90,217,483
377,93,210,480
373,94,203,492
377,92,206,487
373,92,199,503
371,93,207,500
373,94,208,501
381,89,198,508
373,93,199,512
370,89,200,508
370,91,204,502
368,91,205,498
370,91,203,491
364,96,206,492
367,82,202,484
369,93,203,485
368,92,200,491
367,93,203,504
365,91,199,512
377,100,197,515
369,92,195,499
361,93,200,496
366,92,202,492
368,90,198,489
364,97,197,505
370,93,194,500
372,98,197,512
368,97,191,507
363,95,184,517
367,97,188,517
376,96,187,508
362,97,188,507
372,94,183,506
370,99,189,503
369,96,183,499
368,97,188,503
369,95,185,512
372,96,186,507
361,83,182,504
372,97,181,499
358,102,171,495
368,95,180,491
358,92,179,493
367,94,178,486
366,98,175,487
367,100,176,481
367,97,176,481
360,95,178,491
370,96,174,483
361,96,172,477
365,96,170,472
366,92,186,468
364,108,176,479
369,96,180,491
365,89,183,492
365,97,189,492
365,106,182,488
361,93,189,493
360,94,193,521
362,91,198,534
365,100,216,539
361,92,217,528
360,93,220,530
362,92,210,526
366,93,216,529
360,98,214,527
364,84,215,522
366,93,216,513
361,92,212,512
370,94,213,505
359,90,204,497
419,95,210,495
361,92,210,489
362,94,206,484
358,86,223,482
369,96,208,484
360,91,213,480
370,93,220,489
358,95,214,503
366,93,212,497
368,89,220,497
361,88,222,514
369,90,229,530
364,103,225,541
368,92,237,554
374,77,239,551
377,93,235,543
374,94,234,536
370,97,232,531
375,93,233,529
367,80,226,530
370,92,228,526
365,95,224,523
369,90,225,522
365,92,215,522
366,120,220,512
367,92,223,508
368,91,219,504
365,97,221,512
367,103,225,521
366,101,228,523
366,96,228,520
366,108,223,494
365,102,219,508
365,99,215,496
343,99,227,513
367,91,221,495
367,101,222,512
368,96,218,508
369,101,213,512
366,96,217,521
372,99,221,536
380,98,229,541
367,97,226,537
365,89,218,538
365,96,222,532
360,101,221,524
364,94,219,517
367,98,221,515
361,96,209,512
365,97,214,508
359,93,215,491
369,103,212,507
358,92,212,507
372,96,210,499
383,96,206,493
363,102,206,496
370,101,203,498
365,97,213,495
372,96,206,488
373,97,260,488
373,91,208,485
369,96,198,484
373,84,197,476
369,98,197,474
368,96,193,467
368,98,192,464
362,98,190,476
377,100,236,484
370,98,190,493
372,100,188,475
370,98,188,477
369,96,184,470
369,98,192,468
368,99,192,470
372,99,212,469
370,99,223,475
371,96,229,472
355,96,229,472
369,96,225,469
366,94,229,475
364,97,237,485
376,98,218,499
364,94,243,498
367,88,244,498
365,96,245,505
372,97,245,521
362,141,242,529
368,91,235,536
384,97,239,540
365,94,230,535
372,100,235,530
366,94,230,524
368,98,231,519
370,96,232,524
373,95,226,531
373,94,228,528
363,95,228,520
372,101,228,518
364,116,223,518
372,103,225,508
372,98,221,516
373,103,219,528
365,100,232,539
373,100,213,546
368,101,220,553
365,101,219,550
370,90,219,551
368,98,212,565
367,99,217,576
368,137,212,582
391,94,212,574
364,104,212,577
371,120,209,562
368,105,204,562
374,108,206,559
388,110,205,552
371,117,204,526
374,122,203,538
373,121,199,538
368,120,198,535
372,118,198,531
375,120,193,530
372,119,198,524
371,135,195,516
372,121,205,520
372,118,204,530
368,113,211,526
370,118,206,522
373,112,208,522
370,114,205,510
379,115,215,507
372,114,201,501
377,116,202,505
372,125,209,515
373,114,201,521
371,116,199,522
366,109,190,515
371,123,202,513
359,112,198,532
374,109,202,541
369,107,192,528
374,107,201,526
373,112,200,520
375,106,196,520
375,115,193,519
376,111,195,516
380,114,198,515
373,109,195,508
369,110,197,507
375,112,199,531
378,102,199,541
376,112,200,542
393,96,197,536
375,114,197,531
374,104,192,522
375,110,192,553
370,112,189,526
380,110,201,528
369,109,185,536
356,112,182,563
371,109,185,572
369,103,181,564
369,52,187,568
371,111,182,563
371,108,177,555
368,114,181,559
373,105,177,552
367,106,181,546
369,101,179,542
364,107,176,536
367,108,176,525
370,105,171,520
365,105,187,523
367,107,186,525
363,106,179,522
371,106,180,531
364,104,183,523
368,104,179,523
370,106,172,524
386,103,181,516
371,105,187,530
372,102,180,533
366,103,178,523
366,98,180,528
373,109,170,518
366,110,170,520
370,107,177,513
372,107,179,512
361,106,175,507
375,108,178,503
381,107,177,501
376,109,175,497
373,105,175,493
375,103,176,485
372,106,178,481
373,103,173,475
371,105,169,472
374,109,161,466
374,106,174,475
376,103,169,465
371,108,174,464
385,105,171,458
374,106,164,459
372,100,167,451
369,102,169,454
371,60,175,457
373,103,174,457
372,105,180,448
370,106,181,444
370,110,180,441
368,110,174,436
372,113,167,440
370,106,176,431
371,108,174,428
365,110,180,426
371,104,179,427
374,108,195,453
373,107,205,480
371,110,216,498
373,102,212,500
375,107,214,495
372,108,216,495
375,102,222,523
373,108,237,587
369,108,248,596
372,107,249,592
343,105,248,593
372,107,241,583
365,97,242,577
366,101,240,568
364,110,234,569
365,104,238,562
368,102,227,558
368,101,230,555
365,116,242,546
368,101,216,540
366,104,227,533
365,103,224,531
369,102,222,522
364,103,221,520
364,102,219,513
361,105,221,519
365,106,218,501
366,106,212,499
359,100,211,500
366,104,221,501
362,103,214,508
368,89,209,500
363,102,208,495
362,93,202,491
367,96,199,503
369,99,203,505
373,88,209,501
373,105,200,500
368,104,196,526
366,101,200,507
371,99,201,499
373,86,196,499
376,99,194,497
385,102,195,496
376,96,198,504
386,90,208,526
380,100,206,554
379,98,221,563
381,100,246,558
379,99,218,566
380,94,224,601
380,98,226,620
379,101,230,653
378,98,225,669
381,102,222,667
388,97,225,656
378,97,228,648
376,99,225,643
379,96,229,643
370,96,241,634
375,96,235,624
375,95,231,618
375,91,234,608
382,95,232,599
371,96,238,593
374,97,226,584
373,96,227,587
376,94,233,598
372,92,234,604
374,93,242,594
376,97,244,592
375,101,236,584
372,101,242,584
371,98,241,574
371,103,238,568
373,99,241,560
374,102,248,555
371,99,252,550
372,98,258,543
370,104,263,539
371,99,261,534
370,100,261,529
368,93,257,520
365,93,250,520
367,101,251,518
372,100,251,510
382,99,247,502
371,99,245,500
370,99,248,497
366,96,256,498
373,88,273,516
370,96,277,534
373,100,294,550
372,95,298,551
372,97,294,544
371,90,297,544
370,99,300,565
360,96,320,599
370,87,327,614
370,96,331,616
374,93,328,606
371,96,323,604
367,87,324,600
370,96,317,600
368,96,316,594
382,97,306,583
368,96,312,581
364,105,309,579
371,87,304,575
372,94,297,566
373,95,294,560
369,82,290,554
371,125,289,547
370,97,289,544
373,112,277,554
368,107,280,534
370,100,285,532
371,102,295,544
378,103,305,557
378,68,318,581
377,108,322,582
383,104,318,600
373,102,318,624
381,103,317,650
376,106,328,654
373,102,309,650
362,103,324,641
371,102,324,640
370,103,329,634
372,101,330,631
375,101,328,630
373,100,326,636
376,99,324,627
386,104,307,620
377,101,318,619
384,101,314,615
392,112,320,606
392,96,322,599
386,114,301,599
396,101,311,595
410,103,309,597
398,101,308,601
396,102,302,600
390,101,330,600
398,102,302,606
396,100,292,595
397,101,291,584
392,103,292,561
396,101,300,648
392,100,312,659
392,42,312,656
392,100,310,651
390,103,309,639
393,89,305,644
392,96,309,646
397,99,302,634
396,100,294,632
405,96,228,618
401,106,292,628
404,97,281,623
407,99,287,620
408,98,281,616
408,117,282,604
404,116,275,590
404,117,278,590
404,120,282,581
409,118,276,573
408,117,277,568
407,129,274,564
367,119,270,568
404,118,267,561
406,123,276,566
396,116,261,546
405,112,259,534
405,115,242,544
412,116,251,547
406,113,253,530
404,114,248,521
402,117,248,517
413,112,245,520
404,115,248,528
407,106,257,515
396,124,254,516
394,120,245,514
402,111,245,514
397,110,242,505
397,109,237,531
398,112,243,554
393,98,244,549
394,112,238,564
390,108,235,570
393,121,235,585
390,111,230,600
389,57,233,594
385,109,236,588
390,113,227,573
386,109,230,576
381,110,229,574
388,114,226,587
386,115,223,591
390,98,225,590
384,109,224,585
403,106,233,588
389,109,221,591
401,105,220,601
390,110,219,601
388,108,220,592
387,106,219,587
387,107,210,579
390,99,202,569
353,105,208,571
400,108,209,563
390,109,208,558
387,104,205,541
392,107,201,544
390,104,202,543
393,106,205,557
384,104,203,550
389,105,200,544
387,103,202,543
394,103,201,541
384,104,216,540
385,102,200,530
384,106,196,522
386,103,197,525
391,97,197,522
388,104,196,534
388,103,193,540
380,106,193,544
394,102,188,539
392,112,193,540
384,101,196,537
379,105,190,531
390,100,188,523
392,102,186,521
381,100,185,512
378,104,183,507
387,100,180,493
402,96,190,497
385,103,180,493
345,100,178,502
388,102,179,515
390,101,171,514
390,103,178,509
389,99,176,506
388,104,176,502
392,98,172,496
392,100,175,506
388,99,178,512
378,100,166,503
388,101,176,514
389,101,177,520
388,91,182,529
387,96,184,539
391,95,184,531
387,97,185,531
388,90,182,538
384,96,184,519
385,96,179,512
378,97,185,512
383,92,179,503
381,95,181,503
377,96,176,496
382,103,176,465
367,96,176,488
380,97,172,495
376,100,176,453
380,94,175,502
382,99,180,513
378,94,191,514
378,102,198,513
375,84,189,504
380,97,187,508
382,97,192,529
386,97,184,523
384,106,194,520
388,98,185,514
387,100,183,513
385,93,181,506
386,100,186,524
382,99,180,534
375,98,177,544
387,95,177,541
393,99,163,553
385,98,185,560
385,118,185,575
384,99,187,584
384,93,187,574
379,96,186,578
381,92,193,585
389,92,205,585
389,108,208,580
379,109,215,576
390,118,211,574
396,113,207,573
407,121,203,579
393,112,206,584
397,115,199,570
392,116,204,571
386,115,208,566
393,117,202,563
393,117,200,552
394,121,199,548
397,119,198,542
393,116,198,501
396,113,193,529
384,121,197,578
395,116,204,526
396,131,211,537
393,110,208,548
327,114,209,536
389,115,207,545
388,85,209,550
381,108,216,554
388,112,222,561
394,115,226,558
382,115,226,552
396,106,226,556
394,116,231,553
397,123,233,543
402,111,223,540
400,110,220,533
400,112,220,529
401,107,229,523
401,115,217,516
400,109,211,509
401,111,211,506
400,110,212,504
399,110,210,500
395,110,209,499
398,102,202,488
394,123,203,488
394,106,204,485
404,111,229,483
395,105,202,477
393,107,197,472
393,105,198,475
390,105,210,468
393,106,195,465
386,106,192,458
394,107,198,458
397,105,201,454
406,113,206,451
396,106,201,449
398,102,206,455
394,104,201,464
394,108,202,473
391,112,205,477
392,111,204,486
382,100,200,493
389,108,199,486
392,114,203,481
380,100,197,479
387,109,198,479
389,108,207,483
388,110,197,484
379,109,196,482
383,104,194,491
380,107,211,493
384,114,198,508
384,109,194,488
385,105,186,502
408,107,190,492
378,104,185,484
381,105,187,486
380,103,187,508
378,104,187,494
380,106,190,495
378,115,184,487
380,106,192,487
380,104,184,478
379,106,178,477
381,102,179,470
387,92,180,465
383,102,179,463
398,100,187,460
385,104,188,457
382,100,174,451
390,107,176,448
385,104,172,445
383,104,167,442
383,100,170,438
385,102,174,436
381,100,166,440
385,101,173,437
388,106,180,447
386,105,183,446
375,107,190,459
386,106,192,460
389,105,196,456
383,102,222,481
385,101,196,489
386,97,189,493
389,96,196,513
393,92,192,518
387,98,190,512
384,100,189,492
379,96,186,525
387,104,187,502
390,103,186,492
386,101,184,489
379,92,182,491
384,99,179,480
381,100,183,492
381,99,185,494
381,99,180,493
380,100,166,494
377,101,177,488
379,98,181,494
373,99,180,488
375,97,183,488
375,101,182,481
377,104,182,480
374,94,182,470
377,101,183,470
373,97,189,465
375,98,179,459
392,99,176,454
375,93,173,452
371,101,177,468
370,92,175,470
374,107,178,481
373,98,171,494
371,102,179,491
366,98,178,489
366,113,177,488
364,97,174,484
367,98,176,487
357,99,174,479
368,96,184,474
366,98,173,481
369,101,171,487
364,95,169,494
359,94,168,489
366,97,174,489
357,98,166,482
363,96,170,486
374,96,166,476
364,95,171,471
364,93,171,470
417,98,164,465
366,98,178,464
367,97,172,455
369,98,164,453
366,100,164,450
365,97,160,443
366,93,169,445
372,95,160,448
373,105,166,462
376,102,163,440
386,103,217,439
373,115,166,432
378,99,167,431
372,110,161,424
387,102,166,425
372,103,162,425
374,101,162,431
364,102,158,429
370,98,156,425
381,103,163,431
368,98,155,423
372,88,168,426
371,100,158,431
373,97,154,426
368,93,164,445
369,108,166,442
374,94,166,478
368,94,165,489
370,100,178,494
368,95,173,501
375,97,174,495
372,96,172,512
369,96,171,506
367,93,170,508
373,93,170,508
371,93,170,520
370,98,169,503
373,105,156,497
375,95,168,493
378,128,167,488
379,95,164,483
376,94,159,475
373,111,164,474
375,85,162,466
371,99,159,467
371,122,161,458
373,108,162,455
373,121,171,447
375,123,167,454
360,122,174,464
396,122,176,470
372,129,180,481
370,128,189,475
369,121,181,473
372,119,180,471
367,121,184,482
369,135,182,483
362,117,217,482
365,113,184,493
362,119,185,497
367,111,187,495
369,116,182,490
367,109,185,486
366,116,176,494
372,115,177,485
365,112,177,481
360,114,181,481
367,114,177,474
367,114,175,473
367,112,178,471
365,113,173,460
330,115,176,461
377,110,172,452
364,110,176,453
334,108,173,445
370,114,170,444
368,114,168,442
372,109,178,448
372,112,168,442
370,112,166,441
369,111,165,445
350,111,169,451
369,113,185,467
367,106,194,477
367,110,202,484
368,169,204,513
368,110,204,512
363,110,204,515
370,97,208,534
364,108,210,536
366,107,205,527
370,110,206,520
358,110,205,515
365,108,214,512
362,111,223,508
366,110,232,509
362,110,236,519
362,109,233,512
357,112,235,507
361,116,224,499
361,112,229,500
358,103,228,498
354,108,224,495
361,110,222,504
360,102,230,509
358,108,226,513
363,107,226,505
358,105,227,502
354,106,222,497
360,108,223,494
355,106,218,488
355,106,206,488
354,104,217,486
353,105,222,482
353,105,212,490
355,105,212,494
353,114,206,503
373,102,210,504
355,105,212,502
349,104,209,495
363,107,209,492
372,104,208,486
361,110,215,494
358,96,207,498
358,101,211,489
359,91,208,495
359,102,205,496
355,106,199,494
361,108,207,503
360,105,214,505
361,101,212,501
356,102,208,509
357,101,219,548
348,101,215,566
357,104,202,580
346,88,214,594
355,101,215,594
353,100,214,584
356,102,219,578
353,102,217,574
354,102,202,569
350,100,213,571
358,99,209,561
356,100,208,556
365,95,205,546
361,100,208,545
364,94,204,539
379,95,198,535
364,93,204,528
366,99,200,523
360,94,200,518
355,99,202,514
355,101,197,518
367,94,195,508
366,100,198,504
365,96,190,499
368,99,192,501
366,101,189,512
367,112,188,515
359,75,189,513
364,97,186,506
363,103,188,504
366,93,182,498
368,101,192,495
365,97,192,514
369,109,180,523
366,97,198,538
366,102,194,548
366,106,193,586
364,100,189,551
364,101,190,559
364,96,188,559
362,105,186,570
365,105,182,589
367,107,186,603
363,99,184,600
373,98,182,587
364,111,180,597
367,100,195,579
364,100,179,574
421,98,179,563
362,100,181,566
361,98,186,552
364,100,194,536
361,117,180,540
362,121,183,535
358,122,182,529
362,129,181,524
363,123,186,516
362,122,184,509
361,121,188,509
353,117,176,502
361,113,185,506
358,122,178,501
356,120,177,494
358,122,178,495
367,118,174,495
363,122,166,491
362,117,172,484
363,120,175,482
359,119,175,483
355,123,170,475
359,121,176,477
371,118,176,472
363,118,177,471
363,121,174,496
372,122,179,510
364,119,177,515
370,120,173,537
361,122,174,532
375,120,178,525
364,114,178,546
377,119,169,522
362,120,178,526
365,119,171,530
365,118,179,548
371,114,189,568
362,117,212,586
361,113,217,590
359,115,226,580
359,110,226,577
362,115,218,567
355,115,232,566
369,112,217,559
359,116,217,559
360,112,214,549
360,114,211,546
361,112,211,541
363,117,212,537
355,115,208,530
363,113,215,527
360,115,211,524
361,111,212,522
350,113,219,534
362,108,202,531
360,110,218,531
356,108,209,543
359,161,208,558
356,108,203,574
359,109,203,582
357,106,203,586
359,109,200,575
360,106,200,595
360,110,198,563
368,110,193,561
362,109,193,552
361,112,194,546
363,141,194,547
365,110,197,554
362,110,196,560
363,107,199,553
372,109,210,546
359,105,187,547
354,108,192,533
356,107,185,526
362,115,185,522
358,114,181,515
361,112,182,513
359,116,176,505
363,118,181,518
361,119,186,528
353,140,186,532
366,118,188,534
363,100,179,525
391,116,183,520
364,110,178,502
365,115,180,513
364,114,169,513
368,108,176,506
362,113,178,506
360,110,172,497
363,117,178,499
358,120,176,495
360,129,178,491
357,133,181,488
363,128,172,480
361,133,172,482
362,134,178,478
365,135,177,480
364,130,178,498
363,133,185,499
369,125,192,492
369,132,202,488
364,135,202,488
368,142,189,500
388,139,199,520
364,138,193,539
357,142,199,560
365,138,196,563
365,152,203,564
346,138,211,560
361,139,207,557
348,142,253,554
363,143,200,538
361,129,203,539
358,138,200,529
362,138,200,534
362,138,196,520
363,144,198,517
360,155,195,509
361,138,194,506
358,141,196,502
360,140,198,502
358,153,192,496
359,142,190,486
363,134,188,485
361,134,189,509
364,124,194,483
362,134,184,480
360,135,182,480
358,133,189,474
362,133,190,479
361,133,193,478
363,133,195,474
363,137,196,480
364,136,192,474
360,144,196,467
362,138,183,464
365,138,191,469
357,136,192,465
367,133,187,485
362,138,189,467
368,132,183,464
367,136,190,469
367,136,196,495
368,139,195,492
364,136,193,479
365,134,189,482
361,135,190,478
366,132,188,471
360,134,191,473
363,130,189,484
380,118,196,476
362,129,185,470
363,135,184,465
360,138,185,462
366,133,187,455
359,133,189,457
364,135,190,460
360,133,193,458
361,131,187,458
359,129,192,455
359,173,187,453
361,124,190,458
360,128,184,457
361,128,187,464
365,128,180,494
363,126,179,501
364,128,189,526
365,128,186,525
368,124,189,522
370,124,173,519
372,128,189,532
372,128,183,525
373,125,188,518
371,123,176,513
365,114,181,514
369,124,180,509
373,119,178,515
371,129,178,503
370,132,172,495
369,122,178,490
368,120,175,484
359,123,183,483
366,117,172,475
369,122,172,468
366,130,172,471
370,114,164,469
364,122,176,467
365,119,165,479
365,137,169,480
364,116,171,476
363,119,160,476
366,117,172,472
365,117,168,462
360,117,166,460
360,113,163,466
362,117,156,464
362,125,162,457
362,118,164,453
360,113,160,447
362,116,164,452
362,122,161,466
365,128,160,465
363,133,154,465
359,130,177,464
363,132,186,475
360,142,197,477
367,123,203,499
352,131,206,509
370,130,203,508
367,126,199,506
375,128,203,516
375,124,211,527
383,131,219,523
377,138,225,518
379,121,218,512
376,132,219,509
380,129,215,520
380,124,214,529
378,132,210,547
378,131,217,564
370,133,215,589
379,134,146,578
376,133,212,580
373,140,211,555
375,132,210,566
375,128,208,558
372,120,205,556
372,132,206,556
383,126,228,551
372,128,204,549
374,125,212,539
367,128,201,534
356,124,198,528
376,121,197,528
360,121,196,523
364,119,200,514
369,122,194,514
372,125,192,510
370,133,192,512
374,129,200,507
376,134,200,520
381,130,201,539
379,135,206,536
379,130,213,531
380,131,219,528
376,129,220,521
381,128,218,516
380,128,210,523
384,134,212,539
388,129,214,544
381,125,212,538
385,132,213,542
386,130,208,540
388,132,209,535
387,130,206,528
390,93,202,521
391,128,204,524
385,128,206,537
384,128,209,552
387,125,244,570
380,125,224,585
376,120,227,587
375,122,232,579
375,123,228,573
354,121,228,567
375,122,226,567
370,120,228,567
379,150,223,573
374,120,218,576
378,123,222,569
374,122,216,592
372,122,216,589
372,121,212,583
375,122,212,584
372,121,213,584
375,120,216,588
373,136,220,591
384,120,188,593
373,120,209,615
375,113,205,605
378,111,211,601
364,113,205,593
373,113,220,585
371,104,215,576
371,117,208,570
372,118,207,566
384,116,204,558
377,114,208,546
386,114,200,544
374,122,200,542
374,117,194,537
371,117,197,536
374,121,192,529
370,117,194,520
371,122,202,521
368,115,192,520
372,118,196,512
369,115,205,507
369,117,187,501
368,109,192,496
369,114,184,489
366,117,188,498
368,179,188,481
369,120,196,477
373,105,199,484
371,117,219,489
374,118,220,493
378,116,235,496
373,122,229,501
387,128,232,507
374,117,239,520
376,124,242,516
372,119,247,524
373,115,243,518
373,120,246,516
362,119,244,506
372,118,237,506
366,115,246,503
371,116,245,498
368,118,241,493
367,114,239,487
367,119,231,484
375,115,232,476
372,118,274,473
368,115,232,472
370,123,230,470
379,126,227,464
372,137,227,459
366,136,227,483
371,142,224,460
372,142,226,471
370,136,222,468
369,140,226,472
365,139,212,466
369,139,216,465
365,137,216,462
368,136,215,456
358,125,213,445
365,134,207,447
365,136,212,452
363,130,205,471
364,134,206,492
362,125,204,509
365,134,202,518
362,128,206,516
365,134,198,508
361,130,200,505
365,130,200,498
365,134,198,498
369,128,189,504
370,120,194,515
364,129,193,527
366,125,190,531
360,128,187,525
362,130,187,522
384,128,189,514
362,133,185,508
363,124,184,508
365,125,185,514
345,128,192,510
354,128,190,507
355,136,192,503
350,128,200,507
361,128,201,506
355,128,208,512
358,124,196,505
362,128,197,509
356,124,194,506
357,128,186,503
364,123,196,494
356,128,198,491
345,125,192,482
362,128,192,480
359,126,189,475
360,124,187,472
361,128,180,475
360,122,202,485
360,124,193,490
354,140,186,485
360,126,191,496
357,125,187,495
360,129,187,492
357,115,186,515
349,130,184,534
358,126,188,536
357,123,196,530
356,128,195,524
357,123,186,518
359,122,188,512
356,119,186,505
360,121,188,500
362,123,186,512
365,108,193,529
359,126,195,548
364,121,194,549
366,119,192,540
366,120,192,536
360,129,189,550
364,113,187,562
370,118,188,562
362,171,188,559
357,117,188,551
351,120,195,546
365,116,186,558
363,121,185,554
362,117,184,545
363,118,188,533
367,145,190,549
367,121,194,559
370,115,197,558
374,115,193,549
364,115,237,548
381,112,194,537
385,117,196,536
390,112,196,528
395,112,194,522
392,102,197,516
397,115,199,515
393,104,216,512
392,117,208,502
389,116,211,499
387,103,210,491
388,111,207,495
401,117,204,535
382,114,204,498
387,125,195,509
386,114,198,509
383,110,198,502
390,115,196,500
379,116,202,507
386,114,199,516
389,115,196,517
395,112,193,512
388,114,192,508
387,113,192,504
386,126,190,499
388,120,199,500
384,118,185,478
387,122,188,495
392,119,178,507
386,120,184,515
383,113,184,509
384,119,184,513
381,114,177,519
383,114,179,525
369,114,185,536
374,114,175,537
396,118,178,526
379,115,184,521
379,118,173,512
377,103,168,502
375,115,174,500
377,54,184,496
389,110,184,493
377,114,144,487
376,112,180,487
377,115,193,500
375,110,178,490
378,113,178,479
371,114,176,479
378,109,173,493
385,142,182,498
379,108,172,495
379,112,176,497
378,109,167,499
375,115,170,504
384,108,170,506
385,121,172,500
383,116,168,496
386,119,164,491
383,114,167,490
386,111,166,513
381,115,173,502
379,116,165,498
385,118,179,513
386,107,187,513
386,118,177,506
398,116,178,517
390,115,149,496
378,101,184,496
385,114,186,492
385,112,174,487
388,112,170,479
389,115,172,477
389,110,171,471
382,117,166,467
389,112,172,461
393,115,172,459
390,111,168,451
395,108,168,447
388,109,172,455
390,109,169,453
395,114,161,451
386,107,165,450
383,107,168,474
384,69,174,485
385,112,173,482
385,110,173,487
392,108,170,489
384,108,172,491
384,110,169,485
384,113,170,486
382,110,170,475
385,110,170,482
384,108,168,479
389,107,166,475
381,87,164,474
381,106,170,470
378,105,170,470
374,102,164,468
381,112,171,471
380,104,177,465
382,117,172,466
375,117,178,469
380,121,173,473
378,119,172,474
379,120,172,478
379,122,175,476
377,120,177,468
375,120,173,494
377,115,177,518
385,126,183,538
375,118,182,543
376,111,182,548
372,117,182,536
375,117,181,527
372,118,182,528
369,106,180,528
371,115,180,524
372,119,175,519
384,118,148,513
372,114,174,518
374,113,164,521
369,113,173,515
376,104,165,515
378,112,177,518
374,114,182,530
370,119,190,531
371,112,192,523
371,112,199,518
378,140,192,512
367,112,188,508
356,110,196,526
371,110,195,533
371,111,207,530
372,113,184,527
369,111,194,528
369,110,191,530
372,115,192,559
374,112,186,547
377,113,186,540
377,111,186,529
373,108,178,547
372,115,186,560
375,108,184,560
387,112,185,558
373,94,181,553
379,111,185,551
376,105,184,541
381,109,181,546
383,108,179,562
384,110,180,591
378,109,192,608
391,110,185,621
374,109,198,618
372,102,192,1393
373,106,195,1631
370,105,192,1769
370,108,189,1892
370,108,195,1963
375,101,194,2027
373,107,202,2066
375,107,197,2092
376,126,201,2109
371,111,196,2110
376,108,210,2101
374,103,196,2081
380,108,198,2052
374,105,194,2000
377,104,188,1949
374,96,192,1921
378,104,189,1893
374,106,189,1858
367,101,185,1813
378,105,183,1773
379,103,181,1731
378,104,192,1697
375,103,182,1669
386,104,182,1642
377,100,182,1611
380,108,180,1583
382,102,182,1554
380,92,181,1521
380,104,176,1498
379,101,187,1485
381,99,178,1462
380,103,178,1434
374,92,177,1404
387,104,187,1369
376,124,173,1349
375,101,175,1327
380,96,175,1303
376,96,173,1284
376,101,170,1256
375,102,184,1245
376,104,179,1238
375,96,187,1243
379,106,208,1251
387,110,222,1240
383,79,227,1222
379,108,224,1217
375,104,233,1257
378,105,247,1299
390,104,280,1305
377,109,256,1286
389,109,253,1259
371,100,248,1240
379,103,246,1215
375,109,251,1190
375,107,241,1167
389,107,249,1145
374,105,256,1117
378,107,247,1101
378,102,252,1084
380,104,250,1061
379,103,256,1030
384,73,246,1022
389,106,240,1010
390,102,244,1011
390,106,243,1015
382,108,236,991
385,106,240,974
386,104,239,957
386,105,230,934
384,105,232,920
386,99,228,907
382,98,225,889
380,103,216,884
381,101,226,881
381,101,214,865
380,103,221,887
380,100,216,854
379,102,218,842
375,107,217,830
381,103,216,823
379,112,219,835
377,116,220,864
375,116,234,868
382,113,245,888
386,116,258,899
382,112,259,907
390,113,257,908
386,104,268,952
386,111,276,978
388,113,284,1002
382,111,285,1015
383,113,282,1010
388,112,291,991
383,112,317,977
388,113,282,952
390,109,286,942
383,112,278,927
386,105,275,906
383,109,276,894
382,108,270,878
384,120,266,861
382,107,261,845
379,108,262,834
384,99,261,819
386,108,262,805
378,110,251,792
391,106,260,785
385,107,258,775
384,112,256,789
385,114,254,785
378,116,252,769
385,111,249,757
378,113,242,747
383,110,245,737
383,115,244,767
385,115,239,716
388,119,240,707
386,117,236,734
387,120,241,704
386,119,234,696
390,118,230,694
384,119,240,698
387,122,227,693
385,121,229,683
388,119,221,697
386,121,223,713
385,112,221,705
386,120,222,693
385,115,226,678
368,120,230,677
386,121,236,685
382,133,233,672
377,129,240,664
381,114,236,656
374,117,239,649
380,116,236,657
380,108,233,642
376,111,229,641
379,115,232,644
376,115,238,660
378,117,240,662
373,113,252,673
386,99,245,672
371,114,244,669
368,112,242,657
374,115,240,648
366,115,236,644
373,112,239,642
371,110,239,636
371,112,235,621
371,111,234,617
373,116,229,607
371,112,228,600
372,123,217,591
374,113,223,587
372,112,221,571
376,113,222,571
369,107,224,562
377,111,216,555
391,112,218,603
386,111,213,559
387,142,211,558
376,108,219,551
378,109,213,547
372,110,205,540
377,107,207,534
375,104,204,536
377,96,210,531
373,109,202,531
377,106,199,538
374,109,201,521
374,107,205,517
375,110,215,533
375,108,216,535
368,102,221,538
379,106,227,535
382,108,240,529
377,104,249,525
385,108,252,517
379,106,246,521
386,106,253,523
381,107,272,535
364,104,286,573
381,106,290,593
377,104,289,597
384,96,290,596
381,106,289,591
384,104,284,576
391,104,285,575
387,104,278,576
388,101,275,569
389,104,267,561
387,105,267,552
426,105,270,549
380,106,266,543
371,109,269,541
384,103,259,528
384,116,261,522
384,124,258,521
386,139,258,516
387,146,242,518
389,142,254,513
386,142,245,509
390,142,247,503
387,142,245,495
402,138,237,490
388,142,243,487
387,137,235,480
384,139,240,474
384,133,232,473
394,138,195,464
384,136,234,466
385,140,224,460
381,132,238,465
386,133,239,463
388,133,239,464
380,136,244,466
384,131,234,464
382,128,231,467
383,128,228,471
381,128,235,476
381,125,234,473
380,128,232,471
381,125,230,465
356,126,237,464
377,115,236,462
378,120,232,491
384,124,226,485
377,125,228,482
374,117,220,475
379,122,215,476
377,114,221,487
379,121,220,489
377,119,223,485
382,118,221,494
379,121,222,490
377,119,212,482
380,118,217,486
373,94,219,492
382,114,223,513
373,113,229,537
378,56,225,531
379,117,226,527
373,84,224,529
375,116,219,543
377,114,186,543
374,116,217,547
378,114,219,548
374,112,223,544
376,109,221,538
379,111,216,527
376,112,223,539
370,125,201,533
374,111,217,537
373,110,210,539
380,112,217,532
378,112,216,533
382,109,209,540
397,112,226,557
394,106,249,553
387,109,243,557
386,108,244,557
401,111,239,555
384,109,238,564
383,108,240,588
384,107,240,602
390,114,239,597
385,109,237,589
421,105,237,579
379,110,236,572
385,107,233,569
386,113,233,578
383,114,220,571
386,97,229,560
382,100,225,552
384,108,224,542
379,102,225,550
382,102,220,568
380,105,215,571
355,104,217,562
385,114,221,557
413,109,213,559
386,111,216,552
385,113,214,564
387,113,217,560
380,108,209,577
382,108,210,586
384,112,213,600
383,108,209,596
390,110,210,590
382,107,205,580
381,105,204,577
379,106,202,568
379,108,200,564
378,106,200,559
379,105,196,554
380,106,198,559
376,105,194,549
378,107,196,544
377,104,194,540
379,124,198,531
366,105,194,524
386,107,190,518
375,107,191,517
377,100,189,509
368,113,201,538
377,104,202,533
375,113,205,530
372,98,207,526
371,108,206,528
372,106,204,519
377,107,205,515
373,98,205,517
381,101,210,521
388,100,220,532
382,100,222,542
389,113,222,535
386,105,220,526
388,104,215,522
384,105,220,516
386,103,213,510
380,98,207,527
382,102,224,539
380,103,214,550
381,106,209,548
382,102,214,546
380,104,206,534
381,102,209,529
372,100,205,523
385,99,204,516
376,100,204,512
378,98,198,504
373,101,195,501
378,98,199,497
369,98,204,500
372,96,198,494
377,99,194,488
372,100,194,489
373,98,192,478
371,97,192,473
369,97,190,470
371,98,195,466
373,95,186,455
360,103,185,456
385,98,186,448
380,100,202,472
380,99,205,499
391,97,208,522
385,162,216,523
396,98,222,515
392,91,224,521
401,97,220,517
392,96,220,512
398,96,215,520
390,102,216,533
396,92,217,531
396,97,217,528
393,99,213,540
395,91,211,561
394,99,217,580
390,97,213,572
386,93,212,566
386,97,207,561
387,93,206,551
389,92,211,573
386,94,221,612
384,94,237,636
390,95,235,631
379,97,235,623
382,94,232,615
383,93,231,607
381,104,238,619
377,94,225,592
378,94,222,581
378,95,222,576
377,86,224,565
376,92,217,560
375,94,218,559
386,96,213,555
376,94,215,551
374,96,212,542
382,98,212,538
376,101,208,531
380,99,206,533
378,101,212,527
379,106,202,520
380,110,206,517
382,113,201,498
384,116,203,505
381,113,201,497
387,119,197,493
377,123,196,490
382,118,196,487
375,118,200,487
376,118,195,478
376,118,195,482
375,116,194,478
369,117,187,473
373,112,190,467
374,116,190,461
371,114,181,458
372,114,188,454
370,138,188,457
372,113,186,455
371,117,186,457
368,112,185,453
372,112,184,450
366,116,179,439
369,114,182,448
368,113,185,441
371,112,192,453
361,120,216,474
367,111,211,483
365,114,210,497
363,121,208,497
365,115,216,501
361,108,207,508
364,113,204,510
363,99,212,513
364,106,210,533
361,106,222,579
353,118,239,602
364,105,257,650
365,105,260,646
366,112,264,637
362,100,258,630
362,106,256,626
358,106,248,630
362,97,267,597
357,106,252,609
364,104,238,601
362,109,251,593
362,104,246,587
360,107,256,572
359,101,260,579
360,103,270,584
358,100,262,591
361,102,262,596
350,102,286,596
361,100,262,586
358,107,261,590
359,97,265,593
365,92,262,588
360,102,256,578
363,108,256,568
364,105,251,581
365,104,253,586
373,96,256,582
366,101,254,585
367,104,252,614
365,96,249,604
373,100,252,600
370,104,247,595
374,100,243,591
372,95,242,586
371,99,245,586
368,97,241,584
374,134,241,578
375,104,248,591
372,91,243,604
372,98,247,602
371,96,242,593
373,101,242,592
372,98,244,582
369,107,245,575
369,95,236,581
373,99,232,596
372,99,239,608
373,92,240,595
374,100,242,592
372,94,247,585
368,100,243,580
373,104,242,583
375,106,264,615
372,103,262,642
372,104,263,641
370,107,262,636
373,112,259,624
372,100,258,618
370,116,254,621
362,119,252,617
368,115,251,621
372,117,249,620
369,113,250,611
373,112,246,617
370,54,244,597
365,114,239,593
369,112,236,589
368,104,232,592
370,113,232,589
368,112,232,584
370,111,232,578
362,109,228,573
355,110,226,563
366,110,225,561
364,106,224,564
368,111,224,560
367,107,223,561
367,111,219,565
364,106,228,560
368,108,218,554
362,110,224,557
365,106,224,551
368,108,226,552
363,117,232,545
367,113,225,540
371,105,218,538
371,105,217,534
369,109,221,535
366,120,202,529
371,107,219,526
373,105,218,519
373,118,210,523
372,97,220,527
371,106,222,550
370,104,219,541
374,106,216,538
371,105,215,537
371,103,212,540
370,103,211,540
372,105,198,533
370,104,213,531
372,101,201,527
382,108,208,553
377,93,202,516
378,107,215,515
371,102,202,506
374,102,195,506
377,95,205,529
375,96,209,553
370,100,214,573
369,101,213,577
377,101,215,570
370,99,211,562
378,93,210,554
372,97,210,552
374,97,209,543
372,102,198,555
368,98,206,561
369,100,207,574
392,98,203,582
372,94,208,572
368,97,199,564
368,101,197,561
366,97,195,576
371,97,197,577
369,100,198,581
368,95,196,570
371,103,198,567
374,67,200,567
370,108,217,584
379,109,229,593
376,77,238,599
381,108,243,592
373,106,238,599
375,107,242,612
374,106,257,628
376,110,274,652
374,115,281,655
373,110,289,649
379,106,281,640
379,111,284,643
378,112,279,640
381,111,276,643
377,111,276,639
378,110,277,631
363,109,279,626
376,109,268,615
375,114,258,606
385,109,264,603
369,106,258,610
374,111,264,611
377,107,261,596
375,100,249,605
377,107,262,611
376,101,268,594
369,106,269,604
377,107,271,607
379,104,267,600
380,109,264,592
370,104,262,587
380,100,256,596
376,103,258,605
379,89,254,611
368,107,251,607
388,104,252,598
376,108,250,590
374,100,245,584
376,103,245,585
375,99,241,590
378,103,239,579
377,106,234,571
377,118,242,565
380,103,242,559
384,103,244,551
384,106,252,560
379,103,259,561
378,104,279,558
382,123,273,554
395,102,274,557
391,99,282,556
392,98,291,561
388,107,292,558
392,100,304,555
401,102,248,553
388,105,289,543
390,100,285,536
385,97,277,531
388,102,281,524
387,96,278,520
389,106,274,516
388,98,274,524
388,98,264,519
389,99,262,514
385,98,264,509
380,98,262,506
386,97,258,514
390,98,256,510
386,106,250,514
385,109,258,514
389,98,257,513
386,97,254,507
386,105,249,506
385,101,248,494
385,107,247,493
377,94,244,488
386,98,244,492
382,94,240,489
382,94,238,482
378,99,240,477
380,94,235,472
380,101,220,473
380,97,232,442
388,100,230,477
379,96,231,470
378,90,237,476
375,92,226,474
377,94,223,473
377,98,224,477
378,94,216,472
381,98,220,486
377,92,216,485
389,106,215,483
377,102,212,482
386,103,216,484
378,99,224,493
380,100,232,498
371,101,229,497
377,96,224,492
378,105,217,491
378,99,225,489
379,105,230,493
384,100,232,489
381,96,235,489
376,103,241,498
379,101,244,514
382,109,246,520
377,108,244,513
383,104,259,510
377,105,239,524
379,114,238,538
382,108,205,546
379,109,230,566
375,107,235,561
384,108,224,540
378,108,228,548
380,105,227,535
382,108,219,558
380,107,229,559
377,104,228,551
373,96,217,546
382,104,211,543
378,94,214,544
381,108,211,536
378,105,211,521
382,106,208,533
380,105,206,521
381,96,214,518
374,112,206,512
375,107,202,507
381,106,200,497
377,107,202,496
378,117,199,489
379,102,199,490
377,99,197,482
375,108,202,480
378,102,193,474
375,103,193,469
384,105,192,469
386,106,192,459
375,99,196,459
379,98,189,477
384,78,194,468
393,101,190,466
365,102,192,460
375,97,186,471
365,103,184,469
377,100,184,469
380,100,181,465
365,105,184,461
377,95,187,456
370,99,184,452
374,94,183,451
382,101,193,449
362,108,181,443
376,100,182,454
368,104,176,462
373,97,178,472
364,109,179,468
372,106,179,466
372,96,176,468
364,89,176,470
370,100,178,494
372,98,171,516
380,97,177,529
361,101,186,542
368,99,191,544
365,96,192,513
368,102,189,525
368,101,189,524
370,96,180,533
362,99,189,534
365,94,179,529
365,93,184,520
362,104,187,519
365,96,186,513
370,94,187,512
369,96,188,490
369,98,195,501
367,97,194,491
367,98,190,491
364,95,185,479
361,95,188,485
364,96,188,485
369,97,178,478
363,96,184,486
364,96,181,508
366,104,165,507
368,99,185,502
359,103,180,498
372,101,178,491
366,108,177,484
364,109,171,488
366,112,174,496
365,108,177,518
366,114,171,521
369,120,168,519
366,100,173,510
363,107,175,514
373,101,172,507
372,99,174,507
369,109,183,502
372,105,186,495
365,104,186,497
371,105,185,508
377,107,189,520
378,99,202,512
374,108,185,504
371,96,176,501
374,106,187,498
373,119,178,489
378,104,184,484
378,104,185,483
377,104,179,483
380,101,180,478
382,107,171,465
385,104,179,472
380,101,188,453
386,105,175,475
383,101,175,487
387,108,167,494
377,102,175,494
384,100,174,482
380,102,177,484
384,103,178,488
384,77,176,494
377,101,178,506
384,106,172,540
377,102,175,554
380,100,172,541
378,100,160,544
381,101,167,546
377,101,170,534
375,99,154,525
373,100,171,515
374,99,166,524
375,100,166,536
376,80,168,542
373,101,164,538
361,97,167,537
378,98,164,530
377,98,169,530
379,91,159,524
374,99,172,512
324,99,166,514
373,98,170,522
374,101,173,526
376,95,170,518
375,98,174,521
376,94,170,514
377,103,174,522
385,94,177,524
380,98,178,518
376,94,177,510
376,96,179,509
375,89,176,528
383,94,173,499
374,95,174,495
377,91,160,485
376,94,172,483
370,97,170,481
373,97,176,488
371,80,175,491
371,97,177,501
369,95,185,512
374,94,190,509
371,95,191,507
368,91,184,512
375,96,193,516
370,92,201,528
358,96,209,535
370,91,204,533
372,109,200,533
372,101,203,536
376,104,202,531
371,103,206,529
378,103,205,518
377,103,213,522
381,96,201,520
380,98,202,517
382,99,202,507
380,102,199,508
377,100,200,505
381,99,197,508
378,109,200,512
378,101,201,515
377,93,212,512
377,98,193,506
379,101,201,502
394,130,200,494
379,100,199,488
377,112,197,494
382,115,197,494
380,110,195,500
396,108,202,494
385,112,194,490
385,112,194,476
385,117,192,483
396,107,201,481
379,112,187,476
384,110,187,472
384,108,189,471
387,109,186,468
391,107,184,460
393,109,185,461
389,105,179,468
389,109,181,452
381,105,178,445
385,107,176,441
379,107,178,436
385,110,176,447
381,108,178,461
384,109,189,466
382,113,176,470
384,111,173,464
381,110,179,459
380,99,173,453
384,110,170,452
378,106,168,450
386,99,177,448
381,110,177,443
386,108,174,438
385,108,172,436
382,98,174,432
382,106,172,429
382,104,170,427
386,107,173,427
389,103,169,422
384,105,172,422
382,107,189,442
384,105,177,431
378,101,175,430
380,101,174,427
380,104,166,435
384,67,176,433
380,103,181,438
375,108,174,437
384,105,176,431
373,103,172,430
371,102,171,428
373,104,173,431
362,128,172,424
374,105,169,425
373,104,168,420
373,132,172,423
382,101,166,418
366,99,165,411
371,106,166,435
375,104,157,454
368,102,166,461
375,98,158,489
388,102,164,490
372,96,164,501
374,97,158,510
376,92,156,525
372,97,160,521
372,97,162,519
372,102,160,512
365,101,161,509
372,97,160,506
370,106,149,509
368,104,157,509
373,108,158,512
369,112,157,517
372,106,161,522
368,100,157,539
370,104,154,524
369,104,157,518
371,100,152,514
365,109,155,523
368,105,154,528
371,105,155,522
371,109,150,551
374,106,152,514
370,112,154,514
413,109,149,507
371,117,137,502
376,114,154,498
364,117,154,493
367,111,149,486
370,118,154,485
368,116,138,483
364,116,152,481
366,117,165,476
366,115,150,464
364,117,148,468
366,116,146,463
368,118,146,456
363,112,146,456
354,120,143,470
361,112,144,487
368,110,143,489
367,110,144,483
372,112,144,484
358,122,152,476
373,116,152,475
371,132,156,473
374,116,151,470
381,119,154,469
380,117,153,481
383,128,145,491
385,117,152,503
387,116,150,499
384,118,156,497
385,115,158,490
385,117,163,485
386,114,162,480
386,116,147,485
383,113,161,512
385,112,160,517
366,118,157,513
378,112,162,509
378,112,166,512
373,106,166,515
378,113,175,514
375,106,169,507
384,112,169,517
374,112,182,524
384,111,175,516
376,110,180,517
374,108,178,510
371,108,173,533
372,117,170,534
374,110,173,532
373,106,163,522
389,109,170,523
372,106,172,520
373,106,171,518
374,106,180,514
348,106,178,506
373,106,182,524
374,106,174,538
360,108,176,534
371,103,174,530
371,107,176,527
369,104,172,532
368,108,170,546
366,102,170,554
370,103,167,561
371,102,168,562
366,100,165,555
368,102,170,549
366,101,172,541
355,106,168,539
364,99,165,533
369,100,164,524
364,100,165,521
366,101,165,519
365,99,165,517
361,96,160,507
366,76,164,514
363,98,166,518
365,102,173,516
359,115,171,514
364,100,181,510
362,98,170,506
360,98,174,496
372,94,186,496
359,97,181,491
358,98,182,479
361,97,165,482
356,95,177,475
358,101,166,479
358,108,175,481
357,97,169,483
358,106,175,492
356,98,170,491
358,91,171,492
363,98,175,486
364,103,169,492
362,117,170,487
358,112,182,490
364,110,182,491
360,107,184,483
359,104,191,484
363,112,192,482
359,107,186,475
365,110,192,473
365,109,192,474
355,110,192,485
365,105,192,483
365,105,200,481
364,110,188,478
368,107,191,488
377,109,184,492
382,110,190,495
373,108,189,505
383,105,187,504
389,108,180,503
389,106,181,500
392,108,184,524
406,106,180,528
392,105,181,518
400,109,177,516
397,104,180,522
392,107,180,517
352,110,177,514
391,114,177,524
388,126,176,535
390,113,177,542
384,118,170,564
388,107,172,570
384,110,177,588
389,106,170,610
378,109,172,637
393,109,170,650
382,108,171,656
385,99,181,653
384,108,176,644
377,103,172,637
380,103,171,628
379,108,176,626
379,100,171,630
373,119,174,629
371,103,173,622
379,107,170,615
384,104,170,617
381,130,171,619
378,108,104,616
376,97,184,609
377,103,166,606
375,98,168,612
376,104,180,621
374,101,178,623
370,101,183,616
373,96,178,617
377,96,178,620
372,103,186,623
374,101,180,613
374,102,182,620
370,101,180,626
372,102,186,631
368,102,177,637
372,104,181,633
364,101,192,625
369,101,178,630
364,99,179,634
368,97,175,635
367,101,180,631
369,96,179,623
369,93,180,615
369,98,183,605
371,101,188,597
368,98,184,589
375,98,186,598
378,104,185,598
356,100,185,595
379,99,190,611
374,111,169,604
379,99,190,597
376,98,184,603
378,101,188,606
379,93,185,603
377,99,192,599
375,98,198,592
376,96,187,577
374,100,186,574
375,97,182,580
377,104,183,580
380,101,188,605
372,118,181,596
375,101,193,591
376,99,182,601
376,99,193,607
380,100,201,603
382,101,190,602
379,88,188,593
384,103,190,586
377,97,187,585
378,101,202,593
378,107,185,597
379,106,184,603
377,106,183,619
382,105,192,631
438,108,185,619
379,108,180,611
381,109,170,605
380,105,178,608
378,108,179,620
373,104,176,625
378,110,166,635
378,126,177,630
384,113,176,623
384,112,183,617
384,106,175,612
391,108,171,608
389,105,177,597
386,109,176,583
389,99,166,576
391,108,174,582
386,106,168,569
389,113,170,561
390,106,171,558
386,106,169,559
392,96,175,551
388,106,168,548
398,106,170,546
394,104,167,536
391,102,166,532
395,104,168,534
400,116,165,531
394,106,171,526
383,101,131,518
396,110,169,527
390,102,164,539
395,97,177,554
390,102,169,551
395,108,168,553
392,102,186,551
393,98,177,541
390,107,176,551
390,102,188,579
394,106,194,605
386,104,197,615
388,100,192,633
386,102,198,634
391,99,198,631
384,101,198,624
384,108,193,614
383,113,194,604
382,116,190,603
384,121,193,597
384,117,192,596
383,119,189,590
379,119,184,581
386,119,186,579
391,120,189,590
384,118,191,585
385,121,207,584
386,111,245,578
388,117,183,595
387,117,196,609
382,116,200,608
380,115,198,618
385,121,196,631
381,109,198,626
383,115,184,620
377,117,188,632
379,111,196,630
379,113,197,623
379,113,194,616
379,116,196,609
376,117,198,615
379,113,227,619
374,113,200,613
374,116,198,612
374,113,198,614
370,110,196,607
371,112,200,600
372,104,198,601
374,111,194,608
370,109,199,623
382,109,198,638
367,114,202,643
364,119,204,643
366,114,210,661
367,106,192,624
369,102,198,615
368,117,194,583
370,113,191,623
369,111,190,616
368,114,201,616
369,108,190,596
371,113,193,590
371,120,188,590
369,113,203,583
359,114,190,576
371,111,199,572
366,113,205,557
366,103,204,564
370,110,198,577
368,122,216,627
299,112,206,611
363,110,210,606
365,110,209,597
365,113,213,594
382,111,205,579
368,114,207,581
368,114,207,576
376,106,203,573
374,113,200,576
376,111,201,560
380,112,202,557
384,113,196,547
377,113,195,544
374,106,196,543
382,105,196,531
373,110,192,525
378,96,198,515
374,108,192,520
371,109,197,517
376,104,187,513
375,107,186,518
378,68,189,516
374,103,183,508
374,107,176,500
371,108,183,502
374,116,176,513
370,113,180,537
372,104,180,533
369,104,188,541
370,106,181,550
371,109,189,551
369,105,182,543
369,111,184,538
371,113,182,534
370,115,183,532
368,117,193,538
374,112,194,537
371,121,197,530
379,113,190,545
377,119,185,539
378,114,184,539
378,115,189,536
372,118,185,536
380,116,191,529
380,114,189,523
370,114,186,516
375,114,198,517
380,113,184,520
384,114,187,538
377,118,186,553
378,112,195,545
367,114,197,561
376,111,190,563
372,109,191,584
369,108,190,590
372,110,195,603
372,99,192,597
373,116,198,591
364,106,188,590
372,109,193,603
365,106,192,624
373,112,189,618
369,106,192,613
366,106,191,603
358,108,188,612
372,106,192,632
368,108,194,658
371,104,184,666
370,108,188,660
368,105,193,653
364,110,188,658
370,102,186,675
367,105,184,663
365,102,182,657
366,100,184,645
372,96,184,638
367,109,180,629
368,111,182,626
372,140,183,619
368,110,181,614
367,110,185,635
374,109,182,640
387,115,181,634
378,105,183,631
378,112,183,626
377,102,182,615
380,108,180,629
377,109,191,635
379,108,180,627
376,108,185,624
376,106,177,617
377,100,204,644
380,100,208,683
405,108,206,692
380,106,210,674
375,107,204,679
381,110,204,657
383,103,200,655
378,105,203,654
372,104,216,640
381,108,209,644
376,101,208,643
363,104,206,610
376,105,196,624
375,105,209,619
376,112,217,628
368,125,200,617
377,129,207,653
380,129,206,660
380,173,205,638
379,125,203,634
375,128,204,646
380,129,200,642
377,129,202,629
384,123,199,628
384,125,195,612
383,116,198,610
383,121,194,608
380,118,195,605
381,120,188,620
386,112,194,601
378,119,189,589
380,120,190,591
378,126,186,587
383,116,185,593
384,115,186,597
382,117,190,600
378,122,179,598
376,115,182,588
379,117,197,592
372,110,184,573
384,118,187,578
375,116,190,576
378,114,180,576
371,119,188,574
375,131,192,568
377,115,197,566
375,128,199,577
373,114,199,599
373,112,197,624
375,116,204,641
371,111,200,638
376,112,208,632
370,112,216,628
373,115,206,618
369,110,223,613
377,109,226,599
374,111,229,596
374,107,231,583
376,107,228,580
373,113,225,576
375,108,224,574
365,107,224,582
373,108,225,585
371,111,220,586
369,106,218,567
371,114,218,576
366,105,213,571
366,107,208,563
368,107,212,560
369,107,206,553
367,108,207,558
377,101,209,540
368,101,222,544
364,103,202,534
366,107,203,530
363,97,202,520
367,104,201,516
362,102,199,512
364,104,201,506
369,105,168,500
339,103,196,496
363,106,194,492
363,67,196,490
359,101,195,486
367,94,193,475
364,103,195,480
374,101,215,484
371,99,196,474
367,101,192,482
372,111,186,493
367,116,192,508
370,112,192,522
371,113,194,526
368,123,188,532
369,118,192,526
368,117,194,519
364,112,198,518
371,117,196,540
362,119,206,583
369,116,218,629
367,113,209,643
360,130,219,662
369,126,218,658
374,113,212,660
369,120,213,646
363,119,210,633
369,120,212,631
368,132,207,622
369,120,208,612
367,117,204,597
362,118,213,599
376,116,200,587
368,116,204,588
364,117,202,600
369,118,204,590
368,116,203,599
370,113,196,598
363,114,202,590
379,117,203,612
366,117,206,622
369,111,220,618
369,112,199,622
358,111,201,621
374,111,200,608
370,111,189,606
355,109,194,605
370,120,198,601
380,108,194,587
371,104,202,582
369,111,195,576
371,112,190,581
369,109,200,600
366,108,211,620
367,108,223,662
368,107,235,665
367,108,250,674
370,102,252,666
368,107,254,673
361,105,245,705
367,108,252,700
361,107,252,688
372,105,252,679
376,106,251,672
366,105,260,664
367,105,249,675
365,107,254,674
366,108,259,722
365,103,258,735
369,108,254,740
365,106,253,729
362,105,257,706
363,106,259,712
365,103,256,724
359,105,291,741
362,104,266,730
364,105,265,717
343,99,265,703
364,105,268,699
361,103,273,699
365,106,274,693
360,112,276,696
363,101,277,685
362,104,270,674
363,93,269,653
356,104,273,656
364,101,267,657
372,104,268,672
367,112,277,687
363,107,278,695
367,121,281,689
361,144,283,678
361,118,277,699
360,117,272,728
361,123,275,742
356,120,266,741
365,119,267,734
365,118,274,716
367,119,277,715
369,116,278,714
369,126,285,730
368,114,273,703
362,115,275,701
368,118,267,696
364,110,259,682
366,116,264,681
365,111,261,666
369,106,257,656
362,111,257,648
362,118,256,684
360,112,252,636
363,109,247,628
372,106,264,628
365,106,245,633
366,116,242,628
365,114,233,620
366,105,230,610
365,108,239,613
363,114,233,598
367,109,238,599
364,110,233,589
359,112,232,585
358,118,226,584
362,108,229,577
361,109,230,571
364,110,228,563
366,101,227,565
370,110,227,585
367,110,225,585
373,107,222,591
374,100,224,585
375,105,218,581
377,110,215,595
372,106,211,596
374,109,212,587
372,104,213,585
375,105,207,576
375,107,206,576
376,107,208,570
376,106,205,562
376,105,197,553
378,105,203,552
409,108,203,552
388,109,201,544
387,106,202,537
389,110,199,535
386,105,202,532
389,112,198,532
390,116,198,518
391,111,196,513
392,114,194,516
387,113,197,523
388,111,194,515
392,110,197,512
392,110,194,504
402,112,195,502
391,107,193,495
384,104,191,493
384,112,182,484
371,113,190,481
381,105,188,476
380,108,186,481
380,104,186,479
381,107,180,494
384,108,178,513
381,105,180,515
381,119,190,509
380,105,177,507
377,108,174,512
389,114,189,506
378,117,184,501
371,116,186,498
370,114,184,500
373,117,183,523
375,112,181,499
373,115,186,508
377,113,181,506
375,113,183,503
371,113,180,505
378,108,188,499
371,115,174,500
377,112,180,514
378,116,180,515
376,111,179,512
375,111,181,509
371,108,173,514
370,118,178,535
368,109,182,561
374,109,174,568
372,106,175,570
374,110,176,554
371,109,175,582
370,106,182,604
367,120,181,599
369,107,176,591
362,120,175,590
367,106,177,583
375,108,176,568
364,109,180,568
367,104,176,566
371,100,182,584
364,102,180,566
368,112,182,563
367,104,178,562
359,96,172,552
355,105,178,549
364,104,175,543
371,104,174,538
365,104,176,529
377,91,178,528
368,103,171,528
365,115,184,522
362,102,177,510
365,104,169,526
362,101,179,547
366,103,170,563
360,107,174,580
367,100,168,571
364,102,162,565
358,100,170,576
365,107,174,597
360,104,176,624
363,100,185,628
359,101,193,631
362,106,196,623
360,104,194,629
361,93,190,620
365,100,190,617
362,91,189,597
364,132,193,606
360,100,191,622
364,101,200,646
361,100,202,672
363,100,206,691
358,102,208,691
364,97,213,689
372,101,211,682
359,101,214,677
362,101,210,669
367,99,207,673
363,99,204,660
366,126,205,653
369,99,196,642
356,97,201,633
362,99,199,638
364,100,199,622
363,97,194,616
366,93,198,610
375,93,194,603
367,92,193,602
364,97,192,604
368,95,192,596
369,98,191,590
366,93,189,580
366,103,192,571
365,96,185,562
366,99,187,566
362,96,210,566
368,101,200,560
368,92,184,554
365,95,196,553
362,98,193,554
373,97,192,551
364,98,193,543
364,104,189,540
362,103,187,532
367,102,187,528
375,98,195,523
351,104,182,515
366,105,185,514
361,107,183,509
376,114,173,505
356,118,181,509
365,112,178,484
364,117,178,504
364,104,185,503
363,116,184,515
362,115,185,522
365,116,185,517
360,114,184,516
366,112,183,532
362,114,186,554
362,111,192,562
340,116,188,562
359,115,181,550
360,125,173,553
356,111,213,560
364,112,182,546
362,111,177,545
363,102,170,535
360,122,184,533
357,109,176,534
360,108,180,537
397,108,174,531
359,109,175,526
356,106,186,518
370,112,173,514
353,107,183,500
359,106,174,519
353,107,181,528
356,105,177,522
356,107,181,528
361,104,189,524
356,107,178,524
357,94,179,523
359,106,178,510
355,105,181,518
355,109,170,512
354,105,189,520
358,92,183,531
356,104,180,534
357,105,179,527
357,103,183,523
351,98,182,544
353,105,192,512
352,100,194,505
356,106,183,500
356,104,193,497
360,102,237,495
358,103,192,491
359,112,179,490
360,108,194,487
358,97,199,490
362,99,200,503
359,102,202,491
359,96,204,485
362,101,203,482
367,100,200,476
365,100,190,480
363,99,194,474
366,88,202,474
363,98,196,473
361,99,196,467
364,95,198,466
366,96,200,467
366,101,200,469
364,96,202,468
368,100,205,488
355,96,207,516
366,100,211,558
362,96,219,585
365,95,217,581
363,100,221,573
368,96,210,569
365,99,215,569
317,96,214,560
363,97,212,551
365,94,210,545
366,97,210,532
376,82,209,533
377,98,208,526
379,109,208,525
380,93,204,524
373,104,206,548
392,104,201,541
377,114,200,541
373,126,189,547
394,134,199,557
369,139,198,561
390,141,189,554
371,141,197,555
374,137,196,552
373,137,198,551
377,132,192,558
385,137,187,540
367,134,191,531
375,146,193,512
373,128,198,544
375,132,202,549
372,135,217,563
374,134,234,570
372,132,247,574
368,129,241,583
373,130,238,624
371,126,242,637
372,128,260,637
369,128,261,645
370,126,266,659
370,125,270,661
369,125,269,922
361,129,277,920
367,119,268,947
368,123,274,961
365,136,272,960
369,122,260,950
353,125,262,942
366,117,263,924
365,119,278,911
352,122,265,895
364,122,269,882
364,119,266,864
365,120,274,860
360,121,267,836
359,118,265,826
359,118,265,838
362,108,266,834
363,117,261,830
358,118,262,809
363,117,262,811
359,115,259,800
364,118,260,785
362,115,273,774
371,110,258,759
358,119,256,772
371,113,274,772
363,114,253,772
374,110,272,754
367,116,252,747
366,112,248,724
369,107,247,725
362,110,243,711
368,115,246,706
362,114,239,689
371,113,290,691
370,114,236,684
369,113,232,687
370,119,239,705
367,109,244,709
372,116,248,702
373,112,242,703
375,102,241,706
374,109,239,689
375,110,242,691
373,110,233,691
380,110,232,684
373,113,232,687
378,107,229,692
373,123,229,673
371,108,226,669
374,108,223,666
372,115,225,687
375,125,221,650
379,106,225,647
370,107,223,643
370,111,226,636
370,109,218,631
376,115,218,627
370,128,209,620
372,139,216,618
367,146,215,624
379,148,204,617
369,158,227,613
360,145,206,604
368,146,212,602
366,140,210,608
366,143,213,613
365,143,211,605
368,143,211,600
367,144,211,598
366,140,208,591
364,140,205,590
367,140,200,586
357,139,205,583
364,137,201,571
361,141,201,570
365,137,196,563
357,153,198,556
363,130,196,551
376,134,166,541
363,139,198,539
369,132,193,531
369,130,185,526
373,130,193,517
380,132,193,516
381,129,188,516
378,142,186,515
379,196,190,526
379,146,196,536
386,144,204,542
375,142,202,541
378,144,209,540
379,139,208,541
379,148,211,574
379,152,219,580
382,147,224,609
378,155,214,607
385,151,214,601
382,152,220,594
381,148,222,586
389,150,217,578
389,144,264,568
381,144,212,566
379,141,217,558
340,146,210,554
380,146,208,560
387,142,208,563
384,139,198,577
348,139,205,573
386,141,204,578
386,139,197,573
388,146,212,570
386,137,210,567
372,135,206,551
382,130,208,568
387,146,204,582
384,128,208,592
386,131,203,582
386,133,208,577
384,132,205,580
387,132,204,573
386,130,201,568
387,125,198,557
384,129,198,571
386,129,197,565
379,128,209,561
376,125,193,561
386,126,193,555
384,126,188,555
384,129,193,551
389,122,186,544
385,138,187,537
381,141,185,533
384,140,187,528
380,134,183,534
381,137,185,522
378,139,188,552
380,136,184,521
381,137,185,529
368,138,179,539
377,140,181,534
373,129,180,525
405,132,178,522
391,130,178,521
375,130,177,514
374,132,176,512
371,119,178,506
374,137,176,508
371,124,174,509
373,128,174,515
371,127,193,524
368,126,171,524
371,126,174,521
378,130,170,513
371,129,172,508
368,124,168,510
369,124,168,525
366,122,165,542
374,126,170,544
366,123,185,555
369,123,168,556
364,128,171,560
371,123,164,553
367,130,168,557
364,128,171,556
365,119,174,554
366,128,172,544
372,128,170,542
363,125,169,539
366,123,167,540
359,129,171,535
364,124,165,533
364,69,168,536
361,120,164,541
365,123,164,536
362,121,164,533
365,121,169,537
364,137,177,544
367,117,181,542
348,129,181,535
364,120,178,531
367,121,181,540
366,122,176,532
369,129,179,528
367,141,176,540
366,144,177,562
370,157,168,576
373,144,177,573
370,143,176,575
369,140,174,576
372,139,177,605
373,133,174,631
369,133,182,640
368,136,183,639
368,144,183,629
367,137,185,650
369,139,180,663
367,143,181,694
366,134,172,685
367,135,183,677
350,134,182,679
366,138,192,673
367,133,192,668
382,137,189,662
374,131,188,652
375,132,190,640
380,157,189,637
379,130,188,627
381,130,196,620
382,128,197,615
380,128,197,615
381,128,196,602
378,138,193,595
380,133,190,586
384,137,191,578
432,134,194,590
382,135,191,591
377,126,188,590
382,131,192,585
379,132,189,578
396,129,185,578
379,132,187,590
368,129,183,591
379,128,183,582
395,129,179,593
375,120,180,605
372,128,188,617
371,124,181,613
377,128,183,608
375,121,178,606
379,125,181,591
376,140,185,588
381,123,178,586
381,121,179,580
384,118,175,578
382,121,178,569
380,122,178,569
382,121,181,578
379,107,180,565
378,133,169,564
378,119,171,568
371,107,173,565
370,112,170,554
374,117,164,557
372,117,174,550
373,116,164,542
373,114,170,541
373,116,171,536
374,110,177,525
365,118,170,524
375,125,171,530
370,125,174,549
372,142,188,554
368,143,169,548
359,161,166,550
368,160,163,551
366,156,168,542
367,164,166,537
357,166,161,536
371,163,160,533
368,200,166,529
359,158,168,518
366,159,172,517
366,159,164,515
364,154,163,509
363,150,164,503
365,149,165,500
361,149,164,500
372,149,165,495
363,148,164,485
368,150,163,488
369,150,165,486
368,152,166,479
370,151,161,480
376,153,215,488
373,157,165,485
367,153,162,484
380,157,160,478
368,149,160,475
370,151,158,476
373,162,160,466
370,146,157,482
372,148,160,486
371,144,155,475
368,145,151,472
373,144,160,479
375,144,160,471
373,142,170,476
373,144,166,470
375,142,166,479
386,139,163,473
379,138,162,466
379,134,167,487
381,136,167,508
376,137,166,519
379,136,163,524
376,134,169,522
375,138,167,551
375,139,175,570
372,130,179,623
374,137,184,646
375,132,182,652
377,138,177,643
371,138,184,638
376,138,182,640
375,122,187,621
373,132,179,613
373,139,183,610
370,132,176,596
326,136,181,610
371,131,182,623
370,129,181,620
371,129,195,633
377,129,184,631
370,129,189,632
371,129,186,622
371,130,184,616
370,128,184,605
369,131,187,607
367,128,182,610
373,128,195,614
367,125,185,606
373,126,171,598
367,123,179,602
364,137,178,607
367,125,177,608
379,128,201,612
369,124,174,607
371,120,181,598
384,130,184,640
369,123,193,614
374,126,202,641
372,125,210,653
369,123,210,649
374,121,208,647
371,129,212,639
373,139,205,660
373,117,214,705
369,132,222,737
371,130,227,752
373,128,230,747
377,124,236,745
383,126,226,730
386,126,227,722
384,126,227,718
386,130,226,711
385,119,222,701
382,126,220,683
385,111,216,683
383,122,217,673
380,119,213,683
381,119,224,683
381,121,228,675
378,118,231,669
379,120,234,651
321,118,231,651
373,120,230,644
373,118,226,633
381,121,227,624
373,118,226,620
376,120,223,610
374,120,222,608
364,115,218,622
375,120,221,628
369,119,210,631
376,108,221,633
365,119,223,629
377,114,226,624
375,117,225,618
364,121,218,620
314,119,227,633
376,125,230,643
387,150,229,635
376,121,228,631
374,114,227,623
373,117,222,622
382,116,223,630
368,116,221,643
371,110,218,647
375,104,224,647
372,114,216,638
372,116,217,631
364,108,212,620
369,113,212,642
363,112,211,607
366,111,207,608
365,113,210,601
367,106,205,591
368,110,203,576
365,107,208,577
371,119,208,571
368,109,200,563
372,110,198,559
371,105,194,558
372,109,206,552
367,109,213,548
374,109,215,540
373,110,220,543
365,107,227,536
368,107,226,534
371,109,229,526
374,104,230,521
374,109,240,518
375,106,239,518
371,105,243,513
376,106,238,507
373,106,239,514
370,105,237,518
345,107,247,522
369,101,236,514
375,102,232,510
362,104,233,517
363,108,233,499
367,105,232,494
366,107,219,487
366,106,218,488
367,106,224,479
366,104,221,486
369,103,217,475
365,99,217,483
360,102,215,473
363,113,213,468
363,95,210,466
361,100,209,464
356,103,212,461
365,104,202,464
364,93,210,450
361,100,206,445
362,101,206,453
372,130,203,447
359,102,200,441
361,94,200,441
361,100,198,441
364,96,200,437
359,99,189,432
358,99,195,431
357,98,191,432
359,99,192,429
356,100,196,419
360,98,189,421
362,96,188,420
359,96,190,416
346,101,187,403
361,134,189,422
364,105,196,422
362,97,191,419
362,100,200,418
362,101,199,423
382,99,201,411
357,97,197,411
362,85,194,413
359,98,200,418
360,100,195,412
358,108,197,415
355,125,192,406
361,111,196,408
359,120,200,412
367,136,206,428
360,123,198,412
366,124,194,398
367,123,195,421
368,123,196,414
360,129,211,435
359,122,197,462
360,119,197,492
360,121,199,512
359,121,207,519
369,120,176,536
357,120,208,595
359,119,212,643
355,122,212,647
353,123,212,643
362,121,208,635
365,120,208,640
347,118,210,635
352,116,204,624
353,126,204,618
353,119,203,611
356,116,198,614
351,115,205,602
354,120,207,597
354,115,203,592
355,117,202,587
345,106,204,576
355,116,197,576
350,112,190,567
365,116,218,561
352,106,200,558
352,103,198,560
356,116,193,565
353,113,190,559
353,115,190,553
354,113,205,550
340,116,179,539
353,111,186,540
352,114,172,533
353,114,183,536
351,111,188,536
350,112,193,529
352,106,185,531
352,114,187,524
353,110,187,516
357,107,187,512
371,109,188,512
355,108,185,516
353,107,185,510
349,106,185,507
356,99,180,516
355,108,188,514
355,118,172,509
348,106,187,506
354,112,178,496
349,109,178,499
351,119,174,526
350,117,186,531
323,122,172,515
356,124,176,523
352,129,170,531
355,126,175,536
353,123,171,536
356,121,173,556
355,122,167,582
353,120,179,592
350,121,188,601
350,137,188,596
358,124,186,589
352,117,178,581
354,118,186,573
344,122,176,567
355,116,182,569
351,113,183,577
352,116,175,573
353,118,180,570
352,117,177,563
344,120,178,506
350,103,168,558
352,117,176,544
349,114,173,538
349,120,188,536
344,111,177,534
359,112,177,540
350,113,177,540
348,124,174,531
357,109,176,528
355,111,173,524
355,100,173,522
352,122,174,517
355,119,169,510
349,115,174,507
352,107,175,496
350,121,171,503
350,122,169,499
338,130,175,505
349,118,174,502
352,117,180,508
347,137,198,516
355,119,204,508
342,117,208,508
346,113,207,525
344,115,213,554
346,109,208,554
348,113,211,549
340,112,220,543
344,116,206,537
348,112,206,530
346,113,203,525
348,116,209,549
330,111,216,555
349,114,220,564
343,128,200,589
347,113,225,611
347,109,229,613
351,114,239,623
346,110,244,621
354,111,244,614
343,108,244,625
347,107,243,637
349,109,246,628
347,107,247,628
350,112,248,644
357,106,251,659
344,112,259,664
350,107,264,671
358,105,265,667
331,109,268,661
358,106,248,656
352,110,261,643
348,91,259,635
354,105,258,628
348,103,251,624
352,111,254,619
350,105,249,614
353,107,247,605
348,106,250,605
350,105,258,588
337,111,235,589
347,103,238,595
349,97,238,592
344,102,235,582
352,109,238,578
351,111,243,573
355,111,239,565
353,100,242,553
358,106,234,553
352,109,234,549
353,108,227,544
356,113,234,540
350,111,228,538
356,112,228,528
354,107,229,553
356,109,231,520
359,107,235,514
358,137,235,512
355,108,235,520
353,107,236,526
358,106,235,523
353,104,234,520
412,110,233,513
358,105,224,510
359,107,225,505
352,116,227,505
350,103,224,498
355,106,225,499
360,95,211,494
361,107,232,516
357,110,236,541
356,108,243,536
356,108,231,536
358,104,222,526
353,104,227,529
359,112,232,538
353,105,222,527
355,107,220,536
360,104,219,539
353,103,215,531
340,109,217,522
350,104,219,528
353,91,217,522
359,102,215,531
353,102,216,532
350,106,217,475
354,101,214,526
353,104,213,526
348,101,216,519
356,105,219,515
359,102,208,516
353,102,208,513
364,98,222,517
346,101,202,506
349,102,211,505
343,94,202,498
351,93,200,492
349,98,198,492
354,101,200,488
340,105,203,506
354,108,204,520
354,98,201,525
350,98,202,517
348,101,195,524
362,96,205,557
350,100,220,598
351,108,236,633
346,102,236,608
359,98,234,602
356,99,230,595
345,100,235,591
351,109,226,604
351,98,227,611
352,97,222,614
350,100,221,603
351,97,221,607
353,97,228,605
352,100,228,598
355,101,224,587
352,98,238,598
352,94,223,593
401,100,222,592
348,95,236,589
351,108,212,577
366,93,232,573
354,115,212,565
350,100,217,571
353,102,213,580
354,104,216,586
353,112,211,580
349,122,206,586
352,120,208,582
358,126,207,577
353,128,211,569
350,124,208,557
367,119,203,558
354,126,205,555
354,123,204,554
355,125,202,545
356,129,200,538
359,123,197,540
361,124,199,534
366,109,198,545
366,123,203,526
365,118,193,530
368,126,183,518
361,137,203,515
366,128,205,516
370,132,203,522
360,130,198,527
363,130,201,517
357,128,211,522
374,113,203,542
358,129,207,557
362,128,211,558
359,126,210,553
361,123,206,550
362,124,206,549
366,128,202,541
362,118,207,538
362,122,202,529
361,121,200,526
354,121,200,517
355,122,196,505
328,121,199,515
360,121,202,516
360,120,213,517
357,119,216,534
357,118,214,532
359,116,218,524
362,109,227,520
354,116,220,538
358,121,230,554
355,108,237,562
359,129,235,562
356,113,233,558
359,115,231,554
363,116,248,558
361,117,231,558
360,118,236,563
360,115,233,567
363,116,236,562
360,80,238,564
362,110,230,554
364,114,228,561
364,120,220,560
361,114,240,560
364,110,236,574
366,113,232,583
357,111,230,587
360,113,234,588
353,111,233,583
356,108,222,576
358,113,221,576
358,110,232,580
356,113,189,568
358,108,229,585
357,111,227,583
355,110,226,587
354,111,221,578
352,106,220,580
357,108,217,583
352,108,219,581
353,107,213,577
353,101,220,572
354,107,213,563
364,111,213,559
362,107,216,551
357,103,209,541
353,112,209,544
364,109,214,539
358,109,223,547
360,108,230,552
362,120,228,562
366,119,241,560
361,124,237,568
355,112,245,594
366,124,249,609
362,121,250,615
372,123,248,608
360,110,239,602
366,123,241,593
368,121,244,586
364,114,239,580
372,117,238,575
378,119,236,567
374,115,235,561
359,122,228,558
369,117,228,549
368,119,231,555
363,114,230,549
370,123,225,542
367,112,221,542
372,112,214,561
362,106,220,564
370,114,219,570
363,108,216,562
368,119,215,555
365,113,215,559
364,109,210,545
367,114,214,546
372,112,202,537
370,116,221,530
369,113,228,528
374,112,232,520
372,110,230,522
375,104,222,516
373,111,226,510
380,112,224,507
310,110,223,508
374,108,220,499
380,115,208,512
374,109,218,512
375,110,214,531
368,111,219,531
379,114,208,522
381,115,211,526
378,108,209,520
378,128,206,516
373,108,206,513
379,109,204,500
377,110,204,501
373,110,203,494
369,139,203,494
373,107,204,486
372,107,205,486
368,103,198,487
372,109,203,483
368,101,195,479
372,109,188,472
368,107,195,471
369,106,192,464
368,108,192,471
376,106,188,494
369,107,192,486
371,95,190,482
372,106,195,478
359,108,197,473
375,105,200,470
370,97,197,477
373,103,195,473
372,103,200,469
364,96,193,474
371,106,202,477
368,113,220,478
373,106,217,482
372,105,212,500
380,107,273,498
370,106,220,508
372,107,223,526
373,122,185,555
373,136,249,587
369,134,260,586
365,139,254,595
362,134,258,592
369,128,254,598
368,132,268,583
360,128,252,583
367,130,249,574
366,130,248,573
365,128,244,563
367,135,247,561
370,114,238,552
365,128,236,538
365,171,235,540
368,125,233,538
324,121,228,528
365,125,225,521
362,137,228,518
363,121,226,510
363,124,225,506
359,120,223,501
360,125,231,503
373,119,234,502
363,123,239,514
357,117,206,508
361,119,245,503
362,119,241,519
371,121,231,512
373,126,247,508
371,128,245,499
374,124,242,495
374,124,230,494
394,124,247,495
373,122,236,498
368,128,234,507
374,128,238,512
375,126,230,505
374,128,233,520
371,125,214,522
376,128,226,516
375,123,226,518
376,118,226,538
374,123,223,551
376,122,211,566
372,121,222,570
377,119,220,564
373,116,217,560
378,119,212,558
370,121,216,557
372,117,202,547
373,120,206,544
368,115,203,536
369,117,198,530
363,116,206,530
369,113,207,532
367,124,213,546
372,116,209,541
367,116,209,540
362,102,208,536
368,117,210,537
368,119,206,539
371,115,206,534
369,111,206,534
369,112,205,541
364,112,204,545
365,114,200,536
368,111,206,544
360,112,201,546
366,112,198,552
366,110,198,543
370,108,203,539
360,108,205,539
367,112,196,537
360,111,204,528
368,102,200,518
363,109,204,515
361,107,194,512
362,111,192,497
363,112,195,497
363,108,200,480
361,105,198,488
375,99,189,474
360,112,192,477
360,104,185,466
364,109,190,467
372,103,186,461
357,122,191,467
358,103,187,460
363,95,186,463
356,102,182,453
357,102,181,452
358,107,181,447
359,103,181,450
360,114,194,445
359,104,189,448
355,107,196,407
359,101,198,449
360,104,200,444
361,105,200,449
358,95,194,436
361,100,200,435
350,106,197,429
360,108,196,465
357,104,190,438
356,107,185,449
356,115,192,462
360,113,192,488
358,106,196,469
363,133,209,479
390,112,219,513
366,112,234,530
368,114,250,535
368,104,263,521
368,120,263,533
366,123,260,555
363,124,267,577
367,125,280,577
424,126,269,568
367,124,274,570
360,120,270,584
353,123,272,598
362,120,267,606
365,132,269,579
362,120,266,594
366,54,266,584
364,125,256,580
363,119,269,579
366,122,256,580
365,122,251,589
363,123,253,595
363,117,250,603
354,121,251,597
361,121,248,608
368,117,288,605
361,111,248,608
363,116,239,600
360,122,243,608
360,114,234,604
360,115,240,596
359,113,234,593
361,115,240,579
356,171,235,578
362,117,230,573
371,125,241,572
372,122,229,567
372,126,228,563
370,113,230,558
372,123,230,561
372,109,224,575
371,118,224,594
371,118,208,645
375,119,225,673
370,116,227,683
373,119,221,679
371,118,220,667
406,115,217,659
369,115,219,652
369,106,219,642
371,116,214,640
369,118,212,622
365,116,212,618
361,114,205,611
358,120,213,603
373,114,217,600
366,112,216,601
369,79,217,598
368,112,218,599
365,116,218,594
367,110,215,586
363,104,210,579
368,111,212,577
369,110,201,570
365,119,212,590
367,119,207,594
365,123,203,586
365,120,204,568
372,121,207,571
368,128,206,590
372,126,206,605
370,128,210,605
376,138,224,596
378,135,229,601
381,128,220,593
388,128,235,604
382,130,225,622
377,128,233,635
383,126,234,637
377,128,238,627
377,124,247,627
379,128,242,614
375,128,245,606
374,123,233,596
384,132,234,594
375,124,239,586
375,126,230,577
374,123,230,561
376,123,228,561
373,113,226,558
376,121,222,548
369,124,223,542
375,122,215,546
375,126,221,525
377,121,214,528
386,122,218,518
380,111,222,516
378,119,217,512
377,120,228,517
378,126,225,524
377,119,235,535
375,118,241,556
376,145,254,587
376,130,262,584
390,117,261,576
381,117,257,587
384,113,249,585
379,116,257,580
381,116,252,609
381,118,258,636
385,119,256,677
384,122,260,706
383,120,254,726
388,123,251,732
388,62,256,718
385,122,254,724
386,120,253,720
388,114,246,713
384,123,248,702
385,119,248,714
385,121,260,717
382,120,260,716
384,65,262,714
382,137,248,714
383,119,256,692
384,114,248,688
381,113,250,681
380,118,252,680
376,106,252,677
384,120,251,666
381,113,248,657
360,116,245,654
382,117,243,650
380,114,241,644
378,112,242,637
373,108,237,629
379,112,237,626
376,112,219,616
377,113,232,612
375,118,229,607
378,113,229,609
382,112,229,626
380,112,228,613
380,111,232,605
384,115,234,597
392,114,235,592
380,111,224,594
381,112,230,612
377,109,216,614
390,115,224,608
377,107,222,601
378,114,221,592
381,103,229,587
378,106,216,573
374,110,215,571
374,108,213,564
374,104,214,558
373,113,211,549
374,107,209,554
373,108,205,538
378,109,206,530
377,106,207,529
372,104,204,516
368,97,200,526
378,100,211,533
379,106,214,544
390,108,196,541
379,108,238,566
380,108,247,577
377,105,247,569
375,103,242,615
387,105,243,597
385,107,242,608
376,95,265,629
372,102,265,652
374,101,266,657
371,102,259,653
373,98,258,658
379,105,245,649
375,112,258,640
372,104,249,634
375,106,253,631
373,106,247,639
371,104,244,630
372,102,240,625
375,106,200,613
372,103,237,610
379,98,236,602
361,105,233,596
372,108,228,590
371,114,231,584
370,102,236,576
369,102,231,567
368,104,224,560
367,100,228,552
371,104,222,547
371,106,223,544
374,104,220,537
373,98,215,528
374,104,220,530
375,101,214,522
375,101,217,519
342,105,213,550
371,102,213,580
369,104,209,596
370,108,207,627
370,101,205,626
372,108,204,616
370,110,196,609
370,114,202,579
370,110,201,597
371,105,200,593
374,106,200,586
369,122,199,590
374,105,214,604
372,110,220,605
392,91,218,602
372,107,217,601
371,102,213,599
366,106,215,611
374,105,149,629
374,108,216,646
371,105,222,644
368,114,215,651
370,103,215,647
367,99,213,634
368,102,212,629
366,113,222,620
370,104,212,616
370,110,210,619
374,121,205,606
371,113,210,601
372,116,208,545
374,113,212,613
371,116,204,613
370,116,206,606
366,112,200,597
364,115,202,591
372,115,199,590
368,113,198,593
368,113,198,598
372,118,200,599
367,118,200,590
369,123,187,583
373,124,185,574
371,119,195,573
374,119,196,566
377,122,192,573
378,122,184,579
372,120,189,577
376,118,185,574
374,121,198,559
374,119,182,558
375,121,194,562
369,114,194,536
374,119,196,556
360,118,190,552
371,119,188,542
369,115,197,539
366,116,186,535
368,118,185,544
369,118,172,547
367,115,186,544
376,118,186,535
367,116,186,539
365,112,173,550
368,113,183,562
363,112,181,576
365,88,180,576
359,112,180,600
371,141,178,602
362,113,180,600
364,113,216,599
363,112,177,599
357,105,174,606
362,111,180,626
362,109,173,638
368,103,175,634
361,112,172,625
365,108,169,617
305,113,170,619
365,104,167,630
360,105,170,624
362,108,166,628
360,107,167,627
363,108,167,617
363,104,168,605
370,108,119,606
357,104,164,589
359,108,164,590
359,106,164,583
362,110,162,576
360,106,165,569
360,112,161,564
362,113,154,570
364,107,161,588
356,108,164,580
388,104,166,571
360,107,166,565
360,104,162,553
358,106,169,569
398,103,168,599
363,107,185,621
361,104,188,628
369,105,184,620
364,105,189,613
367,104,187,605
370,107,186,598
371,102,189,616
367,105,194,610
366,97,186,599
368,89,197,595
364,100,190,595
356,97,204,593
364,101,192,598
367,96,205,598
361,103,200,593
358,96,187,585
369,102,194,586
364,106,190,588
365,109,190,583
363,112,189,577
384,111,186,570
366,49,193,576
364,107,187,568
359,115,190,524
363,106,188,570
365,104,188,564
361,111,180,552
363,101,181,563
356,108,183,562
363,106,182,556
358,108,193,548
364,106,193,544
359,107,178,538
354,105,172,532
356,97,180,528
353,107,177,521
356,106,175,530
351,105,196,530
358,106,175,528
356,104,181,525
356,108,165,517
360,107,172,518
364,102,170,529
357,105,175,531
354,105,162,527
358,104,171,520
357,104,167,519
362,105,168,512
356,106,163,508
360,104,169,499
365,104,172,497
373,109,182,486
369,114,180,486
366,114,173,482
375,111,179,489
366,113,183,493
370,105,185,485
364,107,181,485
367,98,187,476
366,112,181,476
368,109,176,478
366,112,177,486
360,109,177,491
367,112,180,490
362,107,180,486
366,102,181,478
363,104,182,489
364,108,178,480
362,110,187,478
364,97,191,473
368,106,189,466
366,105,187,470
367,107,184,466
375,102,185,466
369,106,184,464
369,105,180,462
367,104,184,459
369,105,239,468
366,105,184,461
366,105,188,456
366,102,173,451
364,108,188,453
361,105,188,455
354,105,192,461
367,99,202,461
360,108,188,454
358,109,193,443
366,107,240,450
365,109,185,445
360,109,183,442
361,108,180,438
358,104,173,434
364,97,183,434
356,103,182,434
362,120,188,436
362,107,182,444
357,103,176,452
360,117,175,464
356,88,191,480
360,102,184,477
354,104,181,484
360,105,184,479
358,106,181,482
356,104,177,479
357,108,182,475
360,104,181,468
400,111,177,467
357,109,178,458
356,114,175,447
357,110,175,470
361,110,174,477
360,112,160,478
358,109,172,476
351,112,193,470
358,107,174,468
355,113,169,463
288,108,168,461
359,109,169,458
356,100,164,457
359,107,168,461
357,108,166,457
357,104,162,449
353,108,164,456
346,107,162,441
361,109,162,443
356,106,161,466
358,148,162,433
354,78,165,433
357,106,160,420
356,107,175,435
355,105,156,430
354,108,164,432
367,104,180,426
362,105,160,422
360,102,159,421
363,104,163,417
359,100,158,419
365,103,165,419
359,99,164,419
360,105,168,414
362,105,169,417
362,104,168,417
363,104,168,415
358,105,168,415
359,104,166,410
356,100,169,420
361,104,164,422
360,113,178,442
362,100,163,420
353,92,169,428
359,99,158,436
348,90,164,439
356,104,161,434
352,98,162,430
359,100,161,427
360,100,158,426
355,101,161,422
352,102,161,410
365,104,160,416
358,93,173,405
357,96,162,415
374,98,162,425
356,102,165,433
357,98,162,427
357,97,161,421
352,101,162,423
356,103,158,425
360,106,161,411
356,108,157,423
356,106,160,421
358,107,155,419
364,106,156,441
368,106,168,446
360,107,159,444
358,108,160,445
345,106,193,452
352,102,166,472
362,104,166,488
363,109,182,498
361,110,183,492
368,107,190,490
373,108,187,515
374,98,188,544
369,105,188,570
371,104,185,582
367,108,182,590
367,104,171,578
369,110,189,575
368,108,192,569
366,111,198,565
367,107,200,559
368,109,202,551
366,107,200,544
365,104,206,537
367,108,197,533
366,109,195,533
367,101,199,547
367,106,196,545
369,107,188,543
372,93,192,536
367,95,188,512
361,105,189,524
363,103,188,512
376,107,184,514
378,103,187,516
364,104,187,522
356,103,205,538
362,105,182,533
362,104,183,533
363,101,183,528
358,102,182,520
368,101,178,515
361,105,178,512
356,102,179,512
360,104,180,507
357,96,176,500
360,103,177,501
353,102,175,507
364,104,178,514
356,102,184,516
355,94,176,507
358,101,175,514
357,109,172,510
360,105,174,509
360,89,173,499
374,102,196,502
360,100,187,507
363,93,183,502
359,99,185,513
360,98,183,526
356,100,200,555
358,97,219,561
357,103,208,554
357,94,208,551
360,102,204,548
355,98,204,548
359,116,203,552
360,95,204,548
361,100,198,547
357,107,192,548
355,96,196,546
362,98,196,548
354,90,194,553
355,98,192,545
352,94,193,542
350,88,191,537
354,96,193,538
355,95,186,532
350,109,177,535
350,100,184,532
354,97,188,529
353,94,184,517
355,98,180,522
347,95,182,536
356,95,180,538
357,83,184,555
361,96,190,564
356,96,198,580
360,94,206,584
362,102,216,567
355,100,218,584
354,98,213,605
354,94,226,648
356,99,237,683
354,98,248,691
356,98,245,693
355,101,241,684
356,106,262,672
363,102,249,669
356,98,245,662
364,102,246,668
353,102,251,680
359,98,253,684
355,94,248,675
359,96,248,669
353,110,250,666
350,95,251,656
355,102,250,660
354,98,246,645
353,97,247,639
356,94,245,629
351,97,245,626
353,104,243,621
357,108,243,614
357,110,239,619
355,113,235,599
359,128,240,593
358,124,233,588
363,125,235,581
361,123,232,574
362,124,224,566
358,119,229,551
362,121,226,555
367,120,219,553
360,130,226,549
360,121,230,537
363,123,220,533
363,118,219,538
361,134,226,529
368,119,216,523
406,118,219,519
363,117,218,513
361,119,219,508
356,118,215,501
359,132,215,499
357,113,210,509
350,120,219,528
350,116,217,530
358,115,218,528
356,114,219,516
367,145,214,519
356,119,210,534
360,116,213,536
361,107,212,531
355,112,207,525
354,128,212,540
352,110,207,529
350,112,206,542
352,113,202,541
358,112,208,544
358,112,200,548
352,108,211,546
360,113,210,540
349,109,207,534
352,104,214,528
352,110,207,526
353,109,207,549
350,107,211,564
348,109,210,561
350,110,213,560
351,108,215,556
367,116,216,550
352,105,215,544
349,107,221,536
352,107,258,528
353,108,211,524
351,114,217,520
353,102,215,523
349,97,220,528
355,105,207,552
353,101,213,560
350,104,206,562
352,105,205,555
349,101,203,562
352,83,201,565
346,104,204,584
349,111,202,582
349,105,208,592
353,105,202,607
349,102,204,589
348,102,203,580
353,103,201,572
345,112,203,565
351,109,200,559
349,118,201,562
353,114,196,551
353,121,198,555
353,116,188,565
354,119,193,553
352,116,200,554
341,116,200,553
352,111,200,552
344,114,155,543
352,114,194,540
360,112,192,546
357,106,233,548
360,111,247,550
374,113,192,550
354,109,188,543
363,102,196,539
358,110,175,535
363,111,186,537
356,101,183,537
358,116,185,529
358,112,180,532
359,112,181,533
358,122,183,548
356,122,182,551
357,128,181,544
349,134,181,573
358,132,184,533
354,130,176,524
360,130,178,521
353,130,181,524
350,124,178,521
353,130,178,530
357,128,171,528
361,119,178,526
355,130,176,530
357,128,174,547
353,128,193,568
355,124,174,573
354,128,175,570
353,118,169,550
395,125,171,554
352,125,205,554
354,128,169,544
352,122,167,538
353,90,165,539
345,121,167,552
356,111,161,555
351,125,167,553
351,119,163,547
356,121,180,552
350,119,166,548
357,107,162,545
351,116,160,550
353,117,160,548
352,81,162,560
349,115,162,590
348,117,168,611
345,115,168,617
358,118,213,610
338,114,167,599
353,116,178,593
362,120,167,585
352,114,168,576
348,112,165,574
352,114,167,575
348,112,167,570
354,112,172,570
356,113,163,562
355,112,161,556
356,110,162,549
356,113,164,548
362,112,168,556
357,119,174,557
362,110,174,580
359,113,171,585
366,113,170,580
363,109,171,580
359,105,170,570
361,112,169,584
359,102,173,618
362,109,187,640
359,109,187,641
361,106,182,635
359,109,188,630
357,111,188,625
361,111,188,632
359,103,188,635
360,111,190,626
357,104,184,632
363,94,185,655
384,108,180,682
360,104,181,688
363,114,184,684
361,104,189,673
352,104,184,663
353,101,182,646
353,104,185,646
361,105,177,636
356,105,169,627
354,106,180,622
358,104,184,615
357,105,179,610
358,100,175,605
358,106,175,605
358,105,175,598
359,103,174,590
361,102,163,585
356,92,176,573
325,101,170,569
361,105,167,562
364,107,172,548
360,105,159,554
358,110,165,555
358,94,166,566
357,106,166,547
359,106,205,546
356,105,167,536
354,104,165,532
355,102,156,527
355,106,164,521
354,108,151,515
355,108,165,512
359,104,132,504
355,101,168,502
361,110,160,488
360,118,176,496
355,105,178,509
355,109,180,506
350,101,174,503
354,114,170,498
353,103,183,526
356,103,180,545
358,105,192,546
359,104,196,571
363,104,219,577
364,105,210,571
356,103,213,562
367,106,213,559
366,104,212,548
366,110,209,553
375,106,182,559
369,104,203,561
372,104,209,561
371,106,207,574
412,104,213,576
369,106,219,561
369,107,218,564
369,98,221,569
372,105,225,577
394,102,215,582
371,104,218,582
370,105,215,582
372,107,214,574
366,106,214,574
370,96,208,561
371,105,210,562
368,102,210,572
372,102,219,606
372,102,222,617
366,101,222,599
360,98,218,605
368,100,216,592
365,104,216,586
370,92,208,571
366,100,206,575
366,96,229,565
365,101,226,559
362,102,227,584
366,36,229,544
363,99,226,534
368,90,225,531
362,100,226,527
366,101,222,520
365,103,220,514
363,102,208,506
357,100,226,512
362,99,215,507
363,100,214,506
361,99,211,496
362,98,201,491
359,98,209,491
361,95,208,484
360,99,207,491
359,98,206,503
360,94,209,530
358,96,217,543
358,98,222,555
357,97,232,548
360,112,238,573
403,96,229,571
356,98,225,582
365,99,224,604
354,96,237,612
361,97,244,610
356,95,240,601
359,98,235,600
355,94,234,587
360,97,235,578
358,96,234,573
360,92,232,565
357,96,223,570
360,91,233,558
358,97,232,557
414,94,236,552
362,93,232,552
367,94,234,547
349,101,227,543
359,96,232,542
359,98,229,539
362,91,231,535
359,107,229,529
364,97,232,524
358,93,225,517
348,96,228,539
351,96,225,533
362,88,232,538
352,102,223,535
349,96,224,526
352,94,219,522
356,93,216,516
355,96,218,505
355,93,209,503
350,89,209,499
354,94,212,498
352,103,211,493
353,93,209,489
350,93,207,481
354,96,200,487
352,93,201,481
369,97,206,525
353,92,201,475
347,93,205,474
349,92,200,467
358,94,201,463
341,92,205,464
361,92,199,453
353,92,217,460
349,91,198,447
346,93,224,445
350,94,198,441
353,96,189,439
357,95,226,437
361,91,192,440
352,94,196,437
355,96,196,437
351,90,193,435
351,94,189,430
351,94,189,435
362,93,210,422
350,93,183,415
352,94,194,417
354,93,181,417
348,92,183,413
352,93,180,407
350,94,178,409
350,96,191,417
355,94,130,416
352,92,181,426
367,94,179,413
350,93,178,414
285,97,177,409
349,82,177,406
352,92,136,399
351,94,175,409
357,90,174,415
345,94,172,416
351,92,170,411
336,94,172,421
357,94,172,434
361,93,167,428
343,92,169,432
348,91,161,425
339,96,163,426
348,91,166,422
358,95,173,417
348,90,168,420
352,98,167,421
352,89,165,437
354,92,165,431
349,92,162,424
350,92,167,424
350,94,171,421
351,96,168,420
352,93,172,415
353,92,170,453
351,92,169,413
349,86,168,437
352,94,167,418
351,91,168,418
351,93,165,413
347,94,168,411
352,93,164,401
352,96,170,406
348,92,162,412
351,90,168,412
348,94,175,429
350,90,179,430
345,92,182,430
335,92,181,436
349,94,181,435
354,92,177,432
351,110,178,432
351,91,184,428
350,94,184,424
349,92,179,424
350,95,179,425
349,92,179,426
351,91,190,422
361,93,177,423
355,89,173,420
356,94,174,417
353,90,163,419
354,89,172,433
352,85,171,438
355,90,173,441
351,96,172,446
358,96,174,466
351,98,188,471
357,108,180,471
357,93,184,492
356,94,181,507
357,96,194,501
352,98,178,498
355,95,177,506
352,94,178,512
352,97,178,506
351,88,183,501
354,93,181,508
353,95,182,522
336,91,182,525
362,93,183,523
349,94,182,519
370,94,182,520
354,95,183,514
353,94,176,512
355,93,186,516
366,85,176,512
352,101,178,507
350,95,191,517
353,96,176,505
355,102,175,459
357,100,171,504
350,100,174,506
346,107,178,505
346,109,181,508
351,105,177,500
352,106,175,509
349,104,190,512
352,105,174,505
353,105,177,504
352,102,167,502
350,104,169,493
352,104,179,489
351,121,172,489
349,101,169,489
356,106,222,488
352,103,169,491
355,106,178,493
350,103,164,490
353,101,168,493
348,102,162,496
351,100,163,488
354,89,165,488
350,100,164,478
349,101,165,475
349,102,159,473
350,104,164,479
347,101,162,456
353,101,164,481
342,99,170,479
352,100,160,476
355,102,168,495
352,106,161,503
352,104,168,494
350,97,165,488
353,100,166,487
360,99,165,485
353,100,166,486
347,96,178,495
354,100,164,489
356,100,165,501
354,100,149,505
354,100,164,497
353,93,161,516
357,97,162,515
358,97,160,514
376,97,158,525
356,96,162,529
361,96,171,522
356,97,161,517
360,100,160,503
360,99,163,512
359,100,157,506
360,87,158,504
359,96,156,499
362,96,152,493
332,98,158,488
360,98,156,485
359,99,157,485
360,95,155,469
360,100,151,474
362,97,168,479
366,97,156,487
379,100,156,486
365,94,161,482
362,97,160,479
363,97,154,473
359,96,155,472
362,97,148,465
361,97,154,465
361,57,153,458
361,96,149,457
357,94,153,466
363,96,154,479
355,96,165,481
388,98,156,482
358,100,164,476
345,95,160,475
359,97,157,486
356,91,153,482
358,92,153,484
349,95,156,499
354,95,162,508
355,95,155,514
350,97,152,501
359,95,152,502
354,93,150,494
353,96,150,493
351,107,144,484
352,89,156,483
352,94,154,480
347,93,160,474
352,89,161,476
352,96,161,476
354,94,160,479
355,88,160,472
356,95,158,476
357,93,153,472
357,85,157,473
355,87,154,465
359,90,157,458
353,95,158,463
352,92,154,460
354,95,160,453
354,89,157,449
357,87,175,439
356,100,156,442
358,101,152,439
360,104,156,434
360,98,155,432
361,101,156,429
356,101,150,428
357,106,155,426
369,99,154,426
360,101,148,425
357,102,150,423
362,102,147,421
346,102,151,419
360,102,152,413
359,102,148,414
348,106,147,415
358,101,154,421
356,100,156,421
357,102,148,420
343,104,139,420
358,101,147,429
356,98,145,427
364,100,142,432
355,99,145,426
362,97,138,428
359,101,144,427
360,99,147,429
358,104,160,426
362,103,160,423
351,119,158,417
360,100,160,415
360,108,160,418
358,108,160,409
358,112,159,353
358,107,158,405
356,103,160,400
352,112,152,399
356,106,153,398
362,110,158,398
357,106,154,398
369,108,154,394
359,105,155,400
362,111,155,407
359,106,141,407
359,104,151,403
364,107,154,403
355,103,168,409
361,107,148,407
343,104,154,406
361,104,154,403
359,105,152,401
364,88,155,402
360,103,155,400
348,99,154,394
358,103,153,394
351,115,158,391
356,104,153,391
355,103,146,385
336,104,155,385
355,101,153,386
365,98,149,385
356,102,152,384
346,165,152,387
354,103,152,391
355,101,153,394
359,100,156,405
353,98,161,406
351,103,148,404
320,102,158,403
349,99,155,397
355,99,162,398
367,92,167,395
344,99,155,394
353,98,156,394
347,101,154,393
353,96,155,398
352,102,150,396
341,99,155,393
352,103,154,388
356,101,155,392
334,100,152,398
353,122,152,409
354,97,152,412
341,76,152,407
352,100,157,406
355,99,156,400
355,85,165,406
351,96,155,401
351,95,157,409
349,90,155,396
353,99,156,398
354,96,156,394
356,110,157,392
354,106,149,396
353,105,157,411
358,98,150,422
358,102,157,436
364,110,160,441
364,114,157,443
368,118,156,427
364,125,155,440
363,129,152,448
363,131,156,466
366,130,166,483
367,132,163,490
367,126,161,483
362,125,163,481
354,120,150,478
362,128,162,473
362,130,161,468
374,134,165,464
361,129,165,464
364,128,166,455
361,126,167,464
365,120,168,457
360,120,171,459
360,121,167,456
360,139,169,458
362,120,169,465
360,122,170,458
355,128,170,455
360,113,169,433
344,125,168,446
357,116,169,442
360,116,182,444
355,115,163,439
353,119,166,442
353,120,161,439
356,121,160,441
354,116,164,442
354,118,162,445
347,116,164,448
359,115,159,441
356,122,152,439
351,116,158,435
362,119,163,448
358,116,163,466
360,118,165,472
354,118,165,465
358,116,163,461
357,114,163,459
365,113,156,454
359,114,166,452
302,112,161,440
359,117,163,443
359,105,167,449
354,117,166,450
357,116,164,456
360,107,157,453
355,121,164,451
356,69,158,446
358,106,162,461
365,99,163,475
356,111,161,487
360,108,158,484
356,108,156,488
353,106,164,491
360,111,161,487
362,105,161,483
352,106,162,480
352,110,164,505
356,106,162,531
359,108,164,545
363,107,165,555
358,106,171,543
362,99,170,538
366,105,172,533
360,104,163,570
362,103,178,592
348,109,182,608
367,105,178,620
363,108,176,627
359,104,178,616
358,106,176,612
349,104,177,604
358,105,178,606
348,128,183,600
355,99,184,595
357,141,190,602
354,101,193,602
358,103,201,600
362,105,133,597
360,100,197,601
356,98,189,593
359,120,196,586
358,92,194,579
351,99,192,571
352,114,182,568
360,100,179,559
360,103,192,557
359,100,187,559
361,101,188,552
358,102,186,555
361,101,186,554
354,103,183,558
358,101,181,568
357,110,173,535
358,101,184,534
409,105,188,532
353,112,177,501
358,109,178,521
351,108,180,517
358,107,171,519
355,106,185,522
357,107,181,525
357,106,184,520
357,104,181,515
356,107,182,517
360,104,180,515
380,135,177,503
362,108,174,501
363,104,179,495
366,96,180,492
358,93,176,486
363,105,176,487
363,102,167,483
371,105,165,488
361,103,173,491
369,103,177,492
357,100,184,492
364,104,180,489
361,103,183,494
364,102,179,483
355,99,181,480
362,92,176,479
362,104,179,479
360,98,174,476
362,102,173,471
359,99,175,469
363,101,176,461
360,103,171,460
364,101,203,457
360,102,175,453
363,102,172,454
362,97,178,472
358,99,184,494
364,102,183,498
360,101,178,496
359,98,181,497
355,96,181,500
358,102,174,498
357,100,183,498
357,99,172,493
356,101,175,489
353,96,172,496
352,98,180,496
352,102,181,510
350,102,179,518
345,98,185,519
354,102,185,512
346,98,192,512
353,96,182,514
406,100,187,521
353,97,190,539
353,97,193,552
357,98,195,549
359,97,191,541
345,97,200,553
352,95,192,580
342,97,194,586
357,97,190,589
358,97,200,572
346,91,183,588
352,90,184,584
350,96,186,583
353,96,185,576
350,99,187,569
350,91,184,567
350,93,189,568
353,96,174,558
352,94,184,552
349,96,181,549
352,93,179,538
347,100,176,538
349,92,178,535
348,93,177,530
355,29,176,525
352,96,175,522
348,94,174,515
350,96,174,512
359,93,174,504
349,96,170,498
346,94,169,497
349,93,163,486
349,94,169,485
347,84,165,478
348,96,171,481
350,101,182,492
351,94,192,506
354,94,212,533
357,95,252,564
355,100,232,580
359,105,228,574
384,102,227,598
357,100,235,615
344,102,240,641
360,99,240,638
363,93,235,658
362,96,240,661
361,104,238,665
360,98,237,661
358,98,233,669
361,113,241,651
362,100,236,645
360,103,240,636
360,100,240,631
359,100,240,628
360,110,233,617
370,100,240,609
362,100,236,602
360,99,239,596
359,100,224,592
362,92,230,595
360,100,238,585
359,85,228,573
362,97,226,568
372,100,224,557
366,98,226,555
359,98,218,550
360,98,217,544
367,97,222,540
370,97,252,534
364,98,221,529
363,96,215,526
362,100,214,529
362,83,211,538
363,102,210,530
359,98,210,523
363,102,207,499
365,96,208,517
362,103,206,510
361,99,209,506
362,101,207,474
366,106,200,503
361,96,205,492
358,97,197,493
358,90,206,506
362,97,207,507
356,94,219,503
356,96,216,496
351,96,206,503
352,97,211,507
359,101,208,506
357,95,210,505
361,98,212,500
362,93,215,503
366,96,224,502
366,97,221,512
366,94,225,506
361,98,220,534
366,93,220,558
366,97,229,580
361,93,232,593
365,91,243,614
356,94,248,622
366,95,248,614
362,80,253,607
336,95,247,605
365,88,247,598
364,91,243,589
364,100,238,577
368,87,246,573
366,82,238,569
360,96,239,553
366,94,231,552
361,98,231,550
360,98,222,537
363,95,231,535
362,94,224,529
376,126,229,524
362,94,227,516
361,112,210,512
361,94,224,507
363,93,219,503
361,89,225,500
369,92,206,491
361,93,218,487
358,92,214,473
366,96,212,479
360,91,210,471
362,99,209,467
364,92,206,460
372,94,208,459
361,92,205,463
363,88,208,460
365,95,164,452
359,93,200,449
366,94,204,455
365,92,202,455
359,82,201,459
356,92,200,464
361,92,200,460
344,91,203,459
350,90,198,461
357,89,192,457
365,90,193,467
359,80,201,476
358,94,194,494
359,92,191,492
355,92,188,494
361,97,191,489
358,90,189,493
361,96,188,493
360,100,184,489
358,101,186,484
360,93,188,480
359,85,192,474
358,98,184,470
358,97,183,468
356,95,181,462
356,97,196,459
321,98,178,453
361,96,179,448
360,96,173,444
361,98,185,449
360,100,182,459
364,93,182,453
366,100,177,456
376,95,177,451
362,96,184,451
363,95,182,455
358,94,181,456
359,93,176,460
362,99,181,458
362,86,175,456
364,97,178,450
359,97,171,455
363,96,176,449
361,90,178,462
362,91,175,475
361,92,179,456
362,92,173,471
358,88,175,468
364,90,172,458
365,95,175,462
357,94,170,460
364,91,174,456
362,93,172,453
364,92,165,449
366,85,173,451
367,92,167,451
358,91,171,441
358,94,163,437
360,94,165,433
361,93,157,430
366,84,163,426
364,96,163,428
369,91,163,436
368,94,168,436
370,92,164,438
370,93,170,448
370,91,174,464
363,94,174,464
363,92,172,460
366,90,175,462
366,91,173,457
365,91,171,450
355,97,171,454
365,88,166,450
363,92,170,441
364,89,166,446
376,92,168,459
360,92,169,474
365,94,171,484
360,93,168,493
359,91,162,490
361,93,167,488
363,86,162,481
359,94,167,476
360,87,164,472
369,92,163,468
360,89,165,463
362,88,164,462
360,91,164,481
360,90,161,492
364,91,164,491
358,90,156,488
351,94,151,483
359,88,160,477
360,90,154,479
350,88,113,482
356,90,153,470
353,91,157,472
356,84,158,467
357,94,158,472
358,77,154,466
360,96,157,460
356,94,162,462
362,97,172,465
358,95,173,462
359,96,170,455
359,82,174,456
358,93,167,449
359,96,176,465
356,90,184,477
352,91,189,481
355,92,196,504
358,91,194,517
356,94,186,514
379,94,190,506
355,92,192,508
349,102,190,512
357,97,195,513
356,93,190,514
361,97,192,512
355,90,191,520
351,93,188,512
356,93,186,506
352,94,179,496
349,93,188,497
355,92,192,495
353,94,200,516
353,94,201,532
355,98,205,527
353,102,203,522
352,104,203,521
349,106,201,512
357,105,199,507
350,96,198,502
355,107,192,493
354,107,204,505
356,103,198,507
356,110,194,506
357,107,172,501
357,105,192,494
355,104,179,496
354,105,189,491
351,92,192,484
352,102,185,491
352,91,187,494
351,45,183,492
353,104,185,488
352,103,179,485
352,100,177,480
359,90,184,474
357,102,178,476
358,100,176,471
360,93,174,470
357,104,174,466
356,113,166,456
355,104,185,460
353,99,166,465
354,102,176,465
352,98,173,465
357,99,175,460
345,97,174,458
354,92,177,448
365,102,171,448
349,99,168,444
352,101,172,443
353,100,165,449
353,101,172,472
352,101,165,497
352,101,182,516
350,77,183,532
354,97,185,531
356,97,182,568
349,103,182,598
349,102,186,606
370,97,184,607
345,98,186,606
346,96,189,626
352,88,190,620
284,98,188,612
348,100,189,601
345,97,186,594
347,96,188,587
350,95,186,581
346,95,204,576
352,99,184,564
346,96,186,557
354,97,186,554
352,93,188,550
351,99,168,536
351,98,183,534
354,89,188,528
353,96,181,520
351,81,176,514
350,98,186,509
349,91,192,494
345,96,174,497
347,94,172,491
349,98,169,492
352,99,176,489
360,86,171,484
352,99,174,485
350,90,170,482
351,96,130,474
350,96,173,474
353,94,173,469
356,96,118,474
362,96,170,471
349,99,171,475
352,94,173,472
354,99,168,473
348,105,165,467
353,86,174,460
349,92,173,471
357,96,177,466
349,92,183,464
350,94,188,459
350,96,176,486
353,84,194,523
354,99,207,542
408,95,207,546
356,96,210,554
354,95,208,553
356,96,205,545
345,101,206,541
354,94,205,532
355,97,204,528
356,95,202,519
365,93,201,510
354,92,197,512
351,95,196,513
354,97,197,507
361,94,193,500
340,93,193,485
354,144,192,488
353,96,194,485
320,95,188,484
355,97,190,476
365,93,154,467
358,107,193,466
350,97,183,462
350,115,184,456
352,103,186,456
353,105,182,451
350,103,182,449
351,90,185,443
350,104,187,444
350,100,179,435
353,96,181,431
350,102,183,436
354,105,178,433
350,102,180,437
350,99,168,430
350,102,180,430
348,102,176,422
350,102,175,419
352,102,174,417
354,105,174,415
353,93,177,416
369,107,174,410
365,102,176,413
357,101,169,405
357,103,177,403
324,100,173,406
357,104,177,400
358,95,170,397
357,96,189,417
352,99,171,421
325,100,170,438
352,100,174,439
353,98,168,435
352,96,174,437
355,99,167,437
354,102,162,440
352,156,167,443
354,94,162,448
351,97,168,444
353,88,168,452
353,100,165,451
359,98,132,444
353,97,162,442
354,95,160,446
352,98,162,453
352,104,152,461
358,104,160,471
352,98,164,474
356,106,160,465
355,100,157,469
371,93,165,477
354,96,156,476
356,93,159,473
368,95,167,469
356,94,163,462
358,96,158,470
357,96,163,458
360,64,162,475
358,97,162,473
362,97,161,465
354,95,160,463
358,96,158,459
353,98,146,454
356,97,157,453
358,97,122,453
354,97,158,450
357,97,150,444
353,91,158,439
357,96,154,436
356,108,154,434
352,88,154,429
361,96,211,431
354,93,154,422
354,94,154,424
357,93,135,419
357,94,155,416
353,99,151,449
339,100,168,468
352,97,186,488
353,98,201,522
354,99,226,545
355,102,219,540
356,96,224,552
353,98,239,610
355,96,242,649
352,97,269,678
358,94,278,694
360,97,285,700
361,92,288,698
361,99,288,689
363,97,289,681
366,101,285,672
408,96,281,661
363,96,277,651
365,100,274,644
368,92,316,635
364,94,266,625
364,92,262,620
354,100,266,617
365,93,264,610
353,94,262,606
360,87,256,598
375,100,256,592
359,100,256,586
364,92,256,576
362,93,264,571
359,96,248,568
361,97,249,561
362,96,248,558
363,89,244,560
360,93,243,545
361,99,240,545
378,96,235,536
362,98,200,525
361,99,240,528
363,96,244,527
359,100,249,525
360,100,235,528
362,103,247,516
351,106,252,507
358,102,254,508
359,101,256,497
363,99,251,508
367,105,250,515
352,97,256,503
353,94,250,533
356,94,253,549
360,100,256,588
361,98,257,595
353,101,256,592
357,98,257,589
329,99,256,585
358,102,253,588
355,96,248,571
354,97,248,577
353,92,239,571
351,100,241,562
352,98,241,558
366,97,239,557
352,99,239,547
356,97,227,546
417,99,236,536
358,97,231,528
358,99,232,523
358,98,229,513
357,60,232,515
352,97,236,512
357,97,235,514
349,99,234,500
359,97,231,495
357,96,230,491
355,90,228,489
356,97,231,485
356,96,231,481
358,98,232,480
361,93,226,479
360,98,235,475
360,96,214,479
358,96,223,488
363,82,229,488
360,94,217,480
360,97,218,493
360,98,206,495
369,98,214,494
364,93,210,493
351,94,212,497
376,93,222,501
366,93,207,494
366,96,210,503
364,118,208,515
363,92,209,514
364,92,208,507
362,94,202,501
360,93,200,499
363,94,201,491
361,93,200,488
355,97,199,491
356,92,206,493
359,96,225,482
362,92,217,484
349,97,221,491
363,95,222,498
354,95,222,497
360,94,219,497
358,90,227,494
359,92,220,490
359,97,219,483
363,93,220,477
379,93,216,475
362,91,215,482
363,93,215,491
413,90,216,489
364,93,217,486
360,95,216,483
362,93,210,479
362,95,211,482
355,89,205,493
363,96,209,497
363,89,204,492
364,94,196,487
362,95,202,485
365,92,199,489
361,162,200,494
362,88,198,495
360,93,197,490
377,90,194,488
363,97,194,481
361,84,200,481
357,96,195,477
357,91,194,479
366,96,201,475
360,105,204,477
363,103,210,493
366,93,201,478
363,90,195,491
364,97,199,493
364,99,196,490
364,113,198,482
361,113,205,490
364,115,197,477
361,112,196,493
365,111,202,495
364,113,202,493
366,104,203,476
366,115,203,480
365,118,199,479
371,126,201,473
374,112,196,472
376,110,184,466
365,109,198,460
374,108,194,456
376,111,195,454
368,106,191,450
375,119,193,456
373,110,193,460
374,108,192,456
373,106,191,454
364,112,189,455
396,109,189,454
371,105,188,447
366,107,186,444
363,102,139,435
368,106,183,441
367,104,221,440
367,105,182,437
372,105,193,427
368,108,183,438
368,111,179,425
425,95,176,434
366,106,179,441
369,91,176,441
371,106,181,438
371,103,180,432
373,103,186,430
371,94,192,443
378,105,170,444
369,97,196,445
372,118,194,441
372,113,194,450
372,104,192,448
374,108,193,449
371,105,194,448
378,93,196,447
369,104,189,444
363,106,193,445
370,102,192,451
370,101,186,446
369,105,188,445
366,101,200,445
409,106,188,447
369,101,186,454
369,106,180,459
368,104,185,460
370,104,183,458
367,99,182,451
368,102,181,469
359,104,187,506
360,108,189,526
365,117,195,530
366,99,188,521
365,111,188,517
365,110,186,513
364,110,185,512
362,128,186,502
366,107,181,497
360,109,185,502
364,102,182,487
367,108,181,489
364,107,178,481
363,110,178,473
365,110,181,474
362,107,174,471
362,108,176,466
358,104,172,461
366,105,177,467
363,104,173,481
364,104,177,482
367,101,175,476
365,107,177,471
361,105,187,470
360,96,171,463
360,104,180,459
363,113,184,458
362,105,181,465
367,104,178,463
369,106,179,458
361,100,180,455
369,106,237,466
366,104,183,469
366,101,192,468
361,100,183,459
366,105,174,454
364,102,178,450
363,99,187,462
353,107,181,462
366,100,186,459
362,101,183,461
359,100,185,466
368,95,183,469
359,103,183,465
359,95,183,460
361,102,172,458
362,98,181,456
366,98,172,448
365,98,182,463
368,97,178,477
368,96,177,469
368,104,176,461
366,98,173,459
368,101,171,457
369,99,169,457
382,97,163,449
363,100,169,442
353,100,171,442
366,104,167,439
362,105,172,441
365,104,168,442
363,101,169,444
375,109,194,440
360,106,175,440
364,100,175,435
368,104,176,432
364,98,173,436
379,103,173,430
364,102,171,443
369,107,178,430
364,108,172,429
367,84,169,424
358,112,178,421
364,107,184,416
364,114,167,419
362,107,168,422
380,104,164,422
355,105,170,421
356,102,171,424
359,108,164,424
360,105,165,409
362,97,161,418
360,101,161,423
352,106,164,431
359,104,161,434
357,106,154,436
358,103,159,432
361,114,153,427
354,102,175,428
360,103,153,422
358,104,158,427
363,94,156,419
363,102,157,416
361,100,154,411
368,104,156,423
358,93,152,423
367,99,150,432
357,105,152,427
359,95,156,432
365,103,157,441
364,100,155,433
364,102,164,433
369,96,152,432
360,103,156,434
358,100,162,432
361,103,162,433
359,100,162,435
359,102,156,436
358,103,160,443
358,103,163,445
360,92,160,455
355,100,160,492
358,101,164,496
356,100,166,498
358,89,166,496
355,102,165,495
361,101,222,491
358,120,165,489
357,98,161,490
362,99,161,484
356,98,163,482
360,94,161,477
357,99,158,478
360,96,158,477
357,92,160,475
360,90,158,459
370,88,160,466
357,99,152,467
362,110,164,474
356,100,161,485
356,102,165,492
359,99,165,522
360,99,165,545
351,108,176,549
358,98,182,543
359,99,181,554
358,99,182,573
362,99,185,600
355,95,189,636
358,98,206,654
356,93,227,659
358,96,208,654
358,101,214,653
360,95,208,643
360,94,222,636
365,94,208,632
364,97,208,625
381,99,202,615
365,93,208,608
361,93,202,602
363,94,201,608
358,93,199,602
363,92,200,593
364,99,192,590
354,95,201,583
360,96,197,576
360,94,194,570
354,105,192,561
362,93,190,556
359,97,192,551
359,99,192,564
362,100,188,561
360,104,189,559
356,106,182,556
361,106,186,561
352,106,185,562
362,114,190,569
356,104,192,567
361,111,193,565
359,132,202,566
363,106,209,558
360,117,201,569
360,103,189,582
356,106,215,597
360,103,212,600
360,105,214,597
361,106,202,590
360,108,210,582
359,107,196,576
363,107,217,568
357,107,209,566
357,106,203,558
356,109,206,555
356,96,200,545
358,104,205,552
358,104,206,562
317,108,210,569
355,103,214,574
355,104,210,558
354,106,208,553
351,111,215,547
357,107,208,539
355,104,205,542
360,104,205,545
354,107,199,529
356,104,202,520
352,101,206,520
360,103,197,515
353,105,199,508
354,101,196,498
356,85,196,499
355,100,192,496
356,105,194,493
355,105,197,490
356,103,189,488
356,102,193,482
358,104,198,477
351,103,203,486
358,100,203,490
351,101,205,491
355,106,209,496
359,110,214,512
362,107,224,521
354,110,235,526
354,112,228,513
362,103,230,517
357,108,231,513
358,104,227,512
356,107,226,496
355,103,223,497
352,104,224,497
355,104,226,487
354,116,225,486
360,124,229,481
362,129,221,476
365,122,224,480
361,129,218,487
364,133,217,484
370,131,221,502
365,129,225,478
361,130,224,477
364,129,222,482
359,128,219,486
367,138,211,479
367,128,220,477
368,126,212,470
369,123,214,467
368,130,214,466
369,129,215,467
366,133,219,474
371,131,221,477
365,129,219,477
361,136,209,467
365,130,236,473
365,125,218,469
366,128,219,465
364,128,223,464
362,132,221,458
366,126,226,458
367,125,231,456
358,125,229,452
387,125,226,450
359,128,226,454
365,126,225,448
365,184,227,458
362,121,226,475
364,128,228,494
362,102,229,503
365,124,229,498
360,122,239,507
361,121,243,518
362,123,250,528
355,124,252,530
362,122,272,536
360,130,260,529
360,118,257,523
354,135,238,524
362,117,251,520
362,120,208,514
360,119,249,520
360,120,244,533
364,108,247,548
358,117,246,544
357,101,244,558
353,110,238,573
361,117,235,577
358,115,234,580
356,115,232,565
356,74,232,565
355,112,228,560
356,112,225,555
356,116,224,553
358,124,222,547
357,115,222,545
358,111,222,542
363,114,217,533
356,113,220,532
355,114,212,519
354,113,217,518
356,96,209,507
357,111,208,505
362,111,209,504
360,105,209,501
361,111,212,495
365,108,203,493
361,163,204,487
359,108,196,485
357,111,204,486
364,108,204,485
362,111,199,495
361,110,199,493
363,110,200,495
366,108,200,490
360,109,193,504
376,107,197,498
360,106,196,501
356,109,190,509
360,105,193,517
361,110,198,518
361,111,195,530
360,121,194,508
358,108,195,502
361,124,200,499
356,124,197,495
358,128,192,487
357,129,194,485
362,125,246,483
359,128,192,480
360,155,192,481
364,126,192,476
358,125,190,477
366,124,191,468
358,126,193,464
360,131,188,458
358,122,188,457
352,116,187,454
357,123,198,452
354,123,193,438
365,111,192,442
356,121,190,446
363,116,189,454
355,116,192,462
360,112,208,466
355,120,196,477
357,115,196,481
365,117,201,469
354,115,196,478
354,130,201,426
353,116,204,488
349,110,214,504
354,112,219,517
356,113,217,518
356,114,216,510
357,116,212,515
361,118,226,525
358,118,212,532
358,121,211,529
356,118,209,525
359,117,206,516
356,116,198,519
355,116,200,520
355,115,209,518
354,94,208,519
354,111,210,516
354,112,209,522
354,115,209,525
348,113,208,518
360,112,207,513
357,118,205,512
357,110,204,506
358,115,210,501
357,113,201,494
360,119,200,487
358,109,213,487
360,113,195,479
358,113,196,476
354,115,209,470
358,113,196,475
331,115,196,482
356,118,192,485
351,114,197,481
360,114,193,475
364,112,189,464
361,144,189,475
358,112,192,496
362,115,194,514
355,117,200,512
354,105,202,481
358,113,202,520
359,110,199,555
358,108,211,562
360,107,198,572
361,108,201,567
357,108,202,571
358,108,190,583
359,106,196,592
361,105,200,587
354,112,207,573
369,110,195,578
362,105,201,571
356,112,189,585
365,114,202,585
347,105,237,589
364,109,196,599
365,107,196,591
364,106,184,584
363,110,196,582
361,113,196,576
362,118,190,574
358,118,193,572
362,131,193,564
361,122,194,563
361,122,185,560
360,119,187,555
362,120,189,546
359,124,185,540
359,166,186,545
356,117,187,558
361,116,193,553
360,109,184,548
359,116,183,544
362,101,183,552
353,114,182,546
356,115,180,540
358,118,182,537
356,115,179,526
360,184,180,539
358,121,176,544
355,112,179,533
359,113,177,555
364,112,177,550
359,113,178,565
358,112,187,579
352,112,191,593
358,113,189,590
360,113,190,587
357,111,196,587
348,114,189,589
356,114,190,584
363,112,193,582
352,112,188,576
351,106,192,574
354,102,195,588
356,110,195,578
357,122,192,562
358,107,192,569
358,108,194,565
351,110,198,565
359,107,192,557
354,107,187,551
355,107,189,549
354,111,198,537
354,107,187,549
357,109,192,574
357,94,187,586
354,107,185,587
353,106,183,592
357,71,185,588
353,101,187,625
360,105,180,643
355,102,185,636
358,110,181,632
359,107,183,622
354,100,181,604
358,104,182,601
353,105,186,596
355,106,193,590
354,102,194,585
355,108,190,576
355,112,191,573
355,105,192,572
350,117,189,574
355,122,192,579
363,117,190,571
352,116,190,569
358,114,192,566
352,118,188,568
354,115,186,557
346,141,181,558
363,114,188,549
364,117,185,542
361,111,181,537
360,119,185,520
359,110,181,526
359,111,180,517
357,107,189,517
359,109,181,506
356,106,182,501
355,111,180,496
354,113,182,495
362,96,178,492
360,110,174,490
347,105,175,483
359,112,174,487
354,113,173,484
359,120,171,484
358,122,162,492
360,118,169,506
357,120,171,498
360,117,171,497
364,118,169,492
364,117,169,491
364,117,167,484
360,117,164,476
364,110,165,479
363,116,168,468
369,117,164,461
365,117,164,464
364,114,164,466
366,117,164,476
363,112,166,480
369,141,166,500
362,111,166,506
361,114,167,505
359,99,164,525
363,110,172,516
365,105,176,512
362,110,169,506
364,108,168,522
362,110,171,510
362,112,168,509
357,122,168,505
356,122,165,499
358,109,171,500
359,106,164,495
365,100,176,494
358,108,168,500
363,104,162,510
360,117,170,515
361,106,167,514
357,108,171,506
360,106,168,503
362,114,161,497
361,104,167,495
361,108,169,488
364,106,165,507
363,106,167,508
366,109,156,506
364,104,166,512
360,111,168,468
365,104,165,519
363,106,163,515
357,103,155,506
361,116,165,525
359,102,168,551
381,106,173,569
358,106,176,585
364,71,182,580
360,103,184,576
350,104,180,568
359,105,180,570
361,105,177,561
362,94,178,558
358,100,177,558
367,101,174,553
357,99,176,548
345,107,177,540
357,101,176,539
359,106,173,533
361,108,172,544
359,100,187,540
419,100,172,534
362,101,169,531
362,104,182,536
370,104,168,538
363,108,170,532
355,125,177,529
362,112,174,527
359,130,176,522
361,108,171,533
360,112,183,557
396,107,192,566
361,111,199,561
354,109,206,562
361,106,210,547
350,120,209,547
360,108,210,540
358,108,208,532
359,108,200,526
358,111,206,522
359,113,200,516
361,118,200,509
357,110,199,508
363,117,197,504
355,116,197,501
360,116,192,501
361,118,197,507
364,109,200,503
359,123,197,499
364,102,203,492
361,114,194,484
350,119,198,505
364,114,174,490
362,113,203,501
363,108,199,494
325,115,197,507
361,112,198,505
361,114,204,501
361,105,204,498
361,111,159,500
356,114,203,501
365,112,199,496
361,110,195,493
367,109,196,493
360,111,196,504
360,105,194,506
364,102,197,507
358,105,192,502
361,95,195,495
357,109,192,491
359,109,190,491
357,106,192,486
364,105,187,488
365,100,190,478
362,104,187,478
365,106,185,469
362,108,188,470
367,108,185,466
384,106,185,463
367,105,183,463
373,88,184,459
365,105,177,452
366,108,181,456
368,110,167,458
364,111,181,460
364,106,179,468
362,108,177,456
359,103,178,447
370,106,177,443
364,105,184,442
367,102,179,440
364,106,180,436
364,104,178,436
364,106,179,431
364,103,164,432
357,107,177,426
363,103,175,429
364,117,176,445
365,148,174,444
360,104,176,447
360,102,178,450
373,90,176,448
364,111,178,445
365,100,176,445
368,105,171,444
362,100,176,439
379,102,173,441
361,99,174,439
365,94,169,429
362,100,169,434
353,103,169,433
363,103,172,430
361,100,168,434
362,104,164,432
359,95,168,428
361,103,164,419
372,97,169,423
360,95,163,418
355,105,167,413
356,95,178,421
361,97,160,429
359,98,165,443
359,106,168,467
354,105,183,479
356,128,189,477
356,133,188,481
370,129,181,470
359,132,182,469
360,129,180,468
359,129,183,471
360,77,176,467
362,131,181,464
360,128,194,475
363,129,193,475
362,128,195,476
361,123,211,476
358,125,197,489
362,111,195,496
356,125,195,495
362,121,196,503
356,113,200,500
357,121,208,526
355,119,204,538
357,119,211,548
362,119,201,551
359,121,218,571
356,118,214,572
352,120,232,572
358,117,211,572
363,119,221,576
356,116,209,565
369,124,203,556
357,116,206,553
355,115,203,550
358,117,208,549
355,111,204,546
358,111,207,541
354,111,198,534
358,104,200,522
358,112,197,544
361,113,200,548
360,113,194,569
365,111,193,534
365,114,198,529
375,119,192,521
360,114,191,497
366,111,189,514
366,114,196,513
362,101,186,507
365,110,187,504
365,110,187,517
364,124,183,501
359,122,185,494
366,105,180,486
360,108,184,482
361,106,170,476
365,108,178,474
360,107,172,473
374,108,149,466
361,106,177,466
362,109,177,461
361,104,174,459
357,103,170,449
367,108,180,458
356,110,184,467
359,108,186,473
355,107,184,470
361,130,184,468
358,105,183,467
360,106,182,463
362,105,180,457
364,101,178,449
367,104,181,451
364,104,180,442
368,102,178,441
363,104,176,438
364,105,165,440
360,109,177,443
361,103,178,440
362,97,180,437
361,102,177,433
360,104,175,434
359,103,171,434
358,100,174,434
355,100,166,434
356,101,167,434
361,100,169,424
356,99,165,438
357,100,171,445
357,96,168,446
355,103,163,454
359,95,164,450
357,102,170,464
356,106,160,459
355,114,176,458
356,105,190,460
357,104,196,456
350,106,200,473
346,109,196,477
354,109,196,472
352,114,221,471
350,114,219,470
351,115,234,470
354,117,238,472
349,112,233,469
347,113,232,460
350,115,233,457
350,113,229,443
355,116,230,450
352,113,227,444
352,109,229,444
349,108,221,438
345,111,270,431
362,113,221,430
353,107,214,425
350,110,211,433
353,116,212,429
354,114,210,425
354,112,212,423
356,104,209,433
351,107,208,422
351,107,205,417
354,118,198,416
356,100,211,412
351,107,204,416
354,107,198,419
355,98,203,414
324,109,200,422
351,109,199,421
363,107,195,429
356,109,197,434
354,109,197,435
354,110,198,429
351,109,200,439
351,106,214,461
347,112,223,465
352,100,228,456
354,105,224,465
351,104,227,467
354,104,227,464
356,103,214,475
359,105,215,473
352,106,220,476
351,103,225,465
357,106,216,466
359,105,213,459
357,108,215,459
357,87,211,454
355,104,206,449
354,108,207,442
352,105,204,440
367,106,205,445
356,105,202,448
352,105,203,443
355,100,206,438
359,112,203,435
358,104,201,430
360,102,205,421
362,103,199,424
357,99,192,425
359,117,196,428
361,103,191,425
351,107,194,422
357,97,190,436
359,104,192,462
355,102,188,471
357,100,190,464
341,101,196,495
354,101,183,528
359,93,187,554
355,104,185,562
354,99,185,565
352,100,182,554
352,103,181,544
351,98,174,540
354,99,179,533
349,64,178,528
353,97,176,523
352,96,169,516
350,96,178,515
354,101,178,507
352,98,176,498
355,101,171,496
354,100,175,496
352,103,180,500
350,98,182,521
356,99,169,531
350,100,177,526
341,100,173,518
340,97,179,516
350,100,173,518
352,100,173,527
349,97,169,532
353,110,166,545
350,104,184,552
352,103,182,551
347,106,182,551
352,104,182,548
354,107,182,547
349,100,183,542
358,100,179,544
350,102,180,540
357,102,182,547
387,103,184,546
356,103,182,539
349,108,186,536
358,103,179,529
357,65,180,521
357,100,176,518
357,108,180,513
357,100,178,513
362,100,175,521
406,101,176,502
355,100,172,498
355,107,177,493
354,109,170,491
355,111,173,485
364,107,194,482
360,108,169,476
354,110,157,474
358,106,162,471
353,124,171,470
358,101,174,465
355,109,176,463
357,105,172,475
354,110,179,477
354,104,184,471
356,108,185,484
349,96,184,498
359,115,182,503
354,104,182,490
355,108,181,495
355,104,181,493
354,102,178,495
358,103,181,513
352,103,177,509
357,103,180,517
356,107,179,519
360,103,141,514
359,101,166,515
360,105,172,508
360,108,176,505
352,100,185,500
359,93,174,509
356,100,173,489
363,105,176,489
404,103,177,492
360,101,176,490
357,103,173,487
359,102,172,476
347,100,180,477
358,99,171,474
357,101,178,481
354,97,175,488
355,99,180,486
354,98,173,482
355,97,164,476
351,99,173,483
408,99,171,478
356,100,174,478
349,95,173,472
358,99,173,475
366,98,168,470
357,96,166,476
355,100,169,467
357,98,171,479
361,99,170,477
350,97,166,475
353,99,170,469
355,105,161,456
356,99,173,465
349,107,170,456
353,102,169,452
352,98,169,449
350,93,168,444
349,97,165,450
353,97,165,461
353,97,174,450
353,101,164,446
354,96,166,447
347,97,163,447
362,93,163,443
353,97,162,454
354,108,166,453
349,93,164,452
354,95,97,445
350,98,165,448
351,92,160,447
352,88,165,448
346,94,161,442
353,100,155,447
349,102,158,438
356,91,176,434
350,95,168,444
353,96,168,460
370,101,167,457
352,95,168,454
357,101,168,460
352,98,166,459
352,102,163,488
370,99,163,462
353,101,161,458
346,98,163,468
352,103,162,484
352,94,172,497
351,99,181,509
353,105,168,503
352,104,165,500
354,113,165,497
353,106,165,505
356,104,169,515
354,104,171,531
343,104,172,528
348,105,170,523
355,105,168,514
356,100,166,516
354,102,163,517
356,102,166,533
356,103,164,542
363,95,165,542
357,107,167,539
359,104,161,536
362,98,164,537
360,95,162,531
362,102,166,524
362,100,161,518
363,100,162,516
359,100,161,512
360,100,174,505
356,99,158,503
360,109,158,492
369,101,152,490
361,97,158,486
352,105,154,487
361,48,157,483
364,105,147,480
360,100,154,480
362,100,162,476
356,101,150,485
362,98,154,473
359,97,142,492
362,98,150,508
361,98,154,509
361,96,152,513
363,99,164,509
360,95,154,513
364,95,149,512
361,97,151,506
359,95,147,504
361,97,149,512
356,91,144,510
353,89,153,508
358,94,144,501
359,98,153,502
359,97,141,512
363,112,148,509
359,97,151,508
360,97,151,517
357,97,154,532
358,110,146,543
358,94,160,547
357,95,158,537
376,97,160,534
356,96,159,539
369,95,155,528
354,94,156,517
356,43,152,518
366,95,208,520
353,97,153,501
356,97,156,506
356,99,153,503
357,96,153,503
360,96,153,497
361,92,152,495
352,96,155,508
356,98,168,509
356,99,160,526
355,94,172,528
354,88,180,531
357,94,186,522
360,96,198,519
359,92,184,514
360,92,188,524
358,66,189,529
358,90,184,522
357,93,192,525
354,94,189,526
349,101,197,533
372,102,200,539
360,98,196,533
357,115,198,534
362,103,196,534
358,107,197,526
366,110,193,517
361,105,189,518
361,116,190,512
363,120,193,504
358,120,188,503
360,117,191,508
362,119,192,514
361,119,197,523
358,121,197,532
362,117,196,517
361,117,196,513
359,108,192,480
372,115,168,501
358,113,199,502
360,116,198,498
361,114,198,489
364,145,197,484
358,112,192,481
363,117,190,486
359,116,195,478
362,129,192,473
363,118,194,459
360,114,196,498
366,114,194,512
361,113,198,513
362,114,197,504
359,109,198,516
362,113,194,510
361,113,198,504
359,113,194,501
374,110,193,501
357,110,193,505
362,112,195,509
362,112,192,505
352,111,188,498
360,115,190,497
359,109,185,498
359,123,192,497
360,108,183,496
360,114,185,503
377,109,178,502
358,111,181,503
357,107,180,495
368,107,182,500
355,112,178,512
359,104,180,499
361,107,181,493
367,106,177,493
360,110,175,489
360,106,174,484
364,109,176,480
359,105,176,476
361,104,175,471
355,104,177,465
360,106,168,465
359,104,176,460
359,102,168,458
360,101,176,467
360,102,168,464
367,104,176,465
359,102,171,464
362,102,178,459
358,101,170,454
360,98,172,459
356,96,173,479
356,101,176,487
366,101,185,504
357,102,189,507
357,119,192,503
324,102,190,501
363,100,189,514
356,92,189,538
357,94,195,568
356,104,198,583
355,98,204,597
359,101,200,600
364,100,204,593
358,103,188,585
357,100,198,580
359,102,197,578
361,101,196,576
359,99,199,568
296,103,205,561
355,98,222,559
357,106,204,549
366,104,217,545
354,119,203,538
355,111,204,538
357,112,198,529
353,112,212,524
356,113,194,522
353,111,197,510
358,99,196,512
358,112,201,502
357,106,207,509
357,112,202,492
356,109,205,487
360,109,192,483
357,108,193,492
360,109,190,499
358,108,194,497
354,107,190,489
357,108,192,486
356,109,192,485
362,116,196,506
356,105,197,517
372,112,203,527
358,105,215,531
356,107,202,528
357,112,194,549
358,106,204,578
360,109,199,582
358,104,196,599
366,106,200,592
356,100,193,586
356,105,193,578
354,103,196,570
359,102,194,563
348,111,199,563
363,100,197,554
361,104,196,555
360,132,197,546
355,105,194,544
361,91,191,539
358,102,192,537
358,106,205,547
357,97,188,539
358,100,195,536
356,106,194,530
361,104,198,531
354,115,193,526
356,100,194,522
352,106,193,517
357,102,193,517
350,101,193,515
352,94,201,520
344,107,194,523
342,105,188,499
349,94,190,512
357,99,223,515
323,102,185,504
351,98,185,501
360,100,186,508
356,110,176,526
359,100,179,512
359,101,182,509
368,106,180,503
360,101,181,499
352,98,177,504
366,100,180,555
358,98,174,516
355,96,176,503
341,97,176,506
358,87,171,519
357,99,178,501
355,96,172,486
360,106,162,500
405,99,174,506
364,99,169,504
358,98,169,500
360,86,172,493
357,96,168,500
358,98,164,505
357,103,162,501
357,92,163,497
369,98,162,490
366,97,163,501
364,95,160,514
359,94,162,514
371,96,161,515
363,97,163,508
363,96,160,514
359,103,160,503
357,105,166,512
358,106,160,497
359,104,156,490
367,107,154,487
362,105,153,486
367,33,157,494
365,102,159,492
368,103,158,493
365,106,157,502
356,103,169,494
367,103,156,490
363,94,153,489
372,105,154,481
358,103,152,482
364,108,144,480
360,102,153,480
362,102,153,486
362,104,161,492
361,101,154,485
356,100,138,503
361,99,150,520
363,96,158,521
359,100,158,518
371,100,114,516
361,106,164,509
363,99,161,500
371,105,160,499
360,98,160,497
361,104,172,510
362,94,171,499
362,101,176,493
358,100,180,489
362,92,177,477
355,100,183,481
355,98,184,483
357,99,180,478
355,99,182,480
360,102,185,476
357,100,183,484
357,102,181,485
359,90,185,482
361,101,190,478
357,99,192,488
358,103,187,470
358,101,187,467
358,96,196,459
358,98,189,461
346,97,186,458
359,98,188,458
361,97,183,458
360,99,184,448
355,97,186,460
355,97,185,454
366,101,186,471
353,105,188,483
361,143,196,486
358,100,186,490
350,105,192,486
355,103,193,489
359,102,190,505
356,100,193,531
364,105,191,596
350,102,191,546
362,100,187,538
357,90,188,533
358,100,184,524
357,102,172,517
354,97,181,514
369,97,193,510
353,101,183,510
360,100,190,500
355,102,194,509
354,99,198,504
357,98,193,497
343,98,198,493
354,104,198,486
341,99,203,487
354,95,192,480
352,88,198,481
353,87,185,470
353,95,187,475
352,96,181,476
366,103,188,485
347,97,181,482
356,98,185,477
356,100,175,477
364,94,184,469
358,97,181,467
363,99,178,461
362,104,178,464
360,106,178,474
360,104,175,482
354,104,178,470
360,105,171,474
363,107,174,482
359,108,174,477
357,105,177,474
357,101,172,474
356,110,174,469
357,103,175,467
358,104,191,473
350,104,169,460
358,110,170,466
354,106,166,456
365,93,176,458
354,102,167,466
354,102,169,466
362,108,174,466
357,93,170,459
365,104,165,474
360,103,169,488
371,113,166,497
367,105,168,497
361,104,168,493
348,110,163,491
361,104,170,484
368,104,168,490
354,102,162,487
363,116,165,472
361,101,161,487
373,102,164,475
376,105,157,480
369,105,160,472
362,97,158,474
363,105,160,466
364,92,162,460
367,100,158,462
363,103,162,458
361,104,160,408
379,103,164,462
360,101,172,477
364,129,178,469
363,91,183,471
360,104,181,474
359,99,181,477
364,95,179,471
352,102,179,476
358,97,175,492
356,102,177,498
354,98,175,495
360,100,174,493
357,100,173,488
356,99,171,478
366,101,173,478
354,99,170,474
355,89,185,464
353,96,173,477
353,98,165,474
355,100,174,471
350,97,162,464
341,100,167,463
354,100,164,451
356,99,168,453
355,102,160,445
352,108,166,446
352,100,161,445
354,100,163,452
351,116,166,459
357,103,168,464
354,106,170,444
355,97,167,465
354,104,163,466
353,97,168,462
354,90,173,475
353,94,168,472
352,101,169,471
352,101,169,473
354,99,168,468
350,99,167,472
350,101,166,467
353,98,164,461
356,93,170,465
354,100,165,454
354,102,164,452
364,100,164,446
359,97,160,439
367,99,161,438
360,114,162,434
364,95,164,434
363,98,161,430
362,88,165,427
363,98,160,424
360,96,158,427
360,97,158,416
365,94,151,425
358,104,157,425
360,108,158,428
360,108,152,422
360,118,156,431
360,123,154,432
357,132,164,436
365,120,150,436
361,120,151,432
336,122,153,436
362,123,154,439
360,121,152,439
363,119,154,432
359,122,154,432
359,124,156,429
361,139,162,424
358,120,165,425
363,118,177,431
358,111,176,427
360,117,179,423
358,114,184,429
362,116,188,440
367,118,196,439
359,113,195,435
358,114,192,443
350,114,174,446
358,115,187,453
356,112,185,472
360,113,191,484
350,119,192,492
360,113,191,482
358,112,197,481
356,111,192,474
362,112,198,473
358,110,183,478
359,112,187,477
358,110,192,475
359,109,184,471
352,110,184,471
357,107,187,464
347,108,183,476
355,108,179,468
354,108,180,467
358,108,177,463
356,128,185,465
351,114,181,466
354,109,184,462
356,109,186,455
359,110,188,461
356,110,192,466
358,122,190,477
362,110,195,491
355,109,200,486
359,109,203,497
382,106,200,526
359,107,200,544
368,109,224,549
359,38,196,541
359,106,192,534
358,105,193,531
359,116,197,525
358,112,185,526
359,106,190,525
358,106,190,522
358,106,187,516
369,106,189,518
357,101,194,516
359,107,201,514
357,105,209,508
359,103,219,505
359,104,220,500
358,108,238,515
348,99,229,525
359,107,231,522
354,98,230,524
364,103,227,507
351,109,228,505
355,97,230,506
353,109,226,504
363,107,251,498
357,106,225,493
353,119,224,491
352,91,221,486
352,101,222,480
355,105,220,479
352,105,218,475
354,103,219,470
358,104,217,467
357,101,217,468
360,114,208,458
361,102,258,453
361,108,230,462
357,100,236,472
358,100,243,489
356,113,248,489
357,98,241,498
358,101,236,495
358,106,244,497
363,111,236,493
356,108,235,489
360,107,231,501
355,106,233,517
356,108,236,528
360,110,232,534
353,107,228,528
359,97,233,530
344,104,231,530
356,107,230,524
355,105,231,520
356,106,231,512
343,104,191,503
352,104,226,514
354,106,222,515
356,101,210,506
353,105,228,513
355,104,237,518
354,105,243,548
341,109,250,579
359,108,278,594
352,114,293,598
357,119,294,594
353,114,311,593
350,110,308,617
358,112,309,653
351,102,304,682
351,115,302,692
351,108,298,686
354,110,299,676
348,111,291,665
349,110,288,655
351,109,285,654
349,105,278,649
349,106,284,642
353,107,280,633
350,114,270,625
353,109,272,618
358,113,272,608
356,104,268,598
354,104,260,604
356,107,265,586
358,107,259,573
360,106,264,564
358,106,256,569
360,109,264,560
356,106,252,560
359,104,245,550
375,103,249,546
360,104,246,541
358,117,249,535
359,104,246,528
357,106,246,517
359,102,244,519
360,104,243,512
356,106,238,512
355,101,240,513
354,101,228,506
350,97,228,498
355,105,232,495
350,102,231,491
355,107,232,497
360,101,229,486
354,103,224,479
353,114,228,474
354,80,229,471
351,98,229,479
351,99,226,471
352,98,227,455
310,101,220,460
358,104,222,465
358,100,227,457
331,103,235,459
352,98,239,470
354,101,242,476
361,101,260,482
355,104,266,480
357,101,284,488
356,101,288,489
363,100,285,491
356,94,282,521
357,97,285,550
353,98,272,570
361,88,283,566
354,98,278,560
356,99,270,553
355,119,273,547
356,97,267,542
362,99,266,540
355,96,262,533
355,113,253,534
353,96,258,525
358,99,252,534
352,98,256,517
355,100,253,515
358,99,256,507
360,103,252,514
357,90,250,502
358,97,248,493
358,98,242,489
356,95,245,484
357,94,240,480
355,97,241,435
356,98,240,474
361,93,248,475
355,97,257,466
356,102,256,460
352,96,250,475
344,98,258,455
351,98,245,462
354,100,245,451
354,99,246,451
364,99,243,449
355,100,249,449
347,101,236,437
366,101,246,443
355,98,244,438
356,99,250,434
352,96,240,425
339,98,239,424
356,99,252,429
353,97,251,427
357,102,256,421
356,98,260,424
359,93,272,418
354,95,270,419
358,98,276,417
347,98,276,432
358,102,272,430
349,97,265,433
352,96,260,430
355,115,264,437
352,94,257,450
352,96,262,444
352,95,259,448
353,100,248,453
348,106,256,447
351,94,248,473
349,91,272,493
351,96,256,486
353,98,261,485
354,97,256,478
356,86,261,472
355,88,256,458
357,96,257,477
354,100,259,482
357,97,265,500
354,96,264,499
353,95,266,497
354,96,271,496
331,96,263,497
356,93,262,490
351,85,258,486
353,94,257,483
352,93,256,483
356,94,256,489
353,89,256,488
352,94,252,502
345,106,252,507
359,93,241,499
359,95,247,496
357,92,244,492
356,95,242,486
354,92,243,481
355,140,240,482
352,95,240,480
351,94,237,473
350,93,240,482
351,90,231,480
352,94,231,477
349,92,228,470
357,83,228,469
348,85,224,464
354,95,218,460
357,80,224,457
355,92,224,452
356,100,221,470
353,94,221,459
359,94,278,469
350,94,228,478
357,96,229,475
353,93,235,469
368,125,234,469
354,92,238,469
356,93,234,465
359,94,277,462
354,91,237,459
354,89,239,457
354,93,226,456
352,92,235,457
349,92,232,454
360,91,231,456
355,102,231,445
352,93,226,464
355,90,228,476
355,91,224,482
356,96,226,470
353,92,214,479
355,95,224,495
352,85,220,507
356,91,223,506
356,90,219,507
350,96,217,519
353,94,218,519
353,93,216,512
352,90,215,512
353,90,205,503
352,92,207,502
348,90,208,495
352,97,218,493
346,94,206,503
351,91,192,496
350,93,209,488
352,93,199,488
348,98,201,484
347,94,202,480
352,102,211,490
351,96,221,509
356,95,232,526
354,98,252,542
356,97,238,556
355,96,242,555
357,94,237,544
356,100,236,572
352,83,234,603
354,92,234,632
355,78,254,653
356,94,244,645
353,97,245,638
349,95,237,626
357,100,241,621
356,86,236,616
350,97,234,607
353,94,240,603
353,97,239,596
338,96,238,592
354,94,244,584
346,94,249,580
354,91,244,570
354,95,243,569
369,94,237,545
357,100,232,589
340,95,233,580
348,93,235,572
346,97,239,561
352,94,220,565
350,97,228,570
352,106,230,567
342,99,229,567
350,91,224,558
351,86,225,569
353,96,231,574
355,92,220,571
346,94,220,562
358,101,226,555
364,93,227,554
354,93,228,544
356,88,226,537
358,89,224,532
361,102,226,525
358,89,220,519
359,88,216,512
357,92,217,510
359,91,216,509
356,94,221,519
357,93,220,526
355,93,225,527
359,91,229,525
360,96,237,520
352,101,237,515
360,84,241,507
353,93,245,504
359,93,243,499
341,100,242,494
350,96,246,486
353,93,240,481
357,91,241,479
351,90,238,476
354,90,237,482
353,90,237,489
345,91,243,486
354,105,228,480
352,97,236,479
347,94,234,513
353,89,232,493
350,99,220,508
354,99,234,504
351,80,231,512
355,92,230,495
352,90,228,496
358,105,231,501
356,90,238,533
357,92,241,546
356,97,246,558
352,88,242,578
357,92,248,544
352,90,237,544
348,88,253,554
352,94,232,559
356,91,236,562
350,88,235,561
354,92,222,550
360,94,229,545
364,90,226,538
352,105,233,537
350,92,228,540
358,93,229,538
354,91,224,532
354,89,223,531
353,92,225,534
359,92,217,528
356,93,219,523
355,91,217,512
356,91,214,514
358,92,172,518
359,91,215,529
358,88,232,528
357,92,236,522
353,91,242,516
357,91,232,516
357,93,232,529
353,86,229,530
355,88,231,528
351,89,223,521
356,104,222,535
353,98,220,530
356,103,241,526
355,97,218,520
354,102,210,512
355,102,210,521
344,97,211,497
356,101,212,503
354,101,209,498
346,110,211,499
352,102,206,510
354,101,208,509
354,96,218,513
357,88,222,508
351,101,216,502
346,98,215,505
352,99,221,498
353,103,219,500
355,98,225,495
353,102,221,506
357,101,226,500
353,101,231,498
355,99,227,494
354,88,237,501
355,97,226,518
352,99,219,523
347,94,225,516
353,101,215,512
347,101,222,508
355,101,219,503
347,98,216,503
359,98,221,499
354,96,227,498
354,97,220,486
353,100,217,491
354,96,224,479
352,96,224,476
349,96,221,473
358,96,218,472
353,97,219,481
368,85,217,473
354,97,219,476
344,96,222,469
354,97,226,474
348,96,225,466
354,50,228,473
355,98,222,471
350,97,218,465
351,98,225,469
352,96,217,477
350,95,218,485
354,105,221,463
359,97,232,475
367,92,228,470
363,100,245,471
359,97,237,465
361,96,234,458
360,94,229,462
363,87,235,455
362,95,232,455
362,98,229,451
352,100,220,447
373,89,232,456
368,95,201,474
360,94,217,502
361,104,230,509
357,93,220,506
363,96,216,500
361,94,174,495
364,91,213,500
364,96,215,516
360,92,215,521
364,94,229,537
329,95,228,540
364,93,236,531
372,92,247,531
361,94,243,525
360,96,239,526
360,91,237,522
359,96,236,518
359,91,234,512
361,93,230,512
354,93,222,510
366,92,208,505
357,89,226,514
378,92,221,508
360,97,226,512
360,108,221,500
361,103,222,494
361,101,213,489
375,104,221,486
355,97,210,493
361,104,214,496
358,102,212,495
369,104,206,495
358,100,204,497
358,101,204,488
358,102,210,484
360,101,210,484
362,97,219,483
360,101,225,480
362,91,231,477
359,102,238,472
364,101,239,467
364,48,240,462
362,96,238,458
364,102,236,456
363,99,234,450
367,99,247,452
359,97,224,446
360,93,224,442
359,129,227,454
360,99,225,472
355,98,224,480
356,95,221,473
358,113,227,476
368,97,219,468
360,101,218,466
352,97,223,466
364,99,222,458
356,98,224,457
354,97,219,451
356,86,221,440
357,100,216,455
349,102,217,450
354,96,231,446
362,100,213,444
354,97,217,439
355,98,211,435
353,100,211,451
347,99,216,453
357,95,224,466
356,98,224,474
358,103,239,483
354,93,240,474
353,91,240,479
357,92,232,490
356,101,238,520
357,96,236,542
362,96,234,512
362,100,234,548
356,98,227,540
359,103,228,568
358,96,227,530
358,98,223,533
353,97,219,525
361,97,215,522
360,96,219,514
354,95,217,497
354,94,215,494
356,95,213,498
358,92,213,494
356,96,209,488
360,95,212,481
355,96,213,479
357,96,213,470
356,100,213,467
356,95,216,468
356,114,222,475
356,95,230,462
356,86,230,462
370,77,222,454
356,96,228,456
359,85,233,453
358,95,222,456
367,92,188,457
353,91,216,457
357,94,233,458
351,98,214,450
358,92,212,460
359,91,214,478
357,98,215,478
358,100,198,475
367,93,206,469
353,94,213,470
360,97,203,470
362,94,218,467
356,93,218,456
354,98,208,450
353,94,214,447
360,95,216,442
353,97,214,446
356,91,211,439
353,97,212,443
360,98,209,438
344,105,208,434
352,100,204,430
352,108,206,428
356,106,203,420
350,102,205,420
285,104,209,419
360,106,206,414
353,42,210,413
356,100,207,414
354,99,208,421
353,103,190,418
354,107,208,410
353,100,204,411
356,101,184,406
354,101,201,404
356,98,200,399
346,103,201,396
353,100,194,394
352,103,199,392
353,93,192,400
355,106,199,408
353,102,198,405
359,96,204,402
356,101,192,399
364,101,190,395
356,100,177,398
355,101,199,405
356,102,195,413
360,102,194,425
358,102,202,426
353,98,203,420
351,101,205,415
353,103,205,418
358,98,206,416
358,100,207,426
358,89,204,422
380,99,208,431
358,95,205,426
360,100,209,426
360,98,199,425
357,99,199,430
358,98,199,436
374,101,206,447
356,92,205,442
359,98,201,459
357,98,208,459
354,98,201,449
354,96,217,453
364,94,198,446
361,98,194,445
359,96,194,449
363,97,193,435
363,97,190,436
359,96,190,437
357,94,191,433
350,94,152,423
361,96,193,427
370,95,177,429
356,95,187,434
359,98,187,462
357,90,200,426
355,94,201,435
360,96,199,434
360,96,203,424
361,80,199,426
352,96,200,424
353,97,188,422
357,97,194,431
354,94,193,430
358,96,192,431
351,99,193,430
357,101,191,430
354,97,194,426
355,95,196,414
357,93,195,414
345,90,190,425
373,92,187,429
351,95,184,428
359,95,195,424
355,92,201,423
357,89,195,418
356,94,199,424
341,102,195,428
358,94,197,433
354,91,190,438
360,101,193,437
349,92,190,433
353,96,185,442
364,93,187,431
356,96,185,404
354,94,186,443
357,93,182,450
361,96,183,447
346,91,181,441
354,92,187,440
360,92,183,437
356,93,180,436
354,92,184,442
353,89,182,447
356,81,188,448
359,93,182,442
355,96,185,439
387,93,183,439
361,96,183,436
358,106,180,444
358,107,179,453
355,106,179,458
356,99,176,453
359,105,181,453
359,102,164,450
358,111,182,449
358,119,183,444
358,106,185,440
318,106,183,437
363,107,178,437
362,101,180,430
354,96,181,427
360,103,181,426
355,102,198,422
365,105,184,417
360,108,183,382
361,110,180,416
358,104,180,428
363,102,190,443
362,104,179,438
362,105,182,437
358,101,189,435
360,105,180,432
362,104,180,427
360,102,192,423
364,102,199,424
352,99,196,425
360,103,197,424
361,102,201,427
361,102,204,431
361,104,199,437
357,100,208,427
360,109,213,429
347,102,198,433
357,100,203,454
354,104,201,465
358,104,206,458
358,122,209,475
357,97,202,478
352,100,202,472
344,97,202,480
358,103,204,483
360,100,206,480
357,100,194,475
346,99,242,480
357,97,201,473
351,100,194,469
360,96,193,468
357,98,193,461
359,83,192,480
356,99,190,479
355,74,187,477
357,98,186,472
355,98,188,472
356,96,183,469
353,96,189,464
356,93,185,465
356,98,189,468
352,82,185,458
356,92,184,463
352,98,181,451
371,86,180,455
352,96,179,452
355,95,176,444
353,95,181,445
350,109,163,439
356,97,180,440
358,93,174,436
353,99,177,429
352,92,174,426
355,96,176,424
354,95,170,425
348,95,175,430
354,91,176,454
356,94,181,445
362,96,182,456
353,92,185,442
356,92,198,439
352,95,199,439
352,98,200,434
354,95,199,440
357,98,199,442
352,93,199,448
348,99,197,454
352,96,203,463
350,92,199,457
356,88,206,451
355,83,198,457
352,97,198,458
349,96,194,482
353,96,196,456
350,94,195,454
358,84,192,450
353,97,180,450
360,97,186,446
351,96,194,447
353,85,196,454
353,96,208,448
350,94,216,447
350,94,192,442
350,100,217,440
348,97,204,456
348,84,202,485
346,97,200,496
350,48,203,490
350,94,199,490
354,98,257,481
358,96,193,482
349,44,195,483
342,94,195,481
350,95,198,480
367,93,194,477
367,92,192,487
341,98,185,496
350,93,192,491
359,104,192,488
336,96,192,489
350,93,198,489
350,101,198,491
349,93,195,486
347,93,196,485
359,95,194,479
348,93,187,474
342,92,189,473
348,92,186,480
345,93,190,479
347,90,192,472
344,92,195,474
345,94,194,467
349,97,248,471
343,93,203,464
345,83,210,462
343,93,207,458
354,95,204,454
343,92,205,465
347,96,200,463
341,109,206,465
355,92,197,458
349,88,200,461
342,88,195,472
349,91,194,476
349,91,196,473
349,94,197,469
346,91,197,465
351,89,204,461
343,91,209,460
348,92,207,448
347,90,215,455
351,91,210,454
356,94,223,457
349,92,208,452
349,94,213,454
340,92,202,449
351,90,223,450
346,93,204,447
347,90,186,449
350,86,201,444
347,93,196,437
347,94,197,437
347,98,197,437
350,96,251,448
344,107,193,437
350,91,192,436
358,91,171,436
349,90,195,433
347,94,213,437
346,91,206,430
352,87,213,435
342,91,213,432
349,93,209,441
348,91,206,429
353,92,206,424
346,91,205,425
349,88,203,424
347,97,204,437
348,92,200,440
349,96,203,429
351,111,198,427
346,111,198,427
344,108,198,431
347,110,190,435
345,104,195,443
352,109,193,438
345,109,204,454
347,113,204,449
350,115,224,453
346,111,224,446
347,112,224,443
346,113,226,449
349,109,224,459
346,112,223,467
345,111,216,460
344,108,216,456
346,103,216,469
347,111,212,479
346,108,213,474
346,112,221,472
346,108,210,467
350,109,209,459
345,114,209,460
350,110,203,457
349,111,208,455
351,105,210,450
351,122,214,449
351,104,214,448
350,112,214,442
342,101,209,442
348,107,213,458
347,106,212,475
353,105,210,463
350,111,211,457
347,107,210,470
352,108,211,481
361,106,202,481
352,112,203,497
347,109,203,493
352,93,211,493
341,104,230,492
347,105,203,481
346,117,206,478
349,102,208,471
347,103,209,470
346,108,202,478
347,104,206,467
347,95,192,460
351,105,201,456
349,102,200,457
350,105,191,459
369,100,198,455
349,102,195,447
349,104,196,446
344,101,194,440
353,104,193,440
350,101,192,443
353,93,192,453
347,102,190,453
352,101,189,443
352,103,188,447
347,99,188,445
350,103,199,449
345,98,200,437
350,101,200,450
346,100,205,451
352,102,207,447
341,100,171,440
350,97,200,441
358,101,207,456
349,99,203,453
349,100,199,449
351,89,204,442
352,100,202,440
347,93,198,440
351,95,197,436
350,79,197,435
350,100,197,434
348,98,199,438
347,67,195,439
345,95,195,437
346,95,191,439
348,98,189,446
347,106,191,464
348,93,188,481
345,102,187,521
337,98,185,486
343,100,188,489
341,97,184,482
342,100,184,482
350,99,178,481
349,99,192,485
346,102,188,478
338,97,207,480
347,100,204,476
346,96,203,505
344,99,199,470
345,95,196,479
339,98,198,484
343,96,204,493
355,100,190,502
341,98,194,502
346,102,193,496
347,98,193,495
344,107,187,490
378,112,192,491
342,108,186,484
346,116,186,488
345,107,184,497
346,111,189,498
342,129,191,507
347,108,191,515
343,107,195,509
345,109,189,505
340,108,189,502
343,106,187,492
345,109,195,489
356,105,194,508
356,109,197,516
345,103,197,512
347,104,195,526
336,105,200,537
354,103,193,540
345,103,193,543
354,104,172,537
347,105,190,538
344,103,189,549
342,106,190,535
346,98,192,530
347,103,191,527
343,102,193,533
356,103,186,541
342,100,195,556
344,99,193,553
345,106,190,551
342,105,188,544
344,44,191,537
346,100,189,534
351,104,189,527
345,101,184,521
346,101,191,524
347,104,194,539
343,114,198,553
346,101,201,548
345,103,195,544
337,96,209,534
342,100,204,540
345,101,202,562
342,99,210,572
344,99,204,582
345,103,213,588
346,97,208,582
340,98,210,574
347,98,208,568
348,108,205,563
341,107,206,558
349,101,205,552
347,97,201,545
350,99,200,538
350,99,197,532
348,98,186,528
350,98,213,526
349,98,194,515
348,101,194,503
348,99,195,505
352,100,205,503
336,100,200,500
350,96,206,493
346,100,205,484
352,88,202,481
345,99,213,472
351,98,201,486
351,101,201,487
348,95,194,483
348,97,195,475
349,98,198,476
348,89,203,482
343,98,196,482
344,102,193,482
352,109,195,478
352,100,195,474
354,104,190,471
353,101,185,479
356,107,192,480
363,98,186,490
353,104,185,475
354,108,184,471
356,111,180,466
356,118,171,464
356,118,172,458
356,140,188,454
356,129,174,458
359,128,181,479
354,132,187,494
362,123,184,513
357,130,184,510
355,124,182,516
357,130,182,540
357,124,180,539
359,118,179,546
352,128,171,546
356,113,178,551
351,128,174,557
356,122,171,548
352,124,172,544
344,124,172,540
353,126,168,544
359,120,167,526
355,123,172,523
352,126,171,517
356,120,180,517
349,119,177,520
352,121,193,523
352,125,192,520
365,117,197,521
354,119,205,526
352,117,212,523
356,109,222,519
351,122,215,524
346,107,201,516
349,116,210,512
353,113,209,504
347,124,212,499
350,112,209,491
299,114,207,488
344,113,200,480
350,132,205,483
347,109,200,482
371,97,200,476
346,111,200,475
349,105,208,475
339,110,197,474
347,110,199,469
363,111,197,429
347,107,193,457
348,121,192,455
346,110,189,454
342,110,195,447
346,106,203,444
348,107,187,452
337,112,182,447
342,108,183,455
346,108,186,459
344,107,181,468
346,107,175,466
340,112,180,438
345,106,179,458
346,98,178,465
382,105,176,456
344,109,177,456
345,106,176,449
347,108,180,453
344,105,179,446
344,106,184,444
351,105,185,441
356,105,184,436
351,104,183,440
351,103,180,434
349,104,180,433
394,103,183,447
353,104,184,443
350,103,180,435
352,112,183,435
359,104,181,434
352,105,179,427
343,93,178,422
347,101,177,418
355,95,179,423
348,100,178,412
334,104,176,412
347,103,172,414
351,108,174,420
350,110,170,412
356,113,169,414
344,114,173,411
352,105,169,409
343,110,174,422
352,108,167,426
355,110,168,422
352,109,167,417
347,110,168,414
346,110,165,413
354,109,163,412
350,103,157,424
355,106,162,421
352,109,160,428
350,110,168,417
353,117,159,422
351,108,161,413
354,111,155,412
345,107,160,407
353,111,157,403
350,109,158,412
353,109,157,411
351,118,163,408
350,107,161,406
350,116,168,411
355,131,185,442
350,122,174,422
343,120,172,415
345,121,170,426
347,120,176,428
317,118,167,432
349,118,168,433
347,118,160,440
349,120,167,432
347,116,164,434
349,119,168,445
347,110,170,457
354,115,170,447
348,115,184,447
347,112,163,436
347,116,171,436
348,116,166,436
348,126,161,443
346,113,170,453
353,145,168,455
349,112,164,453
348,115,163,449
290,110,167,445
346,111,167,443
348,114,166,454
348,111,157,467
346,117,160,475
338,115,160,517
351,101,166,482
344,152,160,486
347,112,160,493
334,113,164,540
347,109,168,514
361,117,177,522
345,107,173,520
346,109,176,533
350,105,183,562
344,109,189,570
346,108,201,578
341,107,190,578
343,115,201,576
349,105,192,572
345,104,192,579
349,105,170,585
349,108,202,605
346,108,204,607
326,107,210,600
347,100,206,597
347,103,205,591
347,104,205,582
344,103,215,576
349,104,211,571
340,103,203,580
347,103,216,592
349,98,219,606
347,106,222,609
344,103,215,598
344,106,215,596
346,103,217,590
347,107,210,576
345,105,214,580
349,102,210,573
351,106,211,570
347,103,206,557
352,109,210,549
369,101,204,548
349,102,202,534
349,91,201,527
355,102,196,526
321,101,197,521
350,96,196,513
352,107,197,512
348,101,197,506
351,101,203,508
348,104,194,516
352,102,194,497
348,101,195,497
349,100,190,493
351,96,193,487
353,99,189,483
355,102,205,482
353,130,188,476
373,101,183,472
350,98,185,473
350,100,184,464
346,93,184,438
356,99,189,456
349,100,183,454
349,96,178,446
351,100,180,446
348,99,180,455
352,96,179,468
361,99,171,470
339,101,169,466
343,97,178,464
350,93,169,459
347,101,170,454
345,96,174,454
349,99,172,458
348,101,171,399
344,99,173,450
346,97,171,450
342,102,168,456
350,91,185,471
346,107,190,473
346,117,189,499
346,116,175,494
349,104,188,494
344,113,185,508
346,107,182,539
344,112,188,568
315,115,180,577
332,116,177,573
342,109,178,560
344,118,180,562
350,108,160,563
331,118,188,560
345,106,185,554
343,111,181,557
344,108,184,552
344,109,184,545
339,108,184,542
339,109,181,534
339,109,184,538
343,112,181,542
344,109,189,558
345,104,186,562
346,109,188,563
349,109,178,560
345,107,186,559
342,107,184,569
345,107,189,591
344,46,200,614
343,103,200,626
344,106,201,619
342,91,190,609
344,106,195,609
340,101,189,604
349,92,200,595
347,104,193,589
351,107,188,582
347,107,192,577
348,115,188,558
352,105,190,581
349,101,185,580
353,111,175,577
344,102,184,566
355,102,182,578
349,102,183,586
352,89,185,581
352,102,184,578
347,98,177,566
351,108,181,512
350,95,177,556
352,102,163,552
342,100,178,546
353,101,182,549
352,102,181,543
355,96,180,542
354,113,170,535
354,104,181,533
353,102,185,545
357,101,125,557
354,102,198,562
360,99,201,553
354,96,203,560
350,97,202,560
351,94,194,563
349,92,198,580
347,101,190,571
351,99,199,574
349,98,186,564
350,99,193,558
350,97,183,549
352,99,186,543
351,94,181,549
348,103,193,542
351,101,192,540
349,107,189,533
348,101,190,527
344,100,150,521
356,99,188,515
352,102,185,512
347,100,200,505
352,100,190,507
349,100,189,500
348,101,189,502
348,86,189,500
339,109,187,498
345,99,180,496
347,101,182,503
346,97,183,520
350,96,189,517
348,96,179,516
348,100,183,506
346,101,177,528
346,94,175,548
346,100,180,553
340,104,172,556
347,100,175,562
345,98,172,571
346,114,173,571
346,100,160,569
347,97,168,557
349,101,164,551
350,97,166,550
349,99,170,549
349,99,164,538
353,99,160,544
341,100,164,528
348,98,163,520
345,105,162,518
346,105,164,507
345,107,161,506
345,102,155,504
346,105,161,496
346,103,159,498
344,106,158,495
347,105,156,481
347,106,158,483
346,100,160,482
345,103,155,469
345,105,155,467
346,100,158,472
348,105,157,474
345,103,156,469
344,101,134,464
347,101,153,459
348,107,150,455
347,101,149,449
347,104,149,446
346,102,153,445
349,99,151,440
344,100,152,434
349,99,157,432
350,102,153,431
347,99,156,427
344,104,169,424
346,99,150,423
348,98,146,414
350,92,146,431
350,97,151,418
350,103,146,414
348,92,145,410
360,96,156,409
351,98,147,408
352,99,148,401
344,96,149,414
343,99,162,428
350,106,166,436
347,101,161,436
350,103,175,438
368,102,169,436
353,103,176,434
353,91,170,438
351,96,170,453
348,94,172,463
350,98,170,467
344,92,170,461
349,96,170,460
349,101,169,468
367,90,163,491
321,93,174,497
349,94,177,495
345,97,179,500
350,100,169,495
361,98,177,520
351,103,178,525
352,90,173,520
354,101,177,519
351,96,170,523
354,112,169,518
358,96,182,518
359,84,185,509
350,96,187,512
356,85,189,505
357,96,192,503
355,97,194,498
350,97,197,493
353,84,194,485
355,96,192,484
354,94,197,493
355,96,192,517
345,95,192,521
354,101,192,517
351,102,192,508
355,97,191,509
355,115,191,512
356,98,188,516
356,100,189,528
352,100,186,532
355,96,188,531
352,95,190,523
350,94,181,523
346,96,186,521
352,92,181,518
350,97,187,520
352,96,182,522
356,86,185,516
354,85,184,512
356,95,184,503
357,96,123,505
354,93,183,503
357,98,196,505
353,92,196,514
349,104,205,504
350,104,208,503
367,70,212,500
350,90,208,495
353,103,213,504
352,103,221,512
355,101,238,502
352,111,220,506
349,107,218,498
352,111,218,499
350,113,214,495
350,116,216,495
350,115,214,496
361,116,217,480
356,114,213,489
353,113,210,490
339,115,215,501
354,111,207,503
343,114,208,497
352,112,205,494
353,112,203,497
282,112,201,503
352,110,199,499
353,110,154,491
352,110,193,486
352,114,196,484
350,106,192,476
354,114,185,472
342,108,191,470
353,109,192,466
350,110,197,467
355,114,246,465
365,113,183,465
354,112,185,465
354,114,181,463
362,119,208,459
352,116,185,449
352,103,189,447
351,114,208,456
347,113,209,456
353,113,212,452
348,112,214,444
346,108,212,442
351,111,216,449
348,108,230,464
352,110,238,488
352,110,237,496
361,111,239,497
351,117,228,492
352,109,240,485
351,107,235,484
351,108,229,481
356,110,230,481
355,105,227,480
353,113,231,482
350,106,230,475
360,107,230,473
350,104,225,468
352,107,212,466
353,105,196,464
344,106,220,463
350,110,220,460
349,105,212,443
349,104,218,452
323,107,214,451
352,106,217,468
349,99,222,472
348,106,216,472
351,104,213,472
354,104,212,466
346,106,228,466
351,104,212,461
352,106,208,469
349,103,202,487
354,105,203,514
350,107,201,530
352,98,203,530
340,104,199,526
356,102,196,521
350,108,194,517
352,110,197,513
351,104,194,511
351,98,193,505
352,105,189,501
353,100,190,500
352,104,190,491
351,102,191,494
357,90,196,481
352,101,186,477
354,93,182,475
358,99,188,467
351,99,192,473
358,103,195,493
354,102,194,500
360,106,193,513
357,103,193,512
359,101,189,502
356,104,190,502
357,99,188,492
356,104,187,507
351,102,184,501
358,104,197,506
356,103,184,505
361,101,183,507
353,102,183,506
357,102,192,498
364,110,182,497
356,108,184,502
362,108,183,493
362,120,182,488
358,106,180,486
361,105,178,482
362,105,179,473
354,94,175,471
359,112,177,462
361,99,177,471
336,104,174,477
362,105,178,473
362,97,180,473
366,108,183,472
361,123,177,465
363,105,184,461
359,104,179,458
360,100,176,452
360,105,180,451
359,62,175,446
360,103,177,444
360,99,174,439
359,101,176,434
351,99,175,435
360,101,165,436
361,102,173,434
360,90,168,432
357,100,169,428
360,94,168,423
359,103,170,424
356,87,173,432
349,100,164,445
353,99,165,455
354,91,166,454
352,98,166,451
361,99,152,446
357,100,166,445
356,94,164,435
349,96,166,435
354,96,160,432
356,101,161,385
353,60,161,430
358,100,159,435
355,100,160,438
358,97,160,433
359,100,156,431
358,91,149,429
358,108,161,434
358,98,168,430
354,99,172,430
357,98,170,431
364,98,178,432
352,96,168,422
353,98,168,417
353,95,170,410
357,96,167,416
357,104,166,413
360,95,167,427
355,98,174,438
353,121,168,453
355,94,177,463
352,96,179,464
356,94,181,459
356,98,182,462
355,96,177,466
356,96,182,469
352,99,177,482
349,94,173,483
352,94,176,474
356,113,174,474
323,98,175,475
357,95,172,467
354,100,172,466
353,81,179,459
360,96,213,464
354,96,182,466
354,101,187,469
353,96,194,470
353,96,198,469
351,94,196,470
349,92,169,470
354,92,202,480
357,90,206,482
358,93,200,475
353,93,211,481
357,94,210,490
352,95,208,497
366,92,218,498
354,95,205,493
353,94,201,486
350,94,203,483
357,95,215,481
359,96,209,493
349,98,217,511
345,84,205,512
350,90,203,504
347,89,203,498
346,111,218,506
354,92,221,523
356,92,227,533
353,93,222,529
355,86,228,521
354,93,217,526
307,96,219,525
353,82,221,519
354,96,217,515
353,93,214,509
356,97,211,500
352,95,208,513
350,94,209,497
354,102,210,496
349,98,205,488
350,89,204,484
348,97,205,480
350,110,201,472
346,96,200,468
345,97,198,475
349,100,198,478
350,98,196,489
351,99,206,493
349,97,194,484
354,100,249,484
357,97,203,483
348,56,190,474
345,100,188,479
346,97,186,472
345,96,185,475
344,95,182,469
343,94,185,466
347,95,182,461
361,102,181,458
350,93,181,450
356,97,175,454
354,101,178,457
356,96,176,455
356,99,173,468
362,105,163,464
360,117,179,452
359,97,186,451
363,85,199,467
361,98,200,474
370,99,209,475
369,97,207,477
372,95,207,469
363,96,214,494
369,101,218,536
375,105,229,580
388,108,236,624
377,106,235,580
372,103,236,577
371,101,233,567
370,95,232,563
373,102,228,554
375,107,230,552
374,98,227,540
374,101,229,538
374,92,222,534
375,105,223,530
372,104,221,524
366,102,218,516
372,107,216,509
373,100,215,505
364,102,214,494
373,100,210,490
364,103,198,485
366,88,208,480
373,100,205,478
364,99,203,473
367,98,239,470
361,99,204,464
369,101,200,464
373,100,200,456
364,99,197,459
366,100,201,471
363,100,203,496
368,107,202,518
364,42,215,520
364,101,208,536
362,101,215,554
363,103,212,548
363,162,211,550
362,99,210,542
356,108,209,534
365,101,202,549
360,102,211,557
364,100,216,568
361,98,226,572
358,98,224,579
366,101,230,583
358,93,217,574
361,92,229,569
359,101,225,561
357,98,218,535
381,100,220,553
354,97,213,554
360,100,214,553
350,100,215,544
353,99,218,544
356,100,222,548
356,82,224,537
343,104,225,534
353,89,229,529
354,101,220,523
353,97,220,520
340,96,223,510
352,96,222,508
354,97,221,500
362,97,180,493
352,98,217,498
354,104,221,500
352,100,217,490
356,100,212,484
354,103,215,484
353,110,212,482
353,113,217,510
357,112,209,522
352,115,212,531
351,115,210,524
346,115,185,516
348,113,208,512
355,115,202,506
346,113,204,503
357,112,204,512
350,108,201,509
356,114,199,505
353,117,203,494
354,112,200,493
357,112,202,493
357,111,254,500
352,117,199,490
353,110,191,488
348,112,197,484
352,102,186,470
353,105,193,471
332,108,188,468
351,100,188,471
361,111,213,468
354,107,189,470
350,109,190,457
351,95,200,446
353,109,198,451
349,108,200,448
353,103,197,459
349,108,201,454
349,101,192,449
349,107,199,447
350,104,193,449
340,106,194,438
352,101,192,453
356,105,201,460
348,103,190,459
357,102,186,453
355,117,179,467
357,107,187,452
362,117,184,451
358,99,181,457
358,106,177,457
357,103,179,451
360,104,181,448
344,105,176,455
359,100,177,460
361,54,178,459
360,102,175,466
365,104,179,460
359,102,174,463
362,101,171,465
361,91,168,463
362,100,171,455
358,101,171,457
362,100,169,465
361,101,170,468
352,97,166,460
358,101,168,460
359,96,162,448
364,101,163,467
360,99,173,467
368,102,163,461
365,93,163,449
368,106,161,452
364,99,162,457
361,95,162,444
364,100,163,440
349,96,160,435
364,100,157,434
366,100,157,425
360,99,192,428
362,98,154,426
362,97,158,438
362,99,158,417
361,90,154,414
359,98,154,410
361,100,156,409
367,96,155,419
358,96,150,439
363,94,147,437
345,98,153,435
358,95,149,425
358,97,152,425
358,101,149,435
355,100,157,447
356,93,153,465
356,99,163,470
357,91,165,472
354,97,172,458
353,96,179,463
354,95,174,466
351,98,174,462
355,95,179,472
355,97,180,483
354,93,181,470
354,96,181,460
353,99,178,461
355,94,174,466
350,89,178,477
357,96,181,492
352,95,172,501
352,85,175,495
354,94,176,491
368,92,172,493
353,96,178,506
349,87,171,507
309,92,180,503
354,96,171,495
353,93,179,505
346,98,178,490
352,90,176,485
353,95,178,483
359,93,187,476
355,100,175,473
351,96,175,469
365,101,172,410
347,100,177,461
351,96,172,472
351,94,174,465
349,107,176,463
354,99,174,459
352,98,176,461
356,100,143,456
352,98,169,469
354,93,165,488
350,97,171,496
353,107,160,497
354,99,166,488
351,93,166,483
353,100,163,490
348,93,164,481
356,97,163,478
349,111,164,474
356,96,162,479
343,93,163,474
354,93,156,472
355,87,171,476
351,92,165,471
352,94,177,464
353,94,176,464
352,94,174,456
351,98,176,454
350,93,173,449
343,91,132,445
353,92,178,444
350,92,185,443
345,96,171,440
356,100,177,438
354,96,173,439
357,94,175,437
356,97,172,439
309,96,174,433
356,96,172,434
360,96,156,431
355,97,173,437
341,94,171,441
356,97,171,440
353,92,171,434
356,104,170,447
349,101,173,432
355,100,173,428
353,100,174,442
351,98,172,437
354,98,176,459
350,96,168,461
358,92,170,467
354,96,168,466
355,89,168,447
355,96,169,459
351,100,167,454
354,98,168,452
354,92,170,447
349,97,166,449
353,96,163,441
354,100,162,436
363,125,160,430
352,108,173,431
352,96,167,441
352,105,175,457
355,94,155,473
350,96,180,482
351,101,190,493
345,94,188,491
349,96,176,503
349,94,189,520
350,93,186,514
352,97,188,515
344,93,183,527
348,92,178,544
349,97,179,553
349,96,190,561
350,93,178,558
350,98,172,558
353,94,177,552
351,96,178,553
350,93,180,555
352,123,178,546
350,93,182,543
355,89,170,534
354,94,177,533
358,94,121,528
355,96,180,523
352,95,161,516
362,94,165,519
356,91,174,526
353,92,171,532
355,93,172,540
354,90,176,527
378,94,175,525
357,93,172,518
358,93,170,517
355,93,170,509
354,99,180,512
355,106,168,512
358,102,164,512
349,111,168,507
356,107,165,503
341,115,165,497
356,107,163,492
357,107,164,492
356,107,162,490
358,118,171,488
357,98,165,503
358,108,168,517
357,107,168,520
360,109,175,518
360,109,178,515
356,107,173,532
357,106,177,538
356,104,174,537
358,106,172,539
360,105,173,556
376,103,170,533
356,110,173,531
358,102,168,536
355,105,170,530
355,72,173,532
362,104,172,530
359,101,165,518
356,80,174,516
355,107,170,520
349,103,169,514
354,109,172,512
349,104,168,507
357,104,172,513
354,106,172,512
362,138,174,507
352,108,172,504
353,105,172,494
349,105,167,489
344,105,123,485
341,107,168,481
352,104,171,478
353,107,166,486
350,104,168,495
350,106,171,497
353,106,166,493
353,94,168,478
348,99,164,483
352,107,161,471
371,105,162,472
352,103,156,468
356,111,164,468
352,103,156,460
352,100,177,450
353,102,164,456
354,107,160,452
352,89,158,450
352,102,157,447
348,101,168,442
353,100,154,435
351,115,159,432
352,100,152,428
353,104,150,427
354,101,151,433
355,103,151,432
351,98,154,424
354,101,150,425
352,99,150,430
352,99,147,422
353,103,152,420
355,99,140,421
336,102,151,430
351,102,146,436
346,98,150,439
350,103,157,428
354,101,152,431
347,98,156,436
353,88,163,442
350,103,151,452
344,98,146,467
350,100,151,456
346,99,147,443
364,99,150,459
349,99,153,478
354,107,144,471
349,102,153,475
356,108,152,466
342,112,149,467
352,102,148,464
352,105,149,458
350,107,141,453
354,105,147,445
350,114,149,447
360,105,149,441
350,94,156,434
353,103,146,446
361,104,148,460
351,103,147,456
353,108,149,453
352,94,146,448
352,105,146,452
349,103,146,464
352,106,145,466
343,103,152,472
349,102,146,481
347,96,142,505
357,104,116,500
350,104,147,493
351,101,144,487
352,104,140,486
350,100,142,494
350,105,141,479
360,103,137,478
347,101,134,464
347,106,142,467
349,102,138,460
354,109,142,463
350,109,140,460
343,115,136,457
348,110,136,462
351,115,138,451
352,170,139,454
350,113,136,452
352,131,142,455
350,106,138,449
352,105,142,445
350,108,140,440
351,107,142,433
348,105,139,430
352,107,136,430
342,109,138,427
349,106,140,428
344,107,140,427
352,105,137,422
353,122,141,424
351,106,140,431
353,108,142,435
351,109,149,436
356,51,146,443
351,105,148,448
352,103,145,447
362,110,145,456
357,101,144,471
351,104,145,488
341,106,144,487
352,102,143,484
351,103,146,479
355,101,144,475
349,89,144,475
365,101,121,488
361,102,149,493
354,103,148,487
355,101,150,483
356,102,149,475
361,101,152,484
355,103,147,502
370,102,111,491
355,100,149,484
356,102,146,474
349,100,147,473
355,99,140,468
356,99,148,465
355,102,147,477
350,93,146,454
356,96,142,454
351,94,148,450
354,100,145,448
356,98,141,451
353,96,150,460
354,92,167,453
356,100,157,471
351,97,154,472
354,100,150,479
350,97,150,464
350,96,152,468
355,104,149,484
355,100,152,504
355,101,154,518
353,97,153,531
360,106,161,541
357,104,153,535
360,108,154,530
359,107,154,539
360,104,155,537
356,108,154,542
353,104,151,534
349,106,157,530
367,104,142,526
354,109,158,525
354,105,150,519
352,103,150,513
347,99,156,516
356,101,156,512
347,103,149,506
352,99,150,500
351,104,152,492
351,100,149,486
338,106,142,485
362,104,149,484
352,104,156,480
349,102,158,482
355,124,141,475
348,105,156,471
348,105,141,461
350,111,154,465
347,102,150,465
349,110,154,451
350,106,150,456
349,110,138,449
349,110,151,454
352,108,147,451
352,110,149,449
357,109,153,441
350,113,148,444
348,106,148,440
346,110,160,434
350,107,144,431
354,109,144,447
356,113,147,458
355,112,153,454
351,110,163,466
356,104,172,484
353,120,169,489
352,108,173,495
349,111,170,497
353,107,169,488
346,110,169,491
371,110,167,501
353,110,166,524
350,112,164,535
359,109,165,532
352,108,167,525
349,102,172,519
352,116,163,514
349,98,160,503
353,112,159,512
348,114,162,500
339,114,151,497
350,108,160,502
350,108,158,496
349,108,161,493
349,110,150,488
350,114,160,484
344,104,120,478
350,99,154,476
349,106,157,485
349,104,140,479
346,104,161,480
348,107,153,479
346,105,152,480
348,99,150,475
282,106,154,475
347,105,149,474
345,97,151,472
344,97,147,479
353,105,151,459
347,106,152,462
346,104,144,463
346,105,151,458
348,106,147,449
349,103,150,460
325,100,147,477
349,105,147,492
348,102,146,495
357,102,145,483
348,107,147,491
349,100,145,486
351,100,148,472
318,98,144,470
349,100,146,466
347,99,148,462
356,101,140,471
316,100,144,452
351,97,144,459
351,99,144,452
364,81,142,451
348,100,143,450
347,96,137,446
350,102,146,439
344,99,144,440
352,100,142,438
348,93,141,445
352,72,142,430
356,95,140,428
349,96,140,432
350,97,150,431
354,89,152,431
349,90,155,443
348,97,138,437
349,98,151,437
346,107,149,433
349,98,149,428
347,99,153,441
349,98,148,450
348,90,148,454
350,94,146,453
351,97,147,455
348,95,144,458
355,99,141,458
346,97,147,460
349,98,145,449
344,96,145,446
345,92,142,456
345,98,144,440
347,94,143,441
348,94,145,438
344,92,144,425
342,89,142,435
345,94,138,431
345,94,140,423
346,91,144,425
347,99,140,435
347,97,143,443
349,84,146,442
348,91,148,449
349,94,139,440
352,97,140,440
352,97,103,451
352,93,143,454
351,95,144,447
352,94,142,446
346,111,141,444
338,94,143,440
351,96,146,441
351,86,144,440
352,97,144,437
347,93,132,436
352,121,146,430
349,94,152,432
352,105,152,424
349,96,166,422
349,90,165,423
349,93,165,430
346,92,163,432
348,95,164,431
344,97,157,424
307,91,160,420
349,90,159,427
348,93,157,438
340,98,160,424
344,98,156,423
348,98,158,429
345,103,160,431
352,102,169,429
347,104,160,426
350,103,158,424
341,103,162,424
354,104,160,416
357,96,161,417
349,99,160,411
347,111,158,412
351,101,154,407
353,99,156,406
354,100,177,410
356,96,153,405
352,95,152,416
351,99,152,397
352,114,156,400
350,98,152,394
352,104,153,392
354,128,152,390
353,102,153,384
351,102,152,385
353,97,150,381
349,98,150,387
352,100,151,381
351,107,152,381
356,98,152,380
354,101,152,378
357,96,155,388
352,100,168,385
355,107,158,387
350,99,147,382
350,98,151,373
349,94,149,378
348,98,149,379
346,94,144,382
305,97,145,382
348,96,147,380
349,95,147,377
345,96,146,380
350,96,147,368
347,99,145,375
350,96,146,373
352,98,147,377
347,96,144,372
350,98,144,372
349,94,144,374
348,99,142,383
349,96,144,388
352,95,141,390
344,96,144,386
349,92,139,379
348,97,148,383
350,97,158,402
350,98,154,428
348,95,176,451
349,97,182,458
346,98,172,454
348,96,179,454
347,139,182,455
347,90,182,464
347,93,186,480
347,95,186,491
351,94,184,483
344,89,182,489
347,98,183,496
344,96,181,503
348,94,176,512
345,80,184,503
347,93,177,509
354,91,176,515
350,92,176,515
345,94,180,512
346,88,176,506
349,93,176,512
346,82,174,513
347,90,174,503
345,93,171,501
347,103,168,494
337,86,172,479
342,89,171,489
347,129,173,499
345,96,178,513
353,118,174,526
349,110,193,535
352,111,212,541
353,112,225,550
350,116,227,545
348,119,233,582
348,113,242,615
353,119,266,628
351,115,275,649
349,117,280,672
352,110,288,673
349,113,286,673
347,114,285,665
349,112,279,658
355,113,258,648
345,111,275,636
348,110,270,638
344,110,272,620
349,112,267,617
342,113,258,610
349,109,259,600
350,113,259,608
351,110,261,585
350,113,258,578
356,105,249,573
350,107,249,569
347,109,245,571
348,108,242,556
347,106,242,581
352,124,240,548
349,109,238,553
352,120,232,544
352,106,237,545
353,108,237,537
350,106,236,542
355,108,224,547
361,106,230,537
356,106,224,532
352,108,228,504
356,103,224,537
361,104,217,529
354,105,223,531
362,107,208,521
361,108,221,523
362,105,218,517
363,96,220,506
351,107,208,502
361,106,204,498
358,100,213,499
358,103,212,497
357,110,212,493
356,102,210,485
377,108,206,486
363,103,211,495
357,103,219,505
352,107,216,509
355,104,217,504
344,98,215,503
355,101,210,505
354,106,215,533
342,102,210,541
355,102,216,535
356,99,213,545
351,106,213,559
353,101,208,584
353,104,210,571
353,107,215,569
353,136,223,561
352,114,221,559
365,115,216,560
353,121,220,569
352,115,223,586
350,122,227,596
347,121,228,592
350,74,232,582
358,119,234,587
354,97,233,589
350,115,229,583
336,116,227,574
351,117,230,573
350,110,218,565
348,124,223,560
351,111,219,562
353,114,220,561
359,113,220,558
352,130,217,550
352,116,215,549
348,111,211,539
356,117,209,534
350,110,208,538
353,111,210,545
353,105,206,538
355,107,207,528
350,109,206,531
347,111,199,528
353,111,200,528
349,107,196,527
350,117,192,522
350,102,204,530
351,111,208,541
346,108,222,552
346,110,229,565
348,109,249,565
350,106,249,556
349,108,248,569
367,105,254,599
347,108,258,620
307,104,269,626
346,106,283,634
340,104,292,646
348,105,288,659
344,107,295,651
347,104,290,640
349,101,288,635
348,104,276,625
347,105,279,621
346,101,276,612
348,106,276,611
350,103,271,608
354,102,225,600
353,101,268,592
355,101,264,578
354,102,261,573
341,100,258,561
353,107,256,555
353,101,252,573
359,102,256,576
352,102,249,587
355,101,252,589
350,102,251,581
354,97,249,571
350,101,253,574
352,102,245,582
351,101,245,600
349,99,241,597
352,102,241,599
351,108,237,598
354,111,230,586
370,112,237,585
354,115,233,574
356,102,229,575
352,113,226,566
356,114,230,562
356,110,226,549
358,128,228,548
351,123,221,547
360,117,220,542
355,109,219,562
402,116,218,557
357,115,226,567
358,112,225,566
358,114,225,568
357,115,224,580
358,113,220,591
358,118,220,614
361,116,217,633
362,113,221,650
360,104,223,652
360,116,225,662
363,106,223,645
358,117,221,637
355,110,212,632
358,114,222,618
357,112,217,613
361,105,218,607
353,111,212,613
360,100,213,608
358,111,212,604
354,110,210,596
357,116,212,587
358,110,213,581
357,116,213,573
360,110,212,566
376,104,234,561
362,108,222,564
362,108,222,555
363,108,221,570
358,98,217,560
362,100,220,556
361,105,213,554
356,110,219,554
361,107,217,549
364,113,216,555
361,110,220,560
365,107,221,561
364,110,214,557
366,108,212,549
365,104,216,540
364,107,213,557
360,107,217,570
363,110,216,573
372,108,214,587
358,103,225,589
363,105,219,601
360,104,219,598
372,103,216,590
363,102,219,588
374,106,216,629
363,106,218,606
364,104,214,630
373,133,210,627
363,94,209,619
360,104,208,610
361,100,210,602
359,101,202,610
359,104,204,606
367,101,202,601
374,104,174,610
358,101,193,610
320,102,202,613
360,98,201,616
353,99,216,609
362,101,198,606
358,99,196,592
355,118,198,592
359,97,193,585
362,100,192,577
360,100,192,576
355,88,195,566
360,101,191,564
359,98,187,551
360,105,189,544
360,108,185,542
360,109,191,544
356,108,187,536
361,116,183,525
356,52,184,524
359,123,182,519
343,124,173,514
355,118,181,508
356,117,180,505
359,116,178,503
361,119,195,505
364,132,185,505
364,115,190,517
364,119,184,521
362,116,194,515
362,112,198,535
360,114,198,557
360,114,196,577
360,111,208,578
359,116,209,569
361,126,208,563
367,113,206,558
359,111,203,551
362,109,201,547
358,115,201,543
360,103,201,546
361,111,206,548
360,109,195,542
358,111,198,538
359,109,200,532
352,109,190,527
359,109,204,523
358,101,203,514
358,107,203,510
355,102,203,512
355,107,201,499
358,107,206,499
357,104,213,506
356,102,208,507
353,104,227,509
361,134,207,504
364,103,206,505
355,104,204,502
361,101,200,496
362,107,211,501
362,101,216,512
345,112,211,512
366,104,226,517
362,104,221,525
361,102,228,523
364,102,224,515
359,92,228,512
362,98,221,525
365,102,219,542
368,101,215,545
358,102,221,539
365,90,213,539
360,104,214,542
359,88,216,540
360,101,212,538
358,97,222,545
362,101,222,552
363,100,222,550
362,90,218,550
361,97,222,536
358,97,219,530
360,100,218,531
361,112,205,539
362,106,216,535
360,109,217,532
362,111,213,517
363,108,216,521
364,104,211,521
363,107,210,527
361,101,206,532
359,107,205,524
360,103,202,530
363,104,203,533
359,104,202,531
361,101,195,529
353,102,201,524
358,98,196,518
359,105,196,512
356,135,194,505
356,104,192,498
355,103,189,496
357,104,190,490
350,107,186,484
360,104,184,479
355,111,190,486
355,115,192,489
357,114,196,487
350,108,196,478
357,111,200,474
355,110,190,471
358,108,191,467
349,109,211,478
362,109,196,494
353,109,195,499
348,102,193,497
354,115,194,496
358,98,190,501
368,116,191,524
366,114,210,542
370,111,211,547
365,116,220,564
357,111,240,551
367,118,235,577
366,115,223,591
364,119,244,618
361,107,243,615
364,116,246,609
365,118,239,612
349,122,233,596
358,119,239,599
364,117,236,587
321,119,237,585
353,122,233,579
360,118,233,583
357,118,232,577
365,118,228,569
360,117,225,576
367,110,228,561
358,110,224,552
361,113,221,547
360,113,220,543
360,107,212,535
354,114,215,536
354,113,214,531
361,112,210,538
350,113,210,517
360,112,210,518
355,113,209,530
362,111,206,548
354,113,212,557
365,110,203,551
364,114,209,547
367,111,209,546
370,113,208,544
368,110,205,551
366,111,204,548
359,107,208,543
367,111,204,540
365,109,203,551
385,109,202,538
366,110,212,540
360,103,199,543
364,108,210,568
361,98,204,584
364,104,206,624
360,101,214,638
362,108,233,638
364,109,224,632
359,102,224,626
360,109,223,621
361,106,219,612
362,106,227,605
355,109,221,596
363,122,218,586
360,106,220,582
361,104,220,576
358,105,219,570
360,102,215,563
359,103,214,559
360,103,211,561
360,107,208,563
358,103,208,559
362,102,207,568
357,104,209,582
365,102,194,594
378,102,207,619
362,101,205,625
363,105,198,624
373,107,226,633
367,109,199,638
362,112,196,620
365,112,197,612
355,121,195,601
362,114,195,599
362,117,188,594
361,113,189,587
356,121,192,579
359,110,190,570
364,116,190,578
354,110,191,583
359,110,190,603
358,115,180,623
357,129,197,628
358,113,202,626
355,116,204,623
354,112,202,634
355,110,200,657
355,112,201,681
356,110,204,693
361,94,207,691
355,110,202,679
369,105,214,675
358,120,205,666
354,117,209,660
356,111,219,653
356,107,214,648
350,103,208,643
411,107,211,640
351,111,208,627
354,106,208,637
353,106,198,614
355,107,210,617
357,107,203,610
371,110,241,606
356,104,226,597
359,107,231,590
358,106,225,578
364,103,223,577
358,105,226,574
361,104,225,566
363,97,231,565
364,101,230,558
365,113,233,569
354,100,235,568
355,105,231,571
359,101,229,570
363,104,233,565
361,103,233,562
363,102,226,570
362,106,225,581
356,114,223,577
361,106,221,568
367,99,220,562
358,101,218,555
354,117,216,556
371,100,216,554
358,101,217,552
352,95,213,545
357,102,217,544
355,100,212,545
363,99,213,544
357,94,211,529
362,104,210,527
365,102,209,534
363,105,209,545
364,104,218,544
366,68,220,536
365,103,219,531
368,99,220,533
362,104,232,550
365,100,239,556
362,103,220,566
361,101,227,567
364,74,225,561
360,99,224,556
375,96,233,550
362,100,221,546
357,97,219,538
359,97,215,547
362,98,215,542
359,102,212,547
353,97,224,558
360,90,227,564
361,93,232,557
358,100,229,549
358,106,227,544
357,99,227,546
358,101,224,552
358,99,220,559
362,101,228,558
351,105,210,547
369,107,216,544
358,110,221,535
355,123,210,544
357,112,215,534
357,110,209,524
361,116,211,515
349,114,208,517
359,115,207,516
357,111,206,513
358,110,201,504
354,109,206,504
355,109,202,497
360,109,198,497
354,124,196,493
358,108,200,491
361,106,195,485
358,123,194,482
356,113,194,477
358,112,190,474
356,109,193,467
362,110,180,471
359,112,190,474
362,105,185,469
364,109,185,476
355,107,181,459
358,109,181,458
356,105,183,466
358,110,169,468
356,103,187,486
357,111,180,487
352,108,213,515
354,107,180,534
360,107,180,559
354,108,183,551
355,98,182,558
355,109,180,539
356,106,171,520
349,104,185,532
355,108,176,523
360,106,178,524
358,104,175,526
359,105,178,520
361,104,175,533
367,105,176,536
362,102,176,530
366,105,178,521
362,109,174,519
369,100,179,523
364,101,192,535
363,101,189,536
365,105,195,541
372,101,198,524
355,107,198,571
360,101,185,539
364,100,196,532
356,101,210,537
367,100,229,525
361,110,199,525
359,99,198,520
359,101,201,516
360,97,198,521
365,100,198,507
359,101,188,500
361,98,193,495
358,100,194,492
359,88,196,484
389,102,193,485
358,99,189,490
353,128,193,483
358,101,191,477
360,108,186,474
350,102,187,471
365,102,189,476
360,89,193,479
360,97,195,479
359,104,195,476
368,102,192,490
355,110,196,505
360,115,190,521
357,118,192,536
402,116,193,553
409,117,189,556
358,111,202,570
355,114,188,556
349,113,201,552
356,112,184,544
357,112,187,541
349,115,186,536
360,115,192,532
356,130,190,537
376,113,187,536
369,108,204,531
351,108,184,525
360,98,190,524
336,107,159,519
352,111,215,522
352,124,220,520
353,108,216,506
353,101,214,519
354,109,212,507
352,107,211,508
352,111,238,507
356,108,202,500
350,112,207,490
363,109,205,493
350,114,196,493
383,108,204,489
350,105,200,479
350,105,193,492
349,106,203,485
349,104,201,482
348,110,201,486
350,105,199,482
362,107,199,478
352,104,195,475
349,108,192,466
350,107,194,468
352,107,193,466
352,107,195,463
349,103,191,461
351,106,199,466
353,106,192,468
361,108,196,469
365,114,192,469
369,114,198,470
374,102,197,469
369,115,189,467
355,115,191,479
368,116,188,482
369,122,194,480
388,115,187,480
379,115,189,502
373,116,186,497
374,116,189,495
378,112,184,495
374,115,182,491
375,101,187,491
377,112,201,503
377,115,190,515
377,117,190,518
379,114,188,512
376,111,187,507
381,113,193,514
379,111,198,508
379,112,196,503
370,114,195,499
380,114,193,489
371,113,192,487
372,110,189,485
374,111,190,483
375,109,189,478
375,109,192,488
372,109,184,490
373,109,197,487
374,110,186,506
383,111,183,513
372,114,188,513
368,109,185,514
371,132,185,534
367,103,178,554
369,109,176,568
327,108,178,568
369,106,182,565
366,108,181,562
370,117,178,559
371,109,177,551
370,116,173,549
370,116,178,537
363,113,175,535
368,119,166,527
365,117,173,521
367,116,174,512
362,114,177,512
365,114,174,503
363,114,175,503
357,113,171,496
359,116,173,497
361,110,168,492
362,112,171,492
370,114,167,494
362,112,167,487
357,111,172,485
358,116,163,482
360,108,162,482
355,108,167,475
360,111,165,476
358,108,163,484
360,112,170,494
356,110,163,495
362,110,162,490
359,108,160,490
363,120,166,490
365,112,160,485
364,112,154,478
365,110,161,486
365,106,156,488
355,114,154,485
365,109,149,480
366,110,153,480
364,110,155,479
363,120,162,480
365,111,161,482
365,108,158,476
368,122,149,500
364,108,161,509
367,109,161,507
360,108,160,512
366,106,168,506
383,111,168,516
367,109,163,510
363,101,169,516
363,111,159,514
363,114,163,509
362,107,164,506
361,111,161,509
360,112,157,508
364,106,158,509
364,110,174,512
361,112,160,447
363,111,162,494
362,109,166,498
365,119,158,495
362,115,159,487
365,109,162,482
363,107,156,477
357,108,160,468
361,106,164,474
365,102,160,479
361,109,163,485
354,100,156,486
362,107,163,484
363,100,178,477
362,102,169,474
354,111,169,470
373,108,162,467
360,116,171,481
364,96,158,458
360,106,169,457
361,107,154,466
360,102,160,477
362,100,168,468
359,117,169,473
354,102,161,470
359,102,162,468
359,97,167,492
361,106,160,518
370,103,135,541
349,101,159,545
357,101,155,537
401,102,159,537
361,103,158,534
360,101,160,535
360,101,156,536
357,96,157,530
364,105,156,522
361,113,161,513
360,115,108,521
359,115,158,517
358,114,155,510
359,118,155,498
375,112,154,509
358,113,154,506
358,116,157,515
360,110,151,508
358,170,153,505
356,109,152,494
359,113,154,491
360,114,126,494
364,108,139,484
354,115,137,483
357,178,148,477
359,110,149,486
358,112,142,492
355,108,153,493
357,112,151,492
354,110,155,487
356,108,152,482
359,109,146,475
352,109,151,472
356,108,151,470
354,109,152,469
355,101,150,479
347,104,152,464
355,109,148,459
356,109,167,457
356,116,149,452
357,112,160,438
356,108,163,455
356,112,146,456
354,111,160,454
353,108,160,445
356,113,161,441
356,108,160,443
358,111,160,446
355,106,157,452
357,116,157,453
350,106,160,442
351,108,160,438
353,125,169,439
354,108,159,435
349,108,160,430
356,105,155,438
351,107,158,430
358,105,157,433
356,108,158,438
358,107,159,443
357,103,163,443
355,105,160,439
355,104,156,434
358,107,150,437
358,106,158,437
360,106,153,440
354,102,150,434
353,106,154,443
358,102,161,442
355,108,157,438
355,104,166,427
358,102,166,429
356,104,169,432
364,103,163,431
356,102,167,426
356,100,167,423
362,102,166,420
355,101,176,420
354,94,165,417
356,96,164,420
353,99,163,563
361,102,165,576
353,96,167,602
352,89,189,626
350,98,166,630
353,117,173,637
352,101,173,640
353,96,171,627
350,102,172,624
355,102,175,612
352,102,177,608
354,103,168,598
353,103,129,588
352,100,166,581
356,105,166,574
345,104,172,573
355,101,165,569
349,99,166,563
362,101,163,553
357,101,162,554
355,98,162,547
356,101,163,542
366,108,161,538
354,114,161,530
352,115,151,529
354,112,169,524
350,116,158,532
352,113,157,524
354,116,160,530
346,113,154,538
352,119,155,536
351,110,157,545
343,114,153,545
369,108,155,525
357,110,158,554
354,111,155,554
355,112,153,557
355,111,156,548
354,111,154,542
354,111,154,538
353,109,153,533
350,116,152,544
355,118,150,542
356,103,154,534
353,112,153,538
355,107,149,537
354,113,157,535
350,109,149,530
352,111,151,525
359,108,149,519
355,112,140,528
382,109,147,512
361,108,147,508
351,106,148,501
373,95,146,496
355,111,145,496
360,107,153,490
355,113,149,480
366,105,154,480
361,109,153,486
355,109,152,503
357,107,155,497
350,110,155,493
356,99,153,486
373,106,149,484
352,102,155,480
356,101,151,505
359,98,153,529
358,103,159,555
356,105,162,560
359,98,162,553
356,103,161,550
359,105,160,543
356,106,160,538
358,101,155,530
356,104,158,525
356,104,157,523
355,104,159,520
353,100,156,509
354,112,166,535
353,100,154,526
360,97,148,521
368,103,154,516
353,101,154,507
358,91,153,501
354,97,149,502
352,100,151,489
354,97,157,486
359,104,153,480
356,102,140,489
359,98,154,495
357,104,149,506
356,104,150,506
357,100,148,502
359,96,146,497
361,99,148,500
363,99,107,490
361,96,147,486
363,98,148,481
368,98,146,482
364,106,145,490
375,95,146,491
371,99,150,488
366,102,156,483
369,107,160,486
365,109,150,494
367,111,160,494
359,119,164,493
364,110,159,487
367,111,162,485
363,125,149,491
364,113,156,490
362,109,156,482
366,112,157,481
364,113,157,490
366,111,156,474
364,112,161,481
367,109,160,496
360,110,167,509
361,110,169,507
362,111,176,507
359,99,177,507
362,108,179,509
360,103,184,524
363,118,202,564
361,105,194,571
361,106,202,591
357,110,209,587
360,106,209,578
363,134,211,571
363,105,212,575
361,100,214,561
361,105,212,553
362,104,211,544
363,97,214,540
350,107,219,518
384,106,218,537
356,101,216,535
359,104,217,533
352,103,215,527
363,104,214,521
360,93,213,522
350,106,208,512
351,102,208,507
360,104,208,501
358,104,216,504
357,107,208,492
360,102,203,484
361,101,199,486
359,103,201,479
348,97,200,475
357,103,208,470
354,103,197,478
359,101,196,480
349,98,197,485
352,104,196,474
353,101,196,475
358,93,193,488
355,100,192,498
352,107,192,492
358,69,188,510
353,97,189,529
356,98,196,541
354,101,186,542
349,115,172,535
353,101,186,534
352,99,183,533
348,97,176,533
353,98,183,530
359,101,226,531
352,90,185,542
345,86,183,544
351,97,181,545
351,95,186,536
353,104,184,536
350,94,182,533
348,102,187,535
350,99,183,535
352,98,188,534
349,94,203,540
352,100,221,551
349,98,225,536
351,96,214,531
352,97,212,523
351,95,210,519
350,97,209,509
346,98,209,502
347,97,210,493
350,97,213,504
350,97,214,503
342,113,218,502
347,100,210,453
348,94,215,502
346,95,210,495
349,97,214,498
351,93,213,492
353,101,210,485
349,104,205,495
353,107,206,476
353,108,206,473
351,110,201,470
346,113,210,468
346,108,207,467
348,114,203,459
348,109,199,463
360,108,199,475
353,109,200,489
354,109,200,498
353,109,196,497
351,97,205,481
358,111,197,488
355,107,192,477
357,109,200,478
349,104,189,471
354,109,193,475
352,107,196,477
355,110,189,472
352,110,196,482
351,105,189,487
352,114,189,464
351,105,187,486
354,108,190,483
360,105,186,488
350,104,183,480
350,104,187,474
351,104,180,467
349,118,182,465
351,103,180,458
357,107,181,448
356,103,177,461
352,104,172,466
350,104,177,464
354,104,172,461
347,100,176,463
352,104,174,461
350,101,173,460
349,103,171,454
350,102,172,470
347,96,168,461
349,104,168,459
337,103,161,464
355,101,170,470
349,102,164,482
350,108,160,474
354,103,171,471
362,89,172,484
350,103,172,508
350,102,185,536
354,64,182,569
352,104,185,570
363,106,183,594
337,101,192,625
363,103,194,658
347,101,216,691
347,107,223,711
353,94,222,712
348,100,216,697
350,93,219,695
346,102,213,685
342,102,214,674
346,101,214,671
351,100,212,672
350,104,222,679
347,99,207,674
348,101,207,679
352,100,209,662
357,94,205,638
345,110,204,646
353,102,196,638
347,128,203,634
348,107,200,626
349,104,211,619
349,100,196,609
350,93,200,602
350,98,194,597
350,100,186,587
350,88,193,582
350,97,190,576
347,97,185,580
350,97,177,558
351,101,190,557
351,101,186,547
349,99,185,550
342,102,183,554
349,99,191,551
345,100,183,542
303,102,179,541
348,101,180,536
322,100,182,549
350,97,190,566
349,96,193,579
367,100,198,577
347,97,199,584
344,98,199,606
348,98,204,641
346,99,207,641
344,98,210,633
347,94,210,624
346,98,210,618
345,98,207,622
347,100,209,627
347,107,205,618
349,68,206,612
343,96,204,606
360,91,198,598
344,96,204,600
344,96,203,599
348,88,209,598
334,93,203,589
350,91,211,580
345,96,211,578
338,103,210,585
338,96,222,589
343,96,219,588
346,98,213,589
344,95,224,585
345,96,235,598
344,94,232,600
343,97,238,593
342,106,231,580
342,95,230,583
345,96,227,590
347,99,225,589
344,97,225,600
342,94,221,588
347,86,218,602
338,93,218,615
345,96,216,618
346,92,229,611
345,98,212,608
344,92,208,598
345,95,210,591
344,96,213,587
352,93,208,592
350,96,210,594
360,102,206,587
350,96,205,579
350,89,203,576
353,96,204,568
352,94,195,565
349,101,200,561
363,104,198,561
352,102,187,556
352,109,196,550
351,106,190,542
351,107,192,538
351,101,186,532
355,108,198,528
353,103,193,526
357,94,199,521
363,101,201,516
357,104,205,520
354,123,214,532
358,100,204,544
355,109,197,548
354,100,203,543
357,105,206,528
359,108,205,531
359,102,202,544
356,102,209,563
356,102,200,577
355,97,204,550
355,100,202,567
355,103,198,566
355,139,197,556
354,106,197,552
351,99,197,544
373,101,190,552
351,100,190,542
356,103,196,526
356,100,195,521
355,104,193,480
355,103,193,515
351,101,188,514
355,102,192,509
352,103,196,515
363,101,194,509
350,96,190,512
351,98,188,506
351,102,194,503
352,102,185,501
354,101,194,497
351,97,194,497
353,103,183,521
351,99,186,542
352,100,183,555
351,99,194,570
347,99,200,567
347,100,202,569
352,89,197,596
349,94,204,616
347,99,203,616
346,100,217,611
348,98,201,604
350,98,202,590
342,98,206,617
343,108,206,631
347,85,203,626
347,92,204,620
347,99,203,613
346,94,199,605
348,97,200,598
357,94,173,592
348,97,206,590
365,96,208,584
352,98,205,575
350,101,198,570
347,90,197,560
352,97,214,567
353,94,211,580
352,94,230,592
341,115,226,593
351,94,229,583
346,97,228,590
352,93,225,578
351,93,223,578
352,90,222,574
350,96,218,566
349,108,215,561
351,90,217,555
347,94,202,555
356,91,214,549
353,94,215,547
354,91,211,539
352,95,213,537
338,92,208,531
352,92,207,526
354,91,198,518
356,96,204,529
354,97,203,544
356,93,201,556
355,93,204,554
356,93,196,544
354,94,200,545
354,93,202,552
355,97,193,553
355,98,204,544
356,108,202,542
322,106,199,537
358,106,200,540
372,105,202,542
356,104,205,539
352,116,198,538
353,104,195,532
357,105,199,530
353,105,194,523
354,105,196,520
358,104,192,514
358,106,191,507
352,103,190,504
355,103,187,497
354,107,189,496
338,101,145,492
353,164,187,501
405,101,188,494
356,103,193,493
356,96,195,500
357,103,186,482
351,101,200,482
355,102,193,474
354,103,195,468
353,101,190,467
353,104,193,464
349,93,188,457
353,101,186,457
350,100,188,461
350,100,180,454
348,101,186,451
349,100,182,453
349,99,183,451
349,100,179,446
350,99,180,441
350,98,179,443
355,99,185,445
356,87,189,444
352,103,184,456
350,116,174,476
355,99,183,483
361,100,180,482
348,98,179,477
355,100,172,481
349,98,177,471
351,99,176,465
349,99,173,463
352,96,168,460
350,97,174,465
349,94,172,490
355,99,176,497
353,97,173,493
354,101,167,492
351,96,169,491
365,107,175,489
351,104,171,488
356,99,170,482
354,96,169,474
355,103,166,473
353,98,171,470
356,101,161,479
356,103,169,472
352,100,202,475
356,101,164,469
349,101,168,474
358,103,174,464
350,126,175,460
357,99,173,464
353,100,169,468
364,97,176,471
353,102,179,477
348,99,174,475
362,102,149,471
351,98,172,475
352,98,170,469
352,97,170,474
348,97,166,479
349,99,171,476
352,97,167,477
348,92,168,471
352,95,164,474
363,89,174,482
354,98,161,484
354,97,164,483
356,96,168,480
356,101,161,477
356,98,161,485
363,96,160,484
358,96,164,483
359,98,163,479
355,98,163,483
356,96,160,489
357,96,159,489
355,97,187,487
354,95,156,478
359,97,155,477
349,97,155,486
357,99,158,507
357,96,163,522
360,99,173,536
350,96,173,536
360,93,188,530
356,92,190,530
368,96,154,522
357,95,182,551
358,94,176,555
359,95,179,571
353,94,185,587
358,97,183,583
355,94,178,561
373,81,179,569
360,96,180,562
365,103,171,557
358,104,171,554
375,100,180,559
364,106,176,551
362,101,168,546
359,105,192,548
362,103,175,542
358,92,171,535
363,101,172,527
366,111,175,525
365,96,180,525
364,103,180,519
367,102,184,512
366,98,178,507
366,102,181,504
364,99,177,498
364,99,176,484
360,98,178,488
366,98,176,477
378,108,179,498
365,95,180,496
364,98,186,493
365,98,180,490
362,100,179,489
362,102,168,518
369,97,176,524
367,98,179,523
367,96,184,514
367,89,174,513
369,93,173,504
367,97,166,501
371,96,173,498
370,94,175,498
369,96,174,499
370,99,175,495
368,93,181,490
370,94,174,500
370,95,180,504
358,96,178,498
369,101,185,495
371,94,189,489
368,97,189,485
365,96,186,484
358,97,182,491
365,96,185,489
372,82,183,482
366,94,184,485
365,94,168,498
369,97,186,505
369,96,183,519
368,95,184,522
370,94,182,539
366,85,182,526
367,100,182,520
369,94,178,515
361,95,185,510
367,90,179,504
369,102,181,473
363,92,178,495
370,88,178,488
364,93,174,482
368,95,174,479
366,100,173,476
368,93,172,471
370,89,177,471
368,95,170,476
378,100,171,472
370,95,168,466
368,96,170,464
371,102,172,474
367,96,176,471
366,94,173,467
372,92,168,465
385,98,169,465
366,93,169,460
366,98,170,457
360,97,166,454
369,99,169,451
365,93,159,453
368,94,164,444
382,98,167,491
368,92,162,439
367,93,165,441
368,94,159,440
371,97,162,438
367,94,160,438
356,95,162,444
366,88,155,448
365,94,163,440
363,93,170,446
367,96,168,448
359,97,172,460
367,100,163,456
368,98,167,457
366,104,166,457
363,106,166,452
367,104,161,447
366,106,163,444
327,104,161,445
366,106,157,442
365,108,160,440
367,104,163,433
367,109,164,437
365,104,160,433
368,108,163,429
375,104,166,445
369,101,166,440
363,101,176,452
367,105,180,444
360,105,183,444
362,103,176,437
365,104,181,440
364,104,179,440
367,106,179,440
364,102,172,438
387,102,175,438
364,112,177,414
367,100,172,431
364,98,179,429
373,96,183,426
368,102,176,420
367,108,173,414
345,98,170,415
364,101,169,414
366,100,168,409
362,100,171,419
367,91,174,424
365,100,169,428
368,102,168,428
358,100,172,428
363,91,165,457
367,101,168,427
360,100,165,440
364,103,166,443
360,100,166,449
362,98,166,435
359,100,163,438
362,96,155,440
365,102,161,455
366,96,168,469
365,96,160,470
374,83,160,467
364,96,171,465
359,96,160,460
366,94,158,455
363,100,160,456
364,98,157,456
369,90,157,457
363,92,156,452
365,96,157,448
377,128,153,446
365,100,153,445
362,99,154,449
362,92,151,456
367,97,154,460
405,93,149,460
366,96,149,466
358,93,156,466
370,94,156,463
364,97,157,463
365,98,149,465
356,101,151,468
367,97,164,460
362,98,153,458
366,97,143,457
366,98,158,462
364,98,162,484
366,96,163,494
357,88,171,489
361,100,155,482
363,95,162,480
380,95,154,480
366,103,161,486
364,86,165,481
367,98,163,476
362,84,159,476
363,97,160,478
360,96,160,476
360,90,162,469
316,101,164,489
361,98,165,495
352,110,165,494
359,102,170,489
356,101,167,486
359,106,159,487
361,110,156,492
371,106,162,484
363,106,164,477
356,107,163,473
359,106,160,485
365,157,163,466
363,98,177,467
362,104,163,471
362,101,161,458
362,107,158,458
359,105,160,454
358,101,160,444
356,108,179,452
361,103,162,445
361,108,164,454
364,103,171,473
358,105,185,498
346,108,189,521
364,105,192,525
358,115,184,529
361,103,192,521
357,101,198,538
362,101,193,575
357,103,211,603
358,101,219,619
358,102,225,623
342,103,226,635
360,102,225,641
355,106,218,632
362,101,227,626
355,96,218,624
357,99,211,614
357,96,216,608
358,99,170,595
358,101,209,593
357,100,204,582
361,102,202,574
359,98,205,575
364,95,205,574
354,99,232,583
364,102,192,573
361,101,202,567
361,98,212,563
360,101,192,556
363,100,195,551
359,101,207,548
360,109,195,540
361,98,191,528
357,97,203,527
359,96,205,528
360,89,210,512
358,98,199,507
356,96,197,504
356,93,197,509
362,100,194,515
350,95,198,528
362,97,194,528
356,91,196,530
356,92,194,515
361,98,194,518
362,94,204,507
368,98,192,508
371,96,191,513
373,102,192,509
369,101,188,512
374,97,189,515
370,100,189,517
374,91,186,503
361,97,192,500
349,96,191,489
369,100,192,489
369,96,187,487
365,94,185,481
360,93,186,481
352,102,180,480
363,96,183,477
356,97,184,469
363,98,184,467
361,105,180,442
359,105,178,457
361,94,176,452
361,93,178,460
361,95,174,479
363,96,179,480
365,96,180,481
360,96,177,494
352,96,178,494
358,91,177,488
360,107,181,483
377,95,173,489
362,104,178,483
360,93,179,482
361,102,182,485
360,102,181,477
362,102,183,475
360,106,178,490
364,107,180,501
361,106,182,512
359,106,180,504
363,110,182,516
412,110,181,520
362,106,180,517
358,108,178,512
365,108,178,506
362,105,178,504
359,104,175,508
363,108,173,516
356,104,177,512
364,110,179,506
366,105,178,502
378,104,177,496
362,105,177,491
363,103,176,481
361,103,181,481
362,103,174,477
362,112,173,476
361,102,164,486
356,102,174,483
357,102,170,475
361,101,161,480
358,106,170,477
362,101,179,486
356,99,191,494
357,105,195,495
371,104,198,503
356,105,194,502
357,102,198,530
356,104,201,551
354,92,204,549
354,102,204,556
355,97,207,549
362,102,205,548
360,100,202,540
361,101,204,535
358,96,201,536
361,102,196,536
360,101,200,532
363,100,198,534
356,94,188,526
357,94,197,507
355,92,212,536
356,96,194,540
357,96,184,532
360,32,198,539
362,101,199,534
352,99,211,529
360,98,222,525
357,90,231,520
359,97,233,512
357,91,239,520
358,98,240,517
363,99,237,512
356,94,236,528
357,98,235,552
356,97,239,577
357,116,236,580
354,98,234,571
349,97,232,567
354,101,232,561
364,100,230,560
358,94,230,553
356,89,224,548
354,96,224,541
351,102,214,536
354,93,223,533
356,96,220,530
358,100,218,514
310,96,215,517
358,92,214,508
360,62,215,505
359,95,210,495
361,100,210,495
360,104,206,489
359,102,205,485
347,102,207,484
363,98,201,475
360,100,194,471
362,108,200,471
367,105,189,468
362,110,197,460
365,100,201,456
365,100,200,456
363,114,203,452
362,103,190,449
340,107,193,439
365,121,194,424
366,106,190,441
367,108,181,446
371,108,195,441
358,106,195,438
363,107,189,427
370,105,185,429
364,106,187,445
362,104,185,458
362,110,184,456
362,103,189,457
361,108,194,459
364,103,201,456
365,98,203,462
362,106,201,465
366,104,198,466
361,106,200,461
363,109,212,463
362,114,197,470
366,106,190,465
360,112,194,469
358,107,190,477
340,106,189,495
350,106,189,505
364,96,187,508
368,107,160,500
361,105,202,512
352,114,181,503
366,105,185,501
364,108,185,500
365,103,183,502
367,112,185,489
364,107,188,508
366,108,188,507
355,108,187,504
366,106,189,499
360,105,184,488
368,105,186,487
361,112,185,502
360,161,183,500
358,104,183,500
361,103,173,494
366,102,180,503
362,106,183,510
365,103,175,501
359,104,182,506
361,104,184,507
364,102,186,519
357,103,183,513
360,104,184,508
359,101,180,505
361,99,176,500
361,89,184,520
362,103,177,542
365,104,180,546
359,116,185,539
364,104,190,536
362,101,194,547
362,102,196,554
360,100,189,558
362,85,188,551
361,99,190,547
363,100,186,544
360,102,196,535
358,98,190,532
361,102,190,539
358,100,188,541
360,105,188,539
360,97,191,541
361,97,187,536
360,98,189,532
360,99,187,528
360,98,186,532
360,99,179,526
348,100,184,522
358,94,181,515
361,99,182,512
371,98,179,507
358,96,180,503
355,96,177,495
358,97,178,502
357,69,179,489
357,99,176,487
354,96,176,490
357,101,173,488
363,102,171,487
358,102,178,491
362,103,174,500
357,104,174,505
357,102,176,504
355,103,177,497
352,100,179,493
357,103,177,491
356,100,174,500
354,93,176,505
359,87,184,505
359,99,180,500
355,100,180,508
355,98,175,516
360,100,176,534
360,96,180,539
353,100,189,550
359,88,189,544
360,99,192,534
356,97,187,531
372,103,187,528
354,97,187,524
365,104,187,519
364,99,194,522
356,102,192,522
347,100,205,525
360,95,215,533
358,95,224,536
355,97,218,540
357,91,217,554
354,93,222,544
356,108,214,563
357,96,227,585
357,94,228,594
355,96,229,610
357,91,218,610
361,100,226,608
367,96,221,609
361,97,211,614
357,96,219,608
363,97,215,609
363,98,223,622
362,94,218,625
364,97,220,625
359,93,218,624
363,97,215,621
361,96,212,616
361,94,213,612
360,94,213,621
365,94,211,628
359,94,208,629
369,101,208,618
360,64,208,612
358,94,204,602
359,94,203,601
358,99,208,546
345,95,254,605
358,96,210,609
358,97,168,609
358,96,223,614
359,89,220,602
358,90,220,601
356,89,235,616
359,93,202,605
354,96,216,598
359,93,217,589
352,94,211,594
348,92,208,589
354,97,209,589
353,99,208,569
357,106,202,570
354,95,205,568
354,88,205,561
352,86,199,555
357,97,199,549
353,93,198,548
355,94,190,541
354,95,197,537
351,97,195,533
354,98,206,541
363,93,194,549
353,99,194,549
351,96,196,544
353,96,190,552
355,98,195,533
358,97,198,524
362,96,193,523
355,96,189,514
366,100,193,514
367,101,188,509
362,106,188,503
372,113,213,502
361,120,191,507
356,110,185,530
358,107,179,521
361,108,181,524
413,106,180,516
361,113,178,512
361,106,188,516
360,113,176,505
359,108,178,501
355,132,177,496
366,108,172,491
362,106,174,488
362,106,176,486
362,104,172,507
359,104,173,500
358,104,169,496
358,96,171,516
356,103,170,507
362,101,173,523
360,107,177,521
358,118,175,530
358,103,178,548
356,101,174,567
366,104,167,576
362,100,170,561
362,102,175,553
366,86,164,542
365,103,166,549
372,100,171,546
365,101,168,538
363,102,169,533
362,102,169,523
362,98,166,521
361,101,156,513
361,91,167,512
359,112,162,508
362,100,165,509
357,100,162,509
360,99,177,502
358,101,181,501
358,98,183,498
360,100,181,493
356,60,187,492
358,98,195,498
357,100,207,505
361,98,212,509
357,97,204,505
363,97,210,516
361,100,213,510
359,89,208,506
358,96,209,502
358,96,199,495
349,107,203,499
356,98,197,490
362,98,201,447
355,97,202,506
355,64,199,514
357,100,198,512
354,96,197,500
355,101,198,503
356,94,194,494
354,87,192,494
353,96,193,494
357,153,190,488
331,98,193,484
362,97,189,477
351,89,188,475
356,96,184,466
350,97,192,483
353,93,186,489
351,97,185,487
353,97,184,492
358,96,187,503
355,95,191,502
361,92,193,488
356,92,196,492
351,93,196,459
348,100,200,489
353,114,192,485
357,119,205,483
357,103,190,484
357,115,204,502
354,113,209,506
364,110,210,496
357,113,216,494
355,104,209,489
356,115,209,486
357,104,212,494
344,115,270,507
356,112,236,530
354,112,247,548
355,113,247,549
361,111,244,563
356,113,244,587
354,109,243,596
358,111,246,600
355,109,246,600
362,114,264,605
354,111,256,602
384,112,256,599
356,111,256,598
376,113,250,607
371,112,250,606
353,109,243,601
349,112,240,592
355,110,249,593
361,97,256,602
356,108,260,599
360,109,262,601
349,108,258,592
364,106,259,597
360,124,258,611
349,115,247,614
357,118,256,600
357,117,253,598
362,118,242,599
345,122,246,599
360,122,246,591
364,113,244,587
361,116,240,570
358,117,241,581
359,117,239,585
360,111,235,581
357,122,227,569
359,114,235,567
354,115,230,558
349,115,229,556
356,114,231,545
356,111,226,544
357,115,229,545
348,109,235,547
356,113,242,547
358,108,246,566
358,112,248,577
353,112,247,576
355,108,253,577
352,110,268,585
351,115,273,597
349,107,280,602
349,105,274,585
347,110,277,588
358,107,267,586
358,108,265,594
350,105,260,588
361,106,257,590
349,105,252,608
351,106,247,609
342,109,251,605
350,106,247,596
350,107,247,590
350,101,240,583
357,97,235,576
350,124,240,581
350,96,242,579
353,103,238,575
354,104,230,562
356,109,236,570
355,100,225,550
358,99,231,560
357,103,226,546
359,106,228,532
365,104,222,544
357,103,231,540
354,114,215,541
354,116,217,540
354,118,218,562
355,111,219,542
357,115,222,553
349,112,226,554
358,114,224,545
354,114,216,537
356,124,221,534
350,114,214,523
353,111,214,526
354,112,217,523
354,113,209,524
350,112,209,518
350,112,205,515
353,110,207,516
352,110,204,513
350,111,204,531
352,121,205,544
340,122,202,539
350,113,201,537
347,120,197,532
359,110,200,527
354,116,198,516
354,119,199,516
352,117,199,517
357,116,192,513
326,114,196,527
359,117,196,535
357,111,213,536
354,113,198,525
356,107,197,521
352,113,193,525
354,109,197,535
356,111,197,550
362,109,199,553
353,111,197,552
356,112,195,549
359,114,196,537
362,115,192,528
355,115,193,524
353,114,188,517
356,119,192,513
357,125,191,509
358,115,187,512
356,112,186,512
363,116,185,507
355,122,192,512
359,117,202,537
359,119,216,553
358,112,236,572
357,120,242,575
348,117,237,584
358,123,234,600
353,115,252,625
354,123,264,609
351,130,258,602
358,121,252,600
362,124,256,585
357,121,256,591
364,120,253,607
359,125,248,614
365,126,237,617
360,118,245,613
359,117,239,598
358,116,235,594
350,113,240,587
358,117,232,580
357,114,233,572
357,116,223,568
357,114,228,568
358,116,222,564
351,122,229,572
357,113,223,567
355,115,221,561
355,110,221,555
358,114,210,547
353,111,214,545
357,112,216,542
361,112,214,540
354,104,215,536
323,112,212,532
357,111,211,523
355,58,211,524
354,109,214,518
356,114,207,512
352,108,236,509
357,112,209,503
356,118,214,513
358,104,219,517
351,117,222,518
352,118,224,509
353,120,225,507
349,116,227,503
354,117,224,496
353,117,223,507
354,118,232,507
349,110,245,493
352,121,228,500
352,112,230,509
354,115,225,523
354,113,226,525
352,111,222,518
353,115,221,512
348,105,216,505
352,114,214,501
347,112,217,494
340,115,209,488
353,112,264,482
349,108,213,475
348,112,212,477
351,111,211,482
404,113,216,482
350,108,220,488
353,112,214,489
352,108,220,489
357,110,213,486
369,94,216,482
355,99,221,484
349,115,211,485
355,113,208,491
356,121,211,496
377,114,207,507
354,113,211,503
354,115,207,504
357,112,208,513
351,114,205,508
355,111,201,499
357,112,202,498
347,110,200,495
354,116,201,497
357,111,195,491
357,115,196,491
358,119,197,483
360,113,196,477
374,110,194,474
357,109,190,466
353,113,191,462
355,112,180,457
358,113,189,455
358,110,196,454
356,112,187,448
355,111,172,448
362,112,184,438
356,116,183,434
358,118,192,437
354,119,186,453
352,116,190,467
360,119,193,480
358,120,195,498
362,117,147,501
355,113,196,503
358,114,198,536
355,116,212,583
359,115,214,593
353,112,212,601
352,109,213,604
353,123,213,605
354,112,214,598
356,112,210,580
361,139,210,582
360,100,206,593
356,108,207,575
358,98,202,565
361,109,205,566
361,107,201,555
362,111,195,546
352,109,198,541
362,113,188,533
356,109,199,529
361,109,195,529
358,126,194,527
357,102,187,517
354,108,196,533
358,102,191,522
360,108,192,493
358,104,190,508
358,103,186,507
352,105,199,506
357,109,189,503
353,104,184,509
357,104,190,509
352,105,188,500
352,107,188,498
356,102,189,494
357,99,184,502
346,104,186,491
360,104,185,490
363,110,183,503
361,102,182,515
362,106,185,513
362,103,183,515
349,107,176,506
352,103,182,504
356,102,177,499
357,100,183,513
359,106,177,522
358,100,176,528
361,100,175,528
358,103,172,524
354,111,174,528
361,100,171,543
357,104,175,593
357,100,166,598
360,102,186,592
351,100,184,582
361,101,181,579
356,99,187,577
357,108,181,571
359,107,182,566
356,106,176,562
355,108,182,558
355,111,180,550
355,108,178,542
354,111,174,542
358,105,174,532
352,93,163,524
339,106,172,517
355,104,168,521
357,106,181,514
361,108,170,516
382,106,177,506
360,107,178,505
356,106,174,499
358,107,177,494
349,109,182,498
358,105,176,507
355,107,176,504
356,105,176,502
355,106,176,514
354,103,174,504
361,109,174,514
354,104,174,543
353,102,173,549
353,103,178,556
354,105,179,553
352,104,178,551
355,104,172,546
358,102,178,537
360,101,176,529
355,99,174,524
353,103,175,531
355,95,170,540
358,115,180,546
360,102,180,543
359,105,194,539
357,102,185,540
357,103,192,540
356,102,182,531
356,105,183,558
352,100,181,525
357,101,181,530
361,101,191,538
356,107,190,554
357,107,194,577
352,104,191,583
358,108,194,571
356,105,186,564
360,103,190,562
357,102,188,554
363,106,192,553
357,104,188,550
359,108,184,550
361,105,185,543
355,103,182,538
362,106,184,527
361,103,176,525
353,105,188,525
363,104,178,516
361,105,178,512
358,102,167,512
360,100,172,500
364,106,176,491
358,105,185,441
362,105,186,494
361,101,186,486
361,103,196,487
360,102,189,489
373,105,190,487
360,103,191,502
363,101,195,482
363,101,190,496
360,98,184,499
362,106,186,512
353,97,188,518
361,107,189,523
362,106,188,515
368,108,190,512
357,105,188,506
367,108,187,514
368,103,183,525
365,106,191,518
379,109,156,512
370,107,184,510
368,110,184,512
369,113,182,515
371,113,181,502
361,122,176,507
382,124,178,493
373,125,225,501
370,124,173,491
358,124,176,487
381,119,173,498
373,119,178,519
367,117,180,525
367,120,183,518
360,117,187,512
368,119,180,502
367,123,185,497
359,109,169,495
370,124,182,509
369,118,186,520
363,118,196,522
366,118,208,524
368,116,212,518
361,116,208,512
367,117,207,512
365,116,210,500
366,113,207,495
363,116,212,486
363,111,206,486
363,113,198,485
360,111,222,500
365,115,206,517
361,115,200,512
364,114,203,515
356,116,204,507
361,112,203,500
353,115,199,495
359,113,196,490
364,113,197,490
371,106,211,482
360,124,192,475
353,121,200,489
357,109,197,512
351,115,200,522
359,118,194,528
358,112,198,532
361,111,194,531
369,111,199,542
354,108,200,539
362,109,189,569
356,109,190,612
364,108,194,628
352,108,198,625
355,108,192,617
362,109,193,615
361,105,196,608
361,105,196,601
359,107,191,598
362,100,189,602
356,106,193,593
356,102,196,597
360,104,194,591
362,114,201,602
363,106,192,574
360,104,184,566
362,106,185,561
371,110,182,563
360,109,184,557
357,102,184,551
354,113,174,544
352,109,185,536
359,105,179,532
355,112,181,528
360,104,183,521
358,108,181,513
352,110,184,516
359,104,185,522
351,103,191,522
359,106,186,516
361,104,188,523
360,105,187,521
364,78,186,522
372,102,185,518
373,103,183,515
362,99,180,509
362,100,178,503
362,101,182,499
367,105,176,496
368,84,177,505
372,103,175,504
363,108,172,502
360,106,175,506
367,106,178,505
366,103,128,496
363,106,176,505
368,108,171,499
361,103,176,490
360,108,184,491
358,105,171,491
361,105,174,512
359,92,168,498
362,104,162,493
348,103,136,485
355,104,171,483
357,100,177,485
361,101,177,507
360,103,181,518
360,104,181,526
372,104,197,530
365,92,183,514
357,101,180,522
356,99,179,539
356,98,181,531
357,95,176,535
356,97,175,522
356,99,181,562
358,97,177,570
356,97,179,572
359,97,177,568
358,96,178,562
360,98,176,555
357,99,164,544
321,94,178,543
367,99,172,533
356,104,175,534
356,93,173,523
347,106,173,545
359,96,204,514
355,94,171,503
356,97,168,501
356,89,166,502
355,96,169,492
358,96,169,474
352,98,161,486
351,95,162,482
359,100,166,479
347,111,163,472
357,103,174,471
356,96,165,464
357,93,160,462
354,94,160,456
360,94,160,448
359,90,160,458
363,94,156,441
368,106,159,443
369,82,159,438
373,96,158,447
370,96,157,432
376,95,165,432
366,93,172,440
375,95,175,447
366,97,174,458
429,93,174,456
376,97,180,481
358,94,186,512
370,106,180,513
367,95,190,516
371,98,182,508
367,94,190,509
367,92,185,504
368,96,189,504
367,90,183,502
368,96,185,506
408,96,181,502
370,88,180,504
364,92,175,520
379,100,172,518
364,94,183,510
367,101,179,500
363,94,192,486
370,103,175,494
369,104,177,507
369,101,174,508
368,103,174,502
369,104,173,514
371,103,171,516
375,100,171,516
370,100,170,512
369,98,172,507
371,98,168,498
366,102,164,499
371,100,166,492
372,97,162,493
373,88,166,503
374,100,165,503
368,98,177,499
370,56,164,494
368,102,160,502
369,104,162,498
372,110,160,501
368,107,155,508
368,110,159,507
369,108,160,494
373,104,157,494
369,105,160,493
368,104,160,485
367,112,158,480
361,114,154,476
369,186,160,475
363,126,164,485
370,134,160,486
369,128,158,484
370,126,160,477
369,130,158,476
367,134,161,465
368,128,161,468
370,124,161,460
365,129,170,486
368,125,172,506
370,123,175,512
368,128,174,504
371,118,166,497
367,122,173,522
370,122,178,541
368,125,178,585
372,119,172,554
378,121,176,544
371,121,171,538
369,118,176,536
367,119,172,537
369,113,169,536
369,122,160,536
367,120,168,523
370,120,173,523
368,118,167,525
369,118,172,526
373,116,169,517
351,118,170,515
364,116,172,512
368,116,168,503
370,116,168,500
361,114,163,497
360,116,166,506
358,114,163,495
361,115,163,493
360,113,160,492
349,111,161,495
356,112,160,498
355,120,162,498
355,111,150,490
357,109,157,492
358,112,160,492
356,105,160,484
359,111,156,485
358,106,157,477
359,123,155,473
357,104,155,472
355,123,137,468
359,109,154,479
357,108,166,479
358,136,156,469
358,114,160,464
357,109,165,460
358,106,163,455
361,122,159,452
359,106,170,449
360,110,164,458
356,114,162,458
368,127,158,453
372,133,170,463
377,129,176,472
391,136,193,478
380,128,182,473
378,130,184,464
374,126,158,471
382,125,183,471
379,125,170,468
379,122,184,462
391,128,184,460
395,129,200,470
386,128,183,479
384,117,190,479
388,127,185,480
386,128,191,496
392,64,189,500
384,123,187,502
389,119,182,494
390,123,184,499
386,122,180,504
392,128,139,496
381,123,180,503
388,118,182,524
384,122,181,526
420,122,178,524
383,113,184,514
383,115,176,510
382,120,180,512
381,116,176,507
379,124,174,504
380,120,175,507
438,125,177,505
378,123,174,516
372,112,171,529
374,122,172,532
378,121,171,524
377,123,173,533
377,124,171,518
378,122,172,512
372,117,168,509
378,121,168,505
372,118,171,504
372,118,173,502
373,108,169,497
366,114,167,493
373,124,168,491
372,116,163,485
385,121,173,482
371,115,170,492
371,111,190,496
370,105,192,498
372,113,185,498
368,114,192,495
373,114,184,503
372,113,193,501
379,111,186,510
300,115,188,538
367,114,194,554
369,112,200,563
365,110,208,559
367,113,194,549
365,117,195,546
368,109,189,542
365,111,189,536
367,107,183,535
368,109,201,544
366,105,197,567
365,113,201,554
358,106,197,550
369,108,199,544
361,107,198,549
363,104,198,564
362,108,205,576
363,105,197,569
359,112,199,561
359,100,197,561
357,103,204,562
363,106,203,568
365,107,202,567
365,121,202,560
368,111,197,552
364,105,198,547
364,101,196,539
378,110,197,533
369,104,190,526
365,104,196,522
363,75,199,545
366,102,198,560
364,104,200,560
362,100,196,552
354,122,187,547
368,104,196,541
365,105,196,540
354,101,199,533
366,102,190,529
360,105,190,474
364,104,186,517
368,109,199,515
362,109,186,507
362,108,186,505
361,108,183,508
363,109,182,504
362,108,192,500
355,112,173,497
361,100,178,509
363,108,178,503
361,109,181,502
357,105,183,503
363,101,185,512
363,106,184,497
362,105,186,506
361,96,187,501
364,106,183,502
359,104,180,496
360,105,168,503
361,105,180,509
359,105,178,505
360,100,178,507
361,102,163,503
405,109,174,494
360,112,175,490
360,112,170,496
363,117,175,512
365,112,176,514
363,111,175,512
364,110,178,507
357,110,175,501
362,109,173,493
362,111,174,494
359,111,174,489
364,99,165,480
361,108,174,480
367,121,158,476
362,115,167,478
362,107,168,481
369,108,169,496
358,94,162,499
361,107,169,502
370,93,165,519
368,106,175,554
368,104,177,571
368,101,180,572
364,101,178,564
366,125,176,556
365,106,178,553
363,106,172,541
366,105,174,548
361,103,192,544
367,105,172,537
364,101,171,565
359,102,168,529
363,104,168,524
364,102,167,518
361,104,170,514
363,103,165,508
357,105,166,502
358,104,163,498
366,106,137,489
361,106,164,489
363,106,157,486
352,104,165,485
362,105,209,481
358,110,160,475
358,98,162,468
357,105,157,464
358,102,160,461
371,103,158,461
357,102,157,458
359,103,152,452
357,98,152,452
359,98,160,447
400,104,156,449
356,98,154,443
355,103,159,436
366,99,152,442
357,102,149,438
374,99,150,436
356,94,146,433
356,91,151,428
359,104,152,425
359,103,157,428
366,98,163,425
363,100,168,422
365,99,166,435
367,97,172,429
363,108,171,430
364,98,171,426
360,97,168,434
368,98,168,430
365,96,170,427
365,96,164,432
362,93,166,442
345,94,168,454
369,76,169,473
364,95,165,479
365,154,168,480
361,96,168,480
364,97,166,487
362,100,176,507
362,97,180,494
367,103,184,495
360,101,186,497
350,101,193,491
362,102,188,493
364,101,200,502
363,102,203,506
360,102,196,505
361,101,202,510
358,98,196,507
363,104,200,504
360,99,192,498
360,102,195,492
358,80,193,491
361,103,188,495
366,101,192,487
363,98,188,481
361,106,187,483
357,105,187,480
358,114,184,484
360,109,183,481
362,115,183,466
357,112,184,468
361,114,186,465
358,113,203,470
359,111,186,474
350,114,190,475
354,110,188,494
355,119,186,493
351,113,189,501
356,119,189,507
355,115,185,516
355,112,186,517
339,112,188,515
353,115,183,544
352,112,181,504
355,112,184,498
357,117,186,504
356,113,190,514
378,100,195,509
358,110,202,503
356,113,193,493
358,110,194,505
365,110,134,499
360,110,203,501
360,111,202,494
359,115,198,496
359,106,198,498
365,110,193,490
365,109,196,486
365,120,206,482
365,109,195,480
367,106,184,475
365,107,196,483
364,106,187,474
366,108,190,481
365,105,186,468
366,92,195,471
369,106,196,491
366,105,203,504
369,106,201,522
359,103,204,518
355,109,196,513
372,106,194,512
363,100,191,509
370,101,194,538
365,100,196,555
361,94,190,560
373,102,192,555
361,100,191,571
361,45,188,576
358,102,190,576
361,101,185,575
362,106,187,576
362,109,180,565
364,101,186,560
361,99,184,554
362,101,177,552
363,100,183,550
382,100,180,544
362,102,178,540
361,100,184,532
368,101,186,528
359,95,182,520
364,94,199,534
357,102,189,536
375,100,192,526
363,97,188,521
367,104,183,518
352,119,201,522
366,98,213,525
359,95,219,521
361,96,217,516
299,103,217,526
357,102,212,543
362,95,212,550
369,104,210,560
364,103,209,554
362,110,211,555
361,105,205,549
366,108,202,555
361,105,202,536
361,112,204,531
359,82,200,530
361,112,199,533
356,117,192,534
358,109,197,530
357,112,200,544
358,110,205,543
356,112,201,535
355,105,199,550
359,112,199,525
356,108,194,532
357,101,196,540
351,106,197,547
356,109,189,545
355,112,195,557
347,101,190,541
354,117,187,536
355,114,196,528
372,114,185,522
365,113,186,518
371,113,185,512
369,114,187,506
377,101,200,512
380,175,194,512
377,113,197,507
377,115,200,499
377,110,205,498
377,107,208,494
373,111,195,489
376,110,198,486
361,108,202,484
374,108,206,493
373,64,210,499
379,105,208,499
374,110,209,508
374,108,207,498
369,99,198,501
380,106,204,493
378,97,207,491
375,107,190,488
379,107,198,478
381,106,201,475
371,112,197,471
366,110,198,448
376,100,188,484
379,108,194,488
374,97,201,484
382,103,189,482
375,103,185,489
376,105,187,476
372,105,185,486
400,107,184,481
375,108,184,477
375,104,180,470
375,118,182,470
372,107,176,466
377,105,186,462
366,110,181,457
377,105,178,452
346,107,179,454
373,104,199,458
376,105,184,455
377,111,188,463
377,106,196,448
369,108,195,450
387,111,208,460
376,108,213,475
374,103,208,476
375,106,206,476
372,102,206,485
360,114,204,499
372,122,190,530
373,113,208,552
377,120,212,555
376,119,210,548
369,116,212,548
373,119,208,539
375,109,210,534
363,124,203,526
362,109,203,522
367,117,201,515
369,117,193,509
367,116,197,509
370,112,192,501
375,115,196,506
369,114,193,513
362,121,194,514
366,110,190,506
362,115,188,503
363,115,189,507
365,114,187,503
362,113,184,499
364,112,185,494
355,113,192,488
363,111,182,483
360,111,187,478
347,111,177,500
363,112,186,509
362,112,176,507
362,108,184,506
349,120,144,503
360,121,189,514
361,133,196,512
359,119,187,504
360,121,188,502
361,117,181,497
308,120,187,505
357,122,190,515
360,120,196,530
359,116,200,528
354,114,208,532
356,89,203,560
357,120,190,589
351,120,201,598
359,117,193,588
358,120,201,584
355,118,193,583
356,121,198,580
355,120,196,577
358,124,192,577
354,123,192,570
353,116,189,560
354,118,191,572
357,116,185,567
360,121,188,576
362,116,184,572
363,116,192,560
359,116,184,558
366,114,188,551
312,116,190,547
369,111,188,537
371,112,178,540
372,112,194,553
375,114,194,560
367,111,197,550
376,119,200,544
364,125,193,545
373,120,200,537
373,121,200,530
373,121,189,530
368,113,196,527
355,120,186,532
370,117,196,543
369,116,198,549
371,115,198,544
374,119,197,568
366,123,195,533
412,114,196,540
366,113,192,535
368,113,193,554
367,115,192,554
370,116,194,555
368,103,194,556
371,109,190,570
366,113,189,573
369,114,189,568
366,118,186,574
366,114,186,562
364,126,185,580
369,130,186,572
365,132,186,576
364,131,182,587
363,129,185,590
363,126,173,589
362,133,181,584
360,124,179,579
363,127,191,571
365,117,179,573
362,124,176,578
363,129,171,576
363,125,172,575
365,126,172,574
362,128,173,583
366,132,170,564
367,69,168,570
362,124,162,568
366,129,172,573
379,121,167,566
373,123,168,558
363,123,163,561
369,123,171,572
365,85,169,573
362,123,175,590
364,128,179,595
361,129,180,586
365,128,182,585
379,120,176,532
362,122,188,567
359,128,175,566
361,120,187,562
361,119,188,556
362,119,198,549
360,116,185,550
346,119,185,559
361,118,174,582
364,118,185,588
360,116,190,594
357,115,190,584
363,117,135,584
366,116,216,587
364,113,191,587
355,114,200,578
357,119,198,551
359,114,196,575
351,114,191,565
355,129,191,556
356,111,187,556
358,113,190,567
356,112,189,574
364,124,188,561
360,113,188,580
362,110,183,589
362,114,188,629
361,110,184,617
362,130,196,612
369,123,185,600
365,124,171,594
362,116,175,590
369,119,181,583
366,117,179,581
362,112,177,572
361,108,184,567
366,112,174,559
363,122,177,559
362,113,174,555
367,115,175,550
367,114,172,551
372,111,170,543
368,112,176,540
367,114,180,535
368,114,176,533
370,132,172,527
372,112,173,518
367,110,169,502
343,111,169,505
360,111,169,505
373,110,166,499
367,110,164,495
383,93,169,489
367,110,168,486
371,111,184,483
366,117,166,479
364,112,164,485
360,111,164,482
362,109,160,478
364,109,162,473
362,107,162,484
366,109,160,494
361,107,161,510
369,108,162,514
354,115,160,509
368,111,158,512
365,107,160,498
356,108,160,495
369,109,162,498
365,107,165,510
368,105,172,523
367,106,183,521
373,104,175,538
366,108,182,561
365,104,181,560
365,105,179,549
363,116,177,541
366,113,180,540
362,109,194,536
388,118,178,533
362,114,181,540
356,118,182,539
361,114,188,537
371,111,194,531
363,113,184,524
360,110,183,520
362,84,182,514
355,110,178,509
362,110,178,500
350,111,179,499
357,106,175,493
357,112,176,494
357,109,177,492
356,108,172,495
355,108,185,505
364,106,190,519
354,108,202,523
360,107,197,512
352,109,204,512
359,105,198,512
358,114,200,508
355,127,195,507
359,122,195,518
357,122,194,524
361,119,192,520
360,119,192,515
356,117,189,512
341,119,158,503
356,117,195,500
353,118,199,496
355,117,195,514
356,112,196,534
354,119,196,528
356,116,196,522
355,113,193,516
354,118,191,506
354,121,193,502
353,117,184,501
352,108,193,501
353,115,189,499
350,115,189,494
351,117,189,491
352,112,189,484
350,115,177,483
355,112,186,476
348,112,186,470
341,112,184,476
349,115,187,484
347,117,185,486
345,104,189,483
350,113,192,477
352,113,188,474
350,112,186,474
371,111,183,472
349,113,189,478
354,100,190,475
350,111,196,470
350,105,193,477
368,108,202,493
349,112,192,497
350,107,189,501
348,112,188,490
352,115,179,481
345,113,187,484
358,119,184,485
354,105,185,490
351,113,180,496
356,158,183,518
352,119,185,529
355,113,192,525
368,115,191,521
354,116,188,516
356,122,183,521
353,112,187,509
370,121,190,513
353,115,185,504
357,116,186,518
357,118,192,526
360,117,184,523
351,119,182,528
361,125,181,533
360,118,182,535
360,123,180,531
362,123,182,517
357,122,176,531
360,123,176,526
355,123,170,519
415,121,174,519
372,124,173,521
338,115,176,512
358,132,179,509
362,165,179,504
358,135,183,500
356,136,180,501
357,133,179,493
353,130,182,494
357,130,179,489
354,129,172,486
352,129,177,483
354,131,177,482
354,126,169,473
356,143,174,472
352,128,172,473
354,130,171,468
352,130,169,464
355,122,169,465
351,132,173,478
352,132,171,479
358,124,158,479
348,128,174,476
370,133,176,474
360,128,177,475
357,121,182,487
357,119,186,503
357,128,185,512
349,129,190,512
354,126,182,503
348,128,186,501
350,126,182,512
357,140,187,515
357,125,182,542
354,128,186,541
362,128,202,546
360,123,184,555
357,113,181,560
357,121,178,552
358,113,181,551
358,121,179,538
359,122,178,535
360,120,179,525
359,120,176,521
358,118,173,518
363,119,171,516
360,121,174,520
348,122,172,520
359,112,173,516
357,110,169,498
356,126,176,513
359,112,178,524
361,109,178,544
358,112,200,566
360,117,187,574
364,118,192,573
364,112,193,598
365,123,196,659
365,116,191,690
358,119,195,708
366,125,195,706
366,135,196,693
366,138,197,701
365,130,190,728
372,132,192,704
360,137,190,690
364,142,178,683
365,132,187,670
362,125,189,663
358,130,186,654
358,131,186,649
347,129,187,638
359,128,185,631
356,128,185,629
358,128,182,631
356,123,182,628
401,128,178,625
360,129,183,624
367,122,188,626
358,125,179,617
357,117,175,590
366,128,176,649
355,126,176,595
357,128,170,587
356,133,174,576
356,130,171,571
356,132,170,573
360,139,169,586
357,131,171,587
353,130,157,592
358,129,174,600
356,128,178,595
363,128,214,595
361,128,176,588
362,126,176,581
362,131,161,580
357,125,169,586
358,136,171,587
357,133,170,581
358,189,167,569
352,137,170,572
355,128,170,577
358,134,170,578
344,133,164,544
356,129,167,565
351,126,162,560
356,128,163,560
351,125,168,559
357,122,166,583
360,122,164,588
352,122,159,581
353,128,172,589
351,112,164,582
350,129,165,584
348,120,160,588
355,122,161,581
345,122,160,581
358,122,154,577
352,118,162,583
356,118,159,585
359,118,148,605
359,117,162,608
357,121,170,606
359,110,177,604
360,122,168,609
369,115,171,605
362,116,171,596
361,114,172,590
362,114,169,583
362,121,173,577
361,114,169,597
361,120,169,569
358,118,168,563
361,120,169,556
361,117,167,551
365,114,166,550
362,118,174,553
363,120,177,492
363,121,180,540
369,113,176,529
364,116,177,525
362,118,173,523
366,117,174,526
364,118,179,547
365,133,174,557
365,117,179,555
369,123,178,549
366,117,176,545
365,102,165,540
366,120,173,536
364,113,173,528
366,104,166,524
363,112,166,524
368,113,162,515
363,112,172,517
365,113,175,501
359,116,179,524
365,105,180,534
365,113,183,530
352,111,180,529
365,112,178,528
362,112,177,530
362,112,177,528
333,116,176,526
368,121,172,531
360,128,175,549
353,128,172,559
363,128,175,565
360,128,167,559
365,128,171,563
354,124,173,546
364,128,169,537
358,130,170,521
375,158,170,526
362,132,169,523
360,143,174,516
361,126,172,512
357,123,169,521
358,128,173,525
365,124,172,517
375,120,170,521
366,124,171,518
366,124,172,517
366,128,181,522
373,121,180,522
364,123,183,516
362,118,179,509
363,114,179,517
361,121,180,503
367,121,182,518
360,123,184,540
365,131,194,557
362,121,184,538
363,117,180,535
363,125,184,538
370,114,179,537
362,117,179,548
357,112,181,571
358,110,181,573
359,114,185,569
362,113,179,560
360,116,181,555
358,108,180,548
365,117,180,543
363,112,175,536
368,113,170,548
371,112,173,554
364,112,176,544
362,115,166,547
362,113,169,540
363,115,173,552
362,112,171,551
364,114,167,546
393,112,169,550
368,115,169,557
364,113,175,550
356,116,166,555
365,115,166,545
363,112,164,541
360,121,166,546
368,119,160,530
363,121,160,535
362,119,165,547
362,119,166,556
360,122,171,554
357,130,176,544
363,125,172,546
353,139,175,559
358,129,185,588
362,122,179,599
363,91,185,593
363,118,183,585
376,122,164,588
365,123,209,611
368,132,222,638
366,121,226,652
366,116,222,640
370,175,227,662
364,116,233,679
368,117,244,686
366,117,250,691
377,119,277,684
365,128,257,698
368,129,256,700
360,128,274,696
365,130,251,692
366,131,256,681
362,126,249,681
368,128,250,672
366,128,242,662
368,128,240,655
376,124,253,648
368,130,237,637
365,118,231,632
375,125,231,632
364,115,238,623
364,125,230,613
365,129,239,608
355,130,234,600
365,129,228,598
362,130,230,603
366,135,236,612
358,128,241,628
367,123,240,622
363,131,238,620
364,119,233,616
363,121,232,630
361,120,234,637
364,65,232,644
358,123,232,652
382,118,240,657
365,116,236,652
368,120,235,637
370,118,237,636
366,117,235,630
370,119,248,634
374,117,254,640
374,119,264,624
380,118,261,615
366,117,259,612
404,115,260,616
371,112,256,609
361,116,256,602
380,116,250,602
370,109,252,596
371,113,253,590
373,128,268,597
371,109,261,572
375,110,263,564
378,111,285,561
373,112,263,555
378,114,269,558
370,109,268,571
368,115,288,572
366,133,277,576
362,123,276,570
371,126,274,569
371,122,279,571
372,121,270,571
374,121,266,563
371,122,266,574
357,122,260,587
370,124,263,582
368,120,259,577
373,123,256,567
372,121,254,577
376,122,250,581
371,135,240,572
373,119,247,566
370,122,248,560
375,119,253,548
373,107,248,544
370,120,232,541
372,124,238,540
368,123,234,521
370,121,229,527
369,125,231,524
372,121,232,513
369,121,232,517
371,119,226,510
373,120,242,507
369,120,228,497
394,126,223,496
362,115,220,499
374,122,237,501
366,130,223,492
372,123,220,484
371,124,221,482
370,121,215,489
369,123,224,499
422,120,217,504
375,119,221,506
369,109,235,503
379,120,244,496
373,119,243,496
375,118,246,517
375,118,266,529
373,116,240,548
376,119,251,546
369,115,260,541
370,117,258,539
370,114,247,541
372,113,258,524
368,123,262,525
370,111,258,516
369,110,254,530
369,101,266,514
367,116,251,515
367,116,256,498
369,115,249,510
366,110,257,504
367,113,241,499
368,113,243,493
368,117,239,499
368,117,240,509
369,115,238,519
368,119,238,515
375,119,227,530
367,117,233,519
365,117,231,520
355,122,224,516
364,113,229,516
362,117,223,523
357,118,224,522
360,114,217,512
416,116,221,515
360,113,219,520
360,116,216,521
357,116,213,525
365,114,221,519
377,115,215,519
367,117,214,513
366,115,214,521
366,117,215,531
367,105,228,536
362,113,234,540
371,115,237,544
370,119,245,548
376,112,253,542
375,114,251,557
371,115,256,570
366,117,256,584
372,112,256,592
375,117,258,582
374,109,252,590
373,115,252,580
382,117,249,576
375,110,246,569
376,115,244,565
367,114,241,558
376,108,245,553
373,108,240,545
374,113,240,546
366,116,229,541
374,112,233,534
375,115,234,526
375,113,231,519
369,108,229,520
373,112,232,524
371,104,220,522
370,107,221,520
370,110,221,512
369,110,216,520
371,114,220,503
368,108,214,521
370,108,226,513
373,108,214,509
378,106,210,500
366,110,211,509
367,112,213,518
378,113,219,526
396,108,220,522
371,106,218,520
365,104,219,518
366,105,217,529
364,110,218,547
367,110,216,564
353,111,216,560
366,112,214,555
369,117,214,550
371,102,211,542
369,114,211,535
362,106,208,530
370,110,205,525
370,112,188,522
369,115,209,528
370,122,217,534
361,123,217,531
370,134,227,525
362,126,219,519
367,133,237,525
362,133,237,517
368,128,233,524
364,126,234,535
358,128,244,545
361,126,243,548
362,126,242,545
368,128,240,539
359,131,234,539
358,124,235,532
361,122,233,528
362,123,230,526
365,122,233,519
368,122,229,513
364,128,236,513
368,116,230,508
365,121,228,508
365,113,223,499
360,114,219,505
366,123,221,510
372,124,224,503
365,128,227,500
368,128,238,500
372,128,226,493
368,121,220,505
372,128,223,506
365,121,218,498
372,126,218,498
368,125,214,495
372,123,213,490
378,123,219,492
373,122,222,486
371,121,223,492
370,120,215,507
373,123,218,506
369,118,214,504
370,118,216,500
374,117,210,495
368,117,208,488
367,117,199,488
361,116,206,480
305,120,206,480
361,128,203,479
369,118,216,478
372,119,204,478
367,115,204,483
367,118,205,477
363,115,204,476
366,111,210,468
369,114,204,468
367,117,205,464
366,111,201,458
367,112,202,465
364,112,200,471
373,114,198,469
361,109,196,469
366,103,199,460
363,126,186,462
362,109,197,452
365,112,196,452
367,110,192,446
369,113,192,448
366,109,191,449
370,117,192,445
373,112,192,441
368,111,196,438
376,114,192,438
380,112,195,432
384,102,202,434
374,113,196,440
378,119,199,433
375,122,206,427
376,123,204,422
389,121,174,439
373,119,199,451
372,120,215,465
373,121,218,469
374,123,219,465
372,121,213,462
373,133,214,461
371,120,211,470
374,119,206,458
372,124,203,462
374,118,205,453
375,119,200,458
372,117,194,454
369,117,208,463
372,115,200,457
372,117,195,455
368,112,197,455
370,111,197,462
364,116,191,467
364,115,186,458
368,114,192,463
330,116,192,456
368,115,189,466
373,109,189,485
371,118,191,534
371,111,185,479
364,109,144,475
370,114,185,476
425,118,182,495
368,118,179,516
362,117,197,522
370,119,184,530
369,115,181,533
371,115,184,530
365,116,181,525
377,148,182,528
366,117,179,520
369,111,177,515
366,104,180,516
365,114,174,509
358,114,188,507
368,111,178,495
363,119,176,485
368,113,173,506
372,113,170,517
371,110,176,512
364,116,183,505
370,109,185,502
373,98,197,498
367,112,194,507
367,109,192,500
366,113,197,492
373,106,189,508
368,112,188,497
369,109,180,489
314,117,185,493
365,117,185,496
364,114,183,490
364,117,184,495
357,114,184,493
360,116,183,487
361,133,180,483
364,114,179,484
362,114,178,508
367,113,176,525
362,107,174,535
364,56,174,521
364,113,168,517
361,109,169,512
362,116,173,516
360,109,169,505
362,112,172,519
355,110,167,532
352,115,168,527
375,113,169,528
362,122,164,515
364,128,167,520
359,122,165,530
361,131,168,536
360,128,168,535
360,138,177,531
356,128,169,531
361,128,169,536
354,118,151,533
358,124,201,537
358,115,166,534
355,124,165,521
367,126,161,521
356,120,161,514
356,124,167,508
343,120,123,509
357,122,166,500
356,122,167,497
356,123,156,490
356,114,152,480
356,117,160,486
358,119,162,496
354,135,170,494
357,120,162,490
355,118,167,477
358,117,157,479
356,132,160,475
356,114,157,473
357,115,158,471
357,113,157,463
357,115,154,460
353,112,152,461
357,114,153,454
357,113,166,454
323,114,153,449
360,111,145,455
352,110,154,448
363,115,145,445
361,109,162,448
364,103,167,451
360,104,165,448
356,108,167,445
361,111,183,456
367,109,182,436
354,111,194,444
350,114,193,446
357,122,193,446
360,119,191,443
359,138,190,444
359,116,187,438
371,121,182,437
360,118,185,433
361,112,183,442
357,113,178,456
361,114,182,464
365,112,184,470
370,115,182,471
361,115,181,474
360,114,178,471
366,121,180,482
360,114,188,483
364,119,181,478
366,119,174,480
364,123,181,484
361,117,184,484
359,125,174,481
363,132,178,476
364,121,178,468
366,128,172,475
356,128,176,2645
358,126,169,2790
353,128,173,3004
354,126,148,3169
351,120,181,3303
351,126,185,3395
349,170,182,3453
346,125,183,3500
354,93,194,3515
346,124,199,3523
346,124,201,3493
347,124,209,3471
349,124,209,3449
336,125,216,3423
346,121,204,3402
341,124,203,3396
346,120,201,3362
351,121,193,3305
343,121,199,3267
346,121,198,3208
334,122,198,3153
347,117,195,3084
345,126,196,3048
347,115,192,3006
349,123,193,2958
355,116,188,2916
348,117,184,2861
339,122,188,2806
356,116,160,2744
342,117,186,2685
346,116,186,2633
339,121,185,2583
343,111,185,2520
344,120,182,2466
346,130,191,2430
392,121,189,2368
341,120,197,2337
353,118,203,2301
343,123,213,2264
348,109,213,2225
352,118,216,2174
352,114,213,2138
350,118,213,2128
348,116,212,2128
349,116,217,2096
346,116,223,2043
355,112,229,1987
347,112,224,1943
350,115,215,1897
372,114,220,1855
350,113,236,1823
349,119,222,1781
349,114,218,1740
352,117,219,1704
351,121,219,1685
351,111,214,1664
346,116,252,1641
350,112,211,1601
350,121,213,1569
349,117,214,1531
352,121,213,1517
352,124,217,1491
352,119,212,1464
360,147,216,1439
351,108,216,1433
356,114,220,1419
352,115,225,1396
345,108,233,1372
354,128,235,1345
349,117,233,1322
361,102,232,1305
358,116,237,1277
356,115,227,1254
359,117,227,1226
363,113,227,1205
357,115,221,1180
361,117,220,1161
357,114,224,1138
360,117,218,1124
363,111,224,1096
361,113,214,1092
352,109,218,1071
362,112,207,1052
360,113,213,1036
362,113,208,1017
360,113,209,998
358,129,203,978
354,120,204,961
358,112,200,948
360,119,201,929
360,115,199,916
367,107,201,896
348,139,200,883
360,116,196,877
361,132,197,861
348,119,191,855
366,114,200,846
361,114,200,835
369,119,199,822
361,114,201,808
364,117,199,796
362,120,197,790
363,128,202,781
362,122,207,773
362,120,201,776
373,124,203,776
363,120,199,782
364,119,201,765
352,107,195,777
354,121,194,817
357,116,192,781
359,116,188,769
360,116,195,762
357,113,192,749
362,117,194,735
327,113,189,726
359,115,194,714
349,113,187,705
357,110,186,692
354,111,177,684
358,111,205,675
357,109,196,668
355,108,192,654
358,113,187,645
353,136,190,638
354,110,194,629
350,110,190,633
355,109,188,637
350,109,187,633
351,110,208,624
353,110,187,619
364,106,180,608
352,110,187,600
348,105,183,596
410,109,181,586
353,110,180,580
353,110,175,576
349,107,180,576
350,120,181,581
350,104,190,590
354,106,202,582
355,116,204,580
352,113,204,571
363,118,202,522
357,87,198,582
359,110,198,576
354,112,201,571
364,110,196,563
358,112,208,551
358,109,203,558
361,114,214,553
358,117,196,544
358,121,198,554
364,117,246,576
365,112,205,576
352,120,193,565
356,114,191,564
355,121,191,558
347,111,186,550
358,109,189,544
354,114,185,539
356,117,192,557
351,112,197,569
357,116,198,563
353,124,194,551
348,109,196,571
355,114,198,579
352,108,188,570
352,112,194,582
354,101,190,577
353,111,189,570
347,110,188,560
341,114,180,560
348,114,186,555
356,120,185,550
349,116,186,541
336,125,183,568
352,121,188,530
350,117,185,509
369,103,185,517
354,118,183,520
358,117,184,510
357,120,186,505
359,118,137,495
356,126,181,503
349,116,187,507
360,120,193,508
357,116,188,505
359,117,184,498
356,120,183,503
365,114,181,507
357,116,181,506
355,114,180,499
348,112,181,496
350,112,178,485
356,114,182,482
353,110,176,479
358,117,168,487
357,112,175,482
361,111,175,481
360,108,179,472
365,110,173,468
362,120,174,465
356,128,173,458
364,128,169,453
363,130,168,451
365,133,170,456
363,128,170,455
364,126,172,464
366,121,171,479
363,128,177,497
363,129,182,507
360,123,174,504
366,124,174,505
361,120,188,501
362,128,173,492
357,123,163,483
360,122,169,485
362,121,183,495
357,122,169,485
356,119,171,480
357,119,165,477
357,123,169,479
356,117,163,485
356,110,167,495
354,120,167,470
354,137,166,472
354,121,165,470
356,120,167,465
366,123,163,461
358,128,164,453
358,124,174,457
354,133,162,444
356,143,160,443
353,135,158,439
355,142,157,434
355,135,161,437
369,131,162,432
366,138,161,444
356,130,156,426
357,133,113,428
355,130,156,418
357,131,158,420
363,129,154,420
357,129,155,412
350,130,147,409
357,128,153,408
375,130,149,413
357,126,151,416
356,130,144,410
361,120,148,427
357,124,153,438
351,119,160,454
349,122,152,439
349,136,159,442
354,121,146,432
353,128,148,434
346,120,151,429
350,126,146,422
353,123,146,424
354,131,146,451
353,132,152,468
353,134,144,456
352,131,165,459
340,130,150,455
351,131,150,454
351,128,142,452
350,117,148,448
351,126,146,444
353,128,150,452
350,128,151,476
353,125,153,481
349,123,154,477
360,126,149,470
349,68,150,474
346,124,150,475
347,125,158,474
348,130,162,477
339,131,166,484
352,130,162,479
351,134,166,476
359,128,137,470
354,129,168,476
355,130,170,478
362,125,166,477
360,134,168,472
367,140,165,466
361,145,166,460
353,140,168,459
362,128,166,457
360,144,169,449
359,141,165,451
361,130,165,468
362,137,164,451
360,143,163,453
357,132,157,449
359,138,170,450
357,140,172,460
359,137,171,460
354,132,173,460
364,134,138,452
353,136,168,455
356,123,164,466
357,134,165,461
351,132,164,467
357,132,166,451
350,131,155,448
355,130,161,444
353,134,165,451
354,140,158,461
355,132,167,471
353,137,166,470
353,140,168,468
351,137,157,467
353,141,165,464
348,147,164,460
353,156,157,456
354,152,164,463
354,156,160,450
352,138,157,456
347,147,157,456
360,152,161,442
352,148,160,441
351,160,161,436
349,147,162,434
353,145,161,432
350,143,157,430
350,141,162,423
359,148,166,426
353,139,173,441
351,144,174,449
340,141,192,440
352,143,192,437
352,138,192,438
357,142,190,426
340,142,186,431
356,139,187,429
356,136,190,427
354,130,187,422
359,143,183,427
354,139,184,442
356,141,193,445
353,143,188,458
356,139,203,458
354,134,211,468
355,130,212,469
353,135,220,475
352,145,212,478
354,136,225,499
356,138,235,520
353,137,240,536
352,135,235,552
353,160,232,557
350,135,234,563
353,136,226,557
355,136,232,550
355,125,227,537
356,139,228,540
354,134,222,546
366,136,229,549
354,136,222,544
355,134,220,534
347,138,218,532
355,132,210,521
355,133,217,523
354,128,213,518
354,121,209,512
353,129,214,506
356,130,210,503
352,129,216,516
355,128,216,521
344,128,209,517
353,128,205,512
351,121,217,522
352,124,211,521
350,128,214,523
362,122,209,515
352,128,218,512
353,128,211,509
354,130,206,508
357,129,206,523
349,130,215,524
357,128,217,520
359,128,194,508
357,126,205,508
361,129,200,504
358,138,201,505
348,132,187,503
356,135,196,498
354,129,193,494
355,126,193,514
353,132,197,507
357,128,196,512
355,133,203,509
354,130,197,504
345,128,200,501
358,130,200,496
357,126,199,490
354,129,198,491
353,129,201,490
353,128,200,489
356,123,199,477
357,129,200,480
349,123,196,473
350,128,199,474
358,122,186,467
356,128,190,473
354,125,190,487
356,131,194,490
354,124,194,494
354,124,204,498
350,126,212,489
352,120,208,501
354,123,204,505
352,119,196,501
356,122,201,510
336,122,200,502
357,114,203,495
352,115,197,496
346,124,195,484
353,124,196,482
352,125,194,489
350,128,195,479
339,123,193,479
352,125,191,475
351,127,193,481
354,88,189,482
353,122,191,515
355,118,192,551
352,123,201,559
346,118,184,549
353,121,194,545
353,118,199,545
354,120,198,540
352,118,198,539
352,117,196,527
353,119,194,522
363,111,206,519
346,113,192,518
351,115,189,513
356,105,196,512
348,58,194,512
354,114,190,516
352,108,190,517
356,114,188,523
352,116,187,509
349,113,185,503
354,166,187,497
352,111,186,494
355,110,184,491
350,112,185,487
352,104,182,482
352,109,185,479
357,109,175,478
350,110,178,468
351,108,173,463
350,110,181,460
348,109,174,457
354,110,176,453
340,111,172,449
350,108,172,454
349,113,174,456
352,114,172,451
355,114,171,448
352,111,167,452
352,110,164,477
314,112,173,500
353,112,171,508
352,109,186,507
355,110,169,501
352,112,173,503
356,116,170,514
352,113,169,523
342,113,169,525
353,120,168,522
352,118,154,524
365,123,168,531
353,126,172,555
351,124,176,565
354,124,175,566
358,128,172,556
358,124,174,551
361,125,169,535
360,126,171,537
360,120,171,530
356,122,174,533
352,126,173,528
366,120,170,527
359,118,177,528
361,116,176,522
357,124,178,518
362,119,176,513
361,111,179,509
360,116,176,500
366,112,193,508
361,117,177,522
363,116,181,530
361,117,177,544
362,116,186,533
362,121,184,527
336,114,183,522
362,109,188,521
358,110,187,544
360,109,195,548
362,113,246,553
349,115,208,545
360,100,209,545
359,110,198,560
356,116,196,564
357,108,195,566
357,111,197,558
360,99,194,569
360,107,193,569
356,108,192,568
359,108,199,586
355,97,201,565
358,108,194,562
358,107,196,564
356,100,198,580
356,108,208,585
355,103,210,580
358,106,228,587
350,105,221,576
363,104,217,568
350,105,219,562
356,103,213,558
352,107,215,562
353,102,212,556
352,119,203,551
351,104,216,544
361,110,216,537
350,106,213,534
354,106,211,526
364,101,214,523
348,109,211,512
341,106,173,512
353,104,215,508
353,101,221,503
350,102,225,499
351,101,214,502
350,103,221,516
357,103,221,531
354,104,211,537
352,104,220,537
353,104,224,533
351,104,216,558
353,121,224,578
345,107,213,587
356,102,245,592
349,103,245,589
354,102,243,589
350,102,244,592
354,101,242,589
353,102,245,586
350,101,238,589
352,102,240,584
348,103,224,594
351,91,235,592
350,103,239,593
354,102,233,581
350,93,241,578
345,102,248,576
352,111,271,580
350,116,269,597
354,122,284,624
347,118,285,619
351,121,286,614
351,116,282,610
352,103,280,601
348,120,277,594
350,114,271,581
347,119,275,593
348,117,280,583
352,120,288,577
353,115,286,572
352,118,276,563
392,115,278,560
358,115,276,553
355,116,273,550
360,116,268,545
358,116,272,538
357,113,273,530
348,114,293,529
352,111,266,534
355,102,276,542
351,112,270,535
352,109,266,540
352,109,260,549
355,109,269,550
348,112,268,548
351,111,266,541
353,113,273,534
348,107,249,531
355,109,266,521
349,108,258,514
356,104,259,513
350,93,260,513
351,105,256,496
348,108,256,505
359,104,256,501
349,108,253,505
351,108,252,512
354,112,249,514
350,97,245,512
352,108,243,503
343,106,243,497
349,109,239,458
347,105,236,494
349,104,232,486
350,106,237,488
350,104,248,482
352,104,238,486
349,104,235,484
352,91,241,485
348,105,234,484
353,98,228,481
342,120,231,485
351,96,236,487
352,104,248,498
350,101,247,495
354,105,258,501
353,103,259,515
349,103,256,510
337,108,256,507
350,103,253,517
348,103,252,520
358,100,250,523
356,104,265,512
362,101,253,515
359,105,256,505
348,100,308,503
359,100,261,498
350,95,264,496
360,102,262,491
360,102,277,492
359,106,281,497
360,107,287,496
364,113,289,507
364,107,286,486
372,108,285,498
364,100,282,520
360,104,281,527
360,75,276,519
361,102,273,516
354,99,267,515
361,107,270,514
364,105,210,506
361,108,264,497
359,116,265,498
362,105,263,517
359,104,269,541
360,105,272,534
347,106,270,536
358,110,264,529
358,106,266,521
358,109,260,514
367,103,278,514
357,105,264,508
353,104,249,504
363,103,256,496
358,108,257,488
355,110,250,494
353,112,248,498
355,113,246,515
349,107,241,516
359,108,245,519
361,107,246,522
362,107,247,518
360,108,252,520
366,108,247,510
365,107,249,531
365,106,251,548
364,109,254,558
363,108,252,570
366,106,249,564
363,104,256,552
365,103,253,550
360,100,254,540
363,103,256,541
366,104,264,542
359,101,264,547
361,108,269,557
376,113,276,551
361,117,279,545
368,111,281,539
363,112,288,534
365,112,285,541
366,112,292,563
364,111,278,585
365,110,276,593
365,108,277,594
365,122,270,592
367,112,272,592
363,113,268,599
386,110,265,592
364,105,269,623
366,104,277,649
368,113,277,664
364,115,285,676
365,114,304,668
365,111,309,667
364,130,320,658
364,113,322,652
369,113,336,649
367,111,321,638
367,109,328,629
359,111,315,624
360,109,308,617
362,122,299,627
362,109,302,633
365,113,300,636
361,109,302,647
366,114,286,645
365,119,294,640
363,116,287,647
366,125,291,662
365,125,307,670
366,133,322,686
364,134,324,680
366,143,326,670
365,142,325,659
367,138,327,655
365,146,330,645
360,135,333,634
362,140,340,629
360,135,333,617
362,133,338,605
360,107,332,601
362,132,334,594
356,130,327,591
360,133,323,589
360,129,322,596
356,126,336,605
360,130,322,618
361,140,314,609
364,129,312,605
360,128,314,617
366,122,326,649
360,128,340,656
360,142,341,650
362,118,344,640
370,130,368,632
359,126,342,626
357,123,338,613
359,128,336,608
359,125,332,613
360,125,332,632
361,124,333,648
362,123,328,644
360,121,325,644
359,116,323,656
367,123,333,693
365,117,350,706
370,122,362,703
365,116,365,704
369,121,365,696
368,119,361,686
365,119,354,679
365,114,355,689
367,120,348,679
364,121,351,674
367,117,348,659
380,121,347,653
364,116,340,639
364,117,339,636
362,109,334,638
382,115,332,638
366,117,331,628
367,116,338,622
361,108,338,615
366,114,340,606
364,112,348,600
353,114,351,597
362,114,350,588
361,111,348,581
364,110,343,576
360,111,353,566
355,111,355,559
361,118,353,553
359,110,346,544
373,110,347,540
363,111,344,531
361,109,343,527
358,109,337,520
361,110,333,516
359,107,330,512
364,108,357,508
363,108,328,502
356,107,322,494
357,109,325,486
360,107,291,484
360,112,315,481
351,105,310,481
360,103,310,468
353,100,303,468
364,105,302,463
362,100,298,455
363,105,295,473
366,164,295,494
364,102,295,512
366,109,297,518
356,104,294,514
364,117,289,522
365,107,309,544
360,103,296,553
359,115,304,570
358,116,310,582
359,134,306,584
355,123,310,581
358,120,311,573
356,122,309,571
364,120,318,594
356,121,324,619
355,115,327,618
360,118,332,614
361,116,326,615
358,118,326,609
356,116,325,605
357,119,321,596
361,117,316,591
367,110,331,596
359,115,296,587
356,120,309,585
357,116,323,581
360,114,328,582
359,120,333,569
356,118,330,566
357,114,332,571
358,113,327,603
353,114,325,620
352,117,325,627
353,113,316,626
356,108,318,621
354,108,317,633
357,111,325,664
355,109,327,664
349,109,289,654
351,106,327,650
351,106,325,636
356,109,323,635
353,107,316,626
353,96,321,613
353,108,310,609
354,97,314,635
353,108,315,631
354,109,311,630
351,108,313,630
353,108,311,622
346,105,307,617
346,106,306,605
373,112,303,618
357,107,299,603
358,109,299,600
359,113,291,601
371,105,302,592
363,106,289,581
360,106,286,596
357,106,273,589
361,104,283,581
360,107,280,574
365,109,276,616
358,105,276,562
357,101,269,570
358,109,272,579
358,103,295,585
408,106,294,580
354,104,296,572
358,114,306,586
357,138,289,585
356,144,279,577
357,154,295,565
356,152,280,563
360,155,278,562
357,153,275,561
357,151,266,558
345,151,273,565
362,145,265,558
364,167,266,572
362,145,266,601
364,163,267,614
367,145,263,612
364,142,263,600
361,142,261,596
365,144,259,589
361,136,259,585
363,141,260,590
350,141,271,597
358,137,260,587
362,137,256,584
361,141,254,587
360,140,252,583
363,137,250,596
360,134,249,578
364,135,297,569
360,134,246,563
359,137,247,561
358,133,245,560
358,132,252,556
354,129,248,554
402,131,252,553
359,117,241,546
357,128,253,541
354,128,258,531
358,125,251,530
358,130,254,525
355,116,251,518
356,123,265,515
351,120,245,512
358,126,242,498
352,124,240,491
357,124,239,500
352,124,239,496
356,120,235,494
347,124,234,497
356,119,231,493
355,121,230,488
356,117,234,482
362,122,237,477
347,118,242,482
361,117,228,473
352,113,233,484
354,119,235,493
366,119,236,498
353,116,238,488
354,83,233,483
352,115,228,475
354,117,231,480
351,115,225,476
354,110,224,473
340,114,222,478
351,113,214,470
344,109,220,483
351,112,220,492
352,115,220,498
350,110,230,487
352,114,238,497
352,115,243,508
350,112,252,499
352,116,251,490
404,111,246,487
351,110,247,486
358,109,241,477
360,110,246,476
351,109,237,468
355,106,241,462
351,111,226,458
357,113,233,451
350,110,234,449
354,108,240,442
349,109,236,452
353,107,231,452
352,112,232,447
352,105,231,448
352,107,229,444
356,107,225,441
358,104,226,441
350,106,226,433
355,101,217,430
345,109,223,426
349,111,220,428
368,110,219,424
352,108,217,424
352,110,220,421
351,106,219,419
352,110,217,421
334,108,217,422
353,106,211,419
317,106,216,421
349,104,210,440
348,112,211,425
347,103,201,460
349,106,213,461
346,105,204,457
349,105,197,454
349,102,205,453
347,104,209,444
346,104,211,441
346,109,206,442
376,106,207,443
347,114,202,438
349,103,204,438
336,116,202,447
349,103,201,444
350,103,200,447
353,128,199,437
350,102,203,436
346,103,201,432
353,100,201,432
357,94,206,432
354,102,199,431
352,104,197,429
349,94,193,424
354,101,196,423
354,86,193,424
352,112,195,421
340,103,191,425
336,101,192,431
352,99,183,431
353,98,186,429
351,98,185,427
355,100,178,438
355,99,183,434
352,92,182,457
355,100,190,474
357,97,194,479
352,96,198,474
353,94,194,467
358,98,196,463
354,96,199,461
354,98,180,470
356,88,198,477
355,99,199,473
361,100,196,480
353,96,193,490
355,103,194,504
358,97,193,505
355,105,192,502
342,95,191,502
354,92,194,519
348,105,200,546
354,97,192,554
350,96,193,552
355,82,188,548
352,96,189,538
352,96,188,540
353,97,188,551
352,96,199,541
355,98,203,539
348,96,199,533
353,86,206,525
352,93,209,523
355,91,209,516
354,93,215,522
348,95,230,534
354,114,212,529
350,94,213,524
351,97,210,515
352,98,209,524
376,94,208,517
362,95,208,516
353,92,210,517
354,95,203,512
354,91,202,506
368,98,198,501
352,93,197,498
349,93,196,493
350,94,196,485
352,98,194,482
350,98,195,477
357,92,190,472
353,94,190,477
353,95,198,497
355,93,200,497
352,94,197,496
359,94,200,493
354,96,197,493
352,102,196,487
355,98,192,496
357,134,192,482
354,120,193,481
350,118,190,481
355,118,189,477
360,118,172,477
353,114,186,474
340,119,186,451
345,114,192,472
352,116,196,479
353,113,194,475
353,112,200,472
353,160,199,475
354,114,199,470
352,115,196,467
353,100,196,460
355,114,193,457
347,114,190,454
356,116,199,451
342,111,192,444
355,116,198,450
354,116,193,470
360,114,201,499
355,122,214,517
358,122,229,534
358,118,249,544
360,109,250,537
358,110,245,536
355,118,248,558
354,118,269,580
351,115,268,598
355,118,285,623
353,112,298,629
356,116,293,629
348,114,306,622
355,114,302,614
359,111,299,615
356,116,294,627
357,117,296,652
354,114,291,649
355,125,285,637
356,112,283,637
355,113,286,643
351,124,280,616
356,111,275,626
354,112,273,623
349,112,268,610
355,101,272,598
352,108,259,595
359,112,263,593
346,111,262,556
357,114,259,588
351,107,264,583
354,109,261,574
353,112,266,565
350,107,256,557
350,111,260,564
351,107,252,569
351,108,265,565
349,107,261,562
345,109,264,556
349,105,264,554
351,103,262,547
344,106,260,546
349,104,257,537
348,120,257,533
348,104,248,526
343,100,253,526
351,100,254,530
350,119,235,518
347,104,244,514
350,101,235,519
351,105,245,518
349,103,242,512
357,109,245,559
347,102,239,500
343,104,240,496
350,104,240,492
348,100,237,493
346,103,231,484
351,99,226,475
359,101,250,474
348,99,237,469
360,102,237,465
348,101,230,463
348,101,235,462
348,116,232,463
343,98,225,455
335,99,227,446
349,98,226,448
349,123,224,447
348,100,226,448
350,95,218,450
347,101,215,458
350,99,219,452
347,100,220,446
347,94,216,444
349,97,207,443
345,101,214,444
346,100,214,445
351,93,210,449
348,110,217,451
340,109,216,448
348,110,210,446
345,107,217,450
346,108,215,448
346,107,219,438
345,115,217,446
346,108,218,447
344,100,214,440
357,110,216,442
345,107,211,444
349,107,212,441
345,104,214,442
348,94,217,434
345,104,216,432
345,104,225,430
349,104,217,453
344,104,217,471
340,104,227,474
341,103,227,473
349,106,226,475
352,104,220,475
350,100,223,471
349,104,224,471
372,105,218,469
352,103,217,466
348,105,213,462
353,119,217,454
351,116,219,470
351,105,220,486
349,81,220,500
352,104,215,496
350,108,219,499
348,102,219,498
347,107,226,489
356,103,204,523
348,105,236,529
349,118,230,522
350,104,232,516
347,103,230,512
350,101,227,503
345,105,232,501
339,105,215,494
349,105,227,492
359,99,220,484
313,104,225,483
347,100,230,474
348,104,221,474
351,102,230,477
350,103,222,461
336,105,217,455
362,104,212,456
335,108,214,461
349,104,213,455
353,106,213,450
349,101,207,452
353,109,207,443
354,106,206,440
357,106,199,435
316,108,204,436
354,104,200,459
353,101,202,467
353,103,197,464
357,100,198,459
348,102,198,458
352,105,196,458
353,103,194,458
355,102,192,454
350,102,198,461
353,101,198,450
352,104,198,462
352,101,198,465
352,103,206,474
348,103,201,479
354,102,196,475
350,90,200,464
352,103,187,461
344,101,199,470
351,106,201,473
349,118,190,472
339,112,196,466
352,120,191,462
353,117,183,464
349,124,189,465
351,125,188,464
352,117,187,469
349,114,186,482
361,116,181,489
345,118,190,495
349,112,188,494
347,109,188,487
350,114,187,522
352,115,184,490
348,114,183,485
347,112,186,480
346,112,186,477
352,111,185,478
350,111,184,483
345,109,186,479
349,109,183,475
347,109,173,478
348,125,172,493
351,108,188,523
348,110,192,538
340,106,199,553
346,119,203,557
344,122,214,565
349,119,208,564
346,123,208,552
355,117,206,547
356,119,204,537
346,121,201,534
353,117,202,534
330,121,198,548
354,114,200,547
356,118,198,558
335,115,201,569
355,117,207,578
342,112,211,578
354,117,212,582
351,121,212,589
352,114,213,624
351,114,219,641
408,114,226,646
352,117,231,654
353,121,237,646
351,118,229,640
344,113,224,632
349,117,222,626
347,116,280,618
353,134,224,620
351,116,224,621
352,103,224,606
342,114,260,607
357,112,220,601
357,115,215,606
353,114,220,618
351,114,217,613
350,112,216,612
354,102,215,616
353,110,210,623
355,114,209,629
356,118,212,629
341,114,210,633
353,104,210,652
351,110,202,633
353,111,210,639
353,110,204,653
354,109,214,668
350,110,214,679
352,109,210,684
352,101,216,665
352,113,208,658
353,109,210,648
356,106,203,642
351,107,205,636
346,108,202,627
350,106,201,623
371,104,203,631
349,103,199,620
338,109,201,609
356,106,170,602
350,109,200,596
350,107,195,589
350,106,202,579
352,109,194,587
350,105,191,582
349,92,196,588
354,162,190,592
352,107,196,592
356,108,191,604
352,111,198,608
346,111,184,603
354,113,204,599
351,110,201,594
353,111,197,592
349,111,200,583
353,110,198,581
351,108,198,576
353,107,197,566
345,123,196,558
352,108,199,552
348,100,196,547
350,107,188,541
353,112,185,536
351,108,192,534
352,111,189,547
353,108,206,560
352,106,214,580
354,107,216,589
351,107,214,585
355,113,214,581
353,116,208,571
365,126,221,572
349,124,232,592
351,123,238,622
347,125,256,618
344,123,245,617
349,112,245,606
351,129,239,602
354,121,248,595
282,121,238,587
354,128,235,580
354,112,233,574
363,118,244,570
353,123,234,582
351,114,229,584
351,113,225,576
349,116,228,571
350,112,226,561
348,113,227,557
368,114,220,563
350,113,215,566
352,114,221,562
352,114,223,572
351,104,218,562
352,113,223,560
350,111,217,561
354,113,214,558
347,110,216,557
350,109,215,561
342,113,215,561
352,100,216,567
350,114,221,570
344,109,222,560
350,102,224,552
350,108,225,549
347,103,211,540
345,114,221,537
341,112,212,541
347,118,220,538
350,119,212,549
304,121,214,576
348,136,209,589
351,134,213,594
349,117,208,587
355,119,259,581
348,115,204,584
350,114,202,588
342,114,208,600
348,116,217,599
346,119,210,602
357,116,213,597
349,125,220,564
349,119,225,584
357,120,229,582
351,118,233,573
352,121,229,569
348,118,233,572
352,125,227,574
351,112,227,572
350,116,224,570
350,128,234,569
354,119,226,574
352,122,233,577
352,126,222,574
354,153,238,563
345,138,236,568
355,132,232,574
351,131,219,592
353,129,247,605
355,131,241,598
353,128,242,589
355,131,244,584
350,124,243,575
320,126,240,568
352,126,234,564
356,125,235,561
353,126,235,549
353,122,226,544
360,126,181,535
353,121,231,530
356,124,231,534
352,120,228,531
350,125,222,553
356,121,222,572
353,124,226,560
348,124,226,560
350,117,223,554
349,119,226,546
348,119,227,538
350,114,235,540
346,116,226,528
350,118,224,520
351,117,223,523
348,115,221,515
347,173,222,512
349,114,229,506
349,106,223,509
349,113,223,510
347,116,219,505
350,102,232,502
350,114,223,500
347,112,226,500
347,110,222,498
348,113,224,495
348,105,220,501
350,112,222,516
347,110,234,530
349,108,227,532
348,106,226,530
350,110,222,528
346,109,222,530
347,108,220,520
347,105,220,516
348,106,216,518
352,111,218,519
348,106,215,528
347,122,224,530
346,109,214,528
349,116,213,518
344,101,211,514
347,97,211,504
346,106,206,506
349,104,212,513
348,105,217,530
349,103,215,537
350,104,214,548
350,104,218,540
354,104,220,541
352,94,220,535
353,104,216,535
359,104,217,535
346,101,212,523
348,94,217,518
347,92,212,514
349,98,205,512
344,101,202,505
346,100,207,501
343,100,203,496
343,108,203,493
337,106,206,494
342,106,204,490
343,108,206,485
345,105,204,483
345,106,198,487
344,103,196,489
345,105,198,486
343,94,198,498
344,107,189,478
344,108,195,476
345,104,191,468
347,104,192,467
352,107,193,456
352,109,190,458
353,106,192,459
356,110,192,464
353,118,187,467
354,108,184,466
356,118,193,459
357,115,179,454
357,120,183,451
355,120,175,452
357,118,180,451
354,117,178,454
357,130,180,448
352,114,178,445
355,118,178,443
353,116,178,446
353,114,169,439
380,118,177,441
354,114,178,437
350,115,177,440
343,116,172,442
353,112,172,436
350,113,183,432
354,114,178,429
346,118,183,432
352,107,183,440
353,116,178,443
358,116,175,440
353,114,179,434
350,104,186,432
352,112,176,430
360,94,175,446
351,105,174,452
352,113,177,452
349,107,181,445
352,101,175,443
355,111,174,471
356,112,176,438
350,109,166,432
357,113,174,445
358,111,177,443
368,136,173,442
357,108,164,454
356,105,172,452
354,108,173,452
364,105,178,472
358,107,178,484
352,106,171,485
360,106,162,479
353,105,169,479
355,104,174,475
285,106,169,469
351,109,166,467
351,105,171,464
353,106,166,462
341,108,159,462
353,102,168,474
357,104,158,473
354,103,161,474
352,105,162,467
353,108,168,468
352,106,169,465
358,110,183,467
352,105,192,469
355,105,193,463
350,111,194,491
352,109,213,520
352,110,231,531
352,110,238,533
352,111,240,529
349,67,235,526
352,113,234,524
348,108,229,513
348,111,231,508
349,107,226,503
344,107,222,495
351,102,232,496
348,107,222,492
349,109,220,487
365,107,221,482
349,107,216,477
350,93,227,472
351,106,214,477
367,109,208,471
364,106,212,468
351,105,212,482
354,105,206,485
351,107,208,488
349,106,203,498
351,105,205,498
350,104,204,494
353,107,208,497
348,103,203,492
359,103,212,495
399,117,201,504
351,120,199,528
350,129,198,541
357,132,199,541
349,134,202,538
346,129,196,532
352,116,197,532
348,128,198,525
348,128,192,519
339,132,194,514
349,123,193,508
360,125,192,504
342,126,186,496
350,143,192,492
350,125,189,487
350,128,191,484
347,126,205,491
361,118,194,473
336,123,188,468
349,119,188,464
344,123,194,464
320,121,190,476
350,122,192,478
348,114,187,476
344,123,188,478
354,122,184,479
353,117,183,495
350,117,181,504
358,119,187,495
353,120,180,498
354,107,182,508
359,118,181,488
361,117,183,489
353,117,194,499
348,118,193,504
354,100,193,521
351,114,198,530
355,115,186,518
352,114,196,513
342,112,203,508
355,114,198,510
352,109,196,498
360,113,194,497
350,109,191,495
358,111,192,493
351,112,191,501
363,111,154,493
351,112,193,491
352,105,191,488
356,111,192,494
347,109,193,510
352,110,197,518
349,108,188,517
348,106,191,512
348,109,188,509
349,106,186,515
347,101,188,540
350,107,185,570
349,101,192,594
351,105,186,596
361,111,183,592
349,102,181,584
353,108,169,581
352,111,183,597
351,105,182,595
354,113,180,587
356,119,177,588
357,105,179,584
356,103,182,577
356,103,177,572
364,111,172,599
358,114,175,562
352,120,174,556
340,119,171,550
352,107,171,549
355,113,174,541
354,121,176,540
353,116,175,541
354,116,177,537
352,114,176,542
345,107,174,542
349,116,176,539
347,115,178,535
353,113,181,534
355,124,180,540
352,115,201,544
352,112,198,532
344,111,166,532
350,110,197,533
366,112,193,524
349,109,193,522
346,108,201,519
356,108,187,520
352,108,188,517
353,108,188,524
350,114,186,503
351,129,193,503
345,120,183,501
356,121,185,505
353,133,186,516
356,114,182,515
354,123,179,516
354,117,180,508
353,117,181,510
354,115,178,510
353,109,176,501
343,112,182,498
352,114,174,493
350,118,176,494
351,114,174,481
353,117,175,483
353,111,165,475
353,113,168,471
353,114,169,465
357,112,171,462
357,106,170,472
366,114,170,457
363,114,172,462
367,113,171,460
368,111,173,459
365,122,172,453
363,110,168,447
362,107,170,439
367,112,168,448
362,108,171,463
363,112,152,478
359,111,167,501
367,106,166,514
362,112,167,514
362,106,170,507
359,111,166,497
363,108,164,499
366,112,166,503
362,110,164,499
352,106,186,494
357,108,162,489
363,105,166,483
355,110,168,480
366,103,160,472
364,107,161,473
362,106,159,467
371,105,158,464
363,105,158,462
364,105,158,457
354,109,157,454
364,104,155,453
361,101,160,447
361,103,155,449
361,105,157,429
359,101,153,438
363,105,156,436
358,107,155,434
362,102,154,433
362,101,153,431
364,103,151,428
364,103,152,427
364,102,150,428
364,104,154,429
363,92,147,431
365,98,148,427
367,88,146,451
364,102,148,463
361,104,138,470
362,106,146,465
361,98,148,463
364,98,149,460
357,105,147,463
361,87,150,460
360,98,146,453
366,104,143,455
363,99,146,445
370,100,148,451
370,104,150,405
397,102,160,467
368,97,171,479
360,97,174,488
367,86,167,491
366,99,173,514
364,100,186,544
364,100,209,560
361,100,197,576
365,101,199,568
366,102,190,569
376,109,190,582
363,115,196,561
358,114,192,552
361,110,187,549
357,112,189,541
363,111,188,533
360,110,189,530
363,110,188,526
364,112,190,533
363,108,181,532
363,112,189,536
363,94,185,528
367,110,186,523
367,107,142,518
370,96,184,518
367,104,183,520
366,106,180,538
366,109,182,532
361,108,188,549
365,107,189,550
363,103,192,543
364,105,204,540
358,98,199,535
365,102,201,526
364,104,198,528
357,100,198,516
365,107,197,516
367,107,198,507
357,106,196,502
363,105,192,495
367,102,196,494
364,101,190,484
368,107,183,485
367,101,188,482
368,99,186,484
370,100,188,488
370,101,185,485
371,104,186,481
370,94,187,478
371,104,200,497
368,100,183,512
376,102,182,516
370,97,176,509
371,106,187,509
371,103,190,510
360,101,185,495
376,101,187,500
369,100,180,495
369,101,181,494
373,94,181,500
366,99,181,497
368,95,181,496
366,99,182,506
364,92,185,496
324,98,181,488
364,104,185,480
356,99,178,485
365,100,187,492
362,115,189,495
366,98,178,490
373,98,152,488
364,100,176,483
365,103,178,483
355,102,172,475
366,97,176,472
371,96,173,467
362,105,174,465
365,90,170,468
379,103,173,464
362,97,172,464
363,100,174,464
364,99,170,456
365,96,168,461
366,105,170,489
361,99,176,488
366,99,167,483
362,99,163,479
351,96,124,475
367,96,165,469
363,96,155,464
361,97,167,462
375,97,168,454
362,98,161,451
367,93,159,451
363,86,158,441
362,94,158,440
363,96,158,440
362,97,161,437
364,96,164,432
363,101,161,430
363,95,157,426
364,107,147,429
365,97,163,460
366,97,171,483
364,95,178,501
365,88,177,512
367,93,182,515
362,93,186,554
357,99,201,617
364,85,205,622
363,101,214,637
359,94,246,649
365,97,211,651
372,93,223,642
362,95,220,632
360,93,227,622
359,92,218,614
366,96,216,613
361,89,217,602
368,52,214,599
374,86,212,590
376,94,209,590
370,96,209,594
373,97,208,593
366,100,205,593
384,114,208,583
370,117,206,586
366,117,203,582
373,130,205,580
371,126,200,572
368,128,162,564
374,132,208,561
377,126,198,555
372,124,200,550
376,129,194,546
374,125,199,542
372,124,196,528
375,120,195,536
372,123,193,543
372,120,193,559
368,122,187,542
372,113,187,514
370,120,188,529
372,120,177,522
370,121,204,520
375,117,185,514
377,123,186,513
372,106,194,533
373,121,209,566
401,118,222,601
375,118,235,631
376,110,244,650
379,118,245,647
374,117,249,648
376,112,247,702
374,116,257,761
322,114,257,790
375,115,268,781
370,114,257,769
424,114,252,784
369,113,256,782
372,114,264,784
374,114,274,782
371,118,266,767
373,115,267,756
378,110,317,746
373,115,266,737
372,113,264,726
372,110,259,714
369,110,252,708
369,112,252,696
370,108,251,688
369,112,250,672
380,113,251,678
373,102,254,674
368,104,256,659
371,97,260,654
372,109,268,630
369,106,270,636
371,105,266,625
367,112,259,620
368,99,257,609
369,112,261,618
370,103,261,614
382,109,265,606
371,105,263,608
372,106,258,617
371,98,282,593
371,112,266,592
368,108,266,584
381,103,262,578
371,105,262,577
370,101,256,570
369,103,262,571
363,100,260,561
373,101,256,555
365,101,258,546
372,106,258,553
368,107,262,560
369,108,259,552
366,109,259,558
372,109,256,558
370,110,254,577
375,108,253,560
370,108,249,561
365,109,249,556
370,107,243,556
370,109,242,548
367,92,242,538
370,108,237,556
368,107,244,561
367,120,236,558
373,42,233,554
373,109,233,564
369,107,240,591
359,111,239,609
367,114,250,626
369,108,253,610
367,111,265,596
365,108,253,613
369,110,260,625
365,108,264,640
367,100,273,636
365,105,269,634
369,108,267,642
382,116,260,645
367,108,262,635
370,113,271,634
367,114,262,631
360,118,262,614
366,113,261,628
371,114,254,633
366,112,256,614
363,110,251,615
367,111,250,627
363,110,252,614
368,113,246,612
364,109,245,606
369,113,240,603
362,124,237,601
360,109,222,592
358,115,234,586
358,106,231,596
359,110,242,600
357,111,221,594
360,104,231,613
356,104,232,601
364,106,232,608
357,106,233,605
366,107,207,596
359,105,221,594
356,106,228,582
359,107,231,577
362,102,233,567
366,106,226,563
362,105,224,561
365,106,221,550
360,102,221,552
365,108,216,547
359,104,217,544
357,103,213,531
363,106,214,537
372,106,215,550
363,107,213,529
371,102,211,528
363,103,212,518
360,105,212,517
363,104,211,512
373,103,205,507
361,101,205,502
358,108,203,493
355,102,216,491
355,106,226,491
359,101,216,490
366,103,221,512
359,99,226,530
375,100,222,536
363,104,221,529
360,100,221,521
365,91,228,519
361,101,216,514
362,103,212,516
362,92,212,505
363,102,209,506
363,100,209,500
364,101,209,501
358,111,208,496
360,96,206,499
360,102,208,487
352,96,202,487
357,93,199,485
356,92,199,479
355,93,218,474
354,93,190,468
359,98,196,465
356,92,200,462
359,98,197,462
357,96,197,467
351,97,207,483
354,100,196,486
355,98,193,493
356,100,207,493
355,103,194,487
354,98,197,496
352,94,203,506
355,89,196,545
348,110,202,567
354,90,199,562
355,97,205,564
354,98,203,559
355,113,201,552
354,96,202,545
369,97,200,538
360,103,199,532
357,97,193,525
355,95,193,521
356,95,195,518
342,96,203,522
358,96,194,518
358,95,195,506
352,95,188,532
356,92,191,520
357,96,190,521
354,96,189,529
349,96,192,540
351,102,195,535
354,104,194,540
363,104,163,542
373,103,188,539
350,102,184,534
360,104,188,535
352,102,181,531
358,102,189,541
357,104,198,558
358,91,196,542
358,103,188,540
358,99,187,539
357,112,187,535
357,100,178,532
357,100,183,528
353,97,182,522
360,100,177,515
354,102,179,512
347,99,180,505
353,97,182,503
356,97,182,484
361,101,178,490
352,96,174,486
359,95,175,483
354,100,177,482
354,94,174,466
357,102,175,468
356,96,169,463
361,97,170,460
353,94,170,455
357,87,171,447
361,97,162,449
358,99,164,457
356,98,173,471
359,101,172,471
355,96,177,478
358,96,178,471
356,96,180,469
370,96,176,488
354,99,181,498
354,96,184,506
355,96,180,499
348,106,183,497
354,94,177,488
353,96,178,488
362,94,179,484
353,100,178,480
351,87,175,482
352,102,173,491
347,93,176,494
354,96,173,492
349,95,175,490
350,97,170,483
350,96,172,478
350,91,170,468
354,98,172,469
352,94,152,461
354,97,171,459
356,96,167,462
360,93,166,458
357,96,169,451
352,94,166,448
352,95,165,443
364,95,155,440
355,98,167,443
355,94,179,434
361,96,136,427
354,93,160,426
355,92,161,433
353,96,161,443
355,84,163,436
352,97,161,436
357,91,157,430
350,91,161,428
353,88,156,423
357,96,160,418
354,88,160,422
353,90,158,424
353,95,156,423
353,94,149,415
354,109,155,418
353,93,153,417
354,96,158,427
352,96,160,424
354,94,161,422
351,94,158,420
358,90,160,420
354,89,154,424
357,93,154,421
356,95,143,423
360,93,156,428
357,94,158,446
357,95,160,468
356,98,167,489
349,97,172,497
359,101,165,495
357,101,168,489
367,97,161,482
355,102,160,491
355,96,168,492
350,98,164,486
353,96,162,467
359,94,161,480
348,110,161,487
354,102,157,471
349,103,161,475
354,106,160,468
351,110,160,465
348,110,147,458
358,108,160,458
356,110,155,451
352,111,160,447
344,112,153,444
360,106,151,440
353,109,153,435
354,108,149,434
355,108,142,432
353,106,150,427
353,107,145,428
355,108,149,425
357,107,151,424
356,106,152,421
365,105,146,416
352,105,148,422
358,103,146,423
360,106,149,429
360,104,146,428
361,106,149,430
358,104,151,434
360,105,152,430
360,101,149,429
363,107,163,430
355,107,160,431
357,110,154,423
358,110,160,424
354,105,152,416
357,108,160,413
351,104,159,412
357,108,157,408
357,105,160,407
361,108,155,405
355,107,156,400
355,105,161,405
357,107,157,404
348,118,156,398
358,163,159,405
358,105,155,404
352,104,160,408
367,105,180,411
359,104,154,408
357,102,152,405
349,108,153,421
360,103,149,402
362,102,151,401
367,108,144,396
361,100,150,402
362,105,146,404
362,101,152,410
364,104,145,431
361,101,152,432
361,100,146,430
362,92,145,428
358,100,150,433
361,104,146,439
360,113,149,432
360,104,156,426
413,101,148,424
361,99,146,417
356,100,152,416
358,101,145,412
356,100,145,410
357,97,144,408
359,94,157,421
356,97,143,414
360,102,149,411
356,95,144,395
358,96,139,405
358,100,144,405
348,107,147,401
352,101,152,393
357,96,153,400
356,100,165,398
355,87,161,401
359,98,165,410
353,97,162,421
362,96,155,416
352,93,177,416
312,97,179,424
354,100,195,455
359,96,193,475
357,77,196,479
352,97,191,476
357,96,193,488
349,97,199,495
350,93,188,496
354,99,189,496
357,98,185,490
359,98,185,490
362,100,183,485
355,99,187,482
361,97,182,478
350,121,181,476
357,94,177,484
373,101,178,491
358,104,185,493
361,100,173,486
360,102,176,484
358,101,174,482
361,91,175,477
362,105,169,470
359,96,172,477
359,102,168,472
364,104,169,468
355,100,165,480
353,105,171,486
360,111,169,491
354,104,169,485
359,105,171,480
357,98,168,465
359,101,165,477
357,103,169,474
362,103,173,468
372,107,181,497
358,102,188,460
355,103,182,455
355,103,181,451
355,102,184,454
354,93,184,461
356,102,182,469
353,100,194,470
373,100,199,469
352,98,202,468
356,100,202,460
354,101,202,466
354,101,195,462
348,102,181,457
353,101,190,454
354,100,192,449
354,100,192,449
351,101,185,452
352,107,182,472
354,100,187,470
352,99,189,468
353,98,185,462
354,100,190,466
353,98,182,472
358,100,180,472
354,98,180,470
357,99,180,476
346,93,176,479
354,99,176,478
353,100,179,476
352,99,174,472
354,101,187,470
355,99,184,463
354,99,171,461
353,96,161,457
354,98,174,456
349,98,180,450
359,94,180,444
353,101,186,435
351,96,184,440
354,99,182,437
353,97,184,437
376,97,182,450
351,94,185,450
344,99,180,448
349,92,182,448
350,101,182,452
350,97,178,457
350,93,180,462
351,101,172,469
350,96,174,464
362,98,180,469
347,97,186,470
343,98,181,472
347,94,182,474
341,96,181,467
353,96,181,477
350,90,185,480
349,97,189,502
350,99,196,504
347,96,198,498
335,95,200,492
352,96,198,491
287,96,198,484
350,98,192,477
351,94,195,477
352,89,195,473
351,90,193,470
348,95,192,468
350,91,184,466
337,93,188,463
348,93,186,467
351,102,195,479
351,94,186,453
343,100,194,455
351,93,183,451
350,100,183,447
346,95,181,445
344,97,183,443
347,92,176,445
351,92,183,440
345,93,198,439
352,93,180,437
353,99,172,437
356,90,182,436
356,99,179,432
354,98,162,430
353,100,176,429
352,101,173,429
356,102,174,429
353,93,183,435
354,93,181,437
354,98,185,433
358,94,175,427
355,99,182,430
352,92,180,429
356,102,180,423
357,98,178,426
369,104,180,420
352,96,178,420
353,88,182,416
372,98,178,411
339,101,174,452
311,99,175,406
348,96,170,391
350,97,163,408
348,95,167,401
354,93,169,404
349,43,171,420
352,96,168,431
350,98,168,430
352,96,164,435
350,97,173,425
348,95,165,433
352,97,165,431
356,90,168,433
354,97,166,432
354,98,170,431
351,98,166,427
353,98,174,440
351,95,160,444
352,100,168,445
352,95,139,443
349,107,175,441
347,103,167,437
351,96,168,433
351,97,169,425
352,97,166,429
352,101,170,426
356,96,156,422
354,99,166,420
351,40,161,423
351,96,163,424
350,94,161,393
346,96,164,418
349,95,161,416
349,99,158,423
352,97,163,449
351,96,163,469
352,94,171,458
350,93,189,457
354,96,204,456
347,92,173,453
353,94,174,444
351,96,176,444
352,93,170,439
350,97,173,438
352,106,173,433
349,96,181,430
351,94,168,426
352,98,160,423
349,96,167,425
354,99,158,431
349,98,171,429
348,93,164,424
350,86,165,425
348,97,161,418
348,97,166,417
353,97,160,416
350,96,162,416
346,96,160,420
347,99,158,412
346,101,160,426
341,109,157,416
346,97,158,425
336,96,155,423
343,96,160,436
343,94,170,455
347,96,167,461
342,98,173,461
348,134,172,457
344,95,172,456
353,93,166,450
340,97,165,444
344,93,165,443
345,94,172,435
340,92,173,437
342,99,164,431
343,93,168,427
345,97,166,434
342,93,166,440
339,93,164,426
343,95,162,433
347,94,154,434
347,93,164,435
347,91,160,434
352,90,165,429
349,94,142,427
352,91,160,423
349,102,165,428
355,105,160,418
350,107,159,425
347,106,157,420
349,108,155,416
347,103,155,412
351,112,155,409
355,108,162,414
350,104,179,414
344,111,179,412
348,106,176,405
347,97,182,403
346,105,175,406
349,105,178,407
347,103,175,398
352,105,174,395
347,161,172,400
352,108,173,395
350,101,176,392
353,107,176,390
352,107,174,389
352,102,172,400
350,104,182,417
347,105,186,437
349,107,182,447
346,112,202,448
354,108,205,446
344,108,209,441
350,108,203,442
347,98,217,437
343,118,204,432
347,105,205,429
350,105,201,423
350,120,203,422
349,94,200,416
343,104,197,414
343,104,196,413
342,101,198,408
343,103,188,408
347,100,191,403
358,105,213,401
348,100,186,394
348,103,183,395
347,102,187,391
348,95,186,392
345,108,187,389
350,102,190,385
339,113,184,381
346,100,182,382
352,104,185,386
347,100,169,396
348,107,171,395
347,102,178,402
349,98,183,398
344,97,182,409
345,99,175,425
346,98,175,441
350,97,180,439
345,100,180,432
346,98,183,438
346,103,183,449
343,101,191,439
351,104,238,443
345,100,188,439
352,98,190,434
344,114,183,433
338,101,181,426
347,100,186,426
347,96,182,424
345,103,180,421
348,101,181,420
346,96,180,423
343,101,184,417
348,100,183,416
347,102,185,415
346,98,179,416
344,99,179,426
344,97,184,444
345,102,183,437
345,98,177,452
345,99,179,453
343,88,178,453
342,92,173,453
345,100,179,465
344,93,175,472
344,90,178,478
343,99,174,474
344,100,183,472
343,92,178,466
341,104,169,463
344,90,178,477
348,98,174,457
345,95,180,457
343,104,173,454
349,106,171,449
351,101,174,446
351,107,166,445
344,107,166,441
351,106,169,444
345,113,163,461
352,115,168,459
350,112,171,458
349,113,169,453
342,116,180,450
349,113,166,449
352,116,169,445
351,113,183,447
316,114,166,455
350,111,170,458
348,111,164,453
349,113,164,462
346,164,162,476
348,111,162,478
344,111,160,490
361,111,119,483
341,114,160,475
348,111,158,481
344,112,162,508
355,109,166,538
350,111,159,535
353,111,160,523
347,104,172,521
350,107,173,513
351,109,176,522
346,108,174,552
359,113,211,574
344,123,200,594
347,106,211,629
351,97,225,631
348,103,224,627
343,105,230,619
343,101,225,609
348,98,240,606
348,106,222,605
348,105,221,589
339,94,214,590
350,104,219,580
352,104,221,576
347,105,211,566
344,99,216,550
351,102,211,558
350,106,208,550
345,110,209,547
347,103,206,537
351,101,212,553
346,116,216,549
350,103,219,543
346,94,213,546
347,100,220,532
340,97,220,526
349,101,216,521
348,108,215,514
349,100,224,508
345,102,213,504
292,103,215,499
345,101,216,491
358,103,210,487
348,104,213,484
346,106,207,479
345,99,205,473
348,95,195,471
348,97,204,468
341,100,204,464
345,115,217,466
350,100,215,474
345,98,212,472
344,118,215,472
344,99,209,460
348,99,208,461
345,98,210,464
346,96,210,453
344,99,204,455
345,97,202,456
344,104,203,465
338,90,200,473
296,99,201,476
344,100,200,486
343,99,194,483
342,96,194,491
350,102,194,519
334,105,201,549
347,104,192,553
352,100,192,547
349,102,188,537
361,103,190,526
353,108,195,537
356,104,200,529
354,102,201,537
358,103,194,520
367,101,220,516
359,103,197,509
360,116,188,509
359,111,191,500
358,122,190,495
354,118,187,492
347,120,193,484
353,118,186,479
356,117,184,475
353,117,184,471
357,115,241,473
356,117,181,465
354,107,181,447
351,119,184,455
341,114,183,457
358,116,179,451
356,113,178,445
354,114,180,443
352,119,178,441
355,117,174,437
357,120,176,442
355,119,173,431
357,120,170,427
355,117,170,433
356,114,166,431
355,117,172,427
358,118,169,427
344,142,169,424
354,119,164,434
369,120,168,445
354,120,165,454
350,135,168,451
357,119,159,450
357,120,166,446
354,115,162,453
356,118,173,460
357,118,182,459
356,117,178,456
354,110,178,458
352,116,176,455
356,115,177,451
356,112,173,447
355,104,173,445
411,115,173,441
354,119,177,437
353,112,178,432
358,101,171,437
356,121,171,431
356,105,171,429
356,113,169,426
353,112,167,424
355,111,167,420
352,116,173,417
356,109,166,423
352,109,168,421
367,113,165,434
353,110,168,416
355,109,162,416
354,112,166,409
353,108,158,409
353,108,161,406
348,109,160,412
352,107,160,402
348,106,161,402
352,105,160,406
345,117,163,404
347,103,158,421
362,108,160,416
348,104,155,415
351,106,160,419
355,112,173,418
354,103,170,418
350,107,171,416
355,105,169,402
358,106,172,416
348,102,162,432
352,92,173,438
350,101,165,433
355,103,172,438
347,101,168,430
360,101,166,425
349,106,164,424
352,100,163,420
351,99,163,417
352,36,165,416
352,103,166,413
349,99,164,405
351,104,160,417
342,92,167,411
349,101,162,418
352,98,161,421
348,109,159,420
356,104,162,420
354,110,156,426
356,103,160,428
358,108,192,438
356,109,168,456
353,109,170,457
356,106,176,449
353,108,172,445
358,104,164,441
358,108,170,443
360,101,184,424
364,108,171,437
359,105,166,447
348,105,128,441
371,104,166,444
362,100,166,422
362,106,167,438
361,109,154,437
361,107,166,441
359,102,161,438
359,97,166,459
359,93,164,446
356,105,163,439
336,104,163,439
366,109,161,470
356,104,163,446
355,104,159,455
369,102,169,456
356,102,157,450
357,104,158,453
355,105,164,452
354,105,171,502
305,103,179,517
356,98,175,514
351,99,176,506
354,99,176,504
351,98,176,501
344,100,172,492
353,103,169,491
347,100,168,486
353,98,169,478
349,95,170,475
354,99,167,486
350,102,161,471
357,129,170,487
354,103,178,505
358,90,183,510
354,101,192,505
352,97,193,504
354,102,196,510
352,100,192,520
349,102,180,520
353,100,204,529
351,85,216,530
353,100,222,530
354,105,221,524
354,128,221,523
352,90,218,529
358,96,218,520
350,98,212,516
347,98,214,509
350,97,209,500
344,101,209,506
350,100,212,495
349,98,206,487
350,100,201,485
352,97,201,479
350,98,201,477
348,96,199,477
337,99,200,474
346,99,199,493
350,97,197,497
348,100,195,507
350,97,193,498
350,98,200,519
351,96,202,527
346,98,206,519
349,92,216,517
349,108,218,522
346,98,228,530
348,97,212,536
346,99,202,527
348,94,208,522
350,95,198,523
314,96,205,512
350,97,204,508
347,94,203,516
359,96,205,510
347,93,210,506
350,97,216,501
348,98,219,501
339,97,218,492
347,97,221,488
346,94,210,478
341,96,216,474
348,94,214,471
349,94,215,467
346,96,218,458
347,90,212,466
346,80,213,468
346,93,209,469
349,94,212,459
349,92,208,459
351,96,204,459
350,94,202,461
364,94,211,460
351,95,198,461
352,93,199,457
344,103,199,457
349,97,197,454
348,88,198,452
347,98,195,394
329,95,192,444
348,94,202,444
350,94,199,443
350,96,199,468
349,96,204,489
350,102,215,509
350,100,228,518
348,102,238,512
347,98,233,518
347,100,236,540
343,39,250,568
350,97,266,581
342,97,279,627
351,97,289,642
349,112,285,646
347,98,286,625
351,105,286,616
353,106,280,609
358,109,278,606
381,107,276,608
347,106,308,606
347,106,270,598
349,105,271,594
345,110,274,598
350,110,269,595
352,119,277,589
353,107,274,582
354,107,275,577
356,104,272,562
349,112,266,560
348,105,266,554
351,100,264,546
350,109,272,558
352,109,280,558
342,109,287,552
357,109,281,536
353,111,282,537
352,108,276,536
355,109,278,528
350,106,277,519
354,106,271,522
355,100,275,518
352,106,265,505
342,111,269,504
352,108,260,498
354,109,257,492
355,96,257,491
357,92,249,493
352,105,250,488
352,104,245,489
345,104,248,487
353,102,242,486
354,97,244,481
348,98,240,477
351,110,239,476
349,100,239,473
368,105,241,468
352,103,248,464
352,102,247,459
350,105,248,462
346,102,244,481
351,102,242,478
353,101,240,501
356,106,237,490
353,101,236,516
355,102,234,480
353,101,236,488
352,97,228,469
353,101,229,487
352,100,226,462
358,104,227,485
353,95,227,480
355,105,226,479
353,102,226,478
354,154,219,471
356,94,224,469
351,97,223,466
344,101,222,459
352,98,221,452
352,101,223,452
352,101,219,448
354,107,216,451
353,102,216,453
352,99,216,454
355,95,201,449
353,98,211,447
354,106,211,451
353,96,206,439
361,97,249,439
349,98,202,432
355,96,202,436
354,99,202,436
354,98,202,446
352,96,201,447
355,98,197,442
353,93,196,425
357,100,166,433
354,99,196,432
352,88,193,424
355,101,194,442
351,96,189,439
360,98,189,433
351,100,187,429
359,98,185,429
357,97,188,430
356,98,183,424
356,94,184,419
356,95,188,422
360,101,184,430
357,97,179,430
357,99,194,423
354,103,198,426
356,105,200,420
370,112,202,433
356,106,200,432
356,107,199,439
356,105,193,436
358,109,196,436
353,107,195,433
354,106,202,454
350,106,199,477
354,105,195,478
354,105,200,475
343,103,203,469
353,114,200,468
338,98,194,460
354,103,201,468
350,102,205,461
354,103,198,460
350,103,198,458
352,108,196,459
355,116,199,456
353,104,195,450
347,105,196,447
368,100,193,450
354,104,193,445
353,105,191,445
355,101,194,440
363,107,215,440
352,101,192,435
353,104,194,437
342,101,197,448
358,103,193,456
350,99,188,460
352,104,192,448
350,89,191,455
350,101,192,457
349,99,189,466
350,102,189,475
348,98,191,463
349,94,186,460
348,101,188,459
349,97,198,468
348,102,186,450
345,99,184,448
356,106,185,440
334,102,181,441
348,100,174,440
347,100,181,431
350,87,183,439
346,101,193,436
344,96,192,429
348,112,198,458
344,90,188,434
347,99,189,432
344,100,190,436
346,99,189,429
346,96,186,427
349,100,183,428
347,103,187,426
344,97,180,423
345,96,178,419
343,96,177,417
334,100,183,390
342,96,176,410
341,100,175,411
345,98,177,400
325,93,174,408
345,94,175,409
341,105,173,412
345,94,171,412
345,98,170,408
343,95,169,408
345,96,170,418
344,99,162,409
344,95,169,416
355,102,165,411
343,99,166,406
308,98,167,406
345,100,167,402
334,93,164,397
348,36,159,396
341,94,158,394
339,104,147,389
344,96,165,395
334,96,162,393
343,97,162,392
340,88,159,366
359,103,160,385
345,97,166,385
352,97,161,394
347,97,164,403
350,101,164,392
350,98,164,395
345,94,163,407
344,92,171,398
349,94,160,394
350,95,164,396
350,99,157,390
349,107,159,389
344,107,159,388
345,110,158,376
347,113,167,391
346,108,178,397
347,113,178,401
343,111,176,398
337,113,176,395
347,111,174,394
348,110,187,390
336,109,173,389
333,112,170,386
350,110,172,390
347,107,172,387
345,112,170,392
342,107,170,388
345,112,169,386
347,107,172,385
347,108,165,382
347,106,170,385
353,106,168,385
347,111,173,397
344,94,168,397
346,107,170,391
339,109,171,393
345,68,168,392
342,102,171,398
334,111,160,412
344,107,166,418
347,104,166,416
344,106,168,412
346,100,156,416
344,118,170,417
344,104,168,411
346,105,169,408
336,104,166,408
350,101,163,408
347,98,164,416
350,106,160,425
348,103,165,440
346,103,166,437
354,105,166,429
347,101,164,430
352,106,166,426
344,104,164,426
345,101,162,420
348,95,169,418
349,101,164,415
348,121,152,414
348,100,169,410
350,104,168,405
348,100,169,406
349,93,168,404
347,102,167,414
347,98,167,411
341,100,176,409
349,98,165,412
349,98,163,432
348,98,163,438
343,100,160,433
345,98,161,434
348,100,164,432
349,87,166,440
364,98,165,454
344,95,177,489
337,93,179,518
346,100,179,530
345,137,181,523
346,96,178,522
343,83,164,509
345,100,175,507
343,94,176,507
349,98,172,515
345,98,173,520
342,98,174,528
340,102,172,527
343,97,160,503
343,96,173,515
345,97,168,512
344,125,172,506
345,99,172,498
346,151,172,496
344,98,168,490
344,100,168,497
348,98,168,513
342,97,172,517
347,112,167,512
343,106,171,512
337,109,172,509
340,107,165,506
346,109,169,499
342,114,170,496
348,104,169,490
349,107,172,495
339,109,184,494
349,117,192,478
346,106,192,495
358,114,192,494
346,110,188,488
346,118,187,484
345,107,185,481
344,107,185,475
345,114,189,470
346,110,183,471
344,112,189,472
345,116,184,429
346,104,181,479
345,106,178,484
345,107,181,497
339,107,178,496
352,108,176,490
344,110,177,491
347,108,173,491
347,107,177,482
343,101,177,483
331,106,176,480
346,106,178,475
333,106,176,464
347,107,175,465
345,106,172,458
349,106,178,472
344,103,174,469
336,111,177,469
346,104,183,468
348,106,188,472
344,101,194,485
341,113,196,927
326,112,197,3666
329,102,200,3665
325,106,194,3665
326,106,197,3665
332,105,199,3658
325,103,196,3666
326,106,186,3673
324,100,192,3670
328,102,194,3668
327,102,195,3675
337,102,192,3670
328,104,194,3668
326,103,193,3665
329,105,199,3667
318,105,202,3666
329,107,193,3671
330,109,209,3666
331,119,212,3658
334,115,222,3669
331,114,220,3669
330,116,212,3669
323,126,225,3668
330,115,226,3671
332,110,214,3671
333,77,224,3667
334,113,221,3662
334,113,222,3662
332,115,222,3668
333,111,220,3661
331,113,219,3666
330,110,212,3661
332,117,214,3662
331,105,212,3667
334,109,214,3666
329,110,215,3672
348,96,212,3675
331,109,212,3667
328,107,209,3664
326,124,192,3669
330,110,206,3662
331,111,208,3662
332,109,209,3667
332,103,205,3700
325,108,207,3668
330,111,208,3664
329,108,205,3668
336,108,199,3665
329,115,212,3667
333,105,207,3666
333,107,203,3670
330,104,201,3666
332,106,198,3668
329,102,197,3672
338,107,197,3666
332,106,194,3666
331,105,192,3666
317,104,189,3670
312,104,192,3665
330,105,200,3669
331,101,214,3669
332,99,202,3667
328,103,202,3668
329,101,205,3661
325,102,215,3670
318,103,205,3668
332,105,199,3676
327,100,198,3670
328,103,193,3670
327,101,190,3667
330,105,190,3671
329,100,188,3670
333,107,192,3666
330,106,197,3670
331,100,199,3673
341,104,197,3670
332,100,194,3670
321,101,197,3671
328,94,191,3678
336,102,194,3672
328,95,192,3672
330,96,195,3669
370,100,192,3670
332,96,188,3671
336,101,188,3670
334,95,183,3668
333,100,186,3673
330,98,184,3673
333,103,183,3672
333,99,152,3672
332,103,182,3668
327,98,175,3669
328,89,173,3675
331,118,180,3671
331,99,176,3668
330,98,185,3669
331,98,176,3670
334,100,177,3665
332,103,168,3669
332,98,174,3667
326,102,177,3671
328,96,174,3670
328,101,172,3674
331,100,169,3670
329,97,176,3671
328,95,164,3680
330,98,169,3670
324,91,169,3670
333,97,169,3669
327,101,172,3628
318,87,170,3670
330,105,169,3670
326,85,165,3670
329,96,167,3671
314,95,123,3669
329,99,166,3668
327,109,161,3668
331,97,134,3669
324,98,164,3670
326,96,162,3668
300,107,164,3671
321,107,156,3656
318,109,169,3670
325,101,163,3676
327,112,162,3667
325,111,161,3675
329,111,160,3676
328,107,157,3671
326,110,160,3667
328,111,158,3675
326,110,156,3671
321,109,151,3657
322,107,161,3670
325,109,170,3663
309,111,169,3669
333,108,117,3668
310,108,173,3673
324,106,175,3664
328,108,175,3669
328,106,169,3669
322,108,174,3659
322,98,171,3686
322,104,173,3671
321,106,174,3670
327,105,172,3667
316,103,180,3671
325,104,172,3668
327,105,176,3669
324,110,170,3725
323,106,173,3666
298,104,170,3665
322,105,170,3665
321,103,167,3666
318,102,168,3669
323,103,169,3670
322,101,176,3662
324,104,170,3670
320,101,170,3669
323,104,174,3669
321,98,171,3668
324,105,170,3663
318,100,169,3671
320,100,154,3682
318,103,155,3674
323,101,165,3667
324,101,166,3668
323,103,163,3668
324,171,166,3666
324,107,164,3665
325,106,162,3667
326,106,163,3665
325,105,160,3668
326,108,168,3668
324,105,160,3654
318,107,164,3667
324,102,158,3669
325,105,162,3660
320,105,156,3673
325,104,160,3666
322,102,156,3668
326,105,157,3665
321,114,160,3665
325,101,156,3664
325,105,159,3661
310,102,155,3664
322,104,160,3666
324,102,157,3667
326,104,161,3664
322,102,180,3666
326,103,168,3671
323,104,179,3662
325,103,165,3659
323,104,168,3663
326,101,158,3660
327,110,169,3588
328,108,170,3494
327,107,165,3411
325,112,164,3332
329,106,181,3276
319,110,164,3210
326,108,166,3148
327,112,165,3108
328,121,160,3062
329,114,166,2967
326,108,164,2913
347,111,160,2849
327,104,163,2784
330,109,159,2716
329,109,160,2653
328,103,161,2607
332,108,174,2571
329,105,185,