477,286,395,330,fuck
467,253,402,312,fuck
474,272,400,334,fuck
470,268,390,330,fuck
476,237,386,357,fuck
462,263,412,369,fuck
474,203,423,358,fuck
467,263,414,341,fuck
467,261,417,356,fuck
475,262,410,341,fuck
476,267,412,334,fuck
472,249,409,330,fuck
424,253,407,328,fuck
471,256,400,322,fuck
494,249,387,316,fuck
461,247,397,317,fuck
471,246,400,311,fuck
476,242,400,295,fuck
479,193,391,300,fuck
478,231,404,299,fuck
477,236,400,299,fuck
464,232,396,294,fuck
471,232,395,305,fuck
469,221,390,320,fuck
478,225,392,310,fuck
468,222,393,315,fuck
472,223,385,309,fuck
463,224,371,317,fuck
464,226,381,310,fuck
470,230,352,304,fuck
466,216,374,320,fuck
464,229,370,275,fuck
465,216,370,315,fuck
454,249,373,320,fuck
456,221,361,330,fuck
453,240,365,345,fuck
409,270,378,376,fuck
459,291,380,367,fuck
460,290,383,362,fuck
457,285,391,369,fuck
465,292,404,393,fuck
458,306,368,400,fuck
463,313,391,397,fuck
458,316,412,401,fuck
447,319,394,393,fuck
472,322,388,464,fuck
465,314,380,387,fuck
459,317,412,396,fuck
456,318,361,411,fuck
455,317,391,404,fuck
466,301,380,406,fuck
441,311,305,402,fuck
454,301,347,411,fuck
454,314,368,392,fuck
451,302,373,398,fuck
449,300,366,394,fuck
454,297,370,376,fuck
446,304,356,384,fuck
447,300,354,385,fuck
450,291,360,387,fuck
449,280,358,393,fuck
447,288,357,390,fuck
451,290,355,385,fuck
456,288,399,375,fuck
456,274,371,355,fuck
455,290,352,365,fuck
447,286,358,366,fuck
453,275,332,394,fuck
451,267,338,395,fuck
527,277,339,412,fuck
447,294,336,406,fuck
432,270,314,413,fuck
447,240,329,411,fuck
457,268,340,371,fuck
457,264,341,416,fuck
460,260,346,404,fuck
463,257,356,409,fuck
468,256,342,414,fuck
472,266,331,411,fuck
482,254,346,408,fuck
490,253,360,428,fuck
512,258,365,428,fuck
489,251,377,429,fuck
495,248,393,444,fuck
484,242,367,460,fuck
489,245,374,441,fuck
505,244,354,454,fuck
488,237,374,454,fuck
489,229,359,452,fuck
488,236,338,445,fuck
486,236,363,451,fuck
486,222,373,461,fuck
482,223,382,447,fuck
417,228,383,488,fuck
482,232,377,491,fuck
496,200,379,496,fuck
474,225,372,513,fuck
477,224,376,510,fuck
468,220,366,520,fuck
473,218,383,512,fuck
477,217,348,554,fuck
476,216,360,552,fuck
493,221,369,539,fuck
477,214,374,531,fuck
462,208,324,525,fuck
466,208,364,524,fuck
472,202,417,531,fuck
469,191,355,526,fuck
469,206,354,523,fuck
455,206,348,526,fuck
464,168,349,560,fuck
469,181,346,568,fuck
471,198,349,560,fuck
469,276,352,562,fuck
463,196,375,560,fuck
468,256,344,561,fuck
403,202,340,577,fuck
467,191,346,577,fuck
477,178,335,588,fuck
478,192,337,574,fuck
466,189,344,584,fuck
478,192,350,584,fuck
478,173,361,590,fuck
481,176,362,585,fuck
405,186,361,588,fuck
478,267,357,595,fuck
503,182,360,592,fuck
490,183,357,616,fuck
466,192,341,603,fuck
483,182,346,610,fuck
485,178,362,625,fuck
475,200,334,614,fuck
492,178,374,599,fuck
483,176,380,601,fuck
499,176,373,599,fuck
497,175,411,583,fuck
520,173,363,594,fuck
476,174,368,575,fuck
495,175,372,566,fuck
498,171,387,555,fuck
430,178,384,545,fuck
497,166,381,544,fuck
487,180,379,538,fuck
507,170,377,527,fuck
493,169,372,520,fuck
485,157,371,513,fuck
499,168,359,509,fuck
497,173,363,502,fuck
517,180,371,505,fuck
499,178,366,495,fuck
497,170,360,507,fuck
494,180,360,498,fuck
496,184,354,480,fuck
496,194,357,505,fuck
534,176,358,524,fuck
488,173,355,500,fuck
486,185,361,461,fuck
462,174,361,495,fuck
486,190,358,496,fuck
488,189,370,490,fuck
482,169,377,482,fuck
487,172,371,472,fuck
492,166,375,465,fuck
498,165,373,482,fuck
493,166,373,469,fuck
472,164,370,454,fuck
475,153,367,479,fuck
473,163,368,467,fuck
480,161,352,456,fuck
476,165,361,452,fuck
476,160,354,443,fuck
482,173,353,451,fuck
465,179,354,441,fuck
486,188,344,431,fuck
489,186,354,425,fuck
568,195,354,426,fuck
491,199,351,404,fuck
489,199,350,427,fuck
483,186,348,442,fuck
491,182,352,420,fuck
491,183,372,453,fuck
499,188,375,376,fuck
497,192,375,485,fuck
498,185,363,437,fuck
488,184,362,428,fuck
494,183,366,412,fuck
480,184,361,417,fuck
485,185,348,419,fuck
535,187,356,427,fuck
446,177,352,425,fuck
474,183,347,405,fuck
470,174,353,394,fuck
481,175,347,395,fuck
484,185,353,394,fuck
482,178,348,397,fuck
482,187,353,382,fuck
482,186,354,379,fuck
482,180,349,377,fuck
480,194,347,377,fuck
482,185,342,370,fuck
473,186,345,356,fuck
482,184,340,369,fuck
491,188,330,382,fuck
490,190,337,373,fuck
486,191,336,373,fuck
485,140,334,369,fuck
485,186,329,389,fuck
486,189,325,390,fuck
486,192,335,383,fuck
500,184,320,392,fuck
474,189,316,390,fuck
538,183,317,324,fuck
488,183,312,388,fuck
486,178,316,393,fuck
480,169,320,398,fuck
484,178,312,410,fuck
539,180,313,422,fuck
491,176,310,425,fuck
482,165,344,425,fuck
572,183,326,421,fuck
475,187,328,434,fuck
468,183,329,429,fuck
486,190,326,425,fuck
473,182,329,436,fuck
475,188,334,427,fuck
476,183,326,427,fuck
476,187,318,439,fuck
474,189,334,356,fuck
473,182,320,421,fuck
471,171,311,413,fuck
456,181,320,429,fuck
474,171,314,427,fuck
461,161,338,428,fuck
471,179,332,457,fuck
460,177,290,448,fuck
470,180,300,445,fuck
467,178,332,457,fuck
468,212,323,453,fuck
466,171,313,436,fuck
462,174,312,440,fuck
481,153,315,432,fuck
460,184,282,449,fuck
462,169,297,444,fuck
452,173,262,448,fuck
451,172,310,443,fuck
456,167,292,435,fuck
452,164,283,437,fuck
453,153,302,446,fuck
438,158,299,452,fuck
446,162,294,448,fuck
456,164,301,391,fuck
459,178,256,471,fuck
461,160,286,471,fuck
453,157,285,468,fuck
448,213,296,478,fuck
454,159,296,483,fuck
453,169,289,498,fuck
449,164,280,508,fuck
443,164,282,521,fuck
448,161,270,536,fuck
449,166,280,520,fuck
445,183,272,514,fuck
448,157,270,504,fuck
446,161,270,492,fuck
487,165,268,493,fuck
452,180,261,486,fuck
449,173,267,485,fuck
452,222,267,476,fuck
454,172,264,478,fuck
450,200,262,478,fuck
451,189,256,474,fuck
440,167,253,462,fuck
434,179,263,430,fuck
443,177,269,476,fuck
476,176,281,460,fuck
457,174,296,476,fuck
459,162,294,481,fuck
442,174,290,502,fuck
441,172,284,494,fuck
456,173,298,504,fuck
416,167,295,494,fuck
459,170,296,498,fuck
459,168,297,512,fuck
441,166,303,504,fuck
446,198,309,518,fuck
414,176,307,528,fuck
451,185,304,505,fuck
506,187,300,489,fuck
455,191,305,445,fuck
452,284,299,489,fuck
440,197,307,493,fuck
452,194,307,507,fuck
456,194,306,498,fuck
447,193,303,526,fuck
458,195,305,521,fuck
450,189,307,524,fuck
503,197,308,551,fuck
444,192,304,528,fuck
449,189,288,514,fuck
452,212,300,520,fuck
452,190,295,522,fuck
454,195,298,520,fuck
447,176,306,508,fuck
451,180,268,517,fuck
451,182,288,506,fuck
453,170,285,505,fuck
449,184,290,479,fuck
449,178,284,508,fuck
449,180,283,502,fuck
471,177,287,493,fuck
449,159,293,484,fuck
438,173,292,497,fuck
458,176,283,498,fuck
449,181,283,490,fuck
451,171,271,485,fuck
448,171,280,477,fuck
447,167,277,473,fuck
451,168,260,478,fuck
451,170,280,473,fuck
448,172,276,472,fuck
439,158,276,462,fuck
452,172,269,469,fuck
448,165,270,447,fuck
446,161,258,448,fuck
445,163,270,443,fuck
445,191,269,419,fuck
431,207,268,426,fuck
446,228,205,428,fuck
448,242,264,416,fuck
496,227,259,422,fuck
451,234,265,424,fuck
438,231,264,426,fuck
460,234,271,419,fuck
447,221,260,416,fuck
448,226,257,412,fuck
423,249,270,405,fuck
442,246,251,401,fuck
445,246,254,397,fuck
441,243,247,395,fuck
353,232,247,315,fuck
422,241,229,382,fuck
446,238,251,379,fuck
447,234,251,375,fuck
445,227,246,382,fuck
444,217,242,373,fuck
447,227,243,348,fuck
439,227,256,351,fuck
443,223,236,351,fuck
452,214,233,344,fuck
428,221,231,342,fuck
439,217,248,334,fuck
450,214,254,336,fuck
445,214,224,324,fuck
459,203,243,321,fuck
444,218,260,312,fuck
446,212,256,301,fuck
357,197,237,320,fuck
450,208,237,305,fuck
443,209,237,307,fuck
439,203,243,291,fuck
446,199,247,296,fuck
449,200,243,301,fuck
448,219,230,296,fuck
449,208,243,291,fuck
439,212,240,319,fuck
463,212,253,355,fuck
454,210,270,334,fuck
450,224,290,323,fuck
460,192,293,333,fuck
441,203,295,324,fuck
461,190,295,328,fuck
456,199,282,328,fuck
450,201,278,325,fuck
447,192,340,327,fuck
452,199,318,343,fuck
449,196,318,343,fuck
445,194,300,336,fuck
453,183,314,342,fuck
447,192,313,330,fuck
442,184,307,322,fuck
460,169,308,324,fuck
444,183,309,316,fuck
449,192,306,320,fuck
444,191,301,317,fuck
428,187,304,314,fuck
447,202,297,317,fuck
459,194,297,311,fuck
446,198,299,340,fuck
450,196,299,325,fuck
445,195,297,334,fuck
443,200,307,354,fuck
452,206,299,372,fuck
442,183,299,417,fuck
449,193,316,396,fuck
434,186,318,400,fuck
448,189,288,396,fuck
442,195,289,404,fuck
445,190,290,403,fuck
443,206,288,397,fuck
456,186,284,419,fuck
448,198,282,450,fuck
438,204,281,469,fuck
443,202,284,457,fuck
428,201,372,458,fuck
442,205,268,447,fuck
442,196,259,470,fuck
448,207,265,467,fuck
434,202,273,458,fuck
444,216,277,482,fuck
446,229,283,492,fuck
446,234,258,491,fuck
447,204,290,489,fuck
448,128,289,493,fuck
442,210,300,486,fuck
444,224,285,485,fuck
440,208,280,476,fuck
440,210,290,476,fuck
431,209,290,490,fuck
441,205,293,500,fuck
439,203,280,506,fuck
446,192,286,528,fuck
439,224,280,498,fuck
442,181,286,500,fuck
462,198,280,497,fuck
442,195,277,490,fuck
441,200,283,502,fuck
438,194,281,524,fuck
441,196,281,500,fuck
445,190,275,510,fuck
440,187,271,523,fuck
443,188,241,528,fuck
437,182,256,506,fuck
439,187,273,522,fuck
451,201,276,522,fuck
443,182,220,518,fuck
440,172,270,524,fuck
440,185,271,522,fuck
430,181,271,507,fuck
449,182,271,509,fuck
437,177,256,497,fuck
438,178,273,489,fuck
433,181,278,486,fuck
435,254,273,474,fuck
433,177,261,476,fuck
432,184,270,464,fuck
437,175,266,456,fuck
434,157,269,456,fuck
438,177,272,409,fuck
452,176,261,451,fuck
442,169,268,459,fuck
435,156,268,439,fuck
433,171,266,437,fuck
430,170,247,471,fuck
432,168,260,490,fuck
435,163,257,490,fuck
429,167,265,494,fuck
439,164,265,486,fuck
433,173,259,494,fuck
431,170,258,495,fuck
437,171,260,491,fuck
433,169,251,502,fuck
421,163,274,489,fuck
432,175,251,497,fuck
436,163,268,477,fuck
436,162,297,470,fuck
429,158,281,467,fuck
423,160,284,479,fuck
441,210,278,483,fuck
443,162,294,490,fuck
440,174,297,481,fuck
441,185,294,512,fuck
441,173,312,514,fuck
442,184,288,508,fuck
437,187,289,498,fuck
439,168,284,487,fuck
441,182,275,483,fuck
486,179,301,480,fuck
452,187,324,475,fuck
451,174,311,469,fuck
450,181,305,494,fuck
503,191,316,506,fuck
451,195,326,487,fuck
455,190,338,482,fuck
458,188,344,480,fuck
456,188,339,475,fuck
443,192,337,466,fuck
466,192,323,460,fuck
452,196,321,494,fuck
458,187,332,497,fuck
461,179,325,492,fuck
446,180,329,481,fuck
443,177,320,472,fuck
446,179,316,474,fuck
434,177,316,479,fuck
438,176,309,472,fuck
414,174,311,461,fuck
440,173,308,457,fuck
461,176,309,449,fuck
447,170,297,443,fuck
435,168,306,438,fuck
428,167,308,432,fuck
438,168,309,426,fuck
454,167,305,423,fuck
450,164,310,413,fuck
432,164,308,409,fuck
436,171,304,435,fuck
433,165,288,444,fuck
435,154,289,437,fuck
441,152,300,430,fuck
416,161,317,450,fuck
433,161,304,441,fuck
430,158,300,440,fuck
427,160,299,435,fuck
451,172,302,448,fuck
428,171,300,453,fuck
430,185,299,457,fuck
434,175,290,458,fuck
444,171,320,465,fuck
369,168,323,459,fuck
446,165,341,480,fuck
456,172,342,497,fuck
459,170,345,488,fuck
459,175,337,502,fuck
460,174,333,504,fuck
457,181,318,504,fuck
461,169,334,500,fuck
464,176,354,512,fuck
462,186,347,496,fuck
467,189,325,490,fuck
435,185,343,491,fuck
469,192,338,487,fuck
463,209,338,479,fuck
464,184,337,474,fuck
463,197,348,466,fuck
463,192,359,461,fuck
464,192,420,449,fuck
456,187,384,438,fuck
461,190,355,433,fuck
462,179,345,436,fuck
464,201,354,429,fuck
464,228,370,446,fuck
466,240,382,431,fuck
482,244,380,443,fuck
463,238,373,437,fuck
464,231,381,435,fuck
462,244,385,379,fuck
364,236,391,434,fuck
460,237,397,441,fuck
465,239,392,421,fuck
461,246,337,427,fuck
456,243,389,414,fuck
462,226,397,424,fuck
464,240,402,422,fuck
461,248,417,445,fuck
470,231,434,443,fuck
470,238,452,503,fuck
463,232,472,469,fuck
468,290,487,452,fuck
476,225,496,463,fuck
473,225,508,464,fuck
472,224,488,455,fuck
460,222,496,454,fuck
478,224,501,450,fuck
485,220,510,465,fuck
471,227,526,453,fuck
408,216,530,449,fuck
482,225,541,477,fuck
477,212,520,485,fuck
480,206,524,489,fuck
481,228,517,488,fuck
482,217,507,488,fuck
476,234,484,495,fuck
476,226,488,472,fuck
473,226,490,483,fuck
379,221,482,402,fuck
472,210,482,476,fuck
423,231,483,490,fuck
468,213,483,491,fuck
479,212,492,486,fuck
440,224,479,491,fuck
483,227,486,474,fuck
467,231,469,475,fuck
470,228,483,482,fuck
480,218,467,480,fuck
488,232,452,484,fuck
479,225,485,496,fuck
473,227,453,482,fuck
461,226,453,470,fuck
471,225,441,480,fuck
468,214,439,478,fuck
470,212,488,482,fuck
467,220,427,475,fuck
460,216,434,467,fuck
464,216,403,479,fuck
464,216,419,476,fuck
469,206,413,475,fuck
467,212,403,464,fuck
462,197,406,469,fuck
465,210,402,460,fuck
463,197,396,475,fuck
462,226,390,472,fuck
445,214,390,462,fuck
463,202,376,488,fuck
467,212,365,483,fuck
464,200,415,475,fuck
462,216,416,470,fuck
466,203,400,470,fuck
461,207,406,456,fuck
462,199,398,455,fuck
374,196,409,399,fuck
464,205,413,454,fuck
463,226,412,472,fuck
474,223,406,456,fuck
462,234,390,459,fuck
460,246,402,457,fuck
465,225,393,469,fuck
464,233,387,463,fuck
459,256,389,475,fuck
465,244,391,499,fuck
460,245,401,491,fuck
466,242,405,503,fuck
453,235,428,501,fuck
451,235,405,502,fuck
453,237,408,498,fuck
460,229,394,502,fuck
445,230,412,498,fuck
457,225,405,471,fuck
449,234,396,488,fuck
452,222,400,558,fuck
463,231,396,475,fuck
454,273,400,465,fuck
453,218,387,460,fuck
455,231,393,449,fuck
445,216,400,440,fuck
453,218,392,445,fuck
437,206,388,425,fuck
449,207,381,442,fuck
448,260,381,440,fuck
463,206,377,431,fuck
452,211,364,426,fuck
444,203,370,451,fuck
449,214,369,438,fuck
471,213,364,428,fuck
453,204,353,432,fuck
454,202,354,429,fuck
448,190,372,427,fuck
452,222,348,448,fuck
432,207,364,442,fuck
455,201,340,442,fuck
452,200,350,448,fuck
449,200,360,458,fuck
449,194,356,450,fuck
445,198,349,450,fuck
447,193,340,446,fuck
453,192,439,440,fuck
446,187,346,453,fuck
451,192,342,465,fuck
445,196,345,476,fuck
451,212,336,477,fuck
453,192,336,469,fuck
447,180,333,461,fuck
444,194,340,484,fuck
446,182,336,470,fuck
451,192,336,473,fuck
453,186,332,460,fuck
447,196,327,462,fuck
433,185,335,459,fuck
443,181,324,455,fuck
437,183,315,450,fuck
444,184,324,369,fuck
440,178,320,452,fuck
440,178,314,439,fuck
440,173,314,436,fuck
432,184,320,431,fuck
434,189,291,421,fuck
440,185,310,432,fuck
439,174,342,413,fuck
439,187,320,403,fuck
437,170,314,395,fuck
457,174,311,387,fuck
445,174,311,404,fuck
439,169,315,390,fuck
433,180,308,425,fuck
428,174,305,382,fuck
439,173,306,406,fuck
423,179,299,390,fuck
434,176,300,382,fuck
431,174,297,373,fuck
418,172,293,364,fuck
432,172,297,367,fuck
437,165,280,403,fuck
426,168,292,409,fuck
438,150,284,389,fuck
436,168,288,368,fuck
436,162,262,379,fuck
401,166,282,360,fuck
439,165,293,328,fuck
454,174,286,374,fuck
434,145,291,379,fuck
442,154,308,363,fuck
433,168,306,392,fuck
436,151,280,400,fuck
435,190,279,406,fuck
433,142,285,398,fuck
437,169,279,393,fuck
433,156,286,386,fuck
440,76,296,388,fuck
434,156,291,383,fuck
457,155,298,380,fuck
435,152,296,399,fuck
435,152,305,448,fuck
450,151,277,390,fuck
438,144,316,395,fuck
439,148,320,410,fuck
437,144,318,392,fuck
437,143,314,409,fuck
438,156,310,425,fuck
441,147,311,437,fuck
435,162,308,424,fuck
433,148,302,419,fuck
433,137,297,414,fuck
444,141,302,410,fuck
442,137,314,423,fuck
430,146,296,414,fuck
434,152,316,415,fuck
434,149,322,411,fuck
435,146,319,428,fuck
431,145,365,425,fuck
431,158,305,437,fuck
434,160,377,442,fuck
431,168,311,512,fuck
431,178,304,438,fuck
428,178,306,435,fuck
416,205,312,437,fuck
422,193,314,447,fuck
434,202,298,438,fuck
426,203,300,435,fuck
430,211,300,435,fuck
425,224,299,429,fuck
422,217,279,440,fuck
403,213,295,434,fuck
428,212,294,429,fuck
435,206,300,432,fuck
422,206,273,441,fuck
423,198,291,427,fuck
420,224,285,432,fuck
424,201,282,461,fuck
432,203,276,433,fuck
427,197,291,430,fuck
436,198,343,435,fuck
445,210,306,406,fuck
460,197,316,430,fuck
453,193,326,460,fuck
460,186,344,465,fuck
444,204,317,466,fuck
439,187,329,450,fuck
449,172,313,461,fuck
446,208,317,450,fuck
446,189,321,464,fuck
432,186,318,474,fuck
450,187,332,469,fuck
454,183,342,474,fuck
419,181,339,496,fuck
470,165,349,490,fuck
454,184,330,477,fuck
461,178,353,470,fuck
459,176,358,451,fuck
460,178,360,456,fuck
488,174,363,451,fuck
462,174,363,489,fuck
459,160,362,487,fuck
461,179,380,495,fuck
459,172,365,507,fuck
454,166,358,486,fuck
450,179,357,502,fuck
451,173,350,494,fuck
462,169,359,486,fuck
459,174,360,478,fuck
428,167,366,476,fuck
486,165,360,472,fuck
445,171,367,476,fuck
462,170,352,478,fuck
475,152,351,475,fuck
458,165,353,465,fuck
456,213,342,465,fuck
458,165,322,469,fuck
455,156,343,487,fuck
466,160,339,479,fuck
461,159,334,476,fuck
463,158,338,478,fuck
450,164,330,468,fuck
465,171,330,472,fuck
453,146,328,433,fuck
453,155,324,458,fuck
439,160,334,456,fuck
453,156,318,455,fuck
396,168,307,451,fuck
452,160,318,446,fuck
450,163,312,442,fuck
453,163,313,435,fuck
454,166,306,430,fuck
452,177,209,428,fuck
448,171,294,442,fuck
448,170,296,410,fuck
439,165,300,414,fuck
449,162,293,437,fuck
435,174,279,427,fuck
433,170,289,418,fuck
445,166,291,415,fuck
439,154,285,405,fuck
451,168,293,400,fuck
447,160,285,396,fuck
446,170,287,390,fuck
447,175,282,375,fuck
447,198,281,377,fuck
445,222,317,377,fuck
444,250,280,374,fuck
445,259,275,386,fuck
439,246,291,366,fuck
439,256,266,363,fuck
437,247,272,356,fuck
446,245,278,375,fuck
442,283,258,374,fuck
442,269,302,374,fuck
440,272,267,375,fuck
441,270,272,366,fuck
438,269,278,362,fuck
442,261,264,354,fuck
441,305,270,375,fuck
445,261,258,380,fuck
443,254,270,377,fuck
444,252,275,366,fuck
455,261,273,365,fuck
442,239,281,365,fuck
453,248,281,362,fuck
442,248,286,360,fuck
444,248,271,354,fuck
435,244,285,352,fuck
435,251,277,347,fuck
452,246,279,338,fuck
437,240,275,347,fuck
428,236,270,325,fuck
455,233,268,332,fuck
439,230,273,325,fuck
418,232,277,325,fuck
449,231,267,317,fuck
453,229,282,315,fuck
453,220,266,307,fuck
473,222,256,330,fuck
446,220,260,351,fuck
468,220,264,427,fuck
469,197,267,366,fuck
466,215,250,366,fuck
471,217,260,366,fuck
462,211,261,362,fuck
463,208,283,366,fuck
470,208,253,396,fuck
469,210,273,407,fuck
472,210,357,415,fuck
456,203,256,411,fuck
453,172,243,445,fuck
465,200,250,422,fuck
461,206,251,430,fuck
468,199,250,425,fuck
460,200,251,420,fuck
461,188,262,416,fuck
458,197,242,398,fuck
454,196,251,408,fuck
522,192,241,400,fuck
459,201,233,402,fuck
452,213,192,382,fuck
445,212,235,392,fuck
449,208,237,404,fuck
452,305,251,409,fuck
447,209,243,409,fuck
448,200,248,409,fuck
449,198,250,406,fuck
449,203,262,398,fuck
448,204,260,385,fuck
450,206,288,397,fuck
453,213,280,384,fuck
451,199,294,384,fuck
445,169,274,377,fuck
448,203,272,386,fuck
449,144,273,382,fuck
439,203,269,381,fuck
449,221,260,378,fuck
439,210,264,369,fuck
446,212,260,365,fuck
464,214,266,367,fuck
449,217,265,352,fuck
439,205,276,355,fuck
441,208,262,346,fuck
453,211,265,347,fuck
448,237,271,342,fuck
449,205,273,331,fuck
445,206,282,338,fuck
452,212,289,340,fuck
452,164,287,360,fuck
450,208,286,355,fuck
454,215,304,363,fuck
463,220,306,364,fuck
460,203,315,350,fuck
460,201,312,355,fuck
469,201,314,352,fuck
465,188,311,339,fuck
465,195,292,338,fuck
463,203,202,327,fuck
451,193,314,312,fuck
459,196,301,347,fuck
456,234,311,344,fuck
459,188,299,344,fuck
460,188,285,341,fuck
460,189,298,350,fuck
455,191,291,353,fuck
455,181,297,358,fuck
454,186,288,350,fuck
449,181,295,349,fuck
449,181,301,358,fuck
451,185,291,364,fuck
414,179,291,384,fuck
460,178,298,377,fuck
509,180,297,386,fuck
463,174,296,374,fuck
447,175,292,372,fuck
464,175,294,372,fuck
464,171,302,322,fuck
463,222,290,411,fuck
455,169,292,404,fuck
453,167,273,392,fuck
457,165,286,389,fuck
454,168,296,402,fuck
451,166,285,404,fuck
452,165,265,410,fuck
450,155,278,403,fuck
452,156,280,401,fuck
447,166,279,416,fuck
440,176,274,412,fuck
456,181,274,418,fuck
446,160,265,422,fuck
449,167,278,436,fuck
440,163,281,426,fuck
438,167,276,441,fuck
432,167,286,448,fuck
453,158,266,454,fuck
444,165,268,476,fuck
444,87,261,461,fuck
450,171,251,456,fuck
433,172,250,455,fuck
451,168,250,452,fuck
455,169,250,444,fuck
464,165,271,437,fuck
470,168,282,437,fuck
466,176,290,432,fuck
470,166,280,429,fuck
466,171,300,430,fuck
473,168,297,428,fuck
473,167,294,426,fuck
469,180,288,419,fuck
476,161,287,412,fuck
464,143,296,400,fuck
474,168,288,401,fuck
476,164,302,427,fuck
457,166,278,416,fuck
473,165,296,403,fuck
486,168,305,410,fuck
486,156,295,404,fuck
487,166,292,400,fuck
473,161,273,400,fuck
486,182,291,400,fuck
480,165,304,410,fuck
486,161,301,411,fuck
481,168,309,407,fuck
491,160,317,420,fuck
551,179,318,394,fuck
490,164,316,443,fuck
477,173,318,389,fuck
498,170,317,386,fuck
491,166,320,390,fuck
479,185,320,383,fuck
485,133,312,400,fuck
487,192,315,420,fuck
482,170,308,427,fuck
485,177,309,440,fuck
486,196,308,440,fuck
483,175,302,441,fuck
483,179,292,488,fuck
486,173,322,429,fuck
485,182,302,439,fuck
476,171,299,436,fuck
476,173,301,434,fuck
467,167,385,434,fuck
470,166,309,442,fuck
479,177,308,426,fuck
505,170,307,445,fuck
479,180,247,475,fuck
474,197,299,457,fuck
474,201,305,450,fuck
472,205,301,454,fuck
463,207,294,442,fuck
473,209,288,451,fuck
488,225,281,438,fuck
474,224,306,435,fuck
466,253,288,414,fuck
453,239,283,421,fuck
469,244,296,421,fuck
465,246,266,413,fuck
467,232,291,406,fuck
469,257,295,402,fuck
474,233,310,406,fuck
481,240,319,397,fuck
468,235,309,393,fuck
475,234,308,400,fuck
470,243,296,401,fuck
460,258,300,384,fuck
475,254,313,392,fuck
470,270,315,386,fuck
470,249,325,389,fuck
447,253,318,380,fuck
448,252,320,326,fuck
460,246,313,368,fuck
459,246,318,368,fuck
455,198,307,358,fuck
453,237,304,341,fuck
479,236,296,348,fuck
465,242,296,345,fuck
472,246,310,352,fuck
450,229,304,349,fuck
451,217,316,349,fuck
464,227,302,349,fuck
461,228,314,346,fuck
473,231,309,352,fuck
448,232,288,365,fuck
467,231,301,394,fuck
469,229,315,404,fuck
469,237,301,400,fuck
478,226,290,393,fuck
407,226,293,398,fuck
464,227,306,390,fuck
468,224,291,384,fuck
461,205,290,407,fuck
463,218,289,417,fuck
456,216,282,444,fuck
459,214,198,439,fuck
459,216,282,440,fuck
457,218,273,434,fuck
458,214,272,441,fuck
452,209,276,453,fuck
456,196,279,458,fuck
461,208,280,460,fuck
479,206,286,482,fuck
470,207,280,479,fuck
473,210,307,473,fuck
473,201,289,480,fuck
478,211,298,485,fuck
481,210,291,490,fuck
493,203,305,492,fuck
470,226,315,501,fuck
476,199,308,504,fuck
482,197,303,506,fuck
466,201,296,506,fuck
465,197,297,482,fuck
475,200,280,478,fuck
486,189,287,488,fuck
472,186,295,478,fuck
439,188,291,492,fuck
473,194,301,474,fuck
463,185,309,474,fuck
458,186,322,484,fuck
475,185,327,488,fuck
473,183,319,492,fuck
470,184,300,497,fuck
470,184,317,494,fuck
461,190,328,495,fuck
456,184,337,493,fuck
472,206,327,496,fuck
470,179,330,524,fuck
470,183,327,522,fuck
456,186,331,510,fuck
482,195,328,515,fuck
480,215,347,537,fuck
482,210,327,540,fuck
482,230,328,529,fuck
478,224,321,512,fuck
488,216,322,497,fuck
485,238,313,512,fuck
488,207,324,509,fuck
484,217,322,510,fuck
484,217,335,499,fuck
484,207,315,491,fuck
476,229,316,472,fuck
581,203,324,494,fuck
483,214,334,497,fuck
499,206,279,483,fuck
489,215,344,516,fuck
471,202,334,503,fuck
498,196,338,502,fuck
484,204,323,496,fuck
485,207,332,489,fuck
483,201,328,489,fuck
479,200,367,492,fuck
482,200,324,484,fuck
484,201,314,484,fuck
485,203,332,481,fuck
474,202,324,468,fuck
472,199,371,470,fuck
481,198,324,484,fuck
478,195,324,497,fuck
471,196,325,469,fuck
475,195,320,467,fuck
466,204,328,463,fuck
478,182,336,448,fuck
471,190,327,473,fuck
483,180,322,468,fuck
476,195,329,488,fuck
480,190,326,467,fuck
473,219,314,464,fuck
478,192,345,454,fuck
477,208,332,457,fuck
475,216,324,453,fuck
471,214,341,466,fuck
477,215,334,460,fuck
518,212,330,444,fuck
484,211,326,460,fuck
481,212,331,447,fuck
483,207,317,437,fuck
485,205,321,431,fuck
481,208,319,425,fuck
484,202,320,426,fuck
454,198,317,423,fuck
478,197,308,418,fuck
481,196,315,406,fuck
478,185,330,413,fuck
481,208,339,411,fuck
484,196,350,402,fuck
489,206,346,418,fuck
488,206,359,406,fuck
486,202,355,402,fuck
472,204,336,432,fuck
494,211,360,448,fuck
488,218,368,445,fuck
521,227,361,451,fuck
501,226,364,407,fuck
502,248,362,456,fuck
494,212,348,431,fuck
496,316,347,445,fuck
491,218,342,438,fuck
496,220,334,458,fuck
480,208,346,439,fuck
485,200,334,436,fuck
485,212,331,434,fuck
484,209,328,428,fuck
504,212,322,436,fuck
489,219,299,428,fuck
509,214,330,426,fuck
481,208,317,432,fuck
486,206,326,453,fuck
486,206,329,446,fuck
489,204,327,452,fuck
478,189,320,480,fuck
474,204,318,432,fuck
497,200,321,424,fuck
481,198,312,417,fuck
480,198,337,416,fuck
480,195,339,414,fuck
471,195,335,424,fuck
470,191,329,424,fuck
471,194,330,413,fuck
468,189,309,420,fuck
474,181,330,430,fuck
461,186,324,416,fuck
465,188,329,393,fuck
461,176,324,428,fuck
465,204,320,449,fuck
462,185,320,469,fuck
451,183,320,496,fuck
450,195,322,504,fuck
461,186,307,494,fuck
462,174,301,560,fuck
468,187,307,530,fuck
464,189,303,520,fuck
470,196,312,528,fuck
464,202,306,516,fuck
478,198,307,530,fuck
472,221,302,526,fuck
477,204,303,492,fuck
488,209,317,508,fuck
504,207,313,503,fuck
500,208,332,515,fuck
494,206,323,516,fuck
405,201,333,517,fuck
489,215,328,520,fuck
492,214,313,523,fuck
489,213,328,537,fuck
495,208,324,536,fuck
497,210,324,541,fuck
505,213,320,530,fuck
505,223,317,535,fuck
498,211,316,523,fuck
501,211,328,524,fuck
503,200,329,526,fuck
502,204,320,531,fuck
515,205,315,529,fuck
496,202,316,523,fuck
480,193,327,508,fuck
487,202,313,503,fuck
491,212,227,487,fuck
492,200,328,503,fuck
491,205,348,491,fuck
492,204,342,482,fuck
492,201,334,472,fuck
492,190,338,471,fuck
509,202,326,470,fuck
475,202,334,462,fuck
489,198,341,468,fuck
503,194,348,467,fuck
490,194,348,402,fuck
485,192,349,485,fuck
488,181,325,492,fuck
481,144,340,485,fuck
479,178,335,480,fuck
465,179,366,473,fuck
479,185,328,465,fuck
475,168,331,468,fuck
473,182,341,465,fuck
472,187,334,461,fuck
463,188,240,477,fuck
471,194,328,477,fuck
469,190,317,485,fuck
465,195,332,490,fuck
475,183,343,503,fuck
491,186,349,499,fuck
457,184,360,500,fuck
463,177,342,485,fuck
469,180,324,486,fuck
466,124,355,484,fuck
466,184,366,476,fuck
462,183,354,466,fuck
461,201,352,464,fuck
464,181,353,469,fuck
463,186,368,449,fuck
459,182,348,448,fuck
455,183,341,442,fuck
461,171,344,432,fuck
461,187,341,428,fuck
459,119,337,423,fuck
460,178,316,419,fuck
451,183,331,413,fuck
472,177,336,408,fuck
440,181,336,404,fuck
454,175,329,422,fuck
451,175,335,410,fuck
446,182,325,429,fuck
456,174,315,422,fuck
444,169,332,416,fuck
458,166,329,409,fuck
455,169,329,410,fuck
460,167,314,400,fuck
452,169,317,397,fuck
454,166,293,413,fuck
453,158,309,419,fuck
468,171,310,431,fuck
444,174,315,420,fuck
457,160,304,445,fuck
463,150,307,454,fuck
444,147,304,507,fuck
453,177,302,464,fuck
447,204,294,468,fuck
452,225,279,464,fuck
447,238,305,442,fuck
450,230,303,465,fuck
448,230,300,472,fuck
442,236,296,467,fuck
458,257,275,467,fuck
447,264,276,464,fuck
454,190,294,463,fuck
447,267,309,453,fuck
447,270,286,445,fuck
443,274,283,456,fuck
445,265,286,492,fuck
447,262,282,492,fuck
444,259,276,487,fuck
443,260,261,485,fuck
437,257,270,490,fuck
440,254,272,483,fuck
439,269,273,495,fuck
437,247,273,499,fuck
432,250,245,512,fuck
440,238,274,518,fuck
434,253,264,521,fuck
424,245,261,523,fuck
436,230,262,525,fuck
434,230,247,530,fuck
438,231,257,530,fuck
457,240,256,525,fuck
437,235,252,525,fuck
437,232,252,532,fuck
438,234,307,528,fuck
438,212,250,526,fuck
434,233,237,542,fuck
435,222,249,523,fuck
432,216,242,514,fuck
433,153,241,514,fuck
430,220,243,517,fuck
449,219,240,510,fuck
436,217,239,516,fuck
434,212,238,513,fuck
430,214,241,512,fuck
426,209,236,514,fuck
445,214,277,495,fuck
421,210,238,488,fuck
438,207,237,484,fuck
430,214,240,471,fuck
441,200,252,474,fuck
430,202,253,499,fuck
440,184,253,497,fuck
434,200,249,485,fuck
436,201,283,480,fuck
440,196,261,499,fuck
434,208,263,466,fuck
438,182,262,457,fuck
445,213,264,447,fuck
431,194,256,453,fuck
438,198,267,487,fuck
434,196,257,479,fuck
437,193,272,484,fuck
438,189,256,476,fuck
432,194,266,480,fuck
429,189,282,478,fuck
436,197,254,476,fuck
444,184,272,468,fuck
424,201,265,464,fuck
433,195,282,481,fuck
449,192,275,473,fuck
433,198,213,480,fuck
436,191,226,473,fuck
435,188,276,472,fuck
428,188,223,472,fuck
432,190,262,477,fuck
432,191,278,479,fuck
449,182,276,483,fuck
431,183,274,456,fuck
433,176,294,457,fuck
438,195,270,445,fuck
428,179,264,442,fuck
429,176,267,435,fuck
426,174,263,427,fuck
432,195,260,418,fuck
429,173,260,412,fuck
431,172,268,344,fuck
429,174,259,426,fuck
382,162,257,432,fuck
434,159,266,411,fuck
429,166,252,416,fuck
420,174,248,433,fuck
437,166,249,423,fuck
425,176,249,414,fuck
427,165,249,420,fuck
433,166,252,425,fuck
427,154,246,405,fuck
430,174,234,393,fuck
418,168,245,403,fuck
434,172,256,396,fuck
471,171,260,313,fuck
425,173,256,361,fuck
421,175,256,401,fuck
378,190,256,397,fuck
441,182,261,395,fuck
434,182,271,400,fuck
436,166,260,387,fuck
439,180,263,392,fuck
438,183,266,389,fuck
433,175,221,385,fuck
436,158,258,378,fuck
443,173,256,369,fuck
438,173,260,378,fuck
445,161,256,375,fuck
462,174,258,385,fuck
437,167,246,374,fuck
439,175,267,310,fuck
446,112,284,363,fuck
453,165,281,370,fuck
445,160,280,354,fuck
445,165,269,351,fuck
449,150,268,346,fuck
442,160,291,372,fuck
445,173,299,372,fuck
444,152,302,392,fuck
450,245,300,391,fuck
448,155,281,384,fuck
449,163,286,385,fuck
446,167,290,381,fuck
483,161,288,379,fuck
452,172,281,396,fuck
451,168,281,387,fuck
462,158,303,379,fuck
450,157,294,400,fuck
459,162,284,406,fuck
458,150,290,415,fuck
465,161,293,399,fuck
472,152,307,412,fuck
472,179,308,402,fuck
485,186,314,408,fuck
488,197,321,409,fuck
485,205,304,398,fuck
482,203,285,397,fuck
489,208,279,401,fuck
485,206,296,396,fuck
503,213,294,399,fuck
497,206,306,396,fuck
493,215,310,395,fuck
487,217,311,405,fuck
488,210,306,398,fuck
480,215,275,392,fuck
484,198,311,391,fuck
486,204,280,384,fuck
479,200,294,376,fuck
502,214,298,378,fuck
474,221,303,386,fuck
478,205,306,386,fuck
482,217,289,381,fuck
483,215,326,377,fuck
475,206,309,377,fuck
466,215,312,359,fuck
474,212,329,356,fuck
475,222,323,355,fuck
402,211,325,351,fuck
477,212,333,367,fuck
475,210,336,384,fuck
473,226,337,399,fuck
480,249,311,409,fuck
487,237,341,426,fuck
464,236,338,451,fuck
473,271,340,448,fuck
471,270,328,454,fuck
485,288,333,436,fuck
467,284,321,450,fuck
474,285,326,470,fuck
471,289,333,471,fuck
480,298,313,474,fuck
470,270,320,462,fuck
468,270,317,458,fuck
465,309,316,452,fuck
462,274,322,441,fuck
468,264,328,419,fuck
473,265,309,440,fuck
467,262,304,444,fuck
449,262,302,432,fuck
459,245,315,418,fuck
458,264,318,414,fuck
454,269,341,416,fuck
452,267,326,418,fuck
453,274,332,398,fuck
456,262,322,393,fuck
453,286,328,413,fuck
465,292,339,435,fuck
450,264,349,445,fuck
458,292,349,449,fuck
469,293,363,452,fuck
448,295,372,453,fuck
454,287,367,467,fuck
447,286,366,468,fuck
452,290,373,472,fuck
450,281,390,473,fuck
447,310,388,471,fuck
450,311,370,473,fuck
471,306,366,478,fuck
453,306,407,464,fuck
397,309,362,460,fuck
457,304,362,465,fuck
462,296,352,465,fuck
468,301,362,458,fuck
475,296,366,460,fuck
473,312,330,456,fuck
468,301,354,448,fuck
470,313,339,442,fuck
471,312,340,436,fuck
481,290,333,416,fuck
478,316,334,423,fuck
477,301,340,416,fuck
482,310,326,414,fuck
470,309,324,419,fuck
487,300,343,418,fuck
482,306,338,410,fuck
487,303,364,394,fuck
485,311,358,411,fuck
482,299,368,442,fuck
486,296,366,446,fuck
469,293,364,446,fuck
474,289,362,488,fuck
485,306,367,475,fuck
478,286,368,478,fuck
478,282,373,481,fuck
482,282,460,464,fuck
480,272,367,470,fuck
472,290,389,462,fuck
494,276,383,469,fuck
495,273,388,454,fuck
493,268,388,475,fuck
487,266,387,493,fuck
458,265,381,494,fuck
480,312,379,490,fuck
477,268,367,485,fuck
476,260,376,491,fuck
477,260,338,489,fuck
457,269,371,488,fuck
489,258,366,496,fuck
477,260,362,498,fuck
482,242,358,497,fuck
537,248,352,491,fuck
479,192,355,485,fuck
479,238,348,465,fuck
477,246,344,470,fuck
483,224,345,473,fuck
479,245,330,496,fuck
473,232,380,500,fuck
580,236,335,512,fuck
454,232,331,486,fuck
498,230,325,491,fuck
470,228,323,485,fuck
471,225,324,482,fuck
475,226,316,498,fuck
463,214,330,500,fuck
468,234,325,518,fuck
454,225,334,523,fuck
469,229,334,488,fuck
466,223,320,551,fuck
467,221,334,562,fuck
467,220,334,578,fuck
463,226,328,512,fuck
460,217,328,572,fuck
456,214,337,562,fuck
464,204,340,550,fuck
456,206,313,576,fuck
445,208,323,591,fuck
456,202,316,578,fuck
476,215,305,572,fuck
466,200,314,564,fuck
450,191,315,565,fuck
446,235,310,564,fuck
459,197,292,560,fuck
458,219,307,565,fuck
459,200,299,574,fuck
456,201,285,574,fuck
456,194,317,570,fuck
457,192,298,566,fuck
437,202,294,560,fuck
454,192,295,558,fuck
450,206,292,551,fuck
449,203,289,540,fuck
445,207,293,541,fuck
442,220,286,546,fuck
449,281,288,559,fuck
457,216,275,544,fuck
454,205,281,536,fuck
448,213,288,525,fuck
470,201,280,506,fuck
467,209,332,523,fuck
459,208,265,503,fuck
465,211,257,499,fuck
468,206,264,504,fuck
469,188,271,506,fuck
473,196,250,528,fuck
472,195,270,519,fuck
468,198,214,524,fuck
466,213,263,518,fuck
469,196,265,538,fuck
436,200,246,534,fuck
476,195,259,530,fuck
487,192,256,539,fuck
476,196,254,540,fuck
473,190,252,533,fuck
477,190,173,518,fuck
464,187,252,533,fuck
477,186,226,532,fuck
473,186,249,531,fuck
460,185,245,528,fuck
473,191,245,508,fuck
471,180,244,514,fuck
469,197,246,496,fuck
462,170,243,491,fuck
476,183,217,495,fuck
469,179,236,485,fuck
469,164,240,487,fuck
467,146,241,480,fuck
464,173,240,470,fuck
487,165,238,506,fuck
460,168,233,484,fuck
475,158,234,507,fuck
451,166,234,488,fuck
460,169,237,479,fuck
462,165,252,487,fuck
461,176,218,489,fuck
468,180,234,498,fuck
460,181,234,465,fuck
467,192,264,500,fuck
463,182,261,497,fuck
460,183,272,497,fuck
470,182,307,497,fuck
456,183,295,496,fuck
462,183,292,493,fuck
464,185,292,488,fuck
463,181,296,485,fuck
466,177,311,488,fuck
469,180,345,515,fuck
464,176,314,519,fuck
452,179,312,516,fuck
464,174,312,513,fuck
465,172,310,512,fuck
464,161,308,513,fuck
471,173,302,502,fuck
464,169,323,495,fuck
465,170,304,513,fuck
468,170,300,508,fuck
462,175,301,502,fuck
459,168,295,507,fuck
454,161,292,509,fuck
473,167,294,490,fuck
469,162,307,498,fuck
477,164,309,485,fuck
487,145,309,489,fuck
475,161,320,489,fuck
469,216,310,503,fuck
474,156,303,496,fuck
471,143,319,490,fuck
479,174,298,481,fuck
454,161,296,469,fuck
472,162,273,468,fuck
472,155,287,453,fuck
474,163,291,454,fuck
477,164,297,459,fuck
389,169,306,488,fuck
476,203,294,452,fuck
490,160,276,440,fuck
477,144,290,436,fuck
477,147,294,429,fuck
472,156,292,428,fuck
484,172,288,419,fuck
477,205,304,438,fuck
484,157,295,446,fuck
479,164,297,431,fuck
536,150,295,453,fuck
487,155,291,410,fuck
482,153,248,424,fuck
482,154,267,403,fuck
464,148,299,420,fuck
483,144,285,420,fuck
481,152,289,424,fuck
477,164,289,443,fuck
482,151,281,450,fuck
465,143,292,443,fuck
473,155,278,435,fuck
454,158,275,450,fuck
472,129,273,444,fuck
466,139,278,440,fuck
465,145,269,437,fuck
429,144,269,436,fuck
470,137,264,437,fuck
469,149,265,439,fuck
468,139,260,448,fuck
460,147,261,450,fuck
455,153,258,444,fuck
464,156,251,441,fuck
471,150,252,442,fuck
474,162,256,428,fuck
465,156,263,435,fuck
469,158,256,428,fuck
479,157,327,424,fuck
481,150,196,435,fuck
481,150,243,431,fuck
482,149,256,426,fuck
484,156,244,422,fuck
478,153,247,429,fuck
480,148,247,435,fuck
489,156,238,416,fuck
481,156,245,412,fuck
477,152,252,408,fuck
472,142,241,421,fuck
466,147,241,412,fuck
462,142,245,400,fuck
476,128,242,392,fuck
450,145,240,382,fuck
474,142,239,371,fuck
479,144,242,395,fuck
477,150,245,411,fuck
477,145,251,409,fuck
476,131,256,398,fuck
478,142,267,392,fuck
466,153,265,400,fuck
484,154,294,396,fuck
480,144,280,401,fuck
470,138,296,396,fuck
484,140,301,396,fuck
484,140,306,392,fuck
490,136,333,396,fuck
491,145,342,400,fuck
497,128,352,401,fuck
492,145,358,405,fuck
496,133,345,442,fuck
489,151,355,398,fuck
494,160,338,379,fuck
491,164,343,388,fuck
489,172,340,378,fuck
471,164,331,396,fuck
503,166,330,404,fuck
492,163,337,382,fuck
484,174,327,411,fuck
493,163,335,398,fuck
480,173,313,400,fuck
497,172,318,432,fuck
525,173,317,432,fuck
510,174,313,482,fuck
488,190,311,427,fuck
485,170,307,438,fuck
485,173,315,457,fuck
450,182,320,449,fuck
494,187,335,438,fuck
518,185,337,436,fuck
513,183,334,454,fuck
488,179,326,461,fuck
488,184,326,438,fuck
485,181,330,433,fuck
484,179,343,428,fuck
487,178,319,413,fuck
480,165,318,418,fuck
479,173,328,416,fuck
482,172,320,411,fuck
476,173,316,397,fuck
476,170,312,417,fuck
542,186,309,420,fuck
479,180,323,437,fuck
478,185,304,442,fuck
472,172,314,441,fuck
477,190,297,443,fuck
477,175,303,431,fuck
497,180,300,438,fuck
482,177,269,432,fuck
480,178,297,427,fuck
486,182,283,430,fuck
474,174,282,420,fuck
477,158,299,424,fuck
493,174,299,472,fuck
474,156,297,404,fuck
487,166,299,401,fuck
481,170,294,440,fuck
475,167,294,438,fuck
470,168,293,429,fuck
468,162,290,434,fuck
472,163,224,429,fuck
468,165,286,418,fuck
474,165,284,426,fuck
465,156,297,425,fuck
461,162,318,422,fuck
468,168,307,440,fuck
473,165,349,460,fuck
468,167,307,450,fuck
469,158,311,454,fuck
468,165,301,457,fuck
461,163,311,465,fuck
472,162,310,477,fuck
470,165,312,475,fuck
475,149,316,484,fuck
471,171,308,486,fuck
468,163,321,488,fuck
471,151,301,493,fuck
480,170,307,489,fuck
479,144,324,489,fuck
479,162,331,496,fuck
478,161,326,482,fuck
458,207,333,503,fuck
505,199,329,514,fuck
478,193,329,498,fuck
482,202,322,512,fuck
475,192,332,504,fuck
480,208,326,492,fuck
474,207,328,486,fuck
483,204,329,476,fuck
489,208,329,458,fuck
474,190,331,444,fuck
479,208,304,473,fuck
477,199,333,469,fuck
484,194,366,464,fuck
481,206,353,448,fuck
489,198,342,463,fuck
492,200,350,444,fuck
489,204,382,469,fuck
498,174,364,467,fuck
488,199,365,461,fuck
488,162,370,454,fuck
482,193,385,432,fuck
426,208,371,469,fuck
490,212,377,469,fuck
495,203,376,450,fuck
491,188,391,444,fuck
501,189,370,453,fuck
507,224,367,461,fuck
496,189,364,461,fuck
496,183,368,452,fuck
496,187,357,453,fuck
498,187,372,459,fuck
497,159,357,459,fuck
495,182,348,453,fuck
482,181,385,448,fuck
492,179,364,454,fuck
492,167,358,453,fuck
488,181,368,456,fuck
495,179,360,447,fuck
472,179,352,458,fuck
486,248,341,444,fuck
485,175,356,447,fuck
486,174,347,429,fuck
481,173,346,432,fuck
483,170,343,416,fuck
495,174,348,411,fuck
487,164,353,416,fuck
492,172,353,425,fuck
483,163,356,410,fuck
484,168,447,430,fuck
470,166,355,433,fuck
481,191,355,425,fuck
480,167,348,425,fuck
494,175,367,425,fuck
445,165,384,418,fuck
482,178,393,396,fuck
500,162,378,438,fuck
482,122,384,421,fuck
471,147,385,423,fuck
482,162,379,443,fuck
478,162,371,445,fuck
475,202,372,445,fuck
466,155,381,444,fuck
474,155,384,432,fuck
471,152,362,430,fuck
457,178,365,459,fuck
471,157,367,465,fuck
480,154,307,452,fuck
473,154,384,448,fuck
471,138,377,440,fuck
474,133,378,453,fuck
475,166,368,445,fuck
471,165,470,440,fuck
470,160,376,430,fuck
472,158,381,413,fuck
471,155,395,416,fuck
477,155,391,405,fuck
473,153,376,409,fuck
465,154,379,408,fuck
465,153,360,429,fuck
481,155,376,421,fuck
411,165,387,448,fuck
474,155,384,462,fuck
475,155,386,464,fuck
476,152,388,469,fuck
477,149,384,484,fuck
473,151,378,494,fuck
472,150,368,491,fuck
473,146,370,483,fuck
470,144,370,467,fuck
471,152,371,470,fuck
471,165,325,485,fuck
480,147,354,474,fuck
466,146,350,479,fuck
470,150,346,469,fuck
467,151,346,469,fuck
466,144,339,476,fuck
468,150,343,474,fuck
464,194,328,464,fuck
456,144,338,476,fuck
449,151,328,473,fuck
478,142,322,482,fuck
462,136,324,490,fuck
455,138,301,491,fuck
469,139,319,552,fuck
474,160,331,500,fuck
474,144,342,487,fuck
473,142,334,486,fuck
477,135,326,502,fuck
479,139,338,494,fuck
487,150,334,413,fuck
481,143,331,475,fuck
480,155,309,471,fuck
473,140,312,466,fuck
476,140,301,468,fuck
477,140,320,456,fuck
474,158,315,449,fuck
475,144,215,444,fuck
475,138,314,466,fuck
474,146,322,459,fuck
470,133,307,455,fuck
473,144,308,453,fuck
476,162,314,449,fuck
476,148,305,444,fuck
477,153,322,442,fuck
457,151,323,433,fuck
478,137,315,453,fuck
513,150,311,446,fuck
475,156,309,441,fuck
482,160,311,455,fuck
459,162,309,450,fuck
481,163,305,461,fuck
485,182,315,452,fuck
492,165,331,459,fuck
484,171,315,469,fuck
489,173,323,469,fuck
488,169,320,473,fuck
482,154,315,473,fuck
474,169,307,469,fuck
433,174,312,472,fuck
482,158,312,459,fuck
493,167,301,467,fuck
480,182,323,461,fuck
488,161,313,460,fuck
484,172,315,464,fuck
484,181,328,448,fuck
475,170,315,459,fuck
480,176,336,466,fuck
499,164,327,489,fuck
479,171,316,488,fuck
475,157,336,465,fuck
519,169,314,478,fuck
464,158,323,474,fuck
461,167,304,475,fuck
475,158,295,474,fuck
463,162,305,466,fuck
468,158,298,472,fuck
461,164,297,469,fuck
473,186,298,468,fuck
473,160,294,452,fuck
491,170,286,455,fuck
473,167,288,471,fuck
467,164,344,507,fuck
465,173,291,500,fuck
474,172,298,492,fuck
463,181,306,483,fuck
465,186,330,466,fuck
470,169,324,478,fuck
467,169,326,488,fuck
469,172,328,484,fuck
466,170,328,512,fuck
467,118,343,502,fuck
466,178,341,496,fuck
470,170,364,482,fuck
463,168,352,482,fuck
468,168,373,480,fuck
453,169,356,462,fuck
470,171,326,460,fuck
454,174,355,474,fuck
466,165,336,466,fuck
450,167,338,478,fuck
453,164,333,469,fuck
464,169,334,471,fuck
458,174,333,488,fuck
444,163,326,476,fuck
472,177,326,447,fuck
468,165,323,449,fuck
478,172,324,419,fuck
474,179,318,445,fuck
475,165,311,470,fuck
478,161,318,459,fuck
472,157,310,467,fuck
464,170,312,412,fuck
424,171,307,460,fuck
450,155,309,457,fuck
480,163,293,463,fuck
465,162,305,473,fuck
454,158,286,473,fuck
463,131,301,468,fuck
467,158,296,475,fuck
464,147,283,468,fuck
463,170,288,445,fuck
465,156,290,457,fuck
495,158,299,441,fuck
469,159,298,443,fuck
470,160,293,459,fuck
467,158,308,467,fuck
471,174,304,490,fuck
486,154,310,484,fuck
472,176,309,472,fuck
450,179,307,462,fuck
483,178,293,454,fuck
466,189,301,451,fuck
474,189,303,467,fuck
476,198,288,481,fuck
469,183,296,452,fuck
485,227,297,440,fuck
479,225,298,462,fuck
498,209,298,463,fuck
479,218,297,452,fuck
489,246,293,458,fuck
477,239,296,466,fuck
471,228,304,446,fuck
476,222,299,482,fuck
472,162,292,471,fuck
475,227,302,479,fuck
477,229,290,451,fuck
483,219,282,444,fuck
478,219,286,440,fuck
485,209,284,430,fuck
483,217,286,427,fuck
484,212,284,416,fuck
478,215,289,408,fuck
483,231,297,396,fuck
490,221,334,406,fuck
492,205,336,408,fuck
494,201,336,403,fuck
581,209,345,420,fuck
506,218,343,411,fuck
493,208,343,413,fuck
446,198,336,407,fuck
474,203,336,408,fuck
491,204,334,404,fuck
494,299,331,401,fuck
487,184,330,393,fuck
486,202,325,402,fuck
470,200,328,371,fuck
488,199,315,375,fuck
483,202,315,381,fuck
478,199,321,392,fuck
482,214,318,382,fuck
488,195,329,368,fuck
492,198,342,369,fuck
496,192,354,366,fuck
502,189,409,368,fuck
502,180,364,385,fuck
503,186,365,373,fuck
500,180,345,390,fuck
495,183,349,392,fuck
489,184,337,401,fuck
495,180,346,392,fuck
514,184,349,386,fuck
496,238,340,390,fuck
502,178,341,369,fuck
512,179,348,382,fuck
493,145,346,377,fuck
520,177,350,376,fuck
498,175,365,378,fuck
505,176,368,432,fuck
512,161,375,395,fuck
493,170,375,392,fuck
497,180,388,427,fuck
499,168,368,422,fuck
490,164,366,418,fuck
498,84,362,412,fuck
495,165,358,408,fuck
494,166,356,402,fuck
499,165,363,402,fuck
497,164,376,398,fuck
499,164,383,398,fuck
496,162,388,393,fuck
495,158,408,374,fuck
489,158,381,390,fuck
500,156,379,384,fuck
478,160,385,407,fuck
489,155,390,330,fuck
478,155,384,394,fuck
484,157,438,384,fuck
486,157,372,385,fuck
481,153,375,388,fuck
483,152,371,383,fuck
487,156,373,390,fuck
504,150,380,405,fuck
496,150,365,413,fuck
491,146,390,410,fuck
491,152,351,431,fuck
477,152,372,425,fuck
504,156,361,439,fuck
489,162,365,422,fuck
488,153,359,438,fuck
469,145,311,431,fuck
468,141,368,424,fuck
483,162,358,420,fuck
479,132,355,411,fuck
473,144,357,404,fuck
476,146,375,401,fuck
475,158,353,386,fuck
474,158,358,390,fuck
474,146,349,382,fuck
472,129,353,377,fuck
475,142,346,389,fuck
474,144,341,404,fuck
461,138,336,400,fuck
457,147,324,382,fuck
465,136,321,394,fuck
478,143,339,375,fuck
477,130,343,364,fuck
486,140,320,366,fuck
479,168,324,354,fuck
480,139,324,397,fuck
480,145,324,402,fuck
483,139,318,400,fuck
481,140,320,404,fuck
481,128,316,396,fuck
487,138,309,402,fuck
482,132,310,388,fuck
488,210,305,391,fuck
474,138,308,404,fuck
478,140,291,396,fuck
488,137,289,393,fuck
487,141,312,388,fuck
497,136,320,395,fuck
494,132,320,409,fuck
497,124,322,428,fuck
500,132,302,431,fuck
503,124,335,428,fuck
501,141,333,428,fuck
491,145,322,443,fuck
488,139,314,435,fuck
504,160,337,436,fuck
504,143,344,434,fuck
509,140,349,438,fuck
512,145,341,448,fuck
516,148,348,448,fuck
513,148,360,449,fuck
515,136,357,486,fuck
512,143,356,490,fuck
499,152,355,499,fuck
503,137,352,506,fuck
502,148,342,501,fuck
500,145,333,501,fuck
503,157,339,496,fuck
502,143,341,492,fuck
496,143,346,490,fuck
488,162,344,475,fuck
501,141,339,480,fuck
494,168,339,495,fuck
492,168,337,482,fuck
496,181,348,502,fuck
501,155,356,497,fuck
507,171,369,518,fuck
516,167,372,524,fuck
508,167,390,508,fuck
512,166,406,504,fuck
422,162,386,473,fuck
510,161,390,498,fuck
517,160,381,479,fuck
507,156,375,491,fuck
506,159,379,428,fuck
500,158,372,488,fuck
499,158,352,504,fuck
502,152,368,496,fuck
497,157,364,513,fuck
487,153,366,492,fuck
496,152,360,505,fuck
499,156,360,501,fuck
499,145,384,488,fuck
497,148,387,496,fuck
510,153,381,491,fuck
503,146,386,477,fuck
497,158,374,508,fuck
493,149,309,484,fuck
495,147,375,501,fuck
482,147,371,490,fuck
492,144,356,484,fuck
503,148,374,484,fuck
489,144,363,472,fuck
490,144,347,475,fuck
435,144,353,466,fuck
492,144,348,452,fuck
491,152,330,484,fuck
487,151,332,477,fuck
487,151,343,403,fuck
483,131,360,481,fuck
481,148,333,485,fuck
475,139,334,500,fuck
512,142,340,564,fuck
506,144,396,490,fuck
518,149,383,510,fuck
527,160,392,508,fuck
531,148,406,490,fuck
529,153,408,482,fuck
637,147,410,480,fuck
546,139,423,481,fuck
546,155,404,484,fuck
546,151,414,483,fuck
542,144,415,495,fuck
587,145,409,500,fuck
532,130,416,505,fuck
541,156,412,524,fuck
546,147,419,528,fuck
548,133,420,516,fuck
534,144,425,524,fuck
536,154,402,530,fuck
525,142,408,525,fuck
533,139,403,591,fuck
538,143,492,556,fuck
528,141,422,548,fuck
531,128,407,545,fuck
535,144,405,541,fuck
546,141,417,543,fuck
557,140,437,527,fuck
553,142,466,521,fuck
555,147,440,506,fuck
553,139,447,500,fuck
560,131,459,510,fuck
526,139,480,501,fuck
562,138,490,512,fuck
556,140,490,508,fuck
549,134,470,493,fuck
537,140,482,468,fuck
548,137,480,512,fuck
543,160,483,500,fuck
533,143,468,510,fuck
541,135,467,513,fuck
550,134,407,521,fuck
538,139,473,528,fuck
536,124,463,533,fuck
520,163,457,528,fuck
520,140,444,529,fuck
541,143,448,536,fuck
530,139,448,538,fuck
521,141,440,530,fuck
534,141,440,536,fuck
445,138,452,570,fuck
570,138,459,544,fuck
533,140,474,556,fuck
561,139,496,554,fuck
571,137,513,540,fuck
564,134,422,536,fuck
566,135,525,535,fuck
579,135,528,567,fuck
590,149,525,573,fuck
568,139,534,589,fuck
593,145,533,604,fuck
590,136,553,599,fuck
589,143,576,589,fuck
586,152,584,590,fuck
575,165,573,584,fuck
584,169,567,591,fuck
579,174,492,600,fuck
593,171,570,593,fuck
586,172,572,589,fuck
574,170,568,583,fuck
575,172,547,573,fuck
580,168,551,566,fuck
586,168,552,556,fuck
569,166,544,556,fuck
560,163,537,565,fuck
577,170,532,557,fuck
570,123,521,548,fuck
588,168,529,561,fuck
581,183,528,541,fuck
566,172,522,529,fuck
572,172,506,523,fuck
568,183,512,512,fuck
568,173,522,508,fuck
556,179,503,533,fuck
570,174,502,547,fuck
570,171,510,550,fuck
549,196,509,559,fuck
572,170,516,570,fuck
570,170,516,564,fuck
569,169,512,589,fuck
555,168,524,577,fuck
566,166,506,594,fuck
563,168,499,618,fuck
567,169,498,613,fuck
557,160,479,595,fuck
541,164,482,593,fuck
550,160,477,589,fuck
564,163,474,584,fuck
553,165,486,583,fuck
550,162,449,575,fuck
538,161,418,563,fuck
553,152,453,559,fuck
551,156,435,552,fuck
550,157,439,545,fuck
542,162,417,550,fuck
536,163,422,556,fuck
545,160,433,564,fuck
546,171,431,564,fuck
554,155,459,556,fuck
557,154,454,536,fuck
559,116,462,558,fuck
557,152,452,553,fuck
557,167,450,541,fuck
569,149,447,538,fuck
549,146,443,538,fuck
545,149,441,537,fuck
543,135,433,530,fuck
536,155,423,520,fuck
544,146,433,510,fuck
544,148,420,556,fuck
547,145,450,551,fuck
557,150,447,542,fuck
573,144,456,534,fuck
550,141,450,528,fuck
546,146,463,546,fuck
545,138,448,538,fuck
538,175,448,541,fuck
538,139,430,534,fuck
534,233,420,519,fuck
516,135,428,533,fuck
530,130,429,528,fuck
526,153,422,526,fuck
509,140,435,525,fuck
524,142,420,517,fuck
521,171,426,508,fuck
515,139,427,498,fuck
514,141,426,520,fuck
536,146,437,510,fuck
610,150,457,464,fuck
543,147,459,513,fuck
555,145,493,516,fuck
561,145,454,508,fuck
559,146,467,508,fuck
561,137,459,499,fuck
567,146,480,492,fuck
560,144,460,488,fuck
573,145,458,499,fuck
570,149,457,492,fuck
586,150,450,493,fuck
587,145,463,491,fuck
569,144,463,486,fuck
573,147,494,488,fuck
539,139,472,480,fuck
569,172,472,474,fuck
561,140,448,491,fuck
570,143,461,502,fuck
558,150,453,495,fuck
560,162,448,481,fuck
553,145,447,484,fuck
632,138,440,474,fuck
560,149,363,467,fuck
552,147,441,456,fuck
547,125,432,461,fuck
549,238,427,481,fuck
546,166,396,476,fuck
544,150,420,480,fuck
546,167,432,468,fuck
544,170,416,471,fuck
546,170,411,462,fuck
547,171,407,454,fuck
540,168,398,447,fuck
539,168,407,458,fuck
537,169,409,469,fuck
536,165,406,464,fuck
544,170,432,456,fuck
532,179,393,466,fuck
526,170,374,474,fuck
528,169,388,450,fuck
524,170,437,463,fuck
515,169,374,472,fuck
508,158,402,461,fuck
524,168,390,469,fuck
516,165,391,448,fuck
520,177,399,457,fuck
609,169,396,456,fuck
516,169,405,465,fuck
540,169,389,466,fuck
516,170,388,452,fuck
522,164,377,484,fuck
580,168,381,474,fuck
514,156,392,470,fuck
517,168,365,467,fuck
518,167,389,468,fuck
519,169,389,459,fuck
518,172,399,453,fuck
516,156,400,448,fuck
527,170,397,451,fuck
509,159,398,429,fuck
514,170,392,437,fuck
514,172,385,445,fuck
519,167,384,441,fuck
523,160,389,437,fuck
521,166,400,435,fuck
497,166,401,425,fuck
538,168,404,423,fuck
544,176,427,430,fuck
546,182,435,411,fuck
563,172,437,435,fuck
552,174,428,424,fuck
544,162,440,419,fuck
558,172,408,412,fuck
549,171,428,402,fuck
551,172,410,405,fuck
551,171,406,449,fuck
549,153,418,400,fuck
551,164,418,400,fuck
556,164,424,398,fuck
545,160,413,411,fuck
531,167,410,390,fuck
532,150,402,455,fuck
535,160,403,372,fuck
524,160,399,410,fuck
528,156,392,404,fuck
509,171,386,397,fuck
508,163,382,447,fuck
517,164,382,431,fuck
512,163,380,437,fuck
516,169,388,444,fuck
518,172,409,450,fuck
541,178,413,450,fuck
540,201,418,456,fuck
504,206,406,474,fuck
535,215,410,487,fuck
527,253,402,493,fuck
561,235,414,500,fuck
544,233,414,507,fuck
540,231,425,499,fuck
545,230,368,508,fuck
546,224,407,516,fuck
539,242,396,533,fuck
522,230,401,517,fuck
534,231,401,534,fuck
531,233,393,525,fuck
530,221,388,542,fuck
534,223,402,510,fuck
530,227,433,509,fuck
524,220,378,514,fuck
525,217,368,510,fuck
512,231,380,514,fuck
532,222,374,507,fuck
536,220,378,509,fuck
534,222,365,531,fuck
518,228,367,521,fuck
522,204,367,524,fuck
531,231,363,536,fuck
520,210,354,527,fuck
520,194,374,523,fuck
491,208,356,506,fuck
515,204,359,506,fuck
515,205,400,504,fuck
526,203,358,521,fuck
513,202,354,517,fuck
503,200,356,512,fuck
514,209,355,522,fuck
509,203,340,521,fuck
510,184,357,530,fuck
509,201,358,516,fuck
504,193,354,528,fuck
495,204,360,537,fuck
504,201,332,540,fuck
510,179,336,553,fuck
512,186,365,545,fuck
516,198,370,554,fuck
504,202,369,552,fuck
515,200,366,573,fuck
514,283,370,569,fuck
524,196,380,562,fuck
521,193,404,571,fuck
532,192,353,560,fuck
560,194,426,564,fuck
531,183,422,578,fuck
529,189,421,570,fuck
528,187,404,581,fuck
526,189,416,571,fuck
530,192,429,564,fuck
532,194,416,568,fuck
528,190,415,592,fuck
528,187,406,582,fuck
530,189,411,593,fuck
529,186,408,598,fuck
536,187,406,597,fuck
516,183,407,598,fuck
516,177,394,593,fuck
524,185,395,590,fuck
532,179,402,590,fuck
544,179,384,596,fuck
528,159,382,592,fuck
527,182,381,604,fuck
528,166,376,596,fuck
532,174,374,582,fuck
536,175,363,581,fuck
533,173,367,570,fuck
531,175,360,550,fuck
538,177,358,573,fuck
533,190,354,578,fuck
536,189,364,565,fuck
533,174,370,565,fuck
539,198,366,514,fuck
541,176,386,548,fuck
536,189,365,540,fuck
520,186,362,526,fuck
539,183,360,525,fuck
540,181,355,532,fuck
529,183,359,536,fuck
524,181,347,537,fuck
526,180,347,540,fuck
518,187,338,551,fuck
520,204,340,532,fuck
518,192,345,521,fuck
515,215,335,530,fuck
520,196,325,538,fuck
512,213,326,539,fuck
503,194,345,537,fuck
510,190,322,533,fuck
504,196,322,524,fuck
499,192,309,528,fuck
510,182,322,539,fuck
507,183,330,518,fuck
508,140,335,516,fuck
512,188,320,537,fuck
512,165,342,538,fuck
503,180,425,530,fuck
503,202,332,535,fuck
523,180,330,525,fuck
517,173,328,523,fuck
521,176,328,506,fuck
501,175,324,495,fuck
515,166,318,480,fuck
518,173,321,488,fuck
509,161,314,470,fuck
512,164,318,498,fuck
512,169,324,513,fuck
526,163,333,532,fuck
528,166,340,506,fuck
539,170,404,506,fuck
536,165,344,512,fuck
530,170,339,515,fuck
532,184,342,542,fuck
544,162,342,542,fuck
546,163,364,545,fuck
549,161,354,530,fuck
549,166,353,521,fuck
544,153,341,510,fuck
542,156,344,490,fuck
553,158,334,493,fuck
546,155,338,480,fuck
539,161,336,483,fuck
534,148,338,474,fuck
541,170,346,453,fuck
542,168,344,463,fuck
542,180,350,462,fuck
613,159,350,461,fuck
546,170,345,464,fuck
540,172,355,459,fuck
531,165,395,457,fuck
544,166,381,457,fuck
539,171,394,446,fuck
550,166,393,441,fuck
547,164,398,429,fuck
548,172,386,437,fuck
544,170,404,431,fuck
544,230,402,417,fuck
537,162,419,414,fuck
523,162,428,405,fuck
536,160,442,407,fuck
539,172,452,395,fuck
540,150,464,424,fuck
540,171,463,414,fuck
537,150,457,427,fuck
532,157,431,424,fuck
528,174,451,418,fuck
527,159,442,419,fuck
532,148,466,403,fuck
528,150,448,408,fuck
527,154,426,410,fuck
531,167,445,395,fuck
527,153,446,391,fuck
527,150,541,383,fuck
528,151,435,398,fuck
519,155,434,395,fuck
536,149,429,392,fuck
526,149,372,396,fuck
502,144,434,405,fuck
523,149,410,398,fuck
521,159,423,372,fuck
530,152,447,418,fuck
520,161,416,417,fuck
527,162,410,419,fuck
512,154,394,427,fuck
510,173,407,438,fuck
510,155,402,475,fuck
509,163,381,475,fuck
485,157,405,467,fuck
522,159,401,464,fuck
529,163,401,460,fuck
530,175,402,449,fuck
547,186,396,451,fuck
529,192,398,444,fuck
533,190,377,464,fuck
549,191,403,450,fuck
572,190,396,467,fuck
557,200,404,477,fuck
548,187,414,492,fuck
558,178,400,474,fuck
555,199,410,459,fuck
554,203,386,470,fuck
518,214,385,466,fuck
545,194,391,470,fuck
543,190,386,469,fuck
552,196,400,454,fuck
556,186,399,450,fuck
547,194,362,445,fuck
549,183,448,445,fuck
543,194,408,432,fuck
540,177,397,423,fuck
544,189,394,419,fuck
543,188,392,431,fuck
548,176,383,425,fuck
524,180,419,436,fuck
535,167,392,431,fuck
544,184,389,432,fuck
438,185,384,428,fuck
540,197,381,432,fuck
531,185,377,418,fuck
535,187,374,405,fuck
537,188,377,404,fuck
534,190,369,392,fuck
534,188,368,468,fuck
527,185,367,377,fuck
542,190,360,389,fuck
523,182,353,368,fuck
510,191,345,362,fuck
527,186,352,363,fuck
526,185,372,369,fuck
526,190,293,362,fuck
523,183,349,360,fuck
519,183,351,352,fuck
514,179,358,367,fuck
513,179,342,372,fuck
505,186,343,377,fuck
509,181,335,380,fuck
509,176,332,321,fuck
512,169,330,371,fuck
504,169,337,390,fuck
515,176,333,380,fuck
513,176,326,362,fuck
517,173,320,366,fuck
513,171,325,350,fuck
531,166,324,356,fuck
498,190,328,356,fuck
513,174,329,350,fuck
505,169,324,377,fuck
513,160,319,411,fuck
519,165,305,398,fuck
516,165,315,406,fuck
530,164,311,477,fuck
508,164,306,395,fuck
508,158,298,393,fuck
519,148,319,383,fuck
508,161,320,376,fuck
513,166,310,374,fuck
495,169,304,391,fuck
505,154,308,389,fuck
505,144,302,390,fuck
504,156,320,386,fuck
496,165,285,393,fuck
500,146,288,385,fuck
498,152,302,382,fuck
496,172,290,370,fuck
486,151,290,380,fuck
493,163,270,404,fuck
495,151,297,388,fuck
500,144,284,380,fuck
497,149,284,389,fuck
496,142,293,383,fuck
494,146,285,393,fuck
496,144,284,394,fuck
490,146,278,395,fuck
492,148,283,394,fuck
483,136,295,385,fuck
491,164,279,379,fuck
480,192,284,375,fuck
489,146,274,363,fuck
487,145,290,358,fuck
489,133,277,378,fuck
486,142,278,380,fuck
486,142,267,375,fuck
483,140,269,402,fuck
471,132,266,398,fuck
473,134,274,400,fuck
478,140,274,400,fuck
474,165,257,402,fuck
480,142,257,400,fuck
459,140,259,390,fuck
522,141,263,402,fuck
458,139,257,388,fuck
472,107,256,392,fuck
467,138,252,366,fuck
470,136,259,380,fuck
396,136,250,407,fuck
449,145,243,392,fuck
484,146,240,401,fuck
467,140,244,381,fuck
465,139,246,397,fuck
457,131,245,401,fuck
466,132,244,410,fuck
473,140,247,410,fuck
479,146,184,405,fuck
489,139,287,405,fuck
493,138,281,394,fuck
489,140,306,412,fuck
503,138,314,392,fuck
502,160,318,408,fuck
508,156,311,430,fuck
515,163,310,430,fuck
490,158,309,432,fuck
503,164,306,429,fuck
505,165,373,432,fuck
508,168,314,431,fuck
499,162,313,431,fuck
530,166,309,433,fuck
512,166,310,455,fuck
493,168,304,466,fuck
503,165,307,459,fuck
499,163,302,465,fuck
497,152,299,463,fuck
497,160,314,468,fuck
504,158,303,458,fuck
504,173,300,463,fuck
520,149,285,458,fuck
526,148,326,460,fuck
530,157,326,470,fuck
531,157,320,467,fuck
529,159,318,466,fuck
519,155,318,457,fuck
524,151,305,456,fuck
524,180,311,449,fuck
516,169,313,460,fuck
524,158,316,480,fuck
524,119,334,465,fuck
523,157,322,461,fuck
526,165,317,462,fuck
524,156,314,457,fuck
526,176,303,454,fuck
523,153,316,449,fuck
520,156,316,461,fuck
510,156,313,456,fuck
516,168,306,450,fuck
512,170,309,442,fuck
503,160,314,462,fuck
509,172,301,498,fuck
506,164,326,445,fuck
506,172,302,440,fuck
500,165,290,440,fuck
504,157,298,453,fuck
502,154,299,508,fuck
501,158,302,418,fuck
509,164,290,433,fuck
489,154,291,415,fuck
496,167,301,413,fuck
494,156,285,402,fuck
486,156,285,405,fuck
508,162,284,402,fuck
505,155,284,408,fuck
504,164,299,406,fuck
553,152,314,394,fuck
522,147,330,389,fuck
520,244,330,393,fuck
522,135,331,399,fuck
520,140,324,422,fuck
523,149,339,400,fuck
527,151,331,424,fuck
539,149,332,417,fuck
531,151,343,418,fuck
530,147,333,423,fuck
526,147,326,435,fuck
504,137,337,430,fuck
523,152,327,429,fuck
518,126,318,429,fuck
528,147,315,430,fuck
518,159,337,451,fuck
519,165,334,450,fuck
516,177,314,448,fuck
515,178,312,458,fuck
491,180,323,466,fuck
515,176,319,455,fuck
512,163,321,450,fuck
512,184,316,445,fuck
507,177,314,506,fuck
498,175,311,443,fuck
514,171,343,436,fuck
514,173,335,453,fuck
515,161,347,459,fuck
507,171,346,468,fuck
503,166,337,466,fuck
508,170,340,470,fuck
523,100,358,475,fuck
538,186,382,467,fuck
556,188,394,490,fuck
542,183,395,482,fuck
534,187,401,478,fuck
537,191,377,469,fuck
538,188,392,460,fuck
525,185,384,460,fuck
535,176,406,469,fuck
531,178,392,466,fuck
531,181,385,466,fuck
518,181,367,490,fuck
533,176,387,469,fuck
537,175,379,482,fuck
546,161,384,472,fuck
544,178,388,472,fuck
533,173,375,482,fuck
531,172,386,474,fuck
541,173,394,477,fuck
524,173,366,507,fuck
537,167,386,492,fuck
538,162,366,520,fuck
535,185,372,534,fuck
539,180,369,528,fuck
534,193,364,533,fuck
519,182,360,535,fuck
529,181,256,529,fuck
532,178,349,523,fuck
528,196,348,539,fuck
532,173,346,540,fuck
541,175,343,530,fuck
530,176,327,566,fuck
525,226,336,545,fuck
531,177,344,571,fuck
521,172,343,560,fuck
512,165,353,557,fuck
518,156,341,549,fuck
522,158,348,544,fuck
514,171,348,538,fuck
516,170,394,531,fuck
512,230,344,529,fuck
520,188,340,536,fuck
512,197,351,547,fuck
513,200,334,532,fuck
510,198,355,523,fuck
509,197,350,533,fuck
514,192,363,540,fuck
508,199,379,522,fuck
512,192,384,541,fuck
513,183,392,538,fuck
512,192,390,542,fuck
512,181,395,536,fuck
409,186,382,536,fuck
506,189,366,540,fuck
512,102,376,538,fuck
515,183,371,532,fuck
528,190,362,520,fuck
517,185,366,538,fuck
505,192,363,483,fuck
513,180,362,532,fuck
519,203,360,520,fuck
507,182,357,512,fuck
518,188,351,512,fuck
498,186,347,505,fuck
522,182,346,494,fuck
513,189,347,489,fuck
519,183,334,505,fuck
510,182,323,496,fuck
479,189,339,503,fuck
514,180,333,481,fuck
506,178,333,476,fuck
561,177,332,467,fuck
512,166,339,462,fuck
515,174,345,456,fuck
512,166,336,454,fuck
533,172,343,470,fuck
497,171,344,477,fuck
515,168,335,483,fuck
512,157,346,528,fuck
508,166,334,486,fuck
565,172,352,510,fuck
501,165,342,467,fuck
566,173,340,472,fuck
502,163,336,446,fuck
502,161,320,477,fuck
490,162,430,468,fuck
492,160,334,457,fuck
500,173,324,460,fuck
502,158,326,460,fuck
501,158,328,461,fuck
492,158,350,467,fuck
495,153,341,463,fuck
488,80,322,459,fuck
488,155,322,486,fuck
484,156,317,472,fuck
473,151,310,464,fuck
487,157,298,458,fuck
481,152,329,448,fuck
480,153,316,454,fuck
475,156,315,421,fuck
468,161,302,429,fuck
483,168,299,389,fuck
479,165,296,425,fuck
461,166,299,416,fuck
481,87,296,416,fuck
480,165,303,413,fuck
479,160,306,404,fuck
478,162,327,401,fuck
492,164,296,397,fuck
471,161,314,404,fuck
492,160,292,417,fuck
469,160,289,434,fuck
474,147,298,432,fuck
476,161,286,442,fuck
495,165,296,444,fuck
493,146,313,436,fuck
505,149,323,451,fuck
471,153,327,448,fuck
495,167,316,443,fuck
488,140,313,450,fuck
495,137,310,456,fuck
499,152,321,454,fuck
503,150,308,442,fuck
500,150,318,450,fuck
497,138,322,432,fuck
502,142,314,441,fuck
477,149,310,440,fuck
495,151,309,439,fuck
474,148,307,450,fuck
490,129,306,460,fuck
489,146,304,453,fuck
491,151,301,448,fuck
497,152,322,438,fuck
507,161,325,439,fuck
514,147,332,439,fuck
505,168,338,429,fuck
519,161,358,425,fuck
520,158,338,451,fuck
524,154,335,446,fuck
514,164,340,438,fuck
541,154,340,440,fuck
535,153,368,446,fuck
545,145,377,426,fuck
544,154,357,441,fuck
552,155,339,439,fuck
532,104,345,439,fuck
542,151,344,513,fuck
521,150,341,422,fuck
523,152,341,425,fuck
520,131,333,420,fuck
516,150,330,413,fuck
503,131,335,398,fuck
513,136,327,400,fuck
506,150,323,393,fuck
510,148,312,382,fuck
503,141,315,366,fuck
503,145,318,391,fuck
521,148,312,382,fuck
497,136,315,376,fuck
499,151,297,381,fuck
492,140,301,379,fuck
445,148,301,389,fuck
480,148,296,359,fuck
493,136,295,368,fuck
485,146,295,355,fuck
483,137,310,360,fuck
471,148,297,351,fuck
474,133,276,328,fuck
465,144,286,339,fuck
478,142,278,352,fuck
481,142,286,330,fuck
476,137,287,328,fuck
477,81,288,325,fuck
467,137,174,323,fuck
476,142,278,315,fuck
472,139,282,315,fuck
462,134,259,305,fuck
453,132,289,306,fuck
468,118,266,302,fuck
467,134,269,293,fuck
482,126,262,288,fuck
467,142,264,300,fuck
461,134,262,310,fuck
433,132,260,304,fuck
458,134,260,297,fuck
461,132,254,316,fuck
459,131,258,296,fuck
456,126,251,318,fuck
453,131,256,313,fuck
451,130,248,315,fuck
456,129,249,327,fuck
453,118,241,311,fuck
464,119,247,313,fuck
472,131,266,338,fuck
473,136,280,297,fuck
489,131,299,304,fuck
492,124,290,293,fuck
495,126,309,292,fuck
499,149,302,292,fuck
502,122,305,313,fuck
493,130,313,321,fuck
489,128,321,303,fuck
501,128,328,302,fuck
498,135,333,304,fuck
515,137,325,302,fuck
509,165,322,297,fuck
520,130,330,294,fuck
509,130,327,310,fuck
500,128,293,313,fuck
550,132,321,314,fuck
514,142,326,312,fuck
515,128,326,312,fuck
521,133,323,359,fuck
621,128,332,291,fuck
452,126,328,299,fuck
526,126,388,296,fuck
528,122,346,309,fuck
540,126,338,308,fuck
528,121,337,330,fuck
535,141,336,324,fuck
521,129,339,332,fuck
531,129,341,329,fuck
546,128,341,341,fuck
519,137,336,318,fuck
584,135,336,301,fuck
526,116,333,326,fuck
530,130,339,317,fuck
532,128,418,317,fuck
524,120,328,312,fuck
521,120,315,305,fuck
518,138,321,307,fuck
517,122,325,312,fuck
507,133,324,300,fuck
521,134,300,296,fuck
525,134,324,314,fuck
512,125,324,306,fuck
505,125,320,315,fuck
499,129,318,308,fuck
509,134,322,293,fuck
509,142,310,297,fuck
514,131,330,293,fuck
520,120,340,288,fuck
517,118,347,322,fuck
501,131,346,317,fuck
518,129,334,311,fuck
514,134,339,307,fuck
505,132,329,335,fuck
530,134,343,324,fuck
484,136,345,311,fuck
520,128,356,303,fuck
522,121,366,309,fuck
526,144,345,323,fuck
513,137,361,328,fuck
522,135,349,319,fuck
520,143,356,343,fuck
524,134,364,360,fuck
509,139,362,360,fuck
520,132,364,365,fuck
523,131,360,381,fuck
513,141,363,388,fuck
517,138,347,415,fuck
524,144,357,416,fuck
517,139,365,428,fuck
521,144,358,447,fuck
528,159,355,436,fuck
522,178,343,437,fuck
519,171,350,424,fuck
516,181,357,425,fuck
512,170,340,437,fuck
513,173,348,439,fuck
512,174,340,431,fuck
508,167,340,428,fuck
513,169,318,430,fuck
522,169,340,402,fuck
529,168,345,410,fuck
530,165,330,404,fuck
531,167,326,405,fuck
533,153,336,397,fuck
533,165,332,396,fuck
540,172,333,384,fuck
541,173,333,385,fuck
536,160,340,374,fuck
540,164,321,370,fuck
532,162,317,373,fuck
520,158,329,366,fuck
527,168,329,381,fuck
522,167,296,381,fuck
528,168,313,383,fuck
533,185,312,390,fuck
524,161,298,391,fuck
523,161,306,388,fuck
519,160,308,382,fuck
523,154,306,379,fuck
516,161,315,385,fuck
519,164,301,388,fuck
516,102,295,381,fuck
516,181,285,374,fuck
432,157,290,359,fuck
512,156,289,374,fuck
507,156,269,379,fuck
512,162,252,381,fuck
506,149,281,389,fuck
505,152,282,386,fuck
442,145,291,390,fuck
504,155,298,414,fuck
517,174,301,406,fuck
518,151,295,411,fuck
541,152,310,413,fuck
524,152,316,414,fuck
515,164,307,401,fuck
541,153,304,434,fuck
528,148,302,424,fuck
530,105,313,424,fuck
530,147,310,431,fuck
536,155,217,417,fuck
547,146,322,426,fuck
544,163,318,431,fuck
537,138,338,426,fuck
527,155,312,452,fuck
517,140,313,459,fuck
528,142,304,459,fuck
528,145,305,473,fuck
524,150,307,479,fuck
523,135,304,478,fuck
501,149,319,504,fuck
534,144,329,461,fuck
534,144,337,460,fuck
545,142,355,454,fuck
544,141,369,450,fuck
550,172,363,440,fuck
554,138,364,451,fuck
549,138,361,443,fuck
546,141,363,451,fuck
532,137,380,449,fuck
545,137,400,456,fuck
537,145,400,465,fuck
550,173,393,478,fuck
558,168,404,468,fuck
541,172,397,430,fuck
568,178,391,459,fuck
554,188,393,453,fuck
545,172,408,447,fuck
539,162,384,439,fuck
530,164,364,448,fuck
535,168,370,436,fuck
524,167,379,431,fuck
538,151,368,408,fuck
537,165,369,414,fuck
532,164,364,432,fuck
528,159,361,430,fuck
524,185,361,405,fuck
620,168,352,415,fuck
524,170,344,408,fuck
517,166,349,408,fuck
518,179,332,404,fuck
510,175,338,395,fuck
525,171,348,405,fuck
527,174,335,421,fuck
547,167,358,421,fuck
534,171,358,426,fuck
524,166,331,414,fuck
535,165,258,402,fuck
515,156,370,405,fuck
532,162,347,404,fuck
530,166,349,405,fuck
525,171,351,406,fuck
541,168,337,392,fuck
521,170,344,374,fuck
485,172,341,396,fuck
513,172,336,376,fuck
518,169,334,370,fuck
517,178,340,371,fuck
512,168,338,363,fuck
508,169,332,362,fuck
508,163,339,356,fuck
430,165,330,358,fuck
503,176,303,354,fuck
502,182,317,369,fuck
503,155,329,367,fuck
502,174,326,383,fuck
501,162,333,378,fuck
505,181,320,373,fuck
500,162,324,370,fuck
501,162,324,368,fuck
501,165,329,386,fuck
497,157,328,381,fuck
495,165,334,379,fuck
497,155,341,378,fuck
486,155,355,376,fuck
492,156,353,391,fuck
491,153,330,405,fuck
492,155,332,376,fuck
494,155,339,376,fuck
503,147,344,376,fuck
489,147,349,363,fuck
500,147,360,377,fuck
499,153,346,380,fuck
497,144,346,407,fuck
496,150,338,401,fuck
484,154,338,402,fuck
492,147,336,412,fuck
483,159,331,405,fuck
488,157,326,410,fuck
474,166,248,400,fuck
483,158,328,386,fuck
488,176,308,392,fuck
509,162,314,383,fuck
476,163,313,381,fuck
477,164,310,394,fuck
489,169,320,390,fuck
407,170,309,396,fuck
474,162,306,397,fuck
484,157,258,388,fuck
475,150,299,386,fuck
467,157,295,386,fuck
470,162,292,396,fuck
467,165,275,392,fuck
467,166,288,390,fuck
464,170,289,376,fuck
462,165,288,385,fuck
464,165,279,391,fuck
451,178,279,399,fuck
464,166,270,395,fuck
465,154,275,408,fuck
467,149,276,411,fuck
476,169,274,395,fuck
503,164,271,408,fuck
486,164,278,408,fuck
485,164,264,408,fuck
483,160,266,416,fuck
484,166,295,416,fuck
476,167,252,428,fuck
488,174,271,421,fuck
504,164,277,415,fuck
494,160,270,410,fuck
488,152,276,384,fuck
483,166,269,393,fuck
483,165,270,404,fuck
484,152,265,377,fuck
473,161,293,373,fuck
491,161,286,367,fuck
502,151,279,384,fuck
493,155,279,377,fuck
482,158,275,374,fuck
493,154,272,378,fuck
482,158,168,384,fuck
488,156,275,379,fuck
495,155,251,381,fuck
483,155,280,376,fuck
482,155,259,376,fuck
483,152,269,367,fuck
486,151,253,366,fuck
495,138,264,369,fuck
489,144,251,381,fuck
493,154,273,401,fuck
494,150,339,389,fuck
481,151,263,333,fuck
487,147,250,383,fuck
479,149,262,377,fuck
492,64,248,376,fuck
486,145,249,372,fuck
483,150,251,401,fuck
486,158,254,401,fuck
498,163,242,402,fuck
515,140,278,398,fuck
517,156,283,392,fuck
518,148,286,389,fuck
520,156,296,395,fuck
516,199,292,392,fuck
514,179,306,397,fuck
508,192,290,416,fuck
526,194,292,413,fuck
552,191,293,407,fuck
537,200,284,401,fuck
542,186,292,410,fuck
521,175,286,419,fuck
522,190,289,408,fuck
523,189,301,405,fuck
520,182,284,397,fuck
513,176,289,409,fuck
509,184,270,390,fuck
516,169,275,400,fuck
520,170,265,386,fuck
514,176,376,400,fuck
509,178,276,390,fuck
507,174,259,384,fuck
505,171,275,382,fuck
505,159,266,383,fuck
495,156,282,388,fuck
504,168,264,394,fuck
507,162,265,376,fuck
469,166,257,365,fuck
496,167,262,371,fuck
506,185,262,372,fuck
499,165,266,381,fuck
485,165,271,384,fuck
500,159,272,397,fuck
493,165,273,377,fuck
500,148,270,384,fuck
498,159,248,388,fuck
493,157,264,397,fuck
487,157,264,402,fuck
490,155,261,389,fuck
492,150,265,381,fuck
486,157,248,392,fuck
475,155,257,392,fuck
489,155,254,419,fuck
489,153,280,408,fuck
508,152,256,416,fuck
483,147,252,427,fuck
487,151,265,420,fuck
487,154,266,434,fuck
498,157,284,433,fuck
502,152,300,430,fuck
462,148,320,440,fuck
512,147,338,440,fuck
503,128,334,435,fuck
512,138,337,431,fuck
508,146,336,438,fuck
516,136,340,428,fuck
518,142,363,360,fuck
513,148,352,424,fuck
516,144,359,420,fuck
518,141,356,417,fuck
507,142,354,409,fuck
516,136,367,410,fuck
518,158,352,396,fuck
520,142,350,395,fuck
522,153,343,382,fuck
512,126,336,386,fuck
514,152,333,383,fuck
462,149,330,379,fuck
530,148,330,372,fuck
512,148,326,390,fuck
517,148,320,385,fuck
510,149,252,376,fuck
505,146,309,365,fuck
504,142,312,377,fuck
509,143,307,350,fuck
506,150,302,350,fuck
504,132,308,369,fuck
502,139,304,374,fuck
497,144,299,376,fuck
500,141,296,373,fuck
495,142,288,377,fuck
498,141,292,382,fuck
496,142,315,382,fuck
501,150,294,379,fuck
504,140,301,370,fuck
499,150,308,365,fuck
523,143,306,362,fuck
507,142,325,382,fuck
507,137,322,371,fuck
512,140,323,376,fuck
507,150,319,370,fuck
497,154,320,353,fuck
494,160,322,364,fuck
493,145,315,360,fuck
495,164,350,366,fuck
513,158,331,358,fuck
494,160,332,356,fuck
419,144,334,380,fuck
493,152,330,374,fuck
495,155,330,367,fuck
503,148,332,365,fuck
494,153,334,355,fuck
492,144,331,345,fuck
491,157,316,368,fuck
508,152,334,380,fuck
496,156,330,391,fuck
500,142,334,390,fuck
504,146,329,386,fuck
507,149,335,364,fuck
502,136,336,378,fuck
503,154,341,383,fuck
508,158,326,379,fuck
507,201,339,381,fuck
491,157,334,378,fuck
514,157,334,366,fuck
516,160,318,364,fuck
510,162,312,369,fuck
513,153,323,364,fuck
500,154,327,356,fuck
540,149,352,357,fuck
521,158,346,355,fuck
524,152,348,394,fuck
532,150,353,386,fuck
519,148,334,380,fuck
553,152,347,386,fuck
534,150,356,387,fuck
538,200,350,389,fuck
538,143,353,395,fuck
539,188,351,384,fuck
539,147,370,410,fuck
533,152,352,400,fuck
533,144,364,401,fuck
531,149,359,401,fuck
519,143,385,389,fuck
528,145,368,394,fuck
528,138,351,384,fuck
530,141,359,380,fuck
525,140,361,372,fuck
543,135,361,373,fuck
526,139,340,392,fuck
540,122,354,414,fuck
530,232,354,404,fuck
531,138,353,395,fuck
524,140,250,400,fuck
523,141,344,419,fuck
532,124,345,416,fuck
523,136,337,425,fuck
545,140,338,373,fuck
517,136,335,445,fuck
518,133,329,436,fuck
523,136,329,433,fuck
517,141,320,424,fuck
497,122,323,426,fuck
509,136,321,425,fuck
507,135,322,420,fuck
508,132,312,421,fuck
507,126,321,411,fuck
493,131,325,415,fuck
506,131,309,410,fuck
497,148,318,401,fuck
500,129,332,414,fuck
496,131,309,415,fuck
499,131,327,410,fuck
496,116,333,397,fuck
486,135,315,403,fuck
512,143,331,419,fuck
493,123,332,432,fuck
498,129,332,438,fuck
501,136,351,445,fuck
463,135,362,442,fuck
516,134,369,436,fuck
539,134,375,438,fuck
522,133,382,444,fuck
520,130,381,445,fuck
514,144,389,432,fuck
531,149,386,417,fuck
543,141,396,409,fuck
540,152,396,412,fuck
539,145,390,422,fuck
551,138,386,403,fuck
539,137,367,397,fuck
539,149,376,396,fuck
550,146,375,401,fuck
537,134,372,418,fuck
524,144,366,416,fuck
539,136,380,410,fuck
528,143,363,407,fuck
536,140,352,413,fuck
455,141,355,397,fuck
528,140,346,406,fuck
532,161,347,388,fuck
508,144,348,410,fuck
523,144,346,419,fuck
516,144,348,413,fuck
509,140,367,409,fuck
518,145,346,427,fuck
524,145,354,373,fuck
525,143,350,437,fuck
530,140,361,430,fuck
528,131,386,426,fuck
516,147,384,432,fuck
529,140,332,455,fuck
525,140,391,450,fuck
519,122,391,443,fuck
515,156,387,435,fuck
518,142,383,445,fuck
519,139,382,443,fuck
518,139,380,432,fuck
517,128,390,425,fuck
520,132,401,433,fuck
528,137,413,435,fuck
531,129,417,433,fuck
538,133,424,433,fuck
536,58,426,438,fuck
532,133,402,431,fuck
530,136,421,441,fuck
548,112,421,446,fuck
526,134,421,447,fuck
525,128,417,480,fuck
524,134,407,490,fuck
509,125,388,492,fuck
535,133,401,496,fuck
513,132,402,486,fuck
494,132,392,487,fuck
503,139,386,475,fuck
508,130,375,492,fuck
503,132,384,503,fuck
500,135,380,495,fuck
500,134,386,494,fuck
495,128,371,498,fuck
494,134,366,494,fuck
502,128,364,492,fuck
494,134,364,487,fuck
482,139,360,500,fuck
491,116,356,503,fuck
504,134,348,523,fuck
485,128,367,523,fuck
489,126,355,526,fuck
478,136,380,520,fuck
490,112,344,516,fuck
487,126,336,515,fuck
482,132,330,536,fuck
484,128,356,532,fuck
478,146,332,523,fuck
491,155,330,520,fuck
473,161,306,538,fuck
466,152,322,534,fuck
475,164,322,545,fuck
465,160,320,544,fuck
473,152,315,537,fuck
467,156,306,548,fuck
476,141,332,546,fuck
480,154,298,540,fuck
475,157,325,536,fuck
488,157,330,538,fuck
488,161,329,530,fuck
491,162,331,529,fuck
486,161,317,523,fuck
470,148,327,520,fuck
465,163,321,504,fuck
472,155,326,501,fuck
491,146,335,493,fuck
498,156,337,503,fuck
496,149,353,505,fuck
472,155,329,506,fuck
485,152,320,500,fuck
493,142,322,495,fuck
490,151,324,500,fuck
486,144,346,497,fuck
490,193,325,492,fuck
487,151,328,503,fuck
402,149,324,493,fuck
486,149,333,508,fuck
492,158,407,507,fuck
573,160,332,502,fuck
502,170,342,490,fuck
486,163,372,484,fuck
490,160,340,486,fuck
499,162,341,471,fuck
493,159,344,484,fuck
476,158,360,469,fuck
493,171,363,483,fuck
487,166,375,493,fuck
513,157,377,499,fuck
487,156,376,500,fuck
482,117,373,495,fuck
491,153,365,487,fuck
469,150,366,482,fuck
475,160,359,480,fuck
481,166,334,500,fuck
485,164,353,488,fuck
476,171,343,495,fuck
482,163,348,484,fuck
489,160,335,480,fuck
483,199,343,469,fuck
484,164,342,460,fuck
484,163,342,455,fuck
493,158,342,460,fuck
487,159,344,454,fuck
472,157,335,449,fuck
484,152,330,440,fuck
476,166,330,427,fuck
486,140,326,423,fuck
481,153,315,409,fuck
479,149,321,405,fuck
482,170,311,408,fuck
479,150,313,393,fuck
482,156,317,391,fuck
487,147,325,374,fuck
479,144,316,378,fuck
491,154,308,373,fuck
490,150,313,370,fuck
489,138,293,382,fuck
492,147,307,379,fuck
493,141,313,396,fuck
499,144,306,392,fuck
395,146,310,384,fuck
505,150,304,405,fuck
489,152,319,393,fuck
485,151,308,389,fuck
486,155,300,377,fuck
490,150,328,382,fuck
490,147,314,373,fuck
483,161,312,402,fuck
513,162,324,387,fuck
483,180,335,370,fuck
491,173,329,393,fuck
494,164,328,390,fuck
499,151,339,395,fuck
506,150,375,401,fuck
496,149,338,394,fuck
496,157,344,389,fuck
500,163,348,449,fuck
492,158,368,408,fuck
502,155,349,402,fuck
493,153,346,400,fuck
517,155,348,446,fuck
506,157,344,395,fuck
495,152,348,404,fuck
491,138,347,392,fuck
494,150,333,405,fuck
492,149,333,400,fuck
486,147,327,404,fuck
505,150,327,488,fuck
480,136,319,408,fuck
484,131,323,427,fuck
481,146,324,437,fuck
482,144,314,432,fuck
500,143,316,432,fuck
469,140,311,417,fuck
479,144,314,429,fuck
481,135,320,424,fuck
483,141,306,431,fuck
473,142,286,422,fuck
460,137,306,403,fuck
470,134,298,419,fuck
474,210,296,416,fuck
463,140,306,406,fuck
513,139,316,354,fuck
496,139,337,431,fuck
503,133,364,423,fuck
516,135,383,423,fuck
524,137,385,413,fuck
531,141,488,417,fuck
516,138,411,407,fuck
525,91,401,402,fuck
530,152,376,392,fuck
541,173,390,413,fuck
541,154,401,429,fuck
551,180,412,431,fuck
545,188,403,421,fuck
544,184,411,429,fuck
544,187,413,412,fuck
544,180,408,426,fuck
547,186,382,420,fuck
546,193,392,405,fuck
542,183,392,388,fuck
545,187,387,388,fuck
542,200,367,410,fuck
539,191,369,407,fuck
534,187,374,409,fuck
535,186,372,407,fuck
546,191,371,400,fuck
529,192,359,391,fuck
510,170,367,389,fuck
586,192,359,479,fuck
518,188,356,416,fuck
520,118,352,408,fuck
502,183,354,428,fuck
533,162,352,432,fuck
501,201,343,424,fuck
516,160,342,422,fuck
518,178,319,416,fuck
516,177,336,413,fuck
516,133,332,406,fuck
515,178,329,405,fuck
512,164,324,411,fuck
516,172,327,398,fuck
507,160,326,388,fuck
517,199,317,381,fuck
510,168,417,364,fuck
521,168,215,366,fuck
522,161,310,358,fuck
500,174,293,370,fuck
528,166,305,373,fuck
507,170,298,354,fuck
524,176,288,377,fuck
503,164,297,313,fuck
528,159,303,364,fuck
513,163,297,359,fuck
505,163,305,387,fuck
504,178,297,391,fuck
498,140,297,382,fuck
502,152,308,409,fuck
503,160,306,362,fuck
495,157,198,366,fuck
497,157,298,365,fuck
478,161,297,377,fuck
501,158,228,375,fuck
497,158,293,377,fuck
498,157,410,401,fuck
470,156,305,389,fuck
514,154,312,393,fuck
514,156,314,387,fuck
509,158,273,390,fuck
512,132,311,371,fuck
513,156,310,375,fuck
504,158,309,365,fuck
523,165,314,366,fuck
506,161,330,376,fuck
516,154,301,377,fuck
513,159,308,388,fuck
533,125,304,387,fuck
523,168,305,388,fuck
518,153,304,382,fuck
520,153,318,378,fuck
502,153,321,363,fuck
501,150,326,361,fuck
514,152,328,384,fuck
514,165,315,387,fuck
514,141,310,384,fuck
528,148,324,387,fuck
516,147,330,379,fuck
508,150,324,375,fuck
509,147,324,373,fuck
501,152,304,364,fuck
486,156,306,363,fuck
477,154,326,383,fuck
496,154,317,363,fuck
462,167,330,358,fuck
501,191,331,369,fuck
498,171,328,362,fuck
494,166,304,358,fuck
501,176,309,356,fuck
592,169,330,373,fuck
493,166,341,367,fuck
494,166,342,360,fuck
491,158,333,358,fuck
487,168,320,349,fuck
491,159,328,343,fuck
486,163,333,346,fuck
481,160,329,348,fuck
487,160,326,343,fuck
487,167,323,276,fuck
509,161,317,371,fuck
485,168,321,320,fuck
500,172,320,318,fuck
491,154,344,327,fuck
509,152,323,348,fuck
496,151,322,339,fuck
485,149,312,336,fuck
491,153,312,330,fuck
487,158,316,331,fuck
482,151,333,334,fuck
497,140,346,358,fuck
487,152,351,338,fuck
496,140,346,344,fuck
490,147,343,330,fuck
491,151,341,338,fuck
487,152,328,362,fuck
489,153,333,349,fuck
488,149,368,350,fuck
484,160,344,344,fuck
488,160,328,337,fuck
491,166,318,330,fuck
482,176,315,327,fuck
495,174,317,304,fuck
487,177,309,334,fuck
488,181,309,347,fuck
445,186,308,335,fuck
486,185,321,364,fuck
487,184,304,370,fuck
486,177,304,374,fuck
484,188,301,371,fuck
481,199,301,394,fuck
476,187,293,390,fuck
480,184,293,390,fuck
480,182,308,390,fuck
486,171,266,382,fuck
471,169,288,376,fuck
484,170,293,378,fuck
477,177,283,367,fuck
466,164,279,375,fuck
473,170,270,358,fuck
472,166,272,349,fuck
491,170,268,349,fuck
458,177,270,348,fuck
468,172,267,369,fuck
470,171,274,371,fuck
477,174,279,375,fuck
480,175,249,363,fuck
479,162,303,358,fuck
474,172,308,357,fuck
484,168,306,355,fuck
480,168,314,342,fuck
485,169,365,356,fuck
475,169,324,384,fuck
476,169,293,387,fuck
476,165,307,395,fuck
475,156,303,398,fuck
471,190,322,393,fuck
472,188,322,408,fuck
472,193,321,407,fuck
476,185,323,403,fuck
479,190,324,404,fuck
497,185,320,408,fuck
479,183,331,422,fuck
482,186,324,423,fuck
477,183,328,418,fuck
480,180,330,420,fuck
479,179,333,413,fuck
477,177,339,406,fuck
477,265,338,401,fuck
478,189,335,403,fuck
477,174,319,430,fuck
477,173,322,431,fuck
476,164,337,429,fuck
425,171,333,430,fuck
480,168,328,429,fuck
493,167,332,429,fuck
480,175,351,430,fuck
496,166,339,418,fuck
480,181,340,403,fuck
479,148,335,410,fuck
478,161,314,406,fuck
478,159,324,399,fuck
478,163,328,409,fuck
478,161,324,388,fuck
495,166,320,391,fuck
474,158,330,379,fuck
475,158,310,377,fuck
467,173,325,372,fuck
468,160,343,365,fuck
470,149,299,362,fuck
469,155,310,356,fuck
470,172,320,353,fuck
486,154,313,356,fuck
464,156,315,350,fuck
462,158,290,349,fuck
468,151,306,333,fuck
462,149,299,370,fuck
454,150,299,388,fuck
456,147,300,395,fuck
464,149,216,385,fuck
458,171,292,390,fuck
465,214,296,382,fuck
459,145,298,378,fuck
459,145,296,370,fuck
448,149,296,363,fuck
468,156,281,373,fuck
456,152,284,389,fuck
475,147,295,386,fuck
457,145,306,392,fuck
453,144,296,399,fuck
458,141,356,394,fuck
459,141,291,407,fuck
441,140,284,375,fuck
455,143,288,405,fuck
453,138,281,457,fuck
454,145,286,417,fuck
458,155,284,414,fuck
461,142,302,407,fuck
462,140,304,403,fuck
454,137,306,409,fuck
468,119,292,428,fuck
471,137,294,424,fuck
450,148,301,416,fuck
481,138,288,444,fuck
460,153,295,434,fuck
460,129,288,445,fuck
471,136,288,451,fuck
456,178,288,446,fuck
508,132,291,449,fuck
457,135,298,455,fuck
469,111,295,457,fuck
470,137,293,487,fuck
469,132,292,478,fuck
469,119,289,463,fuck
466,129,287,455,fuck
472,131,285,444,fuck
470,138,274,450,fuck
471,147,284,446,fuck
459,143,261,438,fuck
468,128,276,436,fuck
463,149,277,435,fuck
466,152,270,449,fuck
466,142,271,449,fuck
469,141,269,438,fuck
478,140,274,432,fuck
489,138,273,421,fuck
495,138,276,420,fuck
484,139,265,410,fuck
478,137,272,419,fuck
492,137,279,416,fuck
491,133,250,439,fuck
489,128,266,431,fuck
509,139,270,443,fuck
489,129,260,439,fuck
488,134,264,434,fuck
497,140,247,430,fuck
493,134,269,412,fuck
503,132,260,409,fuck
520,137,256,424,fuck
495,136,267,421,fuck
497,138,265,411,fuck
493,133,260,420,fuck
495,128,264,509,fuck
488,131,256,428,fuck
482,103,272,423,fuck
487,129,262,431,fuck
491,133,264,426,fuck
493,131,262,431,fuck
493,145,259,419,fuck
508,144,246,424,fuck
488,142,245,441,fuck
489,135,252,431,fuck
465,149,243,451,fuck
482,141,249,441,fuck
482,144,249,456,fuck
481,132,246,468,fuck
465,140,261,465,fuck
431,139,251,469,fuck
475,137,260,464,fuck
490,80,250,474,fuck
472,128,251,469,fuck
485,138,257,432,fuck
478,138,371,481,fuck
483,138,264,486,fuck
483,194,262,499,fuck
481,142,286,496,fuck
480,128,252,516,fuck
466,138,257,479,fuck
473,128,273,480,fuck
481,189,276,471,fuck
483,137,285,465,fuck
482,134,284,471,fuck
485,134,268,468,fuck
488,137,283,463,fuck
489,134,290,452,fuck
484,134,292,444,fuck
489,134,303,440,fuck
490,129,303,435,fuck
491,137,304,423,fuck
474,132,303,424,fuck
494,137,276,421,fuck
493,130,301,412,fuck
491,136,298,374,fuck
499,125,325,431,fuck
492,124,300,429,fuck
510,132,301,434,fuck
481,136,313,421,fuck
502,112,325,416,fuck
482,155,320,409,fuck
501,128,338,401,fuck
501,140,315,397,fuck
495,134,306,379,fuck
499,126,307,383,fuck
500,115,301,385,fuck
501,118,314,376,fuck
507,117,319,350,fuck
506,119,296,383,fuck
509,115,295,379,fuck
501,122,291,376,fuck
409,118,292,384,fuck
498,145,288,400,fuck
495,126,274,394,fuck
492,114,282,400,fuck
492,129,285,396,fuck
483,124,277,394,fuck
488,119,276,385,fuck
473,114,286,382,fuck
484,123,282,374,fuck
481,125,303,379,fuck
466,119,272,372,fuck
482,120,274,384,fuck
490,121,269,376,fuck
489,122,258,359,fuck
487,122,278,364,fuck
488,124,270,350,fuck
490,124,215,359,fuck
496,122,297,350,fuck
497,124,315,359,fuck
497,138,316,356,fuck
497,112,317,349,fuck
495,130,320,346,fuck
494,126,313,338,fuck
492,131,313,321,fuck
496,146,280,327,fuck
491,133,312,324,fuck
471,138,309,320,fuck
496,144,346,346,fuck
485,141,289,381,fuck
487,133,303,367,fuck
496,142,302,372,fuck
489,144,310,367,fuck
486,142,311,366,fuck
475,143,299,359,fuck
478,141,315,360,fuck
480,145,301,357,fuck
467,138,334,391,fuck
482,158,298,382,fuck
481,142,298,375,fuck
476,143,289,371,fuck
486,141,294,360,fuck
476,135,289,374,fuck
471,139,289,359,fuck
482,128,288,381,fuck
490,138,288,396,fuck
425,138,287,412,fuck
495,129,280,406,fuck
480,136,284,416,fuck
492,144,269,397,fuck
490,137,266,413,fuck
484,175,288,395,fuck
485,132,280,402,fuck
485,154,280,402,fuck
498,136,281,396,fuck
491,138,284,400,fuck
485,139,285,394,fuck
482,148,284,389,fuck
480,146,262,384,fuck
500,121,282,389,fuck
484,146,275,395,fuck
481,147,281,384,fuck
482,196,290,392,fuck
477,149,280,466,fuck
493,139,284,395,fuck
480,144,224,408,fuck
477,134,274,399,fuck
476,135,262,395,fuck
458,143,266,387,fuck
473,142,280,386,fuck
480,173,277,379,fuck
479,140,307,382,fuck
482,146,307,348,fuck
484,152,327,403,fuck
486,149,302,398,fuck
486,149,301,395,fuck
482,146,304,322,fuck
479,137,300,370,fuck
479,130,294,377,fuck
484,139,303,365,fuck
482,136,296,392,fuck
486,144,296,386,fuck
468,144,284,381,fuck
503,141,308,384,fuck
492,68,307,391,fuck
510,138,306,385,fuck
492,133,300,406,fuck
494,141,294,392,fuck
510,140,294,389,fuck
495,138,227,380,fuck
493,137,290,396,fuck
500,139,284,390,fuck
485,136,284,382,fuck
474,138,284,392,fuck
489,136,276,382,fuck
497,138,280,385,fuck
486,139,280,386,fuck
480,128,274,362,fuck
483,139,272,362,fuck
460,137,273,394,fuck
473,133,275,404,fuck
449,136,264,390,fuck
482,140,266,389,fuck
480,140,261,389,fuck
482,141,278,387,fuck
473,141,273,392,fuck
472,147,247,379,fuck
475,149,258,391,fuck
477,148,245,394,fuck
468,148,254,390,fuck
472,148,251,380,fuck
472,152,250,391,fuck
462,147,252,358,fuck
493,146,251,368,fuck
473,145,252,373,fuck
475,123,245,389,fuck
479,155,243,402,fuck
471,149,265,406,fuck
468,143,256,398,fuck
472,147,245,387,fuck
491,150,245,390,fuck
473,148,237,389,fuck
480,152,262,396,fuck
480,159,271,365,fuck
481,154,290,368,fuck
490,155,306,390,fuck
491,146,309,370,fuck
484,160,301,372,fuck
489,156,309,370,fuck
488,150,310,398,fuck
489,155,304,394,fuck
489,152,305,404,fuck
485,165,304,389,fuck
469,171,302,348,fuck
477,165,301,401,fuck
498,166,288,390,fuck
483,157,306,388,fuck
500,154,301,384,fuck
496,168,306,390,fuck
495,163,299,391,fuck
490,178,295,390,fuck
480,182,284,389,fuck
482,173,292,386,fuck
487,131,298,402,fuck
490,177,280,391,fuck
490,180,285,389,fuck
502,169,275,390,fuck
496,187,281,379,fuck
480,167,278,384,fuck
492,168,272,379,fuck
479,160,287,374,fuck
494,160,279,372,fuck
483,165,285,378,fuck
485,171,276,392,fuck
486,164,292,379,fuck
486,158,305,377,fuck
484,152,281,379,fuck
479,162,279,384,fuck
469,159,284,384,fuck
469,160,272,377,fuck
478,156,282,387,fuck
471,157,281,372,fuck
477,98,286,376,fuck
475,155,274,375,fuck
473,158,262,360,fuck
467,160,270,383,fuck
471,150,268,385,fuck
471,155,288,376,fuck
468,156,263,389,fuck
467,161,257,393,fuck
467,154,268,400,fuck
470,158,258,396,fuck
460,138,272,396,fuck
538,151,260,393,fuck
459,148,224,403,fuck
465,150,257,398,fuck
464,150,251,403,fuck
455,157,254,406,fuck
458,147,275,407,fuck
459,154,256,394,fuck
458,148,256,392,fuck
455,150,240,410,fuck
454,158,247,421,fuck
453,177,253,410,fuck
445,177,264,403,fuck
465,160,284,406,fuck
483,164,300,434,fuck
472,170,326,426,fuck
475,162,340,430,fuck
479,200,339,431,fuck
476,166,336,429,fuck
476,158,336,428,fuck
484,165,347,429,fuck
484,162,346,433,fuck
471,160,342,422,fuck
483,160,324,454,fuck
472,155,347,454,fuck
502,164,349,445,fuck
491,160,453,444,fuck
485,150,360,438,fuck
492,161,406,456,fuck
485,157,341,454,fuck
482,152,334,449,fuck
484,158,379,457,fuck
500,154,358,448,fuck
491,170,351,411,fuck
488,163,346,450,fuck
490,169,334,453,fuck
486,157,344,435,fuck
492,155,334,439,fuck
481,171,337,443,fuck
437,169,332,446,fuck
474,171,340,448,fuck
486,159,342,493,fuck
493,179,346,501,fuck
488,179,362,504,fuck
499,178,372,489,fuck
503,190,376,506,fuck
505,175,389,518,fuck
508,174,382,525,fuck
521,172,385,508,fuck
533,186,381,524,fuck
534,173,355,535,fuck
530,179,379,519,fuck
526,180,385,506,fuck
621,176,376,499,fuck
528,92,373,506,fuck
525,173,372,519,fuck
523,172,376,520,fuck
519,118,369,521,fuck
523,170,385,529,fuck
512,177,360,544,fuck
524,169,416,523,fuck
517,175,378,519,fuck
611,164,357,520,fuck
513,167,361,504,fuck
530,146,352,487,fuck
508,162,351,473,fuck
514,151,360,483,fuck
512,154,350,492,fuck
509,159,340,489,fuck
513,168,336,481,fuck
512,160,384,470,fuck
525,153,363,501,fuck
489,156,365,502,fuck
514,155,288,510,fuck
493,156,361,512,fuck
512,159,345,512,fuck
512,155,351,522,fuck
513,145,347,517,fuck
509,163,342,528,fuck
521,156,359,521,fuck
522,153,355,557,fuck
520,140,350,520,fuck
517,149,350,505,fuck
500,150,345,499,fuck
515,145,348,497,fuck
509,138,367,495,fuck
512,147,355,488,fuck
515,146,345,504,fuck
521,137,356,506,fuck
509,139,352,496,fuck
519,148,350,497,fuck
505,151,346,485,fuck
601,136,346,481,fuck
501,144,338,509,fuck
492,142,338,525,fuck
502,134,342,534,fuck
504,141,347,547,fuck
506,132,353,582,fuck
498,121,356,547,fuck
488,142,355,560,fuck
499,138,350,552,fuck
497,141,346,535,fuck
504,129,357,552,fuck
481,141,343,513,fuck
486,147,338,569,fuck
488,144,336,580,fuck
484,143,342,603,fuck
480,77,327,612,fuck
479,149,328,599,fuck
481,151,325,683,fuck
482,161,310,587,fuck
485,173,318,584,fuck
480,165,320,571,fuck
464,154,315,564,fuck
496,152,265,562,fuck
489,152,321,561,fuck
482,149,326,548,fuck
478,150,313,538,fuck
476,99,307,518,fuck
485,152,208,518,fuck
482,153,310,512,fuck
476,145,312,506,fuck
473,146,314,503,fuck
477,141,318,491,fuck
472,185,306,490,fuck
464,144,318,503,fuck
479,138,300,500,fuck
476,142,294,508,fuck
463,142,313,522,fuck
472,148,298,541,fuck
476,142,295,538,fuck
468,129,289,563,fuck
473,141,284,520,fuck
459,142,290,525,fuck
468,141,286,514,fuck
469,156,283,528,fuck
474,139,286,499,fuck
470,131,285,487,fuck
474,144,284,483,fuck
473,140,282,474,fuck
470,142,270,465,fuck
471,140,262,456,fuck
471,136,280,444,fuck
471,139,274,454,fuck
522,154,268,464,fuck
466,155,282,450,fuck
473,154,289,439,fuck
478,145,293,440,fuck
461,146,294,445,fuck
467,146,298,440,fuck
469,143,291,432,fuck
457,144,292,440,fuck
470,228,280,415,fuck
466,145,268,406,fuck
460,140,243,404,fuck
481,146,278,401,fuck
468,142,274,389,fuck
465,142,289,387,fuck
468,139,268,381,fuck
467,144,274,300,fuck
465,138,269,375,fuck
473,136,279,368,fuck
487,138,277,365,fuck
474,136,272,362,fuck
421,138,271,418,fuck
471,146,268,413,fuck
476,147,268,416,fuck
471,137,264,432,fuck
490,137,263,450,fuck
470,138,268,458,fuck
472,134,249,463,fuck
482,137,258,454,fuck
474,133,256,469,fuck
475,138,258,405,fuck
471,134,245,489,fuck
472,144,236,487,fuck
459,121,256,459,fuck
474,135,253,469,fuck
472,179,256,461,fuck
472,131,252,454,fuck
473,144,219,453,fuck
470,64,246,477,fuck
469,138,227,494,fuck
465,141,241,473,fuck
465,144,241,500,fuck
462,142,243,471,fuck
468,140,252,465,fuck
448,138,250,493,fuck
466,129,250,477,fuck
467,137,250,487,fuck
459,143,246,507,fuck
459,138,239,506,fuck
462,136,243,501,fuck
465,138,248,487,fuck
462,136,230,501,fuck
461,136,260,499,fuck
458,138,240,533,fuck
464,134,235,518,fuck
459,136,256,525,fuck
473,144,235,531,fuck
467,134,250,523,fuck
463,132,246,509,fuck
443,130,252,532,fuck
470,134,257,546,fuck
480,134,272,545,fuck
477,132,288,547,fuck
462,125,286,532,fuck
476,137,285,524,fuck
476,123,341,534,fuck
454,142,268,526,fuck
477,131,246,534,fuck
489,134,268,532,fuck
468,128,275,539,fuck
472,130,269,520,fuck
468,128,268,515,fuck
462,130,266,499,fuck
469,163,264,514,fuck
478,130,262,507,fuck
464,126,275,502,fuck
469,136,260,479,fuck
490,129,258,482,fuck
471,126,244,482,fuck
473,111,256,498,fuck
476,125,256,503,fuck
466,134,253,494,fuck
477,136,268,510,fuck
479,147,282,494,fuck
486,169,292,484,fuck
492,150,286,473,fuck
488,151,294,454,fuck
488,176,292,452,fuck
483,176,298,449,fuck
482,176,296,447,fuck
485,165,284,438,fuck
475,165,294,436,fuck
484,184,265,452,fuck
486,196,268,460,fuck
495,164,286,467,fuck
480,180,276,457,fuck
482,176,270,445,fuck
471,165,269,446,fuck
478,196,271,449,fuck
481,174,269,435,fuck
481,215,262,443,fuck
481,206,283,420,fuck
484,211,264,441,fuck
485,195,282,443,fuck
485,204,258,447,fuck
473,204,251,458,fuck
481,199,282,457,fuck
480,203,260,460,fuck
473,183,258,448,fuck
478,206,257,466,fuck
456,198,262,450,fuck
469,205,262,436,fuck
470,194,262,457,fuck
464,186,260,455,fuck
473,193,246,445,fuck
475,278,256,440,fuck
464,193,279,444,fuck
462,194,278,447,fuck
478,194,283,442,fuck
469,189,263,450,fuck
494,173,280,450,fuck
488,173,282,440,fuck
490,178,270,441,fuck
502,183,265,435,fuck
483,185,253,477,fuck
475,171,276,436,fuck
484,180,264,449,fuck
482,184,260,430,fuck
482,167,261,441,fuck
481,178,262,431,fuck
442,177,264,435,fuck
489,175,268,416,fuck
487,172,276,408,fuck
488,174,297,407,fuck
483,173,274,394,fuck
486,170,270,402,fuck
484,172,269,389,fuck
483,129,264,391,fuck
484,166,269,375,fuck
489,176,253,409,fuck
491,165,256,396,fuck
485,163,269,410,fuck
477,161,279,389,fuck
488,167,260,396,fuck
485,170,271,400,fuck
486,163,256,393,fuck
482,156,270,386,fuck
483,162,259,382,fuck
470,157,272,382,fuck
490,146,277,391,fuck
484,156,268,410,fuck
470,150,286,407,fuck
481,146,273,418,fuck
466,165,266,423,fuck
478,142,278,394,fuck
480,151,250,437,fuck
476,155,276,426,fuck
460,150,272,419,fuck
476,151,270,412,fuck
476,148,279,405,fuck
476,144,256,410,fuck
464,144,293,413,fuck
481,141,273,418,fuck
478,148,254,428,fuck
477,134,271,433,fuck
469,148,275,449,fuck
477,147,283,467,fuck
484,143,275,463,fuck
481,144,285,469,fuck
484,142,295,468,fuck
480,147,276,480,fuck
503,141,296,464,fuck
493,142,312,459,fuck
494,141,311,456,fuck
498,142,313,439,fuck
486,142,426,449,fuck
495,141,329,470,fuck
499,141,284,441,fuck
502,112,326,450,fuck
508,139,324,444,fuck
510,137,308,435,fuck
506,140,261,431,fuck
499,134,283,450,fuck
501,136,323,446,fuck
502,139,321,447,fuck
496,135,321,434,fuck
498,131,324,439,fuck
496,135,321,459,fuck
512,134,319,541,fuck
495,136,308,469,fuck
491,134,331,473,fuck
492,132,309,472,fuck
488,132,318,468,fuck
485,133,302,448,fuck
483,119,303,461,fuck
484,141,308,448,fuck
497,154,309,434,fuck
479,136,304,444,fuck
487,145,302,430,fuck
487,147,306,434,fuck
485,146,307,434,fuck
485,131,309,436,fuck
484,149,313,420,fuck
484,154,308,422,fuck
482,144,316,394,fuck
486,139,315,442,fuck
481,149,315,400,fuck
484,128,330,429,fuck
487,159,327,437,fuck
486,149,331,427,fuck
495,142,334,425,fuck
482,147,318,427,fuck
483,148,330,420,fuck
481,147,342,419,fuck
484,130,330,413,fuck
496,151,320,406,fuck
481,144,325,406,fuck
483,150,348,420,fuck
480,144,324,422,fuck
476,145,327,409,fuck
480,145,325,419,fuck
482,144,328,406,fuck
477,141,344,426,fuck
478,146,324,441,fuck
466,138,319,431,fuck
473,140,320,435,fuck
481,140,317,429,fuck
501,127,312,422,fuck
461,139,314,420,fuck
465,134,343,429,fuck
475,139,310,424,fuck
467,136,310,417,fuck
467,217,302,434,fuck
461,129,297,415,fuck
461,136,288,421,fuck
460,149,296,429,fuck
448,136,296,431,fuck
454,151,296,421,fuck
456,134,290,425,fuck
464,137,289,420,fuck
458,135,282,447,fuck
479,146,302,457,fuck
475,124,296,450,fuck
462,149,299,443,fuck
477,138,292,443,fuck
472,131,287,434,fuck
476,171,290,434,fuck
477,125,289,438,fuck
472,171,293,425,fuck
506,134,295,435,fuck
492,140,316,441,fuck
494,130,290,434,fuck
489,123,285,425,fuck
480,132,297,420,fuck
489,129,285,417,fuck
488,74,294,408,fuck
485,134,284,396,fuck
487,130,277,376,fuck
578,121,281,417,fuck
479,134,272,375,fuck
481,128,276,426,fuck
482,125,271,426,fuck
483,125,273,414,fuck
481,128,371,420,fuck
488,137,269,407,fuck
479,125,250,416,fuck
480,145,257,416,fuck
478,128,261,417,fuck
485,125,266,443,fuck
478,116,252,432,fuck
476,112,258,432,fuck
486,130,259,435,fuck
479,125,253,431,fuck
479,130,257,420,fuck
432,134,249,423,fuck
476,124,264,429,fuck
474,123,262,449,fuck
473,120,280,430,fuck
472,125,283,429,fuck
465,141,289,451,fuck
477,139,307,421,fuck
477,135,286,444,fuck
509,140,286,428,fuck
481,137,281,428,fuck
482,145,282,452,fuck
481,135,264,457,fuck
486,138,273,457,fuck
486,128,280,450,fuck
481,133,274,440,fuck
489,138,272,441,fuck
500,134,270,435,fuck
487,136,268,433,fuck
484,124,267,426,fuck
488,146,266,422,fuck
476,134,273,425,fuck
483,132,282,426,fuck
485,134,287,413,fuck
492,123,275,430,fuck
431,142,291,428,fuck
494,133,288,421,fuck
485,132,277,414,fuck
485,128,305,418,fuck
497,138,304,413,fuck
437,129,332,420,fuck
497,131,347,433,fuck
497,130,366,419,fuck
499,128,350,407,fuck
502,136,344,364,fuck
508,128,352,400,fuck
509,120,343,402,fuck
512,146,310,410,fuck
528,132,335,422,fuck
515,89,331,422,fuck
503,116,336,408,fuck
501,117,326,408,fuck
425,125,322,393,fuck
513,124,327,413,fuck
514,128,263,406,fuck
520,129,331,398,fuck
521,60,320,414,fuck
514,142,331,431,fuck
512,132,319,429,fuck
512,146,319,411,fuck
516,143,324,432,fuck
512,140,336,410,fuck
516,141,330,411,fuck
517,140,332,418,fuck
514,139,340,409,fuck
520,138,349,418,fuck
509,142,336,413,fuck
512,138,345,394,fuck
515,124,342,390,fuck
513,136,345,420,fuck
499,134,329,405,fuck
520,138,282,404,fuck
513,132,332,404,fuck
510,140,307,418,fuck
504,146,323,434,fuck
504,131,326,440,fuck
502,138,325,432,fuck
501,132,326,434,fuck
493,135,327,432,fuck
497,135,328,424,fuck
496,149,325,431,fuck
493,129,317,424,fuck
493,136,325,438,fuck
491,125,324,455,fuck
493,122,322,455,fuck
497,130,314,448,fuck
489,134,344,448,fuck
489,133,321,444,fuck
489,136,316,439,fuck
480,128,336,433,fuck
485,134,317,421,fuck
483,130,316,430,fuck
493,139,288,457,fuck
482,128,313,457,fuck
486,121,326,464,fuck
497,120,299,443,fuck
482,130,325,436,fuck
489,133,292,443,fuck
506,128,301,447,fuck
491,128,372,455,fuck
483,125,301,442,fuck
478,120,287,449,fuck
488,142,291,443,fuck
485,130,293,441,fuck
499,124,287,432,fuck
479,129,291,452,fuck
484,122,289,494,fuck
479,130,290,465,fuck
477,124,264,456,fuck
479,149,282,479,fuck
477,134,301,490,fuck
430,118,281,484,fuck
484,147,280,492,fuck
491,132,293,506,fuck
482,133,297,506,fuck
483,133,321,503,fuck
483,134,317,506,fuck
481,131,303,502,fuck
476,128,293,513,fuck
476,128,292,520,fuck
480,131,288,515,fuck
435,129,285,515,fuck
469,128,301,503,fuck
471,124,325,522,fuck
476,132,272,522,fuck
479,145,277,520,fuck
480,128,270,519,fuck
473,128,289,503,fuck
463,131,274,524,fuck
472,131,274,516,fuck
438,125,269,515,fuck
474,125,265,503,fuck
463,122,263,501,fuck
488,123,262,510,fuck
468,125,256,507,fuck
470,124,261,514,fuck
460,137,249,519,fuck
458,133,286,506,fuck
467,143,259,486,fuck
458,152,279,491,fuck
462,147,253,491,fuck
457,145,253,506,fuck
462,88,247,487,fuck
460,156,248,487,fuck
469,156,233,500,fuck
561,156,250,494,fuck
465,154,256,464,fuck
462,153,264,490,fuck
460,198,256,472,fuck
461,151,262,467,fuck
461,155,266,466,fuck
458,138,274,463,fuck
457,148,264,470,fuck
444,136,249,481,fuck
471,161,249,471,fuck
467,166,253,492,fuck
455,147,367,490,fuck
469,144,257,501,fuck
472,160,263,480,fuck
469,147,265,509,fuck
463,142,253,506,fuck
474,138,273,498,fuck
459,140,273,496,fuck
475,150,275,416,fuck
470,134,260,491,fuck
470,151,278,466,fuck
469,142,272,481,fuck
472,145,261,506,fuck
461,137,280,500,fuck
469,130,263,494,fuck
469,132,260,498,fuck
465,134,263,503,fuck
467,138,266,492,fuck
459,136,264,498,fuck
464,144,288,495,fuck
458,138,275,488,fuck
465,137,270,485,fuck
474,153,270,482,fuck
467,134,266,477,fuck
472,154,280,484,fuck
467,124,260,478,fuck
486,139,264,476,fuck
521,141,264,501,fuck
473,123,268,463,fuck
475,130,257,456,fuck
490,113,266,452,fuck
484,132,268,458,fuck
481,129,265,449,fuck
479,117,265,444,fuck
487,141,249,468,fuck
485,130,254,454,fuck
482,123,247,439,fuck
481,120,256,430,fuck
485,131,264,427,fuck
494,130,286,426,fuck
497,128,310,416,fuck
512,146,336,425,fuck
510,128,364,446,fuck
513,128,342,431,fuck
515,132,360,441,fuck
510,137,339,439,fuck
512,135,341,438,fuck
513,136,340,431,fuck
534,148,338,428,fuck
528,128,335,422,fuck
533,132,329,427,fuck
530,142,324,445,fuck
531,136,324,453,fuck
536,155,292,446,fuck
528,129,314,439,fuck
535,128,317,443,fuck
523,129,316,457,fuck
528,130,361,453,fuck
524,120,310,458,fuck
509,132,304,469,fuck
523,133,302,416,fuck
516,129,300,493,fuck
520,118,306,490,fuck
519,130,304,501,fuck
523,132,320,505,fuck
525,133,285,515,fuck
520,130,304,516,fuck
500,129,309,522,fuck
502,128,309,530,fuck
525,128,312,533,fuck
528,132,316,528,fuck
536,129,307,536,fuck
538,134,341,536,fuck
538,133,322,546,fuck
533,126,316,557,fuck
544,126,314,555,fuck
534,147,313,567,fuck
536,128,306,578,fuck
530,120,305,547,fuck
537,124,308,575,fuck
581,126,306,565,fuck
532,128,301,564,fuck
534,141,299,554,fuck
525,113,296,559,fuck
525,123,281,546,fuck
531,123,293,550,fuck
532,119,303,540,fuck
532,96,288,535,fuck
532,128,311,537,fuck
518,122,289,535,fuck
509,119,287,535,fuck
527,114,286,524,fuck
521,153,286,543,fuck
522,116,289,522,fuck
523,137,288,522,fuck
519,121,294,531,fuck
528,112,301,528,fuck
512,125,311,520,fuck
512,121,314,505,fuck
522,121,299,497,fuck
525,140,306,513,fuck
530,119,300,514,fuck
516,126,301,522,fuck
512,120,300,542,fuck
512,102,296,549,fuck
501,122,295,563,fuck
508,108,291,562,fuck
492,121,294,579,fuck
517,107,293,552,fuck
500,124,292,570,fuck
508,102,286,573,fuck
512,123,268,554,fuck
509,120,288,554,fuck
512,130,285,546,fuck
497,123,290,533,fuck
507,112,292,553,fuck
513,119,300,558,fuck
508,112,299,595,fuck
508,112,300,566,fuck
503,120,292,556,fuck
505,126,296,567,fuck
499,119,293,586,fuck
504,112,292,569,fuck
504,129,291,561,fuck
502,168,282,531,fuck
501,120,281,553,fuck
489,121,274,539,fuck
512,118,285,535,fuck
499,116,277,538,fuck
508,123,283,544,fuck
499,117,277,575,fuck
505,116,277,583,fuck
506,116,274,596,fuck
507,107,277,592,fuck
500,117,277,599,fuck
509,115,266,590,fuck
512,116,360,587,fuck
504,117,280,572,fuck
507,104,268,571,fuck
500,110,283,555,fuck
507,135,267,547,fuck
503,115,234,546,fuck
498,120,270,537,fuck
500,122,171,512,fuck
494,115,362,521,fuck
489,115,266,513,fuck
484,100,276,510,fuck
494,111,241,507,fuck
491,111,247,528,fuck
483,115,253,536,fuck
475,114,248,515,fuck
483,124,256,465,fuck
478,114,238,498,fuck
479,113,252,508,fuck
480,118,252,520,fuck
471,116,258,520,fuck
475,114,246,525,fuck
480,114,251,546,fuck
471,110,252,545,fuck
473,106,251,555,fuck
467,134,252,539,fuck
467,114,246,537,fuck
466,110,242,533,fuck
474,111,248,519,fuck
477,110,260,507,fuck
473,115,264,531,fuck
512,112,288,551,fuck
505,128,316,542,fuck
500,107,316,556,fuck
499,115,309,544,fuck
504,114,319,548,fuck
518,113,323,560,fuck
520,114,356,576,fuck
541,115,332,564,fuck
523,116,321,558,fuck
525,117,329,568,fuck
528,118,334,553,fuck
514,115,324,540,fuck
525,106,377,539,fuck
536,121,310,517,fuck
620,116,311,531,fuck
527,120,354,541,fuck
515,28,307,541,fuck
532,111,313,545,fuck
525,110,306,540,fuck
519,125,301,529,fuck
516,126,293,533,fuck
520,126,278,512,fuck
529,134,300,494,fuck
512,123,297,490,fuck
512,126,293,503,fuck
525,119,290,521,fuck
517,116,293,516,fuck
502,124,268,522,fuck
504,133,307,519,fuck
513,121,283,512,fuck
508,131,280,501,fuck
523,136,282,560,fuck
495,132,331,485,fuck
515,134,296,473,fuck
507,125,298,452,fuck
475,131,273,462,fuck
509,129,310,483,fuck
515,128,268,473,fuck
517,116,273,471,fuck
516,129,268,465,fuck
517,131,276,453,fuck
477,124,273,374,fuck
513,130,277,439,fuck
506,123,269,446,fuck
509,132,271,455,fuck
509,139,293,451,fuck
530,132,269,442,fuck
507,132,262,438,fuck
527,123,285,437,fuck
507,140,272,444,fuck
506,119,281,452,fuck
615,131,278,459,fuck
507,132,276,467,fuck
509,132,272,459,fuck
506,135,258,453,fuck
512,132,243,466,fuck
507,133,269,450,fuck
508,121,263,444,fuck
482,129,280,480,fuck
493,129,270,473,fuck
512,133,262,490,fuck
510,128,251,502,fuck
513,115,259,489,fuck
510,130,264,489,fuck
496,131,270,482,fuck
505,132,252,492,fuck
498,128,271,484,fuck
507,115,274,481,fuck
504,124,272,477,fuck
491,126,266,476,fuck
497,130,288,498,fuck
512,128,275,492,fuck
502,116,262,537,fuck
507,128,267,486,fuck
496,129,264,480,fuck
500,126,262,498,fuck
496,128,264,491,fuck
499,103,259,506,fuck
499,111,258,504,fuck
498,122,264,505,fuck
506,125,252,508,fuck
479,125,256,490,fuck
497,124,250,485,fuck
495,123,250,477,fuck
481,124,231,476,fuck
494,129,241,473,fuck
495,113,251,478,fuck
496,117,245,484,fuck
493,126,246,476,fuck
492,123,270,457,fuck
503,122,243,463,fuck
427,113,240,410,fuck
497,121,228,468,fuck
489,129,237,485,fuck
536,116,239,488,fuck
488,124,231,493,fuck
489,112,236,516,fuck
491,122,232,500,fuck
503,118,233,509,fuck
470,123,234,502,fuck
482,125,223,483,fuck
398,117,236,415,fuck
492,122,243,472,fuck
484,115,261,468,fuck
488,122,241,474,fuck
501,126,232,459,fuck
505,122,240,461,fuck
492,128,230,458,fuck
489,121,236,450,fuck
488,122,216,439,fuck
478,120,237,437,fuck
485,123,232,431,fuck
484,98,241,436,fuck
482,107,230,452,fuck
481,120,206,452,fuck
458,128,221,459,fuck
480,127,231,459,fuck
476,125,228,446,fuck
478,116,219,453,fuck
476,119,219,439,fuck
552,123,224,440,fuck
488,124,240,447,fuck
487,111,254,460,fuck
517,128,264,470,fuck
494,123,247,478,fuck
494,126,282,461,fuck
506,125,280,453,fuck
508,125,293,446,fuck
516,117,305,463,fuck
514,128,285,438,fuck
510,168,290,448,fuck
510,128,264,448,fuck
505,121,306,442,fuck
508,134,286,443,fuck
505,133,291,443,fuck
517,140,302,436,fuck
519,140,246,451,fuck
524,136,318,466,fuck
524,128,309,465,fuck
533,136,314,463,fuck
518,135,314,479,fuck
514,134,282,474,fuck
512,130,311,474,fuck
516,138,311,458,fuck
509,136,312,468,fuck
509,147,302,463,fuck
512,140,315,450,fuck
503,134,303,445,fuck
501,137,309,446,fuck
495,124,307,438,fuck
512,135,299,434,fuck
501,142,302,442,fuck
505,131,306,444,fuck
503,151,307,445,fuck
500,130,293,447,fuck
491,115,294,422,fuck
496,133,298,447,fuck
519,137,305,464,fuck
512,135,314,468,fuck
520,132,317,464,fuck
495,151,310,467,fuck
498,125,317,456,fuck
493,130,315,458,fuck
495,132,314,448,fuck
493,128,320,448,fuck
482,135,298,448,fuck
492,136,311,459,fuck
506,133,345,464,fuck
484,132,318,459,fuck
516,137,318,457,fuck
503,132,316,455,fuck
497,136,313,469,fuck
499,132,306,459,fuck
496,132,318,458,fuck
508,129,315,452,fuck
498,140,313,462,fuck
483,133,315,461,fuck
502,135,318,468,fuck
502,131,318,453,fuck
499,130,288,453,fuck
497,122,343,461,fuck
493,133,326,438,fuck
491,167,316,452,fuck
494,117,330,449,fuck
495,131,334,455,fuck
501,129,354,428,fuck
510,141,370,446,fuck
512,128,380,448,fuck
506,132,380,460,fuck
495,128,380,438,fuck
494,123,374,442,fuck
506,136,375,427,fuck
510,133,375,427,fuck
520,139,369,416,fuck
521,132,378,417,fuck
510,144,373,409,fuck
507,149,390,401,fuck
507,135,394,396,fuck
516,134,397,391,fuck
504,144,391,385,fuck
502,141,399,385,fuck
528,144,386,413,fuck
518,144,401,404,fuck
519,134,388,403,fuck
521,142,395,398,fuck
509,140,399,386,fuck
512,139,401,380,fuck
505,140,385,398,fuck
509,138,385,396,fuck
512,138,387,425,fuck
504,136,370,437,fuck
491,140,389,446,fuck
503,130,375,475,fuck
491,138,386,471,fuck
504,151,394,482,fuck
504,147,370,477,fuck
486,163,369,497,fuck
559,162,369,521,fuck
501,160,358,482,fuck
515,138,365,504,fuck
500,160,362,494,fuck
486,169,371,478,fuck
492,193,369,478,fuck
506,158,372,474,fuck
510,157,363,463,fuck
477,153,361,457,fuck
506,154,357,455,fuck
505,156,356,490,fuck
486,157,353,483,fuck
497,150,352,490,fuck
503,167,350,494,fuck
505,151,348,484,fuck
509,168,345,477,fuck
512,148,338,478,fuck
508,150,344,486,fuck
512,158,333,456,fuck
504,152,330,473,fuck
512,176,330,466,fuck
512,157,351,474,fuck
510,150,352,465,fuck
513,162,269,446,fuck
420,159,365,407,fuck
513,156,334,451,fuck
503,146,355,450,fuck
513,152,344,454,fuck
491,154,366,421,fuck
494,153,369,479,fuck
497,159,359,468,fuck
506,150,366,467,fuck
506,153,360,469,fuck
499,152,356,485,fuck
505,154,358,488,fuck
501,158,364,476,fuck
518,152,424,481,fuck
513,152,397,466,fuck
512,142,409,494,fuck
517,149,417,501,fuck
520,156,414,443,fuck
518,137,408,500,fuck
520,144,396,503,fuck
516,145,410,512,fuck
525,144,398,507,fuck
522,160,403,516,fuck
525,135,399,503,fuck
544,145,396,506,fuck
519,142,401,497,fuck
524,162,386,488,fuck
518,146,388,481,fuck
515,144,385,489,fuck
517,128,435,479,fuck
517,140,376,472,fuck
514,141,364,468,fuck
514,141,382,465,fuck
513,134,428,470,fuck
507,80,375,462,fuck
508,128,365,456,fuck
507,139,360,446,fuck
507,136,263,446,fuck
504,137,354,456,fuck
488,137,346,454,fuck
498,135,335,467,fuck
510,137,352,460,fuck
494,130,352,441,fuck
525,139,326,474,fuck
492,61,344,467,fuck
493,136,346,470,fuck
523,134,340,488,fuck
485,132,330,477,fuck
507,133,334,480,fuck
448,133,330,485,fuck
488,141,331,527,fuck
489,133,342,468,fuck
493,137,363,484,fuck
494,130,368,479,fuck
495,128,351,472,fuck
517,140,350,501,fuck
492,134,345,452,fuck
504,129,325,455,fuck
489,125,337,454,fuck
497,129,341,462,fuck
492,131,342,455,fuck
490,131,355,445,fuck
487,138,330,443,fuck
484,128,339,442,fuck
514,131,344,454,fuck
457,128,348,433,fuck
489,112,353,446,fuck
492,128,355,449,fuck
487,140,350,412,fuck
495,122,342,437,fuck
486,130,363,439,fuck
488,119,346,436,fuck
482,130,349,422,fuck
489,128,349,445,fuck
496,130,342,429,fuck
491,131,341,446,fuck
494,110,343,471,fuck
500,130,332,473,fuck
502,123,346,491,fuck
517,128,353,500,fuck
498,126,338,498,fuck
496,129,336,523,fuck
488,128,329,522,fuck
492,126,325,528,fuck
482,132,323,522,fuck
483,132,320,513,fuck
495,71,323,513,fuck
496,137,315,510,fuck
486,137,316,507,fuck
493,128,313,520,fuck
503,151,318,527,fuck
494,118,306,528,fuck
492,122,329,544,fuck
487,129,322,544,fuck
488,130,304,551,fuck
492,141,301,505,fuck
486,130,295,552,fuck
484,117,296,533,fuck
475,126,319,541,fuck
487,151,314,532,fuck
479,148,324,515,fuck
508,157,308,507,fuck
488,155,310,534,fuck
490,143,313,544,fuck
490,160,311,563,fuck
491,149,309,553,fuck
485,164,312,544,fuck
507,154,313,543,fuck
497,162,311,542,fuck
493,168,288,544,fuck
529,164,314,546,fuck
500,172,329,537,fuck
491,165,327,528,fuck
489,171,304,521,fuck
496,153,317,508,fuck
494,167,294,516,fuck
492,166,310,512,fuck
491,165,318,513,fuck
493,165,312,508,fuck
491,154,324,524,fuck
503,163,330,529,fuck
500,154,342,518,fuck
503,162,342,532,fuck
489,164,337,475,fuck
506,147,343,522,fuck
512,157,347,514,fuck
521,155,383,508,fuck
519,155,373,497,fuck
524,209,373,509,fuck
522,164,367,502,fuck
523,160,364,495,fuck
521,151,364,506,fuck
522,170,336,501,fuck
515,157,377,508,fuck
513,153,371,501,fuck
517,158,389,500,fuck
504,136,386,480,fuck
510,156,384,480,fuck
498,155,389,461,fuck
510,150,365,471,fuck
504,152,377,480,fuck
502,148,380,486,fuck
500,145,378,485,fuck
492,144,320,474,fuck
508,143,362,485,fuck
496,138,358,477,fuck
505,145,356,495,fuck
505,148,357,509,fuck
509,149,361,506,fuck
512,146,371,509,fuck
521,150,373,492,fuck
512,152,375,485,fuck
495,147,366,472,fuck
516,145,368,440,fuck
522,158,353,479,fuck
514,240,360,494,fuck
506,144,341,490,fuck
509,180,351,490,fuck
491,138,350,493,fuck
512,141,336,492,fuck
505,193,344,493,fuck
503,142,338,495,fuck
504,192,343,487,fuck
500,144,337,492,fuck
495,147,321,489,fuck
500,128,334,485,fuck
501,141,335,479,fuck
490,138,341,475,fuck
508,140,342,475,fuck
509,143,343,467,fuck
512,134,365,466,fuck
514,142,380,446,fuck
472,139,362,452,fuck
517,128,360,466,fuck
501,145,344,458,fuck
519,137,354,448,fuck
514,138,359,451,fuck
513,128,356,452,fuck
515,208,352,435,fuck
509,136,359,431,fuck
516,139,358,440,fuck
512,137,374,456,fuck
513,122,350,445,fuck
509,137,337,449,fuck
512,125,349,434,fuck
509,132,335,427,fuck
526,132,336,425,fuck
506,134,346,441,fuck
551,140,343,506,fuck
513,128,350,450,fuck
515,154,353,445,fuck
512,133,358,448,fuck
507,130,370,457,fuck
512,129,354,450,fuck
508,116,353,456,fuck
506,137,337,452,fuck
507,132,364,444,fuck
513,132,359,450,fuck
509,131,346,444,fuck
507,130,352,449,fuck
510,119,351,446,fuck
496,130,349,438,fuck
490,128,342,447,fuck
501,132,340,431,fuck
492,128,339,431,fuck
502,131,338,435,fuck
499,132,337,472,fuck
512,134,337,433,fuck
494,133,340,435,fuck
490,129,321,460,fuck
492,130,336,467,fuck
493,138,261,463,fuck
488,132,340,502,fuck
486,128,340,565,fuck
490,123,337,552,fuck
491,130,360,544,fuck
496,128,349,561,fuck
502,124,333,565,fuck
496,128,345,486,fuck
495,129,359,549,fuck
495,129,333,543,fuck
503,129,330,533,fuck
495,128,332,514,fuck
493,115,339,520,fuck
494,124,332,524,fuck
492,131,345,531,fuck
479,129,349,535,fuck
488,125,358,536,fuck
421,119,369,527,fuck
503,141,380,507,fuck
503,128,386,501,fuck
500,126,373,509,fuck
517,128,356,501,fuck
497,128,368,497,fuck
503,128,365,535,fuck
497,116,361,531,fuck
507,113,364,542,fuck
495,128,360,526,fuck
506,129,388,522,fuck
503,131,376,522,fuck
515,137,351,509,fuck
525,128,351,516,fuck
507,128,368,509,fuck
461,126,342,521,fuck
496,180,343,526,fuck
506,130,318,541,fuck
499,125,336,530,fuck
500,105,330,512,fuck
493,142,332,506,fuck
496,125,335,498,fuck
477,125,322,497,fuck
489,126,331,516,fuck
497,123,324,525,fuck
482,134,316,517,fuck
495,126,324,504,fuck
485,122,291,495,fuck
477,121,320,495,fuck
488,123,303,509,fuck
476,125,299,503,fuck
481,86,309,499,fuck
482,122,296,525,fuck
482,220,288,528,fuck
481,131,299,531,fuck
480,130,295,526,fuck
479,54,300,516,fuck
484,146,304,507,fuck
474,131,304,540,fuck
473,130,279,529,fuck
474,126,298,524,fuck
423,135,300,514,fuck
482,128,315,533,fuck
492,128,345,536,fuck
505,128,320,552,fuck
496,123,354,559,fuck
516,125,252,566,fuck
514,128,328,560,fuck
616,119,331,554,fuck
525,128,345,564,fuck
525,125,367,562,fuck
535,135,369,571,fuck
569,138,365,601,fuck
540,126,354,574,fuck
535,144,358,583,fuck
513,115,356,590,fuck
552,126,356,605,fuck
526,123,349,598,fuck
528,126,340,599,fuck
532,125,350,586,fuck
530,114,365,587,fuck
522,107,346,573,fuck
527,128,336,557,fuck
518,122,330,563,fuck
524,122,348,569,fuck
523,126,343,588,fuck
529,142,341,566,fuck
519,125,356,562,fuck
524,124,337,576,fuck
539,128,322,562,fuck
515,125,317,553,fuck
521,125,324,538,fuck
510,123,327,537,fuck
521,125,313,527,fuck
509,108,339,528,fuck
514,128,322,530,fuck
513,124,321,520,fuck
499,121,318,516,fuck
517,122,299,515,fuck
512,144,316,514,fuck
513,122,290,512,fuck
505,132,316,497,fuck
506,121,310,521,fuck
512,137,315,512,fuck
516,65,327,511,fuck
529,128,334,502,fuck
522,121,343,500,fuck
524,124,345,489,fuck
524,124,357,484,fuck
521,124,332,475,fuck
520,123,331,468,fuck
519,122,335,470,fuck
510,117,335,484,fuck
516,121,331,481,fuck
516,123,347,476,fuck
506,117,325,468,fuck
513,113,325,456,fuck
514,120,315,452,fuck
507,122,318,439,fuck
506,119,316,456,fuck
508,128,321,436,fuck
513,124,320,458,fuck
520,122,320,451,fuck
517,123,310,455,fuck
517,114,301,473,fuck
505,119,322,455,fuck
517,111,307,479,fuck
518,136,300,476,fuck
512,123,312,472,fuck
474,121,315,461,fuck
512,123,309,455,fuck
516,121,306,461,fuck
520,138,317,469,fuck
515,121,317,477,fuck
536,127,305,486,fuck
517,121,316,489,fuck
518,114,323,489,fuck
510,122,320,474,fuck
516,126,322,478,fuck
510,125,316,481,fuck
510,115,288,476,fuck
510,125,312,504,fuck
504,118,309,491,fuck
513,113,378,515,fuck
507,119,307,515,fuck
495,118,308,501,fuck
506,122,318,507,fuck
496,118,302,477,fuck
503,122,307,488,fuck
513,126,300,508,fuck
505,120,339,514,fuck
498,134,297,509,fuck
501,110,300,503,fuck
492,113,301,496,fuck
500,121,297,494,fuck
497,119,320,487,fuck
498,124,319,485,fuck
501,123,330,490,fuck
514,123,310,505,fuck
509,111,315,500,fuck
512,106,306,487,fuck
497,119,305,512,fuck
505,113,319,502,fuck
504,118,285,505,fuck
501,119,305,521,fuck
503,121,311,538,fuck
497,122,304,555,fuck
510,117,312,547,fuck
494,122,312,559,fuck
495,113,303,549,fuck
496,131,305,543,fuck
497,119,312,572,fuck
507,125,294,565,fuck
491,110,312,561,fuck
495,118,313,550,fuck
514,124,312,565,fuck
496,121,316,570,fuck
513,121,317,584,fuck
492,120,325,586,fuck
486,113,314,678,fuck
486,122,316,602,fuck
486,120,338,609,fuck
478,117,297,592,fuck
487,117,309,591,fuck
490,122,311,626,fuck
495,101,310,622,fuck
499,121,311,620,fuck
485,120,321,625,fuck
507,117,250,634,fuck
507,121,317,586,fuck
518,121,318,627,fuck
522,108,335,629,fuck
526,191,308,630,fuck
524,120,309,632,fuck
611,119,307,625,fuck
524,121,302,611,fuck
535,100,306,606,fuck
520,121,288,585,fuck
521,74,300,579,fuck
524,138,284,569,fuck
527,129,293,561,fuck
523,121,285,576,fuck
518,128,279,637,fuck
518,116,288,594,fuck
518,114,292,592,fuck
514,124,274,583,fuck
518,126,279,602,fuck
516,133,194,588,fuck
516,117,289,603,fuck
508,132,288,610,fuck
512,144,285,586,fuck
512,131,266,608,fuck
510,129,285,579,fuck
513,59,278,586,fuck
508,119,267,573,fuck
513,114,283,568,fuck
503,131,272,507,fuck
495,122,249,548,fuck
513,124,210,536,fuck
479,132,272,542,fuck
504,124,268,554,fuck
504,145,267,550,fuck
502,128,267,551,fuck
507,134,264,549,fuck
491,140,266,534,fuck
477,128,247,555,fuck
488,125,260,538,fuck
464,128,266,525,fuck
502,126,265,535,fuck
501,124,256,523,fuck
498,128,269,538,fuck
499,121,242,526,fuck
483,124,258,512,fuck
494,126,256,506,fuck
480,125,256,515,fuck
493,126,257,507,fuck
485,131,255,507,fuck
482,133,251,526,fuck
487,134,256,521,fuck
392,123,259,530,fuck
501,120,258,534,fuck
496,125,279,532,fuck
500,123,263,539,fuck
493,123,302,518,fuck
490,130,264,501,fuck
498,206,256,498,fuck
502,124,271,506,fuck
506,117,278,510,fuck
502,137,256,496,fuck
508,124,285,503,fuck
506,128,271,492,fuck
509,117,274,496,fuck
509,124,260,506,fuck
489,123,277,496,fuck
510,122,278,490,fuck
509,95,276,482,fuck
508,122,295,481,fuck
509,123,272,464,fuck
500,128,280,448,fuck
505,113,261,453,fuck
503,119,269,442,fuck
498,114,268,443,fuck
498,143,266,438,fuck
492,118,264,443,fuck
506,128,250,450,fuck
501,123,260,445,fuck
487,120,261,437,fuck
472,126,264,418,fuck
491,121,256,448,fuck
505,120,257,472,fuck
491,124,252,465,fuck
497,124,250,468,fuck
498,123,249,471,fuck
496,120,267,468,fuck
501,126,250,475,fuck
498,112,275,475,fuck
502,124,222,491,fuck
484,120,294,474,fuck
520,122,291,477,fuck
501,122,288,492,fuck
510,120,295,499,fuck
517,115,291,495,fuck
508,122,282,494,fuck
492,114,305,493,fuck
504,118,296,489,fuck
505,120,300,485,fuck
514,118,296,477,fuck
500,112,281,475,fuck
498,112,292,482,fuck
498,123,292,465,fuck
483,114,293,473,fuck
496,131,289,489,fuck
495,121,280,506,fuck
487,113,286,506,fuck
469,121,286,508,fuck
485,116,287,505,fuck
483,119,267,500,fuck
475,118,277,500,fuck
485,109,278,494,fuck
478,121,269,507,fuck
479,110,265,502,fuck
479,115,268,487,fuck
478,119,266,484,fuck
490,118,265,481,fuck
476,117,248,470,fuck
503,123,266,501,fuck
483,119,276,478,fuck
476,102,266,474,fuck
486,117,264,477,fuck
493,117,260,468,fuck
494,65,262,464,fuck
517,118,262,470,fuck
450,121,259,464,fuck
402,119,256,444,fuck
490,116,256,439,fuck
490,120,262,461,fuck
492,119,260,456,fuck
485,86,263,473,fuck
491,124,259,462,fuck
484,116,258,420,fuck
473,115,243,457,fuck
491,118,270,447,fuck
496,116,270,448,fuck
499,109,274,434,fuck
486,121,280,430,fuck
487,119,273,472,fuck
493,117,278,470,fuck
492,118,248,477,fuck
504,123,270,495,fuck
469,126,270,500,fuck
485,124,269,546,fuck
484,118,267,517,fuck
485,137,272,512,fuck
492,126,246,543,fuck
488,128,258,529,fuck
473,123,269,522,fuck
499,118,273,537,fuck
486,118,274,539,fuck
489,114,286,524,fuck
487,124,274,523,fuck
491,117,288,508,fuck
484,117,285,512,fuck
486,118,283,508,fuck
493,118,291,507,fuck
481,117,289,508,fuck
485,62,282,495,fuck
487,108,284,496,fuck
483,124,184,481,fuck
482,119,282,491,fuck
477,118,278,486,fuck
541,123,275,479,fuck
474,106,274,496,fuck
479,116,271,491,fuck
476,118,270,486,fuck
478,123,276,476,fuck
479,85,278,473,fuck
475,118,266,462,fuck
477,116,282,457,fuck
475,115,269,453,fuck
476,138,266,441,fuck
473,115,268,478,fuck
483,117,257,464,fuck
472,117,266,462,fuck
475,115,253,467,fuck
512,122,269,494,fuck
476,119,256,462,fuck
475,113,251,464,fuck
477,102,267,463,fuck
482,117,273,465,fuck
481,83,283,495,fuck
479,120,293,492,fuck
483,121,329,496,fuck
486,113,295,481,fuck
479,117,285,480,fuck
473,131,304,466,fuck
503,117,309,470,fuck
492,125,353,467,fuck
503,107,371,484,fuck
506,119,384,464,fuck
509,112,385,467,fuck
508,119,381,472,fuck
507,115,389,455,fuck
515,120,374,459,fuck
503,116,372,452,fuck
497,110,374,461,fuck
503,123,365,402,fuck
497,117,362,462,fuck
501,115,344,468,fuck
506,117,352,456,fuck
498,117,349,476,fuck
412,105,345,455,fuck
494,118,354,499,fuck
504,110,332,514,fuck
494,111,348,524,fuck
500,115,340,528,fuck
496,120,345,530,fuck
498,92,342,526,fuck
505,118,444,523,fuck
506,120,362,536,fuck
512,116,388,526,fuck
504,122,383,533,fuck
512,120,403,532,fuck
526,128,386,533,fuck
515,119,390,544,fuck
514,123,390,531,fuck
513,120,389,529,fuck
515,126,395,536,fuck
528,128,394,526,fuck
504,121,406,526,fuck
514,126,426,532,fuck
513,114,418,521,fuck
528,123,384,508,fuck
524,118,395,502,fuck
520,106,412,495,fuck
522,120,401,484,fuck
528,121,419,482,fuck
522,113,417,467,fuck
522,134,414,474,fuck
521,123,414,468,fuck
524,98,407,460,fuck
523,120,401,447,fuck
525,121,396,450,fuck
486,120,397,453,fuck
516,113,396,463,fuck
516,122,395,479,fuck
529,120,388,469,fuck
528,39,394,476,fuck
517,122,406,484,fuck
538,139,416,483,fuck
533,114,425,479,fuck
528,120,430,474,fuck
495,132,427,483,fuck
524,134,424,477,fuck
520,131,464,469,fuck
522,136,410,468,fuck
522,133,426,473,fuck
519,134,420,466,fuck
519,132,433,450,fuck
518,134,439,456,fuck
518,131,448,456,fuck
512,128,448,461,fuck
501,138,439,482,fuck
514,114,424,504,fuck
520,167,426,512,fuck
522,133,367,533,fuck
517,135,420,519,fuck
518,133,408,512,fuck
519,134,409,514,fuck
519,137,395,536,fuck
526,77,394,532,fuck
522,149,404,522,fuck
509,124,402,524,fuck
570,134,402,523,fuck
485,130,398,513,fuck
541,111,404,529,fuck
525,128,373,524,fuck
524,120,399,508,fuck
520,130,404,529,fuck
532,130,392,522,fuck
534,114,412,513,fuck
534,129,393,503,fuck
521,129,390,491,fuck
524,125,364,500,fuck
523,134,398,499,fuck
543,126,371,490,fuck
518,128,366,492,fuck
518,125,379,495,fuck
514,124,360,498,fuck
513,133,386,491,fuck
512,110,357,482,fuck
509,119,357,477,fuck
498,125,371,468,fuck
506,125,356,459,fuck
506,126,349,458,fuck
504,141,343,464,fuck
504,128,338,452,fuck
502,127,337,453,fuck
502,128,332,444,fuck
501,116,330,440,fuck
505,122,320,428,fuck
500,128,328,389,fuck
502,128,326,445,fuck
498,124,320,453,fuck
494,146,330,467,fuck
494,124,306,484,fuck
486,125,433,493,fuck
490,130,308,496,fuck
488,105,309,488,fuck
498,117,314,491,fuck
499,145,314,512,fuck
506,123,315,503,fuck
509,135,295,508,fuck
497,124,306,512,fuck
499,124,301,519,fuck
489,132,301,520,fuck
488,122,295,522,fuck
495,124,294,513,fuck
483,121,293,519,fuck
493,115,287,513,fuck
488,132,281,514,fuck
487,125,291,514,fuck
488,145,292,517,fuck
476,136,297,512,fuck
488,137,307,519,fuck
476,122,283,498,fuck
481,123,285,491,fuck
479,125,289,484,fuck
486,122,284,469,fuck
484,124,281,479,fuck
482,135,268,496,fuck
504,124,283,479,fuck
480,140,289,464,fuck
469,125,273,487,fuck
488,121,318,489,fuck
490,60,305,478,fuck
506,133,319,475,fuck
480,133,300,464,fuck
501,123,300,470,fuck
487,129,288,475,fuck
544,124,307,474,fuck
487,114,317,466,fuck
505,122,327,473,fuck
502,122,345,468,fuck
488,133,313,479,fuck
501,124,327,489,fuck
487,132,317,470,fuck
502,124,344,476,fuck
505,112,320,467,fuck
502,138,317,461,fuck
486,125,308,448,fuck
495,128,313,381,fuck
497,122,307,433,fuck
496,116,295,424,fuck
492,138,304,421,fuck
492,117,299,412,fuck
478,119,263,418,fuck
488,118,300,422,fuck
532,130,297,421,fuck
487,162,289,412,fuck
484,110,286,413,fuck
447,121,288,402,fuck
481,114,282,401,fuck
479,120,282,410,fuck
481,107,300,409,fuck
490,115,280,396,fuck
481,119,289,396,fuck
488,112,292,390,fuck
488,128,302,385,fuck
496,175,304,378,fuck
491,107,303,382,fuck
492,120,300,368,fuck
491,129,310,375,fuck
489,120,319,369,fuck
502,103,325,363,fuck
506,119,316,356,fuck
504,137,315,351,fuck
504,118,309,352,fuck
507,122,311,355,fuck
503,126,308,349,fuck
521,125,296,366,fuck
491,119,300,357,fuck
503,114,298,373,fuck
505,120,296,375,fuck
499,118,293,392,fuck
499,117,298,389,fuck
482,115,289,398,fuck
502,118,288,416,fuck
496,117,288,412,fuck
498,128,278,408,fuck
476,118,284,405,fuck
493,102,275,427,fuck
510,119,269,433,fuck
492,115,282,449,fuck
497,119,276,446,fuck
493,120,274,441,fuck
506,104,274,452,fuck
496,120,214,448,fuck
489,118,280,446,fuck
487,102,272,444,fuck
493,114,256,433,fuck
502,94,266,460,fuck
602,119,262,447,fuck
501,122,271,462,fuck
502,118,243,465,fuck
497,123,240,462,fuck
499,118,254,456,fuck
508,113,256,442,fuck
504,110,270,436,fuck
530,118,254,468,fuck
508,140,256,470,fuck
524,119,253,481,fuck
529,124,249,497,fuck
512,122,244,477,fuck
504,130,256,462,fuck
502,107,248,461,fuck
505,119,256,471,fuck
498,118,272,453,fuck
527,128,260,472,fuck
502,121,246,475,fuck
494,115,260,466,fuck
499,118,243,465,fuck
498,110,249,484,fuck
508,118,261,462,fuck
499,113,266,463,fuck
520,117,262,460,fuck
500,118,248,464,fuck
489,115,266,476,fuck
504,109,260,480,fuck
504,125,253,489,fuck
492,118,242,486,fuck
495,124,252,470,fuck
487,111,256,471,fuck
484,120,242,471,fuck
478,107,259,458,fuck
483,117,247,468,fuck
482,123,233,473,fuck
479,117,254,476,fuck
484,117,238,465,fuck
485,160,247,457,fuck
493,112,244,469,fuck
495,118,241,457,fuck
491,117,234,452,fuck
516,118,236,462,fuck
489,139,241,452,fuck
493,117,229,461,fuck
502,123,212,476,fuck
498,118,257,462,fuck
499,55,254,470,fuck
500,120,250,465,fuck
515,117,260,442,fuck
505,118,298,446,fuck
506,118,250,439,fuck
516,121,257,437,fuck
502,156,249,453,fuck
521,131,246,463,fuck
499,53,257,453,fuck
512,104,256,461,fuck
498,163,252,462,fuck
517,118,252,465,fuck
482,116,240,457,fuck
493,101,249,456,fuck
495,118,250,469,fuck
437,114,245,486,fuck
489,121,246,475,fuck
486,138,246,468,fuck
507,128,256,531,fuck
484,120,253,457,fuck
491,120,261,460,fuck
499,120,266,464,fuck
494,138,278,462,fuck
499,118,270,468,fuck
484,114,280,462,fuck
501,120,284,459,fuck
502,130,266,453,fuck
512,122,300,453,fuck
501,123,296,474,fuck
529,129,295,474,fuck
507,117,303,488,fuck
512,135,308,467,fuck
508,124,309,474,fuck
512,120,294,483,fuck
503,125,286,501,fuck
528,119,294,498,fuck
502,123,295,486,fuck
524,92,291,492,fuck
491,121,288,488,fuck
497,118,290,493,fuck
515,118,288,497,fuck
488,131,288,501,fuck
495,113,281,500,fuck
496,122,285,485,fuck
493,119,307,481,fuck
491,119,287,471,fuck
487,117,280,445,fuck
487,118,290,451,fuck
481,130,285,446,fuck
488,116,288,457,fuck
482,115,295,467,fuck
486,110,288,458,fuck
482,119,288,458,fuck
470,118,287,451,fuck
476,111,289,462,fuck
488,85,294,453,fuck
486,109,298,446,fuck
478,171,306,448,fuck
490,131,269,434,fuck
489,143,294,430,fuck
592,118,290,416,fuck
486,111,293,423,fuck
485,123,280,404,fuck
483,122,289,403,fuck
481,130,279,408,fuck
479,118,284,401,fuck
483,119,278,416,fuck
486,118,276,441,fuck
484,119,279,441,fuck
492,108,275,438,fuck
465,115,245,436,fuck
471,114,266,442,fuck
478,119,272,433,fuck
478,117,251,450,fuck
481,119,279,442,fuck
483,108,294,446,fuck
489,111,324,434,fuck
484,123,311,431,fuck
483,118,316,424,fuck
484,118,304,416,fuck
484,118,338,414,fuck
489,114,322,405,fuck
491,121,328,391,fuck
499,112,328,403,fuck
498,122,317,405,fuck
502,117,328,421,fuck
509,107,314,425,fuck
497,118,321,428,fuck
492,119,281,432,fuck
491,119,294,418,fuck
486,117,337,417,fuck
490,199,314,424,fuck
487,108,316,432,fuck
480,119,304,429,fuck
451,114,304,435,fuck
484,106,320,442,fuck
482,133,303,449,fuck
487,57,302,448,fuck
480,114,301,453,fuck
492,117,293,448,fuck
488,113,304,464,fuck
493,118,290,461,fuck
490,101,300,482,fuck
492,117,297,502,fuck
492,116,229,497,fuck
494,114,293,489,fuck
494,117,284,480,fuck
496,113,290,469,fuck
491,128,292,470,fuck
497,114,278,470,fuck
490,118,283,482,fuck
486,115,282,488,fuck
496,120,316,498,fuck
479,122,279,502,fuck
485,100,277,500,fuck
485,117,270,503,fuck
467,113,277,488,fuck
482,125,271,517,fuck
483,113,281,502,fuck
491,105,284,495,fuck
481,120,269,509,fuck
479,118,264,502,fuck
469,117,275,499,fuck
480,122,180,498,fuck
484,116,269,490,fuck
485,118,265,495,fuck
458,114,277,492,fuck
469,109,261,491,fuck
467,120,275,537,fuck
466,141,277,502,fuck
463,100,275,501,fuck
461,115,284,502,fuck
461,114,268,500,fuck
458,123,259,496,fuck
457,121,279,495,fuck
461,117,247,493,fuck
461,113,257,472,fuck
470,112,256,492,fuck
459,111,256,496,fuck
473,114,260,506,fuck
457,118,267,507,fuck
458,105,260,498,fuck
458,117,262,425,fuck
450,123,251,489,fuck
458,116,237,483,fuck
476,120,249,501,fuck
463,117,249,506,fuck
450,117,256,512,fuck
441,114,250,505,fuck
453,112,230,507,fuck
468,104,239,498,fuck
453,121,230,492,fuck
465,107,237,469,fuck
478,113,227,470,fuck
457,114,236,489,fuck
419,116,235,485,fuck
458,109,224,482,fuck
469,118,235,464,fuck
443,116,232,468,fuck
457,128,230,464,fuck
453,117,226,454,fuck
455,115,226,445,fuck
438,118,233,437,fuck
453,116,219,442,fuck
474,115,232,447,fuck
458,115,226,444,fuck
462,134,247,439,fuck
460,103,249,433,fuck
479,117,229,424,fuck
462,136,244,422,fuck
459,122,240,413,fuck
473,118,239,396,fuck
455,115,244,427,fuck
460,112,244,420,fuck
455,123,248,352,fuck
459,113,196,420,fuck
454,140,250,419,fuck
450,116,251,434,fuck
441,121,230,439,fuck
449,148,239,441,fuck
465,115,233,448,fuck
447,118,248,432,fuck
469,117,245,430,fuck
446,116,250,435,fuck
450,136,252,432,fuck
443,114,247,442,fuck
481,114,259,445,fuck
472,116,259,411,fuck
451,48,269,403,fuck
454,116,284,398,fuck
453,114,269,408,fuck
450,116,268,403,fuck
442,191,259,397,fuck
444,123,264,396,fuck
440,100,271,413,fuck
442,118,253,428,fuck
438,114,262,423,fuck
452,116,240,423,fuck
440,119,276,416,fuck
457,114,268,407,fuck
512,117,258,395,fuck
438,115,262,421,fuck
441,114,267,411,fuck
418,118,256,411,fuck
433,112,244,420,fuck
447,123,256,428,fuck
443,115,253,431,fuck
454,112,264,426,fuck
439,116,272,420,fuck
451,122,279,431,fuck
450,105,292,437,fuck
451,122,312,446,fuck
450,116,294,456,fuck
444,106,298,454,fuck
455,120,220,469,fuck
458,118,286,468,fuck
453,105,289,478,fuck
461,111,282,488,fuck
455,117,277,482,fuck
452,116,261,472,fuck
468,119,276,457,fuck
458,104,274,482,fuck
454,118,263,473,fuck
453,116,269,481,fuck
453,113,259,476,fuck
456,117,271,476,fuck
434,115,265,486,fuck
434,115,268,470,fuck
454,125,261,472,fuck
461,117,264,474,fuck
452,115,268,472,fuck
453,114,257,491,fuck
450,125,180,477,fuck
446,122,240,480,fuck
442,116,256,485,fuck
350,108,253,413,fuck
447,117,256,471,fuck
434,118,253,464,fuck
454,121,250,464,fuck
444,124,261,469,fuck
472,120,252,527,fuck
443,117,256,446,fuck
443,112,279,462,fuck
448,118,252,474,fuck
449,117,270,469,fuck
462,116,240,469,fuck
448,116,278,466,fuck
449,118,378,464,fuck
441,127,277,483,fuck
448,129,279,481,fuck
444,118,261,497,fuck
428,117,271,480,fuck
385,128,260,492,fuck
440,148,264,490,fuck
446,116,265,485,fuck
443,160,261,484,fuck
429,116,257,470,fuck
408,116,263,467,fuck
452,123,266,471,fuck
454,106,259,466,fuck
424,123,259,492,fuck
425,122,261,505,fuck
458,121,275,495,fuck
457,119,258,501,fuck
459,119,248,504,fuck
448,120,237,508,fuck
450,108,256,508,fuck
454,119,246,516,fuck
446,119,244,521,fuck
446,118,256,540,fuck
447,119,245,539,fuck
445,160,241,528,fuck
449,124,240,524,fuck
426,128,249,500,fuck
445,48,236,501,fuck
429,119,224,493,fuck
433,117,232,483,fuck
445,119,249,484,fuck
443,117,232,493,fuck
448,121,237,486,fuck
452,117,235,491,fuck
528,119,239,496,fuck
444,116,228,492,fuck
448,119,241,490,fuck
456,116,245,523,fuck
452,117,241,512,fuck
458,120,248,545,fuck
458,125,249,517,fuck
450,119,239,522,fuck
455,116,234,513,fuck
455,132,246,512,fuck
459,111,281,512,fuck
461,118,234,500,fuck
451,112,231,528,fuck
461,138,231,508,fuck
459,118,225,507,fuck
469,116,229,518,fuck
459,112,234,515,fuck
457,114,226,524,fuck
457,117,228,525,fuck
454,116,228,520,fuck
461,42,222,515,fuck
455,119,225,505,fuck
456,115,213,497,fuck
453,120,253,517,fuck
455,116,224,520,fuck
462,136,220,528,fuck
452,115,245,533,fuck
458,126,242,547,fuck
453,116,213,537,fuck
454,111,219,553,fuck
453,128,212,580,fuck
455,117,200,560,fuck
454,116,220,566,fuck
452,128,219,538,fuck
457,117,216,533,fuck
460,130,215,532,fuck
453,111,226,541,fuck
468,136,226,537,fuck
466,111,223,536,fuck
463,116,210,541,fuck
465,116,219,537,fuck
465,119,214,549,fuck
450,119,212,542,fuck
462,125,220,536,fuck
466,128,213,535,fuck
464,125,155,513,fuck
474,123,222,524,fuck
458,125,213,527,fuck
458,123,227,520,fuck
450,120,220,537,fuck
466,138,216,536,fuck
466,135,220,523,fuck
476,119,217,514,fuck
479,126,217,506,fuck
464,119,219,510,fuck
463,126,238,521,fuck
458,134,213,512,fuck
445,124,213,504,fuck
462,123,212,496,fuck
456,121,220,512,fuck
458,122,207,515,fuck
463,126,211,528,fuck
461,125,211,540,fuck
463,125,268,542,fuck
459,125,214,536,fuck
470,126,214,534,fuck
460,108,212,530,fuck
463,125,211,547,fuck
463,128,214,555,fuck
463,124,214,559,fuck
481,134,216,564,fuck
465,124,197,542,fuck
462,117,218,542,fuck
462,109,212,548,fuck
460,124,210,539,fuck
471,119,204,539,fuck
461,128,211,542,fuck
464,139,219,550,fuck
533,126,208,552,fuck
458,130,209,548,fuck
444,130,225,552,fuck
454,132,217,543,fuck
456,118,220,565,fuck
460,116,227,532,fuck
442,123,209,536,fuck
450,124,212,544,fuck
442,126,238,558,fuck
457,170,223,552,fuck
413,125,219,552,fuck
456,123,217,609,fuck
455,126,202,550,fuck
453,130,221,553,fuck
463,123,223,554,fuck
454,126,221,542,fuck
452,116,228,570,fuck
454,129,221,560,fuck
451,124,223,548,fuck
453,124,212,539,fuck
448,122,230,534,fuck
451,124,124,526,fuck
444,122,215,528,fuck
449,114,228,520,fuck
442,84,226,516,fuck
448,124,229,524,fuck
464,129,218,521,fuck
439,128,222,517,fuck
448,111,245,505,fuck
445,122,222,497,fuck
446,119,217,496,fuck
445,129,212,496,fuck
445,124,216,498,fuck
443,123,217,503,fuck
445,120,208,522,fuck
439,123,118,517,fuck
446,121,224,496,fuck
461,134,211,507,fuck
448,122,219,500,fuck
462,119,225,479,fuck
449,113,224,479,fuck
466,138,224,468,fuck
464,121,196,481,fuck
469,112,210,473,fuck
474,124,224,463,fuck
474,129,224,475,fuck
489,123,232,465,fuck
480,109,227,483,fuck
487,131,235,493,fuck
480,121,232,482,fuck
484,124,240,503,fuck
474,125,218,508,fuck
468,123,225,524,fuck
480,123,210,518,fuck
481,130,151,505,fuck
438,125,232,526,fuck
530,134,228,537,fuck
488,124,224,517,fuck
472,122,226,531,fuck
466,118,221,514,fuck
471,121,209,532,fuck
530,133,224,545,fuck
375,125,222,515,fuck
468,122,220,472,fuck
470,128,223,495,fuck
474,118,211,480,fuck
470,109,220,481,fuck
471,122,218,474,fuck
458,129,194,487,fuck
464,126,218,490,fuck
464,121,218,483,fuck
455,122,219,480,fuck
483,119,206,475,fuck
466,123,156,465,fuck
417,119,219,489,fuck
464,110,222,473,fuck
481,125,222,474,fuck
463,86,227,476,fuck
458,120,224,469,fuck
456,121,228,461,fuck
461,121,213,458,fuck
500,119,221,471,fuck
462,118,224,468,fuck
461,118,224,461,fuck
458,122,239,456,fuck
457,121,224,468,fuck
463,122,218,474,fuck
452,128,207,476,fuck
452,61,214,463,fuck
455,126,208,460,fuck
442,124,212,438,fuck
476,121,212,431,fuck
451,125,197,436,fuck
458,120,217,439,fuck
449,117,211,450,fuck
464,120,210,447,fuck
455,121,211,461,fuck
454,130,210,451,fuck
457,113,208,446,fuck
447,137,214,442,fuck
461,117,221,440,fuck
457,198,196,440,fuck
458,118,203,437,fuck
454,119,213,453,fuck
478,117,217,438,fuck
456,103,202,440,fuck
470,121,199,420,fuck
455,119,202,426,fuck
475,117,203,428,fuck
456,76,210,414,fuck
452,100,221,414,fuck
466,138,213,405,fuck
455,110,210,423,fuck
459,113,216,426,fuck
452,128,206,435,fuck
470,123,214,413,fuck
454,53,222,412,fuck
441,109,230,404,fuck
452,120,218,409,fuck
447,164,222,408,fuck
453,118,243,402,fuck
459,112,242,418,fuck
464,139,249,425,fuck
452,161,251,434,fuck
458,120,252,428,fuck
446,104,256,420,fuck
456,118,245,417,fuck
463,119,246,477,fuck
451,118,246,404,fuck
461,125,183,408,fuck
460,107,245,412,fuck
456,128,243,395,fuck
472,119,245,400,fuck
455,119,224,389,fuck
449,119,239,393,fuck
448,107,233,445,fuck
455,119,238,400,fuck
444,118,234,397,fuck
457,123,234,393,fuck
448,120,239,421,fuck
469,114,257,407,fuck
455,118,238,414,fuck
469,114,234,425,fuck
449,129,236,409,fuck
457,123,233,357,fuck
454,117,236,421,fuck
443,119,224,421,fuck
453,112,252,407,fuck
461,123,238,447,fuck
460,140,207,439,fuck
462,125,226,430,fuck
472,115,223,437,fuck
476,130,225,438,fuck
473,121,240,442,fuck
477,131,242,449,fuck
476,125,232,446,fuck
477,128,245,464,fuck
481,126,229,463,fuck
484,125,230,454,fuck
483,126,235,463,fuck
486,123,230,452,fuck
484,121,261,424,fuck
475,122,221,445,fuck
484,126,227,441,fuck
482,129,227,440,fuck
483,128,225,452,fuck
508,123,226,477,fuck
480,123,221,466,fuck
479,117,221,478,fuck
485,124,218,482,fuck
474,124,224,478,fuck
474,189,215,471,fuck
475,131,225,467,fuck
469,134,220,474,fuck
478,145,225,470,fuck
460,121,226,473,fuck
469,122,226,466,fuck
467,171,226,464,fuck
474,119,215,468,fuck
456,123,222,461,fuck
469,134,233,451,fuck
467,128,252,455,fuck
454,128,158,443,fuck
474,129,226,480,fuck
464,128,224,502,fuck
493,122,224,449,fuck
461,143,224,461,fuck
463,121,223,463,fuck
464,131,225,455,fuck
405,131,217,445,fuck
471,124,226,453,fuck
462,118,221,450,fuck
460,113,222,447,fuck
463,118,210,435,fuck
458,121,218,436,fuck
456,115,221,433,fuck
444,112,219,416,fuck
449,118,217,418,fuck
453,116,205,396,fuck
453,118,221,404,fuck
449,125,212,408,fuck
450,124,224,406,fuck
448,114,218,400,fuck
449,128,203,396,fuck
450,118,214,398,fuck
456,123,212,397,fuck
434,121,226,358,fuck
463,120,212,377,fuck
438,129,206,372,fuck
444,120,212,374,fuck
447,126,210,397,fuck
429,120,210,372,fuck
437,111,208,373,fuck
435,115,225,372,fuck
430,116,204,364,fuck
437,120,187,374,fuck
439,116,209,360,fuck
438,120,206,393,fuck
463,118,204,402,fuck
450,121,206,395,fuck
444,114,196,392,fuck
437,120,220,399,fuck
432,106,204,409,fuck
433,119,202,408,fuck
431,113,205,409,fuck
435,117,201,388,fuck
430,120,208,427,fuck
431,114,208,430,fuck
429,107,199,410,fuck
431,117,200,418,fuck
413,124,218,421,fuck
424,112,216,418,fuck
427,136,184,421,fuck
429,119,231,421,fuck
431,121,199,418,fuck
427,112,228,433,fuck
425,116,209,424,fuck
476,128,211,452,fuck
342,117,211,423,fuck
432,118,211,424,fuck
424,119,206,423,fuck
430,109,218,418,fuck
425,109,208,409,fuck
422,105,204,404,fuck
416,155,204,414,fuck
419,114,201,407,fuck
434,106,215,405,fuck
417,116,198,398,fuck
441,118,199,389,fuck
412,115,199,381,fuck
417,104,196,384,fuck
418,121,199,381,fuck
418,118,219,372,fuck
437,115,211,393,fuck
416,124,198,392,fuck
421,120,202,395,fuck
412,122,196,404,fuck
419,103,199,416,fuck
435,129,196,417,fuck
416,116,193,403,fuck
436,117,203,399,fuck
416,116,200,406,fuck
422,118,199,407,fuck
414,111,222,408,fuck
413,117,199,393,fuck
407,122,214,395,fuck
400,113,208,398,fuck
409,126,191,401,fuck
407,111,205,403,fuck
409,118,229,389,fuck
432,115,191,404,fuck
414,116,201,416,fuck
430,109,212,411,fuck
411,117,195,400,fuck
412,126,200,397,fuck
434,115,200,396,fuck
403,124,219,413,fuck
411,104,204,406,fuck
413,123,200,407,fuck
413,120,197,398,fuck
408,116,196,404,fuck
419,114,200,412,fuck
418,55,200,405,fuck
403,121,198,409,fuck
441,118,192,415,fuck
419,117,188,418,fuck
420,134,206,420,fuck
423,93,207,415,fuck
416,126,205,417,fuck
410,120,227,422,fuck
417,122,204,413,fuck
419,119,217,407,fuck
415,81,201,400,fuck
413,119,205,401,fuck
407,117,105,411,fuck
416,123,198,407,fuck
415,118,194,404,fuck
414,117,201,421,fuck
411,121,200,381,fuck
424,120,197,425,fuck
415,114,195,409,fuck
414,113,197,451,fuck
403,117,195,439,fuck
409,116,191,446,fuck
412,124,193,440,fuck
418,120,198,443,fuck
416,103,198,443,fuck
412,121,198,442,fuck
399,117,220,441,fuck
420,118,204,427,fuck
409,130,208,430,fuck
410,121,218,429,fuck
396,115,225,414,fuck
413,108,206,437,fuck
402,120,197,452,fuck
411,56,216,453,fuck
418,119,213,466,fuck
416,116,211,449,fuck
412,116,232,431,fuck
407,115,245,437,fuck
425,60,245,431,fuck
424,132,248,434,fuck
424,109,248,421,fuck
418,99,251,428,fuck
365,129,242,438,fuck
426,117,259,438,fuck
428,118,252,464,fuck
433,200,260,444,fuck
440,117,259,438,fuck
437,130,250,436,fuck
444,106,266,432,fuck
440,119,242,442,fuck
439,116,256,422,fuck
445,114,250,434,fuck
449,117,253,431,fuck
461,91,249,423,fuck
433,120,247,432,fuck
443,98,256,408,fuck
449,115,244,424,fuck
440,116,246,414,fuck
442,116,248,420,fuck
435,119,246,448,fuck
432,116,245,456,fuck
437,121,237,498,fuck
435,109,249,440,fuck
441,117,317,426,fuck
426,112,233,429,fuck
424,115,253,426,fuck
435,120,245,348,fuck
433,99,245,419,fuck
434,136,236,436,fuck
435,115,262,429,fuck
430,115,233,439,fuck
424,115,279,447,fuck
421,124,250,389,fuck
426,123,246,426,fuck
413,115,250,435,fuck
444,121,250,438,fuck
417,114,282,435,fuck
425,116,245,427,fuck
436,120,254,435,fuck
425,116,256,425,fuck
381,110,258,422,fuck
427,116,246,424,fuck
430,115,277,416,fuck
438,115,286,414,fuck
434,100,284,413,fuck
436,114,283,431,fuck
433,104,303,430,fuck
436,108,273,423,fuck
431,116,300,430,fuck
422,118,285,427,fuck
434,121,295,429,fuck
426,105,296,427,fuck
422,117,286,408,fuck
423,118,285,410,fuck
429,116,270,433,fuck
427,113,280,425,fuck
432,120,278,406,fuck
425,109,281,420,fuck
425,122,270,418,fuck
430,124,264,415,fuck
422,120,269,409,fuck
426,124,268,401,fuck
428,142,266,397,fuck
423,128,265,407,fuck
434,215,258,414,fuck
434,118,258,408,fuck
435,126,266,414,fuck
435,126,256,418,fuck
435,131,260,418,fuck
450,132,268,409,fuck
445,130,275,402,fuck
440,126,278,403,fuck
442,149,278,426,fuck
433,142,276,430,fuck
435,139,271,430,fuck
442,130,274,411,fuck
446,122,283,413,fuck
440,136,268,395,fuck
424,139,263,418,fuck
441,138,256,393,fuck
438,136,266,396,fuck
449,136,254,395,fuck
435,140,261,384,fuck
434,133,251,386,fuck
438,148,256,384,fuck
430,95,272,388,fuck
424,134,284,389,fuck
428,132,249,383,fuck
430,133,243,388,fuck
428,140,256,390,fuck
427,132,249,400,fuck
426,140,247,398,fuck
426,182,252,374,fuck
431,137,235,378,fuck
428,134,242,374,fuck
433,121,242,372,fuck
414,128,243,384,fuck
431,131,242,379,fuck
432,130,260,387,fuck
434,131,261,395,fuck
435,132,240,408,fuck
434,128,232,402,fuck
426,120,253,401,fuck
433,128,238,393,fuck
438,115,243,398,fuck
429,128,246,401,fuck
429,131,247,403,fuck
427,128,247,418,fuck
428,126,233,412,fuck
429,128,227,400,fuck
428,130,241,409,fuck
425,130,244,400,fuck
424,134,240,383,fuck
426,136,237,398,fuck
429,120,257,388,fuck
423,131,216,392,fuck
404,138,241,395,fuck
423,128,253,403,fuck
407,135,228,392,fuck
423,131,229,390,fuck
422,150,230,397,fuck
411,121,228,391,fuck
422,128,225,385,fuck
420,124,216,380,fuck
412,129,249,403,fuck
425,129,223,398,fuck
425,129,220,403,fuck
429,132,216,410,fuck
421,123,260,405,fuck
426,119,216,410,fuck
422,128,210,410,fuck
425,128,217,402,fuck
420,124,228,403,fuck
425,126,210,407,fuck
423,128,219,445,fuck
414,119,212,426,fuck
422,130,225,437,fuck
427,142,212,439,fuck
414,129,207,447,fuck
421,112,209,430,fuck
422,122,203,424,fuck
418,134,207,433,fuck
410,123,205,442,fuck
421,125,213,454,fuck
422,124,190,443,fuck
419,138,200,440,fuck
426,122,208,440,fuck
416,128,212,451,fuck
418,122,204,452,fuck
414,132,197,447,fuck
420,122,208,459,fuck
419,135,208,452,fuck
420,118,203,471,fuck
424,122,199,470,fuck
420,132,208,453,fuck
417,124,204,471,fuck
422,115,196,473,fuck
389,122,208,470,fuck
418,121,196,474,fuck
416,139,175,483,fuck
419,121,202,485,fuck
409,112,212,488,fuck
421,123,230,492,fuck
424,119,274,489,fuck
424,123,209,481,fuck
417,120,224,476,fuck
412,122,200,465,fuck
408,123,216,473,fuck
406,122,215,482,fuck
414,122,215,507,fuck
415,119,217,500,fuck
429,119,161,491,fuck
414,104,213,495,fuck
416,120,220,489,fuck
441,120,212,486,fuck
419,122,208,490,fuck
413,112,217,463,fuck
412,120,212,488,fuck
418,119,212,479,fuck
398,120,210,468,fuck
416,120,153,474,fuck
420,120,216,477,fuck
421,119,215,505,fuck
411,192,219,497,fuck
409,124,218,509,fuck
426,131,208,522,fuck
407,128,216,538,fuck
412,131,272,532,fuck
408,126,217,524,fuck
408,119,217,522,fuck
406,199,214,531,fuck
408,130,211,540,fuck
412,144,223,525,fuck
404,125,214,529,fuck
405,124,296,513,fuck
409,126,214,522,fuck
408,145,213,521,fuck
406,126,203,512,fuck
409,126,214,507,fuck
411,130,215,494,fuck
412,136,216,513,fuck
412,128,206,502,fuck
418,128,206,485,fuck
412,128,209,505,fuck
413,128,212,501,fuck
405,128,216,483,fuck
417,128,224,489,fuck
420,128,231,486,fuck
421,127,235,473,fuck
408,135,233,472,fuck
418,126,245,479,fuck
428,125,222,476,fuck
434,126,177,482,fuck
416,126,217,477,fuck
453,124,228,482,fuck
421,116,230,470,fuck
424,128,226,465,fuck
421,126,224,465,fuck
423,128,247,457,fuck
422,123,228,451,fuck
423,126,243,438,fuck
462,124,225,445,fuck
421,120,221,438,fuck
415,111,221,432,fuck
423,139,224,429,fuck
426,114,225,413,fuck
428,145,226,417,fuck
427,121,219,435,fuck
423,124,227,435,fuck
429,131,218,432,fuck
482,130,223,460,fuck
447,122,217,432,fuck
439,126,203,420,fuck
435,133,219,481,fuck
425,121,202,426,fuck
431,120,214,443,fuck
421,119,200,441,fuck
433,121,210,438,fuck
422,126,198,432,fuck
434,121,207,435,fuck
436,124,208,432,fuck
432,132,211,444,fuck
431,115,218,446,fuck
437,121,210,445,fuck
434,128,226,378,fuck
432,121,245,434,fuck
431,124,227,432,fuck
423,97,222,445,fuck
430,122,229,449,fuck
422,119,230,488,fuck
434,109,236,447,fuck
428,75,256,433,fuck
440,118,245,448,fuck
457,121,244,421,fuck
457,118,247,418,fuck
441,122,248,412,fuck
430,112,250,423,fuck
433,118,240,420,fuck
433,125,246,401,fuck
428,121,236,407,fuck
428,128,241,408,fuck
435,109,236,403,fuck
437,120,241,410,fuck
429,121,234,405,fuck
433,120,238,393,fuck
430,129,235,404,fuck
435,121,246,396,fuck
438,119,245,397,fuck
426,118,251,390,fuck
434,124,250,415,fuck
434,121,244,428,fuck
443,122,232,433,fuck
422,109,250,436,fuck
435,111,248,455,fuck
433,121,239,459,fuck
378,130,238,447,fuck
526,120,240,429,fuck
433,135,244,443,fuck
437,119,244,436,fuck
440,128,212,440,fuck
436,125,249,437,fuck
458,118,242,436,fuck
434,125,241,488,fuck
434,120,245,445,fuck
437,119,242,444,fuck
429,128,240,426,fuck
441,121,242,431,fuck
437,115,248,449,fuck
457,118,248,420,fuck
437,123,245,420,fuck
424,120,242,416,fuck
434,211,236,411,fuck
431,171,246,405,fuck
432,119,239,398,fuck
337,111,236,332,fuck
430,117,236,390,fuck
426,125,225,400,fuck
435,110,236,390,fuck
428,119,235,387,fuck
425,118,265,396,fuck
436,130,237,425,fuck
431,120,231,417,fuck
435,100,234,406,fuck
414,109,229,421,fuck
426,126,229,420,fuck
432,119,227,435,fuck
437,118,237,427,fuck
442,118,226,421,fuck
440,117,204,415,fuck
432,119,223,412,fuck
433,126,234,418,fuck
431,101,226,396,fuck
429,134,222,394,fuck
437,117,205,396,fuck
430,122,220,380,fuck
425,115,219,374,fuck
429,117,220,356,fuck
433,119,219,350,fuck
436,111,222,385,fuck
444,117,221,388,fuck
446,118,205,385,fuck
441,117,216,379,fuck
443,117,212,384,fuck
427,109,218,378,fuck
441,101,220,386,fuck
437,125,216,384,fuck
436,116,214,387,fuck
452,118,268,398,fuck
433,116,131,399,fuck
441,111,219,396,fuck
443,125,218,405,fuck
438,114,227,390,fuck
450,109,225,414,fuck
437,115,232,408,fuck
445,112,289,407,fuck
433,116,224,416,fuck
442,120,226,432,fuck
450,43,218,442,fuck
455,116,205,446,fuck
445,107,225,474,fuck
442,114,224,436,fuck
439,117,223,444,fuck
453,116,218,461,fuck
444,116,209,455,fuck
434,114,216,455,fuck
432,116,210,432,fuck
431,116,211,455,fuck
450,98,213,460,fuck
428,115,211,424,fuck
425,126,212,460,fuck
427,115,210,459,fuck
433,114,214,460,fuck
433,120,218,453,fuck
427,106,226,463,fuck
432,117,215,456,fuck
429,105,212,457,fuck
440,119,247,449,fuck
428,115,208,440,fuck
445,97,212,441,fuck
431,116,208,425,fuck
427,120,211,423,fuck
429,108,207,432,fuck
424,115,213,430,fuck
423,106,204,421,fuck
403,112,200,405,fuck
420,112,208,411,fuck
419,116,202,417,fuck
424,107,222,415,fuck
412,113,199,417,fuck
419,115,198,411,fuck
428,108,211,409,fuck
418,114,197,404,fuck
422,103,200,402,fuck
418,114,198,400,fuck
408,120,195,405,fuck
408,115,183,413,fuck
416,135,199,424,fuck
413,122,212,433,fuck
416,121,194,420,fuck
420,125,130,426,fuck
428,126,246,420,fuck
416,128,203,408,fuck
427,108,205,404,fuck
420,122,201,409,fuck
408,114,211,395,fuck
434,124,207,392,fuck
430,125,186,390,fuck
422,126,153,395,fuck
430,155,206,420,fuck
428,135,304,411,fuck
432,141,210,423,fuck
434,74,217,435,fuck
435,136,232,439,fuck
424,133,218,439,fuck
425,140,221,438,fuck
434,132,229,441,fuck
432,150,231,437,fuck
443,154,238,454,fuck
442,155,235,449,fuck
437,152,246,453,fuck
445,158,246,454,fuck
450,156,238,440,fuck
448,149,240,445,fuck
449,144,272,433,fuck
452,146,256,448,fuck
453,144,261,444,fuck
430,151,267,460,fuck
447,147,256,447,fuck
443,153,277,446,fuck
447,164,246,447,fuck
450,170,263,439,fuck
442,174,259,422,fuck
510,182,258,391,fuck
426,166,250,392,fuck
465,175,251,432,fuck
438,180,249,443,fuck
460,153,245,433,fuck
451,179,256,438,fuck
448,166,242,449,fuck
444,166,229,441,fuck
457,161,256,424,fuck
439,163,240,422,fuck
434,180,233,425,fuck
437,147,239,410,fuck
437,155,240,413,fuck
440,161,241,395,fuck
434,162,238,386,fuck
367,170,227,385,fuck
432,161,231,382,fuck
428,166,235,323,fuck
430,158,248,384,fuck
434,158,232,381,fuck
436,158,230,390,fuck
434,158,229,399,fuck
430,155,220,388,fuck
430,153,227,377,fuck
429,159,225,331,fuck
420,160,210,373,fuck
430,150,225,374,fuck
432,204,221,361,fuck
426,149,226,358,fuck
430,160,206,356,fuck
415,171,219,354,fuck
426,233,213,347,fuck
427,145,232,335,fuck
422,136,214,333,fuck
422,160,208,327,fuck
426,147,214,327,fuck
435,148,210,324,fuck
429,151,214,327,fuck
432,136,212,327,fuck
441,145,216,315,fuck
429,144,223,312,fuck
440,148,219,324,fuck
427,134,220,293,fuck
426,131,227,298,fuck
424,142,232,299,fuck
434,142,219,299,fuck
433,144,226,333,fuck
428,144,232,324,fuck
431,142,231,340,fuck
429,138,229,340,fuck
426,139,227,348,fuck
443,144,219,338,fuck
433,139,227,338,fuck
429,157,228,333,fuck
427,141,245,334,fuck
425,136,230,308,fuck
425,145,218,341,fuck
423,132,230,346,fuck
426,134,214,343,fuck
426,137,218,346,fuck
418,135,224,337,fuck
435,137,217,367,fuck
418,100,223,369,fuck
423,132,203,355,fuck
419,134,217,351,fuck
424,133,223,369,fuck
420,136,217,364,fuck
428,120,209,372,fuck
416,124,213,361,fuck
432,132,209,345,fuck
422,134,211,349,fuck
421,132,212,348,fuck
432,106,210,340,fuck
416,130,209,348,fuck
420,125,265,357,fuck
416,113,205,365,fuck
419,118,204,358,fuck
417,126,204,361,fuck
416,134,204,359,fuck
429,137,190,355,fuck
424,142,204,350,fuck
434,128,213,388,fuck
426,130,202,366,fuck
424,130,187,359,fuck
422,132,204,368,fuck
425,130,196,375,fuck
427,121,205,365,fuck
422,130,202,375,fuck
430,130,208,375,fuck
429,129,226,374,fuck
428,128,224,374,fuck
421,126,225,452,fuck
429,124,234,365,fuck
427,125,224,379,fuck
427,125,224,358,fuck
422,122,229,354,fuck
431,126,125,356,fuck
427,128,223,354,fuck
432,128,218,356,fuck
427,125,218,369,fuck
424,131,224,357,fuck
429,126,219,355,fuck
426,129,220,360,fuck
425,60,214,350,fuck
425,131,204,348,fuck
429,129,212,330,fuck
425,128,213,341,fuck
416,126,213,332,fuck
422,124,200,347,fuck
420,124,209,365,fuck
415,123,299,359,fuck
430,125,201,362,fuck
418,119,193,357,fuck
417,124,210,360,fuck
421,121,206,353,fuck
422,124,203,358,fuck
417,123,195,358,fuck
426,114,213,384,fuck
422,135,214,381,fuck
416,123,216,375,fuck
409,133,202,385,fuck
418,126,206,353,fuck
420,115,210,358,fuck
418,138,207,355,fuck
408,121,213,354,fuck
425,209,206,369,fuck
412,129,196,387,fuck
424,80,214,385,fuck
425,114,214,379,fuck
417,134,215,369,fuck
418,119,213,384,fuck
424,122,207,375,fuck
455,122,211,397,fuck
420,122,203,397,fuck
422,120,211,406,fuck
426,120,212,405,fuck
422,123,210,405,fuck
429,119,217,422,fuck
424,120,211,484,fuck
428,121,211,418,fuck
429,125,204,411,fuck
419,118,208,400,fuck
425,123,209,395,fuck
413,115,216,395,fuck
427,120,215,400,fuck
423,176,205,407,fuck
424,116,209,418,fuck
424,126,145,424,fuck
421,65,215,418,fuck
420,126,207,417,fuck
407,128,205,396,fuck
422,129,212,403,fuck
364,138,208,415,fuck
412,128,212,417,fuck
424,131,206,414,fuck
421,126,202,409,fuck
322,126,201,406,fuck
419,126,198,426,fuck
419,129,204,414,fuck
425,124,206,422,fuck
420,140,211,437,fuck
424,117,204,427,fuck
426,125,249,425,fuck
422,128,205,418,fuck
425,125,204,409,fuck
426,125,226,428,fuck
425,128,206,417,fuck
426,126,207,422,fuck
425,125,196,418,fuck
428,123,209,429,fuck
428,128,223,424,fuck
431,121,196,410,fuck
404,125,200,414,fuck
436,136,198,409,fuck
416,126,201,413,fuck
429,108,197,414,fuck
426,128,198,407,fuck
429,140,197,404,fuck
427,125,176,427,fuck
439,125,194,419,fuck
428,124,195,407,fuck
427,128,199,383,fuck
420,121,193,400,fuck
420,121,195,407,fuck
414,116,208,395,fuck
426,121,194,399,fuck
424,119,194,397,fuck
427,122,188,392,fuck
434,112,196,392,fuck
414,116,194,380,fuck
447,120,197,375,fuck
436,121,193,384,fuck
424,119,202,380,fuck
444,119,191,374,fuck
428,116,190,365,fuck
429,110,188,353,fuck
414,126,196,389,fuck
422,118,195,386,fuck
424,118,186,381,fuck
420,117,168,377,fuck
421,118,178,367,fuck
423,120,187,366,fuck
418,104,180,360,fuck
423,126,176,358,fuck
422,138,186,365,fuck
432,108,199,379,fuck
424,120,181,373,fuck
424,133,181,375,fuck
434,120,172,372,fuck
421,124,186,373,fuck
412,121,194,365,fuck
417,109,181,350,fuck
414,124,184,317,fuck
428,119,180,369,fuck
422,117,186,393,fuck
426,119,186,390,fuck
420,120,203,377,fuck
425,119,194,383,fuck
427,118,193,371,fuck
431,118,174,376,fuck
433,117,194,381,fuck
429,117,198,374,fuck
428,118,197,385,fuck
434,117,146,397,fuck
508,119,212,401,fuck
430,110,213,395,fuck
431,112,232,390,fuck
429,118,209,387,fuck
418,118,213,393,fuck
427,117,210,402,fuck
426,120,207,390,fuck
426,110,200,407,fuck
421,117,193,407,fuck
419,114,199,415,fuck
421,115,190,395,fuck
412,116,209,392,fuck
421,105,208,373,fuck
419,117,191,384,fuck
415,115,233,380,fuck
419,119,204,375,fuck
415,118,200,397,fuck
411,113,200,384,fuck
414,114,195,384,fuck
424,110,199,393,fuck
416,117,206,406,fuck
412,115,213,411,fuck
422,133,217,420,fuck
415,112,198,417,fuck
442,90,212,436,fuck
424,117,216,454,fuck
461,120,229,445,fuck
428,122,235,448,fuck
431,128,235,458,fuck
425,123,241,459,fuck
419,116,265,452,fuck
435,123,252,455,fuck
434,124,251,456,fuck
431,128,254,474,fuck
445,122,250,484,fuck
429,109,251,472,fuck
428,124,245,468,fuck
417,128,233,447,fuck
412,122,247,458,fuck
427,137,239,466,fuck
424,113,229,465,fuck
424,124,236,454,fuck
413,122,238,467,fuck
420,121,225,471,fuck
425,167,219,469,fuck
421,111,233,467,fuck
440,125,230,470,fuck
421,117,232,564,fuck
425,185,231,476,fuck
424,122,239,476,fuck
477,120,233,481,fuck
434,126,235,486,fuck
434,122,236,463,fuck
422,119,234,473,fuck
436,126,219,473,fuck
393,120,226,465,fuck
419,124,249,460,fuck
373,120,228,443,fuck
418,128,228,448,fuck
420,121,224,443,fuck
417,113,224,465,fuck
422,119,221,458,fuck
415,120,222,456,fuck
416,133,211,458,fuck
416,118,218,452,fuck
409,116,215,438,fuck
417,128,222,431,fuck
411,103,224,435,fuck
415,120,224,435,fuck
408,122,257,458,fuck
414,109,232,464,fuck
412,109,241,475,fuck
420,117,245,468,fuck
411,113,256,462,fuck
425,119,234,480,fuck
424,116,302,486,fuck
410,120,237,479,fuck
428,110,251,484,fuck
427,121,250,486,fuck
423,101,247,487,fuck
417,121,240,497,fuck
430,128,272,481,fuck
434,114,276,481,fuck
437,117,267,479,fuck
437,115,254,475,fuck
451,121,257,479,fuck
435,112,264,475,fuck
442,110,264,504,fuck
439,120,262,475,fuck
441,111,264,475,fuck
439,52,270,471,fuck
445,122,272,467,fuck
443,121,256,458,fuck
430,122,261,464,fuck
428,119,283,453,fuck
443,121,245,470,fuck
452,113,264,471,fuck
439,108,253,465,fuck
425,118,263,461,fuck
435,115,263,462,fuck
440,117,261,477,fuck
437,120,266,477,fuck
440,111,263,477,fuck
440,104,264,489,fuck
439,168,270,512,fuck
436,119,278,512,fuck
439,104,256,467,fuck
435,119,256,492,fuck
421,106,258,479,fuck
433,117,253,484,fuck
432,112,237,476,fuck
437,106,248,472,fuck
416,118,247,477,fuck
434,113,253,479,fuck
443,118,254,474,fuck
433,106,260,453,fuck
429,83,254,452,fuck
431,111,253,447,fuck
431,112,265,430,fuck
431,116,251,462,fuck
434,116,249,454,fuck
438,112,246,448,fuck
434,116,268,437,fuck
434,119,305,437,fuck
438,117,246,439,fuck
433,125,248,431,fuck
345,116,247,442,fuck
437,119,272,432,fuck
434,130,239,440,fuck
435,123,247,439,fuck
442,116,244,454,fuck
430,116,243,448,fuck
432,123,242,433,fuck
433,130,239,407,fuck
427,125,235,408,fuck
445,110,239,415,fuck
436,119,236,405,fuck
438,110,252,401,fuck
437,121,226,402,fuck
432,118,244,413,fuck
432,116,205,407,fuck
441,111,235,407,fuck
437,119,232,397,fuck
438,120,234,414,fuck
423,123,233,495,fuck
441,120,216,437,fuck
437,119,248,444,fuck
410,121,228,443,fuck
397,132,226,446,fuck
434,115,244,439,fuck
448,123,227,437,fuck
450,115,209,433,fuck
432,120,227,435,fuck
430,121,234,377,fuck
524,120,226,429,fuck
430,120,221,427,fuck
429,118,203,433,fuck
429,120,210,457,fuck
429,118,220,452,fuck
443,115,220,448,fuck
429,116,258,445,fuck
426,120,220,438,fuck
432,135,226,432,fuck
433,176,237,426,fuck
418,114,249,427,fuck
420,115,215,430,fuck
433,96,229,421,fuck
437,116,221,431,fuck
431,115,227,409,fuck
448,116,225,435,fuck
419,121,215,429,fuck
427,117,227,427,fuck
433,118,214,420,fuck
432,114,228,415,fuck
436,118,212,414,fuck
431,118,208,407,fuck
437,118,216,401,fuck
438,137,235,404,fuck
432,119,243,395,fuck
442,117,245,390,fuck
441,118,274,379,fuck
459,118,232,373,fuck
429,119,252,364,fuck
443,117,242,360,fuck
438,125,228,360,fuck
423,120,227,358,fuck
443,110,224,359,fuck
438,115,230,355,fuck
437,100,229,350,fuck
445,112,228,340,fuck
444,105,230,334,fuck
440,113,228,352,fuck
426,110,234,379,fuck
447,111,224,386,fuck
438,118,214,384,fuck
453,100,231,395,fuck
450,108,220,408,fuck
451,118,250,390,fuck
447,117,225,384,fuck
450,123,229,378,fuck
453,118,215,396,fuck
457,122,224,437,fuck
454,124,224,401,fuck
456,115,225,409,fuck
454,118,224,407,fuck
452,108,219,400,fuck
450,104,222,396,fuck
446,116,227,388,fuck
454,117,229,384,fuck
442,116,226,387,fuck
447,113,226,396,fuck
465,117,225,401,fuck
447,115,229,403,fuck
445,118,219,424,fuck
447,102,219,419,fuck
449,107,221,412,fuck
449,114,220,411,fuck
450,120,214,408,fuck
458,114,185,411,fuck
449,117,231,408,fuck
453,133,235,403,fuck
440,112,211,390,fuck
448,106,216,389,fuck
441,104,218,373,fuck
456,117,227,388,fuck
465,122,261,386,fuck
468,130,222,404,fuck
483,116,228,410,fuck
447,115,235,410,fuck
465,115,232,421,fuck
462,119,221,425,fuck
466,118,202,419,fuck
482,120,186,413,fuck
472,121,227,414,fuck
469,120,192,406,fuck
458,120,234,422,fuck
463,139,235,443,fuck
456,116,232,431,fuck
464,115,230,433,fuck
462,108,226,435,fuck
466,121,227,413,fuck
459,118,228,417,fuck
462,120,216,416,fuck
457,117,227,407,fuck
476,121,223,416,fuck
452,120,221,419,fuck
455,119,208,413,fuck
453,121,221,412,fuck
452,115,217,409,fuck
409,129,218,404,fuck
453,112,212,423,fuck
454,121,221,417,fuck
459,124,214,411,fuck
457,102,215,433,fuck
475,117,214,464,fuck
466,120,210,452,fuck
450,117,208,463,fuck
452,117,196,444,fuck
360,105,207,432,fuck
437,117,205,447,fuck
448,128,204,461,fuck
438,130,208,473,fuck
446,119,204,450,fuck
448,107,217,462,fuck
399,118,196,461,fuck
442,151,212,449,fuck
445,107,208,457,fuck
446,119,214,462,fuck
447,115,201,451,fuck
488,121,203,450,fuck
468,117,204,438,fuck
444,118,202,475,fuck
443,117,202,472,fuck
477,117,198,476,fuck
449,118,198,466,fuck
463,116,135,466,fuck
471,116,200,551,fuck
466,117,205,539,fuck
466,122,203,491,fuck
471,114,276,494,fuck
470,126,217,505,fuck
462,123,218,454,fuck
478,115,213,490,fuck
482,118,220,496,fuck
479,111,224,491,fuck
479,28,228,488,fuck
478,124,125,479,fuck
487,113,223,477,fuck
483,116,212,466,fuck
484,119,215,462,fuck
490,118,237,451,fuck
481,124,242,518,fuck
491,106,250,442,fuck
492,118,262,443,fuck
484,115,274,456,fuck
492,136,288,451,fuck
473,124,290,446,fuck
489,116,301,448,fuck
497,117,297,448,fuck
482,104,297,453,fuck
489,118,293,445,fuck
476,121,274,435,fuck
487,120,300,441,fuck
480,119,303,427,fuck
477,109,308,427,fuck
480,119,323,430,fuck
418,120,303,459,fuck
474,118,284,454,fuck
471,129,302,453,fuck
472,121,308,447,fuck
453,109,300,435,fuck
465,116,307,435,fuck
460,118,306,452,fuck
458,117,298,437,fuck
465,107,299,441,fuck
456,115,300,436,fuck
456,118,291,436,fuck
460,119,278,432,fuck
455,115,293,424,fuck
457,117,278,422,fuck
454,116,287,399,fuck
451,120,294,405,fuck
451,136,298,386,fuck
455,126,294,390,fuck
461,144,292,403,fuck
458,125,288,402,fuck
458,125,285,412,fuck
463,146,281,413,fuck
477,123,281,414,fuck
461,122,275,399,fuck
464,125,278,366,fuck
464,119,274,396,fuck
463,129,275,408,fuck
472,131,283,436,fuck
474,135,285,421,fuck
487,133,290,411,fuck
485,118,294,401,fuck
482,148,300,414,fuck
506,134,303,423,fuck
474,136,296,392,fuck
479,133,305,408,fuck
471,144,281,408,fuck
483,118,295,419,fuck
484,138,281,434,fuck
466,128,302,399,fuck
480,126,285,413,fuck
472,136,278,420,fuck
471,129,286,428,fuck
476,129,289,438,fuck
503,129,292,424,fuck
481,121,284,429,fuck
471,144,290,437,fuck
475,129,296,430,fuck
490,134,276,423,fuck
474,128,288,415,fuck
477,136,270,408,fuck
468,128,269,403,fuck
471,117,281,408,fuck
475,126,276,422,fuck
473,128,286,432,fuck
470,124,336,435,fuck
470,124,287,430,fuck
464,125,278,434,fuck
470,126,287,426,fuck
462,156,297,424,fuck
464,123,273,413,fuck
453,129,286,413,fuck
462,128,278,413,fuck
469,102,294,432,fuck
467,125,310,434,fuck
474,136,293,420,fuck
470,125,289,402,fuck
474,126,278,404,fuck
470,124,281,407,fuck
453,124,274,402,fuck
458,123,290,412,fuck
462,123,286,428,fuck
471,131,288,443,fuck
486,126,268,450,fuck
464,116,285,461,fuck
460,128,283,450,fuck
471,126,286,460,fuck
476,130,274,461,fuck
476,128,276,458,fuck
471,128,274,452,fuck
476,126,261,438,fuck
478,122,270,459,fuck
484,126,271,465,fuck
490,128,295,459,fuck
503,122,296,467,fuck
498,125,293,456,fuck
502,134,276,450,fuck
496,131,278,432,fuck
496,145,293,434,fuck
489,124,286,453,fuck
495,123,279,458,fuck
485,105,280,448,fuck
486,128,268,457,fuck
478,120,273,550,fuck
489,124,272,484,fuck
479,130,278,486,fuck
484,128,311,483,fuck
476,123,268,482,fuck
464,121,261,513,fuck
473,124,262,497,fuck
463,118,262,519,fuck
471,118,259,529,fuck
471,126,256,523,fuck
479,117,249,522,fuck
471,130,261,509,fuck
473,114,257,507,fuck
467,115,254,507,fuck
468,122,251,517,fuck
470,124,237,512,fuck
468,125,250,505,fuck
467,118,252,503,fuck
466,122,248,498,fuck
468,114,258,481,fuck
468,141,246,497,fuck
471,120,256,475,fuck
475,124,264,488,fuck
461,125,268,448,fuck
456,123,266,486,fuck
479,121,257,491,fuck
459,120,261,478,fuck
472,119,248,487,fuck
472,120,259,474,fuck
505,122,256,481,fuck
475,139,256,475,fuck
474,124,216,495,fuck
474,125,262,494,fuck
459,122,262,481,fuck
476,122,252,481,fuck
475,141,243,474,fuck
476,123,262,466,fuck
471,120,245,456,fuck
460,121,247,457,fuck
475,120,247,452,fuck
473,116,235,439,fuck
469,128,248,440,fuck
472,120,245,428,fuck
473,121,243,428,fuck
490,126,244,420,fuck
459,128,247,420,fuck
461,132,240,413,fuck
462,122,243,411,fuck
495,119,238,427,fuck
462,137,240,418,fuck
455,72,234,418,fuck
467,122,241,434,fuck
448,121,248,413,fuck
467,120,257,397,fuck
462,121,275,408,fuck
469,135,263,387,fuck
463,121,256,395,fuck
464,110,316,391,fuck
461,112,256,406,fuck
459,124,241,402,fuck
465,120,254,405,fuck
457,120,232,420,fuck
461,108,259,400,fuck
477,118,245,426,fuck
459,120,238,439,fuck
447,118,251,433,fuck
453,116,236,457,fuck
455,120,244,450,fuck
455,116,239,450,fuck
452,110,240,441,fuck
396,116,238,445,fuck
469,127,229,448,fuck
452,117,240,435,fuck
451,119,242,431,fuck
441,118,239,421,fuck
448,114,237,427,fuck
451,121,232,419,fuck
447,115,230,411,fuck
447,137,233,404,fuck
446,117,230,394,fuck
465,120,232,406,fuck
464,117,230,375,fuck
445,118,185,376,fuck
454,135,238,380,fuck
444,115,221,403,fuck
446,117,221,392,fuck
449,122,224,396,fuck
430,119,219,400,fuck
417,115,232,410,fuck
444,105,220,408,fuck
419,114,216,396,fuck
439,128,214,403,fuck
435,108,214,440,fuck
445,113,240,425,fuck
437,114,257,414,fuck
438,104,234,420,fuck
437,110,214,407,fuck
443,117,164,417,fuck
446,116,218,406,fuck
440,117,222,399,fuck
444,118,217,405,fuck
443,121,219,420,fuck
452,111,209,417,fuck
448,124,223,420,fuck
453,109,219,416,fuck
430,120,235,418,fuck
455,119,230,410,fuck
463,111,231,416,fuck
452,128,231,414,fuck
453,130,230,404,fuck
459,124,229,432,fuck
467,119,228,430,fuck
468,122,225,429,fuck
466,122,224,436,fuck
477,120,230,440,fuck
446,120,223,458,fuck
475,128,227,453,fuck
472,120,240,458,fuck
486,117,239,447,fuck
484,107,256,504,fuck
483,117,260,453,fuck
480,106,258,448,fuck
472,121,258,455,fuck
477,113,274,450,fuck
474,117,257,456,fuck
465,116,251,461,fuck
478,113,266,472,fuck
475,119,250,493,fuck
485,108,256,483,fuck
481,118,271,480,fuck
482,121,251,476,fuck
502,120,252,472,fuck
463,121,257,465,fuck
477,121,254,475,fuck
478,122,257,468,fuck
475,122,252,458,fuck
478,122,254,461,fuck
475,120,242,477,fuck
479,117,256,465,fuck
473,110,256,459,fuck
455,117,250,468,fuck
473,119,232,461,fuck
475,136,256,456,fuck
453,119,260,461,fuck
477,121,264,483,fuck
480,121,256,466,fuck
470,124,258,451,fuck
472,101,266,445,fuck
479,115,262,458,fuck
483,115,264,447,fuck
495,115,263,464,fuck
486,132,259,455,fuck
483,121,260,450,fuck
480,120,239,467,fuck
467,119,258,471,fuck
465,117,263,472,fuck
461,121,248,465,fuck
470,120,235,463,fuck
468,116,252,461,fuck
477,120,251,453,fuck
473,128,252,453,fuck
467,126,252,520,fuck
476,123,252,447,fuck
470,126,249,454,fuck
482,126,248,452,fuck
474,124,248,456,fuck
477,126,244,438,fuck
470,128,245,444,fuck
471,125,257,445,fuck
468,121,245,456,fuck
473,122,252,454,fuck
466,122,237,462,fuck
470,156,237,473,fuck
456,125,238,472,fuck
468,121,174,469,fuck
463,124,230,468,fuck
464,112,230,463,fuck
462,116,228,458,fuck
458,121,225,443,fuck
457,121,219,445,fuck
453,109,224,465,fuck
455,122,227,451,fuck
457,142,218,467,fuck
455,131,216,472,fuck
456,130,227,489,fuck
460,123,221,414,fuck
456,140,222,507,fuck
514,125,222,467,fuck
458,122,218,506,fuck
461,119,222,512,fuck
461,111,216,501,fuck
463,128,220,508,fuck
411,129,224,505,fuck
470,121,228,495,fuck
473,125,222,496,fuck
467,121,250,492,fuck
468,125,241,463,fuck
460,126,229,485,fuck
455,123,237,499,fuck
455,126,219,461,fuck
460,122,229,487,fuck
464,124,228,487,fuck
504,134,219,502,fuck
462,120,211,474,fuck
462,114,216,484,fuck
464,121,238,460,fuck
467,113,226,445,fuck
466,128,258,458,fuck
490,122,227,462,fuck
471,134,221,455,fuck
469,123,225,470,fuck
470,118,248,478,fuck
471,121,235,476,fuck
489,128,242,488,fuck
459,119,249,486,fuck
469,106,246,493,fuck
470,36,248,508,fuck
480,124,246,514,fuck
473,116,241,516,fuck
467,121,239,492,fuck
489,133,250,492,fuck
468,131,239,490,fuck
471,122,229,471,fuck
471,94,237,472,fuck
476,122,227,490,fuck
475,128,225,483,fuck
476,122,220,485,fuck
485,121,233,558,fuck
472,124,234,479,fuck
477,122,237,482,fuck
472,121,218,467,fuck
472,119,235,468,fuck
468,128,236,457,fuck
478,121,226,479,fuck
470,118,244,486,fuck
473,120,243,486,fuck
473,128,234,482,fuck
472,120,235,481,fuck
478,121,234,484,fuck
468,119,228,491,fuck
466,121,233,489,fuck
468,122,232,470,fuck
483,119,225,490,fuck
456,117,230,461,fuck
467,108,228,471,fuck
480,109,240,468,fuck
472,122,240,482,fuck
472,133,244,485,fuck
450,119,239,494,fuck
469,124,240,503,fuck
469,119,237,505,fuck
459,109,236,532,fuck
461,138,237,508,fuck
463,120,242,499,fuck
461,72,248,494,fuck
458,118,238,484,fuck
478,129,239,495,fuck
460,122,246,472,fuck
458,106,257,455,fuck
465,109,256,462,fuck
456,125,282,463,fuck
465,120,280,450,fuck
470,132,257,439,fuck
462,114,261,445,fuck
473,118,257,435,fuck
467,119,231,449,fuck
464,47,261,441,fuck
457,126,280,392,fuck
471,119,280,435,fuck
474,120,282,469,fuck
474,120,289,460,fuck
472,104,279,463,fuck
469,122,276,469,fuck
484,112,273,468,fuck
414,120,270,460,fuck
392,114,271,458,fuck
463,121,290,433,fuck
459,165,256,436,fuck
461,122,263,452,fuck
459,133,264,449,fuck
453,110,273,443,fuck
449,120,256,444,fuck
452,110,262,439,fuck
463,120,277,437,fuck
451,120,240,424,fuck
432,120,253,439,fuck
461,138,253,421,fuck
461,119,253,396,fuck
465,118,232,403,fuck
456,129,245,388,fuck
446,122,248,406,fuck
455,118,244,408,fuck
457,125,248,414,fuck
453,136,241,424,fuck
444,122,243,429,fuck
449,118,230,459,fuck
444,121,238,441,fuck
443,119,234,457,fuck
448,116,231,455,fuck
441,108,235,445,fuck
429,116,227,438,fuck
446,122,234,438,fuck
445,117,223,435,fuck
440,119,242,443,fuck
445,108,230,452,fuck
442,113,225,446,fuck
438,121,229,441,fuck
464,126,224,435,fuck
441,108,215,440,fuck
442,117,219,427,fuck
441,118,214,431,fuck
431,116,219,417,fuck
445,123,225,451,fuck
443,120,217,452,fuck
460,119,211,448,fuck
439,117,205,447,fuck
392,118,212,433,fuck
442,125,235,444,fuck
430,128,211,451,fuck
429,122,213,464,fuck
456,120,214,470,fuck
438,109,212,503,fuck
439,116,214,499,fuck
446,117,205,502,fuck
436,110,198,504,fuck
440,125,119,489,fuck
443,119,217,504,fuck
439,123,202,503,fuck
438,119,220,512,fuck
439,119,210,534,fuck
434,113,222,531,fuck
444,108,214,531,fuck
448,118,227,528,fuck
452,119,221,547,fuck
449,109,213,533,fuck
454,119,217,523,fuck
444,117,162,514,fuck
433,122,209,520,fuck
430,118,220,512,fuck
381,124,230,531,fuck
429,118,229,518,fuck
455,36,235,517,fuck
453,115,236,509,fuck
451,119,244,520,fuck
465,118,235,504,fuck
456,116,232,498,fuck
461,119,231,509,fuck
462,119,233,515,fuck
462,109,213,524,fuck
481,117,236,517,fuck
470,100,242,502,fuck
470,124,256,492,fuck
476,110,261,483,fuck
478,119,270,507,fuck
475,114,262,486,fuck
475,118,262,478,fuck
477,108,258,493,fuck
475,118,263,483,fuck
486,121,296,484,fuck
448,117,252,499,fuck
464,128,256,479,fuck
415,124,246,475,fuck
466,118,256,454,fuck
478,118,257,453,fuck
467,111,246,453,fuck
466,112,241,448,fuck
456,121,241,472,fuck
462,116,247,472,fuck
463,104,245,483,fuck
499,115,242,497,fuck
446,115,247,499,fuck
458,120,245,512,fuck
475,123,234,512,fuck
454,114,243,495,fuck
456,119,248,505,fuck
466,126,240,523,fuck
466,128,222,518,fuck
450,128,237,517,fuck
446,134,236,518,fuck
461,128,231,531,fuck
452,122,234,514,fuck
433,128,232,512,fuck
450,138,148,508,fuck
448,132,234,523,fuck
451,130,233,516,fuck
448,126,216,498,fuck
449,139,238,488,fuck
452,124,228,498,fuck
442,134,246,489,fuck
458,124,225,486,fuck
455,81,222,504,fuck
457,120,233,513,fuck
433,126,216,531,fuck
442,128,216,513,fuck
444,134,221,512,fuck
458,119,214,508,fuck
364,116,219,493,fuck
458,129,217,502,fuck
463,133,219,514,fuck
444,124,218,546,fuck
461,128,209,516,fuck
465,169,215,513,fuck
466,126,213,499,fuck
452,113,225,512,fuck
463,139,228,491,fuck
449,121,225,480,fuck
467,123,217,470,fuck
464,126,213,472,fuck
509,129,230,501,fuck
466,125,217,479,fuck
471,123,214,467,fuck
472,125,225,476,fuck
472,126,225,480,fuck
476,122,231,484,fuck
478,125,231,477,fuck
463,134,222,475,fuck
481,125,254,472,fuck
493,122,223,472,fuck
484,125,229,476,fuck
482,134,228,463,fuck
479,113,229,474,fuck
473,112,235,477,fuck
480,120,228,425,fuck
475,121,217,476,fuck
468,132,212,468,fuck
476,113,229,472,fuck
471,120,211,483,fuck
461,117,229,492,fuck
468,121,224,492,fuck
450,128,215,486,fuck
467,114,222,480,fuck
462,115,228,484,fuck
456,118,221,469,fuck
474,123,240,478,fuck
477,122,218,472,fuck
474,119,216,479,fuck
470,106,209,499,fuck
471,120,225,502,fuck
470,120,210,498,fuck
470,122,205,497,fuck
479,117,212,503,fuck
474,123,222,469,fuck
467,118,210,496,fuck
475,117,258,512,fuck
480,111,209,505,fuck
484,125,208,532,fuck
477,126,225,512,fuck
478,120,217,510,fuck
464,126,215,506,fuck
479,126,209,488,fuck
462,122,215,487,fuck
463,116,205,489,fuck
500,123,194,481,fuck
479,136,210,505,fuck
473,119,213,487,fuck
486,165,198,493,fuck
494,137,214,495,fuck
489,120,228,520,fuck
486,110,221,499,fuck
486,119,230,504,fuck
488,128,235,512,fuck
483,119,248,506,fuck
484,122,233,509,fuck
458,118,234,502,fuck
477,117,230,508,fuck
479,130,230,506,fuck
474,114,231,509,fuck
473,118,230,514,fuck
479,118,234,525,fuck
473,111,213,531,fuck
452,128,214,536,fuck
468,107,224,534,fuck
477,111,224,527,fuck
457,112,220,531,fuck
465,119,221,513,fuck
467,125,226,509,fuck
471,118,151,502,fuck
466,120,225,492,fuck
480,116,227,483,fuck
463,112,229,503,fuck
467,117,226,469,fuck
473,118,224,473,fuck
459,120,227,479,fuck
464,116,229,459,fuck
466,121,226,457,fuck
461,119,219,446,fuck
462,120,222,452,fuck
461,117,221,446,fuck
455,118,178,476,fuck
458,215,216,471,fuck
455,109,217,480,fuck
452,117,213,479,fuck
449,124,200,466,fuck
450,113,213,458,fuck
453,117,212,439,fuck
448,110,216,459,fuck
387,117,214,453,fuck
451,121,235,456,fuck
457,114,210,462,fuck
453,116,227,461,fuck
452,119,206,463,fuck
537,118,209,452,fuck
450,100,205,451,fuck
454,43,206,444,fuck
444,108,207,446,fuck
447,117,205,446,fuck
452,118,115,447,fuck
452,114,229,447,fuck
452,109,220,461,fuck
451,106,223,475,fuck
444,122,239,478,fuck
407,116,235,492,fuck
454,111,240,485,fuck
453,111,233,489,fuck
451,118,227,496,fuck
469,125,227,503,fuck
448,119,252,493,fuck
453,118,229,488,fuck
448,117,233,501,fuck
450,119,219,481,fuck
441,118,214,509,fuck
447,115,253,515,fuck
442,116,230,530,fuck
432,114,236,540,fuck
441,119,212,540,fuck
440,117,220,532,fuck
443,117,226,539,fuck
439,139,222,528,fuck
441,115,223,509,fuck
443,108,284,527,fuck
443,120,219,525,fuck
439,114,213,528,fuck
447,121,217,544,fuck
445,125,217,535,fuck
440,161,215,528,fuck
443,125,212,520,fuck
440,120,217,516,fuck
432,111,234,518,fuck
433,130,220,525,fuck
402,128,211,518,fuck
413,128,210,480,fuck
444,128,208,537,fuck
496,128,213,529,fuck
428,164,214,536,fuck
446,139,221,541,fuck
441,166,212,539,fuck
446,128,227,540,fuck
449,125,229,537,fuck
446,114,244,529,fuck
444,125,231,545,fuck
447,128,253,544,fuck
445,126,227,542,fuck
433,130,225,529,fuck
453,125,226,533,fuck
452,124,222,526,fuck
442,119,221,525,fuck
438,117,221,509,fuck
441,123,220,498,fuck
431,125,218,491,fuck
429,125,216,474,fuck
442,129,216,475,fuck
442,122,193,468,fuck
449,131,145,455,fuck
451,123,210,454,fuck
450,109,213,449,fuck
455,147,215,441,fuck
465,122,192,428,fuck
455,125,320,449,fuck
464,121,213,468,fuck
461,124,205,441,fuck
441,120,221,438,fuck
456,124,193,430,fuck
466,120,204,419,fuck
473,120,202,439,fuck
462,128,239,452,fuck
468,121,200,442,fuck
452,132,204,449,fuck
468,126,201,431,fuck
460,128,185,434,fuck
464,130,202,430,fuck
464,130,205,427,fuck
470,132,185,417,fuck
459,136,199,402,fuck
454,120,196,404,fuck
455,126,218,424,fuck
456,120,197,433,fuck
456,125,195,427,fuck
452,135,188,425,fuck
442,123,194,435,fuck
452,117,196,415,fuck
452,122,208,406,fuck
454,134,197,445,fuck
449,128,199,404,fuck
455,136,190,403,fuck
444,109,195,414,fuck
445,124,182,403,fuck
494,132,192,394,fuck
451,130,198,396,fuck
460,124,216,386,fuck
461,118,212,398,fuck
461,140,214,397,fuck
456,130,200,396,fuck
467,130,212,412,fuck
460,128,217,407,fuck
478,124,228,410,fuck
428,140,235,409,fuck
487,126,248,408,fuck
488,122,243,421,fuck
486,115,265,420,fuck
487,129,242,418,fuck
480,128,242,420,fuck
482,128,240,429,fuck
483,128,238,414,fuck
485,122,238,414,fuck
481,121,237,405,fuck
478,123,226,412,fuck
480,123,230,406,fuck
479,134,228,417,fuck
475,117,234,404,fuck
514,112,228,412,fuck
468,122,232,411,fuck
475,123,226,422,fuck
470,109,227,406,fuck
462,118,223,420,fuck
458,125,223,403,fuck
456,124,225,389,fuck
474,126,217,384,fuck
467,66,221,379,fuck
463,123,205,389,fuck
467,120,216,383,fuck
458,123,221,381,fuck
460,126,216,381,fuck
442,125,216,372,fuck
451,112,228,358,fuck
445,128,212,364,fuck
465,106,213,362,fuck
471,123,219,358,fuck
477,136,223,360,fuck
485,125,227,366,fuck
489,132,244,371,fuck
492,144,239,365,fuck
489,140,245,368,fuck
485,145,233,363,fuck
490,153,235,364,fuck
485,148,240,359,fuck
487,156,253,349,fuck
494,152,265,364,fuck
503,146,266,360,fuck
513,144,288,380,fuck
513,147,322,378,fuck
536,154,298,387,fuck
497,144,305,385,fuck
509,145,293,395,fuck
509,143,298,396,fuck
508,144,316,407,fuck
504,58,294,415,fuck
505,142,284,399,fuck
493,137,337,413,fuck
488,138,289,408,fuck
490,128,294,397,fuck
496,140,284,405,fuck
502,143,247,410,fuck
498,141,279,384,fuck
507,136,280,391,fuck
485,130,273,386,fuck
488,154,273,396,fuck
470,137,273,390,fuck
485,136,274,385,fuck
472,138,268,370,fuck
481,49,265,377,fuck
486,134,261,373,fuck
470,81,265,371,fuck
472,135,259,367,fuck
489,134,259,392,fuck
478,126,257,421,fuck
462,138,252,403,fuck
458,137,252,396,fuck
487,133,253,400,fuck
483,128,249,391,fuck
456,134,248,390,fuck
490,124,312,393,fuck
474,140,233,368,fuck
475,141,236,398,fuck
481,129,244,409,fuck
476,136,231,386,fuck
478,134,248,383,fuck
460,136,256,389,fuck
465,137,244,336,fuck
489,135,246,382,fuck
476,132,240,375,fuck
475,143,243,398,fuck
475,133,238,390,fuck
466,139,242,338,fuck
470,142,246,380,fuck
479,131,240,380,fuck
461,132,263,382,fuck
481,132,230,384,fuck
480,151,244,377,fuck
480,135,240,369,fuck
482,141,237,375,fuck
463,142,236,381,fuck
479,139,236,387,fuck
476,138,258,389,fuck
477,136,234,394,fuck
477,134,234,402,fuck
476,135,237,382,fuck
472,140,256,374,fuck
468,184,241,379,fuck
470,139,241,371,fuck
467,142,230,382,fuck
466,133,227,398,fuck
463,128,241,377,fuck
462,85,225,372,fuck
461,226,223,369,fuck
445,135,223,351,fuck
486,136,220,370,fuck
459,147,216,375,fuck
466,137,272,388,fuck
455,133,219,385,fuck
458,198,216,381,fuck
450,132,235,391,fuck
440,116,206,390,fuck
452,134,216,389,fuck
447,130,216,405,fuck
445,131,227,389,fuck
451,129,208,385,fuck
445,136,221,399,fuck
445,124,218,396,fuck
451,134,218,397,fuck
443,134,218,400,fuck
450,138,217,390,fuck
344,134,216,375,fuck
440,132,224,380,fuck
431,129,236,378,fuck
440,134,217,372,fuck
447,137,214,354,fuck
446,130,237,364,fuck
448,120,198,358,fuck
451,132,214,356,fuck
444,136,207,371,fuck
442,143,218,369,fuck
451,116,213,370,fuck
459,135,215,379,fuck
449,109,222,395,fuck
452,129,218,391,fuck
472,123,224,409,fuck
456,128,232,397,fuck
459,128,227,391,fuck
461,120,223,385,fuck
460,121,228,386,fuck
512,136,226,406,fuck
459,126,224,371,fuck
456,131,224,396,fuck
456,131,224,409,fuck
455,133,221,424,fuck
458,128,238,409,fuck
458,119,290,417,fuck
463,128,221,417,fuck
462,128,224,404,fuck
463,136,220,395,fuck
457,128,223,400,fuck
460,123,216,404,fuck
460,126,235,398,fuck
458,126,231,336,fuck
464,135,224,399,fuck
445,128,225,396,fuck
477,131,225,417,fuck
455,128,236,398,fuck
453,128,213,401,fuck
454,122,221,403,fuck
456,123,229,409,fuck
458,129,316,413,fuck
455,128,240,408,fuck
462,138,221,414,fuck
452,80,215,424,fuck
448,125,325,432,fuck
452,126,212,441,fuck
434,124,210,451,fuck
456,115,211,464,fuck
439,123,212,462,fuck
439,122,218,459,fuck
443,141,209,451,fuck
437,126,210,436,fuck
446,131,207,439,fuck
428,124,208,437,fuck
443,128,302,437,fuck
449,121,204,422,fuck
437,115,206,434,fuck
454,125,200,432,fuck
443,119,222,423,fuck
439,135,217,418,fuck
448,114,201,404,fuck
499,126,203,454,fuck
449,122,196,391,fuck
449,124,199,388,fuck
453,124,195,395,fuck
450,131,199,417,fuck
458,117,180,425,fuck
461,125,196,433,fuck
460,128,200,428,fuck
490,123,192,427,fuck
441,122,196,434,fuck
459,121,187,428,fuck
458,130,193,441,fuck
472,103,195,439,fuck
453,128,196,433,fuck
455,120,200,421,fuck
453,123,200,429,fuck
449,114,189,427,fuck
457,116,207,421,fuck
451,121,222,418,fuck
454,124,233,394,fuck
448,128,230,414,fuck
449,139,213,413,fuck
508,145,227,452,fuck
452,162,230,442,fuck
452,160,238,442,fuck
461,158,236,427,fuck
450,160,239,432,fuck
458,156,226,427,fuck
465,158,226,410,fuck
471,158,245,424,fuck
471,154,227,440,fuck
478,153,298,442,fuck
467,156,228,449,fuck
453,153,238,461,fuck
459,152,247,466,fuck
471,193,237,460,fuck
472,142,248,451,fuck
482,159,236,427,fuck
469,152,235,443,fuck
472,146,236,433,fuck
478,151,233,424,fuck
484,153,228,416,fuck
475,148,241,412,fuck
473,146,229,409,fuck
469,161,237,400,fuck
465,162,242,403,fuck
472,159,239,395,fuck
464,167,234,425,fuck
438,156,240,396,fuck
490,156,242,403,fuck
469,154,208,395,fuck
471,146,234,391,fuck
463,152,230,400,fuck
467,153,250,379,fuck
463,147,236,376,fuck
458,149,231,371,fuck
465,151,236,369,fuck
465,141,230,358,fuck
459,149,233,369,fuck
470,147,238,363,fuck
459,157,234,348,fuck
468,151,257,356,fuck
471,100,240,374,fuck
467,146,230,372,fuck
466,146,228,375,fuck
461,136,236,372,fuck
461,232,215,366,fuck
465,153,212,362,fuck
460,135,214,363,fuck
450,146,229,364,fuck
456,134,223,363,fuck
471,145,232,353,fuck
454,143,229,363,fuck
454,138,284,352,fuck
430,143,221,369,fuck
456,142,220,364,fuck
460,145,220,354,fuck
487,143,220,353,fuck
465,141,208,347,fuck
455,144,221,340,fuck
466,153,210,336,fuck
462,148,221,326,fuck
472,153,222,343,fuck
475,165,218,372,fuck
473,144,228,367,fuck
475,147,235,381,fuck
483,150,226,334,fuck
468,152,225,362,fuck
458,140,182,358,fuck
470,146,241,370,fuck
469,134,229,363,fuck
482,144,221,382,fuck
467,140,228,401,fuck
467,152,229,392,fuck
467,158,231,388,fuck
465,170,226,357,fuck
466,160,227,377,fuck
487,167,226,404,fuck
472,155,224,400,fuck
466,140,231,401,fuck
473,156,224,417,fuck
478,145,226,423,fuck
495,155,222,418,fuck
476,155,235,412,fuck
469,153,241,428,fuck
473,172,222,435,fuck
472,151,218,439,fuck
492,154,208,431,fuck
465,149,218,421,fuck
470,139,216,449,fuck
469,152,221,460,fuck
456,151,220,454,fuck
463,149,216,445,fuck
463,148,216,433,fuck
465,143,216,441,fuck
448,155,212,434,fuck
460,147,214,427,fuck
458,147,204,440,fuck
466,165,206,457,fuck
447,134,210,458,fuck
455,145,203,446,fuck
458,133,200,446,fuck
455,142,206,436,fuck
452,142,191,435,fuck
450,141,205,446,fuck
435,141,206,447,fuck
452,141,212,448,fuck
450,144,207,434,fuck
448,137,225,432,fuck
441,139,166,428,fuck
437,141,215,420,fuck
448,141,206,423,fuck
431,144,205,419,fuck
448,132,202,415,fuck
448,141,203,417,fuck
447,138,220,428,fuck
446,138,189,452,fuck
436,134,189,441,fuck
440,92,202,434,fuck
441,151,201,431,fuck
530,133,200,426,fuck
440,137,192,435,fuck
438,126,194,444,fuck
438,135,182,441,fuck
428,138,205,433,fuck
431,135,180,446,fuck
430,138,186,452,fuck
441,123,192,447,fuck
443,136,194,445,fuck
443,131,187,426,fuck
438,126,191,408,fuck
437,132,192,418,fuck
444,133,193,415,fuck
434,131,189,435,fuck
437,124,172,423,fuck
440,134,289,425,fuck
425,136,187,408,fuck
439,137,193,415,fuck
442,134,197,413,fuck
452,139,183,419,fuck
438,121,185,399,fuck
422,137,188,389,fuck
443,133,278,392,fuck
441,153,198,385,fuck
434,125,215,382,fuck
436,132,184,378,fuck
426,134,202,447,fuck
439,130,192,383,fuck
428,135,185,378,fuck
431,125,193,358,fuck
441,128,198,375,fuck
421,154,195,369,fuck
439,128,213,359,fuck
443,136,193,359,fuck
440,120,188,352,fuck
439,136,195,346,fuck
424,128,191,346,fuck
440,127,185,344,fuck
458,131,193,341,fuck
439,129,188,329,fuck
438,126,187,351,fuck
441,130,203,349,fuck
441,128,188,354,fuck
438,128,206,339,fuck
440,131,199,347,fuck
432,129,204,311,fuck
430,128,224,334,fuck
438,125,187,336,fuck
405,125,199,354,fuck
439,128,185,374,fuck
430,126,198,368,fuck
441,128,197,356,fuck
397,134,185,376,fuck
436,128,189,400,fuck
435,123,185,402,fuck
436,121,193,413,fuck
438,119,192,410,fuck
441,125,192,427,fuck
434,73,189,437,fuck
437,124,173,433,fuck
436,116,193,423,fuck
435,124,177,413,fuck
435,125,192,408,fuck
436,111,195,405,fuck
433,122,194,404,fuck
424,126,198,398,fuck
435,125,202,409,fuck
430,124,200,409,fuck
433,120,194,395,fuck
438,123,197,405,fuck
443,118,195,403,fuck
436,128,185,403,fuck
426,120,194,383,fuck
435,135,188,397,fuck
420,122,201,392,fuck
438,115,195,421,fuck
435,100,200,438,fuck
427,121,194,421,fuck
442,118,189,423,fuck
434,121,185,415,fuck
437,128,203,373,fuck
429,139,187,453,fuck
419,123,203,436,fuck
429,124,194,432,fuck
434,121,197,416,fuck
452,124,194,431,fuck
424,113,193,419,fuck
430,120,196,434,fuck
452,128,183,425,fuck
429,120,192,422,fuck
449,119,183,416,fuck
434,128,193,410,fuck
432,121,174,412,fuck
449,121,195,402,fuck
435,124,199,387,fuck
435,121,206,395,fuck
429,123,196,366,fuck
435,122,202,408,fuck
437,121,192,411,fuck
442,120,159,416,fuck
445,124,231,424,fuck
441,118,217,406,fuck
467,129,207,427,fuck
449,122,222,418,fuck
453,125,233,410,fuck
452,125,227,397,fuck
448,124,225,387,fuck
451,126,314,400,fuck
451,122,234,393,fuck
472,121,234,391,fuck
441,127,226,388,fuck
446,116,237,379,fuck
470,113,234,387,fuck
456,123,232,392,fuck
459,125,217,394,fuck
452,129,240,403,fuck
453,117,249,411,fuck
460,123,238,402,fuck
445,116,249,396,fuck
428,124,241,404,fuck
449,130,242,381,fuck
432,121,242,377,fuck
436,129,238,371,fuck
430,114,237,372,fuck
458,122,232,367,fuck
420,120,234,353,fuck
433,109,227,383,fuck
440,123,231,370,fuck
440,121,236,389,fuck
436,126,208,386,fuck
441,36,217,384,fuck
435,133,225,381,fuck
442,167,224,390,fuck
437,116,224,398,fuck
434,123,223,397,fuck
443,128,231,393,fuck
438,122,232,429,fuck
441,121,226,413,fuck
452,123,188,416,fuck
439,141,224,414,fuck
444,113,238,409,fuck
444,126,238,404,fuck
447,119,206,400,fuck
433,123,221,398,fuck
499,118,222,420,fuck
447,115,266,411,fuck
467,123,219,431,fuck
456,126,218,425,fuck
438,124,219,426,fuck
439,121,213,423,fuck
434,123,221,438,fuck
436,119,198,433,fuck
441,122,211,441,fuck
435,137,200,452,fuck
433,121,203,464,fuck
432,122,196,462,fuck
434,122,206,461,fuck
480,124,207,464,fuck
435,120,201,445,fuck
431,125,225,468,fuck
429,115,190,465,fuck
417,128,193,438,fuck
427,94,202,453,fuck
432,128,201,469,fuck
430,181,199,464,fuck
431,130,189,463,fuck
416,128,202,468,fuck
434,123,201,469,fuck
482,138,193,506,fuck
435,115,202,527,fuck
440,129,207,488,fuck
438,157,234,482,fuck
437,132,200,493,fuck
440,128,212,490,fuck
438,130,217,481,fuck
436,129,202,474,fuck
460,126,206,459,fuck
434,128,230,466,fuck
436,126,202,460,fuck
436,133,195,460,fuck
439,126,192,464,fuck
428,125,215,457,fuck
444,132,215,449,fuck
439,133,211,443,fuck
436,129,215,476,fuck
441,132,209,454,fuck
445,128,221,446,fuck
448,130,224,446,fuck
452,130,208,442,fuck
452,133,215,451,fuck
456,120,184,465,fuck
453,119,207,464,fuck
441,129,215,444,fuck
444,129,202,448,fuck
452,120,192,450,fuck
442,96,212,446,fuck
453,126,216,440,fuck
452,71,212,439,fuck
450,128,216,446,fuck
449,132,213,443,fuck
453,133,213,439,fuck
452,132,215,430,fuck
462,125,219,428,fuck
461,134,216,418,fuck
477,136,210,436,fuck
451,117,214,433,fuck
464,118,216,433,fuck
457,125,210,431,fuck
458,121,217,424,fuck
459,140,219,421,fuck
489,129,214,411,fuck
451,125,206,409,fuck
452,128,214,416,fuck
453,125,217,436,fuck
458,130,225,416,fuck
450,135,216,358,fuck
442,132,214,412,fuck
459,119,224,413,fuck
455,131,228,424,fuck
450,151,230,428,fuck
453,114,240,445,fuck
463,117,229,436,fuck
455,130,222,430,fuck
451,130,209,448,fuck
453,136,252,454,fuck
454,128,232,463,fuck
451,138,233,457,fuck
456,128,242,447,fuck
460,136,232,448,fuck
456,128,235,459,fuck
462,117,238,477,fuck
463,128,253,441,fuck
461,122,256,442,fuck
467,128,252,441,fuck
467,126,258,433,fuck
470,129,257,427,fuck
470,129,256,420,fuck
554,117,254,421,fuck
464,141,256,441,fuck
467,114,256,461,fuck
468,162,251,461,fuck
472,116,261,456,fuck
478,128,230,477,fuck
484,139,285,458,fuck
489,94,291,470,fuck
488,119,284,465,fuck
491,128,299,465,fuck
488,110,286,461,fuck
481,125,301,457,fuck
486,131,299,437,fuck
503,123,308,452,fuck
509,135,307,474,fuck
556,132,306,467,fuck
508,136,328,457,fuck
505,128,297,474,fuck
501,134,301,470,fuck
497,133,300,479,fuck
497,143,289,473,fuck
501,139,298,461,fuck
514,149,290,483,fuck
501,174,290,478,fuck
499,178,283,473,fuck
499,189,282,463,fuck
495,188,289,449,fuck
500,187,268,450,fuck
493,186,276,446,fuck
495,212,285,441,fuck
495,186,264,427,fuck
484,181,266,439,fuck
495,183,256,445,fuck
489,181,278,439,fuck
494,187,273,436,fuck
483,178,266,436,fuck
480,177,274,430,fuck
483,179,269,430,fuck
480,192,262,450,fuck
484,174,276,447,fuck
485,174,286,424,fuck
502,177,272,421,fuck
481,166,277,414,fuck
479,170,273,410,fuck
480,170,275,419,fuck
476,169,277,397,fuck
488,170,259,397,fuck
485,180,280,398,fuck
464,154,290,407,fuck
479,164,284,398,fuck
475,165,281,391,fuck
473,158,279,385,fuck
415,173,268,379,fuck
462,149,276,388,fuck
472,181,274,382,fuck
463,160,270,419,fuck
464,159,268,412,fuck
468,159,269,417,fuck
465,157,266,416,fuck
479,159,268,411,fuck
468,152,263,419,fuck
475,154,239,427,fuck
469,158,257,441,fuck
472,151,252,444,fuck
489,153,256,429,fuck
473,154,257,427,fuck
470,151,249,445,fuck
567,150,248,426,fuck
472,152,248,443,fuck
474,151,190,444,fuck
469,146,245,444,fuck
474,147,246,440,fuck
402,142,243,462,fuck
469,145,239,450,fuck
455,144,235,443,fuck
462,148,248,465,fuck
453,150,235,442,fuck
477,144,239,434,fuck
461,145,225,423,fuck
465,144,233,410,fuck
459,134,228,410,fuck
460,145,229,429,fuck
467,135,230,426,fuck
469,148,210,428,fuck
465,140,242,440,fuck
474,138,227,441,fuck
469,140,239,434,fuck
468,142,235,427,fuck
460,142,232,455,fuck
472,134,247,443,fuck
477,144,236,455,fuck
469,132,237,452,fuck
474,142,230,456,fuck
486,149,218,481,fuck
471,137,231,471,fuck
403,144,232,479,fuck
471,138,224,490,fuck
470,140,230,505,fuck
461,135,244,494,fuck
459,129,224,484,fuck
459,141,212,501,fuck
477,135,222,502,fuck
461,137,214,494,fuck
462,143,243,491,fuck
464,145,222,493,fuck
401,152,217,476,fuck
458,129,217,468,fuck
456,160,206,468,fuck
458,147,216,442,fuck
456,140,215,450,fuck
469,143,209,442,fuck
453,129,211,458,fuck
454,156,211,444,fuck
443,143,211,438,fuck
451,146,213,435,fuck
450,141,210,427,fuck
446,186,224,434,fuck
447,139,204,439,fuck
444,145,208,444,fuck
463,137,164,440,fuck
448,140,213,446,fuck
452,140,214,442,fuck
452,144,214,431,fuck
464,136,221,436,fuck
464,137,211,442,fuck
449,136,217,436,fuck
450,115,216,429,fuck
456,138,212,419,fuck
453,135,198,462,fuck
456,135,205,444,fuck
451,134,211,439,fuck
451,56,209,436,fuck
450,133,298,420,fuck
452,136,210,432,fuck
461,122,202,441,fuck
445,136,221,449,fuck
426,142,192,456,fuck
456,132,203,465,fuck
454,131,206,461,fuck
451,136,200,449,fuck
455,120,215,452,fuck
458,122,209,451,fuck
457,137,215,459,fuck
462,136,222,446,fuck
472,139,239,453,fuck
482,134,258,468,fuck
483,151,273,478,fuck
471,150,197,470,fuck
474,146,272,483,fuck
484,136,268,523,fuck
480,145,272,490,fuck
470,144,277,501,fuck
471,144,299,518,fuck
483,149,268,520,fuck
481,130,284,545,fuck
488,143,281,541,fuck
463,142,282,532,fuck
482,151,281,525,fuck
480,142,282,517,fuck
482,140,280,514,fuck
486,136,266,512,fuck
491,144,283,502,fuck
488,133,271,499,fuck
482,148,272,494,fuck
482,140,279,480,fuck
586,139,270,481,fuck
480,138,264,474,fuck
482,141,264,474,fuck
466,109,251,475,fuck
470,126,261,462,fuck
471,142,256,455,fuck
465,130,262,464,fuck
477,132,259,471,fuck
477,142,165,465,fuck
463,136,257,465,fuck
468,121,254,486,fuck
475,137,275,495,fuck
472,134,259,497,fuck
472,137,250,487,fuck
476,131,256,472,fuck
470,138,265,489,fuck
479,133,260,498,fuck
466,139,258,440,fuck
459,142,259,498,fuck
484,131,256,502,fuck
467,138,159,497,fuck
467,130,262,516,fuck
455,138,252,448,fuck
464,130,249,491,fuck
469,134,246,539,fuck
464,119,255,483,fuck
469,133,254,484,fuck
456,116,240,469,fuck
486,131,240,468,fuck
471,130,220,470,fuck
467,128,238,453,fuck
471,130,240,481,fuck
477,125,240,462,fuck
485,134,242,464,fuck
472,135,247,465,fuck
477,141,245,453,fuck
478,144,246,440,fuck
480,117,240,448,fuck
480,132,241,463,fuck
461,145,226,461,fuck
485,135,247,449,fuck
496,129,240,441,fuck
473,133,252,445,fuck
488,130,249,451,fuck
493,133,240,430,fuck
507,133,243,437,fuck
484,136,244,431,fuck
491,131,248,426,fuck
494,128,249,435,fuck
490,144,247,398,fuck
490,128,244,442,fuck
486,123,241,445,fuck
484,126,253,449,fuck
481,129,237,450,fuck
481,131,242,445,fuck
505,128,234,437,fuck
479,132,247,452,fuck
481,124,251,465,fuck
452,141,234,464,fuck
479,131,243,460,fuck
481,137,244,465,fuck
476,131,241,451,fuck
476,136,237,448,fuck
474,146,239,450,fuck
474,144,235,439,fuck
471,141,235,461,fuck
483,148,231,444,fuck
472,141,176,428,fuck
534,142,231,426,fuck
470,143,214,435,fuck
470,144,228,429,fuck
468,141,249,443,fuck
469,145,234,452,fuck
376,140,221,416,fuck
465,141,234,354,fuck
463,174,220,416,fuck
453,140,219,408,fuck
447,138,227,446,fuck
464,140,214,449,fuck
459,141,217,478,fuck
446,147,208,488,fuck
463,135,220,481,fuck
465,137,226,496,fuck
460,140,246,493,fuck
458,136,220,466,fuck
451,133,218,477,fuck
471,134,215,473,fuck
461,140,208,467,fuck
457,135,219,467,fuck
471,134,218,461,fuck
457,144,217,461,fuck
459,135,215,462,fuck
450,143,219,451,fuck
454,138,215,448,fuck
445,135,214,453,fuck
462,142,213,465,fuck
458,138,215,459,fuck
451,143,211,441,fuck
455,137,212,472,fuck
456,128,211,466,fuck
456,137,190,479,fuck
469,125,217,481,fuck
459,148,202,480,fuck
464,140,214,475,fuck
448,135,204,495,fuck
462,137,206,498,fuck
462,135,203,506,fuck
458,132,194,504,fuck
454,133,202,518,fuck
452,130,187,527,fuck
457,136,203,538,fuck
457,134,200,541,fuck
459,128,203,539,fuck
460,134,207,544,fuck
458,130,196,523,fuck
453,131,199,536,fuck
454,113,197,528,fuck
455,134,198,525,fuck
455,119,198,544,fuck
438,133,200,526,fuck
460,134,210,520,fuck
460,137,220,514,fuck
466,128,228,509,fuck
472,132,222,507,fuck
470,140,236,505,fuck
473,131,234,501,fuck
459,133,234,495,fuck
474,130,237,490,fuck
488,131,245,490,fuck
480,119,254,470,fuck
482,131,239,505,fuck
478,133,240,498,fuck
474,115,249,502,fuck
467,130,233,498,fuck
483,134,244,486,fuck
473,144,245,483,fuck
467,128,230,460,fuck
472,139,240,469,fuck
466,128,239,480,fuck
475,124,236,485,fuck
469,128,235,489,fuck
475,128,221,473,fuck
470,141,233,468,fuck
470,126,328,451,fuck
374,126,229,378,fuck
458,129,221,459,fuck
466,128,229,438,fuck
467,118,228,452,fuck
478,132,225,455,fuck
461,128,232,472,fuck
463,131,234,474,fuck
464,146,236,472,fuck
501,126,235,468,fuck
475,136,241,459,fuck
483,136,237,447,fuck
483,128,224,443,fuck
482,131,235,457,fuck
487,131,249,456,fuck
475,136,232,455,fuck
495,132,235,448,fuck
486,132,233,445,fuck
484,130,229,434,fuck
490,150,228,425,fuck
496,129,225,415,fuck
484,124,256,392,fuck
470,129,241,417,fuck
509,130,237,410,fuck
483,129,234,403,fuck
488,128,243,415,fuck
480,128,230,408,fuck
479,146,230,410,fuck
478,128,220,422,fuck
501,125,222,444,fuck
474,130,237,448,fuck
473,141,224,461,fuck
473,126,225,454,fuck
471,128,209,475,fuck
478,128,217,470,fuck
458,131,224,446,fuck
514,136,212,498,fuck
465,124,219,487,fuck
467,128,213,493,fuck
460,130,216,484,fuck
463,125,223,509,fuck
462,59,218,502,fuck
457,120,214,494,fuck
477,128,210,488,fuck
424,125,214,470,fuck
460,123,209,469,fuck
454,189,210,462,fuck
456,121,209,450,fuck
461,125,116,442,fuck
466,124,235,438,fuck
475,130,241,465,fuck
472,123,248,430,fuck
476,126,263,434,fuck
473,135,229,436,fuck
486,138,254,437,fuck
492,131,265,474,fuck
500,149,285,425,fuck
488,151,305,420,fuck
512,146,305,436,fuck
502,138,305,426,fuck
496,150,308,408,fuck
509,150,302,417,fuck
502,162,295,430,fuck
497,152,298,401,fuck
503,141,299,444,fuck
506,140,306,410,fuck
509,153,298,401,fuck
504,139,296,412,fuck
507,146,292,424,fuck
501,138,288,422,fuck
536,149,288,410,fuck
497,149,285,413,fuck
493,148,293,423,fuck
492,153,282,418,fuck
485,135,277,429,fuck
488,153,279,443,fuck
488,143,285,431,fuck
483,147,273,445,fuck
491,166,270,444,fuck
500,146,272,453,fuck
491,145,271,474,fuck
491,148,274,411,fuck
490,146,265,458,fuck
490,144,262,488,fuck
508,144,261,479,fuck
489,143,280,487,fuck
490,145,258,487,fuck
484,148,247,484,fuck
489,141,180,491,fuck
494,137,252,485,fuck
484,141,265,474,fuck
472,124,247,473,fuck
483,145,261,481,fuck
457,138,230,481,fuck
483,142,243,465,fuck
475,160,256,458,fuck
475,152,241,458,fuck
473,128,243,447,fuck
479,140,233,441,fuck
461,137,237,436,fuck
473,130,253,427,fuck
464,142,233,452,fuck
466,140,234,447,fuck
469,133,231,462,fuck
452,134,228,475,fuck
458,126,246,459,fuck
458,132,225,469,fuck
454,104,226,453,fuck
453,131,203,454,fuck
455,140,223,455,fuck
447,130,212,475,fuck
442,145,226,475,fuck
451,132,220,476,fuck
445,131,221,475,fuck
434,130,208,461,fuck
453,117,228,460,fuck
426,134,217,421,fuck
437,110,209,465,fuck
449,150,214,484,fuck
442,121,220,487,fuck
442,146,216,495,fuck
438,85,213,497,fuck
398,130,216,509,fuck
440,130,208,508,fuck
452,134,203,501,fuck
456,121,217,503,fuck
460,133,228,488,fuck
464,130,253,478,fuck
454,126,238,493,fuck
482,129,251,484,fuck
473,130,249,477,fuck
466,134,270,471,fuck
476,138,249,467,fuck
485,130,256,465,fuck
483,145,279,460,fuck
494,166,291,458,fuck
490,149,310,445,fuck
526,150,336,450,fuck
513,141,354,440,fuck
510,144,344,435,fuck
497,150,340,429,fuck
506,149,340,427,fuck
504,158,343,414,fuck
509,152,331,403,fuck
502,145,314,420,fuck
499,145,326,445,fuck
491,157,323,453,fuck
502,143,312,448,fuck
488,144,312,447,fuck
499,142,310,459,fuck
492,145,304,454,fuck
490,142,310,459,fuck
486,147,296,476,fuck
500,145,302,463,fuck
489,141,296,480,fuck
494,149,297,477,fuck
472,143,299,487,fuck
484,156,293,486,fuck
486,147,288,481,fuck
481,161,281,503,fuck
484,132,283,501,fuck
475,147,286,507,fuck
473,144,281,504,fuck
462,162,282,514,fuck
476,168,275,496,fuck
473,173,276,496,fuck
477,171,274,489,fuck
489,173,269,483,fuck
474,168,273,494,fuck
462,175,261,497,fuck
470,171,274,488,fuck
465,169,265,481,fuck
464,167,305,495,fuck
447,175,283,481,fuck
465,156,283,484,fuck
466,161,272,486,fuck
464,165,261,474,fuck
433,162,262,467,fuck
465,80,250,467,fuck
458,160,245,489,fuck
457,158,261,468,fuck
460,168,261,464,fuck
458,160,268,468,fuck
472,164,241,478,fuck
460,144,272,456,fuck
458,157,266,454,fuck
454,166,252,446,fuck
473,153,256,432,fuck
456,161,253,421,fuck
417,154,248,467,fuck
459,153,252,467,fuck
452,154,246,458,fuck
450,152,246,454,fuck
458,150,241,453,fuck
454,133,247,442,fuck
456,149,245,459,fuck
460,141,243,446,fuck
461,146,245,452,fuck
467,147,248,447,fuck
472,150,256,449,fuck
486,144,254,451,fuck
464,147,254,449,fuck
475,152,251,460,fuck
471,164,248,458,fuck
472,133,248,456,fuck
479,143,241,448,fuck
474,142,246,486,fuck
475,139,247,433,fuck
480,143,254,413,fuck
493,136,262,414,fuck
476,141,264,416,fuck
483,140,219,430,fuck
478,157,276,430,fuck
476,138,289,444,fuck
498,135,268,454,fuck
476,142,268,462,fuck
477,123,269,472,fuck
480,152,257,476,fuck
480,136,266,483,fuck
475,167,259,491,fuck
486,136,256,493,fuck
472,138,257,508,fuck
470,119,253,520,fuck
457,129,256,517,fuck
483,135,264,521,fuck
467,134,244,518,fuck
473,117,256,523,fuck
469,134,261,530,fuck
469,134,265,506,fuck
468,152,262,513,fuck
470,136,263,514,fuck
464,132,260,515,fuck
467,133,273,516,fuck
465,138,241,524,fuck
466,136,254,516,fuck
469,134,262,505,fuck
466,131,242,506,fuck
459,129,239,487,fuck
453,132,248,499,fuck
456,131,247,492,fuck
480,138,237,478,fuck
464,130,226,474,fuck
457,131,246,487,fuck
459,123,237,445,fuck
458,138,244,468,fuck
455,70,237,472,fuck
365,130,241,461,fuck
444,129,234,456,fuck
441,119,232,448,fuck
452,134,234,444,fuck
455,128,228,444,fuck
456,124,218,453,fuck
448,120,224,452,fuck
456,120,226,456,fuck
448,133,245,469,fuck
448,126,215,460,fuck
432,130,229,458,fuck
445,128,225,454,fuck
429,129,224,446,fuck
442,149,230,446,fuck
448,126,219,456,fuck
455,130,242,440,fuck
461,48,253,450,fuck
465,142,260,434,fuck
460,130,248,459,fuck
466,128,269,454,fuck
472,133,258,441,fuck
470,129,258,437,fuck
467,124,256,444,fuck
425,137,276,469,fuck
478,147,279,466,fuck
508,136,280,434,fuck
458,126,271,472,fuck
530,142,274,493,fuck
382,129,272,481,fuck
473,130,270,504,fuck
471,128,277,466,fuck
475,128,262,493,fuck
454,132,293,498,fuck
473,128,281,494,fuck
471,128,272,499,fuck
471,124,280,509,fuck
473,124,278,516,fuck
466,124,265,518,fuck
474,124,264,520,fuck
462,129,269,501,fuck
478,124,270,526,fuck
478,132,268,514,fuck
456,123,260,501,fuck
476,129,268,506,fuck
474,122,258,503,fuck
473,114,265,495,fuck
481,120,273,481,fuck
479,150,275,476,fuck
482,126,265,485,fuck
475,130,272,483,fuck
475,122,271,477,fuck
478,122,272,480,fuck
475,128,273,472,fuck
481,60,250,467,fuck
469,111,261,502,fuck
468,109,259,491,fuck
459,123,335,504,fuck
473,132,257,487,fuck
471,129,249,517,fuck
466,132,260,516,fuck
476,119,268,530,fuck
488,123,272,520,fuck
480,119,274,530,fuck
481,124,275,529,fuck
477,118,270,526,fuck
477,128,267,579,fuck
477,121,272,526,fuck
478,123,253,557,fuck
476,116,266,533,fuck
478,105,262,544,fuck
485,121,257,535,fuck
481,119,256,531,fuck
480,117,252,534,fuck
447,118,256,535,fuck
484,128,263,533,fuck
478,117,243,553,fuck
481,109,259,533,fuck
475,119,252,561,fuck
474,142,221,552,fuck
475,122,251,553,fuck
465,132,220,547,fuck
470,134,239,533,fuck
474,137,230,531,fuck
477,196,234,523,fuck
477,133,239,539,fuck
477,140,227,527,fuck
474,152,245,536,fuck
465,149,224,530,fuck
472,146,245,533,fuck
478,146,152,531,fuck
462,136,261,536,fuck
470,141,254,547,fuck
474,142,259,543,fuck
469,125,262,560,fuck
471,146,244,567,fuck
475,140,242,566,fuck
490,146,260,554,fuck
468,148,256,549,fuck
473,136,248,544,fuck
462,139,239,536,fuck
461,137,252,528,fuck
465,142,247,530,fuck
458,131,250,549,fuck
467,130,250,543,fuck
459,136,253,553,fuck
470,128,256,538,fuck
462,136,250,539,fuck
466,130,250,542,fuck
451,131,252,542,fuck
464,129,248,528,fuck
466,134,242,549,fuck
460,144,242,553,fuck
455,131,241,542,fuck
481,137,240,558,fuck
464,136,243,555,fuck
461,131,228,551,fuck
462,131,247,553,fuck
466,131,269,523,fuck
462,137,254,569,fuck
460,123,251,592,fuck
456,126,261,582,fuck
448,129,262,581,fuck
459,130,258,573,fuck
458,121,258,567,fuck
450,133,282,563,fuck
453,129,258,552,fuck
452,130,249,544,fuck
450,126,257,548,fuck
440,126,254,572,fuck
445,131,253,561,fuck
451,122,248,560,fuck
435,125,266,553,fuck
449,122,263,561,fuck
432,133,248,508,fuck
440,129,227,553,fuck
445,131,252,548,fuck
446,122,227,576,fuck
443,131,267,570,fuck
441,128,242,564,fuck
453,136,248,574,fuck
436,129,251,581,fuck
446,133,292,560,fuck
435,121,250,576,fuck
435,164,246,584,fuck
448,122,256,583,fuck
434,145,257,580,fuck
426,124,258,589,fuck
435,128,258,591,fuck
438,137,270,582,fuck
434,126,264,594,fuck
422,124,258,590,fuck
432,128,262,577,fuck
435,123,253,559,fuck
426,126,289,571,fuck
429,123,242,584,fuck
454,125,248,576,fuck
432,124,261,574,fuck
443,121,248,585,fuck
437,121,252,570,fuck
437,126,247,569,fuck
440,128,252,562,fuck
441,131,245,551,fuck
442,128,250,565,fuck
434,136,251,579,fuck
434,125,257,568,fuck
442,138,228,556,fuck
463,130,230,546,fuck
438,132,232,538,fuck
442,135,237,527,fuck
441,138,244,529,fuck
435,128,233,530,fuck
436,133,245,545,fuck
421,135,247,545,fuck
435,124,249,541,fuck
431,140,247,541,fuck
423,139,257,532,fuck
435,151,248,531,fuck
422,143,244,526,fuck
429,134,249,539,fuck
428,150,236,546,fuck
430,124,242,535,fuck
428,126,236,545,fuck
432,132,239,537,fuck
429,123,233,531,fuck
432,138,244,538,fuck
430,129,245,538,fuck
338,128,234,474,fuck
428,131,233,550,fuck
426,130,230,544,fuck
428,137,229,540,fuck
450,128,221,542,fuck
428,129,211,541,fuck
429,128,232,530,fuck
432,131,225,525,fuck
431,133,234,525,fuck
453,130,219,533,fuck
352,136,236,460,fuck
423,130,252,503,fuck
433,135,267,523,fuck
430,132,242,521,fuck
426,131,239,515,fuck
440,133,237,502,fuck
458,130,239,505,fuck
438,138,237,506,fuck
544,130,238,503,fuck
444,137,236,577,fuck
431,126,228,509,fuck
438,131,233,520,fuck
410,130,232,507,fuck
435,129,235,513,fuck
377,128,234,520,fuck
436,133,235,514,fuck
428,125,238,512,fuck
433,128,225,498,fuck
432,123,234,494,fuck
428,125,229,481,fuck
434,128,229,516,fuck
434,113,227,507,fuck
433,128,229,515,fuck
427,126,224,513,fuck
421,137,230,519,fuck
429,108,235,521,fuck
420,150,239,513,fuck
429,128,264,503,fuck
393,121,237,507,fuck
432,131,236,502,fuck
433,123,236,496,fuck
366,126,228,482,fuck
432,109,229,485,fuck
437,124,229,498,fuck
416,124,230,478,fuck
442,110,227,457,fuck
434,132,226,417,fuck
436,121,232,446,fuck
427,120,229,448,fuck
432,116,219,440,fuck
432,124,226,432,fuck
432,130,235,428,fuck
428,120,242,416,fuck
429,106,235,420,fuck
439,121,238,439,fuck
417,124,244,456,fuck
430,120,235,436,fuck
423,120,216,429,fuck
428,136,240,433,fuck
418,125,237,445,fuck
431,123,217,439,fuck
409,119,235,442,fuck
418,61,249,439,fuck
420,120,230,432,fuck
420,122,211,444,fuck
427,118,226,451,fuck
424,130,160,434,fuck
422,121,236,436,fuck
423,126,238,430,fuck
418,105,248,440,fuck
425,117,241,428,fuck
422,120,243,427,fuck
425,119,233,411,fuck
424,117,234,423,fuck
430,121,149,412,fuck
425,117,229,406,fuck
429,134,228,405,fuck
424,136,229,405,fuck
425,114,231,403,fuck
425,119,226,405,fuck
422,118,232,404,fuck
420,119,224,396,fuck
410,119,226,394,fuck
424,118,218,412,fuck
440,121,224,419,fuck
425,118,221,427,fuck
409,119,220,432,fuck
414,124,219,383,fuck
413,118,286,430,fuck
413,117,218,448,fuck
425,114,214,455,fuck
424,111,217,453,fuck
443,116,212,442,fuck
424,121,221,429,fuck
421,106,224,442,fuck
423,99,218,436,fuck
426,116,213,454,fuck
426,117,212,438,fuck
417,114,235,430,fuck
430,119,218,426,fuck
418,119,216,460,fuck
429,117,218,471,fuck
429,115,222,473,fuck
433,116,224,485,fuck
427,115,212,481,fuck
415,126,213,491,fuck
432,118,211,491,fuck
423,118,216,489,fuck
437,122,204,487,fuck
410,121,199,500,fuck
422,115,210,493,fuck
426,121,205,502,fuck
407,113,205,497,fuck
424,115,216,491,fuck
418,134,211,476,fuck
428,106,210,483,fuck
427,113,205,482,fuck
426,114,210,473,fuck
436,116,194,499,fuck
422,113,241,499,fuck
423,111,208,490,fuck
422,104,205,502,fuck
427,116,227,494,fuck
424,104,237,503,fuck
380,123,222,507,fuck
421,120,231,512,fuck
423,121,221,514,fuck
420,120,237,548,fuck
431,116,245,539,fuck
422,121,236,541,fuck
436,123,242,540,fuck
439,116,245,539,fuck
438,110,249,541,fuck
446,120,240,527,fuck
433,103,240,541,fuck
436,119,230,538,fuck
438,129,228,546,fuck
436,122,223,544,fuck
421,139,236,541,fuck
447,120,232,532,fuck
433,109,232,550,fuck
428,57,233,539,fuck
445,124,233,520,fuck
432,120,256,512,fuck
442,119,246,506,fuck
443,117,248,520,fuck
445,112,274,521,fuck
448,113,253,501,fuck
443,119,256,525,fuck
448,118,256,521,fuck
444,211,252,518,fuck
446,138,251,517,fuck
438,128,246,500,fuck
439,119,251,522,fuck
428,130,267,522,fuck
448,120,253,532,fuck
446,121,263,524,fuck
439,118,245,536,fuck
447,121,268,512,fuck
442,118,246,512,fuck
447,128,266,498,fuck
429,122,249,497,fuck
446,120,234,493,fuck
440,100,248,479,fuck
394,108,242,472,fuck
402,119,239,478,fuck
448,109,241,484,fuck
443,116,229,475,fuck
440,111,254,477,fuck
441,116,225,475,fuck
439,117,233,473,fuck
451,112,234,474,fuck
444,119,236,470,fuck
438,122,244,463,fuck
440,125,238,453,fuck
437,121,231,445,fuck
444,129,236,441,fuck
434,116,237,432,fuck
437,119,243,424,fuck
432,131,242,428,fuck
435,130,228,445,fuck
441,128,239,436,fuck
433,133,238,427,fuck
431,128,202,419,fuck
429,131,238,414,fuck
431,113,241,411,fuck
432,126,237,406,fuck
435,109,246,418,fuck
431,128,237,435,fuck
430,126,232,457,fuck
423,128,236,456,fuck
426,124,235,469,fuck
425,125,242,465,fuck
419,133,227,464,fuck
426,125,228,448,fuck
425,125,226,462,fuck
419,130,245,466,fuck
421,121,238,469,fuck
429,125,248,473,fuck
435,130,240,452,fuck
435,123,254,449,fuck
431,124,248,449,fuck
429,129,251,448,fuck
427,139,254,461,fuck
429,123,258,397,fuck
439,121,258,463,fuck
420,115,261,464,fuck
438,122,254,460,fuck
429,128,252,446,fuck
435,121,250,455,fuck
434,124,260,437,fuck
431,125,258,432,fuck
437,122,270,421,fuck
435,111,294,426,fuck
426,130,290,462,fuck
435,118,297,462,fuck
425,119,283,452,fuck
437,121,292,453,fuck
437,125,294,446,fuck
498,121,286,437,fuck
433,121,276,449,fuck
429,122,284,450,fuck
432,119,282,454,fuck
425,120,280,448,fuck
434,128,287,464,fuck
434,128,273,433,fuck
443,122,287,440,fuck
441,139,284,440,fuck
425,118,301,439,fuck
437,126,281,454,fuck
434,172,277,439,fuck
418,119,287,439,fuck
436,124,292,445,fuck
401,120,305,436,fuck
439,119,296,443,fuck
428,129,293,435,fuck
431,120,300,433,fuck
417,119,301,422,fuck
419,117,301,415,fuck
434,112,292,413,fuck
417,124,290,420,fuck
426,111,275,428,fuck
424,121,295,401,fuck
424,120,284,431,fuck
420,123,282,427,fuck
427,112,279,421,fuck
422,121,280,418,fuck
424,117,283,408,fuck
420,117,279,409,fuck
431,118,262,405,fuck
439,110,279,420,fuck
428,125,281,427,fuck
441,109,308,412,fuck
436,121,293,417,fuck
430,113,325,406,fuck
435,111,289,396,fuck
441,123,288,437,fuck
435,110,284,386,fuck
442,126,282,379,fuck
437,121,277,376,fuck
522,120,278,359,fuck
451,118,278,354,fuck
435,125,281,359,fuck
433,121,270,347,fuck
424,133,279,361,fuck
432,121,256,387,fuck
482,131,256,400,fuck
431,104,269,385,fuck
434,119,262,380,fuck
432,118,265,376,fuck
449,124,264,380,fuck
378,130,253,367,fuck
428,122,260,370,fuck
424,122,246,356,fuck
422,116,261,388,fuck
433,120,250,397,fuck
413,119,249,419,fuck
439,119,246,428,fuck
432,108,252,418,fuck
428,118,252,423,fuck
433,105,249,408,fuck
419,120,241,405,fuck
432,112,244,434,fuck
469,117,239,420,fuck
445,120,249,418,fuck
440,113,239,434,fuck
431,119,237,437,fuck
431,112,243,442,fuck
431,107,249,427,fuck
427,121,254,461,fuck
427,117,239,440,fuck
425,139,251,448,fuck
422,116,242,440,fuck
428,118,233,441,fuck
448,120,248,492,fuck
427,113,248,436,fuck
426,121,249,444,fuck
436,119,258,451,fuck
439,117,270,456,fuck
452,129,270,446,fuck
443,118,296,439,fuck
446,118,286,439,fuck
452,119,272,445,fuck
447,116,268,443,fuck
449,128,263,442,fuck
444,115,266,435,fuck
451,121,250,433,fuck
431,116,268,429,fuck
446,112,305,433,fuck
445,128,265,393,fuck
432,116,262,431,fuck
459,116,263,448,fuck
433,117,258,440,fuck
448,108,256,459,fuck
446,119,261,466,fuck
447,122,254,467,fuck
434,117,248,471,fuck
433,116,246,482,fuck
442,109,259,476,fuck
443,116,250,472,fuck
435,121,256,481,fuck
432,114,246,486,fuck
434,104,266,480,fuck
435,110,241,488,fuck
433,116,231,487,fuck
430,114,242,487,fuck
431,114,240,483,fuck
436,114,241,476,fuck
433,116,228,482,fuck
433,111,236,487,fuck
430,132,228,488,fuck
432,122,229,480,fuck
428,110,242,490,fuck
447,113,249,485,fuck
450,131,250,493,fuck
436,160,251,470,fuck
423,129,250,466,fuck
437,145,258,457,fuck
420,125,252,490,fuck
442,121,256,474,fuck
432,115,266,459,fuck
413,130,247,465,fuck
426,121,243,463,fuck
429,122,252,459,fuck
436,111,246,454,fuck
422,109,242,446,fuck
425,109,239,445,fuck
426,112,242,462,fuck
442,128,242,453,fuck
411,116,252,447,fuck
423,126,259,460,fuck
409,121,257,449,fuck
418,123,253,439,fuck
405,125,249,445,fuck
423,125,252,445,fuck
420,120,248,469,fuck
420,123,280,464,fuck
436,125,247,467,fuck
423,120,236,462,fuck
451,116,243,460,fuck
420,135,243,457,fuck
424,91,248,458,fuck
421,138,247,466,fuck
422,116,249,505,fuck
418,122,237,482,fuck
431,109,243,464,fuck
430,124,316,473,fuck
422,136,242,485,fuck
419,120,230,484,fuck
418,137,222,475,fuck
419,129,239,556,fuck
420,134,225,472,fuck
419,129,229,496,fuck
438,133,237,505,fuck
414,133,226,495,fuck
417,114,245,490,fuck
420,120,245,478,fuck
410,133,248,488,fuck
414,139,244,486,fuck
422,145,244,488,fuck
401,146,248,497,fuck
425,144,245,505,fuck
418,136,230,509,fuck
421,147,245,507,fuck
414,144,243,495,fuck
411,141,244,486,fuck
412,142,225,471,fuck
416,197,232,469,fuck
414,144,232,466,fuck
416,146,225,512,fuck
416,139,237,468,fuck
416,136,232,486,fuck
410,138,230,474,fuck
409,136,224,480,fuck
413,164,230,468,fuck
410,129,227,462,fuck
412,135,221,451,fuck
420,122,236,449,fuck
412,137,242,453,fuck
417,137,231,443,fuck
412,123,237,437,fuck
421,123,256,425,fuck
341,133,243,426,fuck
413,224,238,423,fuck
403,136,238,418,fuck
417,133,245,432,fuck
413,146,238,412,fuck
419,117,239,407,fuck
432,134,266,425,fuck
427,134,232,428,fuck
397,130,241,425,fuck
414,138,244,420,fuck
419,129,246,415,fuck
414,130,258,404,fuck
421,148,261,397,fuck
417,48,256,390,fuck
409,126,256,394,fuck
411,134,259,401,fuck
419,132,299,403,fuck
403,128,257,398,fuck
417,126,253,395,fuck
414,126,249,393,fuck
411,118,235,416,fuck
410,134,245,408,fuck
410,128,254,343,fuck
413,129,243,406,fuck
417,126,248,406,fuck
407,132,234,418,fuck
410,117,250,388,fuck
432,133,245,395,fuck
416,124,242,390,fuck
417,123,249,388,fuck
421,130,224,380,fuck
419,124,256,389,fuck
424,105,260,392,fuck
421,126,261,400,fuck
421,83,265,385,fuck
421,144,259,394,fuck
393,125,251,416,fuck
429,128,289,418,fuck
417,131,252,420,fuck
413,126,251,422,fuck
419,133,249,431,fuck
418,133,246,422,fuck
397,132,244,423,fuck
417,125,246,408,fuck
440,135,234,410,fuck
418,148,241,413,fuck
421,130,245,412,fuck
428,119,246,408,fuck
422,129,242,404,fuck
435,137,250,420,fuck
424,131,238,418,fuck
439,130,241,418,fuck
424,150,234,404,fuck
429,74,245,397,fuck
431,130,228,410,fuck
427,129,217,399,fuck
434,131,233,397,fuck
421,128,229,401,fuck
424,118,242,382,fuck
413,121,234,386,fuck
421,128,231,391,fuck
405,123,232,385,fuck
413,133,240,379,fuck
414,118,253,376,fuck
421,123,218,367,fuck
418,113,240,357,fuck
412,124,237,372,fuck
416,129,235,370,fuck
387,122,231,382,fuck
420,125,235,363,fuck
418,133,235,368,fuck
423,138,233,349,fuck
421,129,256,342,fuck
423,124,234,341,fuck
418,118,242,340,fuck
420,122,251,330,fuck
417,130,241,370,fuck
404,111,236,370,fuck
418,123,236,369,fuck
416,118,239,361,fuck
408,128,242,363,fuck
413,121,234,374,fuck
424,120,222,372,fuck
416,119,228,373,fuck
394,118,226,368,fuck
445,122,229,385,fuck
418,121,220,372,fuck
420,118,244,366,fuck
421,121,216,363,fuck
421,134,233,348,fuck
421,120,223,352,fuck
423,124,221,347,fuck
423,120,238,356,fuck
426,120,212,357,fuck
416,118,233,364,fuck
421,125,222,361,fuck
416,126,205,357,fuck
425,116,214,352,fuck
427,125,217,347,fuck
414,122,216,342,fuck
427,117,203,334,fuck
431,126,218,333,fuck
431,122,218,344,fuck
427,132,222,352,fuck
430,115,225,345,fuck
433,128,243,342,fuck
431,124,223,336,fuck
431,129,232,328,fuck
431,130,212,335,fuck
431,128,239,330,fuck
429,189,226,330,fuck
429,139,231,311,fuck
430,117,219,345,fuck
427,125,176,354,fuck
427,128,238,355,fuck
427,138,227,311,fuck
437,99,226,356,fuck
429,144,251,369,fuck
416,170,231,354,fuck
422,134,241,360,fuck
424,133,229,366,fuck
423,133,237,372,fuck
406,129,225,373,fuck
412,130,228,376,fuck
420,137,221,377,fuck
422,126,232,380,fuck
322,132,238,382,fuck
417,133,244,382,fuck
418,117,249,384,fuck
424,132,233,398,fuck
415,129,242,379,fuck
422,133,242,390,fuck
459,136,244,349,fuck
418,113,240,386,fuck
422,135,240,340,fuck
419,128,242,380,fuck
421,128,345,374,fuck
416,124,239,381,fuck
416,126,238,395,fuck
413,120,247,402,fuck
413,128,235,390,fuck
418,44,226,381,fuck
416,126,222,384,fuck
416,122,299,374,fuck
406,126,235,382,fuck
418,128,244,380,fuck
415,125,249,393,fuck
422,121,248,371,fuck
415,124,260,365,fuck
414,124,248,365,fuck
414,126,254,360,fuck
425,123,244,359,fuck
416,116,245,347,fuck
414,113,261,343,fuck
431,125,239,344,fuck
425,123,238,354,fuck
418,128,233,367,fuck
416,128,238,359,fuck
410,125,232,352,fuck
409,119,220,344,fuck
408,126,230,341,fuck
409,134,237,356,fuck
415,134,234,360,fuck
411,129,244,391,fuck
406,134,252,386,fuck
412,152,262,384,fuck
404,140,282,385,fuck
419,130,292,381,fuck
430,142,332,378,fuck
418,188,308,363,fuck
423,149,316,373,fuck
423,149,291,370,fuck
444,123,303,379,fuck
432,137,306,371,fuck
435,136,301,369,fuck
440,140,301,366,fuck
435,133,299,361,fuck
448,133,317,397,fuck
438,132,292,387,fuck
442,129,316,371,fuck
430,134,287,404,fuck
428,132,289,400,fuck
437,128,285,415,fuck
431,131,282,415,fuck
435,121,291,412,fuck
430,130,276,410,fuck
431,135,280,407,fuck
430,130,264,419,fuck
433,138,186,411,fuck
424,114,272,435,fuck
430,130,272,443,fuck
426,130,256,465,fuck
427,128,257,460,fuck
435,120,256,471,fuck
468,128,276,476,fuck
440,136,285,476,fuck
427,128,299,487,fuck
434,128,282,497,fuck
437,131,268,497,fuck
442,165,280,498,fuck
425,126,275,490,fuck
424,160,272,498,fuck
431,131,273,502,fuck
436,125,295,503,fuck
430,128,272,490,fuck
433,112,272,473,fuck
440,125,260,478,fuck
434,124,261,478,fuck
439,120,257,488,fuck
442,117,267,484,fuck
437,113,265,459,fuck
434,194,256,472,fuck
433,114,242,475,fuck
454,123,252,477,fuck
432,123,241,481,fuck
433,123,257,472,fuck
418,114,252,482,fuck
428,128,284,481,fuck
426,124,264,484,fuck
417,124,252,496,fuck
426,61,250,490,fuck
432,142,247,487,fuck
431,124,247,476,fuck
430,113,244,466,fuck
431,117,236,467,fuck
432,124,253,456,fuck
435,124,237,473,fuck
435,125,261,464,fuck
434,120,266,467,fuck
420,119,287,460,fuck
430,122,276,453,fuck
381,134,282,443,fuck
427,111,281,415,fuck
431,120,262,432,fuck
423,121,279,439,fuck
481,120,275,433,fuck
438,122,280,423,fuck
439,113,277,418,fuck
440,131,279,423,fuck
443,118,280,395,fuck
428,120,279,395,fuck
439,119,305,395,fuck
442,119,273,418,fuck
437,120,258,442,fuck
442,120,283,444,fuck
446,122,248,444,fuck
440,120,264,448,fuck
436,119,266,448,fuck
436,119,248,442,fuck
435,112,261,439,fuck
441,123,256,433,fuck
448,117,263,444,fuck
447,112,256,445,fuck
453,124,272,440,fuck
440,125,267,440,fuck
442,125,280,429,fuck
370,126,270,441,fuck
439,121,269,434,fuck
437,137,265,439,fuck
434,134,256,437,fuck
426,136,234,446,fuck
375,139,257,442,fuck
441,148,236,442,fuck
437,152,243,442,fuck
433,133,258,435,fuck
435,143,256,430,fuck
432,143,253,467,fuck
443,153,247,447,fuck
441,137,256,438,fuck
444,60,261,440,fuck
445,146,253,441,fuck
434,146,256,444,fuck
439,155,249,427,fuck
435,144,249,420,fuck
441,152,315,416,fuck
435,150,245,414,fuck
433,144,240,393,fuck
431,141,253,402,fuck
436,162,260,404,fuck
436,141,262,423,fuck
434,142,257,413,fuck
428,146,244,421,fuck
437,142,256,404,fuck
437,141,254,404,fuck
445,131,247,414,fuck
440,141,268,411,fuck
438,145,249,417,fuck
437,137,251,436,fuck
435,137,250,438,fuck
475,136,247,431,fuck
434,136,254,442,fuck
437,131,252,431,fuck
435,145,249,424,fuck
416,142,300,443,fuck
430,145,243,449,fuck
428,146,262,444,fuck
431,148,240,440,fuck
423,145,239,434,fuck
440,145,271,431,fuck
424,145,238,448,fuck
446,138,234,440,fuck
420,144,241,429,fuck
424,123,221,442,fuck
357,142,233,434,fuck
426,141,237,446,fuck
429,144,311,474,fuck
427,131,236,466,fuck
431,138,243,454,fuck
429,139,240,456,fuck
436,142,247,454,fuck
437,144,253,457,fuck
443,142,273,479,fuck
460,139,280,478,fuck
441,140,261,468,fuck
442,136,272,520,fuck
452,134,279,491,fuck
452,136,270,488,fuck
451,136,168,502,fuck
448,134,266,487,fuck
441,122,271,482,fuck
425,155,262,489,fuck
430,134,258,487,fuck
448,137,256,492,fuck
439,133,256,485,fuck
445,121,256,477,fuck
447,133,253,473,fuck
433,128,293,466,fuck
452,136,243,456,fuck
426,132,252,455,fuck
443,128,248,441,fuck
434,132,251,432,fuck
428,125,259,447,fuck
442,147,260,438,fuck
423,129,254,436,fuck
470,128,258,443,fuck
432,128,258,422,fuck
428,128,266,415,fuck
436,130,252,434,fuck
422,129,244,500,fuck
433,128,251,443,fuck
429,128,262,443,fuck
425,121,245,450,fuck
427,128,253,461,fuck
433,147,249,448,fuck
432,141,258,441,fuck
431,124,253,438,fuck
432,118,253,434,fuck
433,125,251,427,fuck
431,121,258,427,fuck
435,122,244,450,fuck
425,125,265,437,fuck
427,111,248,441,fuck
425,121,273,432,fuck
424,122,256,429,fuck
431,123,268,433,fuck
426,126,258,409,fuck
428,124,256,411,fuck
425,136,257,405,fuck
434,125,242,427,fuck
426,128,252,376,fuck
414,125,252,417,fuck
438,126,250,411,fuck
431,108,246,426,fuck
441,124,244,434,fuck
434,133,236,410,fuck
434,124,251,407,fuck
433,145,239,409,fuck
434,122,237,388,fuck
434,126,265,397,fuck
443,105,241,392,fuck
439,118,236,395,fuck
444,123,237,390,fuck
436,121,234,402,fuck
438,123,223,402,fuck
433,122,234,395,fuck
431,124,240,389,fuck
412,125,232,370,fuck
418,125,235,379,fuck
426,121,222,372,fuck
447,129,235,398,fuck
426,124,230,363,fuck
430,122,218,363,fuck
422,122,232,378,fuck
425,134,215,400,fuck
428,118,229,393,fuck
431,113,249,396,fuck
420,126,224,385,fuck
429,120,216,382,fuck
439,116,220,382,fuck
428,123,220,381,fuck
480,116,219,304,fuck
426,121,214,374,fuck
432,107,215,368,fuck
383,129,219,359,fuck
432,116,213,353,fuck
432,122,212,339,fuck
416,117,212,337,fuck
427,58,218,339,fuck
419,115,211,336,fuck
421,119,206,326,fuck
417,119,212,335,fuck
407,116,206,338,fuck
426,122,208,318,fuck
418,117,205,344,fuck
414,118,205,352,fuck
417,165,201,340,fuck
420,117,203,329,fuck
412,117,201,338,fuck
414,116,224,330,fuck
415,114,209,333,fuck
397,113,204,352,fuck
407,114,226,351,fuck
415,115,198,356,fuck
416,118,200,352,fuck
417,118,196,343,fuck
412,64,197,350,fuck
409,114,245,347,fuck
413,116,201,347,fuck
413,112,208,346,fuck
413,71,200,350,fuck
416,118,211,346,fuck
410,108,206,347,fuck
410,115,206,332,fuck
401,111,208,356,fuck
412,120,198,340,fuck
414,114,251,338,fuck
410,115,184,324,fuck
409,117,200,330,fuck
408,115,197,338,fuck
407,119,186,334,fuck
404,108,188,331,fuck
408,111,193,333,fuck
405,112,193,330,fuck
406,116,198,388,fuck
426,114,193,323,fuck
408,116,192,318,fuck
394,124,184,320,fuck
407,102,194,326,fuck
400,123,186,337,fuck
391,112,191,328,fuck
406,104,207,321,fuck
403,115,197,335,fuck
392,110,197,337,fuck
405,114,191,365,fuck
404,109,186,371,fuck
405,101,193,385,fuck
385,117,186,377,fuck
394,101,193,427,fuck
402,112,193,375,fuck
401,122,191,373,fuck
402,100,192,378,fuck
407,113,195,365,fuck
405,108,218,349,fuck
405,106,179,365,fuck
409,110,209,388,fuck
407,112,180,389,fuck
409,115,196,386,fuck
401,97,203,376,fuck
426,116,200,392,fuck
421,130,201,403,fuck
417,110,187,417,fuck
415,115,200,417,fuck
407,114,203,416,fuck
414,115,200,425,fuck
415,111,198,436,fuck
416,116,192,436,fuck
416,206,182,435,fuck
422,123,200,431,fuck
412,126,188,421,fuck
423,118,192,417,fuck
418,120,194,448,fuck
431,117,192,418,fuck
418,125,196,440,fuck
401,119,197,426,fuck
439,123,188,418,fuck
420,130,201,412,fuck
422,118,199,407,fuck
425,121,208,408,fuck
418,119,241,414,fuck
421,157,220,413,fuck
429,118,224,413,fuck
397,119,230,419,fuck
421,136,233,420,fuck
422,117,236,416,fuck
423,123,233,425,fuck
422,107,235,416,fuck
415,119,228,424,fuck
422,101,233,419,fuck
406,114,144,417,fuck
420,119,228,434,fuck
416,117,225,441,fuck
437,115,224,438,fuck
416,116,226,433,fuck
416,119,231,430,fuck
421,125,231,430,fuck
400,115,220,411,fuck
425,124,222,430,fuck
425,136,224,424,fuck
426,128,217,417,fuck
426,140,217,432,fuck
424,131,214,423,fuck
435,122,209,425,fuck
411,125,215,410,fuck
378,133,210,408,fuck
420,154,212,399,fuck
417,132,223,397,fuck
418,139,209,396,fuck
411,134,205,430,fuck
416,136,209,441,fuck
415,140,192,421,fuck
419,136,219,424,fuck
420,134,212,421,fuck
429,136,232,429,fuck
423,187,237,439,fuck
430,146,226,444,fuck
429,133,225,455,fuck
427,132,246,439,fuck
442,135,243,451,fuck
441,131,229,453,fuck
445,133,247,469,fuck
443,130,239,473,fuck
448,131,230,462,fuck
444,128,278,453,fuck
444,129,233,440,fuck
443,134,260,446,fuck
444,137,268,457,fuck
444,124,272,473,fuck
440,119,272,458,fuck
445,130,269,458,fuck
439,126,269,455,fuck
442,130,274,543,fuck
438,122,269,464,fuck
436,134,267,455,fuck
432,124,264,478,fuck
440,128,264,478,fuck
442,130,356,488,fuck
436,123,239,489,fuck
439,118,299,494,fuck
451,125,257,485,fuck
437,125,251,500,fuck
451,123,250,507,fuck
439,125,247,502,fuck
432,136,248,508,fuck
433,125,247,510,fuck
445,124,248,525,fuck
460,124,240,507,fuck
448,124,250,512,fuck
451,128,239,528,fuck
438,126,239,502,fuck
433,125,248,510,fuck
445,130,238,500,fuck
445,124,239,495,fuck
479,128,235,513,fuck
442,128,256,478,fuck
444,126,216,472,fuck
447,121,228,481,fuck
437,126,218,478,fuck
432,122,232,491,fuck
435,119,224,494,fuck
451,124,217,512,fuck
438,124,233,522,fuck
450,110,241,512,fuck
426,120,247,503,fuck
432,117,251,483,fuck
443,121,260,488,fuck
418,119,270,493,fuck
443,122,211,486,fuck
480,121,264,484,fuck
445,124,289,514,fuck
448,125,275,513,fuck
450,121,276,506,fuck
475,123,276,521,fuck
456,118,266,512,fuck
459,106,294,512,fuck
463,124,274,506,fuck
469,111,285,500,fuck
460,118,283,494,fuck
456,113,288,482,fuck
457,116,280,499,fuck
468,120,279,478,fuck
477,124,265,483,fuck
460,118,268,475,fuck
448,120,280,463,fuck
459,119,271,464,fuck
460,134,173,449,fuck
456,117,265,453,fuck
459,125,254,444,fuck
459,124,252,454,fuck
451,132,254,450,fuck
449,133,262,439,fuck
437,129,264,409,fuck
446,134,251,445,fuck
445,118,270,440,fuck
445,144,232,438,fuck
434,151,253,442,fuck
446,149,245,453,fuck
428,151,247,453,fuck
449,146,246,464,fuck
448,147,238,457,fuck
448,144,245,450,fuck
448,140,246,448,fuck
451,94,250,440,fuck
453,135,249,434,fuck
450,144,228,446,fuck
442,141,244,443,fuck
462,141,229,456,fuck
457,139,234,443,fuck
453,149,240,441,fuck
437,152,231,424,fuck
449,153,242,427,fuck
446,148,221,424,fuck
445,150,216,424,fuck
444,155,227,434,fuck
447,152,234,431,fuck
443,148,238,440,fuck
443,148,211,416,fuck
452,148,222,419,fuck
447,151,226,419,fuck
440,151,221,414,fuck
439,144,225,397,fuck
429,139,213,396,fuck
426,143,224,388,fuck
441,141,247,425,fuck
436,133,222,414,fuck
435,141,222,413,fuck
434,153,216,412,fuck
462,141,220,416,fuck
441,143,218,414,fuck
432,143,218,403,fuck
432,145,202,392,fuck
429,165,216,413,fuck
335,146,213,441,fuck
426,142,220,432,fuck
431,148,216,447,fuck
430,151,211,449,fuck
433,137,213,450,fuck
439,147,221,441,fuck
426,144,211,434,fuck
432,145,226,383,fuck
430,158,219,458,fuck
435,152,217,459,fuck
433,139,181,462,fuck
423,108,224,446,fuck
450,140,214,448,fuck
379,150,209,438,fuck
430,138,215,435,fuck
432,138,199,438,fuck
423,139,209,427,fuck
425,139,216,437,fuck
422,145,206,426,fuck
427,119,203,423,fuck
458,141,184,429,fuck
425,138,230,418,fuck
428,134,205,421,fuck
426,135,207,399,fuck
424,134,199,396,fuck
442,138,213,411,fuck
427,134,200,409,fuck
436,133,200,408,fuck
429,134,196,404,fuck
428,131,156,404,fuck
410,133,199,397,fuck
427,115,198,387,fuck
424,131,189,382,fuck
424,136,213,381,fuck
424,132,207,407,fuck
424,129,195,415,fuck
426,132,206,421,fuck
426,131,198,419,fuck
426,130,197,413,fuck
428,130,158,416,fuck
419,129,189,431,fuck
430,158,193,424,fuck
416,125,188,427,fuck
422,129,190,427,fuck
422,118,169,442,fuck
418,128,188,436,fuck
473,121,189,449,fuck
418,121,183,443,fuck
412,124,176,428,fuck
414,140,183,434,fuck
404,125,184,416,fuck
411,135,178,432,fuck
435,103,183,432,fuck
411,129,204,435,fuck
446,126,182,432,fuck
411,125,183,432,fuck
411,132,178,424,fuck
407,125,181,408,fuck
420,116,184,412,fuck
422,128,175,408,fuck
432,124,181,407,fuck
435,129,190,400,fuck
429,123,198,384,fuck
428,123,201,385,fuck
433,129,204,305,fuck
441,121,201,305,fuck
437,122,201,370,fuck
444,115,196,369,fuck
462,133,186,359,fuck
445,124,194,424,fuck
452,138,198,394,fuck
440,129,199,388,fuck
431,107,204,386,fuck
438,124,202,392,fuck
439,129,197,380,fuck
436,133,194,391,fuck
440,130,195,380,fuck
437,130,195,388,fuck
436,114,195,416,fuck
436,132,194,423,fuck
395,131,198,430,fuck
433,129,181,430,fuck
434,116,208,432,fuck
434,128,178,433,fuck
430,130,189,447,fuck
426,125,190,454,fuck
423,125,179,452,fuck
430,130,192,474,fuck
435,131,190,469,fuck
341,128,197,502,fuck
420,116,188,477,fuck
427,126,187,492,fuck
427,127,185,495,fuck
436,135,185,490,fuck
418,121,220,501,fuck
433,148,191,520,fuck
429,106,192,516,fuck
428,131,189,529,fuck
429,125,190,530,fuck
374,118,190,534,fuck
426,125,203,533,fuck
438,134,197,489,fuck
435,120,204,535,fuck
437,117,206,520,fuck
434,121,201,510,fuck
424,122,194,534,fuck
435,123,205,526,fuck
432,120,204,542,fuck
422,121,182,521,fuck
430,40,198,518,fuck
417,125,185,509,fuck
416,124,197,518,fuck
440,121,194,516,fuck
413,122,200,512,fuck
430,122,206,508,fuck
425,130,210,502,fuck
418,128,225,496,fuck
443,119,220,482,fuck
430,104,218,480,fuck
432,121,196,488,fuck
432,123,215,484,fuck
458,123,206,473,fuck
432,128,231,486,fuck
432,113,211,474,fuck
434,125,202,528,fuck
421,120,213,487,fuck
435,110,213,488,fuck
456,131,216,484,fuck
438,118,211,464,fuck
440,128,205,461,fuck
433,118,217,473,fuck
438,125,220,507,fuck
442,123,208,465,fuck
435,117,217,478,fuck
426,115,218,455,fuck
434,120,216,452,fuck
441,59,205,443,fuck
430,116,214,431,fuck
428,120,206,433,fuck
428,113,210,435,fuck
401,120,213,431,fuck
428,128,211,419,fuck
426,119,210,420,fuck
420,117,207,419,fuck
423,116,229,416,fuck
426,107,198,434,fuck
425,116,265,420,fuck
423,118,197,423,fuck
422,120,201,430,fuck
423,118,206,453,fuck
414,126,202,446,fuck
441,122,204,447,fuck
416,122,206,452,fuck
423,143,205,444,fuck
408,121,198,442,fuck
423,133,199,453,fuck
416,144,202,446,fuck
422,126,189,453,fuck
422,125,206,455,fuck
422,122,221,451,fuck
424,123,206,462,fuck
418,109,207,473,fuck
421,114,208,485,fuck
415,123,215,468,fuck
416,122,205,469,fuck
406,121,212,474,fuck
420,138,225,499,fuck
427,124,215,520,fuck
443,126,225,498,fuck
426,108,239,498,fuck
421,133,240,490,fuck
432,120,256,476,fuck
436,122,165,473,fuck
436,121,251,470,fuck
434,108,278,440,fuck
427,120,254,464,fuck
443,122,256,465,fuck
446,121,252,457,fuck
439,119,253,450,fuck
441,99,247,433,fuck
444,119,249,433,fuck
442,119,239,416,fuck
439,177,246,418,fuck
439,105,248,426,fuck
435,138,239,448,fuck
433,122,235,443,fuck
422,117,246,430,fuck
436,125,241,443,fuck
423,132,246,445,fuck
394,106,237,398,fuck
441,118,236,444,fuck
437,114,231,437,fuck
441,123,247,431,fuck
436,118,236,449,fuck
424,119,236,443,fuck
433,105,237,418,fuck
439,116,229,427,fuck
429,119,220,426,fuck
454,98,235,438,fuck
435,114,229,429,fuck
440,119,230,425,fuck
460,118,222,430,fuck
439,110,231,423,fuck
466,118,229,422,fuck
435,116,221,411,fuck
426,116,233,421,fuck
433,113,202,396,fuck
438,114,227,392,fuck
430,113,228,395,fuck
437,114,219,384,fuck
348,115,233,441,fuck
438,120,211,427,fuck
443,118,226,427,fuck
439,114,233,433,fuck
439,117,240,433,fuck
430,112,258,428,fuck
432,120,247,394,fuck
516,102,248,449,fuck
444,116,250,468,fuck
431,117,261,442,fuck
436,128,250,470,fuck
436,120,249,528,fuck
433,115,243,482,fuck
437,117,239,478,fuck
430,121,239,464,fuck
436,118,189,461,fuck
412,120,238,460,fuck
441,115,236,466,fuck
431,123,242,467,fuck
424,162,230,465,fuck
435,123,234,471,fuck
446,129,221,453,fuck
458,120,228,458,fuck
423,118,220,457,fuck
435,113,227,453,fuck
434,119,221,446,fuck
434,112,225,423,fuck
432,130,223,441,fuck
428,120,229,433,fuck
430,122,225,442,fuck
428,119,220,459,fuck
422,121,222,448,fuck
433,134,218,450,fuck
425,122,218,461,fuck
413,120,219,453,fuck
438,117,213,471,fuck
437,113,228,472,fuck
429,116,231,466,fuck
429,110,217,458,fuck
428,115,232,461,fuck
476,131,233,464,fuck
423,116,228,431,fuck
423,118,210,427,fuck
426,115,225,433,fuck
425,128,225,441,fuck
424,101,225,442,fuck
424,107,221,440,fuck
422,124,215,446,fuck
414,100,220,436,fuck
427,135,219,427,fuck
412,114,215,420,fuck
431,116,222,418,fuck
459,125,225,415,fuck
429,117,229,448,fuck
423,117,208,443,fuck
408,116,225,444,fuck
434,115,224,463,fuck
433,111,221,463,fuck
433,114,218,449,fuck
426,119,221,452,fuck
428,115,219,439,fuck
418,117,217,424,fuck
431,114,215,426,fuck
426,107,212,427,fuck
440,117,215,417,fuck
430,110,223,410,fuck
421,115,214,402,fuck
415,123,201,396,fuck
420,108,220,404,fuck
427,120,236,393,fuck
431,117,229,398,fuck
434,100,229,418,fuck
431,120,217,420,fuck
444,119,224,412,fuck
414,119,208,404,fuck
426,112,222,406,fuck
430,120,225,410,fuck
424,120,221,420,fuck
432,116,222,509,fuck
431,117,217,432,fuck
432,111,224,420,fuck
429,132,217,423,fuck
431,122,214,437,fuck
438,118,212,435,fuck
432,106,239,431,fuck
431,120,222,414,fuck
429,118,206,411,fuck
426,104,219,406,fuck
429,115,322,415,fuck
424,116,221,418,fuck
424,116,212,409,fuck
420,124,214,401,fuck
418,118,218,404,fuck
420,118,215,393,fuck
423,117,216,393,fuck
416,136,206,405,fuck
414,117,216,384,fuck
419,116,216,395,fuck
420,122,212,383,fuck
417,117,210,384,fuck
414,106,210,382,fuck
416,117,210,373,fuck
414,104,206,377,fuck
395,115,205,380,fuck
420,104,219,375,fuck
415,113,209,378,fuck
414,105,214,395,fuck
415,113,215,391,fuck
412,118,239,409,fuck
419,115,238,401,fuck
416,116,214,393,fuck
417,109,216,386,fuck
418,115,204,399,fuck
417,115,199,401,fuck
419,116,199,402,fuck
406,113,222,406,fuck
420,116,200,402,fuck
423,113,215,406,fuck
426,114,230,408,fuck
425,130,216,405,fuck
425,122,230,431,fuck
423,115,214,450,fuck
413,131,218,433,fuck
420,161,208,431,fuck
420,105,208,434,fuck
419,112,212,431,fuck
376,107,212,440,fuck
417,117,198,454,fuck
418,116,209,432,fuck
418,115,209,437,fuck
422,113,222,421,fuck
422,114,204,423,fuck
428,122,219,438,fuck
412,129,204,424,fuck
425,115,206,410,fuck
415,110,226,415,fuck
419,121,204,424,fuck
415,119,196,420,fuck
416,112,213,439,fuck
414,112,204,420,fuck
406,107,202,437,fuck
420,114,200,437,fuck
421,113,205,415,fuck
428,114,200,461,fuck
428,105,216,467,fuck
416,112,217,475,fuck
435,114,221,465,fuck
436,116,216,479,fuck
434,130,207,467,fuck
424,121,238,467,fuck
433,112,215,460,fuck
431,102,220,454,fuck
424,112,217,444,fuck
435,113,214,440,fuck
430,101,204,431,fuck
430,104,215,429,fuck
435,113,216,428,fuck
434,108,215,426,fuck
434,118,203,495,fuck
445,113,151,431,fuck
438,113,206,433,fuck
389,122,218,424,fuck
412,113,244,418,fuck
442,110,220,410,fuck
435,125,233,427,fuck
438,108,233,423,fuck
436,111,249,424,fuck
432,112,248,446,fuck
434,113,235,442,fuck
431,114,241,450,fuck
433,114,244,449,fuck
431,115,248,446,fuck
424,109,259,425,fuck
434,131,208,425,fuck
432,98,237,424,fuck
434,96,239,432,fuck
431,112,241,437,fuck
439,112,238,440,fuck
409,121,231,456,fuck
433,111,234,460,fuck
469,114,233,515,fuck
435,102,236,462,fuck
432,113,213,477,fuck
428,92,236,465,fuck
438,120,231,479,fuck
435,107,240,463,fuck
434,114,227,471,fuck
395,122,214,470,fuck
490,112,226,467,fuck
424,105,222,462,fuck
429,107,221,452,fuck
427,103,220,444,fuck
429,131,196,436,fuck
353,113,227,453,fuck
431,116,230,448,fuck
435,110,222,437,fuck
431,110,213,422,fuck
426,117,227,430,fuck
439,112,220,435,fuck
443,112,209,446,fuck
436,108,219,427,fuck
432,130,208,419,fuck
456,112,217,435,fuck
429,109,212,419,fuck
430,112,206,419,fuck
431,114,210,416,fuck
425,112,195,404,fuck
426,118,209,404,fuck
425,123,208,397,fuck
422,174,210,392,fuck
423,136,206,384,fuck
424,140,210,338,fuck
423,148,211,388,fuck
422,136,213,367,fuck
438,146,212,380,fuck
426,140,224,377,fuck
432,135,235,373,fuck
428,141,247,369,fuck
431,138,242,370,fuck
428,78,247,393,fuck
430,181,257,384,fuck
431,125,249,387,fuck
436,139,253,376,fuck
446,138,186,374,fuck
420,140,244,368,fuck
428,129,256,350,fuck
434,125,240,361,fuck
427,133,256,360,fuck
435,137,252,354,fuck
451,138,254,344,fuck
445,136,260,348,fuck
438,136,271,340,fuck
432,128,249,347,fuck
436,154,254,342,fuck
434,141,260,334,fuck
442,129,256,325,fuck
430,141,251,329,fuck
428,139,252,343,fuck
430,143,247,341,fuck
428,138,285,342,fuck
430,128,250,368,fuck
424,138,254,362,fuck
450,147,235,369,fuck
429,138,253,374,fuck
429,132,247,376,fuck
430,136,245,381,fuck
431,120,252,402,fuck
414,136,237,410,fuck
432,134,231,413,fuck
442,136,238,417,fuck
426,135,241,414,fuck
430,130,260,386,fuck
425,135,258,419,fuck
409,130,237,420,fuck
438,133,232,422,fuck
422,130,239,418,fuck
426,125,245,410,fuck
477,132,232,413,fuck
425,139,231,412,fuck
419,142,231,406,fuck
412,133,226,388,fuck
417,140,226,394,fuck
401,128,225,399,fuck
418,133,241,396,fuck
422,132,222,410,fuck
421,130,209,406,fuck
420,129,219,399,fuck
413,128,221,395,fuck
433,122,210,388,fuck
426,128,197,386,fuck
433,130,220,379,fuck
430,122,211,369,fuck
436,130,213,400,fuck
449,128,219,417,fuck
439,133,211,395,fuck
424,128,197,394,fuck
429,143,210,402,fuck
419,79,210,396,fuck
418,126,186,423,fuck
425,133,209,417,fuck
421,117,202,414,fuck
418,139,210,435,fuck
406,123,204,431,fuck
425,128,203,433,fuck
408,128,208,441,fuck
428,130,205,455,fuck
428,132,211,452,fuck
427,118,204,443,fuck
435,123,205,434,fuck
447,139,190,431,fuck
434,136,205,423,fuck
435,147,205,416,fuck
438,124,203,416,fuck
439,129,200,417,fuck
446,130,201,421,fuck
442,132,201,426,fuck
444,124,196,436,fuck
441,128,208,418,fuck
451,66,188,409,fuck
453,112,201,428,fuck
447,134,196,411,fuck
449,129,130,411,fuck
433,139,199,405,fuck
437,132,194,403,fuck
446,128,210,386,fuck
443,128,214,387,fuck
425,134,235,375,fuck
428,128,226,377,fuck
393,139,225,389,fuck
439,126,212,382,fuck
441,117,229,377,fuck
441,115,228,407,fuck
455,125,214,419,fuck
446,144,228,406,fuck
456,125,222,418,fuck
451,128,222,417,fuck
454,124,222,411,fuck
459,121,223,429,fuck
447,131,219,421,fuck
449,128,221,419,fuck
449,123,228,423,fuck
450,116,227,418,fuck
454,126,217,416,fuck
456,124,225,408,fuck
457,125,231,412,fuck
455,116,244,418,fuck
462,124,238,432,fuck
451,106,233,428,fuck
461,126,233,422,fuck
464,125,224,417,fuck
454,132,218,429,fuck
455,119,228,416,fuck
453,140,196,408,fuck
444,124,224,407,fuck
455,132,213,442,fuck
456,123,222,422,fuck
474,123,218,429,fuck
452,128,218,476,fuck
450,123,216,431,fuck
450,107,215,445,fuck
448,122,216,435,fuck
452,118,224,438,fuck
446,134,212,436,fuck
452,135,211,426,fuck
455,136,212,418,fuck
454,122,210,404,fuck
450,123,209,415,fuck
447,122,200,432,fuck
446,124,208,421,fuck
454,128,209,427,fuck
448,123,211,426,fuck
441,124,207,434,fuck
427,128,206,425,fuck
445,128,207,430,fuck
447,123,208,418,fuck
448,123,203,418,fuck
462,128,203,416,fuck
447,126,223,414,fuck
442,135,222,419,fuck
444,131,216,408,fuck
437,137,226,418,fuck
432,140,204,409,fuck
439,142,201,391,fuck
445,146,201,389,fuck
438,142,197,379,fuck
433,153,202,374,fuck
426,140,112,376,fuck
428,170,215,370,fuck
433,145,192,370,fuck
430,129,204,372,fuck
448,112,196,381,fuck
452,142,199,390,fuck
430,132,200,387,fuck
429,160,196,406,fuck
431,149,192,401,fuck
434,147,196,399,fuck
432,150,205,412,fuck
421,136,196,391,fuck
424,148,188,416,fuck
426,164,190,410,fuck
426,144,194,406,fuck
424,141,191,384,fuck
435,123,188,376,fuck
433,133,191,388,fuck
450,143,192,372,fuck
443,139,187,391,fuck
436,137,188,400,fuck
438,141,198,404,fuck
437,138,195,388,fuck
438,134,195,390,fuck
436,136,187,372,fuck
439,135,230,377,fuck
348,138,213,363,fuck
435,136,220,380,fuck
423,144,228,383,fuck
427,159,214,405,fuck
389,158,205,407,fuck
453,134,212,416,fuck
439,152,213,418,fuck
445,142,211,426,fuck
449,149,210,425,fuck
449,132,218,423,fuck
445,143,213,418,fuck
436,140,212,409,fuck
451,142,205,418,fuck
449,200,209,426,fuck
447,141,215,424,fuck
443,140,206,422,fuck
432,137,220,420,fuck
445,146,204,423,fuck
426,140,204,425,fuck
443,129,202,421,fuck
462,142,202,446,fuck
441,137,208,444,fuck
447,141,203,439,fuck
445,142,193,437,fuck
440,141,203,443,fuck
438,139,203,436,fuck
437,136,202,448,fuck
425,142,191,433,fuck
446,135,192,426,fuck
436,132,190,424,fuck
426,132,186,437,fuck
429,134,199,444,fuck
465,143,200,502,fuck
433,129,204,436,fuck
432,129,192,441,fuck
433,138,290,433,fuck
421,134,196,427,fuck
432,143,96,411,fuck
430,135,196,427,fuck
431,136,196,438,fuck
395,136,194,442,fuck
428,135,192,437,fuck
425,150,165,431,fuck
431,130,193,444,fuck
427,136,182,445,fuck
424,133,195,441,fuck
428,152,184,436,fuck
424,171,192,449,fuck
425,123,176,444,fuck
420,149,190,437,fuck
425,132,194,436,fuck
433,77,186,434,fuck
456,130,187,432,fuck
423,141,206,431,fuck
441,141,179,447,fuck
422,120,184,436,fuck
417,121,187,455,fuck
420,130,183,449,fuck
425,124,165,451,fuck
416,148,176,454,fuck
440,130,178,443,fuck
411,141,183,458,fuck
416,119,183,454,fuck
422,140,183,464,fuck
400,128,186,457,fuck
412,130,190,462,fuck
397,125,193,469,fuck
412,123,183,464,fuck
413,130,228,465,fuck
413,48,183,462,fuck
410,128,181,458,fuck
406,130,185,452,fuck
410,129,180,433,fuck
408,145,181,436,fuck
467,126,175,455,fuck
418,128,176,463,fuck
406,128,180,441,fuck
408,128,182,478,fuck
378,126,176,455,fuck
408,123,179,453,fuck
413,133,178,446,fuck
406,126,177,443,fuck
407,127,174,440,fuck
479,125,176,433,fuck
407,114,190,458,fuck
512,128,177,430,fuck
408,115,177,430,fuck
406,118,178,456,fuck
407,124,176,436,fuck
407,65,176,439,fuck
410,125,175,390,fuck
404,124,176,460,fuck
404,132,179,443,fuck
395,136,175,453,fuck
411,124,171,463,fuck
392,131,192,467,fuck
400,131,200,469,fuck
400,130,174,480,fuck
402,132,179,471,fuck
400,130,174,471,fuck
404,121,178,475,fuck
403,118,188,467,fuck
399,134,174,464,fuck
402,149,178,485,fuck
398,173,172,473,fuck
401,130,176,463,fuck
405,130,107,462,fuck
402,124,174,464,fuck
398,146,185,461,fuck
398,146,198,471,fuck
402,133,196,482,fuck
405,148,183,480,fuck
404,145,192,473,fuck
402,145,191,475,fuck
398,148,171,472,fuck
395,144,176,463,fuck
400,114,189,464,fuck
400,154,212,470,fuck
399,146,200,470,fuck
402,151,189,473,fuck
407,162,193,460,fuck
404,165,195,457,fuck
401,88,196,440,fuck
407,142,196,442,fuck
401,142,191,436,fuck
408,145,188,429,fuck
393,140,195,438,fuck
394,169,201,432,fuck
402,141,196,427,fuck
391,141,205,422,fuck
414,133,202,420,fuck
399,143,206,369,fuck
398,137,193,413,fuck
409,137,206,416,fuck
409,129,205,405,fuck
411,136,212,411,fuck
417,141,205,409,fuck
414,79,204,411,fuck
416,136,186,402,fuck
420,142,204,389,fuck
416,134,202,393,fuck
420,139,228,407,fuck
415,128,205,386,fuck
421,141,203,398,fuck
416,134,208,395,fuck
430,133,186,395,fuck
429,140,208,387,fuck
436,137,207,381,fuck
434,144,203,375,fuck
429,126,200,380,fuck
435,130,197,363,fuck
414,129,207,360,fuck
429,131,201,358,fuck
429,136,199,406,fuck
448,133,201,368,fuck
436,132,205,371,fuck
424,130,207,373,fuck
429,132,206,374,fuck
428,140,207,363,fuck
430,131,207,373,fuck
426,135,197,378,fuck
431,132,202,372,fuck
434,131,203,388,fuck
406,133,195,389,fuck
424,128,202,381,fuck
369,122,200,396,fuck
426,124,200,398,fuck
425,133,189,447,fuck
420,130,198,391,fuck
430,124,194,394,fuck
428,129,298,406,fuck
427,135,196,406,fuck
422,134,201,416,fuck
428,133,199,405,fuck
434,128,192,406,fuck
438,120,192,399,fuck
432,120,191,393,fuck
420,118,192,384,fuck
441,134,180,377,fuck
424,133,195,381,fuck
414,128,201,391,fuck
426,130,190,381,fuck
415,105,202,374,fuck
444,130,201,375,fuck
439,145,189,381,fuck
433,114,209,366,fuck
414,123,200,370,fuck
426,129,197,356,fuck
450,129,191,366,fuck
442,128,194,377,fuck
436,121,194,378,fuck
434,131,195,364,fuck
432,122,193,367,fuck
431,134,211,385,fuck
432,145,206,389,fuck
437,132,223,384,fuck
430,125,222,385,fuck
433,134,246,396,fuck
429,130,222,407,fuck
430,132,220,404,fuck
426,121,222,409,fuck
422,113,229,424,fuck
438,129,230,431,fuck
428,125,246,431,fuck
421,131,229,426,fuck
448,130,220,434,fuck
427,129,218,436,fuck
435,128,225,506,fuck
429,131,223,424,fuck
425,134,221,423,fuck
432,130,220,434,fuck
471,128,228,453,fuck
445,128,223,432,fuck
431,131,221,440,fuck
425,128,215,435,fuck
421,130,220,429,fuck
420,132,226,421,fuck
415,110,228,411,fuck
418,122,222,410,fuck
418,145,220,397,fuck
422,126,219,397,fuck
421,116,218,407,fuck
420,120,218,404,fuck
420,125,217,399,fuck
410,125,232,412,fuck
488,126,218,423,fuck
422,128,216,426,fuck
419,126,207,419,fuck
401,125,212,416,fuck
403,128,217,420,fuck
435,130,215,439,fuck
424,128,223,429,fuck
402,123,194,418,fuck
408,118,214,414,fuck
420,125,318,403,fuck
422,124,199,391,fuck
419,121,206,396,fuck
421,123,210,389,fuck
409,114,220,376,fuck
408,113,221,378,fuck
429,122,204,379,fuck
412,111,210,395,fuck
412,135,219,396,fuck
419,128,221,389,fuck
418,139,211,387,fuck
412,120,203,382,fuck
420,121,211,402,fuck
408,142,215,418,fuck
420,122,226,414,fuck
408,133,213,429,fuck
420,130,209,432,fuck
424,133,210,450,fuck
420,129,209,453,fuck
415,130,103,427,fuck
423,131,206,424,fuck
424,124,187,415,fuck
424,129,194,417,fuck
418,128,202,402,fuck
420,136,230,435,fuck
422,128,203,440,fuck
498,119,204,438,fuck
423,128,205,438,fuck
413,123,200,436,fuck
419,140,205,448,fuck
422,151,197,446,fuck
418,153,193,446,fuck
415,157,198,445,fuck
418,161,206,469,fuck
414,154,219,465,fuck
414,158,212,475,fuck
415,147,194,453,fuck
413,158,195,466,fuck
403,157,201,454,fuck
409,149,196,441,fuck
411,152,187,435,fuck
418,154,191,434,fuck
405,153,170,465,fuck
403,138,191,452,fuck
411,154,196,445,fuck
419,155,190,435,fuck
409,150,194,424,fuck
406,146,185,426,fuck
410,150,194,419,fuck
409,148,199,423,fuck
402,156,198,429,fuck
411,143,191,432,fuck
402,144,208,420,fuck
411,146,189,425,fuck
412,131,188,437,fuck
386,145,188,414,fuck
410,148,190,452,fuck
411,138,192,413,fuck
405,145,192,417,fuck
415,142,192,421,fuck
404,140,196,439,fuck
409,141,188,433,fuck
406,130,188,427,fuck
411,141,191,438,fuck
401,142,206,408,fuck
406,107,189,432,fuck
417,134,180,426,fuck
415,119,189,414,fuck
413,141,184,427,fuck
409,141,187,422,fuck
410,143,186,416,fuck
409,126,186,410,fuck
408,162,184,409,fuck
409,138,181,402,fuck
396,138,184,389,fuck
410,136,183,404,fuck
402,137,192,406,fuck
409,130,194,412,fuck
408,150,192,425,fuck
397,136,197,421,fuck
415,138,196,427,fuck
403,144,200,417,fuck
408,137,195,416,fuck
406,151,197,414,fuck
409,140,195,417,fuck
412,154,192,421,fuck
402,142,220,446,fuck
405,138,193,448,fuck
347,144,200,461,fuck
398,145,199,460,fuck
406,146,201,466,fuck
408,146,199,461,fuck
406,138,199,473,fuck
395,147,194,439,fuck
409,135,212,451,fuck
414,130,198,436,fuck
419,148,199,470,fuck
423,148,184,464,fuck
417,144,229,462,fuck
419,143,199,454,fuck
416,141,197,446,fuck
414,146,197,446,fuck
418,148,196,432,fuck
386,141,198,440,fuck
419,144,198,449,fuck
415,153,199,452,fuck
412,143,193,454,fuck
414,173,193,455,fuck
412,138,192,444,fuck
406,141,194,441,fuck
410,145,212,437,fuck
412,139,196,435,fuck
412,140,197,424,fuck
413,118,192,440,fuck
406,140,198,440,fuck
411,138,197,426,fuck
416,129,183,434,fuck
412,162,197,425,fuck
411,138,206,431,fuck
409,137,212,429,fuck
411,141,235,440,fuck
404,153,205,465,fuck
408,137,213,446,fuck
407,149,219,454,fuck
407,140,213,447,fuck
404,122,221,448,fuck
401,139,321,461,fuck
408,136,226,463,fuck
413,140,263,477,fuck
408,131,214,474,fuck
415,138,223,462,fuck
417,137,212,451,fuck
409,129,214,452,fuck
402,103,208,445,fuck
423,137,208,444,fuck
316,128,212,453,fuck
403,133,208,437,fuck
398,134,208,434,fuck
413,129,206,461,fuck
403,143,207,468,fuck
425,138,200,456,fuck
404,141,204,465,fuck
402,141,205,467,fuck
402,141,203,455,fuck
400,132,206,449,fuck
433,149,201,453,fuck
408,141,200,440,fuck
395,136,198,445,fuck
404,139,200,462,fuck
404,129,200,448,fuck
407,142,200,447,fuck
404,144,190,447,fuck
406,132,182,470,fuck
403,139,197,464,fuck
406,126,194,455,fuck
404,156,203,456,fuck
413,137,192,473,fuck
401,149,199,481,fuck
400,147,198,477,fuck
415,181,197,481,fuck
407,81,193,487,fuck
414,139,195,492,fuck
403,136,198,501,fuck
410,142,201,478,fuck
409,140,190,470,fuck
400,128,197,475,fuck
398,139,197,479,fuck
410,134,191,485,fuck
408,136,188,458,fuck
392,134,189,464,fuck
410,135,192,457,fuck
393,138,196,456,fuck
410,138,201,458,fuck
413,128,198,443,fuck
409,133,210,447,fuck
408,136,221,390,fuck
407,131,198,433,fuck
401,140,199,434,fuck
400,129,197,418,fuck
410,125,206,410,fuck
414,125,196,412,fuck
417,135,244,406,fuck
405,135,143,400,fuck
413,113,202,406,fuck
408,132,195,414,fuck
429,137,195,408,fuck
411,123,201,403,fuck
424,138,205,455,fuck
423,118,212,393,fuck
412,130,206,404,fuck
401,124,201,394,fuck
428,130,206,392,fuck
416,117,193,402,fuck
413,128,209,400,fuck
423,123,205,395,fuck
413,55,204,421,fuck
411,124,181,412,fuck
404,135,210,416,fuck
416,119,203,411,fuck
414,128,202,404,fuck
411,128,201,416,fuck
421,129,191,416,fuck
410,145,201,420,fuck
418,129,207,425,fuck
402,128,207,412,fuck
418,113,208,415,fuck
418,128,201,405,fuck
502,129,204,404,fuck
435,126,197,412,fuck
410,168,207,401,fuck
442,126,203,403,fuck
421,133,218,406,fuck
406,126,208,387,fuck
427,137,208,399,fuck
418,124,205,384,fuck
439,124,208,373,fuck
415,124,203,372,fuck
421,125,205,364,fuck
420,124,202,361,fuck
419,60,202,355,fuck
417,130,189,364,fuck
401,123,200,350,fuck
422,126,201,342,fuck
427,123,135,343,fuck
410,125,200,341,fuck
425,123,181,334,fuck
422,125,204,346,fuck
417,123,205,350,fuck
414,123,207,344,fuck
413,125,198,340,fuck
417,136,209,329,fuck
340,121,206,322,fuck
416,119,198,321,fuck
416,123,205,325,fuck
412,126,199,372,fuck
425,123,203,331,fuck
405,126,203,359,fuck
416,136,179,364,fuck
413,133,204,360,fuck
417,120,134,372,fuck
419,135,210,359,fuck
418,130,200,364,fuck
417,122,203,360,fuck
434,130,205,363,fuck
416,119,204,380,fuck
356,130,202,375,fuck
414,124,208,360,fuck
417,136,201,371,fuck
415,126,197,364,fuck
426,129,202,358,fuck
418,134,212,345,fuck
411,126,205,350,fuck
409,136,196,342,fuck
413,136,201,334,fuck
398,139,196,348,fuck
411,130,196,333,fuck
412,135,197,342,fuck
410,136,200,325,fuck
409,120,203,332,fuck
411,136,197,333,fuck
415,136,226,335,fuck
432,144,192,348,fuck
417,137,214,353,fuck
411,128,212,388,fuck
419,134,199,385,fuck
410,137,214,387,fuck
407,122,208,389,fuck
391,136,210,382,fuck
390,130,199,378,fuck
413,131,194,388,fuck
406,123,208,390,fuck
409,122,207,408,fuck
405,145,205,400,fuck
405,132,207,397,fuck
404,139,202,384,fuck
394,112,206,389,fuck
393,135,192,398,fuck
402,116,195,387,fuck
404,131,204,404,fuck
401,132,216,367,fuck
401,115,205,404,fuck
395,134,194,407,fuck
394,120,211,396,fuck
400,149,194,408,fuck
405,132,202,396,fuck
404,79,201,395,fuck
404,129,199,394,fuck
393,126,234,393,fuck
398,128,198,393,fuck
409,124,199,392,fuck
395,134,199,388,fuck
404,134,207,380,fuck
403,144,199,370,fuck
405,150,197,399,fuck
406,121,200,437,fuck
405,144,194,395,fuck
441,135,204,428,fuck
412,132,196,396,fuck
404,129,204,334,fuck
397,131,204,404,fuck
399,126,192,402,fuck
400,122,188,409,fuck
403,125,176,404,fuck
401,131,178,401,fuck
400,115,184,375,fuck
400,134,183,416,fuck
386,124,201,416,fuck
433,128,188,420,fuck
397,128,188,418,fuck
408,128,187,414,fuck
405,146,186,407,fuck
397,118,189,404,fuck
399,128,190,394,fuck
399,117,189,388,fuck
408,130,186,378,fuck
399,126,185,403,fuck
414,126,182,405,fuck
402,124,177,376,fuck
395,124,181,386,fuck
400,128,189,384,fuck
387,126,182,360,fuck
395,116,179,371,fuck
395,120,184,369,fuck
400,120,182,386,fuck
403,122,182,392,fuck
412,128,196,398,fuck
394,125,179,414,fuck
396,129,114,396,fuck
402,132,270,398,fuck
395,130,174,392,fuck
376,149,190,385,fuck
391,141,181,395,fuck
386,138,184,410,fuck
406,129,177,408,fuck
395,140,173,416,fuck
384,119,196,407,fuck
390,150,181,405,fuck
392,139,178,403,fuck
391,129,172,396,fuck
395,137,176,392,fuck
393,138,248,395,fuck
393,122,184,388,fuck
429,137,178,404,fuck
395,128,167,400,fuck
393,139,177,401,fuck
389,135,175,415,fuck
391,103,178,411,fuck
384,134,175,399,fuck
396,138,177,405,fuck
396,149,175,393,fuck
393,135,184,402,fuck
391,138,174,407,fuck
398,134,170,401,fuck
392,77,182,409,fuck
395,129,170,400,fuck
415,136,178,409,fuck
394,128,180,389,fuck
400,132,181,377,fuck
398,140,172,377,fuck
402,132,176,370,fuck
402,138,180,368,fuck
404,119,185,363,fuck
406,130,182,358,fuck
401,146,168,361,fuck
403,149,178,351,fuck
397,128,175,381,fuck
404,132,180,379,fuck
402,128,180,368,fuck
466,130,176,382,fuck
373,128,176,384,fuck
411,128,171,384,fuck
407,128,174,371,fuck
402,125,109,372,fuck
400,126,170,371,fuck
394,125,182,369,fuck
406,131,175,366,fuck
404,126,171,369,fuck
413,130,137,388,fuck
400,131,171,374,fuck
407,136,174,397,fuck
405,137,166,399,fuck
407,132,171,410,fuck
414,119,190,406,fuck
400,132,170,393,fuck
405,189,164,417,fuck
403,169,170,425,fuck
413,116,174,431,fuck
410,131,196,429,fuck
398,131,171,432,fuck
400,129,172,432,fuck
412,138,169,421,fuck
412,128,189,419,fuck
407,125,167,413,fuck
409,114,172,418,fuck
431,135,163,438,fuck
415,130,170,441,fuck
418,116,187,440,fuck
420,128,165,434,fuck
419,114,171,435,fuck
420,116,167,424,fuck
419,135,177,449,fuck
426,118,192,438,fuck
424,129,196,436,fuck
417,128,201,406,fuck
428,148,203,445,fuck
416,139,206,443,fuck
438,103,201,440,fuck
426,132,201,455,fuck
416,136,211,434,fuck
427,136,210,450,fuck
427,130,212,446,fuck
433,137,210,460,fuck
437,136,311,478,fuck
427,138,220,479,fuck
432,140,204,485,fuck
438,137,206,482,fuck
449,136,206,482,fuck
439,138,217,473,fuck
437,137,202,469,fuck
439,140,105,454,fuck
440,131,209,478,fuck
434,132,190,475,fuck
479,131,203,482,fuck
432,133,148,479,fuck
434,134,198,479,fuck
431,162,196,476,fuck
419,135,190,465,fuck
417,154,203,461,fuck
437,133,195,455,fuck
430,136,196,435,fuck
423,132,184,444,fuck
424,138,193,433,fuck
422,46,194,438,fuck
423,131,190,448,fuck
419,131,189,445,fuck
421,128,175,440,fuck
418,132,180,443,fuck
418,126,190,444,fuck
416,134,195,467,fuck
411,135,189,460,fuck
432,129,178,461,fuck
421,123,185,470,fuck
422,129,187,471,fuck
420,133,123,442,fuck
481,131,190,504,fuck
416,134,183,446,fuck
420,133,177,445,fuck
420,136,179,442,fuck
416,125,192,443,fuck
435,134,189,429,fuck
423,134,193,459,fuck
416,119,184,417,fuck
425,136,192,463,fuck
430,133,188,455,fuck
428,124,187,452,fuck
415,134,179,447,fuck
442,114,196,451,fuck
431,132,187,437,fuck
409,160,188,428,fuck
428,128,186,445,fuck
414,135,179,424,fuck
422,140,186,436,fuck
424,128,185,467,fuck
426,136,195,458,fuck
427,130,181,453,fuck
428,144,192,428,fuck
424,128,203,480,fuck
422,131,196,446,fuck
425,125,178,456,fuck
427,133,197,459,fuck
423,128,198,461,fuck
431,120,197,464,fuck
419,130,196,470,fuck
439,121,200,491,fuck
437,129,192,485,fuck
430,126,204,487,fuck
431,121,197,486,fuck
416,128,192,480,fuck
430,121,190,491,fuck
420,126,198,508,fuck
436,152,192,495,fuck
428,124,188,499,fuck
428,124,188,519,fuck
430,129,206,461,fuck
430,166,190,523,fuck
437,98,188,528,fuck
373,128,191,523,fuck
457,125,189,528,fuck
424,125,179,525,fuck
420,129,186,522,fuck
422,125,198,520,fuck
420,128,186,539,fuck
428,123,200,549,fuck
421,116,196,546,fuck
421,126,197,549,fuck
424,129,118,558,fuck
464,128,172,576,fuck
419,114,197,557,fuck
422,131,194,485,fuck
418,132,189,552,fuck
417,119,190,553,fuck
432,126,204,542,fuck
420,128,195,546,fuck
424,126,197,546,fuck
426,112,194,537,fuck
438,121,203,520,fuck
422,124,185,512,fuck
443,126,194,592,fuck
432,117,194,517,fuck
434,124,205,512,fuck
436,134,196,514,fuck
439,124,200,493,fuck
424,112,204,497,fuck
338,123,200,503,fuck
430,120,198,517,fuck
430,155,198,485,fuck
431,122,220,480,fuck
433,124,202,476,fuck
408,124,196,467,fuck
429,129,208,458,fuck
427,124,193,444,fuck
419,116,206,441,fuck
440,118,207,434,fuck
429,124,206,422,fuck
424,124,200,433,fuck
426,139,196,429,fuck
424,123,196,432,fuck
332,118,197,433,fuck
423,129,198,425,fuck
421,124,205,415,fuck
416,123,198,419,fuck
421,122,197,432,fuck
424,121,177,426,fuck
419,119,192,421,fuck
422,122,193,415,fuck
420,130,193,422,fuck
422,107,207,411,fuck
428,122,214,403,fuck
428,115,232,370,fuck
427,135,213,367,fuck
425,121,210,388,fuck
423,123,242,382,fuck
426,130,213,378,fuck
433,202,207,389,fuck
406,121,207,396,fuck
410,122,207,404,fuck
424,122,206,401,fuck
409,117,203,381,fuck
426,119,172,399,fuck
422,121,204,408,fuck
421,128,209,402,fuck
422,120,207,415,fuck
420,121,200,440,fuck
414,121,202,464,fuck
424,125,202,460,fuck
421,123,208,478,fuck
429,138,205,474,fuck
426,129,115,471,fuck
468,121,202,480,fuck
433,118,204,480,fuck
423,150,199,491,fuck
428,118,195,498,fuck
432,121,202,499,fuck
432,126,186,503,fuck
424,98,198,490,fuck
422,122,192,506,fuck
430,119,210,487,fuck
415,140,200,481,fuck
430,123,196,481,fuck
429,120,190,490,fuck
431,116,205,501,fuck
429,128,192,503,fuck
390,118,192,497,fuck
429,119,194,505,fuck
429,108,192,503,fuck
435,122,193,496,fuck
430,118,186,515,fuck
430,121,181,501,fuck
426,119,193,502,fuck
466,122,184,492,fuck
424,110,187,482,fuck
426,115,176,472,fuck
422,132,193,481,fuck
427,141,191,478,fuck
421,148,188,466,fuck
418,147,186,461,fuck
424,85,187,460,fuck
417,148,183,461,fuck
422,146,182,485,fuck
419,144,192,460,fuck
425,143,183,446,fuck
420,142,192,451,fuck
417,128,180,442,fuck
425,144,183,457,fuck
410,141,191,461,fuck
420,141,171,460,fuck
422,131,187,504,fuck
420,140,185,485,fuck
425,141,188,477,fuck
425,139,195,473,fuck
434,124,200,464,fuck
431,141,176,468,fuck
423,217,178,462,fuck
424,128,185,461,fuck
427,133,188,478,fuck
407,139,171,495,fuck
441,132,186,492,fuck
441,142,176,497,fuck
424,135,182,498,fuck
420,138,183,500,fuck
419,123,180,496,fuck
420,132,171,496,fuck
411,132,157,492,fuck
418,133,180,483,fuck
420,134,181,481,fuck
419,135,203,468,fuck
416,137,178,459,fuck
413,146,191,450,fuck
415,132,199,439,fuck
413,135,199,493,fuck
414,132,214,433,fuck
414,133,238,429,fuck
427,131,225,421,fuck
418,116,229,432,fuck
423,126,226,427,fuck
418,132,223,425,fuck
418,117,235,413,fuck
417,120,229,425,fuck
420,120,241,423,fuck
419,144,235,416,fuck
409,123,251,414,fuck
409,120,247,405,fuck
395,129,244,424,fuck
424,120,243,432,fuck
419,119,239,425,fuck
415,126,240,419,fuck
411,133,239,450,fuck
410,122,261,442,fuck
410,117,239,457,fuck
414,135,260,446,fuck
410,126,230,461,fuck
416,128,241,457,fuck
421,116,242,456,fuck
436,101,240,455,fuck
402,120,242,452,fuck
439,125,239,453,fuck
424,129,234,437,fuck
418,129,233,432,fuck
434,126,231,449,fuck
425,125,230,447,fuck
416,122,233,444,fuck
424,125,229,442,fuck
422,128,239,441,fuck
422,158,228,434,fuck
420,107,225,424,fuck
420,121,220,427,fuck
419,139,229,416,fuck
424,124,233,436,fuck
423,122,237,448,fuck
419,134,144,438,fuck
425,136,185,437,fuck
403,140,233,440,fuck
419,142,235,427,fuck
420,142,235,427,fuck
416,132,231,444,fuck
419,162,235,414,fuck
416,140,234,414,fuck
421,144,219,426,fuck
410,138,224,400,fuck
416,123,222,414,fuck
407,139,216,418,fuck
393,137,225,411,fuck
412,138,203,426,fuck
408,138,202,432,fuck
414,136,219,442,fuck
406,142,218,472,fuck
426,138,218,490,fuck
403,142,218,466,fuck
410,136,214,456,fuck
406,139,201,463,fuck
408,130,215,448,fuck
397,136,226,446,fuck
416,135,211,456,fuck
412,134,220,464,fuck
409,124,207,474,fuck
406,134,209,468,fuck
399,132,208,467,fuck
409,133,206,460,fuck
407,89,209,459,fuck
407,131,187,458,fuck
399,132,285,471,fuck
400,130,215,475,fuck
399,118,201,494,fuck
378,136,214,497,fuck
411,129,202,500,fuck
396,166,210,497,fuck
412,124,206,498,fuck
412,129,201,490,fuck
414,115,205,483,fuck
414,132,208,465,fuck
405,124,213,458,fuck
421,129,186,458,fuck
411,125,225,493,fuck
428,128,201,483,fuck
400,128,208,471,fuck
415,128,204,471,fuck
413,128,194,467,fuck
414,126,198,467,fuck
417,139,200,461,fuck
418,125,184,457,fuck
410,136,194,471,fuck
411,130,198,478,fuck
416,126,194,476,fuck
408,128,195,471,fuck
413,133,104,456,fuck
414,125,195,451,fuck
408,113,198,440,fuck
412,125,200,436,fuck
414,125,170,439,fuck
419,109,198,454,fuck
410,124,193,438,fuck
403,129,184,433,fuck
415,120,195,436,fuck
353,132,193,424,fuck
410,120,189,421,fuck
420,125,189,428,fuck
411,135,184,411,fuck
418,125,174,409,fuck
433,137,180,440,fuck
417,149,192,418,fuck
418,114,181,420,fuck
428,128,188,405,fuck
418,128,188,400,fuck
411,144,187,395,fuck
424,125,182,480,fuck
405,119,187,451,fuck
416,126,182,439,fuck
422,128,246,454,fuck
415,147,183,452,fuck
418,128,182,465,fuck
415,125,192,468,fuck
406,124,181,485,fuck
432,131,182,497,fuck
419,110,181,470,fuck
435,133,183,477,fuck
405,132,228,492,fuck
426,135,189,487,fuck
417,151,181,495,fuck
414,148,177,489,fuck
417,214,180,492,fuck
428,131,175,485,fuck
426,143,181,491,fuck
417,136,184,493,fuck
424,138,182,489,fuck
416,125,180,500,fuck
417,126,178,481,fuck
437,134,180,473,fuck
417,137,175,471,fuck
417,136,181,468,fuck
427,130,172,459,fuck
418,134,178,442,fuck
416,136,163,450,fuck
415,139,178,442,fuck
408,139,178,437,fuck
423,136,164,451,fuck
413,136,175,446,fuck
421,144,173,482,fuck
392,135,176,440,fuck
431,145,176,446,fuck
433,135,175,441,fuck
414,136,194,430,fuck
419,137,174,429,fuck
410,142,194,439,fuck
413,138,177,421,fuck
409,134,167,424,fuck
416,128,176,442,fuck
403,144,174,406,fuck
401,130,176,400,fuck
432,133,173,416,fuck
408,137,290,415,fuck
415,131,173,420,fuck
413,135,160,417,fuck
411,136,172,402,fuck
416,133,176,405,fuck
413,134,178,396,fuck
411,122,177,392,fuck
328,137,171,376,fuck
409,135,181,397,fuck
413,134,174,400,fuck
412,142,201,434,fuck
408,120,169,482,fuck
410,131,178,439,fuck
414,133,173,428,fuck
416,137,173,427,fuck
410,132,175,425,fuck
422,119,177,419,fuck
410,131,190,411,fuck
411,125,170,414,fuck
416,137,177,407,fuck
420,131,193,418,fuck
423,132,188,406,fuck
424,128,176,404,fuck
427,117,185,390,fuck
428,136,182,401,fuck
430,122,184,445,fuck
434,144,191,402,fuck
433,141,200,390,fuck
456,148,193,415,fuck
431,156,186,398,fuck
440,163,186,391,fuck
444,152,183,378,fuck
428,150,87,379,fuck
438,142,191,376,fuck
439,196,184,369,fuck
439,198,192,366,fuck
441,176,188,357,fuck
443,178,194,370,fuck
443,177,187,363,fuck
443,194,194,344,fuck
437,179,185,348,fuck
435,170,189,347,fuck
432,112,188,345,fuck
438,171,190,344,fuck
437,169,188,339,fuck
440,167,190,357,fuck
445,161,173,350,fuck
439,158,198,347,fuck
454,166,201,345,fuck
442,158,192,345,fuck
444,167,201,341,fuck
439,156,192,325,fuck
441,153,190,333,fuck
429,156,189,328,fuck
437,153,192,323,fuck
439,161,179,322,fuck
438,157,181,313,fuck
440,160,178,312,fuck
435,173,195,312,fuck
433,160,193,328,fuck
426,193,176,311,fuck
430,154,187,311,fuck
430,163,193,314,fuck
416,156,186,331,fuck
433,153,189,345,fuck
431,157,117,329,fuck
433,152,188,320,fuck
436,150,188,306,fuck
434,142,187,312,fuck
446,148,184,346,fuck
434,150,175,361,fuck
430,154,184,374,fuck
421,141,189,399,fuck
430,135,187,388,fuck
438,147,184,394,fuck
435,150,201,406,fuck
430,148,187,429,fuck
431,152,183,429,fuck
428,146,186,431,fuck
431,144,223,443,fuck
427,202,176,447,fuck
427,143,181,454,fuck
434,147,184,390,fuck
426,147,182,461,fuck
432,148,189,460,fuck
426,153,177,461,fuck
428,144,118,484,fuck
468,144,187,504,fuck
427,153,161,468,fuck
421,161,174,503,fuck
421,138,184,499,fuck
427,145,172,512,fuck
414,137,217,512,fuck
431,137,196,510,fuck
428,153,198,509,fuck
438,143,203,501,fuck
421,142,206,506,fuck
435,141,228,494,fuck
437,149,214,485,fuck
440,136,215,520,fuck
442,138,228,512,fuck
425,143,220,536,fuck
444,136,210,520,fuck
440,124,230,528,fuck
442,133,226,525,fuck
459,137,238,539,fuck
430,130,232,527,fuck
427,136,228,548,fuck
437,135,267,550,fuck
430,130,220,528,fuck
434,147,212,536,fuck
439,143,221,530,fuck
449,142,227,521,fuck
439,132,220,521,fuck
440,130,217,520,fuck
444,149,213,508,fuck
441,154,220,516,fuck
434,131,229,525,fuck
423,144,217,531,fuck
428,129,213,544,fuck
441,139,201,533,fuck
436,141,206,530,fuck
446,128,208,484,fuck
422,164,210,516,fuck
440,146,209,531,fuck
455,147,209,561,fuck
450,145,190,554,fuck
436,157,215,555,fuck
451,147,207,549,fuck
427,162,209,506,fuck
432,153,192,568,fuck
438,145,196,574,fuck
437,117,205,570,fuck
429,153,204,576,fuck
453,153,207,576,fuck
442,154,198,568,fuck
442,154,209,550,fuck
444,144,200,546,fuck
444,154,203,535,fuck
437,156,191,525,fuck
443,151,202,516,fuck
435,150,201,505,fuck
436,174,200,496,fuck
437,151,210,506,fuck
437,162,192,512,fuck
442,141,194,498,fuck
434,161,203,489,fuck
442,147,201,484,fuck
375,144,203,503,fuck
448,166,200,470,fuck
438,148,189,477,fuck
452,137,213,473,fuck
458,145,206,481,fuck
444,144,204,468,fuck
445,144,209,461,fuck
445,140,212,453,fuck
465,145,202,447,fuck
443,146,205,427,fuck
438,138,208,430,fuck
446,141,212,434,fuck
446,140,214,438,fuck
448,142,215,453,fuck
449,148,117,445,fuck
448,143,222,451,fuck
443,139,212,460,fuck
453,141,206,454,fuck
448,144,209,432,fuck
465,151,210,424,fuck
449,153,229,426,fuck
452,153,136,416,fuck
428,151,221,410,fuck
450,174,212,394,fuck
442,165,209,390,fuck
443,162,207,396,fuck
449,174,214,360,fuck
453,165,209,406,fuck
458,176,232,422,fuck
459,164,224,425,fuck
454,176,205,431,fuck
441,181,215,484,fuck
462,196,221,406,fuck
458,196,226,411,fuck
456,195,219,402,fuck
455,196,214,412,fuck
440,194,205,412,fuck
446,197,223,411,fuck
441,202,225,401,fuck
461,190,223,397,fuck
462,197,209,391,fuck
449,190,218,378,fuck
471,190,200,386,fuck
455,197,200,381,fuck
455,181,211,378,fuck
453,202,216,383,fuck
451,186,206,384,fuck
443,186,212,386,fuck
452,133,202,391,fuck
456,185,216,419,fuck
440,180,211,406,fuck
450,176,207,404,fuck
449,165,206,409,fuck
446,170,208,463,fuck
451,169,195,405,fuck
452,179,208,422,fuck
444,175,210,417,fuck
458,168,214,408,fuck
442,175,220,407,fuck
453,172,205,401,fuck
430,167,208,402,fuck
464,169,205,382,fuck
440,169,183,377,fuck
442,169,205,373,fuck
454,103,198,377,fuck
466,168,205,386,fuck
442,172,199,382,fuck
473,166,204,393,fuck
457,164,201,412,fuck
445,165,199,404,fuck
443,160,178,392,fuck
453,161,194,382,fuck
444,162,200,386,fuck
433,164,196,407,fuck
454,163,188,444,fuck
444,154,204,432,fuck
439,157,178,439,fuck
437,158,197,447,fuck
441,170,196,451,fuck
461,155,202,448,fuck
438,147,207,440,fuck
437,142,204,454,fuck
439,141,202,462,fuck
435,153,217,459,fuck
448,153,203,489,fuck
442,162,201,451,fuck
441,171,201,442,fuck
449,152,206,445,fuck
439,175,196,427,fuck
450,197,205,427,fuck
451,171,214,427,fuck
439,176,202,440,fuck
446,178,207,432,fuck
446,164,206,432,fuck
446,187,206,439,fuck
456,158,203,425,fuck
448,185,207,421,fuck
446,192,207,423,fuck
449,192,205,419,fuck
447,192,208,430,fuck
439,190,238,444,fuck
450,191,222,440,fuck
473,195,194,433,fuck
447,190,190,428,fuck
443,186,204,420,fuck
470,188,200,428,fuck
447,185,222,431,fuck
429,180,198,418,fuck
446,188,198,436,fuck
449,178,200,434,fuck
445,174,200,436,fuck
436,166,193,437,fuck
426,176,191,425,fuck
444,173,193,424,fuck
442,175,194,440,fuck
438,165,190,438,fuck
439,161,202,430,fuck
438,172,177,442,fuck
434,172,194,439,fuck
378,176,194,454,fuck
436,237,189,456,fuck
438,160,205,451,fuck
416,168,187,457,fuck
423,168,197,442,fuck
428,166,188,440,fuck
430,167,184,448,fuck
422,152,187,467,fuck
427,162,198,441,fuck
418,162,184,432,fuck
423,161,186,426,fuck
421,152,184,419,fuck
422,87,184,417,fuck
421,156,192,420,fuck
421,161,187,405,fuck
423,177,190,403,fuck
421,147,192,411,fuck
430,155,193,428,fuck
423,148,186,408,fuck
429,153,185,407,fuck
426,158,189,410,fuck
433,154,181,400,fuck
434,154,186,396,fuck
422,153,184,378,fuck
424,155,185,402,fuck
414,152,184,371,fuck
416,138,180,368,fuck
420,151,183,411,fuck
420,145,188,388,fuck
425,154,163,401,fuck
421,159,184,417,fuck
417,139,181,428,fuck
421,148,180,422,fuck
408,145,188,421,fuck
420,152,169,433,fuck
423,143,282,422,fuck
424,145,182,418,fuck
422,147,181,403,fuck
408,145,167,407,fuck
426,160,179,405,fuck
412,154,184,464,fuck
424,146,194,395,fuck
430,142,190,431,fuck
430,140,193,430,fuck
431,143,169,426,fuck
426,142,180,428,fuck
446,141,189,443,fuck
443,141,207,442,fuck
449,141,213,435,fuck
461,140,212,441,fuck
458,139,206,437,fuck
458,144,224,461,fuck
453,142,222,446,fuck
455,138,224,447,fuck
452,150,224,447,fuck
451,136,219,464,fuck
454,140,220,468,fuck
451,183,228,473,fuck
446,136,220,479,fuck
447,143,213,443,fuck
455,128,215,492,fuck
444,135,223,497,fuck
453,128,222,479,fuck
449,133,212,482,fuck
450,134,232,486,fuck
458,142,231,489,fuck
450,128,206,503,fuck
454,133,213,495,fuck
456,132,231,499,fuck
462,134,238,496,fuck
483,133,241,488,fuck
415,139,248,478,fuck
469,130,253,471,fuck
472,150,249,465,fuck
461,129,249,471,fuck
465,129,260,482,fuck
478,122,247,486,fuck
464,132,242,504,fuck
474,130,245,493,fuck
461,114,241,477,fuck
465,135,266,475,fuck
425,144,239,472,fuck
470,144,249,488,fuck
465,169,234,492,fuck
470,159,246,489,fuck
460,158,246,527,fuck
465,158,247,489,fuck
465,161,262,507,fuck
466,160,246,491,fuck
470,144,244,492,fuck
463,154,264,483,fuck
465,161,239,482,fuck
472,164,315,474,fuck
454,160,237,468,fuck
461,148,236,461,fuck
463,173,236,459,fuck
461,157,238,448,fuck
456,164,231,404,fuck
461,155,232,431,fuck
456,146,307,449,fuck
461,174,241,450,fuck
465,154,246,478,fuck
475,146,234,476,fuck
456,144,243,482,fuck
472,151,242,507,fuck
468,152,240,505,fuck
466,156,240,498,fuck
466,161,239,494,fuck
468,159,263,484,fuck
472,167,256,475,fuck
467,164,241,463,fuck
468,158,246,466,fuck
465,162,254,483,fuck
456,158,248,481,fuck
468,156,248,489,fuck
471,169,256,493,fuck
473,217,263,516,fuck
473,158,258,523,fuck
472,158,252,526,fuck
471,162,254,519,fuck
474,164,246,520,fuck
458,164,251,540,fuck
471,161,252,546,fuck
573,152,261,544,fuck
480,222,258,541,fuck
481,160,263,536,fuck
487,155,256,535,fuck
474,164,276,534,fuck
482,162,308,534,fuck
486,161,251,523,fuck
480,151,252,540,fuck
476,154,240,532,fuck
482,156,256,533,fuck
473,124,251,530,fuck
458,156,250,524,fuck
486,154,244,518,fuck
463,152,245,503,fuck
474,149,247,508,fuck
446,151,245,516,fuck
483,153,248,538,fuck
485,149,246,518,fuck
485,161,236,499,fuck
477,162,248,526,fuck
485,153,224,515,fuck
468,158,254,498,fuck
500,143,256,488,fuck
483,154,232,486,fuck
483,160,236,464,fuck
483,153,235,501,fuck
478,144,242,505,fuck
477,152,240,516,fuck
472,154,235,499,fuck
473,156,239,498,fuck
451,150,236,492,fuck
470,145,242,489,fuck
481,159,216,481,fuck
482,88,226,474,fuck
482,148,238,503,fuck
480,136,242,477,fuck
472,149,231,470,fuck
482,147,232,464,fuck
488,136,243,462,fuck
489,144,246,505,fuck
497,146,343,492,fuck
489,139,254,500,fuck
496,147,246,496,fuck
492,112,246,492,fuck
490,144,242,491,fuck
491,146,241,477,fuck
488,142,238,495,fuck
498,140,243,498,fuck
508,141,237,485,fuck
499,174,230,489,fuck
496,146,242,489,fuck
491,135,232,481,fuck
489,143,226,499,fuck
492,127,232,490,fuck
504,141,236,468,fuck
489,132,236,472,fuck
502,138,238,464,fuck
507,142,228,443,fuck
490,140,260,444,fuck
491,141,232,460,fuck
494,138,228,462,fuck
493,141,209,459,fuck
481,141,224,457,fuck
488,147,225,463,fuck
483,149,220,462,fuck
491,142,223,447,fuck
484,141,222,441,fuck
473,151,218,429,fuck
481,136,217,423,fuck
492,148,217,439,fuck
499,145,219,432,fuck
490,134,221,432,fuck
517,141,215,438,fuck
485,137,197,435,fuck
508,128,205,450,fuck
469,138,212,466,fuck
470,131,204,461,fuck
467,125,216,459,fuck
476,121,211,477,fuck
452,132,207,431,fuck
492,143,202,478,fuck
479,146,213,467,fuck
471,136,212,464,fuck
486,155,206,458,fuck
479,141,236,458,fuck
488,138,223,450,fuck
478,137,282,446,fuck
493,139,246,443,fuck
492,131,234,442,fuck
494,82,235,444,fuck
483,134,234,465,fuck
527,132,232,432,fuck
495,142,235,460,fuck
496,136,234,420,fuck
499,136,241,417,fuck
493,139,234,414,fuck
502,140,233,401,fuck
496,138,237,401,fuck
492,143,232,398,fuck
494,157,232,396,fuck
493,162,222,394,fuck
481,132,230,382,fuck
486,142,226,386,fuck
489,142,228,393,fuck
487,144,227,408,fuck
488,210,225,427,fuck
480,132,232,436,fuck
487,143,258,417,fuck
486,151,234,371,fuck
488,143,238,411,fuck
490,132,239,425,fuck
490,142,240,417,fuck
485,154,232,419,fuck
486,139,236,420,fuck
491,139,339,418,fuck
482,132,239,412,fuck
478,119,236,413,fuck
485,125,233,411,fuck
479,134,240,410,fuck
478,136,233,409,fuck
470,132,236,408,fuck
473,124,231,459,fuck
488,135,233,451,fuck
484,153,231,441,fuck
448,136,233,447,fuck
471,134,230,452,fuck
474,133,228,443,fuck
468,133,226,441,fuck
472,133,208,430,fuck
469,162,226,425,fuck
478,134,221,436,fuck
475,124,224,487,fuck
472,139,247,448,fuck
478,136,229,434,fuck
478,135,226,442,fuck
476,136,220,441,fuck
468,139,226,455,fuck
473,130,226,468,fuck
469,150,250,459,fuck
452,146,227,453,fuck
466,144,229,449,fuck
466,145,224,441,fuck
465,151,236,444,fuck
464,179,222,439,fuck
460,147,229,428,fuck
459,124,223,447,fuck
460,128,220,441,fuck
462,162,237,411,fuck
458,161,224,419,fuck
440,166,223,419,fuck
472,162,209,417,fuck
460,163,212,420,fuck
447,158,230,422,fuck
469,164,225,436,fuck
453,162,226,454,fuck
455,162,222,447,fuck
455,172,238,465,fuck
448,160,222,451,fuck
422,166,218,462,fuck
456,162,221,460,fuck
454,164,225,445,fuck
444,167,246,444,fuck
459,151,242,457,fuck
456,160,226,443,fuck
459,160,308,453,fuck
449,157,208,479,fuck
457,158,230,469,fuck
448,158,221,468,fuck
454,158,230,458,fuck
454,153,214,468,fuck
442,166,210,461,fuck
449,192,219,474,fuck
445,180,229,458,fuck
430,187,229,448,fuck
452,183,224,458,fuck
441,179,237,481,fuck
451,166,244,491,fuck
449,168,225,498,fuck
435,176,228,496,fuck
446,173,228,512,fuck
432,171,224,494,fuck
448,170,230,514,fuck
453,192,226,503,fuck
424,173,205,514,fuck
448,167,217,509,fuck
463,182,208,515,fuck
449,164,215,505,fuck
450,171,207,522,fuck
431,193,223,517,fuck
451,168,227,520,fuck
446,170,233,509,fuck
448,182,227,504,fuck
446,186,240,530,fuck
449,184,239,523,fuck
445,186,238,531,fuck
450,185,250,536,fuck
447,188,235,531,fuck
447,192,232,522,fuck
442,187,239,524,fuck
434,197,241,516,fuck
448,193,236,512,fuck
451,185,174,520,fuck
452,189,242,515,fuck
445,189,238,516,fuck
450,189,266,500,fuck
446,187,263,508,fuck
440,182,243,497,fuck
432,185,233,506,fuck
441,186,230,515,fuck
449,203,227,513,fuck
442,180,241,520,fuck
450,182,218,514,fuck
449,179,240,495,fuck
448,176,228,493,fuck
444,175,234,488,fuck
434,184,233,498,fuck
449,172,230,493,fuck
449,156,228,492,fuck
458,171,208,486,fuck
440,171,226,476,fuck
450,171,213,471,fuck
437,166,214,463,fuck
452,164,232,459,fuck
450,155,238,437,fuck
448,163,243,444,fuck
441,170,217,443,fuck
452,156,219,441,fuck
445,165,218,465,fuck
441,154,218,476,fuck
450,149,221,473,fuck
452,164,214,476,fuck
440,160,213,485,fuck
445,159,207,485,fuck
453,156,208,497,fuck
445,150,210,495,fuck
457,162,197,497,fuck
444,148,207,500,fuck
441,153,212,499,fuck
432,153,210,493,fuck
437,156,204,493,fuck
428,152,201,473,fuck
428,153,208,479,fuck
437,149,201,468,fuck
437,151,203,462,fuck
437,151,130,464,fuck
439,156,189,485,fuck
437,150,209,481,fuck
436,144,201,477,fuck
430,142,199,462,fuck
418,146,197,468,fuck
433,148,192,462,fuck
431,131,198,472,fuck
339,146,198,468,fuck
431,148,196,474,fuck
434,152,182,474,fuck
430,148,196,470,fuck
459,164,206,474,fuck
435,153,210,464,fuck
450,161,214,468,fuck
462,165,214,468,fuck
455,173,205,461,fuck
470,169,212,468,fuck
473,174,165,467,fuck
458,174,220,484,fuck
465,181,219,480,fuck
467,172,221,473,fuck
467,186,215,476,fuck
455,188,213,480,fuck
464,176,220,502,fuck
461,170,217,505,fuck
464,180,221,519,fuck
457,179,216,519,fuck
458,180,234,522,fuck
460,176,211,526,fuck
463,176,228,535,fuck
462,177,209,541,fuck
464,188,228,536,fuck
459,167,230,541,fuck
468,174,229,529,fuck
471,170,234,518,fuck
479,169,228,533,fuck
466,172,232,509,fuck
457,169,232,502,fuck
463,160,225,518,fuck
456,169,235,483,fuck
454,161,220,498,fuck
442,161,221,470,fuck
459,154,218,471,fuck
480,167,220,475,fuck
430,166,215,469,fuck
473,138,222,479,fuck
440,165,226,473,fuck
456,166,209,460,fuck
448,160,224,466,fuck
451,161,230,444,fuck
439,158,226,461,fuck
444,155,214,452,fuck
450,155,216,471,fuck
440,158,227,490,fuck
422,155,237,484,fuck
438,155,222,478,fuck
444,145,240,476,fuck
443,152,212,479,fuck
431,145,198,502,fuck
429,154,224,485,fuck
442,158,218,494,fuck
447,150,228,505,fuck
445,150,234,501,fuck
452,157,238,482,fuck
466,150,236,497,fuck
452,152,242,512,fuck
453,165,241,512,fuck
465,149,238,526,fuck
451,155,242,517,fuck
444,152,254,507,fuck
445,163,241,523,fuck
447,176,239,505,fuck
450,170,232,525,fuck
440,167,240,479,fuck
449,204,228,483,fuck
435,180,220,482,fuck
455,166,235,473,fuck
444,180,226,468,fuck
441,179,228,459,fuck
444,171,222,462,fuck
452,172,224,472,fuck
438,193,222,476,fuck
453,173,225,472,fuck
462,171,220,463,fuck
454,169,220,473,fuck
450,179,194,469,fuck
453,171,218,473,fuck
500,165,198,486,fuck
452,167,219,477,fuck
449,162,213,479,fuck
479,165,215,472,fuck
441,166,206,469,fuck
442,159,214,464,fuck
464,164,212,452,fuck
452,160,233,480,fuck
432,163,211,458,fuck
437,153,216,470,fuck
451,150,188,487,fuck
441,155,216,492,fuck
457,157,210,414,fuck
446,146,216,484,fuck
456,156,210,484,fuck
446,157,228,497,fuck
452,154,228,507,fuck
431,158,250,505,fuck
455,153,339,501,fuck
449,153,237,493,fuck
449,151,220,487,fuck
449,158,231,486,fuck
375,147,238,396,fuck
448,152,240,462,fuck
460,157,225,454,fuck
448,84,228,444,fuck
452,148,240,454,fuck
448,146,229,442,fuck
472,150,237,509,fuck
449,146,223,440,fuck
453,145,235,450,fuck
453,145,236,461,fuck
452,150,230,449,fuck
441,149,221,454,fuck
440,146,234,455,fuck
449,147,235,444,fuck
458,144,236,466,fuck
451,132,254,463,fuck
448,136,239,452,fuck
476,144,230,448,fuck
449,144,214,458,fuck
452,144,236,444,fuck
452,130,231,448,fuck
446,153,226,422,fuck
450,143,225,423,fuck
447,137,219,451,fuck
434,138,227,454,fuck
446,141,190,442,fuck
447,139,219,442,fuck
442,141,242,449,fuck
463,141,206,434,fuck
446,139,202,428,fuck
441,136,235,426,fuck
444,143,216,445,fuck
443,137,215,449,fuck
464,135,228,446,fuck
461,139,214,443,fuck
434,132,217,438,fuck
440,133,216,441,fuck
439,133,195,454,fuck
441,123,212,459,fuck
443,128,206,469,fuck
447,132,227,475,fuck
436,140,205,464,fuck
444,136,200,479,fuck
440,135,195,488,fuck
443,140,213,502,fuck
442,124,224,506,fuck
432,137,212,499,fuck
448,141,212,491,fuck
453,149,217,500,fuck
456,145,208,494,fuck
452,148,213,514,fuck
447,146,215,497,fuck
499,150,234,530,fuck
452,161,230,489,fuck
454,160,236,476,fuck
453,148,232,499,fuck
399,157,240,498,fuck
453,123,241,488,fuck
451,157,242,481,fuck
457,156,242,492,fuck
442,157,252,504,fuck
458,166,270,486,fuck
453,154,259,501,fuck
465,144,304,495,fuck
464,150,257,502,fuck
461,156,250,493,fuck
453,148,264,483,fuck
462,148,256,485,fuck
456,144,236,482,fuck
459,149,258,472,fuck
457,152,249,462,fuck
463,219,245,461,fuck
456,146,236,453,fuck
461,142,247,451,fuck
462,156,243,444,fuck
466,144,180,439,fuck
484,130,247,431,fuck
459,141,256,411,fuck
473,136,239,412,fuck
466,140,239,410,fuck
468,140,232,396,fuck
472,141,233,388,fuck
448,139,230,381,fuck
418,151,231,384,fuck
457,136,230,391,fuck
452,131,242,409,fuck
462,134,233,409,fuck
457,145,231,403,fuck
471,125,233,412,fuck
455,138,229,411,fuck
457,132,227,410,fuck
465,53,225,406,fuck
463,138,260,416,fuck
465,136,226,438,fuck
459,134,212,428,fuck
448,133,221,432,fuck
462,124,227,434,fuck
445,146,215,426,fuck
461,146,218,417,fuck
476,155,218,413,fuck
458,155,217,404,fuck
459,156,220,442,fuck
452,154,218,414,fuck
464,156,204,411,fuck
462,152,219,396,fuck
463,152,218,397,fuck
460,152,206,389,fuck
461,154,232,391,fuck
458,157,212,395,fuck
456,92,218,384,fuck
454,150,202,404,fuck
455,146,209,403,fuck
434,148,224,409,fuck
450,146,209,413,fuck
437,146,208,428,fuck
448,149,189,432,fuck
450,145,206,418,fuck
451,146,204,439,fuck
486,152,187,443,fuck
448,150,206,448,fuck
448,146,204,440,fuck
480,144,200,435,fuck
442,144,208,435,fuck
455,144,202,441,fuck
471,143,199,426,fuck
440,144,195,489,fuck
444,142,197,430,fuck
443,146,206,438,fuck
443,142,185,447,fuck
443,141,195,447,fuck
480,158,206,486,fuck
441,150,198,449,fuck
450,149,190,457,fuck
447,148,221,461,fuck
452,154,192,453,fuck
452,147,191,458,fuck
460,137,199,458,fuck
450,132,196,459,fuck
450,147,192,455,fuck
460,146,198,459,fuck
411,144,195,440,fuck
448,139,189,424,fuck
454,144,197,428,fuck
458,150,204,428,fuck
452,138,198,439,fuck
458,146,197,433,fuck
474,148,201,445,fuck
452,240,192,447,fuck
452,150,199,445,fuck
457,151,194,443,fuck
451,153,194,460,fuck
448,142,212,452,fuck
447,147,197,445,fuck
438,155,176,448,fuck
463,156,204,443,fuck
442,158,189,442,fuck
440,156,195,435,fuck
437,156,168,430,fuck
438,155,192,439,fuck
431,156,187,442,fuck
435,141,187,436,fuck
450,153,180,425,fuck
424,153,188,426,fuck
434,152,186,416,fuck
430,159,189,434,fuck
423,145,201,424,fuck
444,188,198,424,fuck
442,159,200,410,fuck
435,142,261,414,fuck
420,150,199,420,fuck
438,131,197,414,fuck
430,153,197,440,fuck
432,137,186,424,fuck
421,141,212,440,fuck
433,145,191,421,fuck
527,137,196,432,fuck
429,146,200,436,fuck
434,145,203,421,fuck
431,146,193,455,fuck
431,142,190,429,fuck
434,179,193,443,fuck
428,148,191,443,fuck
435,146,194,455,fuck
436,143,194,465,fuck
438,143,192,467,fuck
405,142,190,475,fuck
442,145,205,453,fuck
428,140,221,447,fuck
435,144,186,451,fuck
442,137,204,467,fuck
441,145,192,474,fuck
441,142,196,473,fuck
425,144,213,460,fuck
439,141,205,470,fuck
436,158,213,457,fuck
445,141,200,463,fuck
441,143,205,450,fuck
447,152,189,446,fuck
441,153,209,457,fuck
441,137,210,456,fuck
438,138,205,458,fuck
439,133,216,442,fuck
435,140,213,440,fuck
437,148,215,506,fuck
432,136,220,517,fuck
431,139,207,432,fuck
433,137,219,427,fuck
432,144,296,445,fuck
437,148,221,462,fuck
428,141,209,455,fuck
431,133,213,456,fuck
430,132,218,464,fuck
425,145,215,462,fuck
430,146,217,454,fuck
432,140,199,456,fuck
435,138,204,435,fuck
434,142,228,466,fuck
432,144,216,453,fuck
439,155,233,413,fuck
447,147,233,462,fuck
442,140,236,456,fuck
442,148,232,449,fuck
442,147,231,443,fuck
463,147,230,444,fuck
446,141,230,441,fuck
454,145,230,457,fuck
445,145,228,444,fuck
448,170,230,447,fuck
436,142,208,454,fuck
454,155,217,456,fuck
442,241,222,438,fuck
444,146,223,436,fuck
438,140,231,443,fuck
431,177,233,436,fuck
441,145,226,439,fuck
440,144,231,422,fuck
447,147,235,417,fuck
353,146,232,415,fuck
447,146,232,408,fuck
449,144,277,402,fuck
449,149,231,397,fuck
450,160,234,404,fuck
452,143,233,398,fuck
450,144,242,383,fuck
446,134,238,376,fuck
450,128,234,374,fuck
450,138,228,365,fuck
390,145,224,364,fuck
450,133,225,358,fuck
475,153,219,373,fuck
440,136,229,338,fuck
448,151,228,358,fuck
445,139,225,360,fuck
456,161,217,367,fuck
433,161,228,419,fuck
456,163,226,362,fuck
448,146,235,348,fuck
468,155,220,349,fuck
462,166,210,345,fuck
465,174,206,358,fuck
466,172,220,369,fuck
505,174,223,370,fuck
473,164,219,361,fuck
473,197,216,357,fuck
381,178,223,371,fuck
436,182,227,371,fuck
471,180,218,382,fuck
471,192,234,390,fuck
559,179,222,392,fuck
472,161,221,417,fuck
473,177,217,419,fuck
476,166,242,420,fuck
466,176,220,423,fuck
468,174,213,419,fuck
471,173,220,426,fuck
470,160,215,414,fuck
468,171,217,405,fuck
476,173,208,406,fuck
474,172,213,402,fuck
471,169,218,429,fuck
473,168,216,413,fuck
472,167,230,435,fuck
483,166,215,442,fuck
476,170,230,437,fuck
487,165,228,445,fuck
484,136,230,438,fuck
488,163,233,433,fuck
488,156,222,453,fuck
485,149,233,444,fuck
482,163,224,438,fuck
485,160,226,441,fuck
482,184,233,433,fuck
475,160,216,432,fuck
470,158,226,428,fuck
479,150,230,425,fuck
477,158,225,447,fuck
477,148,227,512,fuck
419,165,224,445,fuck
474,145,230,426,fuck
506,158,226,432,fuck
473,155,222,427,fuck
472,155,222,425,fuck
462,153,218,400,fuck
494,150,233,423,fuck
473,180,222,436,fuck
477,149,228,437,fuck
469,162,209,431,fuck
469,162,226,432,fuck
492,165,229,454,fuck
467,160,224,437,fuck
470,168,214,430,fuck
467,159,223,426,fuck
475,166,204,437,fuck
474,169,194,432,fuck
472,160,210,417,fuck
467,187,219,415,fuck
480,174,212,411,fuck
474,180,241,410,fuck
458,178,222,438,fuck
473,225,221,414,fuck
468,185,220,415,fuck
486,192,222,427,fuck
463,178,223,439,fuck
467,194,205,434,fuck
466,204,218,450,fuck
484,207,216,450,fuck
468,208,207,444,fuck
455,197,215,454,fuck
461,210,213,455,fuck
471,217,165,430,fuck
467,215,209,449,fuck
456,204,228,449,fuck
459,204,209,461,fuck
471,202,214,472,fuck
468,204,230,473,fuck
465,216,210,465,fuck
464,198,225,458,fuck
462,207,206,454,fuck
463,193,207,444,fuck
473,192,209,476,fuck
460,193,188,475,fuck
465,192,218,474,fuck
460,193,226,472,fuck
463,196,231,473,fuck
474,189,230,477,fuck
459,184,228,473,fuck
460,188,312,465,fuck
462,185,226,461,fuck
450,180,226,452,fuck
472,187,228,449,fuck
467,184,228,445,fuck
445,174,225,437,fuck
450,178,221,444,fuck
453,189,239,454,fuck
451,170,220,452,fuck
506,186,212,469,fuck
451,173,217,464,fuck
449,174,225,461,fuck
445,174,220,457,fuck
446,172,200,478,fuck
442,171,217,461,fuck
448,165,221,452,fuck
448,167,221,438,fuck
448,169,222,437,fuck
449,168,217,444,fuck
439,164,210,428,fuck
444,162,211,423,fuck
440,169,210,418,fuck
442,168,217,418,fuck
429,156,223,404,fuck
444,168,210,402,fuck
444,164,212,391,fuck
438,170,217,387,fuck
441,162,210,393,fuck
441,163,222,405,fuck
469,161,206,402,fuck
457,160,199,407,fuck
446,155,200,384,fuck
444,162,200,384,fuck
494,170,194,417,fuck
446,115,209,406,fuck
445,160,210,403,fuck
456,166,213,417,fuck
446,156,216,409,fuck
447,162,216,400,fuck
445,158,200,394,fuck
454,89,208,398,fuck
442,154,212,403,fuck
445,155,227,399,fuck
444,152,213,401,fuck
446,147,214,397,fuck
448,154,208,395,fuck
441,150,201,424,fuck
437,151,205,415,fuck
441,150,207,430,fuck
447,146,200,422,fuck
437,149,202,433,fuck
436,145,211,436,fuck
434,144,215,453,fuck
431,147,194,455,fuck
416,156,201,410,fuck
437,164,196,472,fuck
432,157,200,463,fuck
435,165,202,460,fuck
430,154,219,453,fuck
414,151,198,470,fuck
431,152,188,453,fuck
427,140,200,455,fuck
423,161,194,446,fuck
433,156,199,464,fuck
441,154,207,486,fuck
438,153,218,478,fuck
484,141,223,495,fuck
450,149,213,494,fuck
433,145,222,496,fuck
434,227,221,495,fuck
432,147,220,508,fuck
454,138,220,504,fuck
431,148,220,497,fuck
430,153,235,490,fuck
433,148,213,474,fuck
430,149,245,476,fuck
445,136,236,466,fuck
416,144,233,461,fuck
435,134,232,445,fuck
435,157,232,439,fuck
440,140,262,454,fuck
450,143,230,463,fuck
442,140,242,459,fuck
447,134,226,455,fuck
442,146,235,445,fuck
397,151,230,467,fuck
412,146,234,459,fuck
440,141,229,440,fuck
446,55,232,465,fuck
445,146,132,453,fuck
463,146,228,444,fuck
438,139,234,455,fuck
447,136,249,439,fuck
448,144,216,436,fuck
451,156,224,425,fuck
447,109,222,424,fuck
448,143,222,430,fuck
449,130,224,427,fuck
446,130,222,436,fuck
450,133,220,442,fuck
559,136,235,440,fuck
459,137,239,430,fuck
460,123,237,424,fuck
460,131,236,429,fuck
455,133,242,437,fuck
458,132,232,432,fuck
438,137,236,430,fuck
461,115,237,416,fuck
459,137,249,385,fuck
448,148,243,442,fuck
460,137,239,448,fuck
445,141,229,461,fuck
462,143,239,472,fuck
457,155,330,467,fuck
462,160,251,452,fuck
472,154,265,454,fuck
488,159,298,473,fuck
497,166,291,469,fuck
492,170,313,463,fuck
500,174,321,546,fuck
501,209,318,469,fuck
504,179,327,459,fuck
508,193,343,447,fuck
528,186,355,465,fuck
524,204,347,444,fuck
520,214,336,460,fuck
522,269,350,461,fuck
519,228,346,456,fuck
507,211,303,447,fuck
516,212,341,444,fuck
516,211,337,435,fuck
513,203,335,430,fuck
517,213,327,419,fuck
523,218,336,439,fuck
512,203,350,458,fuck
503,208,325,456,fuck
512,207,323,469,fuck
509,202,320,456,fuck
449,209,314,464,fuck
505,200,325,461,fuck
506,222,324,461,fuck
513,198,323,457,fuck
504,204,325,449,fuck
504,149,317,475,fuck
507,219,315,477,fuck
501,137,312,468,fuck
502,197,311,466,fuck
501,187,318,461,fuck
499,191,320,455,fuck
502,191,300,446,fuck
507,192,307,438,fuck
498,188,330,455,fuck
515,185,295,475,fuck
498,186,307,461,fuck
495,185,335,457,fuck
491,184,314,449,fuck
493,190,312,450,fuck
503,180,316,433,fuck
492,187,333,451,fuck
497,178,300,443,fuck
513,173,309,460,fuck
555,176,303,388,fuck
479,175,301,463,fuck
488,172,296,458,fuck
522,170,295,471,fuck
497,180,293,468,fuck
483,174,284,457,fuck
482,171,287,456,fuck
493,171,300,463,fuck
475,160,290,485,fuck
503,170,281,500,fuck
420,161,281,475,fuck
498,165,279,549,fuck
476,172,271,477,fuck
486,161,280,468,fuck
483,159,270,452,fuck
453,162,274,451,fuck
485,150,263,453,fuck
498,169,265,440,fuck
393,158,267,451,fuck
484,171,269,452,fuck
490,164,265,458,fuck
477,233,274,454,fuck
476,160,263,470,fuck
478,171,270,460,fuck
488,180,201,453,fuck
480,190,262,443,fuck
478,190,324,469,fuck
474,188,256,458,fuck
495,188,256,476,fuck
466,185,253,461,fuck
477,188,254,478,fuck
475,191,304,481,fuck
472,206,254,475,fuck
468,189,244,493,fuck
468,238,249,503,fuck
457,187,260,512,fuck
475,189,261,499,fuck
454,194,268,485,fuck
460,186,263,481,fuck
474,189,287,467,fuck
472,174,280,488,fuck
476,219,280,488,fuck
464,187,294,504,fuck
481,185,208,495,fuck
470,186,295,501,fuck
479,180,266,491,fuck
466,180,321,495,fuck
470,171,270,473,fuck
475,173,266,473,fuck
471,184,290,482,fuck
474,175,237,470,fuck
462,179,264,460,fuck
465,172,213,467,fuck
463,176,259,477,fuck
464,172,251,486,fuck
470,178,256,477,fuck
462,169,252,474,fuck
452,166,250,464,fuck
463,170,249,459,fuck
467,171,252,464,fuck
462,165,239,489,fuck
463,168,242,492,fuck
484,175,253,490,fuck
462,164,231,488,fuck
499,175,246,512,fuck
456,162,240,476,fuck
448,209,246,478,fuck
458,175,237,448,fuck
444,165,238,416,fuck
447,164,240,456,fuck
467,180,246,481,fuck
469,151,251,492,fuck
439,158,243,486,fuck
467,105,248,494,fuck
462,161,243,495,fuck
455,156,251,486,fuck
465,168,252,492,fuck
470,151,249,512,fuck
476,153,249,518,fuck
475,154,249,526,fuck
473,160,253,521,fuck
469,138,244,550,fuck
471,152,234,503,fuck
476,149,256,483,fuck
474,155,256,484,fuck
469,150,247,486,fuck
473,152,256,470,fuck
479,157,269,481,fuck
512,160,277,490,fuck
472,162,276,498,fuck
476,164,370,499,fuck
465,157,281,501,fuck
474,156,274,497,fuck
474,126,270,505,fuck
470,188,271,510,fuck
473,157,285,496,fuck
490,169,256,542,fuck
469,166,253,554,fuck
452,162,272,538,fuck
473,183,265,530,fuck
469,162,263,538,fuck
468,162,270,534,fuck
462,158,272,520,fuck
460,196,265,524,fuck
449,159,274,533,fuck
464,150,279,517,fuck
461,157,261,533,fuck
461,160,268,520,fuck
458,157,264,551,fuck
456,176,251,547,fuck
444,157,246,526,fuck
459,175,260,512,fuck
457,156,252,505,fuck
456,164,253,522,fuck
454,156,250,517,fuck
449,172,250,501,fuck
453,142,256,488,fuck
450,154,235,491,fuck
451,145,245,482,fuck
450,162,249,479,fuck
461,155,250,472,fuck
459,149,258,499,fuck
465,151,260,482,fuck
467,160,261,473,fuck
466,151,261,467,fuck
488,150,268,482,fuck
458,131,278,464,fuck
470,152,266,460,fuck
469,137,282,464,fuck
468,148,288,465,fuck
478,149,295,466,fuck
487,138,294,471,fuck
482,133,296,475,fuck
479,136,300,481,fuck
469,145,285,464,fuck
487,148,281,457,fuck
479,144,285,448,fuck
478,142,260,443,fuck
479,160,280,431,fuck
479,144,281,445,fuck
479,145,279,431,fuck
478,214,277,431,fuck
483,132,264,428,fuck
469,143,279,418,fuck
475,130,267,442,fuck
470,224,271,438,fuck
468,136,285,434,fuck
472,142,263,417,fuck
466,140,267,419,fuck
468,139,270,416,fuck
465,141,260,430,fuck
463,140,257,428,fuck
459,138,260,459,fuck
451,146,257,427,fuck
457,176,261,429,fuck
448,182,258,424,fuck
460,177,324,450,fuck
453,182,241,453,fuck
450,189,271,473,fuck
460,179,259,481,fuck
464,192,257,485,fuck
462,188,251,504,fuck
465,226,248,447,fuck
463,208,251,483,fuck
468,212,264,465,fuck
465,219,249,462,fuck
473,218,259,464,fuck
467,233,260,478,fuck
484,232,247,562,fuck
476,221,188,479,fuck
471,244,246,501,fuck
486,246,238,500,fuck
467,242,254,498,fuck
470,231,252,486,fuck
471,238,241,479,fuck
463,235,248,494,fuck
489,231,252,480,fuck
472,233,251,477,fuck
497,234,253,469,fuck
472,250,250,472,fuck
482,217,248,482,fuck
476,240,247,481,fuck
477,239,243,502,fuck
476,233,234,491,fuck
476,237,234,476,fuck
473,235,222,484,fuck
468,232,239,462,fuck
467,224,259,453,fuck
470,169,247,450,fuck
475,225,349,447,fuck
475,224,245,475,fuck
475,222,242,451,fuck
473,205,245,449,fuck
475,207,259,461,fuck
474,216,239,462,fuck
468,166,240,455,fuck
467,216,233,450,fuck
469,203,253,453,fuck
470,208,248,450,fuck
462,212,243,434,fuck
465,214,253,448,fuck
474,214,265,444,fuck
476,260,249,459,fuck
469,221,248,449,fuck
472,232,248,451,fuck
475,223,245,442,fuck
472,219,243,458,fuck
453,219,240,455,fuck
468,220,232,463,fuck
477,214,191,462,fuck
465,213,235,479,fuck
471,212,256,472,fuck
484,214,253,467,fuck
462,218,248,449,fuck
449,215,234,447,fuck
461,215,256,437,fuck
451,225,246,435,fuck
470,224,247,428,fuck
456,220,252,445,fuck
458,220,244,434,fuck
439,213,237,433,fuck
453,200,246,424,fuck
452,212,241,419,fuck
459,231,239,428,fuck
454,235,232,442,fuck
456,251,239,440,fuck
458,225,261,428,fuck
461,259,241,426,fuck
465,248,249,424,fuck
463,257,248,421,fuck
451,248,248,396,fuck
467,260,257,396,fuck
468,265,246,398,fuck
468,254,244,386,fuck
466,246,241,378,fuck
476,280,247,411,fuck
470,265,242,408,fuck
469,269,240,408,fuck
471,260,230,413,fuck
476,258,240,403,fuck
465,261,242,411,fuck
475,241,241,421,fuck
456,250,232,428,fuck
464,245,251,445,fuck
456,251,249,441,fuck
461,245,234,430,fuck
463,245,234,440,fuck
473,243,181,442,fuck
463,242,236,438,fuck
455,244,236,427,fuck
478,237,241,426,fuck
459,239,235,430,fuck
456,230,237,425,fuck
476,235,240,445,fuck
447,243,235,418,fuck
447,221,241,441,fuck
453,228,225,426,fuck
447,207,233,422,fuck
457,220,231,429,fuck
453,210,229,434,fuck
452,218,240,448,fuck
459,224,208,424,fuck
445,205,237,427,fuck
464,217,232,393,fuck
465,211,230,430,fuck
452,208,228,416,fuck
457,220,217,435,fuck
454,197,247,429,fuck
518,205,223,491,fuck
457,211,231,414,fuck
454,206,246,422,fuck
464,205,230,434,fuck
461,199,218,435,fuck
463,199,229,358,fuck
461,198,227,430,fuck
461,184,234,419,fuck
493,194,238,425,fuck
461,190,245,441,fuck
512,198,251,456,fuck
461,188,250,352,fuck
514,196,247,430,fuck
463,186,242,430,fuck
464,184,246,435,fuck
458,187,245,420,fuck
474,188,256,408,fuck
471,185,245,408,fuck
477,194,241,416,fuck
475,186,250,491,fuck
493,190,247,415,fuck
476,177,256,431,fuck
456,185,245,438,fuck
482,186,245,451,fuck
498,189,238,447,fuck
478,185,247,450,fuck
476,184,251,446,fuck
474,194,247,438,fuck
464,177,253,448,fuck
469,180,240,427,fuck
482,186,243,422,fuck
460,178,235,451,fuck
464,180,239,449,fuck
464,172,245,450,fuck
464,177,236,450,fuck
468,174,238,446,fuck
468,176,233,439,fuck
472,171,239,447,fuck
474,176,240,487,fuck
474,183,250,468,fuck
473,169,267,454,fuck
474,169,241,447,fuck
472,165,242,459,fuck
482,160,237,473,fuck
491,164,240,476,fuck
472,161,244,476,fuck
471,183,246,469,fuck
475,164,288,472,fuck
498,164,277,499,fuck
476,163,273,484,fuck
480,169,240,492,fuck
473,186,276,476,fuck
475,174,281,462,fuck
472,179,270,469,fuck
477,176,306,456,fuck
476,123,297,447,fuck
473,160,304,440,fuck
481,197,306,448,fuck
480,177,304,444,fuck
470,167,293,446,fuck
472,172,301,461,fuck
467,177,295,468,fuck
451,173,306,466,fuck
467,178,284,471,fuck
463,171,290,473,fuck
466,185,291,481,fuck
470,163,306,477,fuck
489,176,285,485,fuck
458,179,290,486,fuck
467,173,298,489,fuck
471,175,285,485,fuck
450,175,285,485,fuck
462,171,270,481,fuck
466,170,283,484,fuck
478,169,279,510,fuck
468,169,267,501,fuck
454,168,279,507,fuck
447,162,273,509,fuck
455,171,269,505,fuck
471,164,276,524,fuck
463,158,275,516,fuck
463,157,269,513,fuck
462,180,270,513,fuck
466,105,268,528,fuck
465,162,269,524,fuck
462,164,261,506,fuck
459,158,268,505,fuck
456,160,258,514,fuck
442,162,267,517,fuck
455,160,263,518,fuck
458,157,257,505,fuck
451,157,254,509,fuck
459,158,257,485,fuck
458,154,260,482,fuck
464,147,250,473,fuck
454,153,262,483,fuck
456,155,263,449,fuck
459,174,256,446,fuck
448,167,256,446,fuck
463,180,264,459,fuck
448,158,258,453,fuck
460,181,252,463,fuck
456,178,219,455,fuck
459,177,248,447,fuck
464,195,242,463,fuck
465,192,184,455,fuck
469,195,247,475,fuck
461,188,308,478,fuck
498,192,278,464,fuck
496,219,307,528,fuck
500,208,321,477,fuck
505,211,318,482,fuck
503,206,313,464,fuck
502,198,310,464,fuck
501,199,327,480,fuck
507,214,322,479,fuck
513,194,339,497,fuck
514,197,343,499,fuck
516,206,344,510,fuck
519,203,329,512,fuck
516,195,341,508,fuck
514,194,334,487,fuck
520,192,332,514,fuck
520,138,340,521,fuck
517,285,329,516,fuck
513,188,330,505,fuck
507,196,333,480,fuck
507,176,328,498,fuck
506,194,345,494,fuck
504,205,355,501,fuck
506,200,328,500,fuck
502,201,322,495,fuck
493,198,333,489,fuck
494,211,313,488,fuck
493,194,312,498,fuck
498,186,302,512,fuck
452,194,306,517,fuck
477,194,301,490,fuck
490,211,305,480,fuck
477,186,303,472,fuck
489,179,298,476,fuck
485,188,298,467,fuck
486,195,302,454,fuck
481,195,298,447,fuck
487,196,293,456,fuck
481,197,287,452,fuck
480,190,285,446,fuck
480,185,274,442,fuck
477,189,280,439,fuck
478,189,279,455,fuck
470,190,271,468,fuck
476,187,278,472,fuck
472,187,276,487,fuck
455,184,279,510,fuck
470,188,288,518,fuck
459,185,396,514,fuck
477,186,280,517,fuck
467,193,273,517,fuck
467,182,297,519,fuck
460,177,267,515,fuck
466,185,275,504,fuck
461,179,266,516,fuck
466,178,257,533,fuck
448,168,275,524,fuck
478,154,276,527,fuck
455,176,301,536,fuck
462,181,277,595,fuck
455,172,282,534,fuck
452,157,274,520,fuck
463,176,275,540,fuck
455,168,276,530,fuck
463,163,275,531,fuck
458,180,268,530,fuck
457,178,274,524,fuck
463,183,276,516,fuck
462,196,270,513,fuck
470,167,282,492,fuck
442,183,269,446,fuck
460,172,280,486,fuck
457,184,266,475,fuck
460,178,264,482,fuck
461,180,254,489,fuck
458,172,288,467,fuck
469,180,285,490,fuck
522,183,281,491,fuck
467,176,296,474,fuck
479,175,287,476,fuck
464,174,303,477,fuck
482,170,293,481,fuck
467,179,293,482,fuck
466,175,290,480,fuck
454,174,282,478,fuck
449,175,282,474,fuck
462,164,295,472,fuck
461,174,286,482,fuck
446,170,285,478,fuck
446,165,275,467,fuck
444,167,277,476,fuck
460,167,276,476,fuck
457,168,273,494,fuck
463,165,262,472,fuck
458,173,274,465,fuck
455,167,269,453,fuck
458,156,278,457,fuck
462,167,308,456,fuck
481,183,304,450,fuck
451,196,328,445,fuck
491,188,307,437,fuck
458,195,304,426,fuck
459,193,299,442,fuck
462,195,308,444,fuck
460,198,338,448,fuck
458,210,320,463,fuck
455,206,336,458,fuck
458,200,340,441,fuck
461,200,335,447,fuck
456,201,363,442,fuck
453,204,358,435,fuck
463,203,354,497,fuck
455,199,351,414,fuck
454,191,330,421,fuck
457,186,361,413,fuck
452,192,346,410,fuck
462,198,342,346,fuck
456,187,335,442,fuck
441,193,327,433,fuck
435,187,332,441,fuck
447,189,308,436,fuck
439,187,293,428,fuck
450,185,328,425,fuck
454,192,331,429,fuck
451,170,325,413,fuck
450,181,327,394,fuck
446,179,322,417,fuck
449,178,316,414,fuck
451,180,317,407,fuck
461,174,310,414,fuck
447,158,313,431,fuck
445,180,306,446,fuck
441,165,317,438,fuck
454,173,325,448,fuck
449,173,303,463,fuck
441,176,308,454,fuck
445,172,302,465,fuck
455,248,281,467,fuck
457,172,277,465,fuck
456,164,294,480,fuck
448,164,249,466,fuck
475,171,286,530,fuck
389,176,287,449,fuck
460,152,282,465,fuck
458,165,364,469,fuck
480,139,279,463,fuck
457,165,286,454,fuck
458,160,215,451,fuck
454,164,276,445,fuck
456,170,269,459,fuck
453,164,270,448,fuck
458,168,257,442,fuck
540,165,265,418,fuck
456,154,268,450,fuck
468,163,256,444,fuck
463,172,275,454,fuck
441,162,279,450,fuck
457,165,276,446,fuck
461,168,273,452,fuck
461,166,264,461,fuck
456,161,271,473,fuck
413,170,271,473,fuck
455,161,273,470,fuck
455,153,262,484,fuck
450,160,265,496,fuck
449,142,264,472,fuck
450,147,261,460,fuck
441,155,258,459,fuck
449,155,247,467,fuck
445,155,247,462,fuck
444,145,261,469,fuck
452,156,268,462,fuck
447,139,250,460,fuck
464,159,243,452,fuck
444,152,300,445,fuck
442,154,260,444,fuck
426,153,245,456,fuck
441,136,245,467,fuck
454,154,258,458,fuck
469,150,243,477,fuck
436,135,240,490,fuck
437,149,240,478,fuck
438,152,246,484,fuck
440,146,247,482,fuck
442,150,250,479,fuck
443,144,261,470,fuck
435,155,250,460,fuck
434,150,247,520,fuck
438,144,251,464,fuck
434,146,248,468,fuck
358,144,244,483,fuck
438,153,265,477,fuck
440,143,245,472,fuck
436,149,244,475,fuck
428,146,227,468,fuck
430,159,232,481,fuck
435,140,242,476,fuck
396,160,235,487,fuck
426,159,234,481,fuck
426,174,224,467,fuck
428,197,232,456,fuck
434,202,234,444,fuck
441,201,230,476,fuck
435,199,224,437,fuck
442,209,236,469,fuck
441,220,235,476,fuck
437,211,246,496,fuck
448,217,253,503,fuck
444,210,256,480,fuck
453,232,254,505,fuck
448,226,247,487,fuck
446,227,253,495,fuck
447,226,247,484,fuck
444,229,256,499,fuck
452,219,249,512,fuck
438,220,249,501,fuck
448,210,266,490,fuck
449,226,245,492,fuck
447,219,246,484,fuck
447,218,242,474,fuck
446,218,231,469,fuck
446,212,243,489,fuck
448,215,244,536,fuck
442,210,236,499,fuck
449,226,240,499,fuck
448,210,194,486,fuck
447,207,237,499,fuck
449,244,247,508,fuck
456,192,252,520,fuck
461,197,260,524,fuck
438,191,264,542,fuck
443,196,253,553,fuck
447,181,266,556,fuck
434,192,261,552,fuck
450,208,256,567,fuck
460,189,260,557,fuck
449,190,257,558,fuck
452,196,260,560,fuck
489,190,256,575,fuck
446,188,256,569,fuck
450,187,253,569,fuck
448,190,256,551,fuck
434,198,254,546,fuck
516,193,259,540,fuck
454,189,257,539,fuck
449,182,256,536,fuck
444,190,270,538,fuck
454,188,272,531,fuck
452,176,278,538,fuck
456,169,272,528,fuck
451,188,277,535,fuck
473,186,290,600,fuck
441,182,301,522,fuck
458,181,326,518,fuck
453,194,312,507,fuck
452,175,308,498,fuck
450,180,315,505,fuck
452,165,307,524,fuck
460,181,343,531,fuck
481,174,301,524,fuck
457,166,308,544,fuck
466,173,244,546,fuck
451,171,292,548,fuck
445,183,290,555,fuck
451,172,292,558,fuck
450,172,281,542,fuck
452,169,284,525,fuck
452,170,287,542,fuck
452,106,282,522,fuck
454,169,280,517,fuck
420,166,277,531,fuck
451,161,276,518,fuck
449,170,262,528,fuck
448,170,268,517,fuck
447,184,269,533,fuck
453,185,270,530,fuck
448,176,282,548,fuck
456,187,252,551,fuck
452,195,262,548,fuck
458,197,257,578,fuck
457,198,247,571,fuck
459,185,260,573,fuck
442,182,265,562,fuck
449,196,256,548,fuck
451,198,256,537,fuck
445,214,252,556,fuck
470,212,253,526,fuck
451,217,260,522,fuck
445,226,269,512,fuck
462,229,193,521,fuck
435,222,247,520,fuck
450,233,242,516,fuck
448,224,242,540,fuck
432,230,242,538,fuck
450,233,236,534,fuck
448,225,262,532,fuck
446,226,237,541,fuck
442,223,237,516,fuck
445,220,236,523,fuck
444,209,238,530,fuck
448,234,236,519,fuck
439,216,235,516,fuck
441,214,230,510,fuck
442,213,237,504,fuck
450,208,233,501,fuck
439,207,237,491,fuck
439,224,232,488,fuck
442,204,242,466,fuck
462,209,239,478,fuck
446,202,236,466,fuck
449,196,242,470,fuck
444,189,248,470,fuck
446,197,264,449,fuck
443,193,243,450,fuck
448,197,238,428,fuck
440,185,236,475,fuck
466,201,233,427,fuck
443,189,236,417,fuck
443,205,154,435,fuck
443,207,264,433,fuck
439,204,240,445,fuck
442,207,242,447,fuck
446,198,234,442,fuck
453,218,236,437,fuck
445,217,226,431,fuck
550,201,235,426,fuck
505,201,236,436,fuck
450,197,235,417,fuck
454,198,242,440,fuck
451,196,241,444,fuck
452,200,238,435,fuck
453,200,236,426,fuck
455,200,259,425,fuck
442,191,225,432,fuck
455,170,230,432,fuck
454,188,225,431,fuck
451,187,232,449,fuck
448,185,230,463,fuck
446,182,213,452,fuck
464,184,225,460,fuck
448,181,229,450,fuck
448,185,236,449,fuck
441,200,240,458,fuck
429,187,239,454,fuck
463,186,239,460,fuck
454,201,238,455,fuck
445,171,243,443,fuck
445,200,237,455,fuck
444,120,242,474,fuck
441,182,239,472,fuck
448,192,237,454,fuck
434,161,236,456,fuck
445,167,236,471,fuck
458,180,236,487,fuck
443,176,237,481,fuck
448,168,242,498,fuck
445,172,236,503,fuck
437,172,238,509,fuck
439,167,281,508,fuck
448,169,232,506,fuck
443,168,233,520,fuck
445,157,229,493,fuck
445,168,227,496,fuck
359,176,235,548,fuck
456,177,234,515,fuck
436,162,243,512,fuck
458,176,249,510,fuck
459,172,247,497,fuck
448,170,246,497,fuck
452,169,238,508,fuck
464,170,239,484,fuck
548,169,244,471,fuck
453,158,260,466,fuck
454,168,242,461,fuck
456,170,262,458,fuck
476,149,266,458,fuck
471,165,259,447,fuck
459,162,271,437,fuck
478,165,249,432,fuck
480,160,254,432,fuck
529,163,247,452,fuck
489,177,256,441,fuck
475,197,258,435,fuck
466,160,254,440,fuck
477,165,253,425,fuck
479,159,251,421,fuck
480,159,252,418,fuck
478,157,256,410,fuck
480,158,246,424,fuck
469,158,239,430,fuck
473,153,236,422,fuck
475,148,251,417,fuck
475,152,256,415,fuck
476,167,262,410,fuck
463,153,241,401,fuck
474,143,253,407,fuck
451,149,267,368,fuck
469,133,262,395,fuck
467,148,260,418,fuck
459,155,251,416,fuck
466,160,254,413,fuck
450,148,250,415,fuck
468,149,260,410,fuck
464,125,261,409,fuck
483,123,246,406,fuck
462,143,246,419,fuck
456,155,226,409,fuck
465,152,250,399,fuck
470,156,259,401,fuck
465,152,277,417,fuck
480,165,272,420,fuck
482,156,285,401,fuck
473,156,264,389,fuck
510,156,275,396,fuck
476,156,280,395,fuck
474,160,276,396,fuck
475,142,285,406,fuck
470,172,275,422,fuck
489,151,280,404,fuck
477,157,275,384,fuck
471,142,276,398,fuck
469,156,268,416,fuck
465,164,272,418,fuck
445,149,269,420,fuck
461,148,276,425,fuck
461,238,264,437,fuck
461,146,262,432,fuck
460,148,262,429,fuck
458,145,261,414,fuck
460,152,344,417,fuck
461,148,268,412,fuck
462,142,277,406,fuck
465,146,271,333,fuck
461,132,275,408,fuck
458,155,256,420,fuck
457,143,261,408,fuck
459,142,264,408,fuck
462,143,266,402,fuck
468,139,277,400,fuck
469,238,261,392,fuck
474,144,268,387,fuck
481,143,268,386,fuck
515,138,269,398,fuck
472,123,266,393,fuck
470,138,262,391,fuck
479,138,268,384,fuck
472,137,261,386,fuck
479,136,264,384,fuck
497,136,264,375,fuck
488,138,260,378,fuck
477,141,256,410,fuck
485,139,252,422,fuck
481,149,280,417,fuck
477,157,244,423,fuck
465,144,253,417,fuck
473,128,254,429,fuck
387,149,248,421,fuck
475,149,271,410,fuck
475,144,244,416,fuck
472,152,243,472,fuck
388,146,245,352,fuck
468,147,231,411,fuck
470,85,252,406,fuck
469,150,264,407,fuck
461,147,262,392,fuck
468,147,244,422,fuck
451,145,239,417,fuck
470,135,260,405,fuck
454,146,230,420,fuck
454,141,243,422,fuck
463,145,237,442,fuck
461,141,234,445,fuck
460,80,239,448,fuck
458,165,237,448,fuck
465,150,236,423,fuck
457,145,256,448,fuck
445,145,231,452,fuck
458,144,232,468,fuck
460,139,227,469,fuck
456,137,239,476,fuck
446,130,227,477,fuck
455,88,242,478,fuck
456,140,220,477,fuck
456,144,213,456,fuck
455,140,226,456,fuck
454,144,224,476,fuck
456,126,227,482,fuck
471,140,248,481,fuck
460,139,248,479,fuck
482,135,239,489,fuck
469,149,242,488,fuck
465,124,248,500,fuck
459,138,223,501,fuck
450,135,251,506,fuck
464,138,251,520,fuck
457,144,243,531,fuck
459,131,244,521,fuck
461,138,232,521,fuck
454,136,256,514,fuck
463,139,263,513,fuck
464,160,254,528,fuck
398,136,266,509,fuck
467,138,250,517,fuck
506,137,261,530,fuck
453,133,261,520,fuck
465,142,254,531,fuck
465,133,258,531,fuck
468,136,242,534,fuck
478,146,260,525,fuck
473,139,254,531,fuck
474,156,254,517,fuck
475,146,262,514,fuck
475,145,329,512,fuck
473,144,250,520,fuck
476,119,251,508,fuck
472,151,257,493,fuck
478,157,250,491,fuck
488,169,249,481,fuck
491,164,251,474,fuck
471,162,248,477,fuck
462,171,249,456,fuck
477,164,256,481,fuck
467,169,252,477,fuck
473,166,256,470,fuck
469,158,286,476,fuck
474,160,247,479,fuck
470,162,260,492,fuck
462,154,248,476,fuck
477,162,263,480,fuck
458,179,264,472,fuck
468,160,267,466,fuck
480,156,266,471,fuck
479,154,271,474,fuck
478,153,274,477,fuck
471,163,268,476,fuck
477,160,282,473,fuck
468,162,285,460,fuck
467,150,276,460,fuck
471,139,301,427,fuck
476,151,293,452,fuck
496,151,303,483,fuck
480,158,276,460,fuck
474,150,299,478,fuck
477,151,296,464,fuck
479,149,289,464,fuck
480,147,286,462,fuck
503,146,284,444,fuck
474,142,285,475,fuck
472,144,281,463,fuck
477,136,285,478,fuck
475,146,177,487,fuck
466,149,279,489,fuck
474,160,272,483,fuck
474,165,275,484,fuck
469,145,279,464,fuck
460,164,273,467,fuck
470,152,272,496,fuck
490,152,267,493,fuck
454,159,262,474,fuck
467,158,261,484,fuck
463,160,247,490,fuck
469,158,252,495,fuck
470,158,258,492,fuck
464,158,244,488,fuck
454,165,260,458,fuck
459,163,251,466,fuck
462,185,253,476,fuck
465,103,248,481,fuck
461,177,256,470,fuck
493,189,251,482,fuck
456,182,248,487,fuck
449,178,256,505,fuck
474,174,259,498,fuck
456,172,249,509,fuck
455,176,244,531,fuck
456,174,232,536,fuck
452,167,247,523,fuck
459,174,138,520,fuck
446,172,233,522,fuck
420,157,233,502,fuck
447,168,236,515,fuck
446,167,234,505,fuck
435,167,235,499,fuck
431,148,241,479,fuck
444,161,221,477,fuck
441,162,232,474,fuck
444,162,229,476,fuck
391,161,228,484,fuck
441,160,149,469,fuck
441,151,225,478,fuck
431,186,227,471,fuck
443,159,229,493,fuck
441,160,225,499,fuck
436,140,224,490,fuck
442,162,228,486,fuck
450,153,233,541,fuck
442,160,238,485,fuck
444,144,237,485,fuck
448,155,262,494,fuck
435,152,256,472,fuck
450,153,248,483,fuck
448,155,248,487,fuck
452,154,203,490,fuck
446,150,256,485,fuck
449,163,150,476,fuck
436,193,250,503,fuck
446,156,247,506,fuck
451,154,261,498,fuck
446,88,242,496,fuck
435,159,244,514,fuck
447,157,243,505,fuck
446,163,242,499,fuck
442,142,241,503,fuck
442,158,258,494,fuck
441,158,244,466,fuck
434,156,238,482,fuck
445,166,257,475,fuck
442,158,244,464,fuck
441,174,241,458,fuck
433,152,244,458,fuck
453,160,237,442,fuck
440,150,229,434,fuck
443,154,247,435,fuck
437,152,252,449,fuck
436,152,262,428,fuck
451,156,272,422,fuck
449,154,251,424,fuck
449,154,265,432,fuck
446,143,268,415,fuck
438,148,266,411,fuck
441,156,267,408,fuck
446,166,263,399,fuck
442,150,262,400,fuck
443,146,257,354,fuck
444,144,259,402,fuck
449,163,251,401,fuck
440,139,254,468,fuck
441,149,256,396,fuck
470,145,259,420,fuck
441,146,254,397,fuck
448,154,254,352,fuck
426,146,256,387,fuck
435,138,247,389,fuck
446,143,185,372,fuck
436,146,245,397,fuck
441,232,250,401,fuck
347,142,257,421,fuck
384,146,270,416,fuck
453,145,282,425,fuck
455,148,288,442,fuck
439,144,285,416,fuck
461,146,289,394,fuck
453,147,290,437,fuck
466,143,285,423,fuck
459,158,277,430,fuck
472,148,288,431,fuck
484,154,291,472,fuck
465,186,298,440,fuck
454,144,284,434,fuck
460,131,284,434,fuck
437,146,280,414,fuck
458,147,280,431,fuck
453,143,279,433,fuck
455,145,277,433,fuck
455,146,267,424,fuck
456,144,287,435,fuck
451,140,259,429,fuck
453,146,268,459,fuck
470,146,270,454,fuck
453,146,265,442,fuck
455,146,273,458,fuck
455,223,261,459,fuck
456,144,258,460,fuck
453,149,276,475,fuck
453,139,256,458,fuck
457,140,262,464,fuck
456,181,253,466,fuck
467,145,256,458,fuck
468,129,253,528,fuck
467,138,247,496,fuck
486,141,252,552,fuck
455,141,249,496,fuck
468,138,256,482,fuck
474,139,256,488,fuck
470,137,282,482,fuck
477,86,264,476,fuck
476,138,259,474,fuck
490,135,252,484,fuck
476,138,251,510,fuck
475,134,256,496,fuck
477,136,251,499,fuck
456,135,249,502,fuck
476,137,249,498,fuck
475,133,245,437,fuck
481,135,252,479,fuck
484,160,237,485,fuck
477,145,269,480,fuck
487,145,272,490,fuck
481,165,249,482,fuck
484,161,265,470,fuck
478,163,243,467,fuck
476,150,246,463,fuck
497,172,262,452,fuck
467,184,244,452,fuck
478,164,261,442,fuck
480,174,249,482,fuck
481,182,264,473,fuck
471,180,239,489,fuck
478,185,267,472,fuck
484,173,250,483,fuck
478,184,250,476,fuck
479,184,262,472,fuck
476,185,252,469,fuck
472,177,246,471,fuck
471,183,246,495,fuck
475,191,249,510,fuck
473,173,261,509,fuck
481,182,282,506,fuck
475,181,288,486,fuck
487,179,295,485,fuck
485,187,296,471,fuck
504,177,280,466,fuck
485,177,300,472,fuck
486,181,289,477,fuck
479,173,327,475,fuck
483,113,310,469,fuck
481,168,313,458,fuck
483,171,301,455,fuck
490,167,309,449,fuck
479,164,312,446,fuck
498,157,316,440,fuck
503,165,312,461,fuck
506,162,309,488,fuck
503,95,307,477,fuck
500,153,310,460,fuck
496,168,301,463,fuck
509,162,310,452,fuck
517,157,311,457,fuck
523,162,316,453,fuck
521,160,314,462,fuck
517,161,319,445,fuck
521,169,306,450,fuck
527,155,326,447,fuck
519,156,312,440,fuck
519,162,308,426,fuck
510,161,415,451,fuck
526,183,312,457,fuck
522,167,316,447,fuck
540,173,334,442,fuck
526,170,353,437,fuck
554,170,341,448,fuck
544,176,338,438,fuck
548,166,351,441,fuck
559,173,346,442,fuck
560,167,357,438,fuck
564,172,358,440,fuck
562,171,355,435,fuck
569,168,368,421,fuck
561,233,364,441,fuck
544,159,375,452,fuck
547,167,358,454,fuck
605,184,349,462,fuck
553,174,361,434,fuck
548,171,343,429,fuck
585,170,353,425,fuck
542,176,379,424,fuck
536,174,338,430,fuck
540,166,338,443,fuck
528,170,340,444,fuck
540,165,337,441,fuck
531,164,334,441,fuck
526,170,328,427,fuck
526,168,335,414,fuck
528,165,319,438,fuck
524,148,334,420,fuck
533,156,335,411,fuck
520,161,320,416,fuck
524,157,325,407,fuck
528,160,332,400,fuck
516,155,322,414,fuck
521,155,322,410,fuck
527,156,326,407,fuck
517,155,325,416,fuck
508,166,317,426,fuck
508,150,335,437,fuck
512,157,362,438,fuck
490,155,329,430,fuck
512,163,267,425,fuck
490,148,323,422,fuck
501,166,328,452,fuck
487,167,333,442,fuck
500,170,327,471,fuck
487,166,339,468,fuck
494,165,320,479,fuck
487,181,314,509,fuck
432,163,315,506,fuck
482,166,305,508,fuck
488,157,242,509,fuck
477,161,310,512,fuck
474,160,310,496,fuck
479,165,334,494,fuck
462,160,339,486,fuck
475,169,256,472,fuck
470,172,302,475,fuck
454,172,308,457,fuck
471,166,316,461,fuck
470,177,318,474,fuck
473,175,322,468,fuck
470,177,321,473,fuck
563,174,323,456,fuck
467,177,340,466,fuck
456,172,327,477,fuck
465,100,317,477,fuck
452,167,316,478,fuck
462,183,332,495,fuck
472,180,338,464,fuck
463,171,342,471,fuck
465,177,348,472,fuck
465,169,346,456,fuck
459,129,347,464,fuck
482,176,341,548,fuck
461,163,339,516,fuck
463,175,343,499,fuck
468,167,336,512,fuck
410,172,330,508,fuck
462,174,345,500,fuck
464,169,328,492,fuck
465,170,314,481,fuck
460,170,319,487,fuck
464,167,306,493,fuck
460,168,314,478,fuck
458,166,314,476,fuck
457,166,308,507,fuck
458,198,307,459,fuck
464,159,299,450,fuck
464,161,303,454,fuck
469,164,301,460,fuck
463,158,303,556,fuck
470,162,296,474,fuck
467,160,314,477,fuck
473,160,331,467,fuck
464,151,292,474,fuck
469,157,298,478,fuck
470,146,290,485,fuck
459,152,301,497,fuck
470,154,299,495,fuck
465,157,291,511,fuck
470,152,289,516,fuck
469,151,280,521,fuck
468,151,218,514,fuck
465,156,283,507,fuck
396,160,285,528,fuck
462,160,279,486,fuck
462,156,277,480,fuck
464,145,273,474,fuck
460,167,271,489,fuck
461,165,277,478,fuck
462,168,273,480,fuck
470,83,269,475,fuck
468,154,282,475,fuck
464,154,273,472,fuck
466,166,286,478,fuck
464,160,290,482,fuck
466,164,294,445,fuck
465,166,298,483,fuck
463,165,307,474,fuck
467,179,299,478,fuck
468,135,278,460,fuck
469,153,291,477,fuck
465,168,294,476,fuck
456,165,266,466,fuck
466,167,273,460,fuck
462,180,306,465,fuck
473,261,292,483,fuck
471,182,271,496,fuck
474,179,291,488,fuck
477,182,291,500,fuck
480,184,289,485,fuck
470,181,286,474,fuck
475,189,295,470,fuck
458,187,280,464,fuck
484,199,279,475,fuck
468,143,269,473,fuck
475,176,273,466,fuck
459,190,274,465,fuck
425,184,266,463,fuck
471,189,273,459,fuck
470,186,276,449,fuck
474,198,288,443,fuck
470,195,293,439,fuck
471,192,283,441,fuck
470,191,292,457,fuck
478,193,277,461,fuck
483,200,280,465,fuck
482,203,272,439,fuck
476,217,272,474,fuck
481,232,270,430,fuck
486,222,247,461,fuck
477,217,261,457,fuck
482,204,272,459,fuck
487,214,264,455,fuck
483,220,264,447,fuck
484,228,266,440,fuck
482,215,251,460,fuck
482,209,275,451,fuck
490,213,256,446,fuck
474,215,254,458,fuck
459,240,251,464,fuck
493,216,242,472,fuck
471,210,256,463,fuck
473,208,250,457,fuck
465,186,250,464,fuck
472,203,251,463,fuck
467,209,235,466,fuck
475,200,265,468,fuck
479,200,271,473,fuck
479,198,281,471,fuck
484,199,282,498,fuck
470,198,269,499,fuck
480,196,277,499,fuck
492,212,281,493,fuck
488,207,272,489,fuck
488,217,264,498,fuck
521,209,276,485,fuck
492,192,285,485,fuck
499,219,294,485,fuck
500,220,296,483,fuck
541,207,316,482,fuck
501,206,269,460,fuck
504,213,302,476,fuck
579,215,304,472,fuck
503,205,310,447,fuck
516,202,304,436,fuck
504,222,303,428,fuck
500,212,303,439,fuck
512,216,299,426,fuck
499,205,295,417,fuck
500,229,280,414,fuck
498,211,312,411,fuck
517,204,301,406,fuck
497,198,285,397,fuck
494,207,219,394,fuck
472,205,302,400,fuck
497,195,315,425,fuck
500,202,323,415,fuck
486,192,336,414,fuck
499,215,328,409,fuck
496,197,332,406,fuck
490,201,336,422,fuck
499,202,348,512,fuck
499,200,357,422,fuck
499,193,370,419,fuck
494,196,360,404,fuck
480,195,359,407,fuck
488,193,366,408,fuck
493,191,354,388,fuck
488,187,338,389,fuck
488,178,346,395,fuck
489,196,338,402,fuck
488,182,337,384,fuck
586,175,338,394,fuck
481,178,336,397,fuck
474,182,337,387,fuck
483,177,326,392,fuck
483,185,337,388,fuck
480,182,258,384,fuck
478,162,323,389,fuck
468,189,325,389,fuck
476,177,314,392,fuck
473,177,299,387,fuck
473,166,308,412,fuck
500,170,308,412,fuck
487,172,306,484,fuck
484,171,303,402,fuck
480,177,312,396,fuck
491,188,306,393,fuck
485,203,307,394,fuck
483,222,311,381,fuck
488,236,322,381,fuck
482,238,325,393,fuck
489,218,335,388,fuck
477,239,340,385,fuck
467,234,308,394,fuck
475,229,257,380,fuck
484,225,308,385,fuck
480,268,315,387,fuck
480,209,327,380,fuck
480,226,323,438,fuck
477,217,292,366,fuck
477,228,314,370,fuck
478,215,324,368,fuck
474,208,320,359,fuck
470,215,308,355,fuck
469,208,301,347,fuck
470,200,305,342,fuck
466,204,299,345,fuck
456,202,316,372,fuck
467,207,297,367,fuck
470,200,296,357,fuck
465,201,290,357,fuck
457,200,291,349,fuck
467,191,300,346,fuck
463,192,293,345,fuck
462,207,291,365,fuck
471,189,296,348,fuck
476,196,320,343,fuck
478,193,326,363,fuck
493,190,320,340,fuck
480,195,328,349,fuck
492,201,315,345,fuck
483,199,316,354,fuck
485,183,314,340,fuck
534,212,324,360,fuck
482,190,330,424,fuck
485,216,332,377,fuck
491,192,340,381,fuck
474,187,329,385,fuck
467,195,326,395,fuck
478,202,326,397,fuck
478,201,322,401,fuck
472,200,213,387,fuck
476,199,302,384,fuck
469,192,277,408,fuck
475,206,311,412,fuck
475,192,305,401,fuck
472,190,308,401,fuck
456,188,308,392,fuck
472,188,301,307,fuck
467,188,292,379,fuck
462,184,385,382,fuck
473,184,296,367,fuck
463,181,291,371,fuck
456,183,293,375,fuck
459,182,292,385,fuck
462,178,292,386,fuck
460,176,291,408,fuck
470,179,290,391,fuck
459,170,284,391,fuck
455,176,295,391,fuck
454,188,283,403,fuck
447,175,281,413,fuck
450,165,278,405,fuck
497,173,275,404,fuck
450,184,251,401,fuck
448,189,276,385,fuck
453,176,276,392,fuck
453,199,288,379,fuck
468,179,298,390,fuck
466,192,358,414,fuck
464,176,320,422,fuck
466,188,331,426,fuck
464,192,326,425,fuck
460,186,326,424,fuck
457,185,321,411,fuck
459,185,326,421,fuck
458,182,318,442,fuck
469,184,318,420,fuck
474,188,311,434,fuck
453,211,310,430,fuck
455,185,315,420,fuck
449,184,307,432,fuck
452,203,297,439,fuck
450,180,292,435,fuck
452,188,300,434,fuck
449,189,300,428,fuck
450,180,294,418,fuck
458,192,324,433,fuck
447,185,301,432,fuck
457,187,296,413,fuck
458,216,298,415,fuck
454,182,295,399,fuck
464,182,329,426,fuck
464,181,284,424,fuck
467,180,297,428,fuck
461,176,292,460,fuck
465,169,297,452,fuck
459,166,307,448,fuck
461,189,282,453,fuck
459,170,290,451,fuck
481,176,285,450,fuck
460,174,297,424,fuck
486,171,294,429,fuck
463,171,296,432,fuck
465,168,289,443,fuck
461,174,304,442,fuck
449,171,310,421,fuck
462,115,341,437,fuck
457,183,340,433,fuck
462,169,343,430,fuck
457,189,339,431,fuck
450,157,336,426,fuck
457,170,332,418,fuck
443,168,350,428,fuck
452,162,346,425,fuck
461,168,334,425,fuck
458,168,349,424,fuck
461,165,354,438,fuck
464,163,325,423,fuck
442,161,311,423,fuck
464,160,340,434,fuck
453,164,330,455,fuck
455,154,331,466,fuck
459,171,266,458,fuck
456,164,345,461,fuck
456,155,348,453,fuck
456,161,328,450,fuck
457,143,328,441,fuck
448,159,322,426,fuck
475,157,270,429,fuck
464,160,333,432,fuck
461,101,324,423,fuck
463,156,326,420,fuck
454,148,324,421,fuck
460,154,340,417,fuck
459,148,341,417,fuck
458,162,313,430,fuck
454,152,302,429,fuck
454,148,308,450,fuck
454,175,303,435,fuck
457,143,310,428,fuck
457,160,304,442,fuck
457,154,301,428,fuck
448,154,297,437,fuck
450,151,299,435,fuck
456,153,253,433,fuck
455,158,294,441,fuck
454,174,278,433,fuck
441,170,296,444,fuck
444,180,283,438,fuck
455,195,294,429,fuck
453,176,289,427,fuck
465,182,323,425,fuck
454,172,285,451,fuck
454,180,272,421,fuck
435,178,283,420,fuck
453,182,286,370,fuck
462,169,288,443,fuck
452,177,267,438,fuck
451,192,283,427,fuck
442,181,280,419,fuck
450,172,282,415,fuck
424,170,280,415,fuck
439,168,276,394,fuck
447,166,268,395,fuck
448,168,290,411,fuck
444,169,282,425,fuck
448,166,285,412,fuck
447,151,281,411,fuck
450,144,278,409,fuck
444,163,266,412,fuck
432,156,293,413,fuck
443,164,268,409,fuck
439,161,264,409,fuck
441,165,279,405,fuck
449,166,282,436,fuck
453,154,278,411,fuck
449,164,270,406,fuck
436,168,265,397,fuck
447,174,277,392,fuck
451,174,264,388,fuck
449,167,282,371,fuck
446,179,271,388,fuck
451,167,258,378,fuck
428,179,258,376,fuck
425,181,245,397,fuck
436,155,265,381,fuck
443,166,257,394,fuck
441,176,252,390,fuck
450,172,246,383,fuck
447,170,251,379,fuck
444,168,256,381,fuck
450,160,258,390,fuck
431,168,182,392,fuck
443,170,251,388,fuck
446,185,224,400,fuck
441,171,249,405,fuck
432,166,249,404,fuck
445,168,252,416,fuck
450,165,314,419,fuck
445,174,250,413,fuck
444,169,252,419,fuck
443,167,262,407,fuck
444,151,239,412,fuck
443,171,246,408,fuck
442,164,242,399,fuck
442,163,244,401,fuck
459,166,233,396,fuck
443,146,256,392,fuck
437,247,249,395,fuck
436,159,259,397,fuck
437,165,264,475,fuck
437,166,264,385,fuck
437,165,220,374,fuck
427,162,268,380,fuck
442,165,269,388,fuck
434,154,268,406,fuck
476,165,280,415,fuck
435,156,287,421,fuck
436,162,290,427,fuck
439,160,290,487,fuck
438,156,283,430,fuck
438,160,272,438,fuck
438,156,283,434,fuck
441,161,285,449,fuck
444,157,296,448,fuck
450,166,292,444,fuck
456,170,277,452,fuck
464,176,294,509,fuck
438,175,294,443,fuck
465,171,289,455,fuck
446,172,288,468,fuck
449,173,288,463,fuck
449,262,277,469,fuck
448,164,285,473,fuck
452,173,269,477,fuck
445,173,280,474,fuck
446,150,277,485,fuck
437,176,275,485,fuck
443,153,272,495,fuck
430,166,261,487,fuck
442,164,273,485,fuck
439,154,287,496,fuck
434,160,312,497,fuck
442,150,281,480,fuck
442,157,280,504,fuck
446,159,296,503,fuck
441,161,268,500,fuck
448,160,277,492,fuck
442,172,290,484,fuck
446,154,302,478,fuck
441,161,273,473,fuck
385,155,277,467,fuck
445,155,288,451,fuck
439,139,295,475,fuck
442,178,283,481,fuck
444,156,290,472,fuck
440,152,284,470,fuck
443,156,285,469,fuck
445,146,294,460,fuck
446,154,286,468,fuck
450,136,290,452,fuck
454,149,281,453,fuck
454,152,287,464,fuck
453,227,280,464,fuck
456,157,269,493,fuck
456,189,268,453,fuck
466,149,282,450,fuck
446,147,291,443,fuck
491,152,282,448,fuck
453,166,277,438,fuck
462,152,281,461,fuck
464,182,277,460,fuck
443,180,283,450,fuck
452,212,270,458,fuck
457,197,266,451,fuck
451,203,280,461,fuck
450,199,265,440,fuck
448,279,264,438,fuck
446,196,263,438,fuck
444,198,261,450,fuck
446,196,257,472,fuck
434,197,259,412,fuck
450,195,256,458,fuck
452,190,250,469,fuck
445,190,294,466,fuck
455,185,256,468,fuck
455,181,238,476,fuck
449,187,260,465,fuck
447,187,260,468,fuck
450,178,264,461,fuck
450,200,254,470,fuck
435,183,256,446,fuck
450,179,250,478,fuck
449,185,245,452,fuck
459,181,256,450,fuck
458,200,265,441,fuck
449,180,290,459,fuck
448,175,273,451,fuck
445,176,270,457,fuck
446,176,264,447,fuck
442,173,256,463,fuck
438,165,268,444,fuck
442,172,247,442,fuck
441,171,264,435,fuck
438,183,268,433,fuck
441,170,266,450,fuck
439,168,268,469,fuck
445,169,264,460,fuck
444,172,259,471,fuck
439,173,263,472,fuck
427,158,248,475,fuck
440,172,267,458,fuck
439,162,253,453,fuck
368,177,249,439,fuck
443,174,251,459,fuck
436,166,249,459,fuck
434,166,246,457,fuck
438,182,239,503,fuck
439,182,263,451,fuck
440,168,264,444,fuck
442,178,260,464,fuck
440,176,248,465,fuck
437,183,258,464,fuck
445,161,264,474,fuck
449,122,272,464,fuck
434,180,265,465,fuck
465,173,249,473,fuck
447,169,256,457,fuck
452,164,254,464,fuck
457,174,258,456,fuck
462,155,258,454,fuck
459,172,260,448,fuck
447,206,264,441,fuck
461,169,261,434,fuck
456,169,258,419,fuck
449,167,260,422,fuck
462,162,256,417,fuck
461,166,255,454,fuck
479,166,240,455,fuck
444,162,247,453,fuck
464,161,253,451,fuck
459,162,234,460,fuck
464,160,243,457,fuck
459,148,252,445,fuck
458,168,244,436,fuck
476,160,240,437,fuck
466,159,236,439,fuck
456,161,235,451,fuck
454,158,222,450,fuck
448,159,237,471,fuck
452,113,242,480,fuck
414,160,234,469,fuck
447,154,239,474,fuck
440,160,236,481,fuck
448,155,231,480,fuck
449,162,224,477,fuck
450,168,230,478,fuck
448,167,232,472,fuck
439,174,227,484,fuck
441,161,232,471,fuck
449,170,222,461,fuck
441,172,231,458,fuck
431,154,241,448,fuck
431,173,243,448,fuck
446,171,245,437,fuck
436,175,238,443,fuck
441,164,234,433,fuck
446,167,245,436,fuck
443,169,243,452,fuck
449,172,252,446,fuck
444,166,238,454,fuck
454,184,265,455,fuck
455,168,253,468,fuck
453,166,253,466,fuck
456,166,260,461,fuck
455,170,256,454,fuck
451,169,254,471,fuck
467,173,254,458,fuck
462,166,264,433,fuck
467,168,254,448,fuck
466,167,251,436,fuck
466,167,262,363,fuck
462,152,250,434,fuck
463,168,259,428,fuck
469,176,228,447,fuck
466,174,247,457,fuck
475,156,258,456,fuck
465,173,243,456,fuck
453,160,254,453,fuck
474,172,288,455,fuck
465,169,241,453,fuck
469,169,244,459,fuck
480,169,246,454,fuck
459,164,137,447,fuck
472,163,236,439,fuck
468,173,234,433,fuck
481,160,239,428,fuck
470,163,235,421,fuck
459,154,240,416,fuck
470,160,233,415,fuck
470,142,230,440,fuck
469,149,225,401,fuck
470,156,256,418,fuck
463,158,237,417,fuck
466,150,239,409,fuck
475,110,237,404,fuck
464,156,257,397,fuck
463,152,236,413,fuck
474,156,219,409,fuck
476,147,230,409,fuck
470,165,224,420,fuck
474,164,208,416,fuck
468,204,240,425,fuck
473,169,233,418,fuck
477,161,234,419,fuck
488,161,233,418,fuck
472,160,219,413,fuck
471,211,247,433,fuck
470,162,237,425,fuck
466,171,239,425,fuck
467,193,231,444,fuck
464,161,232,439,fuck
460,157,230,434,fuck
488,169,230,456,fuck
468,99,231,434,fuck
475,151,235,428,fuck
472,152,229,429,fuck
469,150,226,418,fuck
469,178,232,422,fuck
465,159,231,424,fuck
479,157,215,424,fuck
448,145,226,390,fuck
460,156,236,423,fuck
457,157,214,418,fuck
449,160,222,410,fuck
459,254,207,404,fuck
463,88,220,397,fuck
463,168,224,400,fuck
448,173,226,413,fuck
463,165,219,405,fuck
461,176,223,405,fuck
465,168,219,395,fuck
461,181,228,403,fuck
461,171,213,394,fuck
466,188,215,393,fuck
459,196,215,379,fuck
463,185,212,408,fuck
468,185,211,396,fuck
469,184,210,391,fuck
474,185,216,402,fuck
473,184,208,407,fuck
461,180,211,419,fuck
469,181,206,421,fuck
456,182,206,414,fuck
466,185,201,401,fuck
466,192,209,421,fuck
465,188,213,421,fuck
470,178,218,424,fuck
464,170,240,402,fuck
471,172,208,393,fuck
476,172,217,396,fuck
481,171,218,386,fuck
482,160,229,391,fuck
479,161,218,380,fuck
479,168,224,394,fuck
471,167,230,392,fuck
472,171,174,398,fuck
469,110,226,391,fuck
474,171,226,399,fuck
476,185,218,388,fuck
474,181,231,385,fuck
467,189,237,307,fuck
482,198,237,381,fuck
474,184,253,390,fuck
476,129,241,382,fuck
465,197,242,373,fuck
503,203,260,370,fuck
494,193,256,367,fuck
519,202,256,364,fuck
497,194,268,370,fuck
504,220,268,370,fuck
505,245,267,358,fuck
507,198,304,372,fuck
514,193,290,367,fuck
509,191,292,365,fuck
515,187,288,366,fuck
510,232,288,364,fuck
509,191,293,355,fuck
516,190,282,353,fuck
505,205,300,354,fuck
512,195,278,372,fuck
505,204,271,369,fuck
508,207,269,429,fuck
518,205,277,379,fuck
512,217,270,398,fuck
526,213,260,412,fuck
506,218,270,405,fuck
512,228,268,412,fuck
515,209,350,412,fuck
499,206,272,409,fuck
515,227,276,413,fuck
514,225,272,423,fuck
524,215,281,426,fuck
513,226,269,430,fuck
504,226,272,438,fuck
506,236,269,426,fuck
501,224,286,425,fuck
518,226,260,418,fuck
505,218,264,431,fuck
407,228,269,448,fuck
493,231,260,413,fuck
501,231,260,418,fuck
496,226,264,419,fuck
497,225,246,431,fuck
496,217,259,413,fuck
493,222,257,420,fuck
483,218,267,422,fuck
489,216,261,446,fuck
486,211,256,419,fuck
491,203,250,408,fuck
495,210,256,426,fuck
485,208,252,436,fuck
488,208,254,440,fuck
486,212,256,448,fuck
490,214,258,456,fuck
495,221,261,433,fuck
501,211,265,445,fuck
492,210,273,431,fuck
490,203,252,443,fuck
490,220,310,435,fuck
483,254,258,419,fuck
492,236,272,420,fuck
488,249,273,413,fuck
480,233,270,409,fuck
502,232,266,432,fuck
477,276,261,415,fuck
496,233,266,422,fuck
480,229,267,409,fuck
475,214,276,417,fuck
482,244,277,414,fuck
476,217,309,410,fuck
485,233,278,424,fuck
485,230,267,403,fuck
488,229,272,392,fuck
483,227,281,392,fuck
475,239,258,370,fuck
483,228,272,376,fuck
485,241,294,382,fuck
479,232,272,369,fuck
477,247,269,366,fuck
469,241,274,371,fuck
486,241,243,382,fuck
487,249,262,385,fuck
494,237,259,385,fuck
491,260,257,375,fuck
479,244,260,384,fuck
488,246,253,394,fuck
487,243,264,384,fuck
490,234,254,411,fuck
489,240,260,397,fuck
491,239,268,403,fuck
480,241,248,427,fuck
486,241,270,415,fuck
488,248,254,415,fuck
480,240,256,400,fuck
479,240,242,405,fuck
461,250,233,412,fuck
478,230,247,402,fuck
477,230,245,403,fuck
475,235,254,396,fuck
472,236,262,396,fuck
471,322,252,403,fuck
467,231,254,411,fuck
461,224,256,410,fuck
466,222,259,403,fuck
462,226,247,424,fuck
456,220,238,420,fuck
487,218,242,429,fuck
457,214,260,450,fuck
465,216,245,440,fuck
466,211,231,418,fuck
463,213,239,429,fuck
464,213,253,435,fuck
449,213,222,420,fuck
460,210,240,424,fuck
469,208,231,405,fuck
457,206,229,403,fuck
467,199,232,395,fuck
440,209,241,397,fuck
463,195,228,393,fuck
466,217,204,400,fuck
468,180,235,397,fuck
473,203,229,409,fuck
454,184,235,395,fuck
470,203,248,395,fuck
495,205,245,396,fuck
479,202,244,388,fuck
481,196,189,387,fuck
476,214,223,397,fuck
481,221,203,391,fuck
380,222,238,371,fuck
472,222,226,362,fuck
480,245,238,366,fuck
481,247,228,368,fuck
473,230,226,354,fuck
476,242,253,366,fuck
467,242,234,364,fuck
476,244,230,365,fuck
477,240,238,356,fuck
479,240,228,334,fuck
480,236,235,349,fuck
510,238,233,350,fuck
478,236,232,349,fuck
481,230,231,346,fuck
476,226,223,375,fuck
475,214,232,389,fuck
477,143,221,388,fuck
473,223,241,388,fuck
471,208,242,396,fuck
507,218,249,414,fuck
476,216,249,413,fuck
477,224,232,428,fuck
469,215,247,422,fuck
475,199,240,412,fuck
469,212,242,430,fuck
476,193,228,428,fuck
469,209,244,426,fuck
470,204,237,443,fuck
477,197,246,436,fuck
461,201,248,434,fuck
463,212,260,432,fuck
462,211,245,455,fuck
463,205,257,448,fuck
484,210,257,454,fuck
459,211,258,457,fuck
461,225,254,467,fuck
458,229,240,472,fuck
460,226,265,464,fuck
452,225,249,472,fuck
458,226,258,474,fuck
456,223,246,483,fuck
462,215,244,491,fuck
458,218,256,492,fuck
456,220,245,501,fuck
458,204,256,489,fuck
454,229,245,487,fuck
465,223,242,476,fuck
475,226,169,471,fuck
471,225,250,479,fuck
469,222,262,473,fuck
473,228,258,458,fuck
478,235,173,450,fuck
479,224,268,471,fuck
467,222,272,480,fuck
479,228,256,454,fuck
483,245,263,455,fuck
457,251,273,486,fuck
528,243,283,469,fuck
488,237,294,459,fuck
498,248,285,481,fuck
494,249,282,470,fuck
485,240,238,490,fuck
502,242,279,496,fuck
505,239,270,501,fuck
489,238,276,496,fuck
476,233,274,493,fuck
470,234,282,474,fuck
489,231,251,482,fuck
481,230,266,477,fuck
481,233,256,475,fuck
478,233,216,480,fuck
478,230,262,460,fuck
476,234,261,476,fuck
482,228,259,475,fuck
483,225,259,471,fuck
476,216,248,488,fuck
482,220,254,481,fuck
479,220,251,475,fuck
424,219,251,466,fuck
482,233,248,460,fuck
464,216,256,456,fuck
486,223,247,460,fuck
481,193,241,451,fuck
484,208,246,465,fuck
482,199,255,454,fuck
476,208,248,466,fuck
475,204,230,460,fuck
419,213,236,476,fuck
474,201,242,471,fuck
472,185,237,477,fuck
474,200,248,473,fuck
480,200,251,466,fuck
463,210,248,457,fuck
474,196,263,461,fuck
471,194,261,436,fuck
475,197,265,431,fuck
471,196,256,429,fuck
476,190,260,422,fuck
481,192,264,424,fuck
464,199,266,417,fuck
484,202,265,410,fuck
468,195,260,425,fuck
482,201,260,431,fuck
485,210,311,439,fuck
490,214,269,425,fuck
489,211,244,429,fuck
500,198,266,412,fuck
502,197,266,412,fuck
513,218,262,420,fuck
513,216,270,424,fuck
504,210,271,438,fuck
507,217,298,432,fuck
504,222,269,429,fuck
517,229,263,416,fuck
541,225,264,424,fuck
510,223,262,416,fuck
515,259,265,414,fuck
512,240,259,406,fuck
513,252,256,402,fuck
515,245,288,402,fuck
512,238,276,409,fuck
506,240,302,406,fuck
509,229,269,404,fuck
516,242,322,424,fuck
526,246,262,425,fuck
514,226,278,426,fuck
514,230,272,422,fuck
517,221,247,425,fuck
530,223,267,412,fuck
508,222,276,411,fuck
501,219,272,408,fuck
505,212,262,411,fuck
505,220,240,413,fuck
501,234,227,404,fuck
501,229,265,395,fuck
487,225,256,387,fuck
497,215,258,385,fuck
491,219,254,400,fuck
454,210,254,403,fuck
474,216,253,404,fuck
473,240,251,396,fuck
495,211,249,385,fuck
486,195,249,387,fuck
478,198,256,381,fuck
489,196,250,394,fuck
479,204,250,400,fuck
480,195,249,413,fuck
476,208,237,407,fuck
474,211,239,403,fuck
484,204,244,396,fuck
466,200,243,392,fuck
461,197,238,356,fuck
479,226,243,382,fuck
474,198,242,386,fuck
493,221,232,392,fuck
481,208,241,399,fuck
474,210,238,380,fuck
480,216,237,362,fuck
477,205,233,372,fuck
478,250,240,365,fuck
486,222,265,350,fuck
478,233,235,353,fuck
485,223,240,354,fuck
483,211,237,368,fuck
485,229,233,350,fuck
414,216,236,361,fuck
485,240,200,342,fuck
487,214,316,336,fuck
481,224,230,350,fuck
475,257,227,354,fuck
481,206,228,339,fuck
479,214,228,357,fuck
472,225,234,347,fuck
478,209,226,354,fuck
478,211,221,349,fuck
469,206,224,347,fuck
481,205,226,357,fuck
482,205,225,348,fuck
481,219,224,341,fuck
483,202,324,337,fuck
482,198,229,358,fuck
482,205,222,341,fuck
481,197,207,357,fuck
487,196,221,348,fuck
487,198,214,352,fuck
487,197,216,345,fuck
466,191,238,338,fuck
474,188,242,338,fuck
476,195,252,336,fuck
484,186,249,354,fuck
554,189,250,373,fuck
474,186,249,366,fuck
450,184,246,382,fuck
467,188,245,371,fuck
472,168,258,357,fuck
487,181,241,365,fuck
464,183,234,360,fuck
483,186,286,360,fuck
466,184,237,370,fuck
470,178,236,375,fuck
480,174,231,372,fuck
465,179,232,371,fuck
468,177,232,369,fuck
462,176,248,369,fuck
478,173,224,375,fuck
484,187,216,378,fuck
483,186,233,392,fuck
482,186,238,394,fuck
478,186,235,394,fuck
463,202,229,417,fuck
482,198,229,392,fuck
471,198,228,401,fuck
481,191,218,398,fuck
487,208,230,399,fuck
486,195,228,400,fuck
492,199,234,386,fuck
481,195,222,400,fuck
493,209,212,415,fuck
549,201,227,419,fuck
490,207,224,429,fuck
466,209,235,431,fuck
485,214,221,418,fuck
535,221,214,446,fuck
465,208,214,412,fuck
480,205,212,413,fuck
468,198,220,423,fuck
482,208,211,400,fuck
476,195,228,455,fuck
475,212,221,386,fuck
479,196,215,397,fuck
476,202,218,371,fuck
482,213,225,372,fuck
477,222,215,367,fuck
584,219,215,365,fuck
479,217,172,386,fuck
479,215,216,378,fuck
486,213,225,374,fuck
485,212,229,372,fuck
491,210,244,379,fuck
501,232,219,377,fuck
492,193,234,380,fuck
494,205,232,384,fuck
491,206,232,389,fuck
500,193,258,381,fuck
493,189,237,386,fuck
493,194,228,384,fuck
492,200,253,378,fuck
486,197,227,407,fuck
493,196,227,414,fuck
486,188,224,411,fuck
471,192,222,404,fuck
497,196,209,394,fuck
482,193,217,390,fuck
481,200,208,402,fuck
470,173,217,396,fuck
478,191,213,401,fuck
518,190,216,392,fuck
493,199,217,403,fuck
492,203,228,398,fuck
488,197,218,406,fuck
496,205,157,412,fuck
497,204,228,403,fuck
495,198,228,405,fuck
509,204,228,414,fuck
492,211,229,418,fuck
507,204,229,425,fuck
500,212,229,439,fuck
495,213,229,439,fuck
485,207,228,437,fuck
495,203,228,443,fuck
482,204,234,443,fuck
503,201,247,436,fuck
503,222,262,426,fuck
495,223,265,412,fuck
497,208,270,425,fuck
514,213,264,411,fuck
490,213,275,474,fuck
494,218,270,432,fuck
489,221,296,428,fuck
592,220,307,444,fuck
487,218,303,444,fuck
484,206,324,442,fuck
489,232,316,385,fuck
484,220,314,418,fuck
464,233,328,420,fuck
470,232,320,409,fuck
484,216,320,431,fuck
480,230,326,438,fuck
481,215,312,433,fuck
484,224,311,430,fuck
472,224,310,424,fuck
479,224,393,413,fuck
476,223,295,416,fuck
475,221,314,416,fuck
481,218,302,421,fuck
463,214,326,430,fuck
482,214,320,427,fuck
488,215,315,414,fuck
481,206,313,429,fuck
484,216,311,416,fuck
482,228,308,406,fuck
465,213,312,405,fuck
486,213,324,394,fuck
483,224,332,395,fuck
485,243,343,390,fuck
484,224,339,390,fuck
472,212,334,373,fuck
488,220,334,379,fuck
485,215,328,384,fuck
475,220,340,394,fuck
494,207,346,381,fuck
493,186,349,390,fuck
491,229,358,393,fuck
493,222,346,392,fuck
497,231,343,382,fuck
497,230,339,388,fuck
493,228,322,380,fuck
473,221,347,377,fuck
491,229,333,378,fuck
477,226,336,381,fuck
498,223,330,389,fuck
499,227,330,420,fuck
502,226,323,409,fuck
506,225,324,413,fuck
500,236,308,413,fuck
502,224,324,435,fuck
484,220,319,419,fuck
487,258,314,416,fuck
490,216,318,412,fuck
485,217,326,412,fuck
490,209,326,408,fuck
482,180,330,392,fuck
484,211,324,391,fuck
486,228,315,387,fuck
485,220,322,382,fuck
483,225,324,381,fuck
477,217,316,359,fuck
470,233,321,363,fuck
483,244,312,353,fuck
483,244,327,356,fuck
480,235,323,352,fuck
489,247,325,364,fuck
528,239,322,368,fuck
481,259,323,369,fuck
477,231,318,390,fuck
477,239,310,398,fuck
471,226,312,378,fuck
487,229,310,371,fuck
464,234,310,393,fuck
371,224,302,388,fuck
468,221,303,384,fuck
466,222,301,382,fuck
468,222,281,379,fuck
459,214,291,386,fuck
464,216,295,412,fuck
462,216,286,394,fuck
455,216,293,412,fuck
451,207,296,422,fuck
465,211,295,425,fuck
460,222,300,432,fuck
457,213,295,442,fuck
460,200,283,443,fuck
458,230,290,446,fuck
461,201,292,440,fuck
467,199,293,433,fuck
465,206,295,430,fuck
464,202,286,417,fuck
457,206,288,408,fuck
469,194,296,415,fuck
471,199,305,414,fuck
473,183,337,401,fuck
483,187,316,402,fuck
487,185,329,389,fuck
481,197,326,387,fuck
481,208,323,385,fuck
479,200,333,392,fuck
478,190,323,394,fuck
462,196,325,392,fuck
475,194,322,396,fuck
482,190,317,396,fuck
474,189,315,397,fuck
481,182,309,386,fuck
470,188,308,395,fuck
473,189,304,421,fuck
474,192,310,432,fuck
471,173,313,434,fuck
470,176,312,428,fuck
471,174,305,418,fuck
474,101,295,418,fuck
468,187,301,413,fuck
470,171,314,416,fuck
471,184,302,392,fuck
467,168,299,391,fuck
470,173,294,396,fuck
460,187,292,385,fuck
474,176,301,389,fuck
472,189,299,379,fuck
472,190,263,382,fuck
465,190,285,384,fuck
472,200,292,377,fuck
468,194,288,400,fuck
464,195,275,390,fuck
475,205,291,407,fuck
483,204,283,406,fuck
489,208,282,414,fuck
490,207,268,425,fuck
474,199,278,428,fuck
488,208,275,435,fuck
504,210,266,428,fuck
493,200,282,429,fuck
490,208,276,423,fuck
492,204,275,419,fuck
489,257,272,406,fuck
488,203,264,403,fuck
487,199,277,414,fuck
491,198,256,408,fuck
486,198,269,414,fuck
484,196,265,417,fuck
466,197,267,424,fuck
481,192,259,419,fuck
478,195,260,406,fuck
477,203,246,415,fuck
473,195,251,397,fuck
475,192,279,393,fuck
491,195,256,424,fuck
420,196,248,408,fuck
476,177,278,401,fuck
459,195,244,415,fuck
466,182,267,394,fuck
488,193,260,427,fuck
473,189,249,396,fuck
472,190,249,392,fuck
471,193,235,388,fuck
465,196,253,376,fuck
467,212,244,381,fuck
469,200,244,387,fuck
473,196,245,400,fuck
481,213,242,392,fuck
459,209,244,386,fuck
466,215,244,385,fuck
471,213,242,381,fuck
467,201,225,378,fuck
467,218,241,375,fuck
469,205,258,373,fuck
477,207,232,383,fuck
467,194,240,377,fuck
467,205,229,381,fuck
468,202,249,384,fuck
466,204,225,373,fuck
475,214,229,378,fuck
473,206,234,389,fuck
477,203,225,384,fuck
493,221,226,392,fuck
474,214,229,383,fuck
481,214,231,386,fuck
470,210,190,376,fuck
483,233,225,368,fuck
487,212,299,369,fuck
490,213,224,369,fuck
481,212,210,358,fuck
487,217,218,360,fuck
487,217,208,370,fuck
486,215,221,385,fuck
484,212,228,377,fuck
486,208,236,381,fuck
516,210,249,376,fuck
491,210,246,376,fuck
473,208,242,369,fuck
488,221,243,359,fuck
483,203,283,360,fuck
491,197,249,371,fuck
496,200,254,375,fuck
493,198,259,367,fuck
500,201,250,357,fuck
494,197,252,357,fuck
478,196,253,361,fuck
530,206,256,348,fuck
496,186,256,351,fuck
501,193,262,343,fuck
490,187,220,343,fuck
506,190,256,348,fuck
499,185,277,363,fuck
513,190,251,398,fuck
494,189,256,366,fuck
494,186,256,362,fuck
489,194,243,380,fuck
490,171,254,380,fuck
490,194,236,385,fuck
491,173,246,392,fuck
488,180,244,384,fuck
485,186,222,384,fuck
469,176,237,389,fuck
486,176,239,388,fuck
428,174,236,393,fuck
490,176,229,390,fuck
468,185,220,392,fuck
492,173,251,383,fuck
484,177,242,386,fuck
480,169,234,397,fuck
479,170,219,405,fuck
484,161,170,399,fuck
486,172,229,425,fuck
489,178,230,416,fuck
485,163,228,428,fuck
492,155,223,417,fuck
502,183,231,425,fuck
488,185,234,440,fuck
484,170,232,434,fuck
488,173,237,418,fuck
498,188,232,421,fuck
493,208,231,418,fuck
512,188,224,440,fuck
494,190,229,417,fuck
515,191,227,488,fuck
503,209,233,411,fuck
495,203,232,409,fuck
516,190,234,408,fuck
479,182,247,397,fuck
492,183,228,389,fuck
493,189,232,386,fuck
492,181,238,384,fuck
494,215,245,380,fuck
512,180,244,378,fuck
492,181,252,371,fuck
488,179,242,390,fuck
493,178,244,379,fuck
491,187,242,384,fuck
490,192,239,382,fuck
488,200,246,352,fuck
485,187,244,377,fuck
475,192,250,372,fuck
492,187,248,367,fuck
484,184,241,424,fuck
491,178,250,378,fuck
492,185,244,369,fuck
476,186,252,359,fuck
492,149,240,360,fuck
493,177,237,358,fuck
491,178,225,348,fuck
474,171,242,352,fuck
492,176,237,346,fuck
490,176,228,359,fuck
490,171,254,357,fuck
493,172,246,359,fuck
489,177,252,373,fuck
487,175,222,373,fuck
470,169,241,371,fuck
489,173,231,363,fuck
487,174,238,371,fuck
488,170,238,370,fuck
488,171,216,380,fuck
489,172,230,381,fuck
495,204,232,373,fuck
489,168,237,372,fuck
517,172,241,379,fuck
497,177,240,383,fuck
496,177,258,376,fuck
499,173,237,372,fuck
492,180,247,386,fuck
492,188,234,377,fuck
500,186,224,381,fuck
502,176,232,360,fuck
484,200,242,398,fuck
498,185,229,364,fuck
512,190,237,362,fuck
505,182,214,340,fuck
506,193,228,378,fuck
508,186,226,374,fuck
494,191,233,360,fuck
499,186,226,376,fuck
499,190,221,423,fuck
502,189,223,311,fuck
510,178,222,396,fuck
494,185,233,396,fuck
500,187,272,394,fuck
486,189,227,392,fuck
493,180,233,409,fuck
495,178,223,406,fuck
485,170,256,398,fuck
488,181,231,402,fuck
487,177,234,397,fuck
489,175,228,392,fuck
486,181,227,392,fuck
472,162,225,382,fuck
482,193,229,400,fuck
468,184,221,427,fuck
485,171,226,408,fuck
472,178,221,381,fuck
443,168,218,395,fuck
462,160,225,388,fuck
461,167,204,369,fuck
468,165,215,378,fuck
470,169,237,371,fuck
468,164,212,366,fuck
466,163,204,361,fuck
558,161,215,357,fuck
465,165,207,352,fuck
464,107,224,340,fuck
460,159,209,339,fuck
466,201,210,334,fuck
501,161,209,333,fuck
474,157,203,322,fuck
527,167,207,342,fuck
532,156,208,346,fuck
460,156,207,350,fuck
484,156,205,347,fuck
481,178,201,347,fuck
470,153,208,341,fuck
480,162,186,351,fuck
462,165,222,354,fuck
493,166,205,349,fuck
501,168,197,344,fuck
502,166,215,353,fuck
504,171,216,340,fuck
478,183,207,350,fuck
508,190,236,354,fuck
505,219,204,354,fuck
516,186,213,342,fuck
513,192,216,338,fuck
537,171,213,336,fuck
518,196,226,345,fuck
519,201,222,350,fuck
525,206,231,346,fuck
508,205,229,332,fuck
513,199,244,336,fuck
516,197,262,332,fuck
514,185,243,329,fuck
514,195,237,327,fuck
521,194,234,340,fuck
512,193,242,333,fuck
503,192,246,354,fuck
513,193,256,347,fuck
499,190,237,368,fuck
516,192,273,358,fuck
501,188,238,361,fuck
502,187,180,351,fuck
497,168,236,351,fuck
518,178,246,349,fuck
496,225,233,362,fuck
487,179,230,354,fuck
494,196,229,354,fuck
492,185,228,361,fuck
482,174,225,352,fuck
501,169,250,358,fuck
503,184,230,349,fuck
494,190,224,334,fuck
496,174,224,365,fuck
553,196,230,304,fuck
500,189,230,347,fuck
501,191,232,341,fuck
499,188,227,330,fuck
517,202,224,322,fuck
518,188,234,336,fuck
522,187,229,340,fuck
516,195,221,332,fuck
522,196,228,345,fuck
523,197,224,361,fuck
525,189,231,381,fuck
521,196,226,356,fuck
525,180,218,374,fuck
529,200,219,363,fuck
523,202,217,361,fuck
527,189,219,359,fuck
545,198,226,358,fuck
615,198,216,384,fuck
521,203,216,384,fuck
516,199,205,378,fuck
517,198,234,375,fuck
516,128,233,373,fuck
517,197,215,359,fuck
512,195,240,378,fuck
490,194,234,371,fuck
518,195,245,382,fuck
531,184,240,391,fuck
522,193,236,375,fuck
516,190,234,403,fuck
528,192,229,381,fuck
502,184,228,374,fuck
517,185,227,385,fuck
502,193,230,368,fuck
539,188,238,371,fuck
531,191,217,389,fuck
529,187,223,392,fuck
518,202,228,387,fuck
526,197,249,387,fuck
526,197,226,386,fuck
521,198,222,383,fuck
524,184,217,414,fuck
515,199,276,370,fuck
532,202,200,354,fuck
531,204,202,362,fuck
530,195,221,358,fuck
537,219,222,356,fuck
537,215,218,340,fuck
529,194,218,348,fuck
532,203,219,347,fuck
538,196,230,340,fuck
522,203,229,344,fuck
522,193,229,342,fuck
532,195,238,340,fuck
528,197,230,368,fuck
528,200,238,365,fuck
523,195,227,362,fuck
523,203,237,347,fuck
523,187,236,375,fuck
509,192,229,360,fuck
516,192,242,363,fuck
522,194,239,350,fuck
516,187,304,358,fuck
544,186,243,364,fuck
503,185,260,342,fuck
506,184,262,333,fuck
533,188,274,338,fuck
528,183,285,328,fuck
517,187,272,335,fuck
502,184,292,319,fuck
526,200,272,333,fuck
532,204,276,339,fuck
522,196,266,330,fuck
518,170,268,319,fuck
464,215,263,320,fuck
517,204,196,319,fuck
520,201,267,314,fuck
525,196,269,306,fuck
533,201,272,305,fuck
537,213,274,309,fuck
536,200,268,321,fuck
513,207,264,314,fuck
581,199,265,330,fuck
532,198,273,313,fuck
516,225,268,312,fuck
534,195,264,337,fuck
557,192,278,341,fuck
536,193,274,332,fuck
538,192,287,326,fuck
528,198,276,324,fuck
532,187,256,326,fuck
539,189,312,343,fuck
560,190,272,342,fuck
541,184,272,346,fuck
528,184,188,364,fuck
536,192,256,360,fuck
535,176,283,352,fuck
538,186,278,368,fuck
545,181,280,371,fuck
542,181,276,367,fuck
558,190,328,382,fuck
535,194,269,379,fuck
538,177,268,380,fuck
520,177,260,380,fuck
532,178,275,366,fuck
526,189,274,370,fuck
530,176,274,392,fuck
540,171,270,380,fuck
520,180,268,384,fuck
532,181,268,381,fuck
524,181,266,383,fuck
528,161,263,402,fuck
524,192,261,421,fuck
522,173,265,437,fuck
517,170,253,435,fuck
514,173,275,434,fuck
513,178,271,435,fuck
512,169,258,429,fuck
518,175,279,438,fuck
505,182,280,434,fuck
509,185,281,426,fuck
509,182,275,423,fuck
520,187,186,416,fuck
523,189,285,451,fuck
524,187,276,446,fuck
513,188,276,446,fuck
524,182,275,437,fuck
528,227,278,435,fuck
529,184,276,431,fuck
534,194,276,419,fuck
542,184,275,411,fuck
555,195,268,409,fuck
524,185,288,419,fuck
536,183,275,412,fuck
537,166,274,409,fuck
528,188,277,401,fuck
537,187,210,400,fuck
527,185,270,392,fuck
529,181,256,389,fuck
526,180,256,372,fuck
523,184,264,376,fuck
523,175,272,384,fuck
524,183,279,384,fuck
524,188,252,386,fuck
520,183,250,384,fuck
540,186,256,373,fuck
522,185,253,362,fuck
521,183,251,368,fuck
517,182,252,366,fuck
523,172,252,356,fuck
518,185,267,368,fuck
517,201,247,368,fuck
507,170,244,362,fuck
515,166,262,363,fuck
518,176,262,338,fuck
523,187,278,348,fuck
521,186,273,332,fuck
513,176,281,348,fuck
518,185,282,369,fuck
523,174,280,364,fuck
532,206,274,377,fuck
530,198,280,366,fuck
548,188,289,366,fuck
547,224,280,365,fuck
541,201,283,392,fuck
545,213,256,400,fuck
542,211,274,402,fuck
550,204,274,394,fuck
490,214,279,397,fuck
551,200,282,401,fuck
564,216,284,409,fuck
555,208,282,401,fuck
556,208,284,412,fuck
550,209,277,405,fuck
548,206,270,413,fuck
544,205,283,423,fuck
553,199,284,410,fuck
544,200,280,404,fuck
544,197,272,397,fuck
553,202,272,403,fuck
542,197,266,400,fuck
555,193,278,416,fuck
552,191,263,394,fuck
534,204,242,395,fuck
528,202,249,397,fuck
532,201,267,372,fuck
540,186,226,376,fuck
530,186,251,373,fuck
523,180,278,364,fuck
524,181,246,362,fuck
525,172,265,350,fuck
542,188,221,351,fuck
552,199,280,352,fuck
527,197,278,354,fuck
537,198,280,351,fuck
522,200,283,334,fuck
538,202,279,352,fuck
535,190,280,344,fuck
530,197,273,339,fuck
535,198,268,326,fuck
514,200,292,343,fuck
535,200,283,339,fuck
523,196,300,339,fuck
499,190,276,342,fuck
540,206,268,315,fuck
541,200,269,329,fuck
543,201,278,322,fuck
546,215,273,320,fuck
535,203,264,317,fuck
536,194,264,309,fuck
444,196,272,233,fuck
533,200,264,379,fuck
533,183,272,337,fuck
520,192,269,341,fuck
538,196,275,327,fuck
535,190,272,330,fuck
587,196,253,361,fuck
539,180,283,344,fuck
538,185,264,334,fuck
528,184,270,331,fuck
537,186,264,330,fuck
536,182,273,330,fuck
574,183,259,318,fuck
528,163,260,308,fuck
527,190,304,322,fuck
537,192,243,317,fuck
481,205,250,314,fuck
530,188,253,308,fuck
518,201,256,313,fuck
513,197,258,331,fuck
546,197,259,351,fuck
529,195,288,347,fuck
542,202,264,367,fuck
532,207,269,369,fuck
544,200,273,376,fuck
542,198,266,381,fuck
550,202,274,388,fuck
554,200,277,392,fuck
545,198,268,409,fuck
548,189,277,398,fuck
546,196,272,397,fuck
541,210,272,401,fuck
538,197,270,390,fuck
525,194,265,384,fuck
535,194,267,389,fuck
537,193,261,384,fuck
536,178,257,375,fuck
534,208,252,385,fuck
538,185,262,371,fuck
533,191,257,371,fuck
535,190,256,373,fuck
532,194,258,378,fuck
528,190,251,383,fuck
508,196,253,383,fuck
508,193,248,378,fuck
523,193,252,382,fuck
518,188,244,382,fuck
509,187,263,360,fuck
522,186,256,363,fuck
519,173,246,368,fuck
525,235,254,358,fuck
514,191,220,346,fuck
522,200,245,348,fuck
523,187,261,337,fuck
528,196,259,340,fuck
529,187,282,351,fuck
530,204,161,335,fuck
523,183,263,333,fuck
526,176,252,336,fuck
529,200,263,341,fuck
527,200,275,336,fuck
522,207,256,324,fuck
523,194,259,320,fuck
527,204,274,326,fuck
612,203,258,313,fuck
528,186,268,317,fuck
538,208,251,316,fuck
517,183,250,312,fuck
520,258,261,316,fuck
519,196,250,315,fuck
532,195,250,308,fuck
529,192,243,327,fuck
518,193,248,325,fuck
518,180,247,357,fuck
515,189,245,327,fuck
517,190,253,264,fuck
520,190,242,341,fuck
520,193,240,285,fuck
529,178,236,339,fuck
520,187,227,341,fuck
513,189,231,335,fuck
524,187,235,354,fuck
515,182,231,312,fuck
519,179,229,344,fuck
518,183,251,350,fuck
504,171,230,342,fuck
495,171,228,283,fuck
526,184,239,336,fuck
518,180,201,323,fuck
524,169,241,326,fuck
530,180,234,334,fuck
522,189,264,328,fuck
540,173,244,335,fuck
528,187,250,347,fuck
531,191,262,327,fuck
525,185,261,334,fuck
521,186,251,334,fuck
535,174,252,330,fuck
523,183,260,338,fuck
536,192,256,334,fuck
550,191,270,330,fuck
538,187,268,324,fuck
556,181,264,323,fuck
544,179,261,318,fuck
544,176,282,315,fuck
537,186,256,312,fuck
537,195,261,306,fuck
532,181,256,312,fuck
533,178,256,300,fuck
525,166,269,312,fuck
536,180,183,334,fuck
521,171,245,336,fuck
534,179,248,324,fuck
534,190,233,323,fuck
562,177,247,320,fuck
524,178,250,310,fuck
524,178,248,314,fuck
531,179,235,311,fuck
527,163,248,310,fuck
533,175,229,312,fuck
528,229,247,318,fuck
528,208,243,313,fuck
523,183,231,348,fuck
531,166,250,362,fuck
499,180,262,358,fuck
535,184,262,345,fuck
532,172,257,356,fuck
529,167,266,360,fuck
541,189,285,364,fuck
537,190,285,374,fuck
545,192,304,310,fuck
540,192,311,360,fuck
551,200,312,357,fuck
550,204,314,357,fuck
546,212,316,367,fuck
550,198,326,361,fuck
554,208,338,363,fuck
554,213,344,348,fuck
554,193,341,346,fuck
553,200,350,349,fuck
540,200,347,335,fuck
549,194,341,338,fuck
555,182,357,340,fuck
550,186,323,336,fuck
593,195,341,371,fuck
535,189,328,337,fuck
548,186,314,328,fuck
552,176,323,336,fuck
551,181,328,338,fuck
545,187,326,336,fuck
556,188,322,320,fuck
588,194,325,391,fuck
563,181,315,338,fuck
552,189,313,383,fuck
563,165,311,332,fuck
554,173,306,323,fuck
550,188,317,325,fuck
551,177,321,322,fuck
548,191,309,317,fuck
541,174,308,303,fuck
549,200,318,308,fuck
550,215,313,310,fuck
552,197,313,309,fuck
546,198,312,312,fuck
555,184,319,319,fuck
551,201,311,342,fuck
552,197,348,340,fuck
561,198,312,334,fuck
547,201,317,322,fuck
549,196,328,338,fuck
553,199,316,323,fuck
553,205,314,319,fuck
567,198,299,314,fuck
563,198,312,310,fuck
567,190,314,305,fuck
547,211,307,301,fuck
494,193,302,305,fuck
508,195,303,311,fuck
536,193,300,315,fuck
565,187,299,314,fuck
529,192,284,317,fuck
542,187,294,314,fuck
541,188,290,305,fuck
549,192,290,306,fuck
542,190,286,304,fuck
540,190,287,301,fuck
538,181,282,294,fuck
541,202,285,292,fuck
501,188,286,282,fuck
541,189,277,292,fuck
532,185,285,265,fuck
537,184,283,261,fuck
538,189,288,273,fuck
538,199,285,270,fuck
552,180,307,292,fuck
544,190,329,295,fuck
549,197,316,305,fuck
550,226,334,313,fuck
558,220,338,309,fuck
548,204,336,315,fuck
556,185,340,315,fuck
554,212,342,300,fuck
536,206,340,314,fuck
554,210,333,304,fuck
457,200,336,224,fuck
554,179,351,300,fuck
549,258,352,295,fuck
553,202,333,281,fuck
548,195,332,314,fuck
543,204,328,288,fuck
538,185,329,280,fuck
542,284,324,284,fuck
542,203,321,301,fuck
549,202,323,298,fuck
560,209,326,296,fuck
539,205,337,288,fuck
536,206,305,286,fuck
521,197,317,276,fuck
534,209,309,277,fuck
536,211,314,275,fuck
536,205,323,287,fuck
538,218,308,288,fuck
534,196,302,286,fuck
535,216,298,289,fuck
531,209,301,280,fuck
539,294,319,299,fuck
521,218,312,299,fuck
549,219,306,295,fuck
528,211,300,292,fuck
544,222,315,285,fuck
546,138,309,309,fuck
546,178,311,310,fuck
522,217,324,311,fuck
549,228,308,316,fuck
545,216,328,330,fuck
553,221,313,330,fuck
560,212,351,340,fuck
553,196,332,326,fuck
557,222,331,324,fuck
548,201,336,316,fuck
563,214,322,318,fuck
560,219,318,317,fuck
559,218,321,316,fuck
551,212,317,312,fuck
543,199,314,314,fuck
557,215,314,312,fuck
545,212,328,308,fuck
550,225,313,315,fuck
546,217,320,307,fuck
575,209,317,308,fuck
544,209,316,306,fuck
542,210,319,307,fuck
542,215,311,303,fuck
543,215,308,295,fuck
546,205,293,288,fuck
538,203,296,289,fuck
553,195,313,309,fuck
534,202,304,320,fuck
522,211,278,315,fuck
546,198,293,309,fuck
527,202,296,294,fuck
538,204,384,301,fuck
534,205,281,350,fuck
535,212,288,315,fuck
531,200,298,323,fuck
531,197,298,330,fuck
535,205,314,333,fuck
524,189,291,341,fuck
540,200,299,336,fuck
537,197,301,333,fuck
534,211,314,322,fuck
537,246,315,326,fuck
540,225,316,319,fuck
538,204,326,307,fuck
545,214,336,319,fuck
533,206,319,330,fuck
542,201,331,338,fuck
543,217,332,331,fuck
539,197,328,334,fuck
540,205,323,331,fuck
536,201,329,328,fuck
538,219,319,324,fuck
522,199,318,340,fuck
538,200,314,356,fuck
534,199,325,351,fuck
532,196,320,353,fuck
524,202,305,348,fuck
522,192,307,356,fuck
537,204,308,352,fuck
525,164,304,348,fuck
524,194,300,343,fuck
522,199,303,341,fuck
534,206,296,331,fuck
530,202,290,336,fuck
537,200,292,328,fuck
525,201,296,336,fuck
529,201,299,319,fuck
532,184,304,308,fuck
537,211,284,317,fuck
544,198,307,311,fuck
538,202,294,324,fuck
537,192,302,311,fuck
537,192,320,328,fuck
547,208,302,323,fuck
545,197,327,332,fuck
551,194,306,335,fuck
548,205,337,333,fuck
546,207,348,333,fuck
551,205,336,326,fuck
547,202,340,322,fuck
554,196,338,323,fuck
549,206,337,315,fuck
552,207,337,304,fuck
567,212,333,298,fuck
548,200,335,238,fuck
544,220,326,306,fuck
541,205,321,301,fuck
540,213,302,318,fuck
537,201,325,342,fuck
538,208,313,337,fuck
537,215,314,324,fuck
529,206,316,336,fuck
540,209,330,331,fuck
544,202,319,337,fuck
565,215,311,335,fuck
539,216,306,334,fuck
547,214,299,327,fuck
550,218,350,327,fuck
551,211,297,319,fuck
553,210,298,314,fuck
544,216,305,309,fuck
545,223,318,316,fuck
530,214,305,302,fuck
543,215,297,302,fuck
551,217,308,300,fuck
552,206,313,297,fuck
534,218,324,296,fuck
548,212,308,289,fuck
558,235,318,284,fuck
558,215,313,285,fuck
549,214,320,270,fuck
548,206,295,273,fuck
550,221,316,257,fuck
553,211,323,268,fuck
572,214,309,268,fuck
538,212,312,260,fuck
554,228,278,265,fuck
544,215,305,257,fuck
552,200,369,269,fuck
544,208,304,256,fuck
548,186,307,254,fuck
544,213,281,254,fuck
534,216,288,247,fuck
521,199,291,249,fuck
534,193,290,260,fuck
537,192,308,261,fuck
531,207,280,259,fuck
532,191,290,253,fuck
550,192,285,275,fuck
528,190,284,279,fuck
536,180,300,290,fuck
537,188,279,305,fuck
541,179,284,325,fuck
530,186,274,334,fuck
544,190,285,329,fuck
526,186,279,326,fuck
531,182,276,322,fuck
545,183,284,348,fuck
540,192,285,354,fuck
536,198,267,349,fuck
530,132,276,347,fuck
542,207,291,350,fuck
533,201,291,352,fuck
537,209,272,340,fuck
538,199,304,336,fuck
542,204,296,339,fuck
542,211,307,330,fuck
555,205,251,328,fuck
552,207,305,316,fuck
546,210,323,327,fuck
540,212,299,346,fuck
538,214,289,346,fuck
539,210,301,347,fuck
539,216,214,355,fuck
544,193,314,352,fuck
548,206,290,349,fuck
517,203,299,345,fuck
534,195,290,345,fuck
530,205,290,358,fuck
539,201,288,356,fuck
530,194,293,351,fuck
523,192,288,338,fuck
533,198,282,356,fuck
533,196,298,347,fuck
530,196,285,346,fuck
535,192,273,344,fuck
573,193,274,343,fuck
542,191,261,338,fuck
525,192,261,332,fuck
530,186,256,329,fuck
529,188,256,325,fuck
500,189,261,325,fuck
528,181,268,317,fuck
529,183,260,324,fuck
523,176,249,325,fuck
514,181,259,340,fuck
526,181,256,325,fuck
525,198,252,329,fuck
509,167,256,332,fuck
522,193,248,326,fuck
513,167,248,320,fuck
529,172,246,335,fuck
522,179,246,319,fuck
553,174,245,328,fuck
522,172,228,325,fuck
518,168,239,331,fuck
516,172,228,328,fuck
516,170,241,324,fuck
517,171,251,320,fuck
510,174,234,316,fuck
517,159,234,313,fuck
515,167,233,321,fuck
494,183,235,316,fuck
509,163,232,334,fuck
515,179,231,320,fuck
512,154,234,313,fuck
510,241,226,309,fuck
513,180,228,322,fuck
519,172,223,317,fuck
517,185,214,319,fuck
512,161,226,322,fuck
508,178,225,262,fuck
519,170,225,327,fuck
514,256,211,337,fuck
514,106,219,337,fuck
507,166,220,333,fuck
513,176,236,330,fuck
514,177,237,333,fuck
519,173,218,330,fuck
525,179,233,331,fuck
521,199,242,347,fuck
529,202,180,349,fuck
523,193,244,355,fuck
520,200,240,335,fuck
528,139,253,351,fuck
533,202,241,354,fuck
535,204,258,348,fuck
536,193,265,352,fuck
548,210,266,341,fuck
486,207,267,349,fuck
545,206,269,343,fuck
545,203,269,340,fuck
546,201,264,350,fuck
554,201,268,356,fuck
548,216,270,351,fuck
553,188,267,341,fuck
543,196,264,336,fuck
541,197,262,344,fuck
540,199,265,340,fuck
539,204,250,339,fuck
535,203,256,337,fuck
541,217,256,334,fuck
548,206,243,347,fuck
541,198,253,349,fuck
538,199,233,365,fuck
548,200,348,373,fuck
538,188,272,388,fuck
542,204,253,406,fuck
533,182,267,377,fuck
532,187,265,363,fuck
524,186,256,367,fuck
533,189,264,434,fuck
533,197,272,348,fuck
526,193,273,352,fuck
528,276,267,346,fuck
528,195,271,341,fuck
530,192,274,368,fuck
539,202,267,337,fuck
535,220,276,333,fuck
538,192,274,335,fuck
535,206,285,340,fuck
541,199,289,320,fuck
539,210,286,315,fuck
533,203,288,317,fuck
545,203,297,323,fuck
546,206,381,318,fuck
549,187,311,326,fuck
526,211,311,316,fuck
542,209,303,313,fuck
536,202,292,309,fuck
537,200,317,315,fuck
531,201,301,308,fuck
512,198,300,305,fuck
530,199,297,306,fuck
527,199,301,305,fuck
528,198,322,308,fuck
518,196,304,310,fuck
514,194,306,309,fuck
504,190,293,321,fuck
501,195,293,291,fuck
513,190,302,318,fuck
516,190,304,322,fuck
519,193,298,320,fuck
521,259,296,330,fuck
526,188,296,328,fuck
530,182,295,325,fuck
518,194,296,320,fuck
528,184,304,317,fuck
528,183,287,312,fuck
520,178,275,319,fuck
503,182,283,319,fuck
522,180,282,304,fuck
519,242,275,315,fuck
523,185,273,308,fuck
518,176,274,306,fuck
521,175,260,305,fuck
498,174,273,298,fuck
532,164,274,292,fuck
514,174,268,260,fuck
512,172,265,288,fuck
518,188,271,292,fuck
512,157,289,273,fuck
522,179,265,279,fuck
502,183,279,280,fuck
518,190,273,271,fuck
520,186,276,270,fuck
518,186,295,271,fuck
518,193,296,274,fuck
534,200,281,267,fuck
524,220,314,272,fuck
520,206,310,301,fuck
508,204,306,290,fuck
528,202,303,293,fuck
526,216,316,288,fuck
521,207,313,309,fuck
530,228,307,286,fuck
526,214,312,270,fuck
534,206,318,276,fuck
523,226,320,268,fuck
522,219,305,268,fuck
534,230,311,260,fuck
535,223,328,266,fuck
539,221,292,260,fuck
534,220,315,264,fuck
540,222,322,277,fuck
561,225,325,277,fuck
561,227,321,256,fuck
545,244,325,263,fuck
540,229,318,248,fuck
549,227,392,264,fuck
536,219,357,258,fuck
549,228,346,261,fuck
545,235,353,248,fuck
554,240,366,270,fuck
558,234,354,275,fuck
548,239,369,276,fuck
550,237,358,274,fuck
538,235,390,266,fuck
537,244,363,264,fuck
546,245,339,266,fuck
550,226,361,259,fuck
541,244,355,257,fuck
540,231,350,259,fuck
538,232,354,295,fuck
539,226,278,272,fuck
533,232,345,271,fuck
536,238,340,269,fuck
538,226,336,264,fuck
535,210,330,261,fuck
544,224,377,264,fuck
533,218,331,266,fuck
508,222,323,256,fuck
531,213,323,254,fuck
526,209,312,256,fuck
527,225,328,254,fuck
524,208,332,184,fuck
516,205,321,240,fuck
522,204,317,246,fuck
524,258,330,243,fuck
522,206,316,244,fuck
522,200,302,247,fuck
518,195,302,243,fuck
523,196,310,238,fuck
548,215,296,249,fuck
530,206,310,237,fuck
540,209,305,236,fuck
544,207,298,231,fuck
538,208,305,228,fuck
535,209,304,230,fuck
538,203,310,227,fuck
533,202,308,224,fuck
531,203,309,222,fuck
548,212,321,212,fuck
528,203,262,218,fuck
526,201,306,221,fuck
541,195,317,216,fuck
522,192,298,215,fuck
520,192,298,224,fuck
515,190,296,201,fuck
512,190,345,242,fuck
502,190,292,238,fuck
507,193,294,235,fuck
495,201,281,245,fuck
494,189,290,225,fuck
518,188,285,296,fuck
508,188,286,227,fuck
498,178,283,232,fuck
497,200,281,228,fuck
490,180,279,249,fuck
513,179,269,256,fuck
455,180,276,232,fuck
490,182,277,241,fuck
491,168,290,242,fuck
484,176,275,234,fuck
499,186,286,229,fuck
499,180,285,245,fuck
496,183,283,224,fuck
505,157,282,228,fuck
510,194,288,213,fuck
503,264,290,226,fuck
508,197,288,226,fuck
512,189,288,226,fuck
512,185,298,226,fuck
506,202,389,226,fuck
520,201,294,225,fuck
508,192,296,223,fuck
498,204,299,221,fuck
507,202,301,218,fuck
510,201,303,217,fuck
516,202,300,223,fuck
504,206,294,214,fuck
549,204,290,225,fuck
516,208,292,226,fuck
509,203,284,249,fuck
526,201,294,243,fuck
520,200,306,257,fuck
526,198,273,256,fuck
520,256,300,262,fuck
521,204,285,302,fuck
526,212,291,264,fuck
530,205,288,266,fuck
516,196,271,260,fuck
520,196,299,259,fuck
522,194,301,265,fuck
507,174,299,271,fuck
533,188,308,272,fuck
515,196,304,286,fuck
504,187,298,282,fuck
513,208,297,281,fuck
518,184,291,282,fuck
544,183,291,275,fuck
515,188,293,295,fuck
515,182,292,289,fuck
516,183,290,286,fuck
507,180,284,280,fuck
516,179,272,281,fuck
512,182,279,279,fuck
486,178,281,270,fuck
512,165,298,270,fuck
512,174,313,274,fuck
512,176,277,276,fuck
509,168,334,280,fuck
507,172,273,266,fuck
510,194,276,265,fuck
496,179,279,250,fuck
520,187,283,288,fuck
521,180,312,232,fuck
521,187,301,256,fuck
524,196,303,250,fuck
531,181,341,275,fuck
519,187,309,289,fuck
520,181,318,285,fuck
520,176,311,300,fuck
513,171,357,306,fuck
523,177,314,308,fuck
533,176,315,314,fuck
534,174,316,306,fuck
537,172,327,311,fuck
536,161,329,308,fuck
542,170,328,314,fuck
535,178,325,302,fuck
532,166,319,303,fuck
542,167,321,305,fuck
520,164,315,292,fuck
530,167,338,289,fuck
527,174,312,280,fuck
521,164,313,296,fuck
522,162,312,290,fuck
524,167,330,285,fuck
528,162,311,291,fuck
517,174,304,270,fuck
513,149,306,276,fuck
515,160,304,269,fuck
505,158,315,260,fuck
508,160,306,272,fuck
579,160,301,250,fuck
503,157,305,266,fuck
500,163,301,268,fuck
505,160,306,264,fuck
491,169,280,268,fuck
508,156,301,257,fuck
510,147,297,259,fuck
495,156,303,245,fuck
504,146,308,259,fuck
506,174,280,259,fuck
505,160,312,268,fuck
512,156,311,273,fuck
508,165,307,269,fuck
503,154,320,262,fuck
521,166,305,272,fuck
510,163,299,273,fuck
506,163,294,276,fuck
499,161,301,276,fuck
506,162,304,268,fuck
498,166,311,286,fuck
509,156,318,300,fuck
507,150,320,290,fuck
504,156,322,278,fuck
504,158,306,282,fuck
502,154,326,271,fuck
491,157,333,278,fuck
483,158,320,299,fuck
491,143,331,292,fuck
498,154,312,281,fuck
482,149,330,277,fuck
494,150,327,275,fuck
485,164,323,271,fuck
489,153,328,267,fuck
491,151,337,266,fuck
490,150,329,259,fuck
477,155,338,257,fuck
485,153,326,252,fuck
501,148,325,246,fuck
475,155,310,246,fuck
483,152,320,241,fuck
484,147,314,242,fuck
457,152,312,240,fuck
486,151,305,236,fuck
486,152,312,232,fuck
480,150,307,273,fuck
486,214,304,230,fuck
481,155,301,233,fuck
484,142,296,236,fuck
484,156,298,244,fuck
487,152,293,250,fuck
488,149,294,239,fuck
479,140,300,246,fuck
495,150,286,256,fuck
489,153,278,270,fuck
490,152,210,282,fuck
477,153,280,241,fuck
483,151,277,285,fuck
481,153,279,298,fuck
475,144,282,269,fuck
480,148,280,283,fuck
478,150,273,275,fuck
574,140,272,273,fuck
478,145,269,269,fuck
480,148,268,265,fuck
478,149,273,265,fuck
471,147,262,256,fuck
482,168,283,258,fuck
482,146,278,267,fuck
541,144,281,261,fuck
482,140,273,266,fuck
484,154,275,262,fuck
472,152,273,265,fuck
493,142,279,260,fuck
472,144,277,251,fuck
458,142,270,256,fuck
475,142,256,249,fuck
483,146,265,262,fuck
489,148,288,248,fuck
482,147,300,240,fuck
495,144,282,241,fuck
484,136,279,234,fuck
488,146,275,241,fuck
485,149,290,237,fuck
488,141,272,234,fuck
487,149,270,275,fuck
488,144,266,230,fuck
490,147,268,237,fuck
488,152,272,240,fuck
489,153,260,245,fuck
469,158,252,270,fuck
485,149,259,268,fuck
481,153,244,278,fuck
485,148,257,264,fuck
504,156,265,259,fuck
486,168,274,252,fuck
487,148,268,261,fuck
486,158,266,269,fuck
489,153,267,272,fuck
451,151,264,295,fuck
466,153,254,296,fuck
483,148,263,297,fuck
484,152,253,290,fuck
482,149,271,290,fuck
471,149,262,275,fuck
473,151,262,297,fuck
475,148,267,290,fuck
462,148,262,295,fuck
474,150,261,290,fuck
467,146,238,288,fuck
469,146,256,282,fuck
469,156,239,291,fuck
449,153,260,280,fuck
488,142,247,285,fuck
457,152,249,234,fuck
467,146,242,288,fuck
465,157,245,288,fuck
466,202,241,286,fuck
465,159,243,282,fuck
462,149,305,287,fuck
461,156,237,277,fuck
467,165,226,273,fuck
459,160,236,270,fuck
462,150,241,275,fuck
464,155,242,265,fuck
464,164,235,277,fuck
441,170,216,285,fuck
463,154,232,273,fuck
460,150,232,280,fuck
459,156,232,270,fuck
456,148,230,271,fuck
460,66,231,272,fuck
453,152,236,266,fuck
446,148,228,285,fuck
463,150,230,273,fuck
466,150,228,271,fuck
466,152,227,266,fuck
500,148,231,266,fuck
473,150,218,260,fuck
461,138,225,258,fuck
474,148,222,258,fuck
454,160,225,256,fuck
463,167,223,240,fuck
461,187,218,244,fuck
461,169,220,250,fuck
468,156,222,287,fuck
471,161,251,249,fuck
474,170,226,249,fuck
485,169,230,243,fuck
472,168,226,237,fuck
475,161,224,236,fuck
479,165,229,248,fuck
488,168,235,321,fuck
487,163,245,252,fuck
491,155,229,272,fuck
402,153,230,209,fuck
493,152,236,267,fuck
491,170,229,269,fuck
484,150,227,267,fuck
564,151,226,267,fuck
475,159,223,263,fuck
483,141,223,267,fuck
479,123,220,268,fuck
484,146,219,252,fuck
501,165,226,262,fuck
480,160,215,247,fuck
471,154,222,257,fuck
483,150,213,250,fuck
472,152,222,297,fuck
483,141,232,266,fuck
478,152,222,268,fuck
466,152,224,245,fuck
477,152,211,264,fuck
473,151,218,265,fuck
474,204,217,258,fuck
472,151,220,256,fuck
470,147,231,270,fuck
470,157,217,273,fuck
460,146,213,291,fuck
481,148,214,293,fuck
454,145,210,285,fuck
459,145,210,295,fuck
468,152,223,303,fuck
468,158,208,289,fuck
474,145,210,292,fuck
475,114,216,287,fuck
499,143,208,275,fuck
474,144,203,280,fuck
480,144,207,283,fuck
462,146,205,282,fuck
465,136,195,279,fuck
488,140,213,292,fuck
501,144,227,269,fuck
594,141,240,290,fuck
493,140,257,282,fuck
494,144,256,276,fuck
482,155,254,287,fuck
493,122,264,281,fuck
488,183,257,280,fuck
484,180,249,272,fuck
487,174,256,298,fuck
474,187,252,233,fuck
481,183,250,285,fuck
482,180,246,293,fuck
481,178,252,282,fuck
472,170,241,341,fuck
475,184,236,323,fuck
469,180,246,307,fuck
473,197,243,301,fuck
467,167,240,317,fuck
464,175,240,286,fuck
446,181,242,285,fuck
455,171,237,286,fuck
480,169,236,274,fuck
466,176,236,286,fuck
468,189,247,290,fuck
454,177,221,289,fuck
463,172,243,270,fuck
461,173,238,292,fuck
446,171,244,276,fuck
457,171,231,277,fuck
433,172,233,270,fuck
457,170,238,304,fuck
456,170,244,292,fuck
453,170,248,286,fuck
450,153,235,285,fuck
442,172,233,288,fuck
450,172,237,304,fuck
451,158,236,300,fuck
448,169,230,310,fuck
450,171,220,318,fuck
446,168,228,309,fuck
445,166,230,305,fuck
449,157,240,304,fuck
443,163,221,309,fuck
440,150,245,310,fuck
432,160,340,304,fuck
442,207,220,302,fuck
441,164,244,307,fuck
442,163,229,299,fuck
457,160,230,300,fuck
441,161,225,298,fuck
444,164,212,292,fuck
452,150,235,288,fuck
444,160,211,280,fuck
449,157,222,282,fuck
446,153,208,274,fuck
443,180,190,270,fuck
441,158,225,269,fuck
441,163,218,322,fuck
468,154,220,258,fuck
441,153,224,263,fuck
438,69,221,262,fuck
441,163,212,248,fuck
425,158,217,268,fuck
437,144,226,251,fuck
435,157,219,256,fuck
431,152,219,243,fuck
453,152,215,246,fuck
431,156,218,241,fuck
432,150,216,243,fuck
402,150,220,244,fuck
439,157,214,231,fuck
419,144,215,249,fuck
423,145,226,235,fuck
430,149,218,241,fuck
433,152,203,232,fuck
416,168,220,235,fuck
433,144,211,229,fuck
434,150,218,233,fuck
432,147,220,229,fuck
487,156,208,252,fuck
435,145,212,231,fuck
483,147,214,170,fuck
434,141,211,231,fuck
434,138,203,231,fuck
438,142,211,226,fuck
428,143,208,228,fuck
445,145,204,235,fuck
405,140,217,238,fuck
432,134,212,243,fuck
421,146,216,256,fuck
429,147,214,248,fuck
441,145,209,254,fuck
434,143,230,256,fuck
435,162,214,261,fuck
433,154,210,253,fuck
438,138,209,250,fuck
429,236,207,256,fuck
431,145,208,248,fuck
442,148,204,249,fuck
427,152,206,236,fuck
428,157,210,320,fuck
430,153,206,247,fuck
431,151,204,250,fuck
493,155,208,321,fuck
441,137,206,247,fuck
425,157,100,248,fuck
432,152,200,245,fuck
440,153,175,254,fuck
436,151,200,274,fuck
432,151,203,273,fuck
444,156,198,270,fuck
442,153,201,269,fuck
431,141,199,274,fuck
434,146,199,284,fuck
530,147,200,271,fuck
408,150,197,274,fuck
431,155,203,277,fuck
430,129,195,273,fuck
435,158,200,283,fuck
432,161,196,273,fuck
429,166,179,268,fuck
429,144,186,273,fuck
435,151,188,260,fuck
437,155,194,271,fuck
421,138,205,251,fuck
425,160,194,242,fuck
428,155,189,248,fuck
431,155,193,268,fuck
416,152,188,250,fuck
431,145,213,261,fuck
427,154,192,246,fuck
431,149,193,268,fuck
429,150,188,254,fuck
491,157,188,236,fuck
432,151,186,246,fuck
433,149,193,250,fuck
434,142,190,251,fuck
429,152,189,240,fuck
436,140,205,241,fuck
435,134,187,242,fuck
438,149,186,231,fuck
434,140,189,248,fuck
423,147,191,245,fuck
432,155,192,242,fuck
513,146,190,239,fuck
434,137,195,234,fuck
434,145,176,238,fuck
425,154,192,234,fuck
429,156,192,230,fuck
436,154,179,244,fuck
433,156,192,250,fuck
438,153,179,245,fuck
433,146,191,248,fuck
434,150,176,268,fuck
448,150,191,276,fuck
433,148,184,266,fuck
432,149,179,264,fuck
429,133,182,274,fuck
449,144,171,280,fuck
432,136,250,291,fuck
426,146,286,277,fuck
433,146,197,286,fuck
424,156,188,280,fuck
432,148,171,294,fuck
416,143,182,295,fuck
426,147,174,291,fuck
416,149,161,282,fuck
433,131,195,282,fuck
424,130,186,286,fuck
416,142,182,285,fuck
432,142,185,284,fuck
418,158,181,299,fuck
425,153,205,295,fuck
434,155,200,288,fuck
446,200,222,290,fuck
444,152,227,284,fuck
445,102,213,280,fuck
445,153,222,277,fuck
449,159,228,272,fuck
444,152,246,280,fuck
445,153,232,271,fuck
443,173,235,242,fuck
446,160,250,284,fuck
437,162,257,208,fuck
457,156,266,261,fuck
460,174,266,257,fuck
460,97,266,253,fuck
462,147,264,264,fuck
447,166,248,284,fuck
461,146,266,260,fuck
457,149,260,228,fuck
462,150,264,262,fuck
450,161,262,273,fuck
442,154,259,258,fuck
456,149,256,248,fuck
451,173,251,270,fuck
458,156,268,261,fuck
452,164,238,266,fuck
458,227,251,256,fuck
451,142,273,252,fuck
454,168,248,256,fuck
449,160,252,259,fuck
457,151,246,259,fuck
449,165,262,248,fuck
461,181,265,241,fuck
466,175,266,246,fuck
461,180,265,249,fuck
472,196,264,245,fuck
474,203,286,253,fuck
480,200,270,260,fuck
471,206,268,258,fuck
471,198,270,264,fuck
475,219,279,272,fuck
486,206,277,277,fuck
472,223,272,283,fuck
465,203,277,260,fuck
485,214,262,277,fuck
479,219,280,277,fuck
477,210,282,270,fuck
475,202,275,257,fuck
464,192,278,262,fuck
469,209,279,277,fuck
472,204,301,262,fuck
472,187,297,283,fuck
449,202,309,281,fuck
480,195,316,350,fuck
472,192,314,283,fuck
474,192,313,283,fuck
485,182,315,285,fuck
475,192,326,274,fuck
476,194,310,273,fuck
476,222,329,292,fuck
477,187,329,293,fuck
484,175,333,292,fuck
473,184,326,274,fuck
472,184,323,286,fuck
470,178,321,277,fuck
471,179,315,281,fuck
478,179,312,276,fuck
475,178,312,286,fuck
464,179,310,270,fuck
466,181,305,277,fuck
462,168,313,269,fuck
461,176,302,281,fuck
458,174,304,274,fuck
456,106,295,270,fuck
447,174,299,272,fuck
449,171,309,278,fuck
460,172,187,269,fuck
447,159,290,250,fuck
454,168,296,288,fuck
450,168,287,286,fuck
442,166,244,283,fuck
475,170,285,289,fuck
468,175,290,280,fuck
463,105,281,280,fuck
445,190,278,278,fuck
468,195,274,277,fuck
461,183,274,272,fuck
449,186,277,268,fuck
447,200,274,266,fuck
456,193,264,257,fuck
545,191,268,268,fuck
458,188,257,265,fuck
463,189,271,266,fuck
460,204,272,261,fuck
462,180,267,250,fuck
479,181,266,272,fuck
465,185,265,265,fuck
465,171,266,262,fuck
468,180,265,249,fuck
456,182,264,224,fuck
462,183,258,272,fuck
460,191,244,271,fuck
455,190,254,277,fuck
456,193,256,272,fuck
448,186,251,296,fuck
449,186,250,264,fuck
450,169,256,296,fuck
452,178,245,314,fuck
417,187,247,336,fuck
457,186,243,345,fuck
449,187,245,315,fuck
443,192,243,321,fuck
455,182,236,336,fuck
435,179,236,345,fuck
449,181,243,349,fuck
454,223,234,347,fuck
451,179,238,340,fuck
456,180,237,340,fuck
442,174,248,334,fuck
458,167,238,334,fuck
451,182,236,328,fuck
458,177,235,336,fuck
461,174,236,325,fuck
468,171,229,328,fuck
453,173,230,322,fuck
452,161,230,313,fuck
451,171,227,315,fuck
453,168,232,310,fuck
445,168,228,313,fuck
462,170,237,318,fuck
458,167,256,311,fuck
462,157,254,344,fuck
458,170,226,328,fuck
447,163,226,333,fuck
453,162,208,318,fuck
454,159,231,342,fuck
465,164,209,339,fuck
458,162,202,337,fuck
454,154,229,327,fuck
445,160,225,335,fuck
450,172,234,335,fuck
460,158,241,330,fuck
482,159,239,332,fuck
457,154,234,317,fuck
445,163,247,319,fuck
455,149,246,331,fuck
452,161,248,333,fuck
443,153,254,342,fuck
457,146,254,343,fuck
452,157,254,343,fuck
450,155,250,336,fuck
464,160,247,336,fuck
451,154,254,326,fuck
452,146,245,324,fuck
446,156,237,332,fuck
447,157,245,329,fuck
466,164,233,333,fuck
451,156,244,329,fuck
455,146,242,332,fuck
453,159,247,328,fuck
452,80,242,325,fuck
452,143,256,316,fuck
450,157,251,322,fuck
456,173,249,309,fuck
498,157,248,313,fuck
456,158,268,313,fuck
458,156,241,309,fuck
461,154,250,319,fuck
516,167,251,344,fuck
458,155,258,309,fuck
460,152,308,304,fuck
450,161,247,304,fuck
453,149,248,296,fuck
462,152,252,296,fuck
447,151,251,305,fuck
451,163,250,280,fuck
493,150,248,292,fuck
454,146,246,287,fuck
433,151,246,286,fuck
453,148,245,280,fuck
436,149,253,282,fuck
455,145,260,281,fuck
461,150,268,283,fuck
455,146,272,297,fuck
454,148,270,288,fuck
451,149,264,288,fuck
451,151,262,303,fuck
445,151,266,292,fuck
453,135,264,293,fuck
447,162,266,288,fuck
451,149,260,280,fuck
452,149,267,298,fuck
452,145,259,288,fuck
448,148,260,276,fuck
447,205,277,282,fuck
447,148,282,277,fuck
452,148,326,281,fuck
447,114,252,277,fuck
452,129,257,278,fuck
470,155,238,302,fuck
457,151,278,286,fuck
456,143,253,287,fuck
457,141,246,287,fuck
455,131,265,268,fuck
455,154,241,276,fuck
446,131,259,272,fuck
453,137,256,268,fuck
452,141,264,265,fuck
449,143,258,263,fuck
451,128,271,271,fuck
454,139,267,280,fuck
460,140,274,272,fuck
450,141,269,275,fuck
446,135,260,265,fuck
439,141,273,266,fuck
449,137,266,288,fuck
449,145,265,284,fuck
446,138,281,284,fuck
447,146,262,286,fuck
441,139,258,276,fuck
444,156,253,286,fuck
442,147,262,280,fuck
450,144,246,285,fuck
443,136,252,284,fuck
439,102,247,272,fuck
441,152,253,276,fuck
427,158,249,269,fuck
443,129,246,257,fuck
436,144,245,260,fuck
440,151,257,259,fuck
440,147,250,261,fuck
441,145,298,249,fuck
441,138,248,277,fuck
471,147,246,283,fuck
437,148,248,305,fuck
440,145,249,304,fuck
438,141,246,315,fuck
430,145,237,310,fuck
442,157,240,305,fuck
434,137,239,313,fuck
443,141,237,303,fuck
439,143,234,321,fuck
440,139,233,313,fuck
436,148,238,303,fuck
438,134,239,315,fuck
440,148,233,361,fuck
447,124,234,293,fuck
442,141,223,308,fuck
433,138,233,299,fuck
436,137,230,281,fuck
441,151,229,292,fuck
436,134,237,292,fuck
422,141,230,282,fuck
440,134,231,317,fuck
432,132,228,286,fuck
418,135,220,280,fuck
425,134,187,275,fuck
432,134,216,277,fuck
437,56,221,272,fuck
433,135,219,270,fuck
431,153,221,257,fuck
436,135,226,272,fuck
430,150,221,272,fuck
442,138,221,301,fuck
440,133,221,292,fuck
438,132,186,286,fuck
441,133,217,271,fuck
443,135,202,293,fuck
448,118,226,296,fuck
456,134,220,290,fuck
457,141,234,303,fuck
455,139,236,312,fuck
469,149,238,299,fuck
465,140,234,300,fuck
466,101,244,300,fuck
462,146,234,296,fuck
468,145,232,297,fuck
458,139,234,280,fuck
483,143,227,285,fuck
366,136,229,235,fuck
449,144,229,313,fuck
449,142,235,299,fuck
429,142,222,334,fuck
453,141,211,326,fuck
454,135,223,330,fuck
454,143,227,321,fuck
512,151,225,298,fuck
451,142,199,318,fuck
450,146,219,318,fuck
427,141,216,312,fuck
443,147,215,312,fuck
445,141,204,304,fuck
441,160,212,307,fuck
447,146,214,324,fuck
442,144,206,326,fuck
438,148,211,332,fuck
441,174,207,335,fuck
431,146,212,341,fuck
415,152,203,324,fuck
439,157,230,328,fuck
438,153,194,320,fuck
441,165,207,315,fuck
437,156,206,315,fuck
437,160,210,305,fuck
439,153,210,294,fuck
437,155,218,302,fuck
436,154,201,291,fuck
458,153,202,311,fuck
441,148,201,302,fuck
438,142,206,302,fuck
442,153,217,302,fuck
437,151,197,300,fuck
447,148,195,313,fuck
466,149,202,342,fuck
441,139,212,308,fuck
441,151,124,323,fuck
436,146,192,318,fuck
438,148,198,324,fuck
442,107,195,324,fuck
438,150,198,314,fuck
429,152,199,322,fuck
441,145,190,318,fuck
447,139,190,316,fuck
442,145,185,327,fuck
444,146,204,311,fuck
442,144,201,310,fuck
444,147,160,297,fuck
439,139,197,307,fuck
430,144,198,298,fuck
442,139,256,304,fuck
424,145,198,296,fuck
436,130,202,293,fuck
436,139,201,289,fuck
436,126,190,306,fuck
434,142,220,303,fuck
418,139,196,304,fuck
455,136,196,313,fuck
425,140,197,303,fuck
437,129,194,328,fuck
431,138,188,295,fuck
426,133,207,292,fuck
419,134,203,310,fuck
434,138,194,299,fuck
430,120,199,304,fuck
443,137,200,320,fuck
434,136,208,317,fuck
434,144,215,320,fuck
455,140,218,352,fuck
433,128,224,310,fuck
422,141,219,308,fuck
432,135,227,300,fuck
431,140,217,308,fuck
431,146,238,318,fuck
435,138,216,328,fuck
417,136,212,312,fuck
421,140,219,309,fuck
429,141,209,254,fuck
435,137,214,302,fuck
422,138,217,307,fuck
444,134,213,294,fuck
461,136,212,304,fuck
445,126,222,322,fuck
443,125,216,325,fuck
444,135,210,329,fuck
444,135,207,343,fuck
443,130,210,288,fuck
436,137,212,280,fuck
445,120,212,349,fuck
445,134,213,333,fuck
444,130,219,318,fuck
445,134,215,325,fuck
445,134,218,320,fuck
440,122,210,375,fuck
442,134,210,321,fuck
428,132,222,326,fuck
442,132,210,329,fuck
437,126,208,328,fuck
443,129,226,331,fuck
453,131,233,343,fuck
444,129,228,323,fuck
451,129,212,320,fuck
438,82,217,318,fuck
445,130,234,309,fuck
448,129,220,302,fuck
450,130,231,306,fuck
447,131,226,296,fuck
438,144,224,295,fuck
444,131,221,301,fuck
447,130,221,290,fuck
421,131,221,282,fuck
446,128,220,289,fuck
449,153,217,283,fuck
446,141,218,286,fuck
442,128,200,276,fuck
442,128,225,276,fuck
449,151,213,274,fuck
478,136,219,328,fuck
441,132,212,295,fuck
441,174,216,289,fuck
437,118,194,283,fuck
422,131,213,277,fuck
442,123,206,282,fuck
440,136,197,273,fuck
414,135,208,280,fuck
446,133,206,296,fuck
448,118,206,294,fuck
448,123,201,292,fuck
466,125,210,291,fuck
451,128,211,323,fuck
461,136,215,295,fuck
429,132,216,317,fuck
449,136,219,332,fuck
445,129,224,348,fuck
446,126,217,336,fuck
444,128,212,355,fuck
446,128,213,361,fuck
454,128,222,372,fuck
455,138,224,381,fuck
458,119,218,372,fuck
456,129,181,369,fuck
461,117,218,356,fuck
453,130,221,368,fuck
458,128,220,356,fuck
456,119,224,349,fuck
456,140,235,347,fuck
455,111,243,352,fuck
455,128,240,350,fuck
456,128,252,349,fuck
456,50,250,371,fuck
458,170,252,370,fuck
441,125,240,384,fuck
453,121,324,384,fuck
454,128,244,389,fuck
455,119,244,386,fuck
445,128,244,375,fuck
454,117,301,366,fuck
452,128,244,373,fuck
455,124,254,372,fuck
461,118,231,380,fuck
458,123,240,392,fuck
459,128,229,387,fuck
447,128,235,386,fuck
446,116,229,390,fuck
454,160,232,368,fuck
452,122,218,363,fuck
471,125,233,365,fuck
451,124,223,354,fuck
460,128,229,347,fuck
454,126,226,334,fuck
460,128,227,336,fuck
458,140,226,323,fuck
455,139,221,345,fuck
455,128,229,352,fuck
455,135,231,353,fuck
445,135,234,354,fuck
456,134,235,366,fuck
459,141,258,365,fuck
452,136,232,312,fuck
445,122,232,352,fuck
451,130,245,351,fuck
456,120,246,342,fuck
450,132,230,337,fuck
449,132,249,336,fuck
451,138,239,352,fuck
444,130,232,333,fuck
448,144,224,320,fuck
448,131,229,323,fuck
441,133,225,323,fuck
452,125,248,328,fuck
457,119,236,327,fuck
436,136,221,330,fuck
446,132,233,312,fuck
447,134,221,317,fuck
446,133,240,320,fuck
413,130,217,333,fuck
449,132,221,327,fuck
453,132,151,323,fuck
443,130,211,318,fuck
445,199,206,313,fuck
446,132,218,318,fuck
447,125,217,302,fuck
467,135,208,301,fuck
431,130,214,298,fuck
457,128,219,292,fuck
445,130,222,292,fuck
432,142,242,276,fuck
444,131,239,288,fuck
431,129,235,285,fuck
461,118,249,288,fuck
448,126,235,290,fuck
451,128,233,249,fuck
464,129,171,286,fuck
436,129,239,286,fuck
529,134,240,289,fuck
445,132,238,238,fuck
440,126,256,279,fuck
437,128,237,280,fuck
434,128,235,277,fuck
452,124,226,272,fuck
455,128,241,278,fuck
454,121,249,268,fuck
456,128,240,262,fuck
451,126,240,272,fuck
454,136,233,264,fuck
452,129,232,271,fuck
452,127,228,264,fuck
456,129,248,267,fuck
440,125,223,267,fuck
463,128,223,291,fuck
462,128,237,309,fuck
465,125,227,300,fuck
456,128,227,305,fuck
456,126,235,311,fuck
455,126,232,331,fuck
443,118,248,330,fuck
455,131,224,333,fuck
440,126,214,320,fuck
434,128,232,331,fuck
460,144,230,322,fuck
453,126,230,321,fuck
468,124,237,315,fuck
444,119,211,310,fuck
450,123,238,311,fuck
455,128,211,314,fuck
454,123,230,315,fuck
450,122,229,329,fuck
445,135,229,333,fuck
449,125,222,335,fuck
453,118,234,365,fuck
448,118,231,357,fuck
448,122,266,346,fuck
433,137,232,338,fuck
455,126,214,331,fuck
443,109,242,319,fuck
443,130,223,312,fuck
451,122,234,325,fuck
437,123,232,310,fuck
442,143,220,313,fuck
444,131,221,314,fuck
437,120,225,322,fuck
436,128,228,318,fuck
422,129,221,309,fuck
436,132,228,318,fuck
426,126,224,320,fuck
435,137,134,304,fuck
417,134,224,304,fuck
436,143,232,310,fuck
390,163,222,308,fuck
440,144,239,306,fuck
439,160,233,300,fuck
439,157,238,283,fuck
460,164,238,346,fuck
446,159,237,310,fuck
454,161,245,300,fuck
433,142,228,282,fuck
438,161,240,296,fuck
438,159,245,301,fuck
439,156,242,298,fuck
453,164,249,297,fuck
440,156,242,291,fuck
438,154,246,281,fuck
439,154,250,285,fuck
410,156,246,280,fuck
428,154,238,280,fuck
448,117,241,276,fuck
431,153,243,278,fuck
444,151,228,273,fuck
432,150,237,269,fuck
441,144,293,280,fuck
436,153,233,274,fuck
439,132,233,267,fuck
443,148,232,266,fuck
432,138,235,265,fuck
440,145,227,294,fuck
439,150,230,282,fuck
444,138,244,279,fuck
445,141,200,276,fuck
450,144,223,280,fuck
460,147,227,298,fuck
440,140,226,284,fuck
450,133,224,307,fuck
445,147,221,309,fuck
449,147,206,307,fuck
443,181,221,306,fuck
448,141,218,295,fuck
445,143,202,310,fuck
453,133,220,309,fuck
461,142,226,315,fuck
441,137,225,299,fuck
445,138,228,302,fuck
455,137,230,298,fuck
444,144,222,288,fuck
437,134,222,280,fuck
444,138,228,288,fuck
442,121,232,290,fuck
444,206,234,282,fuck
446,130,262,283,fuck
446,81,244,289,fuck
448,136,228,286,fuck
442,120,236,284,fuck
445,134,232,279,fuck
439,125,226,283,fuck
443,71,233,297,fuck
445,140,227,293,fuck
451,145,231,303,fuck
449,144,228,310,fuck
438,178,242,299,fuck
456,176,228,304,fuck
443,165,231,293,fuck
445,188,228,295,fuck
451,169,231,286,fuck
443,166,243,279,fuck
476,169,231,289,fuck
450,174,232,294,fuck
365,171,245,304,fuck
459,167,256,294,fuck
453,158,263,290,fuck
451,167,265,285,fuck
463,152,263,288,fuck
465,165,249,307,fuck
456,163,258,329,fuck
457,164,267,303,fuck
460,163,250,312,fuck
478,167,257,324,fuck
474,164,250,333,fuck
473,162,248,330,fuck
466,189,244,340,fuck
453,175,256,322,fuck
466,166,258,344,fuck
466,176,251,333,fuck
463,168,250,328,fuck
463,172,240,332,fuck
469,173,252,326,fuck
440,174,243,310,fuck
460,176,249,321,fuck
452,168,235,320,fuck
459,174,246,323,fuck
478,180,250,343,fuck
470,169,248,311,fuck
443,169,251,300,fuck
447,170,234,306,fuck
455,180,252,305,fuck
462,170,243,295,fuck
456,176,253,310,fuck
460,176,264,288,fuck
458,188,276,301,fuck
460,201,267,280,fuck
456,221,265,294,fuck
446,203,272,282,fuck
454,216,266,274,fuck
455,205,261,273,fuck
453,205,259,270,fuck
437,207,260,269,fuck
457,221,271,268,fuck
435,202,263,254,fuck
453,201,256,258,fuck
442,217,252,246,fuck
469,201,247,256,fuck
445,185,243,284,fuck
444,117,250,270,fuck
441,202,246,263,fuck
430,198,246,263,fuck
373,188,245,253,fuck
443,194,234,256,fuck
443,187,242,250,fuck
444,182,236,256,fuck
425,217,242,256,fuck
439,182,247,271,fuck
450,188,224,249,fuck
458,181,238,254,fuck
449,183,257,241,fuck
448,179,264,243,fuck
449,177,242,244,fuck
446,177,188,232,fuck
471,180,245,248,fuck
460,169,257,250,fuck
454,196,258,237,fuck
460,207,260,259,fuck
456,227,227,252,fuck
453,208,247,243,fuck
453,209,254,252,fuck
458,215,253,244,fuck
453,218,236,244,fuck
448,224,237,244,fuck
474,214,252,256,fuck
474,213,239,239,fuck
448,211,249,248,fuck
454,222,240,234,fuck
452,207,247,232,fuck
451,202,243,228,fuck
453,204,232,229,fuck
445,203,252,242,fuck
450,209,245,223,fuck
449,201,247,221,fuck
452,197,240,232,fuck
450,194,240,228,fuck
450,196,238,225,fuck
444,196,239,233,fuck
442,177,236,235,fuck
444,178,232,232,fuck
439,192,236,236,fuck
442,195,231,252,fuck
440,195,232,267,fuck
436,189,237,262,fuck
432,193,239,253,fuck
438,173,259,256,fuck
430,187,231,252,fuck
437,189,238,252,fuck
442,193,254,261,fuck
439,185,239,254,fuck
439,180,246,259,fuck
422,185,230,256,fuck
439,181,244,245,fuck
436,180,238,240,fuck
438,181,246,249,fuck
457,191,248,247,fuck
447,188,243,257,fuck
438,166,244,239,fuck
427,174,134,237,fuck
428,170,236,259,fuck
438,173,249,261,fuck
427,185,217,256,fuck
434,176,243,256,fuck
451,173,238,246,fuck
441,176,239,250,fuck
449,172,226,256,fuck
442,184,233,260,fuck
449,178,233,256,fuck
439,176,233,262,fuck
436,176,237,260,fuck
453,180,235,191,fuck
450,178,238,269,fuck
443,180,229,261,fuck
448,190,230,257,fuck
453,189,227,258,fuck
472,171,227,264,fuck
451,166,227,257,fuck
457,160,293,256,fuck
452,170,234,252,fuck
449,156,242,257,fuck
451,174,231,253,fuck
454,161,232,239,fuck
471,175,234,242,fuck
441,166,231,220,fuck
451,154,231,252,fuck
453,125,228,248,fuck
458,156,225,243,fuck
446,162,225,246,fuck
455,167,234,237,fuck
435,163,217,234,fuck
455,159,225,229,fuck
454,146,228,230,fuck
455,154,218,234,fuck
463,74,233,231,fuck
456,155,220,246,fuck
459,154,224,254,fuck
450,155,228,267,fuck
467,164,221,269,fuck
449,172,232,270,fuck
458,176,232,275,fuck
445,166,239,268,fuck
453,172,228,274,fuck
468,167,239,275,fuck
462,154,231,278,fuck
466,169,226,278,fuck
463,170,227,282,fuck
464,166,225,279,fuck
458,166,225,277,fuck
459,181,224,273,fuck
462,170,250,274,fuck
446,165,228,280,fuck
471,165,213,261,fuck
462,120,229,261,fuck
459,164,224,334,fuck
459,163,217,256,fuck
461,162,300,252,fuck
464,162,213,253,fuck
447,158,215,249,fuck
458,197,218,245,fuck
447,160,227,247,fuck
455,155,215,240,fuck
454,166,232,248,fuck
448,173,232,247,fuck
468,185,235,264,fuck
465,208,228,244,fuck
517,201,228,245,fuck
456,203,228,232,fuck
454,199,226,251,fuck
461,198,226,266,fuck
461,201,238,260,fuck
480,201,224,266,fuck
445,196,234,249,fuck
457,246,222,267,fuck
456,194,221,264,fuck
458,181,227,268,fuck
449,193,207,259,fuck
454,194,219,256,fuck
449,192,224,252,fuck
455,211,214,252,fuck
448,190,215,251,fuck
451,181,214,256,fuck
453,189,315,244,fuck
452,188,224,251,fuck
445,204,212,253,fuck
449,192,211,257,fuck
452,194,211,260,fuck
449,193,209,251,fuck
448,191,211,261,fuck
442,198,199,256,fuck
447,197,212,252,fuck
448,187,185,265,fuck
438,185,214,260,fuck
443,180,218,272,fuck
436,184,212,278,fuck
431,183,219,275,fuck
444,184,206,273,fuck
447,182,234,275,fuck
449,178,214,285,fuck
443,178,210,276,fuck
437,182,212,294,fuck
439,190,204,282,fuck
441,187,225,288,fuck
448,213,211,277,fuck
436,193,209,276,fuck
438,190,202,281,fuck
442,192,208,277,fuck
434,193,220,281,fuck
439,189,214,273,fuck
437,183,218,277,fuck
429,201,223,269,fuck
441,198,221,295,fuck
440,197,264,289,fuck
446,197,211,289,fuck
441,200,227,310,fuck
450,200,302,311,fuck
440,202,218,315,fuck
445,193,209,312,fuck
432,198,236,318,fuck
444,199,236,312,fuck
441,209,235,311,fuck
445,203,230,305,fuck
447,188,234,341,fuck
447,214,241,325,fuck
451,211,247,337,fuck
444,249,248,340,fuck
444,212,246,341,fuck
458,216,260,343,fuck
446,224,252,342,fuck
452,225,246,341,fuck
452,218,251,340,fuck
456,221,266,332,fuck
462,229,260,344,fuck
441,240,258,327,fuck
453,195,266,327,fuck
454,256,253,324,fuck
456,254,262,321,fuck
445,253,243,311,fuck
452,252,258,309,fuck
459,241,228,312,fuck
442,249,259,307,fuck
535,236,246,308,fuck
440,238,288,296,fuck
448,242,249,288,fuck
456,234,239,289,fuck
447,229,244,308,fuck
445,236,237,307,fuck
361,235,237,294,fuck
440,226,256,292,fuck
484,230,241,299,fuck
436,222,237,305,fuck
439,256,233,296,fuck
418,229,231,296,fuck
425,211,235,280,fuck
437,221,218,280,fuck
440,207,226,297,fuck
436,221,216,301,fuck
435,217,223,296,fuck
441,234,222,294,fuck
438,215,223,284,fuck
442,214,230,289,fuck
433,207,218,285,fuck
435,202,218,290,fuck
435,192,221,272,fuck
436,208,314,269,fuck
427,216,220,271,fuck
440,200,212,265,fuck
434,199,238,248,fuck
436,208,213,275,fuck
433,202,316,256,fuck
417,200,218,259,fuck
430,198,204,248,fuck
431,209,213,249,fuck
430,184,210,280,fuck
438,204,212,274,fuck
414,189,244,276,fuck
430,199,210,281,fuck
426,115,207,270,fuck
425,155,207,267,fuck
403,190,204,247,fuck
428,186,202,261,fuck
422,188,197,258,fuck
438,186,216,262,fuck
439,169,230,270,fuck
430,178,236,274,fuck
442,187,217,281,fuck
440,182,237,279,fuck
444,180,237,276,fuck
441,185,240,284,fuck
435,180,246,282,fuck
447,197,244,289,fuck
447,200,296,285,fuck
441,198,236,282,fuck
444,202,242,272,fuck
442,204,237,273,fuck
448,221,237,277,fuck
435,200,230,271,fuck
450,204,231,274,fuck
422,194,240,272,fuck
434,198,230,260,fuck
428,202,216,266,fuck
354,197,237,267,fuck
445,190,234,268,fuck
438,194,239,296,fuck
442,192,232,310,fuck
438,207,203,306,fuck
435,208,234,318,fuck
429,200,218,332,fuck
438,220,236,343,fuck
433,229,254,335,fuck
439,249,258,361,fuck
427,229,256,358,fuck
443,225,269,352,fuck
447,230,269,365,fuck
451,225,263,370,fuck
446,228,264,378,fuck
449,231,267,378,fuck
434,236,278,360,fuck
480,233,265,375,fuck
457,234,267,403,fuck
437,238,277,386,fuck
456,244,284,393,fuck
457,245,293,388,fuck
450,237,297,380,fuck
416,247,287,382,fuck
453,233,309,376,fuck
446,231,279,364,fuck
452,238,286,370,fuck
450,217,277,359,fuck
445,226,284,358,fuck
450,245,273,351,fuck
452,222,259,360,fuck
440,218,278,344,fuck
447,208,274,335,fuck
450,215,272,333,fuck
448,223,264,330,fuck
462,204,278,327,fuck
440,204,271,340,fuck
445,206,276,344,fuck
445,212,265,328,fuck
443,208,268,344,fuck
457,203,264,342,fuck
440,193,270,337,fuck
439,200,256,330,fuck
440,201,259,328,fuck
435,198,256,330,fuck
441,197,257,318,fuck
438,198,253,322,fuck
443,216,256,308,fuck
437,184,252,316,fuck
445,194,248,313,fuck
446,207,248,307,fuck
444,188,247,306,fuck
441,191,243,298,fuck
440,186,244,284,fuck
442,192,189,283,fuck
438,186,246,286,fuck
440,181,253,291,fuck
436,189,248,232,fuck
430,182,246,289,fuck
420,177,244,272,fuck
436,193,240,271,fuck
439,180,242,270,fuck
453,177,236,261,fuck
428,178,253,256,fuck
432,178,229,267,fuck
428,174,224,270,fuck
453,168,247,266,fuck
440,173,221,268,fuck
439,164,226,281,fuck
438,176,214,281,fuck
437,170,232,295,fuck
435,151,226,285,fuck
434,170,227,281,fuck
425,158,224,283,fuck
432,156,224,299,fuck
442,168,224,306,fuck
447,169,224,321,fuck
430,160,230,330,fuck
433,175,206,313,fuck
408,181,222,330,fuck
429,164,213,325,fuck
428,182,221,356,fuck
430,177,217,381,fuck
425,192,203,353,fuck
408,185,219,346,fuck
420,182,209,354,fuck
436,185,212,336,fuck
433,180,213,353,fuck
435,182,217,338,fuck
436,121,211,354,fuck
439,180,108,350,fuck
432,177,212,346,fuck
434,180,279,346,fuck
430,176,214,350,fuck
430,186,210,338,fuck
427,173,193,363,fuck
409,176,202,320,fuck
432,169,218,366,fuck
427,179,202,379,fuck
431,182,205,391,fuck
425,172,201,397,fuck
428,179,208,396,fuck
425,174,202,397,fuck
427,174,214,406,fuck
412,178,214,385,fuck
426,175,209,377,fuck
426,176,213,374,fuck
433,169,210,368,fuck
429,171,217,357,fuck
417,166,206,359,fuck
425,169,207,323,fuck
426,156,210,355,fuck
432,162,208,357,fuck
429,166,211,335,fuck
426,171,208,341,fuck
429,189,192,379,fuck
429,187,209,338,fuck
436,194,195,330,fuck
411,190,182,322,fuck
431,258,201,322,fuck
424,191,197,321,fuck
436,194,201,308,fuck
367,192,205,308,fuck
437,188,202,304,fuck
454,190,204,322,fuck
440,199,192,316,fuck
439,211,204,319,fuck
430,186,208,323,fuck
438,182,200,328,fuck
443,200,203,331,fuck
442,198,210,332,fuck
442,196,212,334,fuck
441,192,221,332,fuck
460,206,216,327,fuck
453,202,226,332,fuck
453,190,226,388,fuck
469,203,234,355,fuck
461,213,227,345,fuck
460,203,235,348,fuck
463,214,228,340,fuck
467,209,231,342,fuck
472,230,234,364,fuck
470,225,263,354,fuck
470,215,249,359,fuck
453,226,230,361,fuck
466,205,286,360,fuck
471,203,236,374,fuck
484,199,239,355,fuck
470,213,227,351,fuck
462,208,208,342,fuck
453,211,236,327,fuck
462,210,237,358,fuck
465,211,230,351,fuck
476,210,235,347,fuck
459,205,237,335,fuck
462,205,226,337,fuck
456,198,206,341,fuck
462,197,226,334,fuck
457,203,229,338,fuck
464,196,228,347,fuck
461,191,230,347,fuck
470,197,231,344,fuck
473,193,232,356,fuck
457,194,224,358,fuck
448,183,219,367,fuck
458,188,218,388,fuck
402,176,219,387,fuck
452,190,216,387,fuck
437,191,209,374,fuck
455,186,238,378,fuck
495,190,217,332,fuck
458,176,220,364,fuck
451,186,218,376,fuck
447,197,220,381,fuck
445,180,212,397,fuck
460,197,187,394,fuck
452,185,205,400,fuck
455,190,218,422,fuck
451,195,215,423,fuck
455,184,215,421,fuck
452,194,213,422,fuck
454,199,209,424,fuck
452,209,209,377,fuck
465,203,216,401,fuck
456,198,209,420,fuck
461,199,205,405,fuck
456,199,205,412,fuck
443,191,208,413,fuck
451,194,204,403,fuck
455,204,189,400,fuck
453,197,201,408,fuck
449,187,200,405,fuck
461,188,204,401,fuck
456,191,197,406,fuck
448,183,199,404,fuck
448,185,217,421,fuck
445,162,203,433,fuck
443,183,201,433,fuck
447,184,199,428,fuck
438,160,203,420,fuck
442,174,196,425,fuck
436,182,196,414,fuck
462,180,185,406,fuck
437,167,193,402,fuck
486,177,196,403,fuck
441,179,220,405,fuck
452,172,156,408,fuck
477,170,195,415,fuck
440,162,190,397,fuck
443,170,194,404,fuck
440,171,193,392,fuck
542,171,203,389,fuck
433,171,223,387,fuck
439,162,216,381,fuck
436,172,199,374,fuck
434,168,206,373,fuck
438,174,196,363,fuck
438,183,222,367,fuck
442,195,206,358,fuck
443,198,196,349,fuck
465,200,197,341,fuck
443,197,209,348,fuck
447,189,215,336,fuck
453,196,212,345,fuck
446,204,205,332,fuck
443,205,207,337,fuck
452,212,215,330,fuck
454,206,237,322,fuck
452,213,234,321,fuck
445,215,233,315,fuck
529,223,244,329,fuck
463,231,247,323,fuck
458,226,254,326,fuck
458,210,246,334,fuck
453,224,249,343,fuck
448,217,359,334,fuck
459,216,241,334,fuck
449,162,239,344,fuck
455,212,236,356,fuck
451,213,237,359,fuck
453,210,238,358,fuck
448,164,230,368,fuck
459,198,245,366,fuck
450,199,233,356,fuck
437,202,244,353,fuck
453,201,232,368,fuck
432,188,233,367,fuck
445,201,226,367,fuck
444,200,229,358,fuck
447,196,234,365,fuck
444,196,226,332,fuck
448,193,219,376,fuck
455,194,205,377,fuck
445,200,215,396,fuck
446,194,224,395,fuck
445,209,212,393,fuck
455,220,213,392,fuck
446,192,210,393,fuck
429,187,229,394,fuck
445,192,210,383,fuck
443,175,218,384,fuck
438,187,218,381,fuck
451,186,209,389,fuck
442,131,212,374,fuck
459,186,212,375,fuck
443,184,234,367,fuck
441,182,211,362,fuck
446,181,217,360,fuck
453,180,222,350,fuck
460,171,228,347,fuck
467,152,240,339,fuck
456,174,237,353,fuck
469,182,228,371,fuck
473,172,235,331,fuck
477,201,230,351,fuck
463,177,262,345,fuck
476,179,237,346,fuck
479,172,242,340,fuck
474,171,243,334,fuck
473,205,247,338,fuck
470,180,241,332,fuck
477,195,178,335,fuck
471,199,267,338,fuck
460,190,239,338,fuck
471,210,244,332,fuck
480,176,240,344,fuck
481,192,237,358,fuck
490,198,223,342,fuck
502,193,229,342,fuck
477,171,238,341,fuck
491,195,234,405,fuck
503,200,214,341,fuck
477,196,231,354,fuck
472,197,232,346,fuck
472,192,237,356,fuck
471,194,229,334,fuck
472,197,217,328,fuck
472,192,225,325,fuck
481,176,223,296,fuck
477,182,226,315,fuck
470,182,242,320,fuck
465,187,218,300,fuck
474,169,228,315,fuck
473,176,214,332,fuck
473,180,245,311,fuck
472,192,212,304,fuck
471,189,209,300,fuck
464,188,216,300,fuck
469,191,223,288,fuck
464,186,217,294,fuck
466,176,204,284,fuck
464,182,163,283,fuck
467,172,224,278,fuck
465,181,218,288,fuck
469,181,219,291,fuck
470,177,208,286,fuck
468,178,218,290,fuck
505,174,220,293,fuck
486,175,232,304,fuck
482,176,212,286,fuck
463,109,213,296,fuck
472,175,212,297,fuck
470,187,199,309,fuck
467,179,210,312,fuck
457,155,226,308,fuck
464,168,199,306,fuck
459,168,208,303,fuck
455,173,206,299,fuck
451,165,204,287,fuck
454,168,294,304,fuck
454,174,206,290,fuck
445,167,211,306,fuck
451,197,199,294,fuck
454,165,195,292,fuck
456,163,195,292,fuck
455,164,205,308,fuck
457,156,203,327,fuck
546,167,202,313,fuck
457,169,250,320,fuck
456,156,192,317,fuck
453,170,205,312,fuck
462,158,266,325,fuck
461,168,206,307,fuck
460,158,225,295,fuck
443,172,192,313,fuck
451,169,199,320,fuck
461,168,195,345,fuck
462,162,199,332,fuck
458,161,209,326,fuck
460,164,196,322,fuck
460,165,210,321,fuck
463,173,213,369,fuck
460,169,204,322,fuck
455,166,195,323,fuck
457,153,207,322,fuck
459,167,204,326,fuck
456,167,206,350,fuck
451,169,207,355,fuck
454,177,214,367,fuck
452,178,201,374,fuck
451,171,202,366,fuck
440,179,200,373,fuck
442,174,201,392,fuck
447,136,200,409,fuck
451,176,211,411,fuck
432,169,215,413,fuck
448,171,196,442,fuck
444,155,198,402,fuck
441,166,195,390,fuck
443,170,197,398,fuck
443,158,202,373,fuck
443,166,266,398,fuck
449,164,199,398,fuck
443,166,196,398,fuck
449,158,213,385,fuck
462,162,220,385,fuck
447,162,305,384,fuck
440,163,213,374,fuck
443,162,213,332,fuck
432,160,214,376,fuck
436,148,221,387,fuck
446,105,220,387,fuck
458,157,225,382,fuck
441,154,230,386,fuck
480,157,223,384,fuck
440,154,212,378,fuck
435,152,197,374,fuck
439,154,217,375,fuck
436,154,219,366,fuck
438,153,218,360,fuck
423,142,219,359,fuck
435,204,210,342,fuck
434,151,203,355,fuck
445,151,222,350,fuck
435,148,216,356,fuck
444,167,214,332,fuck
433,142,216,413,fuck
440,148,212,348,fuck
432,149,215,341,fuck
436,148,214,351,fuck
436,141,210,339,fuck
437,146,208,339,fuck
438,140,206,344,fuck
433,129,216,321,fuck
438,144,204,331,fuck
432,161,182,327,fuck
435,142,202,321,fuck
432,136,196,331,fuck
408,141,200,304,fuck
439,137,201,310,fuck
420,142,200,313,fuck
432,140,198,328,fuck
420,145,193,331,fuck
432,140,199,330,fuck
436,142,190,324,fuck
433,141,200,321,fuck
430,129,194,308,fuck
436,149,200,326,fuck
435,143,198,313,fuck
436,141,215,315,fuck
357,140,192,294,fuck
443,140,152,304,fuck
439,140,195,298,fuck
431,137,225,300,fuck
436,138,178,314,fuck
439,137,198,313,fuck
444,137,182,327,fuck
437,137,177,305,fuck
435,121,198,318,fuck
441,147,200,323,fuck
444,154,202,323,fuck
438,146,213,319,fuck
441,138,208,316,fuck
454,159,212,312,fuck
480,172,210,314,fuck
458,170,217,313,fuck
457,157,212,310,fuck
461,163,228,308,fuck
474,180,225,338,fuck
464,147,231,331,fuck
469,192,227,327,fuck
469,194,241,341,fuck
469,202,250,351,fuck
481,201,207,344,fuck
464,198,243,334,fuck
454,208,227,338,fuck
449,192,240,318,fuck
462,177,242,324,fuck
522,193,242,246,fuck
449,181,248,316,fuck
465,180,252,320,fuck
456,196,238,310,fuck
460,188,240,326,fuck
464,184,231,320,fuck
457,170,236,305,fuck
445,182,226,313,fuck
452,183,231,300,fuck
469,183,230,328,fuck
457,179,228,304,fuck
462,176,243,292,fuck
450,189,221,299,fuck
463,178,260,292,fuck
466,174,237,291,fuck
469,166,238,299,fuck
461,173,239,311,fuck
457,173,234,298,fuck
460,173,232,299,fuck
467,171,230,306,fuck
463,173,232,308,fuck
456,157,228,343,fuck
459,168,228,297,fuck
456,151,232,298,fuck
452,165,231,308,fuck
455,167,232,317,fuck
442,164,229,318,fuck
455,170,234,306,fuck
457,161,237,238,fuck
458,183,238,310,fuck
468,151,237,313,fuck
456,162,234,324,fuck
456,157,235,315,fuck
451,160,235,308,fuck
448,158,234,308,fuck
456,209,231,297,fuck
456,158,233,299,fuck
469,154,230,324,fuck
442,150,235,302,fuck
444,158,234,271,fuck
445,137,238,310,fuck
446,153,228,307,fuck
459,155,236,291,fuck
444,147,238,296,fuck
452,159,226,293,fuck
450,150,226,293,fuck
451,152,226,290,fuck
471,153,227,288,fuck
461,147,173,278,fuck
458,150,242,275,fuck
365,149,248,280,fuck
457,148,252,273,fuck
442,144,232,269,fuck
462,165,246,269,fuck
453,147,246,273,fuck
470,145,234,290,fuck
452,145,242,290,fuck
451,136,243,292,fuck
450,144,242,290,fuck
448,144,238,293,fuck
452,143,245,280,fuck
445,196,246,285,fuck
448,140,246,276,fuck
450,147,227,284,fuck
450,145,237,281,fuck
452,157,232,277,fuck
458,156,239,276,fuck
476,168,254,273,fuck
445,152,252,279,fuck
457,170,261,269,fuck
454,173,270,270,fuck
466,163,276,268,fuck
458,182,268,260,fuck
454,196,269,279,fuck
460,186,276,280,fuck
462,214,272,292,fuck
460,196,280,285,fuck
457,196,278,308,fuck
461,181,275,291,fuck
466,204,282,320,fuck
467,217,286,306,fuck
465,203,290,298,fuck
465,216,277,295,fuck
454,196,277,290,fuck
476,196,262,292,fuck
482,196,273,280,fuck
455,193,266,286,fuck
454,194,294,288,fuck
446,190,329,289,fuck
462,203,280,292,fuck
457,200,289,300,fuck
454,196,274,292,fuck
447,192,263,300,fuck
457,196,277,293,fuck
457,214,269,294,fuck
452,183,272,299,fuck
454,190,270,274,fuck
465,187,268,288,fuck
457,173,286,295,fuck
449,195,266,297,fuck
452,179,271,293,fuck
456,102,270,296,fuck
446,192,253,301,fuck
452,184,263,292,fuck
459,187,245,297,fuck
453,182,279,335,fuck
458,176,284,332,fuck
463,178,258,331,fuck
449,169,257,348,fuck
456,181,253,348,fuck
450,179,261,348,fuck
450,168,256,377,fuck
449,174,256,354,fuck
445,168,240,367,fuck
448,187,250,373,fuck
443,172,238,370,fuck
442,170,229,389,fuck
432,160,248,386,fuck
441,178,242,383,fuck
442,166,241,376,fuck
445,166,169,377,fuck
448,165,242,365,fuck
443,162,252,368,fuck
436,164,236,361,fuck
430,161,237,359,fuck
443,160,236,361,fuck
431,161,232,345,fuck
443,160,217,344,fuck
443,160,215,343,fuck
442,160,234,334,fuck
445,158,230,266,fuck
435,158,228,337,fuck
445,156,227,331,fuck
441,161,226,339,fuck
443,144,225,353,fuck
360,154,224,356,fuck
468,152,219,338,fuck
460,150,228,352,fuck
435,153,219,348,fuck
442,162,237,352,fuck
442,204,243,354,fuck
442,167,244,357,fuck
442,168,242,356,fuck
432,165,254,367,fuck
442,172,259,371,fuck
444,168,256,363,fuck
443,170,260,352,fuck
435,169,256,340,fuck
442,181,280,348,fuck
449,174,253,349,fuck
451,178,248,345,fuck
449,176,260,327,fuck
456,177,279,328,fuck
445,177,274,332,fuck
451,189,270,335,fuck
449,200,280,329,fuck
441,195,247,327,fuck
426,203,261,344,fuck
441,199,264,340,fuck
447,202,257,340,fuck
443,200,265,342,fuck
446,199,258,349,fuck
443,193,257,346,fuck
440,192,258,337,fuck
440,184,257,346,fuck
444,184,279,346,fuck
430,195,256,340,fuck
465,196,253,351,fuck
445,195,271,341,fuck
443,214,256,340,fuck
434,191,237,343,fuck
444,192,258,337,fuck
446,197,253,336,fuck
436,183,267,316,fuck
446,193,247,323,fuck
445,207,256,324,fuck
448,184,257,327,fuck
426,183,252,320,fuck
438,224,251,329,fuck
452,188,250,320,fuck
441,190,250,326,fuck
441,200,240,324,fuck
439,198,254,324,fuck
440,201,241,320,fuck
434,208,240,314,fuck
433,220,241,318,fuck
448,210,239,318,fuck
447,212,244,332,fuck
448,216,240,308,fuck
440,173,234,306,fuck
435,219,238,309,fuck
449,227,242,310,fuck
445,149,237,314,fuck
456,226,239,308,fuck
463,213,237,297,fuck
476,204,245,318,fuck
456,193,246,340,fuck
455,199,243,356,fuck
460,202,251,348,fuck
456,197,249,347,fuck
467,205,256,336,fuck
470,196,252,340,fuck
474,183,249,347,fuck
478,193,256,360,fuck
476,192,252,363,fuck
471,190,227,365,fuck
470,200,233,363,fuck
470,187,244,376,fuck
473,191,258,304,fuck
477,196,254,336,fuck
478,189,252,400,fuck
475,135,262,379,fuck
477,193,253,396,fuck
466,201,251,382,fuck
475,197,257,394,fuck
474,196,238,403,fuck
477,277,256,386,fuck
485,212,263,397,fuck
471,214,290,398,fuck
474,198,253,400,fuck
524,219,262,376,fuck
486,215,260,409,fuck
482,219,260,429,fuck
465,215,260,415,fuck
480,213,250,414,fuck
474,219,252,418,fuck
465,209,261,418,fuck
474,206,249,417,fuck
466,204,252,410,fuck
469,203,243,400,fuck
469,202,274,397,fuck
472,189,250,394,fuck
460,206,241,376,fuck
470,196,247,391,fuck
465,187,252,392,fuck
545,194,240,375,fuck
473,195,190,389,fuck
468,193,236,372,fuck
459,191,238,379,fuck
452,188,226,358,fuck
465,210,205,357,fuck
460,188,234,359,fuck
450,220,232,352,fuck
458,181,234,365,fuck
468,145,222,342,fuck
422,182,230,341,fuck
461,96,225,336,fuck
456,183,230,347,fuck
457,180,229,368,fuck
455,100,225,365,fuck
448,173,239,369,fuck
457,176,222,367,fuck
488,177,223,370,fuck
472,174,212,359,fuck
449,173,221,359,fuck
450,175,221,357,fuck
459,171,212,353,fuck
454,188,217,389,fuck
445,174,229,385,fuck
447,178,220,386,fuck
443,176,221,393,fuck
445,145,216,376,fuck
450,176,206,373,fuck
453,160,226,372,fuck
445,168,220,372,fuck
453,171,211,377,fuck
457,181,220,365,fuck
454,155,224,368,fuck
451,168,230,369,fuck
452,176,211,363,fuck
451,177,217,361,fuck
449,186,216,355,fuck
451,185,234,350,fuck
455,208,213,350,fuck
450,192,227,348,fuck
448,199,205,365,fuck
457,203,211,369,fuck
465,187,208,372,fuck
462,189,216,360,fuck
448,190,209,354,fuck
458,189,196,355,fuck
459,188,223,356,fuck
460,178,239,351,fuck
458,195,210,366,fuck
453,200,217,376,fuck
457,193,224,383,fuck
460,193,222,393,fuck
468,190,214,388,fuck
455,189,210,378,fuck
447,186,247,385,fuck
449,195,204,372,fuck
450,208,214,368,fuck
450,175,210,381,fuck
451,185,233,377,fuck
458,184,108,372,fuck
451,181,212,367,fuck
451,162,205,382,fuck
454,172,206,374,fuck
440,222,214,366,fuck
449,178,207,358,fuck
444,184,206,347,fuck
460,165,214,364,fuck
446,174,192,349,fuck
433,169,209,356,fuck
433,157,218,357,fuck
444,172,198,349,fuck
440,151,201,344,fuck
445,168,199,355,fuck
426,165,187,380,fuck
436,172,180,385,fuck
440,156,195,373,fuck
459,164,196,411,fuck
443,158,200,400,fuck
351,154,200,407,fuck
440,173,186,398,fuck
402,154,201,337,fuck
449,155,197,401,fuck
475,161,193,398,fuck
444,157,202,401,fuck
455,165,202,389,fuck
455,166,192,392,fuck
460,158,200,394,fuck
452,165,200,386,fuck
453,156,189,377,fuck
458,158,200,361,fuck
454,165,205,362,fuck
451,160,205,365,fuck
452,158,206,362,fuck
451,154,199,356,fuck
450,166,201,346,fuck
443,151,195,356,fuck
379,158,198,338,fuck
448,195,192,337,fuck
437,150,192,347,fuck
441,165,199,333,fuck
446,151,197,343,fuck
449,156,169,330,fuck
447,146,202,330,fuck
439,147,195,330,fuck
430,152,200,322,fuck
451,146,222,322,fuck
455,153,200,316,fuck
455,146,216,311,fuck
464,166,201,306,fuck
436,147,203,321,fuck
449,144,203,336,fuck
451,151,206,332,fuck
445,147,201,325,fuck
449,164,188,321,fuck
434,199,202,321,fuck
457,174,213,317,fuck
455,175,297,313,fuck
455,171,216,308,fuck
457,187,221,308,fuck
501,178,224,304,fuck
461,183,212,297,fuck
466,173,231,300,fuck
466,180,224,304,fuck
444,185,245,296,fuck
488,189,235,302,fuck
467,193,238,316,fuck
461,193,233,315,fuck
468,196,232,338,fuck
470,198,249,342,fuck
470,198,252,361,fuck
467,194,279,359,fuck
466,190,249,362,fuck
465,202,239,368,fuck
463,181,248,363,fuck
469,190,243,350,fuck
471,282,241,365,fuck
469,191,249,364,fuck
459,177,238,375,fuck
470,188,239,361,fuck
463,178,225,355,fuck
491,185,236,351,fuck
462,184,237,345,fuck
454,181,244,330,fuck
452,184,234,336,fuck
459,182,230,335,fuck
458,181,227,334,fuck
456,191,227,327,fuck
439,181,240,324,fuck
464,184,231,320,fuck
456,188,239,318,fuck
444,190,224,310,fuck
457,189,218,306,fuck
449,192,212,309,fuck
449,189,199,327,fuck
418,191,220,345,fuck
446,187,220,345,fuck
453,184,200,343,fuck
416,185,216,344,fuck
450,184,208,339,fuck
442,184,217,336,fuck
456,179,213,403,fuck
459,181,198,346,fuck
448,274,210,343,fuck
452,178,216,352,fuck
446,178,199,350,fuck
454,192,210,338,fuck
446,195,207,304,fuck
442,173,189,337,fuck
452,192,223,341,fuck
448,186,218,336,fuck
449,188,223,345,fuck
465,187,221,329,fuck
462,204,233,350,fuck
451,191,230,353,fuck
458,192,232,356,fuck
452,182,233,343,fuck
460,194,228,331,fuck
451,188,234,331,fuck
444,202,221,322,fuck
450,192,230,317,fuck
467,205,217,337,fuck
463,199,234,330,fuck
469,201,246,338,fuck
460,200,240,356,fuck
458,178,243,337,fuck
450,190,237,348,fuck
451,186,237,335,fuck
470,194,225,336,fuck
461,191,234,347,fuck
455,187,232,314,fuck
464,190,235,358,fuck
455,185,229,347,fuck
468,186,238,369,fuck
468,177,239,354,fuck
471,181,241,355,fuck
462,193,226,363,fuck
451,206,236,361,fuck
465,184,238,369,fuck
481,181,215,373,fuck
467,179,242,369,fuck
451,181,224,375,fuck
464,180,213,381,fuck
464,177,226,369,fuck
467,118,233,367,fuck
466,199,224,373,fuck
471,174,226,369,fuck
470,180,224,377,fuck
462,176,228,373,fuck
455,174,234,360,fuck
464,190,265,362,fuck
463,194,217,367,fuck
464,195,226,368,fuck
464,186,222,367,fuck
462,203,223,361,fuck
461,196,223,373,fuck
460,191,224,367,fuck
459,195,221,368,fuck
457,184,236,369,fuck
458,194,217,359,fuck
464,192,219,360,fuck
450,204,220,350,fuck
458,181,203,358,fuck
456,187,215,367,fuck
455,182,213,332,fuck
445,199,217,338,fuck
456,185,211,334,fuck
468,183,195,329,fuck
453,186,207,325,fuck
480,184,209,323,fuck
447,186,208,273,fuck
467,175,205,325,fuck
463,181,207,317,fuck
471,182,208,308,fuck
447,174,208,325,fuck
465,178,205,334,fuck
471,176,200,330,fuck
456,172,218,336,fuck
475,181,234,324,fuck
479,194,216,364,fuck
462,192,220,364,fuck
467,185,212,368,fuck
482,197,224,368,fuck
478,198,217,374,fuck
473,193,221,372,fuck
472,187,228,366,fuck
468,201,222,361,fuck
406,194,224,346,fuck
472,207,225,352,fuck
479,203,233,350,fuck
475,205,226,331,fuck
477,208,228,367,fuck
478,213,228,374,fuck
473,192,219,376,fuck
461,202,223,378,fuck
473,197,225,378,fuck
476,206,221,378,fuck
477,205,224,371,fuck
479,197,219,369,fuck
463,201,213,353,fuck
478,199,224,361,fuck
480,207,220,360,fuck
486,204,211,351,fuck
483,211,203,358,fuck
482,212,230,350,fuck
485,197,218,353,fuck
489,225,216,350,fuck
499,192,224,348,fuck
489,121,216,350,fuck
455,203,214,341,fuck
485,205,224,288,fuck
500,201,203,330,fuck
394,201,214,325,fuck
485,197,215,308,fuck
487,184,214,341,fuck
482,201,213,345,fuck
420,201,214,358,fuck
498,199,219,341,fuck
491,200,215,343,fuck
488,197,215,343,fuck
488,197,218,340,fuck
482,194,233,339,fuck
489,189,213,325,fuck
484,194,211,318,fuck
481,193,208,326,fuck
531,199,214,392,fuck
471,192,213,338,fuck
476,189,215,358,fuck
477,190,213,342,fuck
483,184,220,334,fuck
471,185,221,333,fuck
460,183,219,315,fuck
489,184,213,323,fuck
467,181,219,325,fuck
472,182,220,318,fuck
466,174,217,343,fuck
460,168,215,342,fuck
473,173,214,338,fuck
473,174,213,363,fuck
478,163,212,327,fuck
472,174,210,364,fuck
480,178,217,359,fuck
475,188,209,357,fuck
478,177,200,358,fuck
469,175,212,388,fuck
458,177,212,376,fuck
482,186,208,399,fuck
475,196,200,381,fuck
476,207,209,382,fuck
485,199,209,375,fuck
471,227,207,362,fuck
482,236,212,367,fuck
482,249,210,372,fuck
476,243,212,373,fuck
508,240,211,375,fuck
480,240,213,366,fuck
504,239,203,374,fuck
482,241,204,365,fuck
481,240,197,354,fuck
486,238,215,355,fuck
472,237,216,344,fuck
503,246,230,349,fuck
494,235,224,368,fuck
500,246,225,360,fuck
493,191,223,372,fuck
489,275,228,373,fuck
493,228,243,385,fuck
469,221,219,381,fuck
488,223,216,389,fuck
472,225,220,414,fuck
485,212,238,429,fuck
480,152,219,426,fuck
476,214,210,413,fuck
386,214,214,424,fuck
484,200,210,416,fuck
485,210,205,419,fuck
484,229,209,437,fuck
485,197,219,426,fuck
481,204,189,441,fuck
483,209,208,439,fuck
470,200,208,438,fuck
478,199,192,429,fuck
458,202,201,412,fuck
477,198,198,428,fuck
483,225,208,434,fuck
482,215,206,440,fuck
486,221,205,437,fuck
482,200,200,429,fuck
488,211,206,446,fuck
486,201,226,447,fuck
485,200,195,444,fuck
482,217,207,388,fuck
493,208,202,427,fuck
486,216,221,429,fuck
490,205,223,412,fuck
487,209,239,402,fuck
492,215,208,416,fuck
492,215,197,420,fuck
489,217,193,411,fuck
543,212,204,436,fuck
493,212,187,429,fuck
483,214,198,419,fuck
460,208,208,413,fuck
488,203,198,403,fuck
488,206,200,400,fuck
487,184,206,403,fuck
491,205,218,428,fuck
486,208,220,411,fuck
486,208,220,431,fuck
489,208,214,430,fuck
486,206,210,425,fuck
479,214,219,428,fuck
481,211,222,425,fuck
479,211,238,428,fuck
485,205,230,441,fuck
481,204,232,421,fuck
470,215,232,416,fuck
478,221,230,408,fuck
486,203,229,407,fuck
480,200,211,399,fuck
482,200,222,398,fuck
489,197,223,391,fuck
478,203,211,385,fuck
485,184,221,384,fuck
486,198,220,418,fuck
484,184,219,370,fuck
513,195,216,358,fuck
486,190,245,361,fuck
497,158,217,351,fuck
486,187,205,346,fuck
488,186,214,346,fuck
488,188,222,352,fuck
484,187,213,360,fuck
487,190,215,359,fuck
485,180,212,371,fuck
486,180,214,362,fuck
491,176,212,363,fuck
489,257,212,371,fuck
512,186,212,369,fuck
484,183,210,364,fuck
496,196,216,355,fuck
488,191,207,376,fuck
483,218,217,372,fuck
482,198,216,366,fuck
564,202,216,361,fuck
493,202,201,367,fuck
496,196,233,361,fuck
496,203,238,363,fuck
493,205,226,366,fuck
530,204,235,352,fuck
497,203,243,288,fuck
491,201,226,347,fuck
497,198,244,348,fuck
509,200,226,349,fuck
498,198,235,344,fuck
496,136,246,343,fuck
495,191,237,336,fuck
494,197,239,333,fuck
506,192,234,333,fuck
493,202,234,326,fuck
498,189,218,332,fuck
500,191,228,347,fuck
499,208,224,342,fuck
504,196,227,368,fuck
486,194,226,367,fuck
490,193,230,379,fuck
488,189,229,375,fuck
486,182,233,372,fuck
477,189,231,371,fuck
478,187,234,366,fuck
469,202,214,363,fuck
476,178,235,360,fuck
489,181,237,364,fuck
470,180,230,338,fuck
468,176,293,347,fuck
554,175,232,350,fuck
465,165,230,355,fuck
467,176,224,353,fuck
464,179,226,382,fuck
464,193,219,337,fuck
461,174,253,347,fuck
476,172,232,337,fuck
474,168,225,342,fuck
478,175,222,336,fuck
476,163,244,337,fuck
472,176,226,347,fuck
473,170,243,346,fuck
472,156,219,338,fuck
471,153,220,340,fuck
467,172,220,347,fuck
469,171,225,339,fuck
478,155,223,337,fuck
480,174,223,349,fuck
482,171,220,378,fuck
486,176,221,391,fuck
482,182,220,381,fuck
482,182,236,390,fuck
486,178,217,389,fuck
489,175,214,384,fuck
486,185,213,392,fuck
488,169,239,385,fuck
485,200,216,366,fuck
478,186,223,396,fuck
488,165,225,419,fuck
502,181,216,406,fuck
484,191,241,399,fuck
470,183,239,416,fuck
485,182,231,406,fuck
507,199,239,392,fuck
494,190,235,398,fuck
496,181,259,414,fuck
494,187,240,426,fuck
497,187,249,437,fuck
497,190,246,446,fuck
504,193,240,447,fuck
502,189,317,423,fuck
416,187,252,414,fuck
489,191,254,414,fuck
506,191,249,393,fuck
506,191,247,406,fuck
550,188,246,416,fuck
501,188,236,393,fuck
512,192,256,385,fuck
521,201,251,385,fuck
509,192,248,379,fuck
512,181,237,376,fuck
507,181,253,372,fuck
505,177,254,380,fuck
505,182,273,369,fuck
491,169,251,372,fuck
501,171,251,364,fuck
499,183,254,357,fuck
505,175,238,352,fuck
490,176,233,349,fuck
493,174,244,341,fuck
495,171,234,340,fuck
479,170,325,332,fuck
494,174,244,328,fuck
493,182,236,326,fuck
410,173,241,264,fuck
495,206,233,345,fuck
494,184,234,331,fuck
505,208,240,355,fuck
495,222,234,328,fuck
501,199,251,332,fuck
503,204,227,337,fuck
503,154,231,362,fuck
501,212,213,354,fuck
502,211,228,358,fuck
496,203,224,349,fuck
506,212,224,357,fuck
491,212,224,358,fuck
501,214,202,352,fuck
497,207,212,339,fuck
507,216,206,347,fuck
506,217,228,340,fuck
502,211,231,333,fuck
504,215,222,331,fuck
499,212,224,330,fuck
520,213,224,342,fuck
502,218,221,320,fuck
500,212,225,321,fuck
493,216,203,321,fuck
494,212,224,320,fuck
495,213,199,322,fuck
486,172,232,311,fuck
491,220,218,310,fuck
488,217,204,301,fuck
486,238,213,303,fuck
484,224,206,312,fuck
485,218,212,298,fuck
488,223,277,292,fuck
489,214,210,304,fuck
489,220,212,310,fuck
494,226,206,308,fuck
479,218,207,305,fuck
490,223,204,306,fuck
491,212,205,300,fuck
491,210,209,318,fuck
493,216,209,316,fuck
456,220,205,320,fuck
493,236,200,324,fuck
496,223,203,317,fuck
499,211,191,312,fuck
498,220,208,304,fuck
505,217,209,382,fuck
507,211,218,301,fuck
500,206,217,290,fuck
518,218,222,312,fuck
497,225,222,302,fuck
506,212,151,318,fuck
508,257,222,319,fuck
500,217,223,310,fuck
483,223,219,312,fuck
498,225,215,307,fuck
505,213,262,313,fuck
508,203,214,311,fuck
508,204,217,306,fuck
506,222,201,307,fuck
465,208,210,291,fuck
476,201,215,232,fuck
507,206,208,304,fuck
522,204,212,386,fuck
501,210,211,316,fuck
505,201,215,321,fuck
517,201,198,325,fuck
491,198,198,316,fuck
499,199,216,322,fuck
503,210,208,315,fuck
505,193,214,316,fuck
504,160,206,313,fuck
500,197,192,312,fuck
497,189,210,310,fuck
501,188,209,317,fuck
498,170,207,324,fuck
503,185,220,318,fuck
503,187,218,313,fuck
505,182,222,333,fuck
502,184,237,339,fuck
499,180,279,350,fuck
508,184,242,339,fuck
505,181,244,338,fuck
505,174,241,339,fuck
508,174,241,338,fuck
516,174,240,344,fuck
510,172,238,339,fuck
606,162,236,321,fuck
507,195,229,329,fuck
507,172,235,350,fuck
493,179,236,340,fuck
503,171,232,366,fuck
528,155,234,363,fuck
495,192,231,377,fuck
508,176,236,373,fuck
512,177,217,380,fuck
512,189,224,394,fuck
515,117,227,395,fuck
512,184,224,398,fuck
514,189,231,333,fuck
515,196,211,398,fuck
521,206,222,409,fuck
515,147,222,408,fuck
514,193,302,397,fuck
520,201,114,407,fuck
517,195,218,407,fuck
518,189,238,385,fuck
517,195,214,415,fuck
528,202,321,388,fuck
538,212,206,404,fuck
522,220,206,383,fuck
526,188,232,380,fuck
520,214,193,387,fuck
542,218,221,423,fuck
527,213,210,390,fuck
524,185,208,396,fuck
522,213,212,397,fuck
564,214,211,397,fuck
525,209,115,391,fuck
524,210,211,394,fuck
504,217,197,390,fuck
531,198,208,387,fuck
525,211,196,384,fuck
518,209,308,376,fuck
531,205,197,372,fuck
526,203,204,367,fuck
528,205,201,387,fuck
522,197,184,386,fuck
525,194,213,376,fuck
529,203,201,385,fuck
531,188,205,382,fuck
530,199,199,392,fuck
532,196,202,380,fuck
528,195,207,373,fuck
523,196,201,371,fuck
531,166,200,364,fuck
524,206,195,365,fuck
519,200,198,367,fuck
514,219,204,360,fuck
517,238,194,353,fuck
495,250,196,341,fuck
512,247,194,358,fuck
506,256,183,346,fuck
506,245,183,356,fuck
494,252,194,341,fuck
507,249,184,343,fuck
501,246,173,334,fuck
516,244,192,341,fuck
503,242,190,314,fuck
509,244,221,326,fuck
443,238,194,338,fuck
508,241,176,328,fuck
498,232,198,322,fuck
505,234,193,318,fuck
502,231,196,315,fuck
503,230,192,310,fuck
507,234,200,370,fuck
534,224,194,295,fuck
505,225,201,299,fuck
517,221,196,292,fuck
505,218,194,300,fuck
500,214,174,291,fuck
497,215,188,288,fuck
495,211,192,283,fuck
496,212,195,274,fuck
492,201,194,280,fuck
482,202,214,262,fuck
512,210,189,354,fuck
473,211,185,278,fuck
483,201,196,294,fuck
490,218,190,296,fuck
477,224,190,296,fuck
488,219,197,307,fuck
485,231,199,292,fuck
487,208,199,309,fuck
477,220,203,316,fuck
489,223,185,315,fuck
491,225,197,321,fuck
572,236,200,330,fuck
490,233,204,316,fuck
495,232,201,303,fuck
497,231,198,306,fuck
496,233,201,300,fuck
496,228,198,298,fuck
501,219,258,295,fuck
505,240,196,293,fuck
503,246,202,285,fuck
448,242,200,286,fuck
506,235,198,273,fuck
515,244,201,277,fuck
510,249,203,266,fuck
512,244,209,269,fuck
509,275,214,272,fuck
500,236,221,258,fuck
505,233,221,269,fuck
496,232,207,263,fuck
499,233,213,274,fuck
495,230,196,259,fuck
493,229,214,256,fuck
491,221,211,250,fuck
495,219,210,266,fuck
506,231,209,261,fuck
477,221,216,268,fuck
490,214,246,244,fuck
494,215,220,262,fuck
474,204,232,269,fuck
490,201,233,278,fuck
483,204,225,276,fuck
476,208,265,269,fuck
499,211,220,276,fuck
486,210,238,276,fuck
485,211,230,277,fuck
487,212,230,273,fuck
486,210,295,270,fuck
484,202,227,266,fuck
479,206,210,268,fuck
503,205,224,275,fuck
476,194,222,262,fuck
506,195,226,278,fuck
476,206,230,256,fuck
489,197,222,359,fuck
493,199,218,272,fuck
501,199,206,267,fuck
498,187,218,290,fuck
493,187,213,259,fuck
494,208,123,257,fuck
488,217,219,300,fuck
487,223,214,326,fuck
482,205,213,297,fuck
476,256,217,295,fuck
471,208,208,308,fuck
479,203,213,288,fuck
478,201,216,289,fuck
380,196,216,314,fuck
476,196,220,318,fuck
459,196,224,352,fuck
466,192,220,358,fuck
491,176,241,376,fuck
479,191,240,373,fuck
464,186,272,363,fuck
477,188,238,361,fuck
477,188,244,355,fuck
479,185,228,352,fuck
468,180,242,334,fuck
491,184,238,341,fuck
471,182,237,341,fuck
454,181,236,362,fuck
472,178,222,331,fuck
474,171,237,329,fuck
474,178,231,317,fuck
483,202,230,313,fuck
478,171,249,316,fuck
475,193,213,316,fuck
472,192,231,339,fuck
479,193,258,333,fuck
474,204,242,344,fuck
492,197,252,348,fuck
498,205,259,304,fuck
499,206,270,315,fuck
503,213,257,331,fuck
499,205,253,333,fuck
513,208,251,346,fuck
510,212,256,343,fuck
508,213,263,340,fuck
492,211,265,339,fuck
506,228,256,344,fuck
508,207,264,332,fuck
503,206,256,324,fuck
474,206,258,313,fuck
504,206,256,316,fuck
508,203,257,313,fuck
491,201,256,338,fuck
497,192,263,331,fuck
520,198,259,339,fuck
507,208,249,330,fuck
498,223,251,337,fuck
504,224,270,337,fuck
504,229,243,334,fuck
501,224,243,328,fuck
506,253,244,330,fuck
503,231,244,325,fuck
509,244,249,324,fuck
499,223,263,316,fuck
523,228,238,313,fuck
501,251,241,308,fuck
485,230,232,308,fuck
494,312,223,315,fuck
496,231,233,331,fuck
492,221,222,343,fuck
488,238,230,301,fuck
502,220,228,334,fuck
483,231,226,323,fuck
488,225,220,323,fuck
490,219,211,329,fuck
464,216,224,319,fuck
508,218,225,319,fuck
495,216,226,320,fuck
482,214,228,324,fuck
485,205,225,346,fuck
481,208,228,338,fuck
477,198,227,328,fuck
475,205,227,323,fuck
481,202,218,337,fuck
477,206,220,320,fuck
480,201,229,334,fuck
489,200,208,336,fuck
475,216,214,347,fuck
466,202,222,292,fuck
470,194,269,325,fuck
472,205,238,329,fuck
475,295,206,319,fuck
472,220,218,324,fuck
475,205,214,327,fuck
468,206,224,313,fuck
524,202,217,330,fuck
463,190,213,328,fuck
469,197,214,321,fuck
472,195,211,322,fuck
451,192,219,322,fuck
467,194,221,256,fuck
468,195,241,326,fuck
470,191,231,324,fuck
483,184,235,323,fuck
472,190,242,328,fuck
472,194,247,273,fuck
470,189,237,316,fuck
482,187,232,328,fuck
489,181,241,323,fuck
483,183,238,320,fuck
494,164,244,321,fuck
488,185,234,308,fuck
494,190,238,318,fuck
500,156,231,326,fuck
490,172,232,322,fuck
481,180,248,325,fuck
474,190,234,322,fuck
491,195,220,320,fuck
491,193,237,318,fuck
480,192,226,299,fuck
479,189,238,303,fuck
498,197,236,298,fuck
498,194,238,312,fuck
493,194,235,306,fuck
491,185,233,300,fuck
504,202,232,316,fuck
489,199,222,311,fuck
496,213,206,320,fuck
496,199,216,315,fuck
503,194,224,296,fuck
502,210,258,334,fuck
504,204,224,341,fuck
504,264,225,345,fuck
505,210,222,339,fuck
505,209,237,347,fuck
493,199,220,332,fuck
496,197,210,313,fuck
498,195,217,325,fuck
493,195,221,324,fuck
495,140,228,316,fuck
499,193,230,311,fuck
487,195,254,312,fuck
496,214,233,311,fuck
501,180,232,312,fuck
498,192,231,323,fuck
504,190,220,312,fuck
513,189,232,309,fuck
494,186,228,305,fuck
505,147,233,302,fuck
495,201,210,336,fuck
495,210,239,333,fuck
432,226,230,307,fuck
491,229,223,322,fuck
489,223,216,311,fuck
493,233,222,317,fuck
471,211,225,344,fuck
496,198,221,312,fuck
486,218,221,332,fuck
491,224,221,330,fuck
487,212,218,337,fuck
495,210,218,330,fuck
498,204,218,312,fuck
497,208,207,322,fuck
502,210,296,333,fuck
491,209,218,348,fuck
485,201,214,333,fuck
508,206,218,324,fuck
495,194,214,327,fuck
494,267,209,330,fuck
489,191,223,331,fuck
493,193,206,333,fuck
489,186,208,317,fuck
492,196,200,303,fuck
504,202,208,304,fuck
489,195,147,311,fuck
490,199,207,312,fuck
489,192,196,301,fuck
471,219,207,307,fuck
487,189,197,305,fuck
489,183,209,291,fuck
484,187,203,299,fuck
473,189,200,294,fuck
485,188,194,299,fuck
484,184,176,299,fuck
478,191,203,288,fuck
479,182,192,286,fuck
461,184,191,280,fuck
462,188,192,280,fuck
486,188,189,276,fuck
481,195,209,272,fuck
495,200,208,246,fuck
483,207,213,271,fuck
477,192,210,258,fuck
486,211,200,275,fuck
495,208,207,266,fuck
490,210,204,264,fuck
477,206,209,259,fuck
485,210,209,248,fuck
488,223,209,256,fuck
498,221,206,244,fuck
486,221,192,257,fuck
482,218,204,256,fuck
493,223,189,269,fuck
487,221,200,275,fuck
493,220,198,270,fuck
485,216,204,356,fuck
481,208,204,268,fuck
487,213,195,265,fuck
485,200,203,295,fuck
494,204,204,271,fuck
485,206,205,266,fuck
475,211,222,282,fuck
486,223,203,273,fuck
466,211,204,277,fuck
477,203,187,268,fuck
471,202,126,273,fuck
480,191,203,273,fuck
491,202,134,263,fuck
486,204,200,264,fuck
489,194,198,263,fuck
495,199,201,259,fuck
490,197,206,272,fuck
495,198,212,251,fuck
491,192,225,249,fuck
493,207,208,250,fuck
490,190,222,247,fuck
492,115,212,250,fuck
489,196,230,252,fuck
490,193,212,262,fuck
490,194,221,329,fuck
477,180,222,250,fuck
481,202,218,250,fuck
477,184,214,250,fuck
479,180,214,258,fuck
470,191,214,268,fuck
482,196,212,268,fuck
488,197,210,271,fuck
478,195,211,281,fuck
480,200,204,295,fuck
494,173,211,288,fuck
475,192,212,285,fuck
469,208,214,284,fuck
474,190,216,253,fuck
482,192,200,285,fuck
477,192,212,268,fuck
485,168,215,284,fuck
472,183,210,274,fuck
472,189,211,273,fuck
470,227,206,272,fuck
474,179,208,276,fuck
471,221,208,269,fuck
468,180,210,264,fuck
458,185,208,260,fuck
389,197,203,281,fuck
468,211,195,293,fuck
467,215,189,293,fuck
446,214,203,292,fuck
463,210,198,292,fuck
464,224,194,290,fuck
461,223,208,292,fuck
469,214,208,288,fuck
462,217,199,292,fuck
470,219,272,295,fuck
460,241,212,301,fuck
469,231,210,299,fuck
470,233,210,303,fuck
469,236,207,308,fuck
474,170,195,296,fuck
472,242,207,300,fuck
475,235,203,289,fuck
475,241,204,283,fuck
480,291,212,274,fuck
488,245,194,281,fuck
475,235,204,276,fuck
472,236,236,277,fuck
475,230,202,272,fuck
472,229,201,266,fuck
469,227,203,253,fuck
464,226,217,257,fuck
464,216,194,261,fuck
465,224,204,269,fuck
448,216,212,272,fuck
462,219,198,271,fuck
463,217,222,270,fuck
458,213,204,274,fuck
458,214,211,317,fuck
430,212,217,268,fuck
464,210,208,270,fuck
458,199,228,267,fuck
473,206,216,262,fuck
454,212,243,265,fuck
457,214,219,250,fuck
460,208,224,259,fuck
472,188,233,256,fuck
466,218,230,249,fuck
460,205,240,262,fuck
465,206,254,273,fuck
467,208,244,272,fuck
468,200,253,296,fuck
472,209,248,284,fuck
467,207,251,312,fuck
472,205,250,329,fuck
458,204,244,348,fuck
484,215,250,341,fuck
475,214,241,360,fuck
477,210,249,357,fuck
479,224,248,360,fuck
471,220,286,358,fuck
479,226,246,362,fuck
479,226,246,353,fuck
477,220,253,356,fuck
474,207,254,353,fuck
475,221,246,334,fuck
468,214,243,348,fuck
468,198,250,326,fuck
464,202,239,352,fuck
465,206,239,355,fuck
451,206,237,350,fuck
460,207,240,350,fuck
460,210,237,351,fuck
457,261,234,340,fuck
448,224,244,346,fuck
455,228,246,356,fuck
457,226,245,349,fuck
451,223,250,347,fuck
459,221,240,339,fuck
456,214,229,337,fuck
456,218,235,333,fuck
456,227,225,334,fuck
455,217,236,328,fuck
459,218,234,328,fuck
452,210,233,393,fuck
457,208,235,325,fuck
458,211,233,333,fuck
452,207,228,360,fuck
459,220,230,368,fuck
495,207,229,371,fuck
452,210,228,374,fuck
452,218,214,374,fuck
434,204,225,392,fuck
445,202,224,419,fuck
453,193,227,420,fuck
449,200,205,433,fuck
449,196,216,432,fuck
450,198,221,436,fuck
452,195,176,426,fuck
450,196,237,448,fuck
455,186,204,436,fuck
460,206,225,445,fuck
467,190,232,450,fuck
461,199,343,468,fuck
474,193,247,522,fuck
467,201,258,452,fuck
461,203,258,444,fuck
473,201,248,455,fuck
397,199,256,365,fuck
475,209,251,430,fuck
480,213,234,428,fuck
476,213,260,423,fuck
477,217,273,417,fuck
481,219,256,411,fuck
499,212,258,400,fuck
477,247,252,414,fuck
479,209,252,420,fuck
477,208,353,411,fuck
468,203,249,413,fuck
472,193,267,391,fuck
488,201,247,389,fuck
469,206,247,373,fuck
480,197,245,384,fuck
473,205,249,367,fuck
468,196,246,397,fuck
463,202,238,350,fuck
484,206,247,373,fuck
449,201,238,345,fuck
465,193,245,339,fuck
462,286,234,342,fuck
457,195,231,341,fuck
443,195,234,351,fuck
459,205,234,344,fuck
461,201,232,339,fuck
468,188,231,364,fuck
465,198,228,337,fuck
461,193,209,338,fuck
482,208,230,333,fuck
468,209,228,333,fuck
468,208,241,357,fuck
454,204,237,354,fuck
478,199,223,359,fuck
473,205,255,360,fuck
478,207,258,360,fuck
465,208,285,358,fuck
471,193,264,341,fuck
469,209,273,345,fuck
473,211,280,339,fuck
483,210,286,366,fuck
422,208,282,343,fuck
481,212,288,330,fuck
482,205,269,332,fuck
485,204,272,330,fuck
469,202,275,325,fuck
481,200,265,324,fuck
469,196,284,322,fuck
475,204,268,323,fuck
475,178,270,305,fuck
473,208,264,306,fuck
480,190,260,304,fuck
471,182,275,302,fuck
465,195,254,298,fuck
470,200,247,302,fuck
483,207,254,301,fuck
481,218,256,288,fuck
462,223,270,294,fuck
452,231,246,310,fuck
462,226,251,306,fuck
466,231,236,295,fuck
456,219,244,294,fuck
468,222,264,290,fuck
448,221,239,287,fuck
467,219,309,288,fuck
462,223,238,286,fuck
449,210,245,308,fuck
457,215,214,308,fuck
457,221,237,269,fuck
458,200,228,308,fuck
448,209,248,312,fuck
461,249,239,308,fuck
461,208,245,306,fuck
448,203,242,296,fuck
462,218,235,298,fuck
457,249,243,303,fuck
456,192,229,295,fuck
456,193,236,289,fuck
462,201,241,282,fuck
464,204,224,291,fuck
442,202,234,306,fuck
459,200,237,302,fuck
465,202,236,301,fuck
463,234,230,327,fuck
465,202,230,334,fuck
469,189,228,327,fuck
488,203,233,335,fuck
475,204,224,339,fuck
470,204,229,338,fuck
473,195,207,330,fuck
477,301,225,329,fuck
489,207,227,332,fuck
473,206,237,326,fuck
470,202,236,311,fuck
473,205,230,317,fuck
470,199,245,318,fuck
474,196,243,320,fuck
464,163,240,310,fuck
469,193,236,330,fuck
470,208,239,326,fuck
469,191,239,329,fuck
472,194,227,312,fuck
468,196,236,315,fuck
460,193,238,322,fuck
466,210,232,333,fuck
467,194,231,337,fuck
457,189,230,358,fuck
463,192,232,353,fuck
468,191,210,353,fuck
459,192,257,350,fuck
458,191,236,380,fuck
459,188,232,378,fuck
460,169,245,379,fuck
457,183,242,372,fuck
461,182,219,376,fuck
478,191,236,408,fuck
440,180,236,392,fuck
463,183,241,389,fuck
463,185,239,384,fuck
460,186,240,391,fuck
465,184,236,387,fuck
446,180,236,382,fuck
458,176,227,406,fuck
457,194,233,400,fuck
462,182,234,410,fuck
463,175,229,410,fuck
455,181,256,404,fuck
452,188,237,404,fuck
455,184,232,427,fuck
452,178,230,411,fuck
458,180,235,408,fuck
462,187,234,409,fuck
460,204,234,409,fuck
463,202,235,423,fuck
449,192,232,356,fuck
476,201,276,408,fuck
469,175,240,411,fuck
464,194,243,420,fuck
472,189,234,409,fuck
476,195,236,419,fuck
474,198,240,418,fuck
491,193,236,407,fuck
478,192,231,394,fuck
473,184,235,391,fuck
481,201,229,390,fuck
481,198,233,389,fuck
481,216,232,382,fuck
568,217,229,384,fuck
482,221,228,372,fuck
493,222,231,371,fuck
480,216,229,345,fuck
485,218,219,355,fuck
481,204,230,348,fuck
469,207,239,354,fuck
471,208,229,357,fuck
470,211,232,351,fuck
477,198,228,355,fuck
474,206,238,349,fuck
468,188,228,348,fuck
497,196,228,350,fuck
468,193,226,342,fuck
465,247,217,322,fuck
453,197,225,333,fuck
481,196,231,342,fuck
465,197,221,340,fuck
463,175,225,341,fuck
470,195,288,336,fuck
454,199,216,321,fuck
459,190,216,332,fuck
446,195,224,330,fuck
458,187,223,323,fuck
465,188,217,320,fuck
461,193,158,308,fuck
457,186,206,313,fuck
451,205,208,323,fuck
455,186,213,346,fuck
451,203,217,344,fuck
449,179,212,374,fuck
452,193,213,387,fuck
453,191,222,379,fuck
434,198,223,390,fuck
455,193,212,394,fuck
545,186,225,397,fuck
451,200,218,390,fuck
455,207,218,393,fuck
459,200,210,390,fuck
460,201,211,378,fuck
460,196,241,389,fuck
463,224,227,386,fuck
462,207,244,404,fuck
457,200,222,396,fuck
470,207,287,403,fuck
476,211,220,392,fuck
465,207,216,387,fuck
469,207,233,376,fuck
478,206,221,379,fuck
479,203,227,359,fuck
483,212,239,384,fuck
470,212,267,369,fuck
491,208,205,387,fuck
483,213,243,390,fuck
475,214,257,395,fuck
488,228,262,400,fuck
475,222,272,403,fuck
499,225,183,395,fuck
485,230,290,406,fuck
497,228,236,390,fuck
495,224,288,379,fuck
476,221,290,377,fuck
498,224,287,375,fuck
479,232,284,380,fuck
514,225,280,367,fuck
488,223,281,369,fuck
480,226,313,383,fuck
483,234,289,378,fuck
483,225,299,374,fuck
483,216,284,392,fuck
478,221,281,365,fuck
476,217,277,370,fuck
482,226,254,373,fuck
469,225,264,377,fuck
499,215,274,353,fuck
498,211,280,350,fuck
482,211,276,348,fuck
477,225,274,348,fuck
476,153,284,341,fuck
477,204,268,337,fuck
479,208,272,323,fuck
475,196,266,338,fuck
485,202,264,318,fuck
478,188,265,342,fuck
477,202,268,322,fuck
469,199,272,352,fuck
472,192,270,304,fuck
472,198,269,344,fuck
489,179,281,301,fuck
450,190,272,301,fuck
485,193,252,305,fuck
482,190,272,302,fuck
483,197,284,299,fuck
503,187,275,296,fuck
494,132,269,288,fuck
484,183,251,312,fuck
487,184,270,320,fuck
479,189,270,305,fuck
482,181,266,298,fuck
480,188,252,307,fuck
483,179,265,294,fuck
482,169,281,294,fuck
479,178,258,286,fuck
476,178,263,289,fuck
475,182,180,320,fuck
473,176,260,308,fuck
470,176,249,368,fuck
464,181,251,318,fuck
466,171,249,325,fuck
459,181,250,320,fuck
464,166,249,320,fuck
465,171,249,308,fuck
465,170,247,310,fuck
478,171,238,303,fuck
456,161,275,270,fuck
461,157,238,300,fuck
466,130,241,297,fuck
468,163,243,307,fuck
467,152,236,315,fuck
465,152,236,311,fuck
466,160,235,310,fuck
464,156,234,300,fuck
479,160,233,294,fuck
464,157,236,299,fuck
460,175,218,304,fuck
466,161,226,295,fuck
457,159,222,280,fuck
466,159,227,295,fuck
456,158,229,290,fuck
450,156,223,286,fuck
464,150,225,297,fuck
452,158,225,280,fuck
456,151,218,292,fuck
457,176,220,314,fuck
456,161,220,314,fuck
468,96,223,315,fuck
464,154,216,309,fuck
456,166,220,305,fuck
460,162,214,304,fuck
460,158,233,310,fuck
447,161,233,323,fuck
457,148,241,302,fuck
460,163,225,309,fuck
466,162,231,307,fuck
472,154,244,314,fuck
468,161,227,300,fuck
452,168,242,298,fuck
460,157,209,309,fuck
462,160,256,306,fuck
471,147,227,303,fuck
460,157,231,288,fuck
461,157,228,295,fuck
461,157,231,290,fuck
445,157,237,300,fuck
474,158,245,293,fuck
457,155,254,279,fuck
459,165,263,289,fuck
458,147,256,290,fuck
458,171,252,286,fuck
464,154,242,286,fuck
475,150,267,284,fuck
465,151,276,282,fuck
476,163,286,324,fuck
480,157,294,310,fuck
478,148,297,332,fuck
483,149,315,332,fuck
482,151,292,328,fuck
483,153,286,317,fuck
499,150,285,316,fuck
475,153,285,315,fuck
467,139,283,294,fuck
471,147,274,316,fuck
456,148,281,312,fuck
456,146,281,337,fuck
469,162,277,352,fuck
475,146,195,351,fuck
475,148,280,350,fuck
474,142,274,340,fuck
468,117,267,345,fuck
470,158,272,348,fuck
463,146,266,346,fuck
468,162,257,340,fuck
462,161,271,346,fuck
470,149,252,362,fuck
475,153,254,363,fuck
444,154,257,357,fuck
474,158,247,357,fuck
463,149,258,346,fuck
475,154,254,354,fuck
469,144,259,365,fuck
471,152,250,370,fuck
468,158,249,372,fuck
467,156,243,327,fuck
467,161,241,373,fuck
477,158,238,371,fuck
474,155,243,367,fuck
472,163,234,364,fuck
551,153,247,362,fuck
472,155,256,369,fuck
477,139,246,400,fuck
467,144,234,380,fuck
464,151,243,384,fuck
467,153,245,369,fuck
463,148,225,361,fuck
426,149,242,354,fuck
466,153,244,368,fuck
462,149,251,391,fuck
460,146,248,378,fuck
462,157,236,402,fuck
471,163,251,408,fuck
482,165,244,409,fuck
476,147,244,414,fuck
489,146,220,408,fuck
471,152,233,406,fuck
479,143,229,402,fuck
485,144,238,405,fuck
473,142,241,398,fuck
468,148,233,413,fuck
472,134,237,416,fuck
475,142,236,432,fuck
469,145,221,433,fuck
470,140,239,413,fuck
458,136,229,421,fuck
461,147,223,406,fuck
469,152,226,400,fuck
484,154,239,397,fuck
488,159,231,395,fuck
464,164,244,390,fuck
476,161,198,380,fuck
424,164,225,376,fuck
478,165,209,375,fuck
466,160,221,388,fuck
454,164,224,368,fuck
464,150,224,366,fuck
463,157,215,443,fuck
464,192,217,397,fuck
480,165,205,400,fuck
464,162,213,396,fuck
534,161,212,414,fuck
460,162,211,410,fuck
460,162,216,414,fuck
456,149,209,429,fuck
454,159,212,415,fuck
450,154,211,445,fuck
451,168,208,436,fuck
442,159,196,442,fuck
451,157,206,441,fuck
447,149,206,439,fuck
469,161,208,447,fuck
432,170,191,441,fuck
446,138,201,446,fuck
441,160,201,431,fuck
439,154,208,450,fuck
453,152,210,456,fuck
426,154,210,452,fuck
452,154,223,446,fuck
453,179,208,440,fuck
454,149,210,422,fuck
457,148,223,422,fuck
426,151,206,406,fuck
455,201,215,418,fuck
433,149,201,418,fuck
462,149,210,418,fuck
450,184,202,423,fuck
451,148,201,429,fuck
456,144,209,439,fuck
439,153,194,422,fuck
446,146,199,420,fuck
445,155,187,408,fuck
449,150,181,411,fuck
454,144,199,405,fuck
448,147,216,414,fuck
444,147,191,418,fuck
447,148,187,416,fuck
451,151,195,415,fuck
442,146,192,407,fuck
450,147,191,408,fuck
452,157,192,398,fuck
446,152,195,388,fuck
447,147,192,392,fuck
466,140,202,391,fuck
448,150,150,385,fuck
454,155,181,396,fuck
437,152,209,402,fuck
441,138,188,399,fuck
441,126,194,389,fuck
429,139,177,376,fuck
438,153,187,377,fuck
421,140,179,381,fuck
440,140,181,417,fuck
426,145,186,415,fuck
438,130,183,384,fuck
438,141,188,412,fuck
427,149,186,412,fuck
440,142,201,434,fuck
440,139,187,416,fuck
443,131,218,418,fuck
446,141,197,427,fuck
444,139,189,432,fuck
440,136,194,432,fuck
442,144,189,420,fuck
446,123,192,425,fuck
444,132,188,434,fuck
445,138,199,433,fuck
443,134,185,432,fuck
446,137,177,431,fuck
441,137,178,431,fuck
442,134,187,412,fuck
439,131,188,437,fuck
430,132,170,429,fuck
424,133,179,428,fuck
437,132,192,429,fuck
418,136,184,434,fuck
434,164,182,436,fuck
435,144,182,458,fuck
435,169,187,462,fuck
434,150,187,464,fuck
438,160,187,450,fuck
439,154,184,459,fuck
435,161,186,455,fuck
433,91,183,452,fuck
432,153,167,452,fuck
436,153,184,383,fuck
437,154,186,451,fuck
436,166,87,457,fuck
376,161,183,453,fuck
434,162,176,445,fuck
438,150,183,435,fuck
439,165,183,420,fuck
439,157,174,422,fuck
438,156,182,437,fuck
454,161,179,408,fuck
423,156,165,406,fuck
431,154,180,403,fuck
433,146,199,427,fuck
456,181,182,420,fuck
438,181,174,416,fuck
438,199,181,415,fuck
435,199,187,400,fuck
435,279,181,411,fuck
437,190,171,407,fuck
461,202,182,407,fuck
440,192,187,400,fuck
444,212,157,394,fuck
422,194,179,390,fuck
444,188,185,375,fuck
429,191,192,384,fuck
437,189,184,383,fuck
440,175,189,409,fuck
434,186,195,386,fuck
435,184,184,408,fuck
431,122,187,400,fuck
435,182,184,393,fuck
435,191,194,398,fuck
442,181,188,388,fuck
430,184,205,397,fuck
444,182,217,408,fuck
447,183,188,404,fuck
442,196,202,420,fuck
449,179,201,402,fuck
446,173,205,420,fuck
439,169,207,422,fuck
447,178,201,447,fuck
443,174,221,448,fuck
445,167,203,452,fuck
438,175,206,440,fuck
463,171,204,444,fuck
446,177,202,434,fuck
437,175,204,450,fuck
447,186,195,452,fuck
446,170,205,427,fuck
443,170,204,438,fuck
440,169,237,429,fuck
445,170,211,431,fuck
448,179,181,424,fuck
449,176,124,422,fuck
471,172,194,444,fuck
450,173,201,460,fuck
452,168,207,462,fuck
460,173,211,472,fuck
455,171,222,481,fuck
470,169,158,472,fuck
467,168,240,493,fuck
467,165,230,470,fuck
466,264,230,472,fuck
468,172,220,481,fuck
468,156,238,476,fuck
442,164,243,481,fuck
456,163,262,479,fuck
464,168,254,485,fuck
461,181,252,475,fuck
462,161,250,468,fuck
456,160,251,448,fuck
467,152,261,441,fuck
464,160,263,470,fuck
462,162,251,470,fuck
469,168,256,450,fuck
467,142,251,467,fuck
461,147,238,470,fuck
446,156,241,454,fuck
462,145,243,461,fuck
465,155,232,451,fuck
466,157,243,445,fuck
468,160,228,462,fuck
384,154,239,442,fuck
470,154,230,445,fuck
451,155,248,431,fuck
471,145,245,434,fuck
503,152,232,423,fuck
454,142,234,419,fuck
452,153,226,409,fuck
397,152,230,420,fuck
448,152,208,415,fuck
453,153,234,421,fuck
453,152,252,422,fuck
453,151,222,421,fuck
443,151,236,419,fuck
452,143,239,438,fuck
454,163,238,441,fuck
453,162,231,418,fuck
450,165,235,422,fuck
453,174,250,424,fuck
450,165,235,432,fuck
429,163,230,434,fuck
469,163,230,432,fuck
447,161,232,422,fuck
442,182,233,416,fuck
446,156,218,407,fuck
438,149,224,400,fuck
465,158,239,420,fuck
434,162,223,368,fuck
433,139,229,406,fuck
449,157,212,428,fuck
442,150,224,418,fuck
429,155,222,424,fuck
440,161,214,420,fuck
436,141,217,414,fuck
441,160,216,420,fuck
437,156,219,443,fuck
453,153,212,448,fuck
436,160,209,436,fuck
436,168,211,442,fuck
435,168,201,431,fuck
431,167,260,425,fuck
446,168,209,420,fuck
450,178,212,416,fuck
383,167,210,416,fuck
453,167,214,412,fuck
447,162,220,393,fuck
455,164,213,407,fuck
460,152,213,452,fuck
465,166,227,399,fuck
468,169,210,415,fuck
501,165,217,420,fuck
465,167,218,419,fuck
463,164,212,422,fuck
467,166,218,430,fuck
475,164,221,410,fuck
467,161,220,417,fuck
451,160,201,415,fuck
465,159,214,405,fuck
457,166,209,399,fuck
445,158,225,393,fuck
452,160,197,387,fuck
456,161,208,378,fuck
484,161,209,380,fuck
453,160,205,401,fuck
444,160,317,364,fuck
448,156,192,359,fuck
450,187,198,351,fuck
450,165,222,348,fuck
454,161,217,342,fuck
438,161,223,344,fuck
455,144,226,349,fuck
437,169,226,334,fuck
453,158,224,337,fuck
452,148,224,327,fuck
455,152,224,324,fuck
458,156,228,331,fuck
457,146,230,370,fuck
462,159,229,371,fuck
451,147,240,362,fuck
460,146,224,376,fuck
468,155,231,362,fuck
455,155,222,360,fuck
460,150,226,358,fuck
448,153,221,355,fuck
459,147,219,349,fuck
461,146,225,347,fuck
463,144,222,333,fuck
400,153,222,337,fuck
469,152,226,331,fuck
455,151,225,324,fuck
433,153,200,322,fuck
457,149,208,309,fuck
457,156,220,311,fuck
448,141,218,317,fuck
467,150,219,310,fuck
489,145,219,327,fuck
456,147,232,370,fuck
456,146,219,347,fuck
450,148,221,356,fuck
456,155,205,348,fuck
460,133,218,356,fuck
453,148,209,353,fuck
472,150,204,348,fuck
456,136,232,344,fuck
460,162,216,336,fuck
456,148,211,337,fuck
454,140,199,331,fuck
445,145,200,332,fuck
472,149,208,389,fuck
460,146,212,327,fuck
453,150,209,328,fuck
458,157,206,330,fuck
447,140,208,325,fuck
455,152,204,332,fuck
444,130,206,336,fuck
442,129,205,336,fuck
445,134,214,336,fuck
449,144,212,321,fuck
463,137,214,326,fuck
443,144,206,318,fuck
443,134,209,313,fuck
445,146,211,326,fuck
440,141,206,336,fuck
452,144,209,340,fuck
439,141,202,332,fuck
438,147,215,350,fuck
438,143,205,326,fuck
438,125,207,321,fuck
443,144,203,327,fuck
439,141,208,316,fuck
438,138,210,316,fuck
441,147,208,330,fuck
433,148,208,284,fuck
442,137,204,335,fuck
441,132,215,329,fuck
445,149,253,327,fuck
438,142,204,318,fuck
458,144,219,341,fuck
428,147,223,329,fuck
436,142,215,324,fuck
443,160,208,324,fuck
437,148,211,323,fuck
416,143,211,316,fuck
436,144,199,314,fuck
435,141,229,310,fuck
435,149,175,304,fuck
428,129,204,294,fuck
431,158,200,309,fuck
430,166,182,308,fuck
428,152,224,324,fuck
430,162,214,348,fuck
429,162,230,338,fuck
430,164,202,334,fuck
429,157,207,325,fuck
421,160,227,305,fuck
428,170,208,321,fuck
520,166,207,324,fuck
429,187,210,328,fuck
435,167,216,340,fuck
438,157,216,345,fuck
440,164,209,332,fuck
437,163,214,344,fuck
426,161,213,340,fuck
434,162,222,338,fuck
446,161,209,341,fuck
384,169,206,339,fuck
432,158,198,352,fuck
433,158,195,374,fuck
429,195,218,376,fuck
439,157,203,373,fuck
437,158,204,366,fuck
424,155,204,362,fuck
442,163,124,360,fuck
436,147,203,350,fuck
435,154,202,338,fuck
424,151,168,363,fuck
438,187,200,352,fuck
442,150,226,354,fuck
443,150,198,357,fuck
438,153,202,354,fuck
437,144,212,339,fuck
437,150,197,347,fuck
418,149,199,349,fuck
440,151,203,342,fuck
437,149,196,343,fuck
442,86,188,334,fuck
439,147,196,346,fuck
441,153,196,343,fuck
440,149,185,345,fuck
427,155,198,376,fuck
430,149,206,392,fuck
439,167,196,404,fuck
445,156,212,402,fuck
448,154,184,421,fuck
429,151,215,391,fuck
433,88,197,413,fuck
443,148,201,417,fuck
444,138,224,419,fuck
435,146,202,423,fuck
439,163,208,415,fuck
432,152,193,410,fuck
448,157,207,359,fuck
438,147,206,426,fuck
435,146,211,421,fuck
426,158,213,428,fuck
439,147,215,421,fuck
436,148,182,422,fuck
440,148,221,421,fuck
441,147,210,409,fuck
443,137,217,405,fuck
448,143,206,425,fuck
437,147,215,414,fuck
452,150,221,411,fuck
445,144,214,408,fuck
445,142,218,404,fuck
451,141,206,398,fuck
442,140,206,392,fuck
444,145,214,384,fuck
442,150,199,386,fuck
439,138,217,402,fuck
440,141,217,379,fuck
440,140,208,378,fuck
443,142,214,384,fuck
408,141,207,370,fuck
439,145,201,365,fuck
434,136,209,354,fuck
436,125,205,357,fuck
437,132,179,355,fuck
437,137,204,362,fuck
437,135,277,368,fuck
429,137,204,366,fuck
439,139,210,364,fuck
443,143,213,398,fuck
440,216,210,355,fuck
436,136,210,349,fuck
434,139,208,348,fuck
438,134,209,338,fuck
431,163,208,365,fuck
436,132,208,361,fuck
442,134,206,344,fuck
429,134,199,351,fuck
423,140,218,351,fuck
428,136,205,345,fuck
426,131,208,343,fuck
431,123,205,338,fuck
426,125,199,344,fuck
432,132,260,346,fuck
430,136,200,338,fuck
435,133,134,334,fuck
428,138,201,317,fuck
435,138,215,326,fuck
426,150,182,327,fuck
429,136,196,315,fuck
440,142,196,320,fuck
490,145,202,356,fuck
441,141,195,421,fuck
443,153,185,369,fuck
417,142,194,340,fuck
440,133,194,331,fuck
426,142,193,341,fuck
440,149,142,331,fuck
440,173,197,340,fuck
444,157,221,343,fuck
448,161,114,340,fuck
434,156,213,350,fuck
435,144,200,346,fuck
442,154,184,342,fuck
438,175,198,350,fuck
443,146,192,347,fuck
442,154,194,375,fuck
436,150,192,355,fuck
433,148,191,362,fuck
435,146,188,364,fuck
439,151,174,350,fuck
433,140,192,341,fuck
434,230,182,343,fuck
434,156,202,349,fuck
434,158,191,330,fuck
433,196,192,330,fuck
422,147,193,316,fuck
434,164,189,320,fuck
422,147,190,315,fuck
450,150,189,301,fuck
421,144,195,311,fuck
433,146,200,313,fuck
432,131,183,359,fuck
437,142,185,312,fuck
435,139,186,309,fuck
432,129,187,302,fuck
434,128,183,263,fuck
427,148,186,316,fuck
431,140,185,328,fuck
429,142,183,326,fuck
429,140,184,323,fuck
427,159,184,320,fuck
422,122,179,315,fuck
426,140,189,249,fuck
425,137,180,306,fuck
425,140,185,297,fuck
422,131,180,297,fuck
422,137,180,291,fuck
426,134,168,292,fuck
430,134,175,291,fuck
387,150,185,289,fuck
428,140,171,288,fuck
422,130,184,278,fuck
439,143,177,284,fuck
432,138,184,286,fuck
421,150,183,288,fuck
428,136,178,310,fuck
415,139,184,302,fuck
436,141,170,301,fuck
424,139,179,303,fuck
416,140,171,297,fuck
407,137,182,290,fuck
418,134,189,273,fuck
428,142,184,297,fuck
424,157,169,296,fuck
428,131,175,288,fuck
424,136,186,293,fuck
427,131,179,289,fuck
439,143,180,276,fuck
422,148,178,285,fuck
425,141,182,285,fuck
422,143,181,296,fuck
418,148,174,278,fuck
428,154,183,278,fuck
421,156,178,269,fuck
429,156,181,273,fuck
435,164,181,262,fuck
433,156,174,264,fuck
432,152,171,256,fuck
424,141,183,265,fuck
429,150,175,263,fuck
396,153,180,264,fuck
423,160,171,272,fuck
423,154,178,264,fuck
424,149,178,268,fuck
423,147,181,264,fuck
414,147,181,253,fuck
423,149,94,261,fuck
422,148,188,261,fuck
434,144,170,331,fuck
427,148,193,262,fuck
424,144,177,266,fuck
434,142,177,270,fuck
434,131,184,251,fuck
405,147,173,247,fuck
429,141,175,252,fuck
423,144,173,249,fuck
423,152,178,248,fuck
420,142,169,245,fuck
422,143,174,267,fuck
430,147,165,272,fuck
396,139,172,270,fuck
422,141,175,278,fuck
434,138,174,270,fuck
416,140,173,275,fuck
404,136,173,278,fuck
413,138,176,280,fuck
352,146,179,312,fuck
412,139,181,312,fuck
420,141,178,316,fuck
424,124,181,312,fuck
418,128,178,311,fuck
422,132,178,325,fuck
421,156,176,308,fuck
468,140,182,264,fuck
425,139,183,304,fuck
423,134,178,301,fuck
483,145,197,329,fuck
425,132,195,291,fuck
422,151,202,311,fuck
424,151,211,344,fuck
430,132,214,375,fuck
433,128,208,374,fuck
424,128,207,376,fuck
435,136,217,389,fuck
472,133,217,389,fuck
433,135,202,399,fuck
427,133,218,391,fuck
431,128,208,410,fuck
403,131,215,399,fuck
428,132,216,416,fuck
426,133,212,418,fuck
426,115,209,405,fuck
427,131,213,401,fuck
424,130,210,392,fuck
427,123,274,393,fuck
420,134,219,381,fuck
423,118,212,366,fuck
424,121,233,373,fuck
421,126,211,349,fuck
419,130,209,371,fuck
414,122,207,365,fuck
422,129,199,371,fuck
424,135,214,373,fuck
397,128,215,369,fuck
419,118,209,355,fuck
414,94,214,366,fuck
411,126,208,378,fuck
414,125,207,394,fuck
404,128,201,394,fuck
432,123,222,398,fuck
408,136,208,397,fuck
411,118,208,407,fuck
414,131,206,407,fuck
416,128,204,404,fuck
423,128,214,403,fuck
417,128,218,397,fuck
409,123,219,390,fuck
403,132,218,391,fuck
412,125,223,409,fuck
403,123,257,405,fuck
405,113,227,404,fuck
413,126,202,398,fuck
409,122,211,393,fuck
408,124,209,394,fuck
409,123,208,384,fuck
413,128,229,405,fuck
410,123,192,395,fuck
416,122,209,398,fuck
418,124,206,402,fuck
404,130,213,398,fuck
413,123,219,394,fuck
413,124,214,399,fuck
417,121,147,394,fuck
413,122,214,393,fuck
414,130,210,389,fuck
416,125,286,388,fuck
415,120,207,406,fuck
414,128,216,389,fuck
417,122,190,394,fuck
397,124,207,347,fuck
413,119,212,386,fuck
416,122,212,378,fuck
401,121,214,374,fuck
428,119,202,366,fuck
421,121,204,370,fuck
416,119,196,367,fuck
416,119,206,356,fuck
404,123,201,362,fuck
421,123,193,357,fuck
407,110,198,357,fuck
418,120,186,346,fuck
416,125,198,337,fuck
436,122,198,336,fuck
419,144,203,343,fuck
417,119,196,329,fuck
418,122,197,327,fuck
436,128,193,327,fuck
417,123,196,311,fuck
415,135,192,313,fuck
417,119,204,315,fuck
421,128,197,279,fuck
408,124,296,308,fuck
414,206,193,310,fuck
399,133,186,311,fuck
424,128,182,313,fuck
415,145,197,311,fuck
417,125,200,304,fuck
418,128,197,309,fuck
416,136,186,304,fuck
425,128,185,306,fuck
423,124,188,304,fuck
413,120,190,321,fuck
420,125,192,352,fuck
413,129,192,341,fuck
425,100,189,341,fuck
410,131,172,347,fuck
409,128,194,343,fuck
410,126,186,374,fuck
398,131,168,369,fuck
428,134,196,385,fuck
391,131,189,366,fuck
411,123,190,362,fuck
410,131,201,354,fuck
422,131,209,359,fuck
420,136,216,366,fuck
422,133,242,354,fuck
424,124,220,349,fuck
420,130,228,342,fuck
424,128,227,341,fuck
420,121,220,360,fuck
433,124,223,343,fuck
443,132,214,337,fuck
418,128,188,329,fuck
444,130,221,328,fuck
423,135,194,325,fuck
428,134,213,317,fuck
432,130,205,323,fuck
426,129,218,326,fuck
434,130,225,336,fuck
428,138,214,324,fuck
430,132,220,330,fuck
427,153,212,328,fuck
430,130,213,325,fuck
424,119,214,318,fuck
425,214,209,341,fuck
421,114,218,346,fuck
425,136,225,347,fuck
423,132,230,351,fuck
427,129,205,348,fuck
416,147,193,353,fuck
428,133,205,342,fuck
421,130,211,338,fuck
428,134,226,339,fuck
433,134,230,356,fuck
427,135,209,354,fuck
434,131,205,362,fuck
373,135,206,371,fuck
425,132,201,376,fuck
433,136,208,376,fuck
422,146,201,368,fuck
424,132,208,373,fuck
411,130,247,390,fuck
422,133,201,400,fuck
418,131,201,389,fuck
425,133,196,386,fuck
428,128,203,371,fuck
421,144,201,374,fuck
439,142,199,366,fuck
422,140,195,368,fuck
418,142,200,357,fuck
420,142,197,364,fuck
419,149,196,348,fuck
415,159,174,350,fuck
418,150,194,345,fuck
426,142,194,343,fuck
417,147,188,340,fuck
419,148,188,339,fuck
416,144,177,334,fuck
417,152,187,334,fuck
419,165,191,335,fuck
415,146,196,331,fuck
414,145,190,326,fuck
419,158,176,329,fuck
413,148,189,312,fuck
422,136,184,302,fuck
435,148,186,315,fuck
413,156,186,310,fuck
401,142,185,325,fuck
414,142,245,318,fuck
408,147,184,326,fuck
405,141,196,324,fuck
410,130,199,359,fuck
416,151,201,369,fuck
415,140,201,372,fuck
512,143,203,375,fuck
411,137,189,369,fuck
416,135,216,360,fuck
410,137,193,357,fuck
413,119,195,352,fuck
412,146,196,358,fuck
420,155,200,371,fuck
413,158,193,371,fuck
413,151,194,362,fuck
433,161,189,362,fuck
412,156,200,357,fuck
412,157,198,354,fuck
417,155,197,354,fuck
415,156,197,364,fuck
410,157,197,364,fuck
421,150,193,359,fuck
411,139,202,362,fuck
403,157,195,364,fuck
420,154,200,352,fuck
416,154,192,368,fuck
400,171,196,362,fuck
409,172,202,360,fuck
409,175,194,355,fuck
403,178,195,362,fuck
417,178,197,350,fuck
395,185,197,298,fuck
412,261,190,339,fuck
410,189,194,333,fuck
407,184,189,330,fuck
407,180,185,352,fuck
406,188,176,344,fuck
406,169,189,361,fuck
402,185,181,363,fuck
406,180,192,361,fuck
404,179,180,362,fuck
399,178,190,367,fuck
403,181,187,357,fuck
402,172,180,341,fuck
404,175,188,346,fuck
401,174,197,352,fuck
406,170,196,351,fuck
405,164,201,356,fuck
404,170,204,356,fuck
407,169,204,348,fuck
414,166,194,336,fuck
407,175,208,333,fuck
407,163,190,331,fuck
414,172,176,333,fuck
409,164,190,339,fuck
406,150,201,342,fuck
403,164,197,339,fuck
417,162,193,343,fuck
408,158,195,336,fuck
419,161,203,340,fuck
400,166,211,339,fuck
410,143,201,331,fuck
409,157,201,326,fuck
412,157,206,324,fuck
416,151,207,328,fuck
413,161,208,317,fuck
424,158,202,327,fuck
421,163,205,309,fuck
422,152,209,302,fuck
422,155,205,308,fuck
399,156,184,321,fuck
420,161,199,318,fuck
421,149,199,292,fuck
424,154,206,242,fuck
418,156,205,332,fuck
435,149,198,323,fuck
431,155,163,327,fuck
427,209,205,326,fuck
410,155,201,328,fuck
409,144,200,337,fuck
425,138,205,328,fuck
430,160,203,346,fuck
428,154,211,332,fuck
423,152,228,329,fuck
426,178,221,328,fuck
416,157,225,286,fuck
408,156,212,344,fuck
422,151,225,338,fuck
420,142,208,332,fuck
433,156,219,339,fuck
421,163,213,370,fuck
416,170,217,365,fuck
416,165,223,365,fuck
414,155,218,364,fuck
415,173,216,369,fuck
414,162,204,371,fuck
415,175,211,367,fuck
413,161,212,375,fuck
416,162,236,375,fuck
413,150,209,360,fuck
417,157,189,355,fuck
418,160,219,350,fuck
441,159,202,353,fuck
425,162,212,345,fuck
416,164,215,340,fuck
427,166,184,337,fuck
426,165,177,329,fuck
433,155,230,339,fuck
432,161,235,322,fuck
434,163,238,311,fuck
438,88,226,315,fuck
450,160,230,312,fuck
445,162,219,309,fuck
431,157,226,310,fuck
441,158,225,320,fuck
428,256,226,330,fuck
429,162,228,324,fuck
429,78,224,352,fuck
429,111,221,340,fuck
443,144,228,347,fuck
432,158,218,356,fuck
428,159,220,357,fuck
423,173,217,354,fuck
432,167,219,359,fuck
433,150,220,361,fuck
434,163,210,362,fuck
428,157,224,359,fuck
434,144,213,352,fuck
422,155,215,343,fuck
426,146,216,346,fuck
428,152,211,344,fuck
424,142,208,361,fuck
423,153,215,338,fuck
421,148,208,321,fuck
427,138,198,341,fuck
428,152,205,370,fuck
429,139,267,338,fuck
411,156,208,330,fuck
428,140,227,303,fuck
431,139,220,324,fuck
418,156,199,304,fuck
420,150,211,312,fuck
414,149,203,311,fuck
422,150,205,336,fuck
419,147,206,331,fuck
421,143,201,320,fuck
419,152,194,341,fuck
423,147,200,322,fuck
421,145,188,323,fuck
420,149,196,321,fuck
421,144,198,318,fuck
419,147,197,313,fuck
416,139,186,336,fuck
419,146,206,330,fuck
419,137,196,330,fuck
418,140,201,330,fuck
417,147,194,327,fuck
429,143,194,331,fuck
416,142,183,326,fuck
416,146,197,320,fuck
401,138,216,321,fuck
416,142,201,368,fuck
413,136,196,331,fuck
414,139,204,335,fuck
433,140,190,343,fuck
413,134,198,342,fuck
418,141,197,322,fuck
414,128,199,332,fuck
418,140,196,333,fuck
418,136,206,347,fuck
431,143,212,361,fuck
408,143,198,364,fuck
421,137,205,354,fuck
420,159,204,357,fuck
408,132,203,352,fuck
416,174,201,345,fuck
420,141,200,342,fuck
323,144,200,354,fuck
425,143,196,340,fuck
414,136,196,341,fuck
418,142,186,337,fuck
409,155,184,331,fuck
418,144,192,332,fuck
422,142,180,323,fuck
419,144,197,320,fuck
422,144,195,326,fuck
420,92,194,321,fuck
420,133,193,334,fuck
402,138,207,341,fuck
418,136,199,344,fuck
417,127,204,349,fuck
416,132,199,367,fuck
433,147,201,327,fuck
418,143,206,359,fuck
420,140,201,372,fuck
416,130,207,386,fuck
413,140,208,397,fuck
420,142,199,394,fuck
409,138,200,428,fuck
418,149,184,430,fuck
412,153,195,420,fuck
420,152,196,419,fuck
409,157,205,425,fuck
424,148,196,424,fuck
418,148,200,415,fuck
416,152,203,413,fuck
462,163,199,409,fuck
415,166,176,425,fuck
421,169,195,415,fuck
424,168,189,414,fuck
421,167,197,409,fuck
417,166,187,401,fuck
380,173,198,394,fuck
412,166,200,400,fuck
408,169,192,407,fuck
406,165,196,417,fuck
418,164,156,417,fuck
414,173,192,410,fuck
428,162,196,485,fuck
413,162,193,392,fuck
412,155,197,411,fuck
420,167,191,434,fuck
424,166,209,420,fuck
420,141,212,432,fuck
410,171,203,421,fuck
413,151,215,435,fuck
421,162,200,432,fuck
410,145,201,430,fuck
418,158,204,428,fuck
420,165,208,426,fuck
420,151,200,418,fuck
421,168,203,413,fuck
420,155,203,411,fuck
435,152,201,416,fuck
421,150,209,385,fuck
430,145,216,393,fuck
454,152,223,387,fuck
429,151,233,380,fuck
437,151,191,378,fuck
438,147,224,387,fuck
426,163,222,382,fuck
425,149,221,361,fuck
437,150,237,361,fuck
439,145,226,357,fuck
431,146,231,345,fuck
442,141,243,366,fuck
442,144,215,366,fuck
438,149,207,374,fuck
434,145,219,369,fuck
427,136,225,376,fuck
474,152,222,389,fuck
435,144,218,350,fuck
445,138,218,360,fuck
436,141,205,340,fuck
420,141,218,354,fuck
449,152,205,366,fuck
417,142,216,341,fuck
438,141,300,368,fuck
431,192,216,364,fuck
433,140,214,358,fuck
428,141,212,349,fuck
419,130,224,348,fuck
435,142,208,350,fuck
437,140,221,346,fuck
443,129,208,312,fuck
439,139,215,344,fuck
437,135,210,331,fuck
432,141,208,334,fuck
431,125,203,310,fuck
477,136,205,341,fuck
436,144,203,339,fuck
443,135,202,420,fuck
427,137,184,341,fuck
428,135,201,296,fuck
431,136,200,338,fuck
424,136,199,336,fuck
429,141,199,272,fuck
423,141,197,340,fuck
426,140,198,332,fuck
422,86,196,324,fuck
442,138,200,354,fuck
412,136,215,338,fuck
416,144,204,295,fuck
427,130,225,352,fuck
430,130,206,366,fuck
437,144,208,365,fuck
414,138,318,371,fuck
426,148,212,373,fuck
431,138,214,391,fuck
430,156,216,393,fuck
418,136,219,394,fuck
426,137,221,398,fuck
433,136,201,409,fuck
448,137,211,416,fuck
429,137,219,415,fuck
416,131,216,405,fuck
436,153,212,416,fuck
429,138,228,415,fuck
433,132,209,415,fuck
432,136,204,396,fuck
422,130,196,397,fuck
433,136,199,411,fuck
432,136,226,413,fuck
422,133,206,393,fuck
424,133,203,431,fuck
426,132,202,436,fuck
431,149,202,414,fuck
428,132,212,418,fuck
420,142,183,419,fuck
425,140,292,416,fuck
443,144,202,420,fuck
413,130,190,422,fuck
425,131,204,411,fuck
426,144,199,406,fuck
429,173,205,400,fuck
433,143,204,389,fuck
416,143,189,379,fuck
426,136,203,378,fuck
432,138,186,377,fuck
437,138,204,369,fuck
425,149,200,365,fuck
430,76,201,356,fuck
428,135,207,352,fuck
427,135,200,344,fuck
426,133,209,368,fuck
426,132,200,325,fuck
419,131,202,346,fuck
423,136,205,369,fuck
423,136,208,362,fuck
424,130,210,369,fuck
430,118,203,381,fuck
412,136,202,448,fuck
438,138,203,372,fuck
411,129,209,370,fuck
427,131,202,361,fuck
414,130,207,357,fuck
435,131,192,350,fuck
423,128,187,358,fuck
423,112,198,345,fuck
420,128,193,332,fuck
408,134,186,343,fuck
426,134,195,345,fuck
432,149,206,357,fuck
419,126,208,346,fuck
433,128,212,363,fuck
426,117,210,386,fuck
427,128,214,386,fuck
430,128,208,381,fuck
417,108,218,378,fuck
431,124,217,380,fuck
429,128,231,373,fuck
427,134,212,360,fuck
432,128,208,363,fuck
425,109,207,363,fuck
413,116,204,333,fuck
423,126,207,349,fuck
426,45,191,348,fuck
427,138,199,353,fuck
423,112,267,354,fuck
423,128,218,369,fuck
425,140,204,382,fuck
424,147,201,380,fuck
421,136,219,377,fuck
421,178,206,404,fuck
426,147,203,392,fuck
426,133,211,396,fuck
422,128,192,399,fuck
416,55,195,385,fuck
418,136,196,402,fuck
481,132,194,422,fuck
422,135,180,398,fuck
418,132,184,426,fuck
422,133,197,450,fuck
414,128,196,388,fuck
425,132,191,458,fuck
419,134,194,454,fuck
393,135,192,448,fuck
416,136,200,442,fuck
425,131,188,434,fuck
415,136,187,409,fuck
410,137,138,414,fuck
415,144,192,416,fuck
415,146,188,415,fuck
415,142,185,407,fuck
417,148,178,401,fuck
416,140,187,403,fuck
422,151,189,418,fuck
417,148,188,417,fuck
419,152,185,430,fuck
418,160,186,436,fuck
422,80,176,435,fuck
419,169,187,432,fuck
410,167,184,426,fuck
419,167,184,427,fuck
410,164,181,420,fuck
406,175,164,425,fuck
403,155,186,418,fuck
419,162,182,415,fuck
422,170,181,416,fuck
436,143,186,433,fuck
420,159,184,423,fuck
416,147,180,428,fuck
420,162,181,407,fuck
413,160,184,409,fuck
415,157,181,400,fuck
412,157,184,404,fuck
402,168,179,402,fuck
416,168,181,407,fuck
410,144,166,400,fuck
412,152,177,397,fuck
414,144,182,406,fuck
414,154,186,420,fuck
414,153,191,386,fuck
420,149,249,388,fuck
413,150,201,378,fuck
415,144,205,380,fuck
414,142,195,395,fuck
426,146,216,384,fuck
408,149,220,385,fuck
417,141,221,381,fuck
414,142,221,369,fuck
413,96,215,370,fuck
416,152,202,353,fuck
420,133,228,366,fuck
420,157,211,358,fuck
392,139,214,408,fuck
412,140,208,346,fuck
410,141,164,336,fuck
412,225,205,335,fuck
391,141,205,338,fuck
408,139,206,344,fuck
410,216,206,328,fuck
409,141,198,323,fuck
399,140,204,322,fuck
409,147,207,277,fuck
420,76,204,315,fuck
416,141,226,313,fuck
409,192,197,308,fuck
418,144,206,306,fuck
417,150,200,304,fuck
410,136,222,301,fuck
416,139,202,296,fuck
421,137,181,292,fuck
418,140,186,314,fuck
422,133,195,320,fuck
410,137,204,312,fuck
426,136,196,306,fuck
416,139,204,307,fuck
426,138,188,310,fuck
416,144,197,305,fuck
418,146,201,300,fuck
418,154,184,306,fuck
420,148,199,332,fuck
418,165,195,356,fuck
434,167,188,306,fuck
418,160,194,302,fuck
416,178,192,310,fuck
418,157,197,296,fuck
417,159,194,260,fuck
406,200,195,288,fuck
417,149,193,284,fuck
415,154,196,282,fuck
415,156,196,280,fuck
467,159,196,227,fuck
411,152,195,280,fuck
417,159,192,268,fuck
403,166,189,268,fuck
410,155,192,257,fuck
407,146,188,289,fuck
409,153,206,295,fuck
408,147,201,310,fuck
412,150,192,310,fuck
428,149,194,329,fuck
410,88,178,312,fuck
409,148,205,349,fuck
473,151,193,404,fuck
417,145,193,329,fuck
423,148,183,358,fuck
417,174,192,375,fuck
413,146,147,369,fuck
408,145,201,369,fuck
414,143,190,369,fuck
417,150,181,388,fuck
422,166,161,387,fuck
423,156,190,400,fuck
406,189,187,404,fuck
425,166,196,428,fuck
428,216,171,425,fuck
391,167,186,421,fuck
431,173,204,425,fuck
427,165,191,415,fuck
424,161,186,411,fuck
432,171,186,406,fuck
426,158,201,403,fuck
437,148,193,400,fuck
424,151,182,416,fuck
429,152,184,408,fuck
421,163,182,397,fuck
427,149,180,397,fuck
437,154,187,391,fuck
428,164,185,376,fuck
430,174,202,381,fuck
432,169,180,381,fuck
430,158,192,411,fuck
418,168,116,403,fuck
433,164,160,411,fuck
428,148,181,420,fuck
437,166,177,396,fuck
443,157,188,408,fuck
431,163,175,404,fuck
436,147,187,385,fuck
436,151,199,402,fuck
432,163,180,394,fuck
434,162,178,418,fuck
434,160,177,416,fuck
429,162,200,422,fuck
432,170,168,422,fuck
431,178,172,412,fuck
444,152,170,422,fuck
444,155,174,421,fuck
428,146,176,417,fuck
427,161,172,434,fuck
428,152,169,442,fuck
429,153,152,426,fuck
430,155,175,424,fuck
433,213,162,421,fuck
422,151,177,422,fuck
428,150,173,416,fuck
431,153,174,412,fuck
430,149,172,402,fuck
431,150,173,410,fuck
429,146,168,389,fuck
419,152,160,380,fuck
428,147,171,389,fuck
435,155,167,387,fuck
427,145,171,384,fuck
434,152,169,374,fuck
425,147,196,373,fuck
440,145,171,378,fuck
428,125,179,387,fuck
441,217,174,418,fuck
431,143,181,423,fuck
441,142,177,432,fuck
466,138,169,433,fuck
447,210,174,437,fuck
455,142,171,442,fuck
384,146,184,471,fuck
386,139,180,443,fuck
443,150,168,445,fuck
444,128,181,441,fuck
441,142,176,432,fuck
430,137,232,435,fuck
445,142,183,425,fuck
422,143,183,424,fuck
449,141,178,411,fuck
442,142,184,406,fuck
440,141,174,420,fuck
434,149,182,420,fuck
420,128,178,375,fuck
436,140,179,409,fuck
421,143,178,386,fuck
421,144,170,427,fuck
438,158,180,407,fuck
425,126,174,393,fuck
437,138,179,428,fuck
434,142,183,420,fuck
496,141,180,425,fuck
440,145,179,409,fuck
440,128,177,384,fuck
434,141,180,415,fuck
426,142,103,409,fuck
431,140,179,410,fuck
433,154,179,409,fuck
520,138,175,427,fuck
436,136,178,422,fuck
417,138,178,431,fuck
427,138,200,427,fuck
432,136,170,437,fuck
434,136,180,456,fuck
432,137,168,432,fuck
384,136,171,432,fuck
435,134,179,428,fuck
431,184,168,415,fuck
438,126,174,420,fuck
431,134,164,413,fuck
456,133,172,400,fuck
443,154,173,399,fuck
427,96,173,420,fuck
426,132,171,426,fuck
430,196,171,421,fuck
426,131,169,420,fuck
440,141,178,420,fuck
433,122,174,418,fuck
435,136,172,410,fuck
426,130,174,406,fuck
449,135,164,397,fuck
420,143,171,382,fuck
424,138,168,390,fuck
437,141,169,389,fuck
435,137,174,381,fuck
427,138,174,375,fuck
425,91,172,369,fuck
415,137,175,364,fuck
418,138,175,357,fuck
427,136,176,353,fuck
421,132,164,346,fuck
413,137,176,331,fuck
420,136,190,336,fuck
430,146,225,355,fuck
419,143,192,370,fuck
425,145,184,385,fuck
422,133,191,405,fuck
399,141,190,412,fuck
420,139,202,412,fuck
414,140,186,417,fuck
418,139,200,408,fuck
422,141,189,414,fuck
425,140,200,412,fuck
433,146,236,434,fuck
425,130,184,428,fuck
427,144,183,433,fuck
424,139,190,431,fuck
425,137,185,422,fuck
422,138,189,408,fuck
445,147,188,420,fuck
426,137,185,409,fuck
420,134,190,431,fuck
429,137,194,430,fuck
428,134,184,424,fuck
424,138,184,420,fuck
418,132,192,438,fuck
418,140,184,421,fuck
418,131,180,428,fuck
421,133,180,426,fuck
419,121,177,424,fuck
402,132,180,420,fuck
401,131,185,423,fuck
420,133,169,408,fuck
416,141,182,356,fuck
422,134,182,408,fuck
411,132,185,397,fuck
423,136,129,394,fuck
419,132,170,386,fuck
414,120,179,380,fuck
417,132,178,390,fuck
421,133,182,372,fuck
411,126,180,406,fuck
423,129,177,402,fuck
417,86,176,408,fuck
405,163,174,402,fuck
419,130,194,404,fuck
422,128,176,395,fuck
426,134,184,401,fuck
427,124,182,407,fuck
413,133,205,402,fuck
421,141,198,396,fuck
420,122,188,397,fuck
421,131,182,397,fuck
442,105,182,394,fuck
418,134,190,405,fuck
413,128,186,380,fuck
425,131,180,390,fuck
428,128,186,395,fuck
440,133,180,399,fuck
411,129,204,409,fuck
416,130,201,409,fuck
420,129,182,400,fuck
417,128,182,411,fuck
414,126,179,405,fuck
416,133,182,401,fuck
412,130,187,393,fuck
418,137,210,423,fuck
416,114,217,407,fuck
426,129,208,401,fuck
424,121,245,419,fuck
418,126,236,416,fuck
422,123,236,423,fuck
424,164,251,424,fuck
424,131,249,410,fuck
426,117,263,464,fuck
433,126,269,433,fuck
435,123,277,433,fuck
436,87,268,429,fuck
436,133,272,424,fuck
434,59,264,420,fuck
340,125,263,412,fuck
423,125,190,410,fuck
439,125,257,400,fuck
438,125,256,398,fuck
384,123,256,392,fuck
442,144,256,381,fuck
435,123,264,352,fuck
430,142,250,376,fuck
427,125,270,367,fuck
427,125,256,377,fuck
424,112,262,369,fuck
426,120,243,357,fuck
427,136,238,421,fuck
429,125,300,385,fuck
425,140,248,379,fuck
423,139,239,370,fuck
421,128,241,379,fuck
411,115,235,373,fuck
423,120,252,373,fuck
423,134,235,382,fuck
426,124,223,380,fuck
411,136,232,397,fuck
406,134,226,379,fuck
435,120,231,384,fuck
418,133,226,368,fuck
419,133,208,363,fuck
417,129,226,390,fuck
419,136,236,350,fuck
424,124,256,346,fuck
412,129,242,353,fuck
410,131,268,364,fuck
419,65,261,356,fuck
417,139,266,354,fuck
420,128,262,349,fuck
422,136,251,356,fuck
389,133,276,337,fuck
425,137,280,347,fuck
418,131,288,340,fuck
424,134,297,343,fuck
439,130,303,337,fuck
421,128,286,336,fuck
418,134,288,325,fuck
418,135,280,323,fuck
445,136,280,340,fuck
414,132,276,317,fuck
417,116,274,306,fuck
409,119,274,301,fuck
416,128,276,288,fuck
419,130,272,302,fuck
414,121,256,305,fuck
410,126,258,279,fuck
413,118,274,276,fuck
418,130,264,284,fuck
414,128,262,281,fuck
409,132,260,279,fuck
413,139,279,324,fuck
418,144,256,249,fuck
410,145,261,328,fuck
414,156,253,329,fuck
410,150,254,342,fuck
413,144,238,364,fuck
414,146,251,358,fuck
400,150,261,359,fuck
420,144,239,360,fuck
411,145,263,361,fuck
418,148,245,363,fuck
417,144,268,351,fuck
420,144,251,350,fuck
360,144,264,364,fuck
428,139,275,346,fuck
425,147,281,387,fuck
436,141,286,384,fuck
458,144,295,389,fuck
446,146,295,386,fuck
444,136,301,390,fuck
439,141,289,394,fuck
434,130,294,385,fuck
443,149,283,378,fuck
438,157,250,375,fuck
439,151,282,383,fuck
413,139,292,387,fuck
439,134,288,385,fuck
436,136,281,399,fuck
435,128,277,382,fuck
441,125,281,392,fuck
432,126,272,394,fuck
434,136,282,322,fuck
433,138,270,387,fuck
433,135,273,376,fuck
441,126,267,371,fuck
434,138,265,379,fuck
450,129,279,378,fuck
430,138,267,363,fuck
432,132,265,370,fuck
431,129,265,363,fuck
433,145,262,364,fuck
428,131,256,347,fuck
433,134,254,360,fuck
431,129,272,348,fuck
436,130,252,351,fuck
432,118,268,366,fuck
428,129,263,349,fuck
433,129,262,336,fuck
419,134,250,342,fuck
430,137,263,360,fuck
428,139,270,353,fuck
426,126,258,357,fuck
409,131,257,351,fuck
428,119,264,338,fuck
425,137,256,348,fuck
424,129,247,356,fuck
424,143,248,352,fuck
409,141,240,341,fuck
425,150,246,347,fuck
418,140,233,338,fuck
422,141,323,330,fuck
420,142,240,326,fuck
420,124,238,331,fuck
415,139,243,320,fuck
417,136,218,312,fuck
416,184,236,309,fuck
430,137,236,319,fuck
417,139,229,317,fuck
412,153,233,348,fuck
421,136,236,374,fuck
410,115,234,364,fuck
416,141,228,375,fuck
420,129,220,392,fuck
426,132,231,393,fuck
419,128,250,393,fuck
433,138,247,400,fuck
411,145,248,379,fuck
417,144,228,389,fuck
409,141,250,381,fuck
399,156,234,381,fuck
426,146,247,386,fuck
415,148,243,431,fuck
407,151,243,423,fuck
413,149,242,472,fuck
413,93,240,425,fuck
413,146,241,429,fuck
403,141,242,434,fuck
410,144,242,424,fuck
416,153,238,413,fuck
423,116,234,444,fuck
408,138,235,459,fuck
409,138,233,463,fuck
370,141,233,475,fuck
403,149,229,469,fuck
405,131,221,471,fuck
403,131,224,464,fuck
432,139,226,455,fuck
404,143,222,466,fuck
390,141,215,452,fuck
402,139,220,446,fuck
404,143,220,435,fuck
406,139,226,433,fuck
404,143,212,482,fuck
406,130,234,448,fuck
403,132,216,444,fuck
403,139,230,442,fuck
406,138,215,448,fuck
409,138,209,442,fuck
439,137,214,442,fuck
406,134,191,460,fuck
403,136,204,442,fuck
400,136,216,442,fuck
405,128,210,428,fuck
403,129,218,429,fuck
402,133,212,431,fuck
388,126,210,432,fuck
406,141,212,433,fuck
406,123,207,432,fuck
408,137,208,424,fuck
405,134,211,431,fuck
409,121,221,410,fuck
410,134,192,405,fuck
409,115,205,411,fuck
410,125,205,405,fuck
408,125,224,409,fuck
410,230,203,400,fuck
395,131,203,402,fuck
418,135,202,388,fuck
389,130,213,389,fuck
396,72,203,370,fuck
398,129,202,370,fuck
400,132,196,370,fuck
406,133,201,364,fuck
401,121,185,362,fuck
404,128,216,345,fuck
400,130,202,339,fuck
404,131,204,341,fuck
406,137,196,341,fuck
410,139,214,334,fuck
409,140,195,342,fuck
414,129,194,323,fuck
397,144,196,323,fuck
410,137,214,328,fuck
422,137,193,314,fuck
413,137,229,314,fuck
418,81,197,305,fuck
418,134,199,320,fuck
416,134,197,318,fuck
411,142,190,321,fuck
420,126,203,312,fuck
421,149,212,341,fuck
433,134,215,310,fuck
429,138,204,293,fuck
430,52,208,300,fuck
437,138,213,300,fuck
432,130,212,294,fuck
430,145,203,304,fuck
429,142,228,297,fuck
425,137,202,314,fuck
441,145,201,399,fuck
425,145,204,333,fuck
427,131,201,334,fuck
423,145,203,342,fuck
423,132,197,365,fuck
417,134,197,342,fuck
420,141,194,346,fuck
422,144,198,344,fuck
422,154,184,345,fuck
424,144,196,366,fuck
424,144,212,363,fuck
428,139,194,352,fuck
419,155,196,358,fuck
422,138,186,362,fuck
429,148,194,333,fuck
412,144,193,354,fuck
416,159,186,349,fuck
424,150,199,292,fuck
419,139,203,367,fuck
418,197,196,367,fuck
440,151,181,363,fuck
434,149,176,362,fuck
428,157,192,343,fuck
420,146,184,364,fuck
405,143,185,352,fuck
410,146,189,356,fuck
425,137,187,373,fuck
427,145,190,374,fuck
438,146,186,369,fuck
428,145,180,392,fuck
426,146,193,388,fuck
402,142,188,386,fuck
427,142,180,411,fuck
425,143,192,402,fuck
445,138,189,412,fuck
424,140,185,442,fuck
427,140,202,439,fuck
412,144,182,433,fuck
424,140,178,430,fuck
418,139,174,437,fuck
436,124,186,431,fuck
409,143,173,427,fuck
419,134,182,432,fuck
421,140,189,424,fuck
415,103,180,444,fuck
401,136,182,444,fuck
382,144,182,454,fuck
419,142,183,444,fuck
412,134,181,470,fuck
420,136,178,458,fuck
397,136,179,459,fuck
348,134,181,440,fuck
419,145,182,448,fuck
414,115,182,461,fuck
408,133,182,467,fuck
375,132,179,451,fuck
390,144,178,455,fuck
407,132,186,434,fuck
411,99,178,443,fuck
410,125,186,428,fuck
411,132,198,433,fuck
396,132,180,423,fuck
406,128,176,407,fuck
413,134,179,415,fuck
413,128,177,410,fuck
420,121,187,402,fuck
418,128,188,405,fuck
416,119,192,378,fuck
412,136,193,396,fuck
404,128,191,391,fuck
420,129,183,384,fuck
421,128,184,392,fuck
420,130,193,398,fuck
416,129,178,397,fuck
419,128,193,391,fuck
416,124,190,403,fuck
407,134,227,407,fuck
416,152,190,407,fuck
424,141,188,403,fuck
416,145,188,416,fuck
417,144,203,425,fuck
408,150,187,392,fuck
417,148,175,418,fuck
414,142,181,434,fuck
416,125,206,434,fuck
418,138,168,422,fuck
418,140,183,428,fuck
418,141,173,450,fuck
416,145,173,453,fuck
423,140,177,461,fuck
417,147,177,461,fuck
413,153,200,459,fuck
416,142,176,447,fuck
415,147,182,447,fuck
416,144,169,433,fuck
414,140,175,427,fuck
398,142,176,425,fuck
412,145,180,431,fuck
404,139,142,432,fuck
410,144,179,441,fuck
408,148,173,465,fuck
409,139,179,444,fuck
421,145,180,436,fuck
408,138,176,436,fuck
408,146,181,438,fuck
426,149,166,450,fuck
410,129,177,447,fuck
411,133,178,453,fuck
414,141,174,426,fuck
417,137,180,434,fuck
418,137,176,426,fuck
425,137,173,420,fuck
510,139,176,410,fuck
417,139,177,404,fuck
413,128,173,411,fuck
417,139,174,398,fuck
418,135,174,400,fuck
400,143,168,386,fuck
418,139,175,388,fuck
424,132,177,380,fuck
422,138,198,378,fuck
426,136,180,369,fuck
428,137,182,367,fuck
438,136,184,386,fuck
436,147,187,380,fuck
405,134,187,374,fuck
446,134,190,375,fuck
431,135,188,372,fuck
449,144,178,419,fuck
431,142,174,402,fuck
427,122,192,404,fuck
440,145,184,390,fuck
484,142,184,392,fuck
456,147,187,396,fuck
427,141,194,393,fuck
436,152,186,390,fuck
434,149,189,370,fuck
366,148,182,360,fuck
431,150,169,389,fuck
433,150,193,401,fuck
433,152,184,391,fuck
423,141,190,387,fuck
432,148,180,397,fuck
433,150,187,394,fuck
423,146,181,399,fuck
428,136,243,408,fuck
429,113,178,396,fuck
430,144,185,398,fuck
436,156,179,393,fuck
428,152,181,399,fuck
433,147,188,372,fuck
434,144,180,406,fuck
435,144,185,406,fuck
386,145,180,405,fuck
447,148,176,405,fuck
434,152,218,400,fuck
443,153,169,410,fuck
449,144,180,446,fuck
449,186,179,421,fuck
439,152,170,409,fuck
435,152,173,414,fuck
423,144,180,410,fuck
445,221,177,409,fuck
439,149,178,406,fuck
444,132,176,413,fuck
443,144,178,404,fuck
436,144,174,381,fuck
442,148,177,418,fuck
441,145,163,410,fuck
443,147,174,397,fuck
441,151,173,403,fuck
448,141,166,385,fuck
442,134,172,393,fuck
442,142,170,387,fuck
441,147,176,386,fuck
439,143,181,386,fuck
436,150,183,322,fuck
443,129,180,372,fuck
440,87,188,369,fuck
436,141,170,362,fuck
436,153,182,360,fuck
435,151,211,380,fuck
434,150,161,376,fuck
431,149,180,375,fuck
418,146,201,366,fuck
422,154,180,342,fuck
430,153,184,359,fuck
429,151,189,356,fuck
423,151,179,368,fuck
433,154,180,367,fuck
429,203,175,390,fuck
443,147,186,385,fuck
432,146,195,391,fuck
428,148,92,391,fuck
430,135,190,402,fuck
433,144,142,401,fuck
430,146,182,402,fuck
431,144,192,391,fuck
424,187,191,419,fuck
435,144,193,390,fuck
430,145,185,419,fuck
447,153,208,420,fuck
449,144,211,435,fuck
448,147,212,449,fuck
444,140,200,427,fuck
453,155,213,431,fuck
457,141,189,418,fuck
449,142,223,417,fuck
446,175,208,411,fuck
438,151,195,401,fuck
354,148,207,406,fuck
450,145,209,426,fuck
435,145,204,419,fuck
441,142,203,421,fuck
492,156,202,441,fuck
442,142,204,419,fuck
453,143,201,413,fuck
410,140,199,404,fuck
440,138,180,390,fuck
431,157,200,391,fuck
441,138,204,409,fuck
426,139,213,409,fuck
438,136,196,413,fuck
442,137,199,412,fuck
434,141,199,408,fuck
439,140,196,386,fuck
423,133,212,373,fuck
442,133,192,389,fuck
438,137,195,384,fuck
444,119,192,377,fuck
437,129,182,363,fuck
441,140,189,369,fuck
463,148,195,362,fuck
440,136,188,371,fuck
441,172,187,378,fuck
433,162,186,386,fuck
426,161,194,377,fuck
439,165,194,381,fuck
420,160,172,384,fuck
444,163,191,391,fuck
422,167,175,396,fuck
436,161,187,382,fuck
436,160,190,377,fuck
441,160,184,364,fuck
434,156,198,381,fuck
440,160,184,352,fuck
432,153,185,366,fuck
430,144,183,358,fuck
432,160,204,352,fuck
419,152,183,350,fuck
442,149,184,343,fuck
433,149,186,339,fuck
432,147,175,334,fuck
445,144,177,328,fuck
429,151,178,334,fuck
431,154,190,317,fuck
434,148,179,320,fuck
428,163,180,332,fuck
418,147,176,304,fuck
451,152,174,325,fuck
433,150,177,326,fuck
434,139,175,341,fuck
419,160,176,321,fuck
432,136,175,322,fuck
427,148,166,312,fuck
451,165,173,312,fuck
413,148,180,304,fuck
412,158,182,279,fuck
440,158,184,295,fuck
422,177,172,304,fuck
417,156,176,290,fuck
431,144,174,297,fuck
426,121,171,293,fuck
426,157,175,292,fuck
467,152,172,297,fuck
427,155,174,286,fuck
428,153,172,286,fuck
425,172,178,276,fuck
420,168,176,290,fuck
424,172,174,298,fuck
421,159,171,300,fuck
325,174,172,304,fuck
427,169,170,296,fuck
416,168,167,296,fuck
410,179,174,296,fuck
444,168,171,289,fuck
425,170,162,279,fuck
412,165,158,279,fuck
427,172,188,289,fuck
422,168,170,284,fuck
434,159,165,280,fuck
422,163,173,282,fuck
424,165,168,277,fuck
421,161,198,277,fuck
419,148,170,293,fuck
431,159,173,288,fuck
418,161,170,322,fuck
423,164,170,308,fuck
416,159,174,301,fuck
398,162,169,296,fuck
419,110,171,297,fuck
422,155,171,293,fuck
420,160,168,305,fuck
423,164,159,315,fuck
421,170,172,333,fuck
420,171,169,326,fuck
408,173,173,320,fuck
424,109,169,340,fuck
426,172,172,341,fuck
424,165,170,339,fuck
425,168,168,324,fuck
422,170,172,378,fuck
422,165,154,373,fuck
411,166,173,361,fuck
423,164,175,369,fuck
424,164,156,363,fuck
425,163,155,365,fuck
438,158,166,372,fuck
427,161,170,367,fuck
430,158,173,363,fuck
438,176,183,366,fuck
434,200,183,355,fuck
429,160,185,352,fuck
422,157,183,349,fuck
432,158,191,348,fuck
431,160,186,354,fuck
431,170,189,360,fuck
431,162,198,360,fuck
418,158,194,343,fuck
400,160,198,350,fuck
426,160,194,343,fuck
429,164,195,354,fuck
429,162,193,348,fuck
434,163,203,345,fuck
432,160,195,336,fuck
427,165,180,337,fuck
433,162,190,337,fuck
429,158,196,350,fuck
444,159,188,363,fuck
434,138,189,350,fuck
431,156,184,366,fuck
432,157,192,363,fuck
434,144,198,349,fuck
421,155,187,394,fuck
435,153,193,375,fuck
371,146,186,302,fuck
433,155,173,378,fuck
430,153,184,375,fuck
425,148,180,377,fuck
430,160,186,318,fuck
427,149,187,372,fuck
428,152,179,375,fuck
417,145,193,384,fuck
432,150,179,385,fuck
425,153,200,381,fuck
430,166,190,370,fuck
429,158,172,375,fuck
459,152,188,392,fuck
442,156,172,380,fuck
426,157,187,375,fuck
534,154,189,393,fuck
434,155,185,398,fuck
427,136,189,387,fuck
429,151,186,383,fuck
433,149,184,370,fuck
431,153,188,382,fuck
432,149,174,374,fuck
431,149,193,369,fuck
432,139,192,367,fuck
433,156,190,364,fuck
432,148,179,362,fuck
451,152,204,355,fuck
438,129,209,349,fuck
438,150,206,329,fuck
447,146,210,342,fuck
441,150,193,340,fuck
444,144,208,333,fuck
445,139,225,338,fuck
450,144,210,324,fuck
447,145,225,305,fuck
471,148,201,347,fuck
448,141,219,324,fuck
454,213,225,328,fuck
440,142,272,325,fuck
468,140,215,399,fuck
472,135,218,318,fuck
455,142,233,314,fuck
467,128,218,310,fuck
556,137,210,320,fuck
443,141,211,330,fuck
450,165,210,329,fuck
451,140,212,328,fuck
465,133,222,328,fuck
444,130,208,324,fuck
452,134,205,329,fuck
418,136,205,312,fuck
448,137,210,319,fuck
446,138,206,311,fuck
450,133,201,305,fuck
449,142,204,323,fuck
453,132,201,283,fuck
454,134,212,300,fuck
455,137,200,251,fuck
442,124,199,306,fuck
453,148,197,297,fuck
453,135,198,313,fuck
381,128,201,244,fuck
444,130,198,339,fuck
450,125,197,366,fuck
453,148,194,335,fuck
445,122,194,344,fuck
444,135,193,342,fuck
448,132,199,343,fuck
438,129,200,339,fuck
448,142,206,338,fuck
446,124,201,338,fuck
452,138,198,335,fuck
445,139,202,320,fuck
443,146,218,330,fuck
443,141,203,335,fuck
443,131,195,317,fuck
432,139,198,320,fuck
440,145,218,320,fuck
432,130,218,290,fuck
446,137,203,308,fuck
441,137,208,302,fuck
442,138,191,295,fuck
446,135,200,292,fuck
446,139,203,289,fuck
445,138,202,281,fuck
446,144,205,278,fuck
445,138,208,298,fuck
447,136,206,301,fuck
446,134,214,297,fuck
455,143,129,288,fuck
453,131,220,304,fuck
462,144,222,305,fuck
452,70,218,298,fuck
454,136,216,295,fuck
436,135,223,368,fuck
449,131,219,315,fuck
449,132,208,307,fuck
451,125,216,322,fuck
448,146,216,329,fuck
432,148,220,336,fuck
466,148,216,336,fuck
463,161,216,355,fuck
501,148,214,349,fuck
442,147,205,352,fuck
440,143,220,344,fuck
437,148,213,345,fuck
435,94,221,349,fuck
440,144,209,364,fuck
441,148,206,374,fuck
459,132,214,383,fuck
436,146,202,384,fuck
441,144,208,389,fuck
456,144,210,395,fuck
440,139,209,417,fuck
457,128,209,426,fuck
437,145,193,468,fuck
448,94,198,415,fuck
435,136,205,418,fuck
450,139,215,412,fuck
435,145,201,409,fuck
434,148,183,403,fuck
435,143,187,420,fuck
432,141,196,406,fuck
419,141,180,410,fuck
430,129,194,404,fuck
430,143,211,405,fuck
429,141,194,405,fuck
433,137,193,404,fuck
424,139,201,396,fuck
430,89,199,399,fuck
429,153,192,398,fuck
428,138,202,426,fuck
430,139,195,405,fuck
430,136,210,403,fuck
440,141,198,449,fuck
430,136,205,393,fuck
440,137,207,427,fuck
438,161,217,411,fuck
439,128,205,432,fuck
440,138,207,442,fuck
436,134,202,453,fuck
443,133,204,459,fuck
424,126,222,468,fuck
436,134,203,464,fuck
432,145,203,470,fuck
418,133,231,481,fuck
432,218,191,478,fuck
433,121,208,463,fuck
434,133,207,482,fuck
420,136,206,479,fuck
444,133,198,470,fuck
433,141,174,477,fuck
443,131,243,476,fuck
438,122,197,475,fuck
435,106,195,470,fuck
436,118,198,473,fuck
444,135,241,482,fuck
434,132,212,480,fuck
445,132,193,453,fuck
381,130,190,467,fuck
434,130,192,460,fuck
439,126,202,455,fuck
436,134,181,464,fuck
450,136,186,453,fuck
438,118,197,466,fuck
438,125,186,478,fuck
436,224,189,463,fuck
436,140,189,460,fuck
431,128,188,437,fuck
435,124,186,440,fuck
441,133,163,431,fuck
433,128,184,439,fuck
360,118,183,378,fuck
422,125,142,435,fuck
429,129,197,440,fuck
433,131,176,432,fuck
431,119,187,430,fuck
429,124,185,424,fuck
429,126,181,421,fuck
448,121,193,412,fuck
437,133,230,410,fuck
426,127,204,400,fuck
430,120,182,405,fuck
447,123,176,388,fuck
426,142,182,385,fuck
440,124,176,377,fuck
425,124,160,372,fuck
430,127,269,370,fuck
426,128,176,373,fuck
413,89,191,379,fuck
423,124,176,378,fuck
424,125,177,376,fuck
444,117,174,377,fuck
408,124,179,374,fuck
423,128,183,361,fuck
424,130,175,369,fuck
418,132,178,355,fuck
418,125,175,362,fuck
418,126,175,361,fuck
421,125,224,355,fuck
416,124,172,351,fuck
429,114,163,342,fuck
414,123,175,343,fuck
412,116,174,339,fuck
364,116,172,312,fuck
408,124,173,343,fuck
392,126,175,331,fuck
399,124,172,331,fuck
416,120,166,326,fuck
417,112,175,332,fuck
422,128,174,327,fuck
408,126,182,325,fuck
420,129,182,323,fuck
421,128,113,320,fuck
417,144,184,339,fuck
414,122,190,341,fuck
414,125,180,352,fuck
420,128,185,358,fuck
424,119,178,368,fuck
427,125,180,364,fuck
423,124,179,361,fuck
422,143,171,359,fuck
421,112,168,354,fuck
424,113,177,348,fuck
424,123,170,340,fuck
423,121,170,340,fuck
420,131,177,274,fuck
421,122,176,327,fuck
423,128,175,332,fuck
422,130,180,318,fuck
371,122,173,331,fuck
423,124,177,316,fuck
419,119,181,310,fuck
432,125,173,320,fuck
426,122,187,300,fuck
425,128,171,311,fuck
412,128,163,330,fuck
417,132,173,322,fuck
424,124,157,312,fuck
412,118,182,316,fuck
421,122,178,324,fuck
417,121,166,336,fuck
426,128,178,274,fuck
417,126,174,392,fuck
412,134,175,345,fuck
415,125,179,349,fuck
419,123,172,349,fuck
431,123,177,343,fuck
421,123,193,359,fuck
426,135,190,338,fuck
420,140,172,330,fuck
425,152,187,330,fuck
413,154,182,332,fuck
428,153,188,327,fuck
421,164,184,333,fuck
424,156,176,329,fuck
429,156,188,329,fuck
428,154,187,325,fuck
429,149,195,327,fuck
425,152,196,344,fuck
423,143,180,317,fuck
441,151,180,335,fuck
438,169,185,340,fuck
427,144,195,329,fuck
430,158,184,340,fuck
425,157,189,332,fuck
443,151,192,326,fuck
434,161,181,337,fuck
435,144,207,334,fuck
436,151,229,333,fuck
427,152,170,340,fuck
430,154,204,359,fuck
413,164,196,374,fuck
428,148,206,358,fuck
433,150,182,352,fuck
432,131,200,347,fuck
432,154,198,345,fuck
436,147,211,341,fuck
439,154,206,338,fuck
435,174,212,346,fuck
440,157,230,364,fuck
441,152,226,360,fuck
438,202,212,360,fuck
437,155,205,356,fuck
428,157,201,358,fuck
375,155,202,353,fuck
426,168,215,341,fuck
447,257,214,347,fuck
446,155,230,358,fuck
456,169,223,369,fuck
458,168,234,360,fuck
458,167,302,365,fuck
461,158,245,369,fuck
482,166,228,374,fuck
463,177,240,364,fuck
468,164,242,359,fuck
505,168,232,374,fuck
472,162,274,361,fuck
474,163,256,374,fuck
481,156,262,373,fuck
466,153,267,356,fuck
478,173,258,378,fuck
480,155,256,378,fuck
480,162,256,386,fuck
470,156,253,373,fuck
474,166,252,387,fuck
467,153,249,389,fuck
467,152,247,380,fuck
460,151,209,382,fuck
469,148,251,387,fuck
469,156,239,393,fuck
471,150,273,390,fuck
471,157,268,379,fuck
475,146,279,377,fuck
475,150,270,429,fuck
471,161,261,400,fuck
456,148,264,386,fuck
481,138,266,384,fuck
477,148,258,384,fuck
466,150,270,398,fuck
462,165,248,404,fuck
465,147,246,394,fuck
467,150,259,316,fuck
463,150,252,397,fuck
457,145,266,404,fuck
462,148,247,404,fuck
458,132,250,400,fuck
470,143,244,393,fuck
389,144,244,368,fuck
456,133,256,376,fuck
454,149,242,387,fuck
450,140,241,390,fuck
454,176,240,412,fuck
451,141,244,407,fuck
452,148,242,416,fuck
449,142,229,400,fuck
449,141,234,402,fuck
448,138,239,392,fuck
447,157,232,394,fuck
447,140,221,382,fuck
444,149,229,379,fuck
464,139,232,389,fuck
447,135,218,373,fuck
444,133,213,368,fuck
436,139,228,366,fuck
436,142,220,368,fuck
463,116,224,389,fuck
441,135,209,390,fuck
459,117,232,396,fuck
439,153,202,384,fuck
446,136,233,380,fuck
370,137,235,362,fuck
438,142,249,369,fuck
447,115,242,368,fuck
454,132,244,369,fuck
455,124,256,353,fuck
451,123,243,363,fuck
452,142,246,351,fuck
453,117,253,361,fuck
453,137,239,350,fuck
433,133,223,354,fuck
458,132,235,337,fuck
452,145,254,345,fuck
467,132,237,339,fuck
445,134,252,350,fuck
444,129,239,327,fuck
449,138,233,320,fuck
450,139,226,320,fuck
449,126,236,342,fuck
439,140,238,336,fuck
437,125,272,340,fuck
438,133,236,343,fuck
440,126,238,350,fuck
439,130,227,350,fuck
431,128,227,363,fuck
441,131,221,362,fuck
428,126,235,368,fuck
430,112,230,370,fuck
438,128,222,369,fuck
426,124,229,356,fuck
439,138,222,352,fuck
438,147,224,349,fuck
436,135,219,332,fuck
423,139,219,339,fuck
436,213,216,336,fuck
415,132,212,340,fuck
431,150,221,329,fuck
433,136,210,328,fuck
432,134,214,341,fuck
426,134,225,331,fuck
434,131,211,338,fuck
434,132,212,339,fuck
440,122,203,340,fuck
432,137,214,336,fuck
432,130,215,350,fuck
424,128,218,345,fuck
429,98,210,346,fuck
431,131,206,344,fuck
424,130,216,350,fuck
440,122,208,347,fuck
445,146,212,344,fuck
440,121,204,357,fuck
432,130,210,351,fuck
439,116,215,340,fuck
432,131,205,350,fuck
454,129,206,356,fuck
454,128,223,366,fuck
467,135,231,341,fuck
467,134,251,346,fuck
470,122,251,342,fuck
461,129,192,331,fuck
484,136,229,357,fuck
463,139,229,350,fuck
465,142,239,353,fuck
463,162,229,355,fuck
477,150,223,361,fuck
461,149,222,355,fuck
449,145,230,352,fuck
462,151,225,342,fuck
467,148,215,342,fuck
459,146,221,333,fuck
456,147,231,329,fuck
429,154,219,322,fuck
452,146,219,323,fuck
456,136,218,315,fuck
454,146,224,312,fuck
437,141,217,309,fuck
457,139,214,304,fuck
453,137,213,304,fuck
455,146,214,298,fuck
445,140,213,296,fuck
458,141,212,292,fuck
450,139,208,289,fuck
452,131,210,282,fuck
448,148,214,278,fuck
452,132,203,292,fuck
450,147,202,277,fuck
449,139,257,270,fuck
449,134,192,266,fuck
443,138,206,268,fuck
445,130,202,259,fuck
441,50,202,259,fuck
442,138,184,252,fuck
457,141,192,279,fuck
440,137,195,277,fuck
442,139,201,278,fuck
441,137,201,278,fuck
447,134,198,276,fuck
438,128,192,280,fuck
431,133,194,260,fuck
432,130,194,268,fuck
441,137,192,250,fuck
436,133,194,279,fuck
542,132,194,280,fuck
436,135,190,296,fuck
437,148,191,299,fuck
440,136,189,299,fuck
438,124,199,305,fuck
438,133,184,299,fuck
432,96,204,294,fuck
434,132,192,299,fuck
430,124,187,294,fuck
410,130,169,288,fuck
435,132,198,288,fuck
430,132,209,288,fuck
443,117,198,281,fuck
432,135,182,280,fuck
427,118,179,312,fuck
425,129,185,296,fuck
433,115,198,305,fuck
427,120,182,307,fuck
436,128,179,304,fuck
346,134,184,311,fuck
424,132,181,325,fuck
426,136,184,326,fuck
424,140,186,324,fuck
428,133,178,315,fuck
422,172,183,320,fuck
418,133,181,307,fuck
419,126,198,321,fuck
430,136,171,341,fuck
433,138,181,377,fuck
423,134,180,378,fuck
436,140,166,384,fuck
432,134,179,402,fuck
434,139,195,409,fuck
417,137,193,393,fuck
429,139,164,401,fuck
428,139,168,411,fuck
428,139,173,406,fuck
429,129,185,425,fuck
425,137,174,430,fuck
428,138,177,422,fuck
428,141,140,420,fuck
333,137,175,420,fuck
419,184,181,402,fuck
415,136,167,407,fuck
418,136,170,405,fuck
434,135,171,397,fuck
422,154,177,426,fuck
418,136,172,382,fuck
422,136,174,428,fuck
423,134,158,432,fuck
424,134,170,427,fuck
412,139,171,411,fuck
415,131,169,416,fuck
425,130,185,411,fuck
423,130,173,410,fuck
422,132,172,437,fuck
421,131,164,433,fuck
416,132,158,431,fuck
417,133,170,433,fuck
425,146,173,430,fuck
435,132,175,441,fuck
428,138,85,418,fuck
434,138,172,423,fuck
427,130,175,420,fuck
410,133,175,405,fuck
432,113,179,401,fuck
424,134,183,407,fuck
433,121,182,405,fuck
418,134,178,393,fuck
430,131,182,411,fuck
440,130,176,415,fuck
428,73,182,406,fuck
429,146,174,421,fuck
430,143,184,419,fuck
433,123,181,416,fuck
452,125,187,414,fuck
457,128,182,419,fuck
440,126,180,406,fuck
433,128,176,424,fuck
441,126,181,420,fuck
441,132,184,426,fuck
441,125,184,426,fuck
438,114,179,426,fuck
432,139,179,426,fuck
441,125,175,429,fuck
436,124,178,413,fuck
436,112,174,419,fuck
432,134,184,419,fuck
436,129,194,409,fuck
411,134,180,401,fuck
429,142,164,404,fuck
436,133,187,410,fuck
440,141,178,380,fuck
438,125,176,384,fuck
446,66,161,374,fuck
437,133,175,388,fuck
439,118,205,420,fuck
417,136,186,410,fuck
431,169,176,409,fuck
431,134,172,404,fuck
425,110,167,402,fuck
437,121,174,401,fuck
429,127,171,389,fuck
433,128,176,390,fuck
440,139,174,379,fuck
436,132,176,373,fuck
438,130,180,406,fuck
440,128,184,369,fuck
439,125,180,370,fuck
464,128,185,363,fuck
440,125,185,370,fuck
438,126,180,382,fuck
432,129,201,372,fuck
437,128,176,373,fuck
432,126,182,365,fuck
432,122,184,368,fuck
412,153,181,376,fuck
431,122,183,369,fuck
431,126,240,380,fuck
426,140,176,376,fuck
451,132,183,386,fuck
376,124,176,375,fuck
429,124,179,397,fuck
425,130,177,395,fuck
435,123,180,384,fuck
444,124,178,390,fuck
419,119,156,382,fuck
433,126,187,314,fuck
434,123,180,370,fuck
440,124,199,375,fuck
445,116,177,370,fuck
440,130,200,355,fuck
459,117,194,351,fuck
444,128,181,346,fuck
434,121,182,348,fuck
431,121,173,351,fuck
429,115,181,354,fuck
431,122,176,346,fuck
436,130,173,343,fuck
432,115,182,339,fuck
435,140,193,339,fuck
432,138,186,330,fuck
436,140,183,329,fuck
479,141,185,345,fuck
350,137,184,275,fuck
433,141,192,346,fuck
435,138,201,338,fuck
434,147,186,292,fuck
429,143,181,334,fuck
430,137,179,334,fuck
425,137,184,344,fuck
424,138,181,326,fuck
427,138,180,320,fuck
428,134,183,330,fuck
434,133,178,318,fuck
428,125,176,315,fuck
435,123,190,309,fuck
423,133,178,319,fuck
431,139,197,298,fuck
423,139,200,304,fuck
432,139,175,320,fuck
430,138,177,312,fuck
434,138,174,309,fuck
433,141,178,302,fuck
441,158,175,302,fuck
435,133,178,299,fuck
434,138,175,294,fuck
422,140,177,239,fuck
437,148,177,276,fuck
436,149,174,307,fuck
426,146,174,326,fuck
439,144,178,328,fuck
433,145,289,321,fuck
433,137,182,345,fuck
440,143,189,322,fuck
459,156,185,347,fuck
441,149,184,337,fuck
429,144,200,312,fuck
448,150,180,333,fuck
426,151,191,311,fuck
437,144,179,338,fuck
432,149,189,336,fuck
441,141,193,330,fuck
435,148,193,329,fuck
427,147,174,334,fuck
440,150,186,330,fuck
443,147,192,329,fuck
479,147,185,327,fuck
445,148,189,327,fuck
451,158,176,341,fuck
441,145,189,346,fuck
440,151,184,340,fuck
440,145,182,340,fuck
445,161,176,349,fuck
432,158,190,345,fuck
434,165,183,344,fuck
442,165,177,375,fuck
430,166,185,360,fuck
429,166,165,353,fuck
438,162,178,355,fuck
445,161,167,352,fuck
428,160,181,357,fuck
427,154,182,363,fuck
427,157,170,355,fuck
404,158,184,374,fuck
430,239,173,392,fuck
428,170,161,388,fuck
406,154,184,394,fuck
422,173,193,390,fuck
429,145,193,392,fuck
435,155,200,406,fuck
423,190,202,414,fuck
430,150,183,413,fuck
426,148,203,404,fuck
436,152,211,401,fuck
443,168,213,400,fuck
441,148,210,393,fuck
447,153,220,393,fuck
442,152,217,385,fuck
451,150,211,395,fuck
445,157,212,376,fuck
450,157,221,388,fuck
449,165,216,415,fuck
447,168,211,406,fuck
451,172,214,412,fuck
449,164,211,410,fuck
446,164,209,411,fuck
447,158,206,440,fuck
393,169,205,408,fuck
448,164,200,399,fuck
450,163,201,402,fuck
449,169,217,350,fuck
431,169,217,398,fuck
449,166,212,395,fuck
450,169,205,384,fuck
451,100,205,385,fuck
449,162,220,392,fuck
445,162,206,374,fuck
466,162,204,365,fuck
455,161,179,357,fuck
449,164,222,359,fuck
448,144,195,354,fuck
440,162,198,349,fuck
446,160,197,348,fuck
445,163,200,338,fuck
448,154,197,330,fuck
449,154,215,328,fuck
449,147,222,325,fuck
456,156,126,338,fuck
451,160,212,360,fuck
449,152,224,359,fuck
453,153,223,373,fuck
436,151,223,354,fuck
447,151,223,360,fuck
446,151,213,377,fuck
468,149,224,383,fuck
434,161,216,375,fuck
445,147,220,384,fuck
442,149,240,393,fuck
444,148,216,385,fuck
441,189,219,398,fuck
458,145,213,393,fuck
442,144,241,388,fuck
441,150,193,385,fuck
442,133,210,384,fuck
445,136,212,386,fuck
432,144,208,382,fuck
432,138,210,395,fuck
437,144,209,361,fuck
426,144,207,398,fuck
452,141,205,361,fuck
432,142,206,357,fuck
435,143,223,355,fuck
437,145,199,345,fuck
438,138,209,344,fuck
439,150,199,337,fuck
450,147,184,333,fuck
430,131,215,329,fuck
429,148,203,325,fuck
431,145,184,315,fuck
433,148,195,340,fuck
433,138,195,336,fuck
436,137,212,339,fuck
417,152,211,359,fuck
425,148,190,369,fuck
420,142,198,362,fuck
429,151,194,361,fuck
426,153,197,293,fuck
405,144,187,354,fuck
421,154,176,364,fuck
409,142,190,354,fuck
412,126,199,348,fuck
420,144,186,369,fuck
422,144,214,364,fuck
421,143,186,366,fuck
424,141,203,361,fuck
426,139,203,359,fuck
422,140,204,351,fuck
417,142,218,347,fuck
418,138,204,336,fuck
422,148,204,343,fuck
424,172,203,356,fuck
420,140,204,352,fuck
425,133,217,345,fuck
421,137,200,349,fuck
408,139,198,342,fuck
422,137,191,341,fuck
422,138,211,350,fuck
418,132,219,310,fuck
429,156,197,328,fuck
419,124,197,328,fuck
518,136,200,343,fuck
422,134,218,348,fuck
424,169,195,336,fuck
422,136,194,336,fuck
424,132,186,328,fuck
429,133,213,333,fuck
431,125,220,342,fuck
422,129,224,331,fuck
424,135,237,373,fuck
442,161,225,362,fuck
429,136,216,359,fuck
410,128,221,378,fuck
437,143,221,351,fuck
422,160,222,337,fuck
428,148,220,356,fuck
424,146,214,375,fuck
426,138,217,360,fuck
421,151,214,369,fuck
426,145,218,353,fuck
425,146,205,354,fuck
415,144,201,363,fuck
461,143,213,366,fuck
430,141,217,357,fuck
424,156,217,352,fuck
427,141,219,348,fuck
428,144,221,346,fuck
415,142,225,342,fuck
428,149,215,342,fuck
423,141,217,325,fuck
426,159,217,328,fuck
420,160,216,329,fuck
423,155,212,320,fuck
421,160,229,353,fuck
438,169,211,357,fuck
426,166,202,368,fuck
426,168,208,365,fuck
428,160,209,367,fuck
426,171,212,294,fuck
423,165,208,366,fuck
420,165,196,368,fuck
422,156,231,347,fuck
425,164,215,368,fuck
416,163,223,369,fuck
417,172,229,395,fuck
432,167,214,394,fuck
416,166,230,396,fuck
438,162,235,386,fuck
424,167,232,390,fuck
448,164,232,379,fuck
372,167,217,369,fuck
427,147,233,372,fuck
425,162,229,392,fuck
422,161,250,387,fuck
420,150,223,376,fuck
424,174,229,382,fuck
410,161,223,384,fuck
412,157,221,367,fuck
421,146,226,398,fuck
420,163,215,390,fuck
438,166,220,390,fuck
444,160,218,405,fuck
441,158,231,405,fuck
422,160,216,394,fuck
432,160,212,412,fuck
417,157,209,401,fuck
449,162,217,404,fuck
425,156,216,398,fuck
430,154,224,325,fuck
431,156,267,392,fuck
414,153,213,385,fuck
428,167,206,392,fuck
416,157,210,382,fuck
426,153,220,373,fuck
426,249,213,370,fuck
426,149,231,362,fuck
439,148,216,359,fuck
419,148,214,356,fuck
426,150,224,369,fuck
426,152,213,348,fuck
429,154,217,351,fuck
428,147,209,364,fuck
415,148,210,362,fuck
426,148,211,358,fuck
430,144,208,380,fuck
425,146,214,373,fuck
436,130,208,372,fuck
437,147,210,361,fuck
439,144,205,377,fuck
364,146,207,380,fuck
435,140,204,388,fuck
441,151,201,365,fuck
427,140,203,369,fuck
435,150,198,366,fuck
443,141,214,367,fuck
436,136,199,363,fuck
430,151,192,366,fuck
428,138,200,352,fuck
425,139,198,359,fuck
414,143,206,352,fuck
425,145,198,349,fuck
428,140,203,355,fuck
425,133,202,381,fuck
431,146,208,346,fuck
432,143,206,332,fuck
433,146,201,334,fuck
422,143,208,332,fuck
433,141,190,327,fuck
425,142,208,323,fuck
421,143,205,301,fuck
426,135,207,314,fuck
430,133,204,325,fuck
387,143,204,336,fuck
428,139,256,332,fuck
431,145,190,325,fuck
428,142,185,318,fuck
428,128,205,308,fuck
430,125,204,326,fuck
434,139,202,318,fuck
424,141,307,314,fuck
433,135,198,308,fuck
435,139,199,314,fuck
431,143,201,330,fuck
417,147,212,323,fuck
436,126,172,336,fuck
433,136,196,334,fuck
423,144,203,337,fuck
433,129,194,336,fuck
429,144,202,342,fuck
447,145,182,339,fuck
412,141,196,336,fuck
432,139,194,357,fuck
425,139,194,357,fuck
412,133,226,358,fuck
428,142,198,347,fuck
418,144,213,352,fuck
422,139,194,341,fuck
423,151,192,336,fuck
424,132,189,346,fuck
423,138,192,348,fuck
428,120,191,355,fuck
424,138,178,366,fuck
425,153,193,346,fuck
427,132,184,352,fuck
432,134,188,348,fuck
427,132,165,338,fuck
426,128,187,345,fuck
438,132,196,338,fuck
423,134,179,352,fuck
425,226,185,349,fuck
428,134,188,353,fuck
429,132,186,344,fuck
434,140,163,339,fuck
427,147,185,336,fuck
431,132,184,330,fuck
420,132,193,329,fuck
428,132,183,330,fuck
444,137,180,320,fuck
427,129,170,340,fuck
432,139,187,261,fuck
428,125,183,332,fuck
423,130,183,328,fuck
410,129,182,325,fuck
424,144,181,321,fuck
403,129,186,326,fuck
425,128,177,311,fuck
413,132,184,292,fuck
419,119,177,321,fuck
423,128,182,320,fuck
457,124,178,314,fuck
423,121,167,308,fuck
413,117,193,306,fuck
424,117,177,304,fuck
422,133,178,297,fuck
339,125,176,292,fuck
418,129,176,304,fuck
420,126,178,317,fuck
421,125,176,312,fuck
423,129,170,305,fuck
414,132,178,317,fuck
372,137,180,305,fuck
430,123,179,327,fuck
425,129,183,315,fuck
425,113,174,308,fuck
427,131,182,307,fuck
426,134,171,301,fuck
425,145,179,310,fuck
422,130,176,305,fuck
404,130,176,310,fuck
429,128,181,310,fuck
423,128,174,303,fuck
418,124,176,303,fuck
433,137,177,314,fuck
425,99,175,322,fuck
425,126,182,314,fuck
401,128,175,301,fuck
422,129,175,316,fuck
427,137,192,318,fuck
425,140,199,312,fuck
439,160,166,315,fuck
418,177,172,294,fuck
407,171,172,318,fuck
419,165,174,333,fuck
420,159,177,337,fuck
423,172,184,344,fuck
422,164,171,343,fuck
418,182,174,342,fuck
424,152,171,336,fuck
426,164,176,331,fuck
412,162,176,327,fuck
425,164,169,336,fuck
424,164,166,350,fuck
426,164,162,355,fuck
421,161,198,341,fuck
430,161,179,365,fuck
425,159,182,365,fuck
430,158,175,375,fuck
427,149,181,388,fuck
419,157,174,382,fuck
423,161,177,410,fuck
428,181,176,411,fuck
429,162,175,415,fuck
418,170,178,416,fuck
425,160,122,401,fuck
425,158,170,398,fuck
416,152,182,392,fuck
448,167,171,390,fuck
431,169,177,392,fuck
434,174,121,386,fuck
429,172,178,385,fuck
435,195,193,374,fuck
434,234,197,377,fuck
430,193,198,361,fuck
433,193,207,364,fuck
409,204,201,360,fuck
448,205,196,356,fuck
426,214,199,354,fuck
429,198,221,365,fuck
432,191,210,412,fuck
427,190,211,377,fuck
448,201,202,382,fuck
426,210,192,380,fuck
422,191,201,397,fuck
426,198,199,396,fuck
423,189,209,382,fuck
418,200,222,385,fuck
422,200,202,377,fuck
420,195,195,381,fuck
422,193,199,380,fuck
430,194,202,320,fuck
422,209,196,377,fuck
417,190,201,366,fuck
422,232,197,373,fuck
418,187,208,382,fuck
413,179,188,368,fuck
422,185,181,353,fuck
430,186,210,349,fuck
430,182,182,368,fuck
429,173,209,356,fuck
429,179,186,366,fuck
432,181,185,366,fuck
431,180,177,360,fuck
436,179,177,357,fuck
437,219,198,343,fuck
451,171,194,345,fuck
440,182,108,346,fuck
439,179,178,332,fuck
436,174,176,331,fuck
416,169,173,326,fuck
453,177,187,323,fuck
438,166,207,322,fuck
436,162,195,318,fuck
424,168,176,312,fuck
437,157,202,300,fuck
437,168,196,315,fuck
433,168,204,314,fuck
443,172,217,327,fuck
443,167,219,305,fuck
448,159,226,304,fuck
449,154,228,305,fuck
449,168,248,296,fuck
444,158,213,313,fuck
444,155,216,317,fuck
439,165,222,331,fuck
431,163,227,324,fuck
447,165,221,321,fuck
452,158,202,313,fuck
445,158,219,293,fuck
436,159,213,310,fuck
438,158,251,331,fuck
424,152,220,346,fuck
436,159,215,333,fuck
427,150,220,333,fuck
429,151,212,337,fuck
490,168,214,359,fuck
429,154,209,332,fuck
428,162,209,342,fuck
436,158,259,322,fuck
430,146,208,318,fuck
420,150,171,312,fuck
427,147,207,311,fuck
421,154,202,307,fuck
424,139,221,305,fuck
424,147,185,304,fuck
326,146,200,291,fuck
427,148,201,318,fuck
423,145,200,312,fuck
425,144,207,313,fuck
426,151,203,335,fuck
428,153,200,330,fuck
429,151,208,336,fuck
416,147,181,338,fuck
430,132,210,357,fuck
438,144,208,350,fuck
430,147,215,345,fuck
429,157,210,337,fuck
442,145,210,350,fuck
427,133,211,364,fuck
418,140,217,366,fuck
367,140,203,365,fuck
441,136,204,362,fuck
431,144,204,364,fuck
426,142,205,367,fuck
404,141,186,358,fuck
423,140,204,375,fuck
429,147,210,416,fuck
420,140,195,401,fuck
429,129,235,411,fuck
423,140,202,405,fuck
416,136,199,423,fuck
386,144,188,418,fuck
421,136,195,424,fuck
425,136,201,430,fuck
419,137,184,430,fuck
425,134,192,456,fuck
419,140,198,462,fuck
418,142,202,463,fuck
430,144,198,455,fuck
420,131,202,432,fuck
425,140,266,446,fuck
421,140,200,442,fuck
427,145,200,437,fuck
433,142,208,451,fuck
421,144,200,442,fuck
429,154,184,460,fuck
435,137,198,446,fuck
436,133,198,453,fuck
435,136,181,449,fuck
436,136,204,434,fuck
437,158,192,428,fuck
437,145,196,422,fuck
443,137,193,409,fuck
435,139,188,402,fuck
434,123,201,406,fuck
439,128,192,425,fuck
434,130,192,393,fuck
443,132,182,388,fuck
427,136,189,381,fuck
423,115,194,365,fuck
440,138,191,363,fuck
437,126,196,387,fuck
442,139,190,381,fuck
441,142,176,382,fuck
512,133,189,381,fuck
443,145,187,377,fuck
443,138,180,376,fuck
446,147,191,374,fuck
448,153,256,357,fuck
445,169,203,365,fuck
446,157,189,360,fuck
446,134,184,353,fuck
443,150,172,352,fuck
447,135,192,346,fuck
440,162,188,345,fuck
428,146,185,334,fuck
440,154,181,344,fuck
442,153,186,332,fuck
433,152,191,328,fuck
447,150,184,346,fuck
441,148,193,344,fuck
421,148,183,338,fuck
423,149,184,279,fuck
437,133,181,288,fuck
436,197,183,321,fuck
426,146,190,312,fuck
433,132,181,314,fuck
432,145,181,328,fuck
429,162,180,332,fuck
436,143,188,330,fuck
421,142,176,335,fuck
436,140,181,355,fuck
434,154,200,352,fuck
412,140,176,348,fuck
429,146,180,349,fuck
430,138,178,345,fuck
442,144,178,342,fuck
436,129,188,339,fuck
438,139,171,340,fuck
425,141,195,361,fuck
428,138,179,353,fuck
440,138,180,350,fuck
437,125,186,371,fuck
439,151,190,346,fuck
430,131,196,323,fuck
436,136,117,357,fuck
430,135,180,354,fuck
428,168,194,360,fuck
426,137,166,353,fuck
427,136,90,349,fuck
431,138,192,371,fuck
428,162,173,344,fuck
426,144,187,348,fuck
427,132,183,352,fuck
416,133,182,342,fuck
418,117,180,343,fuck
431,134,180,338,fuck
426,132,191,338,fuck
421,122,178,344,fuck
415,128,172,325,fuck
425,130,160,340,fuck
438,141,184,335,fuck
426,133,179,344,fuck
429,131,177,339,fuck
428,130,185,331,fuck
429,118,187,326,fuck
441,129,182,332,fuck
420,122,176,330,fuck
427,130,273,328,fuck
426,128,179,332,fuck
426,129,196,333,fuck
437,126,175,332,fuck
426,135,177,349,fuck
416,129,71,343,fuck
424,124,169,341,fuck
418,142,170,337,fuck
431,124,168,332,fuck
413,128,177,345,fuck
422,126,180,317,fuck
441,133,179,345,fuck
411,136,170,338,fuck
419,126,174,355,fuck
413,131,162,353,fuck
412,142,174,362,fuck
414,132,196,364,fuck
412,139,173,355,fuck
417,139,175,352,fuck
416,140,102,341,fuck
414,128,174,340,fuck
404,139,173,327,fuck
388,138,172,326,fuck
408,136,173,345,fuck
423,136,174,325,fuck
406,121,171,323,fuck
411,146,174,316,fuck
407,136,194,324,fuck
412,134,155,320,fuck
414,147,174,301,fuck
414,133,169,306,fuck
422,134,174,302,fuck
402,133,170,302,fuck
412,131,162,298,fuck
463,138,169,282,fuck
412,124,171,299,fuck
412,139,169,294,fuck
411,129,193,284,fuck
410,152,198,273,fuck
416,145,202,289,fuck
424,133,205,303,fuck
406,143,203,296,fuck
420,129,204,292,fuck
425,132,204,306,fuck
464,131,200,303,fuck
413,134,202,314,fuck
420,133,212,302,fuck
420,138,212,300,fuck
432,144,237,326,fuck
427,150,246,348,fuck
425,146,246,367,fuck
426,147,245,344,fuck
426,156,247,349,fuck
428,160,242,362,fuck
438,158,251,374,fuck
424,160,241,356,fuck
424,152,245,365,fuck
427,158,170,364,fuck
423,164,249,366,fuck
422,160,232,358,fuck
432,169,232,359,fuck
426,165,251,361,fuck
428,162,214,349,fuck
420,163,238,372,fuck
450,163,233,378,fuck
428,132,239,368,fuck
445,147,242,370,fuck
430,178,230,341,fuck
420,163,223,362,fuck
422,169,223,361,fuck
424,171,231,347,fuck
428,161,168,369,fuck
366,162,231,372,fuck
421,157,226,387,fuck
447,161,228,409,fuck
428,159,228,410,fuck
431,148,244,411,fuck
424,172,228,411,fuck
430,157,224,416,fuck
420,156,224,415,fuck
418,154,220,395,fuck
424,153,224,406,fuck
412,156,221,421,fuck
420,149,218,434,fuck
421,151,217,449,fuck
432,155,215,440,fuck
421,149,212,451,fuck
402,154,213,411,fuck
413,150,196,479,fuck
418,154,211,465,fuck
406,149,211,463,fuck
419,150,188,465,fuck
421,156,218,476,fuck
421,158,208,528,fuck
424,163,208,476,fuck
417,161,195,473,fuck
462,153,205,473,fuck
420,154,210,462,fuck
422,153,225,466,fuck
421,159,130,461,fuck
426,136,202,449,fuck
426,153,206,463,fuck
421,195,198,460,fuck
422,150,200,462,fuck
416,149,198,452,fuck
419,152,195,446,fuck
412,158,202,457,fuck
419,161,201,440,fuck
421,163,199,438,fuck
418,168,199,450,fuck
422,155,201,447,fuck
416,161,194,444,fuck
392,161,201,430,fuck
429,155,199,434,fuck
419,170,192,427,fuck
421,164,200,421,fuck
420,166,201,409,fuck
413,151,212,411,fuck
421,161,192,405,fuck
422,155,205,408,fuck
428,151,176,386,fuck
419,157,194,379,fuck
422,151,194,379,fuck
414,152,187,372,fuck
442,147,195,381,fuck
426,157,184,359,fuck
424,156,192,373,fuck
442,155,192,379,fuck
414,163,179,373,fuck
429,154,187,367,fuck
424,171,193,367,fuck
421,153,189,364,fuck
423,144,190,360,fuck
421,151,189,352,fuck
425,155,190,347,fuck
424,151,198,347,fuck
427,144,205,339,fuck
426,146,189,342,fuck
415,153,186,322,fuck
425,144,180,320,fuck
420,151,194,328,fuck
422,139,184,324,fuck
418,183,181,317,fuck
422,145,187,314,fuck
420,140,189,342,fuck
417,144,179,332,fuck
420,146,185,324,fuck
409,148,181,309,fuck
433,139,178,328,fuck
423,136,179,350,fuck
428,175,183,335,fuck
422,153,184,336,fuck
368,167,181,331,fuck
444,164,182,328,fuck
430,165,175,323,fuck
425,168,179,320,fuck
431,161,179,318,fuck
433,153,180,308,fuck
425,158,183,304,fuck
422,161,177,292,fuck
437,157,174,305,fuck
422,152,160,309,fuck
422,156,177,331,fuck
424,154,166,335,fuck
421,160,178,332,fuck
420,159,173,306,fuck
422,161,178,324,fuck
420,159,199,332,fuck
427,160,181,350,fuck
426,170,175,351,fuck
428,151,188,353,fuck
435,151,193,362,fuck
429,158,217,360,fuck
432,156,194,352,fuck
430,153,195,350,fuck
456,157,204,354,fuck
436,152,209,337,fuck
440,153,210,340,fuck
436,165,216,330,fuck
440,157,235,340,fuck
445,152,219,372,fuck
434,146,258,360,fuck
430,152,215,377,fuck
435,133,210,365,fuck
441,144,211,368,fuck
444,141,212,367,fuck
441,149,209,368,fuck
459,146,207,365,fuck
445,146,205,391,fuck
441,148,209,399,fuck
441,147,205,398,fuck
438,147,205,397,fuck
450,128,209,420,fuck
435,147,202,415,fuck
430,140,188,424,fuck
435,130,196,416,fuck
437,153,200,417,fuck
436,138,189,410,fuck
436,146,201,408,fuck
454,149,198,433,fuck
438,146,200,421,fuck
437,141,200,414,fuck
432,123,206,415,fuck
417,143,205,384,fuck
438,166,203,416,fuck
455,138,205,420,fuck
444,144,190,413,fuck
435,138,205,409,fuck
439,136,296,387,fuck
434,134,208,382,fuck
439,137,200,377,fuck
455,118,207,390,fuck
438,125,218,380,fuck
436,135,200,370,fuck
453,136,201,388,fuck
433,137,218,379,fuck
431,122,214,373,fuck
429,132,211,363,fuck
433,137,208,349,fuck
433,133,211,356,fuck
432,128,214,340,fuck
436,128,220,351,fuck
460,132,218,342,fuck
453,136,164,339,fuck
443,134,222,355,fuck
444,137,217,350,fuck
506,136,223,355,fuck
440,134,224,347,fuck
435,100,214,344,fuck
440,132,208,342,fuck
434,128,236,339,fuck
446,134,218,348,fuck
463,132,219,351,fuck
534,134,217,365,fuck
439,135,220,370,fuck
441,117,215,365,fuck
442,137,213,361,fuck
431,133,215,366,fuck
430,136,325,361,fuck
422,141,214,358,fuck
441,120,230,369,fuck
434,134,192,373,fuck
441,133,207,367,fuck
437,136,209,361,fuck
453,144,196,364,fuck
431,135,213,363,fuck
446,134,204,353,fuck
434,136,207,354,fuck
439,134,205,350,fuck
446,142,201,353,fuck
445,166,205,345,fuck
445,173,207,342,fuck
445,180,213,337,fuck
441,185,202,331,fuck
449,184,218,342,fuck
457,191,214,328,fuck
456,199,221,369,fuck
455,205,241,329,fuck
457,210,212,330,fuck
461,214,233,335,fuck
469,202,218,330,fuck
465,204,223,342,fuck
470,198,234,348,fuck
473,202,239,345,fuck
466,204,251,337,fuck
475,231,249,339,fuck
458,205,254,344,fuck
456,211,242,355,fuck
452,215,252,338,fuck
445,232,242,330,fuck
463,204,237,330,fuck
457,204,238,330,fuck
459,198,238,330,fuck
457,200,233,312,fuck
456,202,237,310,fuck
456,203,183,326,fuck
455,201,239,347,fuck
443,195,233,332,fuck
450,198,229,326,fuck
455,199,232,336,fuck
464,198,236,330,fuck
457,198,248,257,fuck
454,215,241,329,fuck
460,196,248,327,fuck
460,194,244,343,fuck
457,249,231,346,fuck
443,190,241,345,fuck
443,184,241,353,fuck
455,181,243,338,fuck
454,185,234,324,fuck
447,192,250,333,fuck
450,192,234,328,fuck
445,189,204,316,fuck
457,186,236,392,fuck
435,198,225,328,fuck
444,185,259,314,fuck
449,184,234,326,fuck
423,185,247,310,fuck
446,185,225,303,fuck
450,189,226,300,fuck
444,181,227,295,fuck
439,173,228,297,fuck
440,177,214,292,fuck
441,171,241,288,fuck
435,178,225,289,fuck
442,174,226,282,fuck
443,180,224,276,fuck
442,165,217,272,fuck
440,172,202,269,fuck
442,175,222,272,fuck
444,168,220,285,fuck
442,179,222,269,fuck
438,156,215,294,fuck
438,176,218,296,fuck
436,172,212,290,fuck
446,182,213,290,fuck
434,173,210,294,fuck
439,184,214,296,fuck
428,215,220,295,fuck
441,182,216,284,fuck
515,172,217,312,fuck
442,180,208,305,fuck
449,176,213,296,fuck
441,176,210,300,fuck
434,178,236,300,fuck
436,173,196,290,fuck
436,123,210,291,fuck
431,172,205,276,fuck
438,129,207,294,fuck
435,180,206,310,fuck
435,172,207,313,fuck
431,179,205,298,fuck
435,119,202,306,fuck
436,198,203,299,fuck
431,184,217,314,fuck
453,186,202,328,fuck
429,178,200,327,fuck
430,184,200,323,fuck
422,186,201,325,fuck
438,174,200,332,fuck
435,179,194,313,fuck
431,176,201,310,fuck
432,177,185,309,fuck
432,179,189,301,fuck
434,172,261,320,fuck
443,184,194,305,fuck
440,187,205,322,fuck
436,205,224,331,fuck
436,210,190,312,fuck
440,196,193,322,fuck
445,206,188,320,fuck
445,206,200,317,fuck
445,201,202,304,fuck
442,202,196,310,fuck
444,196,185,305,fuck
440,208,195,297,fuck
439,198,241,306,fuck
441,194,186,299,fuck
438,194,197,295,fuck
439,192,196,279,fuck
439,196,216,294,fuck
437,185,193,283,fuck
437,199,200,283,fuck
426,188,208,274,fuck
446,210,202,280,fuck
452,190,203,282,fuck
437,189,200,277,fuck
436,177,203,280,fuck
424,184,197,272,fuck
437,190,194,326,fuck
436,169,209,272,fuck
439,183,221,293,fuck
438,182,223,297,fuck
468,177,231,309,fuck
432,181,233,307,fuck
444,179,264,298,fuck
456,177,234,310,fuck
438,227,240,325,fuck
447,181,229,324,fuck
442,178,227,323,fuck
444,174,234,320,fuck
450,170,228,305,fuck
436,173,225,312,fuck
442,199,219,310,fuck
430,173,216,301,fuck
461,168,223,299,fuck
446,173,213,353,fuck
414,166,220,296,fuck
440,160,207,311,fuck
441,166,176,307,fuck
428,163,221,311,fuck
445,165,217,320,fuck
440,159,226,320,fuck
444,158,212,323,fuck
454,177,216,314,fuck
443,179,200,314,fuck
424,185,224,307,fuck
437,195,210,317,fuck
444,202,210,316,fuck
446,192,208,306,fuck
451,200,206,324,fuck
438,203,202,308,fuck
441,203,205,319,fuck
437,199,203,313,fuck
543,197,204,304,fuck
440,216,202,322,fuck
430,184,208,313,fuck
434,195,203,336,fuck
442,195,231,360,fuck
432,189,198,359,fuck
418,208,207,368,fuck
403,189,197,372,fuck
426,195,196,380,fuck
424,186,193,382,fuck
443,188,197,378,fuck
363,200,195,376,fuck
427,210,198,374,fuck
427,216,196,361,fuck
427,226,197,364,fuck
421,224,183,368,fuck
427,235,189,361,fuck
420,238,191,364,fuck
424,239,176,350,fuck
422,246,196,352,fuck
403,244,189,337,fuck
442,244,196,347,fuck
422,233,199,332,fuck
430,259,201,333,fuck
428,235,221,334,fuck
429,224,186,321,fuck
432,221,196,323,fuck
427,235,186,314,fuck
429,232,198,314,fuck
434,227,193,308,fuck
432,228,205,334,fuck
434,234,190,328,fuck
436,214,203,324,fuck
432,217,204,405,fuck
436,216,205,316,fuck
436,230,205,316,fuck
438,221,210,316,fuck
439,222,217,328,fuck
435,217,205,319,fuck
431,219,210,317,fuck
431,216,209,311,fuck
479,217,209,315,fuck
437,215,206,318,fuck
438,220,208,306,fuck
432,223,206,307,fuck
424,212,204,287,fuck
432,212,206,297,fuck
417,210,198,303,fuck
426,200,213,281,fuck
438,208,189,285,fuck
436,211,201,272,fuck
431,200,198,290,fuck
443,203,112,275,fuck
431,189,201,270,fuck
433,197,200,275,fuck
437,196,220,272,fuck
452,196,205,279,fuck
435,195,210,266,fuck
437,186,216,252,fuck
449,204,196,277,fuck
434,190,202,257,fuck
433,183,199,267,fuck
433,243,209,262,fuck
438,186,201,259,fuck
430,187,203,249,fuck
428,184,196,251,fuck
432,179,196,270,fuck
435,183,213,248,fuck
429,173,196,288,fuck
434,184,201,251,fuck
431,181,196,247,fuck
434,181,198,249,fuck
440,187,195,247,fuck
423,180,195,240,fuck
437,164,194,238,fuck
437,163,198,235,fuck
438,196,193,231,fuck
447,174,197,241,fuck
440,172,195,234,fuck
443,172,194,232,fuck
423,174,204,209,fuck
442,171,194,235,fuck
444,170,196,184,fuck
455,166,194,228,fuck
441,173,182,208,fuck
436,174,198,209,fuck
438,183,194,170,fuck
461,186,182,222,fuck
443,181,191,215,fuck
451,174,198,200,fuck
452,172,187,239,fuck
429,176,192,242,fuck
445,170,189,244,fuck
445,190,194,244,fuck
441,169,189,249,fuck
448,172,98,236,fuck
446,170,186,262,fuck
448,170,192,264,fuck
446,171,195,275,fuck
440,166,84,266,fuck
452,167,188,284,fuck
446,155,203,262,fuck
450,156,186,278,fuck
434,164,187,279,fuck
444,159,182,272,fuck
441,152,192,271,fuck
443,160,188,276,fuck
435,158,186,257,fuck
447,160,203,260,fuck
446,161,211,276,fuck
451,158,193,308,fuck
448,159,204,298,fuck
445,155,208,300,fuck
443,156,206,302,fuck
429,157,205,301,fuck
436,144,194,297,fuck
445,157,208,298,fuck
449,152,205,308,fuck
441,150,221,323,fuck
443,150,189,367,fuck
441,164,204,331,fuck
440,151,203,368,fuck
433,151,209,386,fuck
458,150,202,370,fuck
447,148,206,375,fuck
443,90,198,368,fuck
462,147,202,372,fuck
437,149,202,386,fuck
450,146,212,386,fuck
446,152,200,428,fuck
443,144,200,374,fuck
449,146,192,380,fuck
450,145,200,368,fuck
449,137,198,390,fuck
456,140,193,390,fuck
447,141,201,384,fuck
470,144,190,386,fuck
441,153,180,380,fuck
448,160,198,373,fuck
455,161,194,395,fuck
445,164,192,386,fuck
445,158,172,390,fuck
450,151,188,417,fuck
439,158,187,379,fuck
440,156,149,387,fuck
446,151,188,413,fuck
455,176,200,437,fuck
449,171,179,439,fuck
445,155,249,444,fuck
426,161,172,440,fuck
441,158,186,436,fuck
445,158,258,431,fuck
439,158,192,420,fuck
446,158,182,423,fuck
438,157,186,425,fuck
441,144,184,412,fuck
455,159,194,409,fuck
443,152,182,394,fuck
449,148,185,475,fuck
439,152,183,408,fuck
463,163,175,433,fuck
435,181,181,421,fuck
444,152,179,442,fuck
439,153,188,456,fuck
441,165,181,447,fuck
439,187,182,439,fuck
435,190,178,436,fuck
435,192,176,434,fuck
489,193,181,488,fuck
443,189,197,416,fuck
438,188,183,439,fuck
440,185,183,416,fuck
440,185,183,429,fuck
433,183,182,416,fuck
439,186,176,413,fuck
437,185,182,426,fuck
438,192,185,418,fuck
421,190,184,339,fuck
428,192,185,409,fuck
439,192,181,401,fuck
437,185,180,417,fuck
439,191,190,417,fuck
460,189,181,429,fuck
443,189,179,417,fuck
461,196,190,408,fuck
442,191,181,415,fuck
441,184,187,409,fuck
439,182,178,393,fuck
439,183,177,418,fuck
445,171,176,387,fuck
428,180,182,410,fuck
439,178,183,402,fuck
436,179,179,399,fuck
440,176,174,397,fuck
433,176,177,392,fuck
437,174,175,380,fuck
400,177,181,385,fuck
438,175,174,380,fuck
443,173,183,381,fuck
445,161,185,426,fuck
432,170,188,365,fuck
449,170,192,375,fuck
456,170,193,369,fuck
454,161,213,341,fuck
446,168,177,356,fuck
447,180,196,340,fuck
447,164,208,349,fuck
444,165,204,346,fuck
440,165,204,341,fuck
442,163,203,345,fuck
440,164,198,324,fuck
444,163,202,335,fuck
443,165,209,324,fuck
466,160,214,327,fuck
443,161,214,325,fuck
429,151,226,341,fuck
438,157,217,375,fuck
430,157,212,369,fuck
437,158,204,373,fuck
438,157,219,370,fuck
437,161,228,366,fuck
446,174,219,363,fuck
434,138,225,347,fuck
441,148,230,360,fuck
424,154,212,344,fuck
442,161,220,353,fuck
438,159,214,343,fuck
434,140,220,341,fuck
445,151,220,342,fuck
428,148,221,322,fuck
435,149,215,327,fuck
438,160,217,324,fuck
432,148,214,315,fuck
525,150,215,321,fuck
434,147,213,322,fuck
428,135,215,311,fuck
440,152,115,306,fuck
436,146,204,300,fuck
436,146,209,331,fuck
437,97,211,296,fuck
439,133,208,290,fuck
432,158,194,291,fuck
437,152,215,323,fuck
435,154,197,321,fuck
434,148,208,329,fuck
433,150,204,323,fuck
433,151,225,324,fuck
441,139,203,321,fuck
436,153,203,323,fuck
433,142,200,316,fuck
438,148,202,315,fuck
432,145,208,324,fuck
415,149,204,294,fuck
439,143,200,309,fuck
434,148,200,324,fuck
449,146,196,323,fuck
440,134,201,322,fuck
448,143,200,335,fuck
438,139,216,314,fuck
438,149,193,320,fuck
428,162,186,316,fuck
435,156,183,304,fuck
431,167,196,256,fuck
433,174,178,300,fuck
433,177,193,305,fuck
423,174,224,296,fuck
432,183,189,290,fuck
487,178,192,238,fuck
460,175,190,289,fuck
431,173,188,282,fuck
431,174,187,277,fuck
427,171,177,276,fuck
426,178,174,278,fuck
429,161,193,296,fuck
425,158,178,285,fuck
427,169,186,292,fuck
421,165,172,291,fuck
430,162,174,300,fuck
444,160,190,306,fuck
439,181,189,295,fuck
345,166,183,288,fuck
441,171,172,288,fuck
435,164,185,286,fuck
412,163,182,281,fuck
429,160,180,291,fuck
429,166,182,291,fuck
437,168,174,289,fuck
426,152,199,288,fuck
425,162,178,282,fuck
403,185,179,280,fuck
424,152,186,277,fuck
422,156,162,278,fuck
423,160,179,265,fuck
423,246,185,271,fuck
401,159,181,269,fuck
419,158,179,276,fuck
417,68,179,261,fuck
421,153,172,235,fuck
424,173,179,252,fuck
417,154,178,249,fuck
402,152,182,250,fuck
412,153,183,250,fuck
407,151,183,264,fuck
426,153,175,269,fuck
421,140,180,265,fuck
407,108,196,263,fuck
416,149,188,271,fuck
428,148,184,270,fuck
419,150,271,275,fuck
412,138,185,276,fuck
402,130,191,265,fuck
398,152,182,288,fuck
411,142,182,326,fuck
411,146,180,381,fuck
409,144,176,298,fuck
421,133,176,296,fuck
407,145,178,300,fuck
408,141,179,297,fuck
409,148,185,295,fuck
407,144,203,294,fuck
420,156,168,293,fuck
407,151,183,314,fuck
422,140,177,307,fuck
376,142,178,327,fuck
405,130,184,335,fuck
409,149,177,340,fuck
407,142,178,328,fuck
410,138,170,349,fuck
409,140,178,333,fuck
356,129,176,347,fuck
403,141,174,347,fuck
410,137,182,356,fuck
405,138,181,353,fuck
413,136,173,343,fuck
405,57,176,338,fuck
406,146,175,334,fuck
408,137,186,336,fuck
409,144,185,332,fuck
413,132,195,375,fuck
413,159,194,381,fuck
413,164,210,375,fuck
416,166,101,392,fuck
409,162,192,398,fuck
413,152,214,405,fuck
405,150,199,419,fuck
397,172,206,407,fuck
416,160,202,416,fuck
406,164,211,371,fuck
425,146,218,418,fuck
433,159,224,409,fuck
417,153,238,410,fuck
419,154,237,408,fuck
428,164,236,392,fuck
431,98,235,396,fuck
430,154,244,325,fuck
418,151,256,384,fuck
434,157,229,385,fuck
411,154,244,348,fuck
477,152,249,388,fuck
436,150,252,359,fuck
435,146,266,361,fuck
436,161,237,364,fuck
432,140,269,340,fuck
432,144,252,357,fuck
438,151,250,340,fuck
428,150,280,345,fuck
446,178,262,336,fuck
442,103,271,342,fuck
443,156,258,351,fuck
424,151,270,343,fuck
434,158,257,356,fuck
437,156,244,338,fuck
440,171,257,324,fuck
440,155,253,342,fuck
425,154,264,345,fuck
435,158,249,345,fuck
437,172,250,338,fuck
437,154,247,333,fuck
434,154,240,326,fuck
451,155,243,315,fuck
430,154,262,316,fuck
436,158,227,337,fuck
434,153,236,353,fuck
422,152,244,331,fuck
450,150,237,329,fuck
443,149,235,334,fuck
424,158,235,324,fuck
423,149,232,322,fuck
419,147,231,319,fuck
432,140,234,318,fuck
446,168,239,324,fuck
427,147,243,319,fuck
448,150,249,323,fuck
436,120,261,337,fuck
446,138,249,339,fuck
442,141,248,338,fuck
436,145,248,354,fuck
444,145,244,350,fuck
434,138,248,352,fuck
447,138,242,364,fuck
431,144,244,365,fuck
440,145,246,373,fuck
442,140,230,377,fuck
439,191,242,368,fuck
437,151,243,369,fuck
433,153,244,367,fuck
452,151,239,361,fuck
431,81,245,363,fuck
438,141,238,362,fuck
443,148,208,379,fuck
471,148,233,372,fuck
483,145,233,385,fuck
453,151,217,368,fuck
438,128,249,375,fuck
443,132,229,380,fuck
442,153,254,369,fuck
443,148,227,360,fuck
438,144,230,365,fuck
451,136,234,364,fuck
439,128,227,366,fuck
440,143,227,367,fuck
439,143,223,367,fuck
433,148,222,362,fuck
456,139,218,436,fuck
445,130,225,369,fuck
438,142,215,366,fuck
438,141,216,385,fuck
434,139,209,380,fuck
457,146,220,387,fuck
452,140,216,381,fuck
434,120,217,376,fuck
432,150,203,394,fuck
428,133,214,388,fuck
441,137,208,382,fuck
429,136,215,401,fuck
426,133,212,388,fuck
428,137,210,392,fuck
424,135,209,380,fuck
434,128,205,394,fuck
426,135,198,406,fuck
420,137,220,404,fuck
423,134,197,375,fuck
420,142,209,329,fuck
429,132,207,390,fuck
433,128,208,387,fuck
424,133,193,377,fuck
426,132,205,376,fuck
425,133,210,368,fuck
429,131,201,368,fuck
432,130,207,353,fuck
431,141,193,348,fuck
426,134,201,348,fuck
444,131,204,353,fuck
433,129,191,334,fuck
426,132,218,330,fuck
428,131,203,324,fuck
427,130,197,316,fuck
437,128,198,310,fuck
414,131,289,317,fuck
424,152,212,312,fuck
418,143,197,302,fuck
426,129,197,299,fuck
440,125,197,304,fuck
406,131,194,250,fuck
417,130,194,298,fuck
420,126,208,296,fuck
417,113,194,304,fuck
449,129,192,321,fuck
424,132,189,326,fuck
437,109,194,330,fuck
428,128,196,326,fuck
503,136,190,322,fuck
428,123,178,317,fuck
432,120,185,307,fuck
427,130,190,309,fuck
429,129,190,297,fuck
426,111,186,296,fuck
422,129,186,293,fuck
435,119,193,284,fuck
436,130,171,315,fuck
437,132,187,314,fuck
431,119,180,305,fuck
437,141,188,304,fuck
440,110,194,306,fuck
440,136,197,302,fuck
444,130,194,296,fuck
445,173,195,291,fuck
448,140,196,310,fuck
455,132,194,377,fuck
449,132,184,307,fuck
442,147,195,320,fuck
446,132,198,324,fuck
437,133,195,324,fuck
442,133,192,328,fuck
438,139,182,330,fuck
440,124,194,321,fuck
436,224,178,331,fuck
435,124,195,327,fuck
437,142,192,325,fuck
428,132,199,313,fuck
454,135,203,318,fuck
433,132,186,318,fuck
436,124,186,306,fuck
435,122,186,304,fuck
421,130,169,299,fuck
436,132,190,327,fuck
437,142,185,327,fuck
433,119,198,313,fuck
427,130,186,333,fuck
371,130,184,299,fuck
433,136,187,329,fuck
414,136,182,308,fuck
429,128,186,310,fuck
426,125,182,307,fuck
410,125,183,341,fuck
427,126,179,323,fuck
418,131,192,336,fuck
419,116,176,345,fuck
426,128,181,316,fuck
410,120,178,315,fuck
396,128,178,325,fuck
420,132,172,310,fuck
428,120,181,307,fuck
408,129,174,320,fuck
439,126,177,300,fuck
424,126,160,293,fuck
419,128,177,290,fuck
424,124,186,284,fuck
418,122,183,298,fuck
421,114,174,308,fuck
420,124,177,301,fuck
418,120,172,313,fuck
423,120,176,334,fuck
363,116,176,335,fuck
418,128,182,352,fuck
412,119,173,342,fuck
423,128,175,341,fuck
433,137,169,355,fuck
423,172,188,332,fuck
419,128,173,324,fuck
413,132,174,340,fuck
409,150,173,345,fuck
419,136,172,340,fuck
450,138,174,336,fuck
418,134,190,342,fuck
420,151,169,315,fuck
431,136,178,323,fuck
433,144,178,313,fuck
437,143,178,324,fuck
437,145,183,322,fuck
419,135,186,320,fuck
437,128,176,310,fuck
449,138,181,309,fuck
434,136,190,309,fuck
450,137,139,304,fuck
451,136,204,299,fuck
452,140,209,297,fuck
473,139,210,329,fuck
447,142,215,331,fuck
453,154,210,284,fuck
451,135,211,326,fuck
449,148,208,348,fuck
456,147,208,345,fuck
441,148,216,337,fuck
448,166,206,337,fuck
448,175,208,328,fuck
463,185,209,315,fuck
449,180,203,347,fuck
447,176,211,351,fuck
441,172,251,350,fuck
449,181,208,293,fuck
448,172,206,346,fuck
443,171,210,341,fuck
460,170,208,356,fuck
450,171,210,350,fuck
455,163,219,336,fuck
445,154,204,342,fuck
447,166,196,349,fuck
455,157,201,352,fuck
452,174,202,353,fuck
442,164,177,349,fuck
442,170,199,347,fuck
448,201,201,354,fuck
442,164,201,371,fuck
445,167,209,377,fuck
451,175,194,387,fuck
444,173,196,376,fuck
446,162,209,384,fuck
439,184,203,392,fuck
415,166,202,401,fuck
445,166,188,392,fuck
524,165,201,374,fuck
445,168,203,384,fuck
443,168,201,402,fuck
439,150,208,423,fuck
442,205,197,437,fuck
422,160,197,454,fuck
434,162,193,470,fuck
428,158,196,484,fuck
437,163,195,483,fuck
432,166,193,482,fuck
429,167,184,475,fuck
449,168,211,479,fuck
436,169,194,463,fuck
431,170,196,468,fuck
434,246,192,466,fuck
432,170,200,467,fuck
433,172,192,466,fuck
433,171,193,465,fuck
433,244,189,458,fuck
422,180,182,452,fuck
428,171,195,471,fuck
431,176,196,474,fuck
433,177,197,460,fuck
433,175,200,471,fuck
432,181,198,469,fuck
452,176,192,459,fuck
430,177,200,463,fuck
429,174,198,458,fuck
434,186,203,481,fuck
431,188,188,475,fuck
436,188,183,467,fuck
436,185,198,463,fuck
434,169,193,497,fuck
439,176,196,469,fuck
432,187,186,457,fuck
423,186,210,459,fuck
430,195,192,456,fuck
442,195,183,445,fuck
430,186,191,439,fuck
434,185,192,387,fuck
431,187,201,427,fuck
431,181,188,420,fuck
437,183,197,420,fuck
424,179,189,441,fuck
421,180,188,430,fuck
427,162,187,430,fuck
432,196,190,430,fuck
428,179,192,432,fuck
428,171,185,419,fuck
420,176,190,422,fuck
427,171,183,436,fuck
425,122,179,426,fuck
426,163,185,420,fuck
422,172,186,435,fuck
417,167,184,417,fuck
430,169,179,429,fuck
432,165,196,412,fuck
435,173,181,404,fuck
428,176,176,393,fuck
452,175,178,391,fuck
428,180,181,388,fuck
429,179,181,379,fuck
427,186,185,389,fuck
428,181,251,405,fuck
431,183,194,389,fuck
488,194,188,407,fuck
419,181,193,381,fuck
429,181,188,376,fuck
430,184,190,371,fuck
432,190,195,377,fuck
417,187,187,374,fuck
441,188,188,375,fuck
420,189,185,360,fuck
425,183,192,354,fuck
421,170,190,349,fuck
422,168,185,343,fuck
421,176,184,342,fuck
421,178,185,354,fuck
417,212,184,332,fuck
407,189,183,331,fuck
411,183,193,345,fuck
431,189,185,349,fuck
418,133,188,339,fuck
410,192,185,349,fuck
419,192,183,352,fuck
407,194,183,354,fuck
416,185,178,368,fuck
416,185,173,378,fuck
418,183,184,366,fuck
422,185,182,379,fuck
418,183,180,368,fuck
419,188,176,374,fuck
419,199,178,383,fuck
403,200,179,353,fuck
418,209,181,335,fuck
417,192,180,335,fuck
427,200,182,342,fuck
426,202,180,334,fuck
429,184,175,335,fuck
428,195,178,328,fuck
427,195,177,330,fuck
439,192,185,327,fuck
430,189,177,331,fuck
433,203,192,344,fuck
428,187,172,328,fuck
418,192,172,317,fuck
423,185,176,332,fuck
433,181,159,346,fuck
440,185,173,348,fuck
433,175,175,342,fuck
430,172,174,338,fuck
429,181,186,331,fuck
434,195,175,326,fuck
428,178,174,326,fuck
431,178,203,324,fuck
430,176,109,332,fuck
432,178,180,325,fuck
429,175,182,332,fuck
431,173,177,324,fuck
428,158,175,316,fuck
430,172,88,313,fuck
429,177,175,315,fuck
435,176,179,310,fuck
427,176,184,312,fuck
429,158,189,305,fuck
431,174,213,311,fuck
417,165,182,312,fuck
429,179,178,306,fuck
422,179,194,321,fuck
429,178,193,292,fuck
427,184,183,297,fuck
426,185,184,294,fuck
426,189,190,289,fuck
423,182,182,293,fuck
426,185,102,287,fuck
415,183,185,289,fuck
436,182,184,276,fuck
422,181,168,272,fuck
425,179,181,270,fuck
426,192,203,277,fuck
417,179,185,271,fuck
420,170,190,268,fuck
415,182,189,278,fuck
426,188,189,311,fuck
416,182,190,304,fuck
402,192,188,264,fuck
420,189,192,320,fuck
420,187,186,317,fuck
417,194,194,335,fuck
418,187,187,341,fuck
416,189,185,333,fuck
412,184,181,348,fuck
420,190,183,349,fuck
420,185,177,356,fuck
402,188,170,356,fuck
417,187,185,355,fuck
422,195,188,351,fuck
418,204,93,353,fuck
420,180,180,338,fuck
418,215,184,362,fuck
410,198,185,353,fuck
415,184,162,376,fuck
413,191,175,380,fuck
416,189,190,412,fuck
411,187,182,398,fuck
404,186,179,419,fuck
419,182,181,421,fuck
409,184,191,418,fuck
414,188,169,430,fuck
415,185,174,424,fuck
386,185,178,408,fuck
413,186,172,467,fuck
420,181,236,416,fuck
431,182,161,404,fuck
416,181,175,396,fuck
413,183,184,413,fuck
417,179,174,391,fuck
423,178,177,384,fuck
422,176,177,415,fuck
410,179,185,436,fuck
408,149,174,456,fuck
419,218,164,468,fuck
414,180,174,475,fuck
412,196,171,476,fuck
402,236,172,487,fuck
410,204,168,479,fuck
414,213,174,496,fuck
416,251,170,494,fuck
406,195,158,492,fuck
398,193,171,494,fuck
413,190,173,499,fuck
391,189,171,502,fuck
412,188,174,500,fuck
410,192,176,490,fuck
368,194,166,500,fuck
418,212,170,523,fuck
398,196,160,510,fuck
409,188,227,521,fuck
407,188,168,504,fuck
407,191,169,485,fuck
407,194,168,496,fuck
434,193,164,494,fuck
401,192,167,488,fuck
401,181,172,468,fuck
402,196,174,487,fuck
403,199,166,463,fuck
408,204,170,462,fuck
409,198,160,450,fuck
414,200,167,439,fuck
405,196,163,433,fuck
407,195,198,438,fuck
410,196,170,434,fuck
412,194,162,442,fuck
409,199,175,460,fuck
405,197,169,456,fuck
411,197,172,454,fuck
410,188,167,447,fuck
420,200,172,489,fuck
412,195,162,439,fuck
417,184,170,443,fuck
410,196,162,424,fuck
418,191,169,433,fuck
420,222,171,454,fuck
420,184,160,441,fuck
408,184,169,443,fuck
413,184,168,432,fuck
417,184,175,425,fuck
414,179,172,419,fuck
417,178,174,415,fuck
423,169,176,402,fuck
414,179,176,418,fuck
395,177,168,442,fuck
416,174,162,453,fuck
416,172,186,461,fuck
413,174,170,464,fuck
418,135,170,462,fuck
414,181,171,474,fuck
406,168,168,458,fuck
415,167,171,496,fuck
396,175,117,462,fuck
401,169,175,464,fuck
423,174,168,451,fuck
410,176,170,449,fuck
419,180,167,454,fuck
406,186,165,444,fuck
408,181,167,455,fuck
398,178,168,445,fuck
406,179,169,460,fuck
419,165,171,467,fuck
421,175,168,456,fuck
402,200,179,444,fuck
404,187,167,437,fuck
399,172,178,437,fuck
409,163,163,427,fuck
414,165,151,424,fuck
402,169,181,418,fuck
390,168,152,412,fuck
391,162,171,404,fuck
403,168,171,436,fuck
404,151,168,424,fuck
413,177,167,419,fuck
401,162,165,423,fuck
417,163,162,426,fuck
400,162,165,426,fuck
404,160,184,422,fuck
389,159,164,424,fuck
400,158,169,411,fuck
405,166,256,406,fuck
397,163,170,400,fuck
401,147,164,389,fuck
392,173,163,392,fuck
402,166,161,378,fuck
384,166,160,384,fuck
381,171,164,376,fuck
386,151,163,393,fuck
408,168,154,406,fuck
393,199,165,402,fuck
393,180,168,393,fuck
396,172,172,390,fuck
386,179,175,381,fuck
396,180,162,378,fuck
390,171,173,386,fuck
394,182,171,373,fuck
396,180,172,368,fuck
396,174,163,362,fuck
395,174,171,361,fuck
395,172,171,357,fuck
395,174,177,358,fuck
395,178,196,354,fuck
397,116,172,344,fuck
396,125,173,341,fuck
388,177,177,353,fuck
398,179,163,351,fuck
405,176,260,348,fuck
390,180,166,370,fuck
402,176,177,384,fuck
406,174,70,389,fuck
398,180,174,410,fuck
405,171,162,408,fuck
396,171,177,412,fuck
392,173,166,411,fuck
398,171,172,426,fuck
398,174,163,422,fuck
368,173,173,441,fuck
395,174,171,432,fuck
387,174,189,426,fuck
393,189,170,423,fuck
396,175,105,423,fuck
395,169,162,428,fuck
381,174,182,403,fuck
397,111,168,410,fuck
397,173,149,403,fuck
386,173,177,398,fuck
401,168,161,399,fuck
402,171,173,391,fuck
397,171,172,400,fuck
404,183,185,372,fuck
402,128,182,375,fuck
410,168,178,369,fuck
398,130,184,380,fuck
404,176,170,390,fuck
407,180,178,377,fuck
407,164,179,385,fuck
417,166,173,392,fuck
411,164,182,384,fuck
410,162,185,372,fuck
396,171,168,366,fuck
436,161,182,400,fuck
418,179,188,406,fuck
430,158,188,398,fuck
409,160,176,401,fuck
404,173,186,407,fuck
417,166,189,410,fuck
417,167,181,418,fuck
421,152,185,393,fuck
421,151,187,394,fuck
420,161,194,391,fuck
421,162,186,369,fuck
411,160,178,374,fuck
416,159,189,376,fuck
416,156,165,375,fuck
413,156,183,361,fuck
414,150,185,368,fuck
416,156,180,363,fuck
411,155,184,360,fuck
346,168,181,349,fuck
405,176,181,343,fuck
408,174,176,348,fuck
413,176,181,362,fuck
413,184,186,329,fuck
417,197,178,259,fuck
422,190,174,362,fuck
421,194,180,414,fuck
419,201,183,391,fuck
421,195,167,410,fuck
415,210,176,407,fuck
420,190,180,408,fuck
438,193,178,429,fuck
423,187,172,430,fuck
417,174,172,431,fuck
410,195,187,434,fuck
414,190,175,447,fuck
411,266,180,450,fuck
419,192,175,449,fuck
411,177,174,426,fuck
394,185,172,434,fuck
413,184,168,440,fuck
411,182,173,418,fuck
414,182,172,422,fuck
408,196,171,426,fuck
405,179,171,406,fuck
415,173,177,402,fuck
412,176,168,396,fuck
412,175,170,405,fuck
420,193,169,401,fuck
413,202,181,388,fuck
412,197,158,391,fuck
459,199,170,374,fuck
400,188,183,377,fuck
408,185,166,367,fuck
409,195,176,391,fuck
406,172,170,394,fuck
412,193,174,388,fuck
410,178,173,377,fuck
392,196,170,374,fuck
402,175,174,361,fuck
409,188,170,362,fuck
405,191,169,356,fuck
408,180,169,381,fuck
401,181,160,380,fuck
401,204,181,370,fuck
401,180,172,366,fuck
392,177,166,359,fuck
404,176,170,352,fuck
407,173,168,362,fuck
397,176,169,354,fuck
408,171,169,352,fuck
393,175,155,345,fuck
400,172,165,347,fuck
400,169,170,340,fuck
403,177,190,344,fuck
401,168,166,337,fuck
414,159,173,334,fuck
396,167,169,329,fuck
400,171,167,320,fuck
402,178,160,318,fuck
401,165,278,318,fuck
419,169,174,356,fuck
421,172,173,346,fuck
390,167,180,345,fuck
402,166,178,337,fuck
399,179,177,337,fuck
402,170,170,336,fuck
394,158,168,328,fuck
392,162,171,332,fuck
393,153,181,352,fuck
399,162,178,366,fuck
401,161,176,378,fuck
401,161,284,373,fuck
402,218,173,377,fuck
400,156,184,375,fuck
400,123,176,371,fuck
412,164,177,344,fuck
404,158,172,405,fuck
410,158,183,423,fuck
408,157,174,406,fuck
420,156,176,405,fuck
408,156,161,431,fuck
410,146,175,426,fuck
409,157,168,429,fuck
407,162,172,433,fuck
407,169,173,440,fuck
416,191,176,449,fuck
409,171,172,445,fuck
411,170,168,452,fuck
404,176,170,432,fuck
419,176,108,447,fuck
410,182,160,460,fuck
410,195,171,461,fuck
397,182,171,472,fuck
395,183,172,468,fuck
399,181,173,469,fuck
403,184,168,479,fuck
400,178,182,477,fuck
406,176,185,473,fuck
404,231,179,478,fuck
408,174,160,487,fuck
408,186,161,479,fuck
406,174,173,472,fuck
400,172,173,463,fuck
405,171,178,475,fuck
411,169,174,476,fuck
404,168,171,465,fuck
408,168,178,459,fuck
408,182,176,445,fuck
443,166,168,452,fuck
407,167,152,448,fuck
384,160,168,375,fuck
416,157,195,443,fuck
410,162,170,434,fuck
408,160,172,445,fuck
410,154,169,446,fuck
408,161,172,462,fuck
409,160,109,469,fuck
398,157,276,457,fuck
406,158,164,453,fuck
399,159,160,445,fuck
413,176,167,436,fuck
405,154,160,465,fuck
442,155,166,462,fuck
407,154,156,463,fuck
404,156,166,463,fuck
388,153,166,449,fuck
402,159,162,460,fuck
398,152,168,452,fuck
401,142,154,450,fuck
388,160,171,461,fuck
404,152,177,483,fuck
358,156,158,477,fuck
408,160,177,474,fuck
417,164,169,439,fuck
406,169,163,461,fuck
408,172,182,456,fuck
408,186,174,452,fuck
408,200,171,447,fuck
405,234,167,438,fuck
406,238,192,444,fuck
421,236,175,470,fuck
406,238,168,436,fuck
410,230,167,437,fuck
409,234,166,425,fuck
408,229,167,410,fuck
452,235,171,358,fuck
416,229,171,413,fuck
414,186,188,452,fuck
428,213,187,449,fuck
422,220,205,471,fuck
439,202,197,467,fuck
422,232,199,466,fuck
423,209,196,467,fuck
419,216,195,450,fuck
426,213,202,470,fuck
447,200,200,450,fuck
489,212,204,448,fuck
436,200,210,442,fuck
437,200,201,430,fuck
426,208,209,374,fuck
413,203,200,423,fuck
416,206,199,413,fuck
426,195,201,423,fuck
428,206,200,410,fuck
423,208,194,408,fuck
431,205,200,417,fuck
429,181,202,439,fuck
431,203,196,384,fuck
429,197,197,430,fuck
425,194,209,427,fuck
430,195,196,428,fuck
453,199,196,497,fuck
425,196,197,436,fuck
423,192,192,440,fuck
420,178,202,420,fuck
425,195,198,424,fuck
424,160,193,418,fuck
422,221,192,412,fuck
514,181,192,431,fuck
429,193,191,432,fuck
419,187,211,422,fuck
423,176,188,417,fuck
417,186,187,399,fuck
416,166,202,410,fuck
416,180,170,403,fuck
426,178,190,401,fuck
414,175,174,396,fuck
413,175,175,376,fuck
419,168,181,387,fuck
418,175,174,376,fuck
417,165,192,362,fuck
418,174,183,386,fuck
419,175,183,409,fuck
418,173,182,406,fuck
428,176,184,399,fuck
425,183,191,398,fuck
420,188,177,407,fuck
419,158,183,404,fuck
416,176,165,411,fuck
420,168,289,407,fuck
419,141,179,412,fuck
412,168,189,370,fuck
418,149,178,402,fuck
421,163,178,411,fuck
411,117,170,394,fuck
407,161,176,409,fuck
416,162,166,387,fuck
413,161,172,381,fuck
420,158,178,379,fuck
406,160,178,374,fuck
524,160,178,375,fuck
437,161,174,423,fuck
459,157,174,386,fuck
413,156,185,372,fuck
413,157,166,368,fuck
427,163,179,360,fuck
414,158,162,358,fuck
411,165,181,366,fuck
420,157,173,371,fuck
409,164,175,326,fuck
409,158,171,364,fuck
413,156,172,360,fuck
428,158,173,357,fuck
413,156,178,354,fuck
405,157,171,348,fuck
409,160,166,393,fuck
409,210,183,344,fuck
413,146,166,343,fuck
472,164,182,371,fuck
413,157,179,336,fuck
414,160,166,321,fuck
416,156,195,325,fuck
420,156,183,322,fuck
393,160,168,325,fuck
412,198,184,314,fuck
417,159,189,312,fuck
410,157,189,304,fuck
412,157,197,298,fuck
412,153,192,296,fuck
407,151,181,292,fuck
401,165,176,298,fuck
425,169,181,285,fuck
412,180,182,294,fuck
403,171,175,316,fuck
406,184,187,328,fuck
404,176,180,295,fuck
407,170,179,303,fuck
403,186,184,288,fuck
404,179,180,293,fuck
406,179,172,295,fuck
403,178,185,312,fuck
407,176,189,320,fuck
393,179,187,308,fuck
401,175,188,306,fuck
401,156,189,305,fuck
409,174,175,297,fuck
396,174,185,320,fuck
403,171,172,319,fuck
399,177,192,324,fuck
395,183,175,324,fuck
399,195,187,329,fuck
396,208,176,326,fuck
389,192,179,340,fuck
401,189,186,339,fuck
405,123,190,334,fuck
412,190,186,336,fuck
413,188,171,328,fuck
405,188,187,336,fuck
409,184,180,337,fuck
499,186,185,320,fuck
404,176,182,355,fuck
403,188,184,349,fuck
408,187,179,345,fuck
403,193,174,342,fuck
400,174,190,341,fuck
399,185,180,325,fuck
405,178,162,330,fuck
399,176,169,329,fuck
401,177,179,353,fuck
402,175,177,340,fuck
404,179,164,337,fuck
390,173,178,334,fuck
404,166,183,328,fuck
402,172,173,318,fuck
409,155,186,317,fuck
394,167,163,325,fuck
402,173,178,311,fuck
404,179,196,318,fuck
413,170,178,313,fuck
405,177,187,315,fuck
423,181,172,311,fuck
413,182,167,313,fuck
399,170,192,302,fuck
404,184,179,297,fuck
409,186,182,300,fuck
379,181,174,298,fuck
394,181,181,310,fuck
412,170,176,342,fuck
406,178,168,316,fuck
404,182,171,320,fuck
403,179,176,309,fuck
404,171,174,301,fuck
406,170,173,326,fuck
401,174,176,320,fuck
400,171,168,326,fuck
400,178,177,328,fuck
401,169,134,339,fuck
407,174,100,334,fuck
399,172,172,329,fuck
397,188,173,315,fuck
397,172,166,317,fuck
411,165,186,314,fuck
398,185,162,315,fuck
399,136,180,308,fuck
400,188,169,309,fuck
399,197,171,313,fuck
392,197,155,310,fuck
402,190,167,303,fuck
382,191,152,305,fuck
403,205,167,304,fuck
400,192,164,302,fuck
384,194,169,324,fuck
386,193,167,301,fuck
398,192,129,298,fuck
397,194,155,299,fuck
400,193,180,304,fuck
405,189,166,298,fuck
403,192,167,299,fuck
389,182,169,290,fuck
397,184,155,272,fuck
395,181,165,281,fuck
394,184,146,276,fuck
390,177,155,303,fuck
399,166,181,309,fuck
398,178,166,298,fuck
397,169,165,305,fuck
397,179,160,304,fuck
399,178,165,307,fuck
401,181,166,307,fuck
401,174,174,299,fuck
407,175,167,288,fuck
400,181,170,296,fuck
402,173,86,305,fuck
400,192,168,308,fuck
392,169,207,314,fuck
402,173,167,296,fuck
410,188,166,308,fuck
398,167,167,302,fuck
401,168,167,296,fuck
388,171,163,320,fuck
407,122,168,318,fuck
397,183,168,277,fuck
412,170,169,303,fuck
405,189,156,307,fuck
407,179,165,305,fuck
404,186,153,299,fuck
408,183,158,295,fuck
406,185,167,306,fuck
399,188,166,315,fuck
409,190,171,313,fuck
408,192,166,307,fuck
412,197,170,306,fuck
392,198,165,303,fuck
409,212,170,308,fuck
397,197,164,326,fuck
411,205,165,331,fuck
406,194,164,329,fuck
410,184,152,331,fuck
408,197,167,289,fuck
406,202,166,333,fuck
466,200,171,337,fuck
407,184,120,327,fuck
410,195,166,324,fuck
397,184,172,316,fuck
410,174,166,317,fuck
416,184,171,313,fuck
411,181,169,309,fuck
421,192,170,314,fuck
426,170,165,296,fuck
411,180,176,308,fuck
407,179,152,308,fuck
411,175,166,308,fuck
416,164,163,299,fuck
408,177,188,305,fuck
416,180,169,324,fuck
415,91,164,325,fuck
413,161,168,327,fuck
417,183,169,314,fuck
416,170,169,321,fuck
419,84,160,315,fuck
414,169,166,317,fuck
416,157,172,314,fuck
434,175,169,316,fuck
417,170,177,328,fuck
418,171,145,328,fuck
430,175,169,324,fuck
417,167,168,319,fuck
416,173,169,324,fuck
411,155,180,320,fuck
413,174,171,321,fuck
444,168,168,320,fuck
435,171,161,316,fuck
404,159,179,312,fuck
412,164,168,299,fuck
406,180,164,304,fuck
404,164,172,303,fuck
400,173,160,306,fuck
400,162,164,314,fuck
410,165,166,320,fuck
409,165,169,303,fuck
392,166,169,312,fuck
421,162,165,335,fuck
415,169,168,328,fuck
426,174,171,326,fuck
408,170,166,327,fuck
404,160,166,330,fuck
403,205,165,326,fuck
405,173,166,330,fuck
411,180,179,335,fuck
402,179,162,333,fuck
398,180,167,334,fuck
432,176,162,316,fuck
388,183,163,317,fuck
405,171,166,317,fuck
401,175,190,315,fuck
395,173,58,304,fuck
402,174,173,304,fuck
402,156,182,301,fuck
417,169,156,295,fuck
399,153,167,325,fuck
406,183,163,332,fuck
431,166,165,334,fuck
405,173,164,269,fuck
399,180,164,332,fuck
398,166,170,328,fuck
394,173,160,325,fuck
410,166,163,315,fuck
403,147,162,331,fuck
398,162,165,336,fuck
402,161,161,331,fuck
393,160,146,322,fuck
394,157,182,325,fuck
397,176,161,317,fuck
395,162,161,307,fuck
383,155,159,304,fuck
396,154,152,301,fuck
400,154,161,333,fuck
396,152,165,341,fuck
401,151,160,333,fuck
400,157,188,338,fuck
399,155,159,332,fuck
392,152,148,327,fuck
398,149,158,330,fuck
402,202,167,320,fuck
395,148,164,318,fuck
397,154,160,339,fuck
403,138,166,339,fuck
408,146,164,333,fuck
416,135,170,335,fuck
406,147,85,331,fuck
403,146,151,348,fuck
305,142,161,355,fuck
408,144,165,372,fuck
392,137,161,374,fuck
411,144,162,379,fuck
406,130,165,372,fuck
410,137,155,391,fuck
412,133,163,389,fuck
413,131,184,389,fuck
413,141,183,407,fuck
409,136,174,401,fuck
430,140,174,400,fuck
392,140,171,404,fuck
415,142,172,400,fuck
402,154,177,349,fuck
413,147,172,401,fuck
417,150,176,407,fuck
408,155,171,410,fuck
421,145,194,416,fuck
416,144,178,407,fuck
413,137,201,397,fuck
412,148,200,411,fuck
416,158,185,406,fuck
433,149,205,411,fuck
418,161,204,362,fuck
417,149,206,392,fuck
428,168,210,400,fuck
423,153,207,390,fuck
420,149,203,371,fuck
424,146,208,377,fuck
421,149,201,381,fuck
367,154,207,373,fuck
416,148,210,371,fuck
425,134,210,364,fuck
426,151,221,362,fuck
427,154,222,356,fuck
426,145,202,352,fuck
426,152,225,344,fuck
437,148,224,355,fuck
429,152,220,393,fuck
439,154,224,392,fuck
434,150,227,394,fuck
437,146,219,385,fuck
437,158,221,402,fuck
438,155,213,400,fuck
428,158,206,390,fuck
432,158,213,392,fuck
437,163,215,397,fuck
425,157,219,395,fuck
436,157,218,384,fuck
416,167,201,385,fuck
441,152,223,377,fuck
438,159,249,384,fuck
425,165,240,369,fuck
431,153,221,365,fuck
445,174,204,364,fuck
429,177,217,386,fuck
440,165,216,396,fuck
428,160,215,388,fuck
435,166,212,370,fuck
428,168,210,363,fuck
424,160,214,362,fuck
425,228,207,353,fuck
426,158,208,348,fuck
444,157,207,346,fuck
425,157,214,347,fuck
424,155,207,352,fuck
445,160,196,345,fuck
425,142,210,344,fuck
427,154,195,336,fuck
420,153,233,331,fuck
424,151,214,322,fuck
423,159,229,321,fuck
423,149,212,314,fuck
429,140,232,292,fuck
429,148,215,304,fuck
440,148,212,316,fuck
418,185,212,299,fuck
431,148,219,297,fuck
432,153,205,292,fuck
522,146,209,281,fuck
420,148,206,307,fuck
424,147,202,315,fuck
358,139,207,293,fuck
424,164,203,314,fuck
424,150,210,313,fuck
439,147,220,311,fuck
423,140,208,304,fuck
423,148,205,301,fuck
420,145,209,307,fuck
430,146,207,287,fuck
422,144,198,286,fuck
418,145,203,295,fuck
419,135,204,316,fuck
421,145,198,330,fuck
415,144,198,333,fuck
420,139,191,332,fuck
420,141,192,334,fuck
427,131,189,328,fuck
419,139,194,316,fuck
418,131,193,371,fuck
420,154,195,391,fuck
420,140,195,397,fuck
512,138,194,408,fuck
416,145,194,416,fuck
424,137,194,417,fuck
419,142,193,420,fuck
416,149,185,417,fuck
410,135,191,417,fuck
417,123,194,401,fuck
405,138,188,416,fuck
412,142,184,411,fuck
417,137,187,411,fuck
418,139,192,410,fuck
416,182,196,396,fuck
409,182,187,400,fuck
415,137,185,385,fuck
414,164,178,374,fuck
416,141,175,372,fuck
406,132,202,379,fuck
415,136,168,375,fuck
414,137,185,370,fuck
328,141,186,371,fuck
437,141,185,375,fuck
416,141,189,390,fuck
409,150,188,388,fuck
417,151,193,408,fuck
416,160,187,404,fuck
399,145,188,402,fuck
413,154,186,402,fuck
404,142,200,395,fuck
408,145,189,389,fuck
414,137,188,388,fuck
414,138,181,375,fuck
411,140,185,369,fuck
410,144,194,380,fuck
415,144,188,306,fuck
412,141,183,385,fuck
409,133,185,394,fuck
412,140,189,370,fuck
398,140,177,367,fuck
409,153,182,366,fuck
400,140,178,364,fuck
401,131,201,363,fuck
469,140,183,362,fuck
410,145,92,340,fuck
433,138,182,345,fuck
404,134,205,350,fuck
404,134,188,337,fuck
412,136,165,334,fuck
446,136,182,338,fuck
420,138,188,335,fuck
414,133,181,340,fuck
412,134,185,388,fuck
419,136,184,390,fuck
393,161,182,386,fuck
407,139,183,382,fuck
423,131,182,381,fuck
404,125,177,372,fuck
403,133,189,370,fuck
416,128,179,370,fuck
410,132,180,402,fuck
397,134,182,386,fuck
422,128,180,386,fuck
407,141,172,383,fuck
404,133,179,384,fuck
410,137,176,385,fuck
405,137,162,375,fuck
406,134,181,384,fuck
392,133,209,377,fuck
401,134,172,359,fuck
400,137,178,384,fuck
406,129,171,369,fuck
400,126,176,366,fuck
480,128,174,346,fuck
389,125,188,348,fuck
410,135,179,351,fuck
405,123,178,345,fuck
407,129,189,344,fuck
418,128,184,330,fuck
405,135,205,334,fuck
421,138,168,329,fuck
407,129,184,322,fuck
396,133,182,319,fuck
406,120,206,317,fuck
404,151,178,337,fuck
408,140,224,331,fuck
404,135,192,324,fuck
418,135,179,341,fuck
404,145,192,330,fuck
413,128,183,328,fuck
402,135,184,321,fuck
407,132,192,320,fuck
406,130,192,303,fuck
406,133,196,308,fuck
404,117,210,308,fuck
410,75,193,314,fuck
411,125,192,338,fuck
428,133,192,345,fuck
408,125,189,334,fuck
413,138,190,349,fuck
317,131,187,353,fuck
427,130,153,344,fuck
346,130,187,334,fuck
425,134,172,345,fuck
416,130,188,353,fuck
419,130,189,362,fuck
426,135,183,368,fuck
429,136,185,366,fuck
429,145,184,362,fuck
427,141,186,341,fuck
429,143,182,352,fuck
447,143,184,354,fuck
431,149,202,350,fuck
432,148,187,362,fuck
431,144,184,356,fuck
430,149,135,359,fuck
424,151,182,344,fuck
426,129,187,346,fuck
422,151,183,350,fuck
424,151,206,347,fuck
426,140,179,341,fuck
443,129,181,337,fuck
441,154,187,333,fuck
432,132,187,355,fuck
421,144,196,325,fuck
429,140,188,319,fuck
435,142,210,315,fuck
421,142,196,341,fuck
434,131,194,335,fuck
416,139,206,338,fuck
427,147,208,334,fuck
429,146,216,336,fuck
425,148,215,338,fuck
430,150,224,337,fuck
429,152,228,336,fuck
435,149,219,338,fuck
415,141,217,327,fuck
417,131,228,321,fuck
425,141,217,342,fuck
423,138,212,336,fuck
423,161,218,384,fuck
426,146,208,382,fuck
425,133,213,392,fuck
420,141,206,402,fuck
425,140,203,394,fuck
427,139,209,368,fuck
420,135,200,370,fuck
421,140,209,379,fuck
415,184,213,375,fuck
419,141,206,385,fuck
418,133,207,386,fuck
413,124,198,423,fuck
417,138,201,378,fuck
420,140,215,374,fuck
414,138,200,384,fuck
416,137,200,385,fuck
420,141,200,386,fuck
414,141,197,411,fuck
409,149,199,376,fuck
412,148,195,405,fuck
410,157,198,415,fuck
410,148,188,417,fuck
414,158,198,412,fuck
412,140,194,422,fuck
413,148,204,426,fuck
411,160,195,421,fuck
419,137,191,414,fuck
412,140,193,417,fuck
409,142,189,416,fuck
415,162,191,403,fuck
415,128,188,395,fuck
406,142,180,404,fuck
400,137,196,387,fuck
410,142,196,394,fuck
390,142,187,386,fuck
404,135,181,381,fuck
409,137,186,380,fuck
393,145,182,366,fuck
402,139,187,378,fuck
394,137,182,348,fuck
393,147,188,356,fuck
409,157,183,350,fuck
395,148,182,355,fuck
396,146,172,344,fuck
392,144,183,338,fuck
398,136,194,328,fuck
398,138,177,330,fuck
387,134,182,326,fuck
401,135,179,320,fuck
398,148,179,317,fuck
405,133,180,314,fuck
409,124,189,302,fuck
406,118,183,320,fuck
409,133,165,323,fuck
403,137,194,329,fuck
410,124,190,322,fuck
409,136,198,324,fuck
409,132,193,322,fuck
410,108,201,324,fuck
409,134,196,321,fuck
412,132,181,318,fuck
400,130,195,317,fuck
415,133,184,309,fuck
413,144,193,310,fuck
430,150,188,294,fuck
410,154,181,298,fuck
374,151,186,302,fuck
412,236,195,295,fuck
394,155,183,318,fuck
417,150,189,315,fuck
413,161,195,329,fuck
422,136,210,336,fuck
421,156,195,341,fuck
416,154,198,325,fuck
449,154,198,331,fuck
432,152,200,328,fuck
427,153,192,328,fuck
437,158,202,324,fuck
432,151,203,345,fuck
448,142,199,355,fuck
431,149,197,339,fuck
420,153,199,354,fuck
429,148,195,348,fuck
428,148,198,350,fuck
426,145,198,344,fuck
423,168,196,345,fuck
425,146,196,342,fuck
425,150,198,340,fuck
412,146,198,342,fuck
422,157,191,326,fuck
421,143,192,329,fuck
420,144,200,320,fuck
423,140,201,317,fuck
410,139,188,309,fuck
426,150,192,310,fuck
418,141,194,299,fuck
423,132,195,342,fuck
418,96,194,344,fuck
422,133,192,344,fuck
437,142,196,341,fuck
416,149,195,331,fuck
423,154,268,351,fuck
422,152,186,358,fuck
425,153,197,359,fuck
442,152,187,354,fuck
423,180,187,357,fuck
429,162,184,361,fuck
424,163,186,360,fuck
420,162,189,363,fuck
421,167,187,356,fuck
420,165,136,346,fuck
434,164,177,377,fuck
419,153,189,388,fuck
431,161,186,395,fuck
411,155,202,395,fuck
417,157,185,389,fuck
416,155,176,384,fuck
420,156,205,386,fuck
421,156,182,374,fuck
421,154,180,384,fuck
415,160,176,380,fuck
422,152,172,375,fuck
418,130,192,375,fuck
405,151,180,370,fuck
398,153,186,360,fuck
404,156,176,357,fuck
413,140,177,355,fuck
409,133,183,346,fuck
410,152,180,346,fuck
402,137,187,342,fuck
412,147,185,336,fuck
393,147,190,332,fuck
419,140,193,371,fuck
409,146,186,367,fuck
416,144,200,298,fuck
415,145,193,357,fuck
413,143,191,352,fuck
413,143,195,365,fuck
414,147,192,368,fuck
416,162,190,376,fuck
410,164,194,375,fuck
414,161,199,368,fuck
412,162,192,379,fuck
412,164,195,367,fuck
402,163,184,384,fuck
405,158,181,363,fuck
438,170,182,378,fuck
419,153,189,358,fuck
400,159,194,336,fuck
412,162,177,345,fuck
414,162,188,333,fuck
404,160,188,324,fuck
415,156,187,328,fuck
393,161,196,355,fuck
404,160,184,320,fuck
414,164,188,321,fuck
369,160,183,316,fuck
422,160,191,302,fuck
398,158,170,325,fuck
415,157,183,341,fuck
410,168,187,336,fuck
412,155,182,334,fuck
408,161,180,325,fuck
402,196,182,329,fuck
416,176,190,351,fuck
418,154,194,345,fuck
419,154,198,352,fuck
420,152,203,356,fuck
425,150,199,342,fuck
425,151,194,352,fuck
439,77,193,342,fuck
437,148,193,346,fuck
426,111,200,339,fuck
426,145,203,349,fuck
434,152,192,345,fuck
440,144,194,346,fuck
432,145,193,348,fuck
439,87,200,336,fuck
429,140,191,333,fuck
436,145,204,324,fuck
450,133,194,322,fuck
441,142,187,309,fuck
440,225,192,314,fuck
419,142,190,305,fuck
443,149,194,231,fuck
432,142,193,303,fuck
433,134,174,301,fuck
435,137,194,297,fuck
435,148,194,286,fuck
432,153,191,286,fuck
437,140,186,305,fuck
446,152,191,302,fuck
439,120,200,303,fuck
446,137,189,311,fuck
442,124,188,306,fuck
441,136,188,302,fuck
429,136,82,308,fuck
437,120,185,314,fuck
437,134,199,330,fuck
438,134,184,332,fuck
437,136,169,329,fuck
420,141,189,316,fuck
459,134,182,330,fuck
447,134,185,346,fuck
439,119,197,349,fuck
453,140,178,347,fuck
440,116,185,342,fuck
438,133,172,348,fuck
446,134,181,264,fuck
443,132,188,338,fuck
446,137,176,334,fuck
448,132,181,349,fuck
461,131,186,353,fuck
440,136,186,348,fuck
438,120,184,349,fuck
440,119,181,346,fuck
435,131,180,367,fuck
447,128,182,364,fuck
436,130,180,363,fuck
438,130,180,365,fuck
441,146,173,369,fuck
434,128,179,354,fuck
449,129,183,363,fuck
435,123,178,343,fuck
441,128,177,351,fuck
436,125,188,354,fuck
436,132,175,356,fuck
431,126,178,340,fuck
430,116,180,354,fuck
440,132,179,373,fuck
459,126,174,353,fuck
444,137,177,347,fuck
439,124,173,337,fuck
445,126,169,329,fuck
431,118,177,333,fuck
442,125,178,336,fuck
444,126,179,338,fuck
452,124,223,362,fuck
438,125,198,361,fuck
438,122,197,358,fuck
450,121,178,351,fuck
448,126,160,348,fuck
444,122,192,337,fuck
443,124,128,341,fuck
442,121,182,345,fuck
445,120,212,341,fuck
447,136,194,331,fuck
445,123,191,318,fuck
438,114,215,310,fuck
374,122,192,317,fuck
437,122,196,329,fuck
451,120,192,367,fuck
442,121,212,366,fuck
445,122,190,366,fuck
441,123,190,351,fuck
442,120,186,367,fuck
452,119,188,358,fuck
440,112,192,347,fuck
452,137,192,348,fuck
442,125,183,341,fuck
443,131,185,340,fuck
447,151,186,333,fuck
440,118,188,328,fuck
445,134,184,327,fuck
440,140,188,368,fuck
449,134,186,362,fuck
493,132,184,361,fuck
433,126,184,372,fuck
438,144,173,372,fuck
437,186,185,357,fuck
528,136,189,375,fuck
443,144,193,360,fuck
447,140,199,368,fuck
441,138,187,395,fuck
448,139,187,365,fuck
441,135,184,375,fuck
446,153,204,376,fuck
445,146,174,374,fuck
454,146,177,376,fuck
437,170,190,374,fuck
438,151,177,385,fuck
440,153,180,388,fuck
436,152,181,408,fuck
434,149,172,400,fuck
438,149,179,392,fuck
430,155,177,396,fuck
438,155,177,380,fuck
439,148,190,410,fuck
438,145,200,397,fuck
432,106,174,392,fuck
434,152,189,396,fuck
428,137,192,387,fuck
440,149,184,382,fuck
427,151,190,367,fuck
439,149,193,371,fuck
433,149,183,372,fuck
441,161,193,362,fuck
439,163,172,359,fuck
429,158,190,357,fuck
446,156,192,358,fuck
445,183,178,365,fuck
451,157,185,362,fuck
434,153,195,362,fuck
447,156,189,358,fuck
442,157,192,353,fuck
445,173,158,340,fuck
469,157,189,344,fuck
449,160,178,327,fuck
418,158,187,326,fuck
439,143,191,330,fuck
449,167,186,321,fuck
446,157,184,324,fuck
452,158,185,284,fuck
446,163,192,314,fuck
449,179,182,313,fuck
454,155,182,307,fuck
450,160,188,342,fuck
442,238,171,357,fuck
444,160,177,356,fuck
352,149,183,305,fuck
455,157,190,347,fuck
452,95,172,351,fuck
437,159,76,363,fuck
447,157,184,368,fuck
452,194,186,367,fuck
466,128,184,367,fuck
449,154,190,366,fuck
428,151,182,360,fuck
443,144,183,369,fuck
442,149,184,377,fuck
442,148,191,388,fuck
435,158,176,382,fuck
516,138,181,364,fuck
439,150,183,362,fuck
430,149,187,372,fuck
438,149,192,374,fuck
420,149,202,386,fuck
427,144,196,379,fuck
432,149,183,370,fuck
436,152,189,363,fuck
433,162,188,370,fuck
438,166,187,364,fuck
432,165,188,373,fuck
451,175,197,378,fuck
438,181,185,365,fuck
438,179,201,368,fuck
441,223,190,364,fuck
437,175,194,372,fuck
435,176,194,353,fuck
436,177,193,353,fuck
448,179,238,349,fuck
438,178,195,340,fuck
434,158,196,343,fuck
413,193,210,340,fuck
423,170,225,335,fuck
431,171,206,324,fuck
431,172,218,328,fuck
442,155,220,325,fuck
437,167,212,350,fuck
450,167,214,340,fuck
447,165,216,357,fuck
429,152,210,371,fuck
432,163,212,372,fuck
431,169,210,371,fuck
438,160,216,364,fuck
430,256,208,373,fuck
429,157,214,369,fuck
409,150,210,372,fuck
418,155,211,364,fuck
440,161,203,395,fuck
431,161,201,374,fuck
430,158,210,384,fuck
431,152,205,374,fuck
435,138,203,378,fuck
436,71,194,365,fuck
435,154,204,374,fuck
428,161,202,375,fuck
432,165,203,373,fuck
430,161,209,375,fuck
423,168,206,380,fuck
427,152,206,369,fuck
430,144,202,401,fuck
437,158,206,400,fuck
431,145,224,395,fuck
438,150,211,394,fuck
425,140,226,403,fuck
453,152,219,393,fuck
439,154,218,412,fuck
382,139,218,394,fuck
440,154,221,435,fuck
437,148,222,424,fuck
436,150,216,431,fuck
434,147,220,439,fuck
437,68,217,421,fuck
432,144,221,405,fuck
442,139,225,433,fuck
435,146,205,434,fuck
445,144,221,439,fuck
431,146,220,439,fuck
437,140,219,449,fuck
451,144,249,439,fuck
436,147,207,485,fuck
438,133,198,433,fuck
437,141,197,432,fuck
440,136,219,423,fuck
439,150,220,446,fuck
437,152,213,432,fuck
448,154,205,432,fuck
445,155,205,430,fuck
449,168,211,420,fuck
444,165,213,416,fuck
445,164,197,406,fuck
441,162,208,400,fuck
429,160,206,394,fuck
425,162,206,389,fuck
438,160,202,369,fuck
433,158,200,365,fuck
434,158,194,376,fuck
434,163,202,366,fuck
433,156,211,364,fuck
434,157,200,359,fuck
434,147,213,358,fuck
431,155,200,377,fuck
429,157,202,367,fuck
430,150,194,327,fuck
433,171,197,370,fuck
440,169,194,365,fuck
438,154,205,369,fuck
424,154,195,370,fuck
374,155,192,350,fuck
453,171,181,368,fuck
439,146,180,374,fuck
439,153,194,377,fuck
434,153,186,380,fuck
443,156,188,355,fuck
436,148,200,364,fuck
447,160,187,366,fuck
439,166,168,358,fuck
429,164,196,348,fuck
446,169,192,373,fuck
444,168,188,368,fuck
424,171,187,358,fuck
436,171,172,369,fuck
428,171,186,352,fuck
431,171,205,356,fuck
432,204,172,343,fuck
434,166,182,346,fuck
431,165,175,339,fuck
432,162,190,336,fuck
432,162,184,335,fuck
432,238,195,332,fuck
428,165,194,313,fuck
432,172,211,320,fuck
432,164,220,313,fuck
433,164,211,281,fuck
413,175,207,309,fuck
434,170,196,329,fuck
424,171,236,326,fuck
461,167,213,322,fuck
438,165,219,320,fuck
441,157,212,314,fuck
445,172,168,295,fuck
440,172,213,331,fuck
441,164,205,318,fuck
427,167,132,293,fuck
443,164,209,284,fuck
460,163,193,301,fuck
441,162,204,290,fuck
441,164,204,293,fuck
436,160,203,277,fuck
440,158,208,293,fuck
448,161,303,293,fuck
444,163,209,287,fuck
446,162,192,282,fuck
444,142,200,278,fuck
443,165,214,294,fuck
446,163,197,290,fuck
455,150,216,288,fuck
450,156,199,283,fuck
451,156,196,278,fuck
451,154,135,280,fuck
448,154,196,274,fuck
444,148,194,277,fuck
441,149,184,262,fuck
442,152,190,267,fuck
446,140,170,272,fuck
441,151,192,272,fuck
439,152,196,272,fuck
469,149,194,266,fuck
440,155,189,262,fuck
440,153,191,256,fuck
434,147,189,261,fuck
430,133,194,295,fuck
422,147,194,277,fuck
439,141,198,280,fuck
435,145,191,293,fuck
442,144,213,291,fuck
440,133,193,299,fuck
422,144,192,283,fuck
425,143,186,279,fuck
438,143,187,284,fuck
423,140,186,304,fuck
430,137,185,316,fuck
450,139,186,320,fuck
432,144,186,374,fuck
435,132,174,328,fuck
430,139,185,326,fuck
430,137,185,342,fuck
432,141,183,346,fuck
433,134,182,336,fuck
436,139,185,324,fuck
445,137,181,338,fuck
437,136,166,325,fuck
434,129,188,316,fuck
439,135,120,331,fuck
435,140,198,331,fuck
450,132,182,340,fuck
438,139,188,327,fuck
428,151,185,318,fuck
443,142,199,304,fuck
437,159,180,316,fuck
453,162,178,314,fuck
435,161,180,301,fuck
431,151,176,288,fuck
424,159,180,299,fuck
422,157,180,318,fuck
433,160,181,319,fuck
433,158,176,332,fuck
433,148,180,328,fuck
427,156,166,332,fuck
436,154,180,349,fuck
437,157,158,357,fuck
438,154,171,363,fuck
439,145,195,366,fuck
435,160,164,360,fuck
433,152,171,400,fuck
431,154,175,425,fuck
436,157,163,422,fuck
459,155,174,433,fuck
417,155,179,434,fuck
432,157,175,436,fuck
436,156,170,490,fuck
442,154,186,441,fuck
440,150,147,441,fuck
444,99,184,447,fuck
526,160,186,436,fuck
440,158,198,449,fuck
450,161,236,443,fuck
466,160,199,436,fuck
455,154,202,422,fuck
472,160,199,414,fuck
461,160,200,431,fuck
465,165,198,420,fuck
468,164,193,432,fuck
461,165,196,384,fuck
470,158,195,430,fuck
466,163,195,435,fuck
466,154,197,445,fuck
464,154,194,455,fuck
451,150,192,455,fuck
464,158,194,463,fuck
454,156,214,468,fuck
459,154,202,464,fuck
456,145,193,460,fuck
442,150,177,451,fuck
451,154,189,450,fuck
459,136,209,438,fuck
453,149,180,436,fuck
447,154,194,417,fuck
452,82,193,447,fuck
441,148,191,445,fuck
449,146,188,434,fuck
445,151,198,449,fuck
446,147,202,440,fuck
437,148,192,437,fuck
446,158,201,432,fuck
458,130,212,431,fuck
455,166,200,440,fuck
452,142,208,439,fuck
453,156,208,438,fuck
453,147,201,476,fuck
451,143,211,472,fuck
455,208,206,476,fuck
452,143,208,474,fuck
450,142,210,465,fuck
441,144,199,473,fuck
450,134,204,474,fuck
448,140,205,473,fuck
446,123,204,473,fuck
446,144,204,471,fuck
443,137,181,468,fuck
449,139,200,464,fuck
436,134,226,469,fuck
437,134,200,461,fuck
449,136,196,446,fuck
443,135,198,440,fuck
445,137,203,440,fuck
447,140,197,416,fuck
441,125,199,424,fuck
442,126,200,417,fuck
424,136,194,408,fuck
442,138,182,444,fuck
408,134,195,417,fuck
436,129,197,430,fuck
443,134,193,426,fuck
458,134,198,419,fuck
459,137,194,414,fuck
445,125,228,453,fuck
450,133,218,450,fuck
445,131,217,446,fuck
440,131,218,443,fuck
451,135,218,440,fuck
443,133,216,444,fuck
442,133,219,435,fuck
445,136,227,436,fuck
442,126,217,430,fuck
443,133,222,430,fuck
450,133,214,430,fuck
448,146,219,441,fuck
517,132,218,400,fuck
461,129,209,407,fuck
438,136,216,402,fuck
436,138,212,396,fuck
438,137,196,381,fuck
434,137,236,385,fuck
443,136,202,371,fuck
437,141,211,372,fuck
436,136,192,365,fuck
437,139,200,352,fuck
438,124,206,356,fuck
439,145,207,352,fuck
439,126,226,353,fuck
441,133,198,366,fuck
427,133,212,370,fuck
434,136,219,364,fuck
440,140,203,357,fuck
432,141,204,349,fuck
428,146,205,316,fuck
411,134,203,366,fuck
431,128,224,362,fuck
431,133,200,360,fuck
429,136,206,363,fuck
434,124,202,367,fuck
430,136,199,368,fuck
429,122,196,388,fuck
438,128,200,380,fuck
426,114,197,395,fuck
536,129,201,386,fuck
432,128,203,381,fuck
459,131,194,380,fuck
420,141,202,372,fuck
430,151,198,369,fuck
442,133,195,362,fuck
438,133,199,376,fuck
433,134,205,355,fuck
424,137,199,344,fuck
433,128,262,348,fuck
342,134,205,336,fuck
436,122,217,321,fuck
439,142,210,339,fuck
440,132,154,370,fuck
431,130,256,360,fuck
432,116,206,361,fuck
434,118,217,348,fuck
433,107,207,360,fuck
434,137,206,358,fuck
433,129,211,375,fuck
430,130,182,367,fuck
425,122,209,375,fuck
430,128,203,378,fuck
428,129,208,372,fuck
429,120,203,379,fuck
427,128,199,363,fuck
426,64,199,376,fuck
430,123,196,372,fuck
438,124,200,381,fuck
429,133,198,362,fuck
426,136,197,371,fuck
469,128,199,397,fuck
419,131,205,327,fuck
419,120,202,370,fuck
438,121,196,365,fuck
409,117,204,360,fuck
435,126,201,395,fuck
432,140,204,345,fuck
429,136,213,415,fuck
433,133,211,390,fuck
420,140,194,438,fuck
438,72,215,433,fuck
433,128,214,439,fuck
441,128,199,439,fuck
441,134,197,439,fuck
441,128,199,437,fuck
436,128,211,431,fuck
443,116,214,423,fuck
442,134,194,463,fuck
445,149,204,446,fuck
446,138,215,446,fuck
442,139,202,424,fuck
428,136,208,458,fuck
443,136,202,466,fuck
427,140,192,461,fuck
446,130,201,460,fuck
446,137,201,476,fuck
448,139,204,468,fuck
429,136,205,459,fuck
443,179,198,450,fuck
439,126,184,439,fuck
444,148,197,431,fuck
405,136,197,427,fuck
440,87,211,422,fuck
436,137,196,424,fuck
437,142,195,416,fuck
427,138,195,406,fuck
432,135,196,397,fuck
434,142,180,396,fuck
432,120,188,428,fuck
432,129,194,386,fuck
424,134,200,390,fuck
435,124,189,397,fuck
433,136,190,409,fuck
431,124,187,418,fuck
434,153,181,428,fuck
451,132,187,423,fuck
434,134,188,419,fuck
432,133,188,419,fuck
449,131,190,411,fuck
441,128,179,408,fuck
426,132,188,400,fuck
438,133,192,413,fuck
434,135,186,407,fuck
426,134,186,376,fuck
434,128,184,403,fuck
436,131,187,410,fuck
432,129,180,408,fuck
426,122,181,391,fuck
425,128,176,392,fuck
420,123,173,398,fuck
443,128,185,492,fuck
436,131,185,418,fuck
435,132,187,436,fuck
439,128,185,430,fuck
449,126,185,429,fuck
433,117,186,429,fuck
437,126,196,419,fuck
431,126,201,422,fuck
430,132,179,433,fuck
440,125,122,422,fuck
427,118,188,434,fuck
420,139,186,447,fuck
426,121,188,438,fuck
438,124,126,446,fuck
413,124,183,438,fuck
445,122,185,439,fuck
427,132,182,432,fuck
424,119,237,449,fuck
426,128,184,432,fuck
426,120,174,436,fuck
422,128,187,433,fuck
421,123,178,411,fuck
413,128,181,373,fuck
426,124,181,438,fuck
429,124,164,422,fuck
423,122,216,427,fuck
436,115,201,422,fuck
430,126,195,411,fuck
430,126,177,389,fuck
439,120,184,397,fuck
433,135,180,391,fuck
430,126,176,389,fuck
416,123,177,387,fuck
410,138,176,388,fuck
431,134,176,426,fuck
421,146,204,432,fuck
431,149,181,425,fuck
432,165,168,424,fuck
428,171,177,418,fuck
441,166,184,409,fuck
428,194,175,402,fuck
416,184,180,397,fuck
451,181,176,394,fuck
421,172,181,396,fuck
422,180,185,393,fuck
425,182,189,386,fuck
424,189,184,372,fuck
423,179,189,384,fuck
427,173,182,396,fuck
440,174,181,393,fuck
434,172,178,393,fuck
427,171,186,379,fuck
427,169,176,393,fuck
432,168,187,412,fuck
432,167,189,405,fuck
429,171,179,410,fuck
432,175,187,376,fuck
433,163,180,388,fuck
435,156,192,402,fuck
434,196,183,395,fuck
437,166,190,392,fuck
444,163,185,402,fuck
419,161,176,395,fuck
361,161,183,325,fuck
434,176,182,389,fuck
420,160,185,392,fuck
427,166,165,432,fuck
425,163,182,418,fuck
444,155,180,432,fuck
435,161,176,443,fuck
434,156,270,438,fuck
457,155,178,442,fuck
426,168,186,433,fuck
437,155,185,431,fuck
436,154,181,433,fuck
428,135,176,426,fuck
440,152,178,425,fuck
434,137,182,399,fuck
436,149,177,413,fuck
433,154,198,419,fuck
409,147,174,407,fuck
428,150,165,413,fuck
427,163,174,414,fuck
432,153,177,378,fuck
416,140,178,410,fuck
428,145,182,405,fuck
428,155,178,400,fuck
422,146,203,398,fuck
428,147,167,422,fuck
425,129,176,427,fuck
428,147,183,443,fuck
417,155,156,427,fuck
437,144,177,427,fuck
422,148,172,428,fuck
415,138,170,435,fuck
421,141,198,436,fuck
424,145,178,420,fuck
420,140,174,450,fuck
422,153,163,444,fuck
426,141,175,424,fuck
420,142,173,423,fuck
421,111,172,420,fuck
419,139,173,424,fuck
421,146,173,419,fuck
418,156,168,414,fuck
424,192,174,434,fuck
425,151,180,438,fuck
440,154,157,430,fuck
426,210,168,425,fuck
431,152,175,424,fuck
427,150,185,422,fuck
422,146,170,440,fuck
417,149,171,443,fuck
432,147,170,431,fuck
428,137,160,437,fuck
405,147,169,444,fuck
422,147,174,462,fuck
411,144,178,451,fuck
418,144,170,444,fuck
417,232,168,441,fuck
417,138,173,434,fuck
418,132,164,436,fuck
414,161,162,438,fuck
416,141,171,450,fuck
407,142,170,439,fuck
422,136,180,452,fuck
420,140,158,462,fuck
423,142,167,462,fuck
436,140,168,462,fuck
418,134,164,463,fuck
424,142,169,437,fuck
417,133,165,424,fuck
424,138,166,436,fuck
420,131,166,428,fuck
428,136,162,428,fuck
419,136,168,428,fuck
418,146,156,423,fuck
418,134,163,417,fuck
417,137,174,361,fuck
408,136,172,396,fuck
416,121,168,395,fuck
422,125,164,443,fuck
419,137,164,409,fuck
428,134,166,414,fuck
409,136,185,407,fuck
435,135,167,395,fuck
419,128,164,446,fuck
424,139,168,398,fuck
430,137,166,390,fuck
418,135,158,412,fuck
442,135,150,444,fuck
425,126,173,445,fuck
417,116,161,462,fuck
422,135,166,458,fuck
398,129,161,455,fuck
427,114,168,477,fuck
415,137,160,475,fuck
417,138,152,474,fuck
412,132,166,498,fuck
417,122,161,493,fuck
441,126,167,509,fuck
418,131,161,508,fuck
401,135,177,502,fuck
416,114,165,509,fuck
419,134,161,505,fuck
426,123,170,502,fuck
416,130,161,486,fuck
420,132,96,501,fuck
418,136,170,487,fuck
414,142,183,487,fuck
449,141,165,477,fuck
415,194,170,459,fuck
399,135,175,464,fuck
417,134,167,457,fuck
401,154,152,445,fuck
432,141,168,452,fuck
417,99,184,435,fuck
418,148,190,452,fuck
413,148,166,431,fuck
428,134,177,442,fuck
418,150,165,433,fuck
414,148,171,440,fuck
414,146,167,434,fuck
395,143,157,428,fuck
385,143,163,442,fuck
396,146,162,419,fuck
408,146,184,412,fuck
408,141,168,403,fuck
411,141,146,384,fuck
411,142,172,392,fuck
407,137,171,382,fuck
413,58,176,374,fuck
410,142,172,373,fuck
429,129,184,388,fuck
413,133,177,388,fuck
420,133,173,384,fuck
406,129,197,354,fuck
421,150,164,396,fuck
406,138,164,398,fuck
432,136,180,405,fuck
422,134,80,392,fuck
434,138,277,393,fuck
425,137,178,385,fuck
431,132,184,410,fuck
436,136,185,389,fuck
437,129,216,398,fuck
435,126,171,384,fuck
426,141,173,368,fuck
438,134,270,398,fuck
426,136,181,395,fuck
427,70,179,393,fuck
387,134,184,398,fuck
429,132,181,401,fuck
430,133,182,403,fuck
430,133,177,400,fuck
417,128,181,403,fuck
425,132,184,399,fuck
453,138,177,392,fuck
425,122,174,373,fuck
426,131,178,378,fuck
426,133,181,376,fuck
427,114,181,380,fuck
377,131,166,365,fuck
428,129,178,363,fuck
409,121,183,352,fuck
424,125,175,372,fuck
411,133,164,353,fuck
413,125,176,376,fuck
424,128,172,381,fuck
427,119,192,374,fuck
423,137,175,370,fuck
431,116,171,345,fuck
422,102,174,369,fuck
427,128,170,369,fuck
486,138,176,406,fuck
422,128,156,355,fuck
404,156,175,348,fuck
421,133,166,362,fuck
467,144,174,356,fuck
446,133,173,368,fuck
425,138,180,358,fuck
424,141,177,358,fuck
428,144,187,350,fuck
430,156,178,351,fuck
472,152,185,338,fuck
435,151,185,339,fuck
422,147,186,335,fuck
432,150,187,355,fuck
421,148,183,356,fuck
422,144,191,353,fuck
416,144,189,368,fuck
428,166,192,348,fuck
427,146,177,340,fuck
431,67,196,340,fuck
429,147,192,338,fuck
430,147,195,349,fuck
429,143,198,364,fuck
426,142,192,374,fuck
429,141,194,350,fuck
425,64,192,364,fuck
427,139,188,315,fuck
428,137,187,359,fuck
430,144,195,353,fuck
441,146,204,354,fuck
432,137,197,348,fuck
434,152,195,333,fuck
426,150,205,340,fuck
431,166,194,331,fuck
425,148,204,329,fuck
436,140,186,325,fuck
427,149,194,318,fuck
424,145,194,305,fuck
426,146,197,308,fuck
424,144,184,315,fuck
433,148,296,331,fuck
425,147,187,337,fuck
427,144,190,337,fuck
425,149,192,325,fuck
423,142,170,337,fuck
518,142,192,322,fuck
423,183,202,324,fuck
419,178,193,325,fuck
422,139,188,320,fuck
442,142,189,300,fuck
345,144,187,283,fuck
435,134,242,309,fuck
425,217,186,305,fuck
423,125,187,285,fuck
458,139,194,334,fuck
431,136,179,296,fuck
415,123,187,290,fuck
412,134,193,288,fuck
426,129,180,295,fuck
432,128,182,288,fuck
406,138,182,281,fuck
356,122,180,247,fuck
416,133,182,291,fuck
418,137,186,291,fuck
410,134,180,297,fuck
416,134,181,310,fuck
420,178,176,312,fuck
425,132,178,299,fuck
427,128,189,310,fuck
432,133,180,302,fuck
433,130,190,311,fuck
434,121,188,323,fuck
434,132,190,297,fuck
425,132,108,297,fuck
441,135,191,299,fuck
428,120,200,294,fuck
443,118,192,291,fuck
423,129,192,281,fuck
429,132,165,288,fuck
424,138,183,287,fuck
423,145,172,293,fuck
425,146,166,307,fuck
431,154,184,328,fuck
426,152,185,344,fuck
406,161,183,329,fuck
427,164,173,327,fuck
432,153,181,324,fuck
419,149,186,307,fuck
426,150,181,316,fuck
430,148,176,336,fuck
432,181,181,332,fuck
424,144,177,330,fuck
426,144,182,348,fuck
421,131,178,325,fuck
425,145,178,322,fuck
424,143,166,325,fuck
424,143,169,317,fuck
441,128,183,321,fuck
425,162,180,315,fuck
426,142,187,326,fuck
426,139,182,348,fuck
428,148,181,335,fuck
424,150,177,340,fuck
422,152,166,335,fuck
419,153,176,332,fuck
430,152,178,326,fuck
432,158,170,325,fuck
438,147,189,320,fuck
428,157,183,325,fuck
446,146,190,330,fuck
442,155,186,331,fuck
431,154,204,331,fuck
431,158,186,330,fuck
443,153,178,321,fuck
457,160,184,318,fuck
442,163,186,318,fuck
443,174,175,311,fuck
444,162,185,311,fuck
424,166,193,313,fuck
434,170,185,306,fuck
443,157,182,303,fuck
443,162,189,298,fuck
439,156,183,297,fuck
441,158,183,288,fuck
443,161,184,287,fuck
463,159,172,284,fuck
453,156,181,312,fuck
444,172,181,336,fuck
436,153,181,332,fuck
442,152,161,325,fuck
446,151,166,329,fuck
444,152,171,322,fuck
448,157,180,318,fuck
445,151,179,316,fuck
448,150,160,315,fuck
449,159,185,316,fuck
468,152,179,313,fuck
447,162,178,278,fuck
447,144,177,305,fuck
442,147,166,307,fuck
418,147,181,310,fuck
443,140,171,318,fuck
435,144,185,320,fuck
439,145,180,331,fuck
449,148,187,314,fuck
441,142,187,307,fuck
443,143,205,318,fuck
435,141,194,306,fuck
438,145,205,316,fuck
444,142,134,310,fuck
436,143,204,315,fuck
435,128,204,313,fuck
437,146,199,305,fuck
422,150,200,300,fuck
423,148,196,334,fuck
432,148,180,328,fuck
439,154,199,320,fuck
439,147,198,323,fuck
438,148,218,320,fuck
441,146,194,306,fuck
459,143,197,313,fuck
431,154,193,300,fuck
439,146,181,309,fuck
433,142,178,308,fuck
435,140,189,312,fuck
432,152,190,314,fuck
457,145,184,308,fuck
436,144,190,308,fuck
435,151,180,303,fuck
431,144,189,301,fuck
429,140,185,304,fuck
440,140,184,321,fuck
425,138,188,333,fuck
430,157,186,316,fuck
430,126,192,309,fuck
429,131,186,317,fuck
428,136,187,317,fuck
452,139,178,316,fuck
421,141,185,325,fuck
433,141,173,316,fuck
441,145,184,345,fuck
436,140,188,340,fuck
442,131,208,330,fuck
440,140,202,328,fuck
440,144,192,332,fuck
360,137,191,320,fuck
439,141,215,320,fuck
438,136,189,316,fuck
437,143,190,313,fuck
422,138,198,300,fuck
439,136,178,312,fuck
439,119,193,334,fuck
445,155,190,332,fuck
443,135,185,325,fuck
474,136,190,324,fuck
443,81,189,320,fuck
442,129,188,312,fuck
437,134,185,314,fuck
444,78,185,334,fuck
442,136,82,342,fuck
438,136,185,330,fuck
437,58,184,343,fuck
453,135,196,341,fuck
433,134,189,345,fuck
457,139,182,337,fuck
434,131,189,344,fuck
429,128,194,359,fuck
439,148,193,361,fuck
440,156,195,292,fuck
443,164,191,359,fuck
437,156,193,353,fuck
394,157,195,356,fuck
434,152,196,353,fuck
426,157,275,352,fuck
427,155,192,364,fuck
437,116,196,390,fuck
438,140,192,392,fuck
426,150,177,375,fuck
434,98,190,394,fuck
422,148,200,398,fuck
532,140,193,385,fuck
438,149,191,377,fuck
441,88,199,373,fuck
430,148,200,369,fuck
440,154,193,383,fuck
439,148,182,378,fuck
445,145,187,382,fuck
429,148,202,373,fuck
440,178,190,394,fuck
440,146,192,400,fuck
460,146,190,390,fuck
442,144,194,402,fuck
443,142,188,412,fuck
446,144,186,421,fuck
437,190,200,423,fuck
438,144,186,425,fuck
435,144,188,420,fuck
420,138,182,418,fuck
432,142,160,414,fuck
431,141,185,405,fuck
436,142,187,418,fuck
427,142,194,413,fuck
432,143,183,425,fuck
429,140,196,443,fuck
433,138,187,443,fuck
432,139,173,455,fuck
428,142,191,459,fuck
440,147,186,447,fuck
438,143,173,453,fuck
434,140,181,454,fuck
431,135,182,456,fuck
428,128,183,440,fuck
435,141,180,420,fuck
429,152,172,434,fuck
439,142,178,421,fuck
431,153,169,421,fuck
434,134,180,402,fuck
431,132,166,406,fuck
422,141,168,402,fuck
333,136,181,394,fuck
432,140,168,436,fuck
427,134,177,388,fuck
429,133,178,385,fuck
526,133,179,367,fuck
433,131,172,366,fuck
427,128,188,365,fuck
431,131,179,370,fuck
446,130,172,411,fuck
429,143,179,410,fuck
448,122,168,406,fuck
449,133,200,426,fuck
445,132,140,415,fuck
444,129,225,422,fuck
443,120,216,422,fuck
473,134,220,364,fuck
435,130,215,424,fuck
443,130,213,419,fuck
434,136,186,414,fuck
442,128,240,411,fuck
441,125,225,405,fuck
444,121,231,403,fuck
437,119,231,391,fuck
442,126,199,412,fuck
417,130,236,395,fuck
447,132,222,424,fuck
440,116,221,444,fuck
443,131,225,457,fuck
469,123,221,452,fuck
428,130,213,453,fuck
443,128,231,450,fuck
430,130,221,449,fuck
436,118,218,434,fuck
433,135,216,446,fuck
433,138,222,444,fuck
431,162,224,441,fuck
430,138,231,434,fuck
431,135,228,431,fuck
431,140,225,409,fuck
435,130,215,411,fuck
432,140,220,407,fuck
422,120,221,402,fuck
436,128,215,400,fuck
421,137,218,404,fuck
428,136,214,418,fuck
428,136,212,393,fuck
418,132,209,406,fuck
502,138,215,416,fuck
423,122,212,383,fuck
429,145,194,393,fuck
421,131,208,388,fuck
437,132,204,386,fuck
426,104,207,386,fuck
431,140,184,380,fuck
442,132,209,391,fuck
432,147,213,379,fuck
437,132,207,379,fuck
433,134,210,372,fuck
434,139,212,377,fuck
432,155,208,366,fuck
432,154,208,373,fuck
432,153,206,409,fuck
431,157,204,409,fuck
431,152,205,405,fuck
430,176,200,398,fuck
435,185,206,401,fuck
441,171,145,398,fuck
416,178,202,412,fuck
415,166,202,401,fuck
429,184,202,429,fuck
438,174,205,418,fuck
431,179,206,420,fuck
430,163,208,419,fuck
426,187,184,427,fuck
432,186,205,425,fuck
450,177,190,424,fuck
426,177,204,426,fuck
433,165,204,446,fuck
432,222,199,414,fuck
430,177,200,424,fuck
364,174,197,440,fuck
448,173,198,423,fuck
422,176,182,418,fuck
424,174,197,417,fuck
457,178,195,405,fuck
430,179,200,400,fuck
421,171,217,398,fuck
426,177,199,416,fuck
423,185,199,414,fuck
423,180,196,410,fuck
417,182,178,410,fuck
423,187,104,400,fuck
422,165,197,402,fuck
419,164,192,396,fuck
420,150,188,392,fuck
421,177,172,382,fuck
426,183,215,401,fuck
421,166,179,399,fuck
405,174,186,384,fuck
410,166,190,399,fuck
421,172,178,390,fuck
419,149,196,390,fuck
427,167,186,382,fuck
412,174,196,356,fuck
417,169,193,369,fuck
406,166,189,368,fuck
412,152,192,361,fuck
417,166,188,358,fuck
402,163,194,352,fuck
405,162,191,349,fuck
414,136,181,347,fuck
416,176,189,351,fuck
414,162,187,312,fuck
412,151,186,339,fuck
416,195,186,334,fuck
396,170,174,331,fuck
434,164,184,321,fuck
407,165,188,323,fuck
418,162,188,315,fuck
400,160,192,336,fuck
410,156,190,337,fuck
408,158,187,339,fuck
412,157,180,351,fuck
381,160,186,327,fuck
410,158,166,326,fuck
411,158,183,323,fuck
415,146,184,317,fuck
413,154,176,314,fuck
410,152,184,309,fuck
409,140,186,312,fuck
406,170,180,340,fuck
412,151,114,340,fuck
405,155,179,356,fuck
404,156,184,344,fuck
407,150,184,344,fuck
405,150,185,344,fuck
413,147,182,343,fuck
394,147,168,332,fuck
404,138,179,324,fuck
320,147,185,309,fuck
398,144,181,316,fuck
402,149,178,337,fuck
405,144,182,336,fuck
407,137,179,336,fuck
395,158,179,334,fuck
395,145,177,333,fuck
402,146,135,335,fuck
405,143,175,325,fuck
405,195,190,329,fuck
404,139,176,355,fuck
405,137,167,372,fuck
397,146,174,364,fuck
404,144,182,376,fuck
402,140,173,392,fuck
500,144,172,381,fuck
397,99,179,392,fuck
396,142,178,402,fuck
408,140,182,399,fuck
406,110,180,401,fuck
406,144,176,393,fuck
404,150,164,403,fuck
404,130,195,379,fuck
394,142,175,374,fuck
410,93,176,389,fuck
413,125,180,389,fuck
420,142,181,439,fuck
427,138,182,377,fuck
418,142,176,387,fuck
418,138,168,365,fuck
432,147,177,375,fuck
419,148,176,370,fuck
422,137,171,375,fuck
423,135,109,373,fuck
411,144,194,364,fuck
418,134,176,361,fuck
414,140,165,375,fuck
413,138,174,380,fuck
412,136,210,376,fuck
410,144,199,375,fuck
408,129,173,373,fuck
413,138,175,367,fuck
418,112,183,373,fuck
399,147,179,369,fuck
409,136,186,353,fuck
429,137,187,354,fuck
418,133,182,348,fuck
403,135,186,341,fuck
416,138,190,334,fuck
417,133,190,337,fuck
420,126,199,333,fuck
420,136,181,330,fuck
427,140,184,325,fuck
427,138,180,322,fuck
439,129,199,321,fuck
421,125,186,341,fuck
431,147,189,333,fuck
428,144,183,337,fuck
368,144,182,353,fuck
426,148,183,355,fuck
425,148,188,356,fuck
422,147,185,340,fuck
428,146,104,350,fuck
423,148,184,356,fuck
423,150,194,368,fuck
429,180,180,377,fuck
418,169,180,383,fuck
419,165,177,372,fuck
415,166,178,372,fuck
420,165,177,384,fuck
419,167,168,361,fuck
419,160,239,400,fuck
412,168,177,390,fuck
417,177,152,385,fuck
418,163,165,377,fuck
416,165,189,369,fuck
424,163,106,373,fuck
420,165,166,366,fuck
427,151,200,348,fuck
423,180,148,367,fuck
427,157,173,364,fuck
423,162,174,382,fuck
422,156,173,373,fuck
425,151,175,380,fuck
432,153,180,382,fuck
423,142,184,377,fuck
520,154,166,372,fuck
421,144,172,388,fuck
419,153,174,407,fuck
409,153,178,406,fuck
398,150,156,422,fuck
418,149,171,426,fuck
440,151,172,455,fuck
402,148,173,417,fuck
423,153,160,407,fuck
409,157,175,420,fuck
427,145,162,412,fuck
417,158,161,449,fuck
425,146,172,423,fuck
421,147,172,419,fuck
420,142,164,414,fuck
424,144,160,405,fuck
414,142,157,402,fuck
429,151,168,404,fuck
429,140,169,328,fuck
423,144,170,392,fuck
413,149,162,401,fuck
423,133,173,382,fuck
423,145,150,384,fuck
410,144,169,378,fuck
428,139,175,377,fuck
443,157,155,377,fuck
467,146,162,367,fuck
430,143,166,366,fuck
429,139,164,355,fuck
428,148,167,358,fuck
427,153,163,358,fuck
427,158,166,357,fuck
429,121,160,354,fuck
429,162,186,349,fuck
425,163,167,330,fuck
410,169,155,334,fuck
421,161,158,331,fuck
435,160,166,325,fuck
423,160,170,330,fuck
425,160,161,316,fuck
423,152,163,312,fuck
420,240,162,314,fuck
412,156,180,290,fuck
420,149,160,299,fuck
420,154,144,291,fuck
422,156,164,297,fuck
428,160,85,282,fuck
424,154,169,302,fuck
429,142,164,316,fuck
433,170,177,305,fuck
428,146,177,303,fuck
430,139,174,308,fuck
447,133,174,302,fuck
432,130,180,302,fuck
426,160,181,302,fuck
434,147,193,298,fuck
443,150,194,315,fuck
440,146,201,295,fuck
442,148,207,314,fuck
433,144,199,299,fuck
443,144,197,293,fuck
444,144,93,288,fuck
443,132,206,284,fuck
439,142,220,294,fuck
442,143,193,305,fuck
437,144,189,347,fuck
376,150,196,357,fuck
438,148,199,364,fuck
436,148,195,369,fuck
429,138,192,360,fuck
495,146,194,393,fuck
427,140,200,393,fuck
434,145,200,325,fuck
429,139,193,422,fuck
433,147,192,420,fuck
427,146,183,444,fuck
430,144,185,437,fuck
425,111,200,446,fuck
426,139,188,449,fuck
425,125,187,452,fuck
449,141,187,454,fuck
430,193,186,466,fuck
428,140,186,460,fuck
434,141,174,442,fuck
435,123,187,440,fuck
441,145,167,431,fuck
437,128,205,435,fuck
465,128,186,432,fuck
438,142,199,434,fuck
444,139,199,435,fuck
446,144,206,430,fuck
451,170,217,435,fuck
451,147,224,448,fuck
449,150,220,444,fuck
454,156,312,434,fuck
451,156,218,445,fuck
443,160,216,452,fuck
436,181,214,433,fuck
449,174,213,426,fuck
443,264,212,417,fuck
447,184,208,407,fuck
445,174,203,398,fuck
455,178,209,393,fuck
433,187,221,378,fuck
449,174,205,386,fuck
436,174,206,364,fuck
439,175,205,368,fuck
438,146,202,362,fuck
434,176,212,371,fuck
436,172,206,379,fuck
431,169,202,373,fuck
433,168,200,384,fuck
451,170,202,365,fuck
418,163,234,364,fuck
427,152,198,380,fuck
439,163,180,377,fuck
430,165,185,374,fuck
431,156,198,389,fuck
427,161,195,378,fuck
419,169,201,377,fuck
421,158,206,376,fuck
437,164,202,381,fuck
438,161,209,383,fuck
427,155,234,357,fuck
434,166,206,418,fuck
438,144,210,388,fuck
440,159,220,414,fuck
431,170,238,418,fuck
450,164,241,464,fuck
452,162,236,469,fuck
457,159,226,494,fuck
454,162,229,512,fuck
486,157,232,516,fuck
451,170,218,522,fuck
443,162,226,529,fuck
452,152,223,535,fuck
451,161,221,534,fuck
444,146,236,535,fuck
465,158,217,535,fuck
434,162,221,533,fuck
439,164,217,527,fuck
447,161,218,521,fuck
441,150,236,518,fuck
440,161,208,530,fuck
421,163,216,599,fuck
441,160,199,529,fuck
437,160,224,518,fuck
437,157,210,510,fuck
433,142,218,515,fuck
432,146,208,503,fuck
439,155,208,507,fuck
431,202,220,482,fuck
430,150,197,487,fuck
417,157,205,492,fuck
424,157,203,576,fuck
428,162,203,496,fuck
428,150,216,486,fuck
428,164,141,474,fuck
426,164,194,467,fuck
416,198,197,460,fuck
431,179,192,454,fuck
430,158,197,462,fuck
426,153,198,469,fuck
422,161,228,472,fuck
425,166,198,460,fuck
427,163,180,466,fuck
432,218,195,469,fuck
434,150,194,467,fuck
421,157,194,454,fuck
428,158,192,449,fuck
437,160,176,472,fuck
430,150,200,465,fuck
425,150,190,459,fuck
432,151,195,450,fuck
426,147,176,442,fuck
426,157,190,441,fuck
429,148,188,436,fuck
417,147,186,444,fuck
428,149,187,426,fuck
431,93,197,436,fuck
428,146,186,442,fuck
431,143,190,436,fuck
426,146,189,440,fuck
424,145,189,427,fuck
427,148,176,426,fuck
422,144,184,421,fuck
424,154,188,414,fuck
406,144,168,424,fuck
421,140,196,466,fuck
420,144,190,453,fuck
418,143,204,450,fuck
420,142,177,456,fuck
426,140,188,450,fuck
419,141,119,443,fuck
417,138,190,437,fuck
420,142,192,422,fuck
427,136,191,427,fuck
419,138,195,443,fuck
425,140,194,439,fuck
424,136,194,431,fuck
420,145,185,432,fuck
435,138,198,430,fuck
432,145,208,423,fuck
430,139,205,419,fuck
434,147,203,416,fuck
433,140,205,428,fuck
453,143,202,441,fuck
432,134,214,434,fuck
433,145,205,441,fuck
438,154,210,449,fuck
442,142,161,445,fuck
448,140,220,441,fuck
439,128,226,431,fuck
442,146,222,426,fuck
431,141,228,417,fuck
446,139,229,420,fuck
443,186,226,408,fuck
473,118,230,407,fuck
447,156,230,389,fuck
440,130,224,390,fuck
439,141,227,394,fuck
462,152,226,399,fuck
452,149,223,394,fuck
448,113,223,402,fuck
449,156,226,397,fuck
442,157,220,397,fuck
445,155,205,388,fuck
442,156,218,393,fuck
438,154,224,390,fuck
441,150,212,399,fuck
444,160,214,380,fuck
428,152,213,408,fuck
440,152,219,405,fuck
438,155,205,394,fuck
435,155,217,390,fuck
439,154,210,388,fuck
444,152,208,387,fuck
438,148,212,381,fuck
438,159,220,379,fuck
439,150,198,381,fuck
441,163,215,376,fuck
436,148,200,366,fuck
441,149,208,361,fuck
432,201,217,343,fuck
435,137,210,351,fuck
433,154,210,348,fuck
441,135,216,370,fuck
411,149,210,375,fuck
428,142,222,368,fuck
443,152,209,398,fuck
423,142,202,386,fuck
430,143,205,384,fuck
422,146,205,386,fuck
440,131,206,382,fuck
423,143,203,386,fuck
425,151,201,381,fuck
422,143,202,378,fuck
418,141,193,373,fuck
419,59,196,368,fuck
418,140,203,356,fuck
420,87,201,362,fuck
416,137,180,359,fuck
418,142,192,394,fuck
419,138,193,353,fuck
414,122,200,350,fuck
408,139,198,345,fuck
412,134,193,343,fuck
396,140,203,314,fuck
411,133,201,335,fuck
419,137,201,328,fuck
411,145,198,281,fuck
416,142,199,280,fuck
411,128,197,320,fuck
412,132,186,313,fuck
408,134,201,306,fuck
419,124,192,321,fuck
405,140,200,274,fuck
413,130,197,331,fuck
418,138,204,328,fuck
404,137,200,322,fuck
430,136,218,348,fuck
424,135,220,345,fuck
432,132,221,344,fuck
433,132,220,340,fuck
423,128,181,348,fuck
435,131,221,352,fuck
439,132,232,347,fuck
446,130,237,342,fuck
446,115,236,340,fuck
449,132,233,353,fuck
454,129,243,373,fuck
454,124,252,379,fuck
457,121,230,374,fuck
448,129,228,373,fuck
457,129,237,372,fuck
455,128,221,373,fuck
462,122,245,394,fuck
474,128,223,393,fuck
452,131,228,397,fuck
452,137,228,398,fuck
446,200,208,394,fuck
424,137,224,390,fuck
449,136,177,427,fuck
460,139,222,426,fuck
484,137,220,423,fuck
444,140,210,410,fuck
436,128,217,404,fuck
445,138,209,393,fuck
360,141,217,382,fuck
440,150,206,379,fuck
441,163,202,404,fuck
437,155,210,398,fuck
436,158,193,398,fuck
435,157,209,398,fuck
436,156,210,396,fuck
424,153,208,381,fuck
430,156,205,391,fuck
427,164,203,395,fuck
429,156,210,388,fuck
423,165,231,388,fuck
431,175,173,376,fuck
430,164,208,368,fuck
420,159,201,366,fuck
419,157,206,390,fuck
419,153,213,389,fuck
428,158,202,379,fuck
434,155,200,386,fuck
433,154,208,372,fuck
426,153,208,365,fuck
430,150,197,362,fuck
429,151,197,358,fuck
433,143,195,344,fuck
415,144,238,357,fuck
422,133,198,351,fuck
425,147,194,341,fuck
423,168,197,340,fuck
423,145,193,336,fuck
423,149,203,331,fuck
420,152,214,332,fuck
420,160,186,325,fuck
421,144,191,324,fuck
438,138,192,322,fuck
424,151,188,312,fuck
427,142,192,342,fuck
426,150,196,337,fuck
424,144,181,348,fuck
424,140,193,361,fuck
423,138,199,349,fuck
428,144,254,357,fuck
408,139,196,353,fuck
426,139,186,354,fuck
425,140,180,357,fuck
428,110,199,360,fuck
424,145,192,361,fuck
428,140,189,355,fuck
432,131,180,380,fuck
427,125,189,366,fuck
435,146,198,360,fuck
426,146,194,359,fuck
413,136,196,349,fuck
432,139,192,351,fuck
427,136,181,349,fuck
430,128,199,349,fuck
419,152,187,364,fuck
429,128,190,365,fuck
425,135,184,359,fuck
426,140,187,361,fuck
422,135,183,356,fuck
419,136,186,341,fuck
426,135,182,385,fuck
429,131,181,344,fuck
419,135,185,351,fuck
432,132,185,358,fuck
429,134,188,365,fuck
412,133,196,335,fuck
432,152,188,358,fuck
426,134,181,354,fuck
430,86,182,346,fuck
447,136,186,356,fuck
482,132,190,366,fuck
418,133,183,334,fuck
434,119,180,331,fuck
430,140,185,322,fuck
426,133,185,318,fuck
429,101,188,316,fuck
418,141,193,313,fuck
437,120,205,334,fuck
403,130,189,340,fuck
430,130,198,304,fuck
425,131,169,325,fuck
428,128,186,324,fuck
428,94,188,330,fuck
424,130,175,325,fuck
409,130,184,324,fuck
437,130,179,325,fuck
426,131,173,327,fuck
424,126,189,327,fuck
428,131,192,322,fuck
415,125,193,317,fuck
429,149,192,309,fuck
432,73,208,307,fuck
432,128,199,303,fuck
431,130,212,284,fuck
434,130,210,298,fuck
427,129,205,288,fuck
430,122,198,313,fuck
436,130,214,332,fuck
434,137,114,325,fuck
427,121,229,336,fuck
435,128,209,337,fuck
437,136,208,334,fuck
439,145,209,330,fuck
432,117,210,336,fuck
445,130,206,342,fuck
436,146,206,354,fuck
438,121,201,334,fuck
429,120,210,360,fuck
435,141,202,358,fuck
436,140,204,359,fuck
426,157,207,339,fuck
443,152,206,358,fuck
436,156,206,340,fuck
444,161,180,329,fuck
440,156,200,326,fuck
440,148,199,321,fuck
443,154,205,341,fuck
448,168,205,311,fuck
443,156,215,316,fuck
450,136,217,310,fuck
451,152,215,308,fuck
430,154,218,293,fuck
438,156,336,299,fuck
449,146,216,294,fuck
466,138,218,301,fuck
439,152,214,293,fuck
464,154,214,301,fuck
479,143,215,287,fuck
466,148,206,279,fuck
431,156,201,276,fuck
437,133,211,275,fuck
460,149,185,282,fuck
441,133,224,267,fuck
445,147,203,264,fuck
450,147,207,264,fuck
456,145,205,253,fuck
437,144,209,256,fuck
438,139,202,251,fuck
446,142,210,252,fuck
439,135,201,244,fuck
440,137,203,244,fuck
449,140,132,237,fuck
446,138,202,240,fuck
441,141,201,240,fuck
441,139,183,250,fuck
459,140,200,247,fuck
437,150,185,237,fuck
429,138,200,230,fuck
425,129,208,256,fuck
436,125,200,257,fuck
436,142,201,263,fuck
438,136,203,258,fuck
450,137,203,259,fuck
430,132,198,247,fuck
435,123,201,249,fuck
444,133,201,258,fuck
437,134,217,256,fuck
430,134,208,260,fuck
456,132,202,258,fuck
438,138,176,249,fuck
442,126,215,282,fuck
435,134,217,254,fuck
444,124,215,249,fuck
428,134,251,250,fuck
438,131,223,243,fuck
447,135,227,244,fuck
447,131,222,244,fuck
452,121,227,237,fuck
526,132,223,226,fuck
446,131,221,254,fuck
445,132,213,253,fuck
444,115,217,253,fuck
443,132,220,250,fuck
440,129,219,248,fuck
446,120,215,226,fuck
402,124,220,245,fuck
442,129,219,243,fuck
462,129,216,273,fuck
432,128,213,256,fuck
444,124,216,264,fuck
440,129,222,262,fuck
385,132,214,259,fuck
442,129,208,260,fuck
439,138,205,254,fuck
416,115,205,222,fuck
434,126,205,236,fuck
421,123,165,247,fuck
429,117,204,248,fuck
434,117,203,245,fuck
413,127,199,247,fuck
423,118,203,241,fuck
439,121,190,235,fuck
432,138,201,232,fuck
430,128,173,228,fuck
437,128,204,231,fuck
419,128,199,223,fuck
432,128,201,223,fuck
431,128,201,221,fuck
397,128,199,239,fuck
431,126,186,213,fuck
430,125,192,207,fuck
429,125,194,215,fuck
428,134,113,213,fuck
425,128,189,213,fuck
425,125,198,213,fuck
427,133,201,209,fuck
431,128,193,211,fuck
422,141,190,207,fuck
429,115,200,209,fuck
421,121,241,224,fuck
448,105,190,213,fuck
425,125,173,217,fuck
423,114,189,213,fuck
415,125,189,248,fuck
425,121,192,227,fuck
444,128,183,234,fuck
422,123,184,226,fuck
423,122,186,229,fuck
419,115,186,230,fuck
402,122,183,270,fuck
430,126,183,225,fuck
406,119,190,234,fuck
420,122,183,229,fuck
427,122,183,221,fuck
417,122,185,229,fuck
419,113,180,225,fuck
401,124,186,226,fuck
415,114,176,219,fuck
411,124,184,225,fuck
400,123,181,216,fuck
417,120,178,214,fuck
401,128,188,213,fuck
417,119,178,207,fuck
411,122,180,208,fuck
434,120,175,208,fuck
412,104,178,212,fuck
409,110,177,202,fuck
410,121,178,201,fuck
412,119,176,151,fuck
410,114,176,197,fuck
408,121,178,197,fuck
409,110,175,260,fuck
413,131,177,194,fuck
396,112,187,192,fuck
406,121,180,191,fuck
412,123,177,184,fuck
412,122,160,188,fuck
411,109,170,202,fuck
404,120,172,186,fuck
408,112,173,185,fuck
406,128,157,180,fuck
409,120,175,183,fuck
411,119,170,188,fuck
437,118,173,211,fuck
408,118,167,209,fuck
410,118,171,209,fuck
414,119,182,218,fuck
411,123,162,232,fuck
407,119,180,208,fuck
408,119,171,211,fuck
305,119,174,197,fuck
408,116,177,206,fuck
399,120,173,205,fuck
405,118,181,208,fuck
411,110,184,194,fuck
351,118,176,202,fuck
412,126,194,233,fuck
409,152,179,229,fuck
412,118,177,228,fuck
410,115,205,235,fuck
413,116,178,229,fuck
409,104,173,244,fuck
410,118,228,236,fuck
410,111,175,243,fuck
408,125,168,280,fuck
410,120,179,311,fuck
425,123,160,309,fuck
416,116,173,305,fuck
428,118,168,316,fuck
389,118,173,323,fuck
411,113,174,320,fuck
409,116,173,317,fuck
398,116,173,326,fuck
412,103,175,320,fuck
400,116,175,325,fuck
406,114,179,337,fuck
423,116,177,339,fuck
413,118,176,331,fuck
414,116,182,330,fuck
410,117,185,322,fuck
404,78,192,320,fuck
402,115,182,353,fuck
416,119,186,367,fuck
398,122,184,377,fuck
405,115,189,387,fuck
405,118,188,390,fuck
421,116,186,389,fuck
422,128,180,397,fuck
465,119,188,414,fuck
425,119,184,403,fuck
426,113,210,409,fuck
422,119,188,431,fuck
429,109,184,428,fuck
409,128,186,433,fuck
421,121,194,432,fuck
413,114,182,436,fuck
424,104,181,430,fuck
432,120,155,424,fuck
410,116,179,410,fuck
423,119,200,433,fuck
425,120,178,434,fuck
430,112,180,436,fuck
530,117,181,449,fuck
383,115,177,427,fuck
423,116,199,451,fuck
424,117,179,462,fuck
416,123,181,465,fuck
428,128,178,455,fuck
429,141,182,448,fuck
427,132,180,441,fuck
415,132,184,430,fuck
416,135,190,434,fuck
424,134,175,429,fuck
415,138,172,412,fuck
427,132,161,409,fuck
424,135,169,400,fuck
414,130,220,421,fuck
419,138,174,443,fuck
423,136,172,439,fuck
427,133,149,428,fuck
423,140,172,441,fuck
429,135,174,356,fuck
406,134,184,432,fuck
412,128,175,411,fuck
422,136,175,403,fuck
414,185,175,406,fuck
435,131,174,421,fuck
419,138,179,416,fuck
410,115,169,412,fuck
414,135,171,450,fuck
406,133,133,448,fuck
413,121,173,454,fuck
414,140,169,447,fuck
414,137,172,470,fuck
420,135,170,484,fuck
416,105,174,497,fuck
412,132,163,500,fuck
396,120,168,471,fuck
409,136,170,505,fuck
418,153,173,503,fuck
406,129,166,507,fuck
408,149,168,496,fuck
408,134,190,497,fuck
408,131,167,502,fuck
413,129,171,481,fuck
422,130,166,484,fuck
411,149,155,474,fuck
404,123,172,470,fuck
412,130,156,463,fuck
390,131,172,452,fuck
405,134,162,445,fuck
418,144,153,440,fuck
413,128,168,436,fuck
412,128,162,411,fuck
397,135,196,431,fuck
410,134,154,422,fuck
392,141,156,419,fuck
408,140,168,422,fuck
408,134,165,404,fuck
427,132,164,393,fuck
416,137,172,394,fuck
404,130,164,387,fuck
407,139,165,389,fuck
397,141,157,380,fuck
408,142,169,377,fuck
410,138,154,366,fuck
405,151,157,362,fuck
401,137,168,360,fuck
393,137,253,359,fuck
404,128,174,374,fuck
403,136,166,387,fuck
400,150,158,393,fuck
402,141,165,394,fuck
386,137,153,396,fuck
401,126,164,396,fuck
403,134,169,390,fuck
401,92,173,390,fuck
410,136,165,390,fuck
403,78,170,409,fuck
401,131,170,412,fuck
401,134,162,404,fuck
400,135,167,406,fuck
409,136,167,384,fuck
413,129,168,385,fuck
408,123,171,416,fuck
403,131,168,404,fuck
405,130,170,402,fuck
404,132,168,403,fuck
404,126,173,409,fuck
411,132,172,400,fuck
409,134,174,400,fuck
413,131,176,388,fuck
428,139,166,404,fuck
420,128,188,375,fuck
426,129,183,368,fuck
425,137,201,370,fuck
417,128,193,355,fuck
427,128,212,366,fuck
422,132,211,372,fuck
427,189,204,381,fuck
429,128,226,381,fuck
436,132,248,384,fuck
424,128,205,379,fuck
426,128,208,375,fuck
416,142,199,367,fuck
426,112,223,401,fuck
430,129,293,395,fuck
420,128,202,388,fuck
424,65,208,394,fuck
425,125,197,370,fuck
412,118,196,373,fuck
438,126,194,380,fuck
423,122,198,361,fuck
434,125,187,364,fuck
418,124,198,361,fuck
436,120,197,354,fuck
418,125,193,350,fuck
416,111,192,354,fuck
417,94,190,341,fuck
411,124,189,323,fuck
411,122,169,333,fuck
413,121,189,330,fuck
411,142,189,325,fuck
411,214,197,324,fuck
408,115,186,297,fuck
409,125,185,302,fuck
409,128,189,305,fuck
411,129,137,312,fuck
389,128,182,328,fuck
406,123,193,305,fuck
423,137,178,327,fuck
408,123,186,317,fuck
404,122,150,312,fuck
407,123,186,320,fuck
409,106,189,306,fuck
398,115,182,312,fuck
402,122,181,307,fuck
401,123,177,331,fuck
392,124,180,280,fuck
394,117,192,346,fuck
404,122,163,360,fuck
414,123,181,370,fuck
399,150,176,365,fuck
401,129,176,353,fuck
417,114,191,375,fuck
400,122,180,383,fuck
398,120,184,395,fuck
401,123,177,392,fuck
399,131,181,376,fuck
402,111,176,400,fuck
387,126,172,370,fuck
396,120,180,298,fuck
398,120,171,358,fuck
394,109,184,341,fuck
389,120,172,349,fuck
379,125,168,347,fuck
394,132,173,348,fuck
399,121,175,362,fuck
394,129,161,368,fuck
398,123,198,360,fuck
394,119,192,372,fuck
397,114,173,394,fuck
397,119,161,391,fuck
392,116,181,400,fuck
385,120,177,401,fuck
402,120,175,400,fuck
407,125,180,400,fuck
406,128,180,392,fuck
396,126,180,386,fuck
412,125,170,380,fuck
388,139,185,370,fuck
401,128,176,376,fuck
404,132,180,416,fuck
401,129,193,374,fuck
403,128,185,368,fuck
403,120,186,366,fuck
405,128,182,368,fuck
404,119,185,378,fuck
396,125,190,376,fuck
415,128,186,352,fuck
398,132,181,295,fuck
408,128,185,333,fuck
407,134,234,340,fuck
409,125,170,357,fuck
395,138,182,406,fuck
403,118,178,393,fuck
398,126,180,366,fuck
389,124,180,387,fuck
397,125,164,403,fuck
396,125,193,381,fuck
397,120,177,398,fuck
330,132,180,376,fuck
387,126,173,374,fuck
391,129,158,372,fuck
393,93,175,365,fuck
467,125,178,362,fuck
391,120,174,350,fuck
391,107,179,347,fuck
391,108,176,351,fuck
393,119,174,336,fuck
391,115,164,354,fuck
386,134,173,369,fuck
392,122,173,385,fuck
394,122,172,392,fuck
388,121,174,388,fuck
391,120,177,394,fuck
392,122,194,394,fuck
390,124,176,395,fuck
397,126,179,402,fuck
394,123,179,410,fuck
400,113,160,429,fuck
396,124,181,429,fuck
401,114,213,437,fuck
393,126,176,427,fuck
395,113,174,423,fuck
424,133,167,439,fuck
392,129,180,414,fuck
392,123,173,418,fuck
395,123,179,495,fuck
396,124,171,441,fuck
394,142,177,437,fuck
375,119,174,443,fuck
396,119,174,449,fuck
380,119,174,446,fuck
400,122,176,430,fuck
396,120,166,428,fuck
398,116,185,432,fuck
394,93,181,432,fuck
398,118,179,417,fuck
397,121,194,426,fuck
400,120,168,406,fuck
401,113,177,421,fuck
398,120,176,410,fuck
401,125,198,410,fuck
393,140,179,386,fuck
398,114,163,387,fuck
396,112,175,382,fuck
396,47,175,387,fuck
388,112,175,379,fuck
394,168,184,382,fuck
393,121,199,373,fuck
371,119,176,288,fuck
390,118,174,384,fuck
405,113,181,381,fuck
368,131,166,372,fuck
382,110,173,388,fuck
414,121,165,391,fuck
395,119,171,390,fuck
318,105,164,371,fuck
388,122,172,392,fuck
397,118,177,392,fuck
399,174,182,386,fuck
402,119,178,389,fuck
405,108,198,378,fuck
412,119,192,384,fuck
412,116,178,398,fuck
407,121,187,388,fuck
410,124,192,390,fuck
423,120,199,388,fuck
398,123,193,379,fuck
432,124,196,434,fuck
411,140,200,366,fuck
418,122,214,375,fuck
413,120,200,377,fuck
418,163,201,360,fuck
424,113,181,375,fuck
411,127,208,365,fuck
428,107,220,358,fuck
423,118,198,351,fuck
436,114,229,340,fuck
437,114,226,348,fuck
440,119,225,349,fuck
534,109,225,350,fuck
436,117,222,346,fuck
432,116,234,339,fuck
434,119,219,332,fuck
429,107,224,329,fuck
432,118,216,323,fuck
445,117,215,317,fuck
346,114,219,341,fuck
404,118,213,314,fuck
434,125,215,312,fuck
440,116,202,309,fuck
432,119,212,310,fuck
434,113,215,306,fuck
433,118,211,308,fuck
433,116,212,289,fuck
435,118,197,294,fuck
416,118,209,294,fuck
424,115,213,314,fuck
439,117,207,307,fuck
442,105,216,306,fuck
432,116,204,314,fuck
395,116,206,311,fuck
427,119,205,306,fuck
426,119,199,295,fuck
427,120,209,305,fuck
430,138,203,301,fuck
420,126,189,309,fuck
421,118,202,292,fuck
412,121,189,286,fuck
412,119,171,282,fuck
416,118,194,272,fuck
424,131,199,304,fuck
414,102,200,301,fuck
421,132,202,297,fuck
424,118,208,305,fuck
424,118,197,311,fuck
421,112,204,320,fuck
424,118,194,316,fuck
416,117,191,319,fuck
423,116,192,322,fuck
423,118,202,321,fuck
423,116,202,320,fuck
425,101,203,308,fuck
417,128,197,331,fuck
441,118,197,313,fuck
412,117,183,304,fuck
423,108,195,303,fuck
421,124,198,304,fuck
427,114,193,285,fuck
430,123,194,335,fuck
419,50,196,315,fuck
442,119,195,315,fuck
421,108,202,322,fuck
437,116,144,309,fuck
423,120,191,308,fuck
412,117,189,310,fuck
422,121,191,313,fuck
401,117,171,305,fuck
409,116,189,299,fuck
423,125,187,297,fuck
425,54,187,290,fuck
422,116,171,290,fuck
422,121,192,278,fuck
417,121,198,297,fuck
422,125,177,273,fuck
420,117,213,278,fuck
426,117,180,277,fuck
429,120,187,265,fuck
419,119,185,264,fuck
424,118,185,286,fuck
421,100,182,309,fuck
417,110,182,317,fuck
424,114,183,302,fuck
417,125,205,311,fuck
427,117,128,308,fuck
427,120,179,374,fuck
430,120,189,317,fuck
415,115,189,328,fuck
440,121,180,367,fuck
426,125,209,375,fuck
426,112,205,391,fuck
416,120,194,383,fuck
428,118,203,387,fuck
431,113,213,384,fuck
430,130,191,379,fuck
438,112,189,378,fuck
432,120,190,366,fuck
425,113,191,349,fuck
430,116,131,370,fuck
425,116,189,424,fuck
433,112,188,424,fuck
406,116,182,432,fuck
424,111,199,417,fuck
435,113,173,435,fuck
423,117,200,442,fuck
423,106,184,450,fuck
409,129,198,444,fuck
421,117,173,456,fuck
433,129,184,450,fuck
419,129,170,456,fuck
334,128,182,438,fuck
422,128,228,443,fuck
400,121,188,422,fuck
419,128,183,404,fuck
421,120,178,424,fuck
438,131,177,426,fuck
417,128,179,427,fuck
416,122,166,431,fuck
416,135,87,426,fuck
417,128,160,433,fuck
420,128,183,429,fuck
417,98,192,409,fuck
411,146,183,397,fuck
426,126,119,393,fuck
423,128,282,397,fuck
437,126,177,419,fuck
418,128,198,413,fuck
415,124,177,408,fuck
421,121,178,407,fuck
417,123,177,402,fuck
417,123,174,398,fuck
420,122,167,393,fuck
417,130,176,377,fuck
419,121,182,400,fuck
418,132,174,405,fuck
409,128,179,395,fuck
422,135,162,390,fuck
430,137,174,388,fuck
421,130,158,394,fuck
425,136,173,391,fuck
429,59,166,381,fuck
420,135,173,379,fuck
415,137,195,366,fuck
423,144,167,374,fuck
419,137,172,371,fuck
481,123,174,367,fuck
424,129,162,360,fuck
420,138,175,424,fuck
441,137,162,375,fuck
414,135,175,369,fuck
420,152,173,390,fuck
405,138,181,399,fuck
426,132,166,400,fuck
423,130,171,396,fuck
421,133,169,400,fuck
423,128,166,397,fuck
421,134,179,406,fuck
412,130,192,395,fuck
454,132,187,398,fuck
423,131,184,393,fuck
427,132,179,387,fuck
423,131,173,387,fuck
424,128,186,336,fuck
424,130,175,374,fuck
426,130,185,365,fuck
427,116,183,361,fuck
420,128,179,352,fuck
448,130,184,343,fuck
423,130,177,384,fuck
419,131,181,400,fuck
416,138,168,408,fuck
418,126,174,401,fuck
417,119,176,413,fuck
409,128,167,414,fuck
421,120,178,414,fuck
415,143,177,404,fuck
419,124,177,358,fuck
414,126,169,401,fuck
414,128,168,423,fuck
449,138,177,446,fuck
419,125,174,412,fuck
413,178,186,402,fuck
418,126,172,396,fuck
407,134,178,398,fuck
410,141,174,391,fuck
420,133,178,387,fuck
375,126,169,383,fuck
418,124,172,377,fuck
422,123,170,373,fuck
416,117,174,369,fuck
362,125,173,366,fuck
418,38,171,363,fuck
422,124,171,374,fuck
408,124,165,363,fuck
421,122,170,370,fuck
418,125,168,353,fuck
421,126,176,345,fuck
427,79,169,372,fuck
425,112,174,369,fuck
427,125,167,358,fuck
425,117,173,384,fuck
427,126,174,361,fuck
426,120,218,362,fuck
423,124,173,362,fuck
429,124,164,366,fuck
425,36,173,367,fuck
445,128,175,370,fuck
438,124,159,362,fuck
438,120,170,388,fuck
363,129,168,380,fuck
432,121,171,397,fuck
426,196,180,405,fuck
421,122,173,398,fuck
424,117,172,404,fuck
434,130,220,400,fuck
453,124,170,387,fuck
423,138,170,393,fuck
421,128,170,394,fuck
427,128,98,397,fuck
431,128,163,385,fuck
419,125,173,406,fuck
423,128,169,408,fuck
418,131,167,398,fuck
426,125,165,400,fuck
397,124,166,402,fuck
430,140,168,389,fuck
411,121,128,392,fuck
412,116,177,379,fuck
401,125,167,372,fuck
418,123,165,374,fuck
420,111,165,375,fuck
418,119,168,356,fuck
419,122,168,299,fuck
416,137,154,362,fuck
415,118,185,349,fuck
421,114,169,350,fuck
422,115,163,338,fuck
419,107,166,339,fuck
420,140,163,331,fuck
423,113,177,332,fuck
427,117,163,319,fuck
423,128,164,313,fuck
417,111,174,310,fuck
415,125,165,318,fuck
419,124,164,326,fuck
418,111,162,326,fuck
420,125,163,326,fuck
424,115,160,312,fuck
420,129,158,319,fuck
418,122,170,306,fuck
421,122,163,314,fuck
420,122,164,313,fuck
422,124,168,304,fuck
400,125,165,306,fuck
416,119,156,292,fuck
415,124,162,299,fuck
404,107,169,277,fuck
398,112,162,256,fuck
414,121,162,280,fuck
424,151,165,280,fuck
422,125,161,263,fuck
416,157,176,268,fuck
403,119,162,271,fuck
417,134,79,254,fuck
410,124,162,268,fuck
416,120,160,257,fuck
410,124,161,256,fuck
413,142,130,257,fuck
410,122,159,256,fuck
430,122,160,253,fuck
416,122,161,257,fuck
401,102,168,248,fuck
417,122,165,250,fuck
411,122,168,264,fuck
420,123,164,285,fuck
418,122,162,293,fuck
375,119,162,296,fuck
417,108,161,291,fuck
417,121,138,297,fuck
416,118,138,282,fuck
418,121,156,291,fuck
416,130,160,289,fuck
416,122,158,299,fuck
438,94,160,289,fuck
427,140,166,294,fuck
421,122,72,294,fuck
424,123,163,294,fuck
416,116,157,290,fuck
434,119,168,280,fuck
416,136,157,295,fuck
416,132,153,290,fuck
420,123,162,321,fuck
404,123,173,316,fuck
412,128,160,313,fuck
418,131,164,311,fuck
410,121,163,297,fuck
409,119,148,302,fuck
410,120,166,280,fuck
409,111,184,295,fuck
405,135,163,279,fuck
410,122,163,290,fuck
416,118,161,282,fuck
408,112,163,284,fuck
410,113,167,284,fuck
409,119,161,281,fuck
408,112,163,280,fuck
406,122,170,260,fuck
398,119,269,280,fuck
417,119,160,281,fuck
414,120,170,315,fuck
410,119,169,302,fuck
411,118,169,299,fuck
409,101,169,306,fuck
411,103,176,304,fuck
413,117,170,290,fuck
409,117,167,298,fuck
387,121,174,281,fuck
411,117,171,284,fuck
411,120,170,285,fuck
409,116,193,280,fuck
413,118,179,282,fuck
417,116,174,272,fuck
410,120,174,270,fuck
405,138,176,256,fuck
416,123,172,262,fuck
410,184,168,264,fuck
413,109,171,257,fuck
409,122,169,281,fuck
406,122,173,270,fuck
393,126,174,277,fuck
416,117,173,286,fuck
398,103,174,276,fuck
408,117,169,277,fuck
406,114,169,272,fuck
408,108,165,290,fuck
424,122,163,288,fuck
397,102,170,281,fuck
407,113,158,276,fuck
402,117,170,291,fuck
401,111,169,303,fuck
398,118,176,302,fuck
403,99,166,316,fuck
404,114,178,317,fuck
391,121,167,310,fuck
409,126,161,329,fuck
406,128,147,309,fuck
399,112,167,304,fuck
393,124,173,299,fuck
395,114,154,280,fuck
401,115,167,297,fuck
397,121,189,293,fuck
424,124,171,296,fuck
390,138,166,294,fuck
401,121,153,290,fuck
469,122,170,289,fuck
401,122,166,285,fuck
394,105,174,282,fuck
400,125,170,277,fuck
402,116,172,272,fuck
400,108,169,271,fuck
406,121,170,270,fuck
404,120,174,295,fuck
400,120,170,283,fuck
389,97,179,274,fuck
402,123,166,270,fuck
404,120,165,277,fuck
396,129,169,280,fuck
387,112,173,280,fuck
394,116,172,276,fuck
402,148,168,281,fuck
398,128,170,275,fuck
497,121,170,278,fuck
392,132,184,262,fuck
401,109,160,283,fuck
393,121,169,264,fuck
394,112,179,281,fuck
385,132,176,270,fuck
400,132,167,292,fuck
402,119,165,288,fuck
394,129,167,301,fuck
410,130,161,301,fuck
400,96,164,302,fuck
402,134,151,293,fuck
405,135,166,307,fuck
397,178,164,309,fuck
413,137,170,322,fuck
412,133,175,307,fuck
407,129,207,318,fuck
415,138,178,328,fuck
417,135,181,323,fuck
416,133,181,329,fuck
416,132,177,321,fuck
410,117,179,324,fuck
415,138,165,333,fuck
407,143,177,335,fuck
411,132,178,342,fuck
414,72,186,338,fuck
421,121,191,334,fuck
411,132,162,323,fuck
420,132,163,321,fuck
417,148,170,336,fuck
408,128,176,358,fuck
408,118,172,348,fuck
398,128,160,335,fuck
409,120,172,366,fuck
409,129,163,345,fuck
408,128,170,359,fuck
407,130,201,348,fuck
405,129,184,343,fuck
410,128,188,337,fuck
407,133,191,341,fuck
408,117,186,329,fuck
405,128,168,324,fuck
408,128,188,339,fuck
411,120,182,341,fuck
389,131,184,328,fuck
398,124,186,333,fuck
406,107,190,337,fuck
406,114,184,324,fuck
413,126,183,332,fuck
411,124,180,328,fuck
411,124,182,324,fuck
402,124,192,315,fuck
410,136,182,319,fuck
409,128,178,315,fuck
420,130,178,315,fuck
409,130,188,309,fuck
390,128,182,296,fuck
426,124,180,301,fuck
408,126,164,307,fuck
398,121,184,296,fuck
409,125,181,318,fuck
405,135,187,295,fuck
410,122,184,302,fuck
409,140,187,302,fuck
402,125,173,295,fuck
409,118,175,284,fuck
395,124,184,297,fuck
398,121,187,296,fuck
395,124,161,295,fuck
406,122,187,286,fuck
410,143,183,289,fuck
407,124,182,288,fuck
392,121,183,283,fuck
414,131,173,282,fuck
413,122,181,276,fuck
407,126,170,272,fuck
413,120,186,273,fuck
413,122,164,267,fuck
400,136,167,289,fuck
433,117,172,284,fuck
412,126,184,272,fuck
403,120,186,282,fuck
420,139,192,279,fuck
411,139,171,290,fuck
418,120,185,291,fuck
495,119,178,285,fuck
430,114,184,287,fuck
449,132,169,306,fuck
414,120,176,284,fuck
408,123,179,282,fuck
411,120,179,279,fuck
410,121,173,280,fuck
411,120,198,278,fuck
422,121,181,272,fuck
414,119,166,268,fuck
415,122,183,264,fuck
413,120,179,310,fuck
416,128,190,306,fuck
412,119,166,313,fuck
415,125,171,331,fuck
412,120,174,318,fuck
416,117,175,316,fuck
412,113,177,313,fuck
408,118,176,310,fuck
412,122,171,317,fuck
410,102,173,331,fuck
399,118,171,342,fuck
403,106,172,336,fuck
400,119,158,324,fuck
401,131,173,338,fuck
404,118,175,329,fuck
413,131,164,335,fuck
412,119,195,330,fuck
390,121,172,326,fuck
392,120,175,323,fuck
410,122,171,323,fuck
419,173,170,319,fuck
419,119,190,317,fuck
420,122,173,389,fuck
432,101,169,308,fuck
405,100,178,300,fuck
420,104,168,296,fuck
409,124,178,312,fuck
412,159,169,321,fuck
413,113,166,303,fuck
413,116,170,319,fuck
415,113,166,328,fuck
421,120,169,311,fuck
414,116,167,307,fuck
414,119,170,305,fuck
416,105,167,307,fuck
404,118,168,329,fuck
413,118,165,346,fuck
421,117,154,340,fuck
408,117,173,345,fuck
416,115,162,335,fuck
411,119,165,348,fuck
401,119,173,352,fuck
411,119,154,339,fuck
407,118,170,352,fuck
407,134,164,362,fuck
406,116,169,344,fuck
407,122,158,356,fuck
409,121,162,345,fuck
403,128,165,334,fuck
410,118,180,340,fuck
401,111,176,328,fuck
419,118,166,326,fuck
409,119,164,321,fuck
414,121,170,320,fuck
404,116,174,318,fuck
434,118,168,327,fuck
410,114,198,322,fuck
395,115,173,315,fuck
418,103,174,305,fuck
412,119,177,337,fuck
401,124,185,326,fuck
416,80,168,352,fuck
408,122,174,355,fuck
405,122,158,354,fuck
414,119,173,359,fuck
408,115,239,348,fuck
400,121,158,341,fuck
406,113,182,333,fuck
407,120,171,343,fuck
411,123,128,340,fuck
393,121,171,325,fuck
395,122,175,338,fuck
413,111,182,336,fuck
411,126,171,332,fuck
388,115,184,325,fuck
396,116,173,329,fuck
404,125,160,366,fuck
401,121,166,348,fuck
399,130,173,290,fuck
395,118,155,342,fuck
414,123,169,340,fuck
404,71,161,332,fuck
392,122,168,341,fuck
405,123,168,323,fuck
405,64,166,316,fuck
402,125,150,315,fuck
401,140,170,310,fuck
421,128,170,330,fuck
401,129,155,318,fuck
404,126,170,326,fuck
400,126,171,334,fuck
407,125,167,326,fuck
408,123,157,332,fuck
407,158,176,320,fuck
407,126,172,332,fuck
397,121,179,337,fuck
412,141,175,355,fuck
416,128,172,337,fuck
410,120,244,375,fuck
409,117,178,362,fuck
413,121,192,345,fuck
412,125,185,348,fuck
417,124,194,333,fuck
404,108,200,330,fuck
416,125,176,333,fuck
408,124,233,362,fuck
432,123,193,365,fuck
431,88,190,352,fuck
417,123,185,350,fuck
420,117,202,352,fuck
407,135,192,347,fuck
422,122,193,341,fuck
416,125,180,338,fuck
419,122,193,394,fuck
420,124,196,442,fuck
415,122,213,449,fuck
363,123,191,474,fuck
417,137,192,496,fuck
419,123,197,523,fuck
424,124,188,541,fuck
416,121,188,569,fuck
417,126,284,590,fuck
414,124,205,618,fuck
417,117,252,630,fuck
409,119,182,630,fuck
408,121,186,648,fuck
416,135,176,685,fuck
393,116,190,689,fuck
405,116,184,716,fuck
421,116,196,721,fuck
416,122,184,795,fuck
414,131,179,739,fuck
403,132,187,754,fuck
404,129,184,764,fuck
413,125,274,792,fuck
404,121,170,788,fuck
407,136,177,792,fuck
402,116,172,807,fuck
404,117,180,810,fuck
425,121,178,823,fuck
403,118,185,852,fuck
431,120,180,843,fuck
404,119,180,843,fuck
408,122,107,846,fuck
386,118,178,847,fuck
405,116,169,852,fuck
401,119,175,901,fuck
395,132,180,909,fuck
365,116,176,914,fuck
406,120,171,911,fuck
410,132,180,919,fuck
408,117,166,916,fuck
377,123,174,951,fuck
394,121,177,955,fuck
411,109,176,960,fuck
409,121,158,965,fuck
413,119,168,962,fuck
369,118,173,894,fuck
417,119,162,989,fuck
405,137,184,983,fuck
410,119,172,983,fuck
408,117,168,981,fuck
428,119,164,983,fuck
426,100,174,983,fuck
394,120,184,1006,fuck
404,139,188,1029,fuck
405,120,192,1011,fuck
399,116,183,1027,fuck
394,120,192,1010,fuck
402,115,238,1014,fuck
406,120,184,1030,fuck
402,118,200,1058,fuck
403,57,203,1055,fuck
416,124,202,1026,fuck
411,118,204,1049,fuck
410,122,201,1054,fuck
403,116,200,1060,fuck
414,121,200,1082,fuck
410,117,198,1085,fuck
414,120,174,1074,fuck
398,116,193,1064,fuck
354,120,196,1076,fuck
406,117,194,1075,fuck
398,108,195,1105,fuck
409,109,193,1105,fuck