3633,159,192,577,rock
3616,157,193,580,rock
3619,159,190,586,rock
3617,159,204,590,rock
3619,158,189,586,rock
3616,159,192,584,rock
3618,157,192,582,rock
3618,157,176,569,rock
3612,155,176,570,rock
3617,156,190,584,rock
3610,155,188,576,rock
3617,156,187,577,rock
3619,155,188,578,rock
3616,152,185,572,rock
3612,155,183,580,rock
3615,155,184,571,rock
3614,157,184,570,rock
3617,152,182,576,rock
3615,155,184,574,rock
3617,155,180,572,rock
3616,160,181,577,rock
3613,156,182,580,rock
3616,157,181,575,rock
3613,155,181,574,rock
3619,155,178,568,rock
3616,156,179,569,rock
3617,156,177,567,rock
3615,156,179,567,rock
3614,155,178,566,rock
3615,155,180,568,rock
3613,157,177,568,rock
3617,153,177,563,rock
3616,155,179,568,rock
3618,153,179,570,rock
3612,155,181,578,rock
3616,153,181,571,rock
3616,152,181,574,rock
3616,151,180,571,rock
3617,152,182,577,rock
3614,152,183,578,rock
3616,152,180,572,rock
3614,152,184,569,rock
3617,150,183,577,rock
3617,152,185,571,rock
3617,152,181,580,rock
3614,152,184,568,rock
3617,148,178,570,rock
3619,150,181,576,rock
3613,151,180,575,rock
3619,150,182,577,rock
3613,151,180,572,rock
3611,149,179,567,rock
3616,150,179,568,rock
3617,147,178,567,rock
3615,149,178,564,rock
3613,148,179,573,rock
3617,149,181,570,rock
3616,146,177,562,rock
3617,149,177,563,rock
3617,150,180,572,rock
3618,148,174,568,rock
3616,153,176,563,rock
3617,148,169,559,rock
3618,150,176,561,rock
3615,148,169,558,rock
3616,149,176,558,rock
3617,145,174,571,rock
3620,149,173,568,rock
3616,146,174,569,rock
3622,141,173,564,rock
3617,147,173,565,rock
3617,148,174,570,rock
3615,151,180,567,rock
3615,150,179,568,rock
3617,149,181,577,rock
3615,155,178,564,rock
3620,143,178,562,rock
3613,146,178,569,rock
3619,148,177,564,rock
3618,150,178,563,rock
3614,150,178,565,rock
3617,150,183,580,rock
3616,148,175,569,rock
3619,149,174,570,rock
3616,148,181,573,rock
3620,149,174,572,rock
3615,149,174,572,rock
3618,148,173,568,rock
3620,140,172,564,rock
3620,146,171,562,rock
3616,148,175,572,rock
3617,145,176,564,rock
3617,148,177,562,rock
3615,146,175,570,rock
3617,138,177,561,rock
3616,144,176,561,rock
3620,139,176,560,rock
3616,148,174,570,rock
3616,145,172,563,rock
3616,149,178,568,rock
3616,145,176,562,rock
3613,145,173,567,rock
3617,145,179,567,rock
3618,147,173,567,rock
3616,145,157,559,rock
3618,146,173,568,rock
3618,146,171,560,rock
3617,146,169,558,rock
3618,149,172,563,rock
3615,146,171,560,rock
3617,147,171,560,rock
3617,145,172,560,rock
3621,146,172,557,rock
3631,515,755,906,rock
3636,517,747,902,rock
3643,503,788,883,rock
3635,512,750,896,rock
3625,551,740,890,rock
3630,542,732,885,rock
3627,555,716,867,rock
3617,505,731,872,rock
3628,516,734,860,rock
3636,517,712,846,rock
3635,548,695,843,rock
3639,521,687,832,rock
3652,502,690,818,rock
3626,514,666,820,rock
3631,505,693,830,rock
3625,496,711,840,rock
3627,502,711,856,rock
3614,504,721,854,rock
3604,505,720,851,rock
3658,520,720,839,rock
3622,491,713,836,rock
3627,518,692,824,rock
3626,513,685,816,rock
3630,484,700,831,rock
3637,500,744,875,rock
3626,503,736,864,rock
3624,521,717,870,rock
3632,525,717,867,rock
3624,544,868,906,rock
3632,530,744,877,rock
3630,554,742,894,rock
3622,533,782,878,rock
3629,518,775,853,rock
3629,509,739,875,rock
3635,515,752,894,rock
3615,517,753,877,rock
3652,500,718,886,rock
3627,522,732,896,rock
3627,525,758,917,rock
3633,504,767,917,rock
3648,519,759,914,rock
3642,535,751,906,rock
3651,515,607,861,rock
3652,530,719,879,rock
3628,507,724,873,rock
3628,498,716,858,rock
3601,489,723,855,rock
3627,491,710,861,rock
3633,493,688,843,rock
3634,534,691,828,rock
3557,530,690,827,rock
3612,518,704,824,rock
3633,562,710,857,rock
3498,489,735,876,rock
3794,507,755,895,rock
3645,512,757,902,rock
3627,505,761,884,rock
3630,512,790,873,rock
3648,505,855,921,rock
3644,492,855,935,rock
3649,503,856,918,rock
3545,516,829,904,rock
3659,518,807,886,rock
3631,540,804,883,rock
3645,483,817,872,rock
3801,501,816,869,rock
3624,515,803,880,rock
3626,516,794,860,rock
3626,548,801,861,rock
3615,585,775,855,rock
3658,619,764,906,rock
3629,620,782,892,rock
3636,765,750,917,rock
3617,644,731,897,rock
3632,637,747,904,rock
3633,640,743,900,rock
3627,632,735,889,rock
3643,597,727,881,rock
3617,614,719,888,rock
3616,606,689,849,rock
3645,614,724,879,rock
3618,628,727,894,rock
3640,644,727,894,rock
3632,650,717,859,rock
3631,624,718,886,rock
3612,636,712,852,rock
3627,616,697,854,rock
3626,619,711,858,rock
3628,629,692,854,rock
3621,649,710,862,rock
3638,637,718,885,rock
3611,667,767,925,rock
3622,624,762,907,rock
3634,635,741,896,rock
3611,627,739,885,rock
3636,626,724,866,rock
3625,624,712,860,rock
3629,612,718,856,rock
3630,617,692,840,rock
3629,629,711,861,rock
3641,649,699,852,rock
3632,685,686,851,rock
3642,670,721,868,rock
3618,698,722,879,rock
3628,723,720,880,rock
3613,697,730,894,rock
3631,693,774,886,rock
3598,735,784,867,rock
3632,724,772,860,rock
3627,727,762,921,rock
3640,723,751,920,rock
3631,736,750,913,rock
3631,723,723,887,rock
3661,721,716,880,rock
3605,705,707,870,rock
3629,709,712,863,rock
3626,678,697,854,rock
3638,695,693,851,rock
3622,709,707,862,rock
3629,717,713,857,rock
3629,711,748,897,rock
3631,727,748,911,rock
3635,705,754,914,rock
3628,640,753,912,rock
3612,702,765,927,rock
3626,704,781,864,rock
3624,706,819,880,rock
3602,686,830,900,rock
3626,668,770,859,rock
3624,645,773,859,rock
3630,657,766,927,rock
3643,691,738,876,rock
3630,643,737,893,rock
3636,668,732,886,rock
3621,639,747,892,rock
3629,645,744,913,rock
3625,695,732,876,rock
3645,705,691,854,rock
3629,718,704,860,rock
3613,708,709,853,rock
3648,728,691,844,rock
3622,716,694,868,rock
3631,712,718,875,rock
3636,724,710,872,rock
3631,737,727,890,rock
3603,751,709,861,rock
3645,743,716,887,rock
3628,728,739,905,rock
3625,714,753,903,rock
3632,718,735,895,rock
3630,707,748,903,rock
3627,698,759,933,rock
3628,691,756,903,rock
3612,671,770,844,rock
3628,699,762,917,rock
3629,709,742,895,rock
3627,741,742,905,rock
3740,755,745,907,rock
3613,767,753,902,rock
3626,838,771,883,rock
3613,754,740,916,rock
3604,767,696,864,rock
3625,763,734,901,rock
3616,777,734,904,rock
3612,797,744,907,rock
3634,788,744,919,rock
3598,810,739,901,rock
3612,797,763,912,rock
3600,783,728,887,rock
3641,747,721,885,rock
3614,754,720,877,rock
3638,758,696,844,rock
3623,743,713,860,rock
3609,733,697,848,rock
3619,733,673,822,rock
3628,706,673,816,rock
3637,736,657,820,rock
3634,751,658,806,rock
3629,760,633,842,rock
3619,760,648,798,rock
3625,757,634,847,rock
3628,776,624,843,rock
3674,749,635,862,rock
3628,738,614,856,rock
3609,728,605,843,rock
3629,722,622,846,rock
3612,738,582,821,rock
3641,740,589,821,rock
3625,769,592,811,rock
3653,777,576,807,rock
3630,794,582,808,rock
3632,853,573,809,rock
3630,803,566,814,rock
3631,786,628,852,rock
3650,764,615,857,rock
3643,764,615,850,rock
3606,779,597,835,rock
3626,781,612,844,rock
3631,787,595,844,rock
3631,783,601,835,rock
3631,784,621,841,rock
3630,775,596,840,rock
3639,745,619,856,rock
3635,754,623,852,rock
3623,747,600,833,rock
3628,738,597,828,rock
3551,734,596,824,rock
3629,724,572,807,rock
3645,707,615,838,rock
3625,715,570,813,rock
3606,734,619,840,rock
3624,765,595,830,rock
3617,765,611,842,rock
3573,753,638,873,rock
3636,743,618,840,rock
3636,739,664,821,rock
3653,723,684,837,rock
3632,716,692,845,rock
3619,700,726,885,rock
3650,594,755,912,rock
3545,692,744,902,rock
3625,651,733,896,rock
3621,656,734,894,rock
3632,692,742,896,rock
3633,631,763,920,rock
3645,691,781,869,rock
3631,709,810,903,rock
3619,734,861,940,rock
3622,665,833,922,rock
3628,689,869,963,rock
3607,694,882,975,rock
3607,674,901,917,rock
3638,639,912,917,rock
3625,637,905,947,rock
3629,645,897,944,rock
3628,645,875,966,rock
3623,659,857,956,rock
3511,624,859,949,rock
3633,630,842,917,rock
3632,618,845,917,rock
3627,631,797,890,rock
3630,624,822,905,rock
3600,628,840,906,rock
3645,611,824,895,rock
3695,606,808,876,rock
3629,575,793,874,rock
3661,593,796,866,rock
3624,601,796,881,rock
3637,601,778,863,rock
3609,596,765,913,rock
3663,598,753,896,rock
3632,717,745,899,rock
3619,621,734,895,rock
3650,602,725,878,rock
3607,600,740,885,rock
3662,592,727,872,rock
3629,610,712,860,rock
3630,599,730,868,rock
3628,593,714,886,rock
3618,582,757,910,rock
3629,578,769,850,rock
3623,575,782,886,rock
3618,565,874,914,rock
3629,561,818,887,rock
3637,560,822,890,rock
3621,550,815,883,rock
3628,565,803,872,rock
3626,586,792,855,rock
3633,651,772,858,rock
3627,637,765,922,rock
3636,617,735,890,rock
3622,589,761,900,rock
3625,614,751,902,rock
3643,597,752,909,rock
3622,567,757,907,rock
3633,576,731,867,rock
3754,585,736,892,rock
3619,577,731,877,rock
3629,582,711,887,rock
3634,571,727,878,rock
3629,556,730,864,rock
3647,546,706,850,rock
3617,551,698,840,rock
3629,534,670,826,rock
3633,540,688,829,rock
3640,549,705,837,rock
3621,566,590,818,rock
3621,590,677,815,rock
3626,574,663,811,rock
3660,591,634,827,rock
3636,582,643,792,rock
3635,597,645,784,rock
3627,574,648,778,rock
3643,571,636,832,rock
3633,705,652,791,rock
3631,567,650,778,rock
3617,564,646,804,rock
3627,549,636,848,rock
3628,585,645,798,rock
3638,630,635,854,rock
3669,694,629,849,rock
3624,688,676,810,rock
3620,683,611,850,rock
3626,696,664,823,rock
3629,725,642,789,rock
3613,714,649,804,rock
3593,712,663,813,rock
3628,698,659,799,rock
3631,684,638,835,rock
3632,684,616,830,rock
3617,675,657,823,rock
3603,671,625,850,rock
3625,657,648,807,rock
3633,623,638,842,rock
3635,635,662,828,rock
3631,656,647,802,rock
3626,654,627,844,rock
3630,620,653,819,rock
3630,629,658,794,rock
3627,633,644,788,rock
3627,616,637,846,rock
3628,637,628,861,rock
3631,731,622,853,rock
3627,656,637,860,rock
3625,657,614,841,rock
3622,643,632,847,rock
3649,649,641,792,rock
3631,671,653,801,rock
3622,659,672,802,rock
3644,629,657,801,rock
3626,669,665,808,rock
3632,665,713,846,rock
3629,671,667,824,rock
3623,663,709,858,rock
3624,675,717,863,rock
3627,666,735,882,rock
3654,641,566,815,rock
3629,633,695,849,rock
3623,523,675,832,rock
3630,642,686,834,rock
3660,630,685,830,rock
3606,622,665,804,rock
3654,615,688,826,rock
3635,606,682,828,rock
3633,603,659,805,rock
3648,646,642,793,rock
3644,604,630,855,rock
3634,478,636,818,rock
3624,631,661,830,rock
3633,657,602,835,rock
3627,641,617,836,rock
3627,605,613,823,rock
3632,633,591,822,rock
3638,652,569,790,rock
3605,635,595,808,rock
3618,637,556,791,rock
3634,711,584,795,rock
3629,630,567,798,rock
3630,628,555,773,rock
3618,625,590,798,rock
3630,609,576,801,rock
3627,608,572,781,rock
3647,616,577,784,rock
3625,641,539,757,rock
3623,675,556,778,rock
3627,691,562,773,rock
3629,734,552,768,rock
3631,719,543,774,rock
3615,727,548,769,rock
3611,717,561,772,rock
3601,719,566,794,rock
3629,703,574,821,rock
3606,720,571,794,rock
3628,707,574,791,rock
3651,700,579,796,rock
3635,725,554,780,rock
3624,732,586,804,rock
3624,755,586,810,rock
3626,727,584,799,rock
3628,724,573,801,rock
3611,715,594,807,rock
3593,707,583,797,rock
3606,701,570,781,rock
3608,701,534,758,rock
3626,684,561,769,rock
3631,696,534,761,rock
3637,688,541,754,rock
3631,665,525,746,rock
3652,679,492,774,rock
3629,683,480,753,rock
3633,663,514,732,rock
3630,660,508,772,rock
3635,668,509,787,rock
3624,636,475,761,rock
3611,620,495,794,rock
3636,623,476,773,rock
3631,608,501,793,rock
3764,607,519,740,rock
3619,595,533,758,rock
3638,604,514,733,rock
3628,600,515,731,rock
3629,611,507,789,rock
3627,593,508,783,rock
3632,575,497,766,rock
3611,595,512,738,rock
3630,563,536,728,rock
3631,582,507,767,rock
3627,585,512,730,rock
3627,571,531,734,rock
3627,570,547,746,rock
3632,603,526,736,rock
3627,633,535,766,rock
3627,629,552,763,rock
3619,631,705,817,rock
3635,489,592,815,rock
3626,623,597,818,rock
3598,656,586,797,rock
3612,662,585,799,rock
3627,661,557,780,rock
3630,644,560,768,rock
3610,647,555,776,rock
3629,648,559,772,rock
3623,651,679,789,rock
3628,652,535,752,rock
3622,681,516,740,rock
3621,661,560,755,rock
3625,645,641,770,rock
3631,562,532,728,rock
3676,638,502,774,rock
3680,620,523,748,rock
3641,615,520,739,rock
3607,611,564,773,rock
3609,614,516,727,rock
3628,623,536,744,rock
3630,650,550,766,rock
3625,629,564,775,rock
3613,634,565,776,rock
3629,639,589,809,rock
3636,612,622,840,rock
3714,626,594,801,rock
3627,618,587,801,rock
3629,626,574,799,rock
3631,603,600,804,rock
3617,609,548,779,rock
3648,620,584,798,rock
3573,625,600,804,rock
3606,672,609,828,rock
3604,696,566,812,rock
3633,545,603,810,rock
3531,673,611,841,rock
3771,671,612,852,rock
3629,689,620,848,rock
3608,691,607,844,rock
3629,690,607,847,rock
3616,642,591,834,rock
3626,677,610,826,rock
3633,672,615,854,rock
3635,657,595,822,rock
3623,652,608,836,rock
3623,657,594,820,rock
3625,678,598,830,rock
3658,693,588,816,rock
3626,719,610,827,rock
3609,709,594,823,rock
3635,697,582,807,rock
3630,729,594,818,rock
3633,708,595,827,rock
3642,706,601,831,rock
3628,680,596,823,rock
3626,689,590,814,rock
3639,676,595,803,rock
3629,672,551,792,rock
3625,672,598,832,rock
3638,689,593,810,rock
3653,663,593,801,rock
3605,653,609,823,rock
3600,646,648,804,rock
3618,691,564,799,rock
3635,696,599,826,rock
3629,713,604,837,rock
3631,705,620,834,rock
3641,713,608,840,rock
3630,735,575,807,rock
3633,758,583,826,rock
3632,742,589,825,rock
3635,727,605,826,rock
3708,723,583,812,rock
3587,715,582,803,rock
3627,700,574,804,rock
3630,722,573,788,rock
3627,685,577,791,rock
3614,693,560,780,rock
3609,711,556,774,rock
3626,694,569,772,rock
3598,697,557,778,rock
3635,690,571,790,rock
3627,700,584,809,rock
3629,668,569,794,rock
3642,662,586,804,rock
3630,663,582,804,rock
3630,656,579,789,rock
3626,647,567,801,rock
3615,648,587,800,rock
3627,631,596,805,rock
3628,625,596,796,rock
3606,610,597,809,rock
3633,651,580,796,rock
3733,594,575,793,rock
3625,629,568,783,rock
3610,651,568,776,rock
3633,655,572,778,rock
3625,644,549,762,rock
3623,650,543,762,rock
3603,656,571,776,rock
3629,640,546,757,rock
3629,644,650,764,rock
3636,641,526,750,rock
3627,633,559,777,rock
3644,631,497,778,rock
3653,624,652,764,rock
3649,619,604,776,rock
3625,609,544,749,rock
3645,603,528,733,rock
3641,615,539,738,rock
3595,593,553,749,rock
3626,584,518,738,rock
3627,566,495,760,rock
3631,546,528,740,rock
3629,570,530,738,rock
3634,557,532,728,rock
3626,555,531,739,rock
3638,556,525,750,rock
3628,541,533,735,rock
3645,546,507,760,rock
3613,533,512,713,rock
3629,558,503,764,rock
3645,525,505,760,rock
3681,504,521,740,rock
3612,512,530,727,rock
3618,488,561,748,rock
3683,517,539,745,rock
3486,495,554,763,rock
3755,490,555,763,rock
3622,476,496,783,rock
3605,472,608,810,rock
3627,467,583,795,rock
3626,467,583,798,rock
3629,453,562,768,rock
3626,469,572,787,rock
3631,488,578,788,rock
3646,478,579,776,rock
3628,508,599,808,rock
3639,500,570,777,rock
3635,504,590,800,rock
3622,499,597,805,rock
3658,503,589,810,rock
3637,500,591,795,rock
3611,514,602,804,rock
3614,501,561,784,rock
3617,500,613,825,rock
3627,519,629,825,rock
3633,522,592,794,rock
3594,507,592,802,rock
3630,497,603,800,rock
3613,469,581,783,rock
3638,484,521,757,rock
3643,507,586,782,rock
3627,483,578,778,rock
3663,463,580,788,rock
3641,464,604,800,rock
3631,462,586,781,rock
3623,458,573,779,rock
3630,451,546,753,rock
3629,421,561,755,rock
3628,451,569,758,rock
3628,448,545,740,rock
3609,438,674,770,rock
3630,431,529,733,rock
3646,440,516,717,rock
3635,485,533,752,rock
3624,446,559,781,rock
3609,426,588,788,rock
3628,437,576,787,rock
3631,406,582,784,rock
3629,427,598,802,rock
3619,435,598,820,rock
3628,442,603,817,rock
3628,433,625,816,rock
3635,518,594,793,rock
3625,555,602,811,rock
3626,625,610,816,rock
3629,664,589,804,rock
3629,661,583,807,rock
3627,665,594,814,rock
3601,726,583,813,rock
3633,730,579,798,rock
3627,725,570,788,rock
3628,738,570,790,rock
3629,735,584,786,rock
3633,681,562,781,rock
3657,700,549,770,rock
3631,697,545,753,rock
3629,697,587,788,rock
3622,689,547,777,rock
3630,682,541,761,rock
3629,676,520,740,rock
3638,687,534,756,rock
3612,665,530,744,rock
3635,645,554,763,rock
3645,655,494,774,rock
3632,705,521,738,rock
3629,638,512,738,rock
3591,644,512,734,rock
3627,612,517,734,rock
3617,638,516,746,rock
3630,619,504,768,rock
3630,607,507,792,rock
3629,575,525,732,rock
3629,605,518,734,rock
3603,583,520,721,rock
3623,581,503,792,rock
3635,579,508,798,rock
3632,605,505,792,rock
3637,546,497,769,rock
3630,560,512,718,rock
3629,551,531,732,rock
3631,536,533,743,rock
3629,550,544,755,rock
3621,533,459,747,rock
3632,552,552,755,rock
3620,572,545,744,rock
3613,579,542,753,rock
3627,619,574,782,rock
3628,654,579,799,rock
3621,677,611,828,rock
3633,708,616,828,rock
3627,699,634,850,rock
3621,702,617,852,rock
3616,733,627,863,rock
3632,730,663,832,rock
3615,733,656,804,rock
3617,742,684,826,rock
3634,727,639,846,rock
3621,727,642,784,rock
3602,730,636,862,rock
3628,722,643,806,rock
3623,717,614,856,rock
3661,697,601,829,rock
3634,689,628,848,rock
3648,697,599,831,rock
3619,775,596,827,rock
3634,760,599,830,rock
3636,654,590,822,rock
3616,648,581,817,rock
3630,636,582,802,rock
3633,624,584,801,rock
3644,649,589,802,rock
3626,630,591,827,rock
3631,614,595,811,rock
3626,592,615,827,rock
3548,601,570,781,rock
3634,585,556,784,rock
3631,581,573,790,rock
3635,576,565,768,rock
3635,695,544,758,rock
3626,577,528,745,rock
3631,539,543,757,rock
3631,550,547,758,rock
3600,552,566,778,rock
3612,565,530,751,rock
3636,588,574,790,rock
3624,591,575,785,rock
3620,567,574,789,rock
3605,559,575,785,rock
3622,553,574,778,rock
3607,563,575,787,rock
3613,546,548,764,rock
3638,534,550,768,rock
3639,535,571,773,rock
3627,544,567,779,rock
3624,576,690,794,rock
3620,598,615,810,rock
3628,594,586,792,rock
3619,610,600,816,rock
3630,597,616,831,rock
3631,603,608,827,rock
3623,631,630,865,rock
3629,641,658,804,rock
3628,653,700,839,rock
3649,653,662,810,rock
3639,640,661,810,rock
3628,626,673,812,rock
3642,621,674,804,rock
3635,510,668,800,rock
3633,608,634,835,rock
3636,601,676,817,rock
3631,609,685,831,rock
3627,586,659,811,rock
3634,590,706,833,rock
3638,550,675,803,rock
3615,566,670,822,rock
3642,560,648,792,rock
3638,554,657,799,rock
3630,550,668,798,rock
3634,554,640,781,rock
3629,540,641,786,rock
3646,528,551,785,rock
3612,526,676,809,rock
3631,522,677,826,rock
3642,519,681,824,rock
3631,522,681,807,rock
3655,498,643,806,rock
3632,571,679,809,rock
3627,507,687,826,rock
3635,487,695,842,rock
3632,483,693,844,rock
3609,514,675,814,rock
3634,505,669,814,rock
3661,507,651,788,rock
3625,510,654,799,rock
3631,508,650,784,rock
3668,496,651,810,rock
3628,522,628,838,rock
3635,621,626,830,rock
3473,546,614,830,rock
3618,578,614,820,rock
3628,591,627,840,rock
3645,585,615,843,rock
3632,573,605,837,rock
3631,580,598,820,rock
3566,567,608,804,rock
3642,578,627,841,rock
3633,687,613,836,rock
3601,582,602,818,rock
3662,574,597,805,rock
3654,572,586,794,rock
3631,564,585,790,rock
3633,576,579,791,rock
3611,572,580,786,rock
3615,554,592,783,rock
3618,555,558,778,rock
3616,547,396,718,rock
3628,537,543,757,rock
3632,532,538,753,rock
3631,522,602,780,rock
3609,521,737,824,rock
3629,548,596,808,rock
3627,528,639,850,rock
3629,541,681,820,rock
3631,554,700,845,rock
3631,553,713,855,rock
3633,555,744,900,rock
3631,536,787,848,rock
3639,543,791,861,rock
3621,552,805,878,rock
3652,553,800,867,rock
3632,536,770,847,rock
3631,535,792,863,rock
3645,558,757,887,rock
3604,580,714,867,rock
3633,545,751,892,rock
3653,584,750,897,rock
3612,621,737,877,rock
3643,654,718,885,rock
3630,647,717,863,rock
3631,657,705,852,rock
3643,658,682,839,rock
3632,640,679,836,rock
3625,616,682,815,rock
3623,624,672,808,rock
3629,641,778,825,rock
3628,675,687,841,rock
3625,703,674,824,rock
3649,711,767,893,rock
3638,728,718,879,rock
3653,716,704,849,rock
3602,704,708,851,rock
3632,715,694,845,rock
3600,720,689,842,rock
3611,735,706,854,rock
3642,630,666,826,rock
3615,740,670,823,rock
3633,735,686,844,rock
3602,734,660,821,rock
3630,711,651,798,rock
3614,702,673,818,rock
3613,683,713,852,rock
3640,661,745,900,rock
3632,674,788,876,rock
3639,670,770,854,rock
3620,677,796,868,rock
3637,693,796,887,rock
3621,722,772,872,rock
3636,726,832,900,rock
3629,720,845,925,rock
3644,745,797,889,rock
3639,710,802,897,rock
3637,692,793,869,rock
3623,702,788,866,rock
3629,694,778,874,rock
3628,695,794,873,rock
3635,710,782,877,rock
3603,684,796,871,rock
3634,667,807,893,rock
3647,643,838,910,rock
3659,654,799,887,rock
3638,646,783,881,rock
3630,641,775,874,rock
3604,644,761,891,rock
3630,662,753,881,rock
3659,709,767,927,rock
3645,771,670,862,rock
3628,815,742,912,rock
3624,859,748,911,rock
3646,842,761,932,rock
3633,830,748,920,rock
3616,878,759,945,rock
3646,885,746,916,rock
3634,894,729,910,rock
3632,906,755,919,rock
3633,903,714,886,rock
3636,890,713,862,rock
3632,880,702,875,rock
3634,873,695,869,rock
3631,857,682,848,rock
3629,849,713,853,rock
3645,812,681,828,rock
3630,826,688,846,rock
3666,824,703,866,rock
3631,822,716,881,rock
3641,835,706,860,rock
3636,811,702,876,rock
3653,802,819,882,rock
3619,796,694,853,rock
3652,782,697,847,rock
3773,793,681,844,rock
3701,778,675,827,rock
3632,786,689,844,rock
3629,780,698,836,rock
3629,766,680,832,rock
3632,755,688,818,rock
3649,748,667,814,rock
3651,660,657,811,rock
3616,721,713,843,rock
3613,721,753,890,rock
3640,736,731,897,rock
3618,750,746,915,rock
3608,779,746,899,rock
3627,805,716,883,rock
3625,801,728,889,rock
3634,796,709,871,rock
3631,785,719,888,rock
3641,754,709,857,rock
3630,744,704,852,rock
3639,726,693,842,rock
3632,744,721,869,rock
3618,767,741,902,rock
3637,767,727,899,rock
3632,745,728,883,rock
3612,735,726,881,rock
3634,715,715,865,rock
3603,710,721,869,rock
3567,730,708,860,rock
3629,717,700,854,rock
3602,745,715,858,rock
3633,743,674,822,rock
3622,752,665,818,rock
3634,755,671,817,rock
3629,757,671,827,rock
3633,719,646,814,rock
3633,719,670,828,rock
3632,682,662,843,rock
3625,673,657,802,rock
3638,681,652,800,rock
3645,691,656,801,rock
3654,668,632,835,rock
3642,662,619,824,rock
3632,684,643,814,rock
3630,648,615,820,rock
3470,643,650,808,rock
3629,647,654,806,rock
3628,636,655,807,rock
3618,645,650,809,rock
3634,631,660,793,rock
3635,633,647,832,rock
3740,622,627,848,rock
3631,583,645,812,rock
3629,602,628,854,rock
3623,617,644,785,rock
3640,594,662,823,rock
3630,563,678,837,rock
3640,550,653,790,rock
3634,566,645,793,rock
3629,568,649,797,rock
3627,581,607,833,rock
3621,592,627,840,rock
3622,614,593,821,rock
3630,650,611,834,rock
3469,647,605,823,rock
3629,645,606,832,rock
3624,633,618,813,rock
3626,619,595,812,rock
3628,635,591,820,rock
3635,618,581,799,rock
3609,620,568,783,rock
3653,630,575,795,rock
3646,608,580,787,rock
3628,607,580,796,rock
3641,599,577,789,rock
3629,596,577,787,rock
3628,591,552,773,rock
3627,590,580,798,rock
3631,584,562,777,rock
3634,576,546,768,rock
3660,572,563,785,rock
3633,557,553,765,rock
3627,563,573,785,rock
3623,550,573,787,rock
3653,559,707,821,rock
3629,542,607,834,rock
3613,548,618,825,rock
3634,540,611,823,rock
3629,533,612,820,rock
3633,521,635,821,rock
3629,549,688,806,rock
3631,542,674,795,rock
3627,538,655,813,rock
3628,527,640,783,rock
3628,512,661,799,rock
3629,526,675,808,rock
3632,525,699,832,rock
3631,536,662,814,rock
3652,429,684,816,rock
3628,510,673,804,rock
3626,506,637,836,rock
3632,504,675,799,rock
3623,493,655,801,rock
3605,491,658,792,rock
3626,483,646,779,rock
3629,456,641,779,rock
3628,482,658,786,rock
3611,485,660,803,rock
3656,478,675,811,rock
3606,485,672,798,rock
3624,480,683,813,rock
3633,468,661,802,rock
3661,489,679,808,rock
3602,463,667,788,rock
3596,469,682,812,rock
3645,501,673,807,rock
3629,503,678,814,rock
3628,565,656,793,rock
3614,533,651,786,rock
3627,524,661,798,rock
3583,525,641,784,rock
3651,530,574,804,rock
3629,554,640,774,rock
3638,453,621,848,rock
3610,520,655,802,rock
3660,529,659,798,rock
3636,506,685,817,rock
3651,515,667,800,rock
3628,534,633,825,rock
3605,535,665,790,rock
3655,535,660,788,rock
3629,523,675,815,rock
3660,528,693,827,rock
3630,511,683,815,rock
3615,505,729,828,rock
3628,501,710,831,rock
3643,507,680,806,rock
3634,506,680,811,rock
3650,490,691,828,rock
3635,472,710,853,rock
3632,477,718,844,rock
3621,475,777,831,rock
3632,482,706,829,rock
3622,491,725,868,rock
3644,509,699,861,rock
3642,497,746,871,rock
3647,516,708,859,rock
3631,510,687,836,rock
3618,515,860,876,rock
3632,521,698,836,rock
3646,527,695,825,rock
3625,501,729,866,rock
3592,536,777,846,rock
3629,531,780,850,rock
3629,558,805,870,rock
3639,548,809,866,rock
3715,562,844,917,rock
3614,572,875,964,rock
3610,561,874,954,rock
3631,556,851,916,rock
3657,563,851,924,rock
3629,555,884,960,rock
3629,557,865,945,rock
3634,564,856,944,rock
3602,561,851,920,rock
3642,566,830,902,rock
3624,567,819,883,rock
3649,566,809,885,rock
3613,566,831,903,rock
3626,580,830,902,rock
3634,578,844,912,rock
3640,569,852,942,rock
3612,555,922,939,rock
3635,582,903,937,rock
3648,554,865,938,rock
3620,547,870,949,rock
3631,536,871,954,rock
3659,536,867,948,rock
3609,522,872,944,rock
3635,554,839,932,rock
3621,532,849,923,rock
3634,555,835,903,rock
3619,559,827,902,rock
3630,515,830,892,rock
3622,593,784,867,rock
3618,608,810,879,rock
3545,620,807,887,rock
3678,625,799,887,rock
3638,634,800,879,rock
3628,634,823,903,rock
3631,650,808,880,rock
3630,644,802,877,rock
3633,636,783,874,rock
3640,635,848,905,rock
3632,631,822,889,rock
3539,620,798,876,rock
3660,630,784,884,rock
3631,623,846,926,rock
3631,613,826,895,rock
3622,599,828,896,rock
3649,600,739,874,rock
3655,579,802,869,rock
3660,574,788,868,rock
3633,602,775,858,rock
3659,585,770,858,rock
3623,592,762,909,rock
3613,580,761,904,rock
3633,550,755,892,rock
3629,566,769,842,rock
3650,557,779,862,rock
3635,564,792,869,rock
3628,566,772,849,rock
3649,559,691,851,rock
3629,557,760,908,rock
3659,559,755,902,rock
3648,581,739,882,rock
3632,584,746,907,rock
3630,586,750,899,rock
3629,573,712,870,rock
3647,551,735,900,rock
3631,568,747,893,rock
3630,575,736,876,rock
3620,599,713,861,rock
3635,554,708,848,rock
3623,559,712,854,rock
3645,563,676,835,rock
3635,536,745,879,rock
3649,533,739,889,rock
3637,550,734,883,rock
3636,569,731,885,rock
3637,583,718,883,rock
3633,586,728,858,rock
3636,614,713,864,rock
3601,581,701,851,rock
3632,563,688,836,rock
3634,574,710,849,rock
3628,569,715,857,rock
3631,597,703,857,rock
3628,626,710,857,rock
3607,586,741,882,rock
3618,597,730,863,rock
3626,598,710,863,rock
3633,633,705,849,rock
3667,632,683,840,rock
3630,647,688,834,rock
3633,620,689,842,rock
3625,616,679,840,rock
3466,604,694,837,rock
3628,601,694,842,rock
3631,590,693,843,rock
3631,558,702,838,rock
3631,569,695,838,rock
3626,579,704,848,rock
3664,549,701,862,rock
3612,543,734,877,rock
3629,551,763,891,rock
3614,543,704,855,rock
3612,547,701,847,rock
3638,544,698,840,rock
3632,568,693,833,rock
3635,566,701,835,rock
3630,555,675,823,rock
3619,564,672,812,rock
3635,553,672,807,rock
3656,541,672,801,rock
3645,532,662,808,rock
3628,535,651,796,rock
3632,536,659,787,rock
3626,516,650,786,rock
3652,522,649,802,rock
3628,527,683,813,rock
3627,546,648,776,rock
3634,584,664,802,rock
3613,620,677,827,rock
3647,669,677,826,rock
3634,653,661,811,rock
3624,649,664,805,rock
3639,619,662,818,rock
3631,630,666,804,rock
3630,597,660,801,rock
3630,610,647,778,rock
3633,620,639,834,rock
3668,620,649,789,rock
3627,630,676,828,rock
3645,571,684,843,rock
3646,616,744,884,rock
3635,618,742,881,rock
3618,612,751,913,rock
3647,622,765,915,rock
3659,598,833,920,rock
3660,578,836,923,rock
3634,591,842,912,rock
3631,578,812,892,rock
3632,569,807,884,rock
3647,563,787,855,rock
3628,571,670,832,rock
3621,545,767,919,rock
3605,539,715,882,rock
3633,513,730,858,rock
3644,532,749,884,rock
3628,526,738,883,rock
3631,518,729,868,rock
3622,503,719,867,rock
3629,491,717,860,rock
3629,524,736,869,rock
3652,526,714,847,rock
3643,529,702,850,rock
3636,512,700,843,rock
3629,520,692,838,rock
3623,514,733,856,rock
3631,516,668,813,rock
3633,615,684,834,rock
3630,554,681,810,rock
3628,561,681,820,rock
3715,558,696,826,rock
3629,553,716,861,rock
3608,546,709,856,rock
3645,554,677,842,rock
3640,510,697,830,rock
3629,513,708,842,rock
3629,522,712,851,rock
3648,524,689,832,rock
3640,534,672,823,rock
3645,546,687,838,rock
3630,545,693,832,rock
3630,541,704,848,rock
3612,538,723,876,rock
3630,528,789,862,rock
3635,520,800,855,rock
3628,538,802,870,rock
3630,505,801,868,rock
3652,523,711,897,rock
3637,521,895,957,rock
3633,515,887,964,rock
3612,506,891,974,rock
3625,500,860,949,rock
3642,483,932,941,rock
3622,501,854,936,rock
3629,478,869,948,rock
3632,481,859,935,rock
3567,481,879,963,rock
3516,473,887,972,rock
3661,472,888,947,rock
3632,472,881,953,rock
3632,473,869,953,rock
3628,473,849,929,rock
3632,460,891,957,rock
3631,453,869,947,rock
3642,468,857,920,rock
3628,430,865,945,rock
3643,431,854,917,rock
3623,432,888,953,rock
3650,409,898,920,rock
3621,423,882,955,rock
3635,419,899,907,rock
3632,404,842,918,rock
3620,318,868,932,rock
3634,418,805,887,rock
3627,426,823,896,rock
3631,439,831,900,rock
3630,438,796,879,rock
3650,432,810,881,rock
3639,440,837,908,rock
3629,467,844,914,rock
3626,532,830,919,rock
3630,552,797,897,rock
3624,573,824,889,rock
3658,576,811,882,rock
3638,602,786,850,rock
3631,561,796,865,rock
3639,578,773,859,rock
3631,577,757,917,rock
3633,549,751,913,rock
3623,585,755,893,rock
3634,694,748,890,rock
3632,615,772,859,rock
3630,613,739,889,rock
3629,612,735,898,rock
3653,599,594,849,rock
3630,591,719,869,rock
3570,573,735,878,rock
3616,595,702,852,rock
3630,572,714,849,rock
3637,565,674,819,rock
3630,558,674,812,rock
3628,561,652,798,rock
3629,520,663,814,rock
3628,536,653,791,rock
3641,529,643,779,rock
3627,526,649,786,rock
3631,539,637,840,rock
3641,509,650,800,rock
3632,514,643,804,rock
3641,525,635,847,rock
3627,509,631,849,rock
3647,489,638,847,rock
3630,493,618,836,rock
3632,498,618,835,rock
3632,501,646,791,rock
3604,467,703,836,rock
3630,488,685,840,rock
3632,565,711,853,rock
3630,569,711,857,rock
3605,608,704,849,rock
3632,650,713,861,rock
3623,673,737,888,rock
3637,655,748,897,rock
3632,672,733,893,rock
3631,809,736,880,rock
3620,684,786,880,rock
3693,681,742,901,rock
3630,693,729,879,rock
3653,695,726,889,rock
3637,699,761,920,rock
3607,693,752,906,rock
3631,709,732,918,rock
3628,677,747,904,rock
3632,683,727,902,rock
3631,659,769,868,rock
3639,649,759,925,rock
3647,663,751,918,rock
3602,699,747,913,rock
3610,692,697,875,rock
3629,684,751,906,rock
3639,681,734,885,rock
3632,676,736,889,rock
3609,676,829,898,rock
3641,677,751,914,rock
3631,668,755,904,rock
3609,676,732,904,rock
3618,664,730,894,rock
3596,648,726,887,rock
3604,667,724,875,rock
3641,636,689,849,rock
3634,650,703,865,rock
3667,590,709,858,rock
3623,604,708,864,rock
3629,661,699,848,rock
3630,659,726,883,rock
3601,724,716,875,rock
3632,752,709,877,rock
3628,859,680,861,rock
3624,1000,691,874,rock
3633,862,705,862,rock
3628,960,680,852,rock
3630,986,688,858,rock
3630,1001,668,874,rock
3635,1011,672,848,rock
3636,1008,660,832,rock
3646,1003,645,824,rock
3815,983,648,833,rock
3656,960,637,874,rock
3621,861,655,849,rock
3630,937,620,851,rock
3654,911,635,863,rock
3629,927,644,820,rock
3631,906,636,881,rock
3629,919,634,872,rock
3629,880,643,809,rock
3623,911,589,855,rock
3637,879,627,854,rock
3634,863,620,854,rock
3646,871,597,851,rock
3632,855,624,863,rock
3628,830,623,861,rock
3743,821,605,848,rock
3630,808,595,838,rock
3629,792,600,836,rock
3612,779,631,865,rock
3617,775,629,869,rock
3630,765,647,838,rock
3628,781,627,834,rock
3643,766,672,826,rock
3641,718,676,825,rock
3631,745,668,819,rock
3624,719,674,817,rock
3618,729,687,838,rock
3644,727,606,819,rock
3625,717,646,806,rock
3631,703,660,815,rock
3629,745,664,802,rock
3623,696,671,826,rock
3627,731,535,787,rock
3629,713,665,808,rock
3631,767,683,834,rock
3631,794,671,842,rock
3632,807,661,834,rock
3632,775,702,867,rock
3615,788,734,913,rock
3633,781,784,894,rock
3632,785,789,913,rock
3629,778,756,930,rock
3633,772,760,928,rock
3654,766,882,936,rock
3629,776,803,879,rock
3609,779,784,869,rock
3631,788,786,871,rock
3637,752,832,911,rock
3629,767,823,926,rock
3627,769,832,918,rock
3651,746,789,894,rock
3618,737,837,911,rock
3629,741,782,880,rock
3642,729,789,864,rock
3631,723,797,873,rock
3625,691,770,861,rock
3637,703,764,915,rock
3617,702,784,883,rock
3508,713,757,931,rock
3649,620,745,917,rock
3638,721,770,882,rock
3628,635,775,867,rock
3636,694,749,914,rock
3625,694,753,899,rock
3606,673,754,900,rock
3628,683,750,917,rock
3616,673,716,893,rock
3657,670,735,884,rock
3629,671,734,894,rock
3657,713,730,890,rock
3630,732,737,894,rock
3632,749,756,920,rock
3611,772,821,925,rock
3612,769,841,908,rock
3612,789,770,886,rock
3632,819,741,917,rock
3636,841,738,885,rock
3630,841,735,908,rock
3632,843,742,919,rock
3634,844,747,918,rock
3648,825,739,905,rock
3625,793,740,902,rock
3633,808,735,906,rock
3664,799,723,879,rock
3632,789,708,872,rock
3637,857,700,859,rock
3621,789,689,846,rock
3636,726,686,833,rock
3628,752,685,848,rock
3637,747,685,842,rock
3617,753,679,855,rock
3629,758,722,868,rock
3630,765,746,904,rock
3632,761,709,874,rock
3644,718,704,847,rock
3633,752,691,841,rock
3480,749,687,852,rock
3655,742,678,839,rock
3635,752,709,856,rock
3648,739,681,854,rock
3626,720,727,880,rock
3632,728,736,887,rock
3624,716,769,879,rock
3640,717,750,928,rock
3622,705,739,902,rock
3611,692,737,884,rock
3620,661,757,919,rock
3628,683,768,871,rock
3629,683,784,852,rock
3729,680,778,861,rock
3615,651,791,871,rock
3618,749,770,854,rock
3634,670,771,854,rock
3630,662,796,873,rock
3628,658,797,894,rock
3591,637,832,900,rock
3638,661,822,904,rock
3625,667,820,907,rock
3631,659,831,921,rock
3691,651,818,891,rock
3613,635,820,909,rock
3639,650,832,915,rock
3587,664,815,905,rock
3647,664,818,898,rock
3629,569,807,895,rock
3627,641,816,885,rock
3635,649,784,866,rock
3631,641,784,863,rock
3623,665,786,867,rock
3630,633,784,859,rock
3629,627,791,868,rock
3630,606,764,896,rock
3632,605,645,852,rock
3630,600,764,922,rock
3618,607,781,879,rock
3650,589,746,904,rock
3632,582,737,890,rock
3633,717,734,894,rock
3667,580,720,879,rock
3659,551,712,864,rock
3654,551,755,897,rock
3660,578,760,908,rock
3640,594,749,910,rock
3592,601,754,896,rock
3612,612,743,907,rock
3656,606,736,888,rock
3604,619,751,898,rock
3625,615,760,914,rock
3647,606,752,902,rock
3629,702,757,886,rock
3638,579,773,868,rock
3629,571,766,912,rock
3631,572,710,877,rock
3650,576,744,882,rock
3502,547,738,888,rock
3632,548,729,863,rock
3622,534,757,893,rock
3656,538,729,869,rock
3634,460,718,862,rock
3631,497,708,850,rock
3765,522,700,838,rock
3633,526,692,831,rock
3628,513,688,821,rock
3626,486,675,808,rock
3608,512,669,807,rock
3630,512,637,830,rock
3637,539,634,837,rock
3633,631,642,790,rock
3618,603,634,849,rock
3634,586,630,844,rock
3631,574,617,836,rock
3636,472,609,816,rock
3624,615,512,764,rock
3629,631,605,838,rock
3630,610,623,839,rock
3629,618,621,845,rock
3645,600,638,860,rock
3635,572,672,805,rock
3613,586,632,856,rock
3629,580,617,840,rock
3627,586,631,859,rock
3629,542,625,830,rock
3648,572,610,817,rock
3616,569,610,826,rock
3638,556,617,823,rock
3627,554,603,821,rock
3540,552,612,822,rock
3631,551,600,810,rock
3656,536,478,797,rock
3634,591,591,813,rock
3642,607,582,803,rock
3628,530,588,799,rock
3649,514,606,818,rock
3629,515,613,818,rock
3627,493,589,813,rock
3606,524,589,809,rock
3635,518,573,792,rock
3629,536,595,807,rock
3600,560,594,815,rock
3596,585,622,831,rock
3633,578,612,830,rock
3637,624,607,823,rock
3630,609,609,825,rock
3629,594,598,804,rock
3640,648,564,790,rock
3633,664,560,789,rock
3613,623,531,760,rock
3609,665,568,768,rock
3631,710,548,782,rock
3627,624,537,763,rock
3623,606,577,796,rock
3635,518,588,798,rock
3631,594,617,817,rock
3628,617,599,821,rock
3639,620,636,835,rock
3644,636,719,856,rock
3640,573,718,865,rock
3632,579,720,858,rock
3635,597,702,852,rock
3634,564,694,834,rock
3621,586,697,838,rock
3626,576,710,864,rock
3630,591,705,846,rock
3628,576,713,851,rock
3633,569,684,823,rock
3623,558,677,824,rock
3613,556,632,825,rock
3631,555,664,799,rock
3655,553,657,804,rock
3632,543,647,790,rock
3620,576,645,793,rock
3628,551,634,822,rock
3655,542,612,838,rock
3630,529,643,784,rock
3637,534,642,808,rock
3626,549,620,843,rock
3619,532,633,847,rock
3614,536,610,810,rock
3634,470,629,831,rock
3630,550,612,822,rock
3615,517,592,805,rock
3625,519,621,826,rock
3632,520,587,797,rock
3610,513,588,795,rock
3648,510,588,802,rock
3647,394,597,799,rock
3631,506,578,792,rock
3629,504,563,770,rock
3633,494,537,751,rock
3631,494,559,766,rock
3628,498,556,752,rock
3630,490,547,760,rock
3626,495,542,746,rock
3633,498,530,740,rock
3628,513,534,768,rock
3604,517,558,770,rock
3597,537,552,754,rock
3630,536,542,754,rock
3632,541,568,762,rock
3654,536,532,737,rock
3641,529,527,767,rock
3628,524,525,730,rock
3633,571,525,752,rock
3620,533,520,727,rock
3634,520,525,741,rock
3628,538,530,731,rock
3636,542,519,733,rock
3631,530,512,718,rock
3640,508,580,765,rock
3644,515,508,766,rock
3628,512,518,736,rock
3632,503,503,791,rock
3617,502,503,790,rock
3645,493,455,773,rock
3629,501,504,768,rock
3630,513,521,727,rock
3626,557,532,738,rock
3647,566,497,765,rock
3629,566,531,736,rock
3596,600,536,740,rock
3633,606,555,763,rock
3630,616,569,786,rock
3597,628,575,808,rock
3624,647,580,793,rock
3627,618,574,794,rock
3634,613,537,763,rock
3628,589,558,778,rock
3639,594,544,760,rock
3627,600,600,807,rock
3641,619,622,846,rock
3607,667,794,856,rock
3632,717,594,832,rock
3622,766,634,873,rock
3641,730,683,841,rock
3645,726,692,855,rock
3635,775,702,867,rock
3631,786,697,860,rock
3631,795,675,834,rock
3638,816,670,831,rock
3634,800,664,812,rock
3629,774,651,803,rock
3629,780,666,812,rock
3631,789,618,840,rock
3613,753,644,809,rock
3648,740,638,847,rock
3631,733,674,812,rock
3626,693,651,798,rock
3627,707,625,824,rock
3763,702,634,846,rock
3668,649,623,865,rock
3618,670,598,848,rock
3630,701,589,823,rock
3619,685,613,834,rock
3609,660,599,830,rock
3625,649,598,821,rock
3626,654,579,804,rock
3633,697,581,804,rock
3630,681,585,804,rock
3630,678,601,812,rock
3632,616,571,795,rock
3610,659,592,797,rock
3642,643,593,790,rock
3630,654,560,765,rock
3656,643,550,777,rock
3621,638,567,782,rock
3666,628,521,744,rock
3632,627,538,747,rock
3628,623,512,727,rock
3631,609,523,733,rock
3627,613,523,734,rock
3643,602,517,725,rock
3639,645,514,728,rock
3630,650,510,787,rock
3631,620,507,797,rock
3602,652,493,774,rock
3668,647,499,785,rock
3627,643,502,788,rock
3622,665,509,800,rock
3629,642,514,743,rock
3634,658,456,742,rock
3641,649,522,733,rock
3611,640,509,785,rock
3625,666,505,795,rock
3654,666,497,795,rock
3638,641,502,796,rock
3632,651,501,793,rock
3626,675,486,785,rock
3634,687,485,778,rock
3623,605,492,786,rock
3722,632,462,763,rock
3632,616,501,801,rock
3616,633,518,735,rock
3661,600,525,754,rock
3627,595,538,748,rock
3630,606,509,778,rock
3621,611,526,740,rock
3606,574,526,740,rock
3629,549,520,731,rock
3629,565,550,764,rock
3633,552,560,767,rock
3622,545,589,805,rock
3624,523,572,785,rock
3634,539,580,787,rock
3630,553,568,774,rock
3629,558,554,768,rock
3627,572,548,759,rock
3634,576,546,744,rock
3623,575,557,764,rock
3616,571,539,736,rock
3720,561,526,727,rock
3631,544,518,744,rock
3625,559,571,753,rock
3624,549,655,763,rock
3567,550,512,731,rock
3627,550,507,771,rock
3629,539,530,732,rock
3606,534,565,773,rock
3637,569,589,808,rock
3627,523,604,827,rock
3652,485,631,850,rock
3628,501,626,836,rock
3606,505,644,780,rock
3618,496,708,817,rock
3644,482,617,811,rock
3749,488,652,800,rock
3605,489,662,789,rock
3631,466,629,847,rock
3628,466,625,836,rock
3627,486,620,838,rock
3635,475,559,816,rock
3641,472,611,829,rock
3634,481,616,820,rock
3665,454,623,828,rock
3633,487,594,808,rock
3629,495,608,809,rock
3630,485,613,821,rock
3632,445,577,784,rock
3629,484,582,785,rock
3717,488,578,785,rock
3627,507,561,776,rock
3629,526,583,779,rock
3627,548,565,770,rock
3638,567,528,750,rock
3645,531,558,760,rock
3636,507,641,773,rock
3626,527,605,821,rock
3608,517,610,809,rock
3596,511,605,824,rock
3628,509,632,846,rock
3608,513,648,777,rock
3626,487,652,785,rock
3633,494,668,797,rock
3625,482,644,798,rock
3645,494,761,846,rock
3647,476,637,848,rock
3631,486,634,842,rock
3629,483,634,846,rock
3649,473,548,785,rock
3639,457,651,802,rock
3630,466,602,828,rock
3630,461,600,800,rock
3624,469,591,812,rock
3625,472,612,808,rock
3608,495,599,818,rock
3635,463,598,803,rock
3631,463,584,789,rock
3657,456,559,784,rock
3635,452,591,812,rock
3637,445,585,765,rock
3626,449,561,770,rock
3639,437,578,780,rock
3629,432,586,771,rock
3624,445,567,783,rock
3613,418,577,777,rock
3626,442,604,793,rock
3612,422,540,761,rock
3630,544,554,764,rock
3628,450,594,785,rock
3632,423,573,775,rock
3697,407,554,755,rock
3627,409,576,768,rock
3596,419,598,800,rock
3641,414,584,790,rock
3634,415,594,778,rock
3673,424,592,783,rock
3629,430,581,783,rock
3625,414,594,773,rock
3631,317,570,765,rock
3628,438,561,767,rock
3634,407,564,777,rock
3629,399,558,756,rock
3633,415,484,751,rock
3645,413,558,764,rock
3641,400,544,737,rock
3631,424,542,747,rock
3622,410,610,771,rock
3625,393,544,738,rock
3638,409,493,753,rock
3651,393,530,725,rock
3629,404,527,743,rock
3600,403,534,726,rock
3624,401,549,755,rock
3626,415,550,752,rock
3628,384,558,754,rock
3629,409,611,786,rock
3632,396,580,759,rock
3614,401,554,766,rock
3631,385,580,781,rock
3600,394,581,788,rock
3627,399,595,810,rock
3602,394,651,782,rock
3652,389,645,786,rock
3658,403,639,854,rock
3622,403,627,835,rock
3635,421,620,828,rock
3633,447,619,824,rock
3637,443,613,827,rock
3627,431,623,835,rock
3628,435,616,820,rock
3631,417,614,822,rock
3634,424,629,823,rock
3644,413,659,776,rock
3627,415,662,807,rock
3629,428,635,823,rock
3645,425,645,781,rock
3629,528,672,808,rock
3610,416,672,810,rock
3639,435,710,846,rock
3631,427,684,831,rock
3667,427,693,834,rock
3631,440,676,809,rock
3636,443,651,794,rock
3619,456,669,796,rock
3609,438,670,807,rock
3638,446,657,788,rock
3607,434,662,788,rock
3628,437,623,805,rock
3628,438,650,801,rock
3606,444,638,834,rock
3631,449,650,791,rock
3625,443,637,845,rock
3757,476,642,779,rock
3627,484,646,813,rock
3631,496,642,796,rock
3625,525,642,788,rock
3631,512,642,793,rock
3621,539,627,832,rock
3638,505,627,848,rock
3634,536,623,838,rock
3589,509,616,821,rock
3630,518,615,831,rock
3655,525,618,824,rock
3629,535,618,827,rock
3619,531,599,828,rock
3629,529,581,800,rock
3629,606,587,804,rock
3625,526,578,784,rock
3627,524,594,801,rock
3632,521,605,828,rock
3652,483,673,812,rock
3644,516,741,881,rock
3603,513,756,907,rock
3605,514,780,867,rock
3626,525,807,886,rock
3741,510,816,882,rock
3629,508,817,893,rock
3633,505,839,917,rock
3605,500,834,905,rock
3627,474,841,908,rock
3627,493,842,924,rock
3654,485,952,931,rock
3629,466,819,898,rock
3623,472,820,882,rock
3640,464,811,865,rock
3648,462,800,858,rock
3621,463,825,870,rock
3650,486,781,842,rock
3605,451,789,859,rock
3635,495,745,874,rock
3751,535,760,890,rock
3638,598,758,905,rock
3629,611,730,895,rock
3628,631,758,923,rock
3632,518,751,917,rock
3629,631,752,887,rock
3637,646,755,914,rock
3643,663,775,886,rock
3628,646,779,880,rock
3629,668,820,892,rock
3658,679,775,879,rock
3600,705,778,866,rock
3653,707,740,902,rock
3581,701,752,903,rock
3629,687,753,902,rock
3631,687,738,893,rock
3632,682,733,890,rock
3634,664,717,882,rock
3632,643,706,867,rock
3634,651,688,845,rock
3629,635,722,871,rock
3613,650,747,901,rock
3664,649,781,862,rock
3648,641,721,858,rock
3632,656,792,868,rock
3632,623,802,869,rock
3627,638,838,927,rock
3632,642,920,913,rock
3629,635,925,946,rock
3642,615,919,931,rock
3629,619,913,917,rock
3606,626,886,994,rock
3633,604,890,975,rock
3638,598,856,939,rock
3664,561,860,936,rock
3629,576,867,940,rock
3632,535,844,912,rock
3618,570,840,916,rock
3626,571,823,900,rock
3630,560,833,901,rock
3649,586,803,875,rock
3613,537,816,879,rock
3622,542,805,871,rock
3628,571,789,860,rock
3627,556,800,869,rock
3654,567,804,895,rock
3616,592,854,940,rock
3633,586,867,955,rock
3631,584,858,942,rock
3630,603,861,959,rock
3632,588,899,928,rock
3635,652,922,932,rock
3632,674,933,968,rock
3604,677,953,973,rock
3653,672,942,950,rock
3639,675,899,925,rock
3641,657,922,919,rock
3542,651,901,919,rock
3632,639,899,913,rock
3630,619,895,976,rock
3622,638,904,934,rock
3640,650,882,941,rock
3627,671,919,947,rock
3655,655,923,933,rock
3636,642,900,928,rock
3632,641,867,955,rock
3623,645,897,907,rock
3739,653,915,931,rock
3630,660,933,941,rock
3623,651,923,940,rock
3663,616,921,931,rock
3595,631,907,908,rock
3624,622,898,918,rock
3629,613,884,974,rock
3629,589,873,943,rock
3630,586,865,948,rock
3631,466,850,933,rock
3630,585,827,912,rock
3634,574,824,906,rock
3629,572,816,875,rock
3628,567,810,885,rock
3634,581,817,890,rock
3615,556,846,915,rock
3636,542,796,865,rock
3655,551,785,864,rock
3656,528,874,899,rock
3630,513,788,856,rock
3629,526,813,860,rock
3654,540,771,843,rock
3628,560,776,881,rock
3628,578,787,855,rock
3644,634,795,877,rock
3643,576,803,884,rock
3695,567,773,842,rock
3632,576,783,866,rock
3628,583,775,851,rock
3629,574,766,905,rock
3631,543,772,847,rock
3607,622,754,913,rock
3624,641,743,893,rock
3628,646,718,887,rock
3635,644,727,875,rock
3630,638,737,889,rock
3629,643,743,887,rock
3615,640,788,872,rock
3641,644,774,854,rock
3615,672,777,871,rock
3628,667,783,872,rock
3656,656,667,841,rock
3612,649,803,867,rock
3651,646,794,870,rock
3629,683,799,884,rock
3656,666,792,860,rock
3634,641,783,861,rock
3646,637,805,893,rock
3636,640,761,901,rock
3625,628,748,905,rock
3619,663,753,903,rock
3633,637,738,899,rock
3586,624,736,893,rock
3628,618,739,880,rock
3614,609,728,861,rock
3633,617,715,868,rock
3618,571,728,870,rock
3664,651,698,850,rock
3629,676,700,853,rock
3636,668,684,832,rock
3623,666,676,828,rock
3626,675,688,822,rock
3629,689,669,812,rock
3599,681,652,793,rock
3627,676,646,792,rock
3624,662,611,814,rock
3630,658,660,797,rock
3628,657,676,805,rock
3631,658,668,810,rock
3625,670,667,818,rock
3632,601,673,811,rock
3645,685,689,838,rock
3620,685,712,842,rock
3660,668,702,847,rock
3643,667,661,815,rock
3638,663,634,846,rock
3634,651,651,796,rock
3620,642,631,853,rock
3644,647,648,802,rock
3631,643,655,811,rock
3623,661,627,834,rock
3629,508,653,795,rock
3777,642,668,824,rock
3621,642,674,819,rock
3630,636,680,820,rock
3628,630,687,831,rock
3631,623,672,808,rock
3629,620,648,794,rock
3623,609,721,834,rock
3633,609,627,831,rock
3553,616,639,844,rock
3629,620,638,858,rock
3643,603,621,850,rock
3630,619,619,836,rock
3641,601,602,827,rock
3634,631,609,822,rock
3627,617,629,843,rock
3646,610,610,826,rock
3626,601,597,816,rock
3634,703,596,819,rock
3641,626,584,811,rock
3627,600,592,800,rock
3653,585,694,828,rock
3662,588,588,793,rock
3634,587,587,794,rock
3625,582,567,795,rock
3629,582,588,804,rock
3653,578,574,798,rock
3653,583,553,763,rock
3654,578,569,775,rock
3616,579,561,772,rock
3633,577,572,780,rock
3629,590,562,770,rock
3628,623,565,783,rock
3618,632,580,799,rock
3631,626,589,809,rock
3607,623,573,801,rock
3627,626,602,832,rock
3637,606,600,824,rock
3647,632,604,822,rock
3629,643,607,830,rock
3629,634,575,817,rock
3630,640,615,837,rock
3665,642,576,812,rock
3630,632,582,810,rock
3629,626,594,801,rock
3633,620,582,799,rock
3631,611,611,825,rock
3637,594,603,806,rock
3631,583,625,842,rock
3608,633,613,844,rock
3639,604,616,831,rock
3616,680,607,829,rock
3612,604,600,808,rock
3682,604,616,821,rock
3503,597,604,834,rock
3629,590,595,813,rock
3606,591,596,807,rock
3616,579,623,839,rock
3632,570,579,808,rock
3615,556,660,803,rock
3631,544,588,795,rock
3631,564,587,801,rock
3633,651,584,800,rock
3630,569,575,792,rock
3494,561,572,789,rock
3644,578,558,782,rock
3630,544,558,765,rock
3629,565,546,754,rock
3628,602,424,724,rock
3635,606,544,761,rock
3632,592,432,729,rock
3615,596,557,763,rock
3652,559,542,762,rock
3629,583,546,761,rock
3819,574,551,761,rock
3602,566,554,761,rock
3625,543,544,738,rock
3635,550,645,757,rock
3731,552,532,745,rock
3599,549,534,746,rock
3628,544,521,729,rock
3632,523,563,755,rock
3636,534,534,747,rock
3638,501,544,750,rock
3631,535,551,756,rock
3631,528,560,760,rock
3629,516,557,787,rock
3613,523,505,776,rock
3634,561,539,747,rock
3633,520,630,795,rock
3653,506,574,772,rock
3629,454,584,776,rock
3629,516,544,747,rock
3612,512,556,754,rock
3603,514,571,768,rock
3657,525,570,773,rock
3647,449,570,781,rock
3630,495,595,779,rock
3627,488,550,767,rock
3631,487,544,756,rock
3629,478,573,772,rock
3636,477,590,789,rock
3624,471,613,829,rock
3632,477,615,820,rock
3619,462,623,842,rock
3625,498,648,772,rock
3630,504,659,787,rock
3627,513,689,822,rock
3620,513,670,816,rock
3612,587,670,820,rock
3659,505,660,786,rock
3622,501,659,790,rock
3618,503,571,781,rock
3615,528,642,788,rock
3628,521,632,832,rock
3631,544,633,817,rock
3637,550,647,796,rock
3626,608,656,794,rock
3630,647,665,801,rock
3613,657,652,808,rock
3619,649,663,828,rock
3630,641,667,809,rock
3634,635,680,823,rock
3637,662,685,838,rock
3636,662,683,820,rock
3629,646,684,837,rock
3638,727,682,826,rock
3603,646,675,823,rock
3629,665,660,823,rock
3634,689,658,803,rock
3615,667,650,795,rock
3664,675,653,803,rock
3658,673,664,801,rock
3656,670,653,815,rock
3631,659,719,862,rock
3634,707,687,857,rock
3639,632,683,823,rock
3607,641,716,863,rock
3636,657,713,861,rock
3629,639,686,856,rock
3615,634,710,864,rock
3637,628,694,849,rock
3600,597,698,835,rock
3628,608,693,843,rock
3631,553,677,835,rock
3634,578,713,848,rock
3629,592,709,859,rock
3635,643,710,882,rock
3626,630,700,851,rock
3633,657,687,850,rock
3625,671,699,847,rock
3629,666,678,833,rock
3630,671,697,835,rock
3621,651,686,836,rock
3642,653,611,828,rock
3633,706,658,810,rock
3633,642,675,815,rock
3628,647,678,836,rock
3638,634,658,804,rock
3631,628,656,800,rock
3650,615,670,827,rock
3626,621,672,834,rock
3625,609,674,832,rock
3620,592,623,847,rock
3628,569,717,866,rock
3633,612,727,879,rock
3643,570,704,847,rock
3618,574,692,840,rock
3618,566,717,852,rock
3551,578,697,841,rock
3631,580,694,853,rock
3624,573,686,829,rock
3629,567,699,846,rock
3624,672,714,839,rock
3629,573,723,878,rock
3611,561,742,888,rock
3633,581,728,867,rock
3608,583,737,878,rock
3629,585,726,875,rock
3627,576,712,851,rock
3634,570,700,842,rock
3630,560,702,836,rock
3623,626,700,839,rock
3630,576,561,787,rock
3630,576,663,821,rock
3612,580,659,796,rock
3632,557,657,790,rock
3622,552,658,781,rock
3629,556,626,822,rock
3628,550,653,796,rock
3614,595,633,820,rock
3628,614,635,836,rock
3630,595,654,793,rock
3634,595,661,794,rock
3633,591,646,785,rock
3629,584,672,797,rock
3626,580,670,829,rock
3618,670,699,827,rock
3633,596,677,811,rock
3633,577,658,803,rock
3554,557,647,800,rock
3632,560,636,859,rock
3621,554,629,845,rock
3630,547,642,800,rock
3619,552,619,839,rock
3614,541,611,834,rock
3615,541,586,807,rock
3631,528,642,807,rock
3627,523,627,848,rock
3624,517,634,827,rock
3620,519,619,831,rock
3630,505,635,841,rock
3633,483,608,815,rock
3620,507,609,815,rock
3648,490,590,814,rock
3641,489,603,800,rock
3634,487,606,825,rock
3603,484,608,813,rock
3624,482,602,814,rock
3634,483,604,806,rock
3709,471,592,797,rock
3627,463,608,800,rock
3626,464,576,764,rock
3633,452,521,748,rock
3630,451,605,812,rock
3709,459,603,809,rock
3645,481,589,801,rock
3609,465,589,800,rock
3627,449,593,790,rock
3799,462,596,797,rock
3630,476,606,822,rock
3639,481,602,809,rock
3615,457,607,820,rock
3466,491,592,790,rock
3633,478,590,803,rock
3641,480,601,810,rock
3640,481,635,831,rock
3628,490,603,818,rock
3617,486,596,804,rock
3654,490,590,818,rock
3627,494,574,794,rock
3642,502,612,832,rock
3626,498,613,828,rock
3643,479,676,813,rock
3642,473,693,847,rock
3614,472,739,877,rock
3638,476,752,884,rock
3529,462,735,881,rock
3621,516,724,877,rock
3601,507,716,874,rock
3625,527,718,878,rock
3631,533,744,891,rock
3629,505,755,904,rock
3637,550,709,868,rock
3636,553,753,896,rock
3633,542,755,898,rock
3628,542,760,894,rock
3635,542,765,903,rock
3666,539,748,904,rock
3629,544,754,904,rock
3630,552,743,898,rock
3636,532,719,893,rock
3634,487,765,892,rock
3627,532,748,893,rock
3611,536,778,856,rock
3627,548,743,886,rock
3628,556,734,892,rock
3599,582,736,892,rock
3656,572,698,842,rock
3615,575,710,865,rock
3597,567,672,821,rock
3626,563,700,847,rock
3652,550,579,812,rock
3645,544,693,840,rock
3633,539,703,847,rock
3635,637,682,812,rock
3625,526,667,809,rock
3627,512,660,798,rock
3633,520,772,816,rock
3616,538,643,792,rock
3627,518,669,807,rock
3606,534,650,792,rock
3667,515,674,795,rock
3687,517,641,771,rock
3647,494,634,842,rock
3620,490,622,843,rock
3607,493,641,799,rock
3629,613,611,824,rock
3629,488,618,834,rock
3633,490,613,830,rock
3620,474,605,827,rock
3625,471,615,826,rock
3654,478,568,790,rock
3651,498,576,775,rock
3639,523,577,790,rock
3618,527,570,781,rock
3607,520,565,771,rock
3627,514,561,763,rock
3630,498,566,769,rock
3634,516,564,771,rock
3625,504,584,783,rock
3633,544,597,807,rock
3631,508,592,814,rock
3580,499,670,815,rock
3600,503,644,795,rock
3624,505,663,802,rock
3631,503,642,784,rock
3630,501,674,797,rock
3610,501,632,830,rock
3495,470,681,803,rock
3631,500,678,822,rock
3616,508,676,807,rock
3635,474,683,809,rock
3686,467,702,829,rock
3631,465,698,830,rock
3634,430,707,842,rock
3644,464,700,848,rock
3627,459,706,842,rock
3589,454,703,837,rock
3596,454,698,827,rock
3633,448,706,833,rock
3629,423,684,819,rock
3612,445,673,812,rock
3642,468,614,836,rock
3630,485,690,820,rock
3642,477,681,819,rock
3631,480,710,847,rock
3639,494,665,803,rock
3633,486,676,810,rock
3621,485,692,816,rock
3640,432,660,778,rock
3629,480,650,790,rock
3600,531,643,774,rock
3630,455,634,850,rock
3654,452,621,846,rock
3600,450,622,815,rock
3635,454,618,835,rock
3628,464,609,820,rock
3637,472,626,837,rock
3687,481,647,798,rock
3637,465,678,815,rock
3641,506,718,861,rock
3626,513,784,867,rock
3624,553,776,864,rock
3678,536,777,832,rock
3622,554,850,906,rock
3629,554,847,933,rock
3636,584,846,930,rock
3632,566,828,913,rock
3716,569,820,890,rock
3629,582,814,895,rock
3632,568,782,877,rock
3635,571,819,895,rock
3629,580,797,883,rock
3632,588,801,875,rock
3639,622,778,855,rock
3632,617,809,874,rock
3633,628,806,898,rock
3632,628,798,874,rock
3631,614,777,858,rock
3669,612,807,887,rock
3630,624,808,874,rock
3627,633,804,884,rock
3623,638,759,929,rock
3658,620,853,933,rock
3630,628,832,908,rock
3631,478,850,933,rock
3631,611,858,939,rock
3629,602,864,948,rock
3645,597,875,959,rock
3676,601,858,942,rock
3630,588,861,959,rock
3664,611,864,927,rock
3616,610,839,931,rock
3659,581,799,897,rock
3629,610,813,895,rock
3663,614,802,884,rock
3620,600,803,876,rock
3620,597,778,851,rock
3631,585,770,832,rock
3632,579,755,885,rock
3652,560,800,866,rock
3602,571,800,848,rock
3625,571,816,876,rock
3630,514,774,851,rock
3635,559,781,874,rock
3629,553,750,899,rock
3644,518,769,861,rock
3627,551,716,879,rock
3631,535,740,881,rock
3632,520,738,890,rock
3615,580,753,892,rock
3628,527,694,869,rock
3631,516,718,875,rock
3630,509,713,850,rock
3628,517,723,853,rock
3636,520,698,870,rock
3615,518,729,877,rock
3562,507,724,870,rock
3637,538,723,872,rock
3627,537,730,884,rock
3628,540,749,903,rock
3624,554,754,876,rock
3628,563,759,905,rock
3627,571,724,875,rock
3632,588,680,839,rock
3621,580,716,859,rock
3635,576,672,824,rock
3649,548,714,836,rock
3630,561,677,818,rock
3632,583,671,821,rock
3633,563,665,791,rock
3629,558,640,791,rock
3653,578,646,812,rock
3630,548,663,827,rock
3630,602,632,840,rock
3620,585,616,820,rock
3605,565,620,821,rock
3616,560,709,839,rock
3632,563,722,858,rock
3642,558,716,854,rock
3630,578,703,855,rock
3633,542,730,870,rock
3643,536,816,885,rock
3659,548,753,897,rock
3617,562,728,877,rock
3629,556,734,887,rock
3608,556,735,902,rock
3631,558,743,881,rock
3633,534,744,887,rock
3643,540,731,876,rock
3649,538,722,857,rock
3629,551,700,846,rock
3629,572,707,853,rock
3624,573,718,875,rock
3628,601,717,869,rock
3651,619,817,876,rock
3644,638,722,866,rock
3613,644,676,843,rock
3630,650,706,853,rock
3612,650,700,851,rock
3621,675,710,869,rock
3635,668,719,872,rock
3635,682,706,861,rock
3619,653,702,864,rock
3635,647,711,868,rock
3632,644,713,878,rock
3633,618,771,876,rock
3635,643,778,859,rock
3634,624,775,863,rock
3629,593,773,846,rock
3651,629,902,901,rock
3631,664,767,903,rock
3642,638,780,860,rock
3634,634,762,898,rock
3632,623,754,915,rock
3629,619,769,864,rock
3632,617,786,857,rock
3630,607,782,864,rock
3643,626,788,869,rock
3610,591,786,863,rock
3633,591,796,868,rock
3618,586,806,878,rock
3627,624,813,893,rock
3651,650,787,863,rock
3603,625,808,863,rock
3656,619,763,886,rock
3652,603,792,882,rock
3637,603,759,913,rock
3632,593,757,910,rock
3629,599,765,903,rock
3632,612,761,908,rock
3630,476,774,858,rock
3590,616,785,870,rock
3615,625,778,847,rock
3636,616,799,878,rock
3653,612,814,892,rock
3638,619,781,870,rock
3631,624,801,862,rock
3618,600,778,847,rock
3653,619,784,844,rock
3640,614,762,898,rock
3631,611,751,906,rock
3619,583,748,909,rock
3633,600,738,884,rock
3629,625,724,873,rock
3648,597,772,863,rock
3634,605,700,853,rock
3644,591,711,875,rock
3619,601,737,893,rock
3492,584,739,886,rock
3603,564,739,889,rock
3626,596,719,879,rock
3629,577,733,885,rock
3615,578,720,861,rock
3647,566,690,840,rock
3628,565,705,848,rock
3624,562,708,844,rock
3640,567,685,830,rock
3627,580,667,818,rock
3628,565,690,816,rock
3623,564,793,819,rock
3629,555,664,793,rock
3628,567,677,812,rock
3626,547,668,808,rock
3630,564,677,820,rock
3628,556,669,810,rock
3634,579,667,807,rock
3614,594,667,810,rock
3633,553,676,804,rock
3622,557,661,810,rock
3636,576,645,792,rock
3643,606,631,848,rock
3628,576,631,858,rock
3627,573,633,856,rock
3636,663,620,844,rock
3632,535,621,821,rock
3631,555,621,828,rock
3625,564,609,811,rock
3655,547,584,796,rock
3628,517,592,790,rock
3602,532,592,807,rock
3619,542,569,789,rock
3628,533,580,785,rock
3623,509,596,799,rock
3655,513,567,806,rock
3657,501,589,798,rock
3632,522,579,795,rock
3624,516,589,816,rock
3633,508,618,817,rock
3645,540,599,806,rock
3629,517,584,796,rock
3613,534,573,788,rock
3654,525,702,819,rock
3632,510,586,780,rock
3630,507,572,793,rock
3619,496,624,814,rock
3629,535,608,824,rock
3631,571,607,831,rock
3629,585,571,806,rock
3634,592,577,800,rock
3623,601,596,821,rock
3629,595,592,803,rock
3654,593,583,806,rock
3632,555,587,791,rock
3631,576,556,787,rock
3634,581,583,804,rock
3630,585,586,795,rock
3627,685,579,806,rock
3636,551,601,800,rock
3628,560,618,816,rock
3634,547,586,789,rock
3640,525,582,806,rock
3639,526,596,794,rock
3620,515,645,789,rock
3628,523,631,843,rock
3631,523,638,859,rock
3757,524,609,837,rock
3631,520,633,844,rock
3622,501,652,774,rock
3629,533,642,803,rock
3640,578,633,854,rock
3626,531,620,839,rock
3635,611,612,824,rock
3627,508,603,807,rock
3636,454,595,793,rock
3631,518,608,799,rock
3624,514,571,781,rock
3641,518,581,790,rock
3633,510,551,777,rock
3630,517,570,765,rock
3636,512,557,766,rock
3649,513,552,742,rock
3624,524,551,758,rock
3627,404,545,744,rock
3499,525,552,756,rock
3669,519,544,752,rock
3525,512,560,754,rock
3627,506,548,753,rock
3633,591,545,742,rock
3625,491,528,733,rock
3538,500,533,746,rock
3596,505,537,731,rock
3634,396,532,729,rock
3630,515,544,731,rock
3629,507,523,731,rock
3632,493,532,732,rock
3627,494,556,745,rock
3660,528,510,777,rock
3622,485,521,715,rock
3627,489,528,729,rock
3625,546,560,756,rock
3650,621,533,763,rock
3628,714,580,798,rock
3628,781,617,826,rock
3651,818,581,816,rock
3611,790,578,805,rock
3618,799,579,805,rock
3625,838,589,831,rock
3631,863,648,820,rock
3630,871,615,863,rock
3631,879,615,866,rock
3621,874,623,868,rock
3640,870,610,853,rock
3613,892,607,835,rock
3618,853,605,842,rock
3623,847,602,826,rock
3628,849,562,786,rock
3655,823,582,825,rock
3629,812,598,823,rock
3625,806,564,798,rock
3619,812,560,778,rock
3636,822,561,770,rock
3642,805,556,778,rock
3630,800,547,762,rock
3653,791,389,726,rock
3630,801,525,755,rock
3621,769,518,744,rock
3610,783,502,782,rock
3689,776,500,793,rock
3660,773,501,804,rock
3631,758,501,800,rock
3605,751,525,746,rock
3645,734,541,763,rock
3659,728,544,764,rock
3653,715,424,738,rock
3634,740,563,787,rock
3637,735,585,804,rock
3627,737,583,814,rock
3630,723,567,796,rock
3628,721,576,789,rock
3630,718,540,772,rock
3628,705,570,792,rock
3631,697,585,803,rock
3630,698,588,797,rock
3634,688,560,780,rock
3617,709,702,818,rock
3619,723,580,787,rock
3698,727,568,785,rock
3630,758,567,797,rock
3638,762,587,795,rock
3637,775,550,786,rock
3639,795,534,772,rock
3604,793,530,754,rock
3629,789,551,784,rock
3631,759,558,778,rock
3633,781,565,791,rock
3690,786,560,773,rock
3668,760,550,772,rock
3629,767,570,785,rock
3650,773,554,777,rock
3626,745,545,763,rock
3610,714,548,773,rock
3628,738,541,763,rock
3641,726,526,750,rock
3650,709,519,746,rock
3625,727,524,743,rock
3612,737,515,738,rock
3650,718,512,734,rock
3628,738,501,804,rock
3633,764,529,753,rock
3635,766,507,789,rock
3632,735,529,752,rock
3632,744,530,761,rock
3637,754,541,750,rock
3631,773,536,772,rock
3639,765,554,761,rock
3639,718,545,770,rock
3634,756,530,753,rock
3635,757,514,748,rock
3633,755,538,758,rock
3630,748,547,757,rock
3649,746,525,750,rock
3658,718,517,742,rock
3618,700,546,762,rock
3630,687,567,787,rock
3618,682,584,818,rock
3602,706,627,845,rock
3679,693,634,854,rock
3629,669,656,802,rock
3635,676,679,840,rock
3641,665,681,840,rock
3755,656,694,853,rock
3629,649,697,834,rock
3649,624,690,829,rock
3643,623,688,830,rock
3641,638,693,835,rock
3657,638,672,807,rock
3621,664,660,804,rock
3627,684,662,810,rock
3649,725,672,821,rock
3624,751,690,846,rock
3627,796,703,866,rock
3633,839,682,844,rock
3613,822,697,860,rock
3629,832,698,871,rock
3635,865,690,850,rock
3635,907,698,863,rock
3635,945,668,853,rock
3615,925,666,830,rock
3628,832,655,825,rock
3628,929,652,829,rock
3655,883,644,810,rock
3606,906,714,868,rock
3616,895,626,869,rock
3631,883,627,857,rock
3628,874,623,877,rock
3639,852,612,853,rock
3686,862,598,849,rock
3629,877,621,868,rock
3628,900,618,864,rock
3633,899,615,875,rock
3632,876,637,868,rock
3629,881,570,822,rock
3639,921,592,830,rock
3630,905,601,825,rock
3630,892,595,832,rock
3634,913,593,836,rock
3625,902,589,842,rock
3626,867,605,832,rock
3634,866,577,821,rock
3616,867,581,824,rock
3610,848,608,818,rock
3639,842,569,802,rock
3619,819,569,800,rock
3629,798,596,827,rock
3625,796,570,811,rock
3655,808,588,820,rock
3644,815,585,815,rock
3629,822,587,814,rock
3627,813,568,803,rock
3633,804,565,803,rock
3631,793,577,804,rock
3632,763,554,793,rock
3637,828,576,805,rock
3618,763,578,801,rock
3628,746,570,794,rock
3630,769,562,791,rock
3629,750,557,785,rock
3600,748,557,788,rock
3630,741,563,761,rock
3624,732,578,791,rock
3615,734,735,849,rock
3630,749,576,800,rock
3721,749,616,831,rock
3601,742,594,827,rock
3628,749,634,860,rock
3627,734,664,806,rock
3629,718,658,801,rock
3630,721,653,810,rock
3630,713,630,830,rock
3631,716,642,795,rock
3623,709,635,863,rock
3627,694,632,860,rock
3628,708,730,860,rock
3628,701,618,844,rock
3612,687,694,837,rock
3631,683,605,836,rock
3630,671,622,854,rock
3651,662,623,852,rock
3629,656,632,848,rock
3630,653,609,823,rock
3657,659,631,855,rock
3617,689,581,818,rock
3649,694,612,848,rock
3704,684,627,861,rock
3631,693,632,854,rock
3629,670,629,864,rock
3610,669,625,847,rock
3635,679,622,836,rock
3620,671,593,818,rock
3618,637,634,854,rock
3636,681,632,856,rock
3629,699,625,835,rock
3649,637,743,878,rock
3614,630,622,849,rock
3649,626,683,820,rock
3611,624,604,827,rock
3628,621,605,820,rock
3621,620,605,816,rock
3720,617,581,803,rock
3617,597,577,778,rock
3616,615,556,784,rock
3627,619,569,777,rock
3517,662,562,775,rock
3636,706,560,776,rock
3640,712,553,767,rock
3628,742,559,791,rock
3632,735,573,795,rock
3629,766,588,822,rock
3634,766,617,835,rock
3624,755,626,852,rock
3625,747,593,824,rock
3633,737,584,813,rock
3633,721,614,859,rock
3615,717,493,812,rock
3625,724,626,854,rock
3630,749,636,871,rock
3494,728,624,833,rock
3625,730,614,846,rock
3633,724,584,822,rock
3649,705,627,840,rock
3617,695,601,827,rock
3615,703,593,808,rock
3627,821,571,805,rock
3618,689,600,803,rock
3604,688,594,802,rock
3630,682,572,792,rock
3632,673,559,788,rock
3629,681,561,775,rock
3629,687,587,801,rock
3649,700,590,814,rock
3664,648,587,795,rock
3629,673,584,788,rock
3611,660,577,788,rock
3631,661,593,814,rock
3631,661,606,837,rock
3613,644,611,828,rock
3631,642,597,825,rock
3638,615,586,805,rock
3630,624,568,791,rock
3632,615,610,818,rock
3628,623,600,818,rock
3627,632,591,813,rock
3635,649,589,808,rock
3629,672,598,830,rock
3621,702,615,848,rock
3629,726,625,845,rock
3652,728,594,834,rock
3633,837,603,835,rock
3617,715,618,841,rock
3625,717,619,840,rock
3621,719,610,841,rock
3609,728,593,819,rock
3632,745,604,826,rock
3687,749,620,844,rock
3646,767,619,849,rock
3630,756,596,826,rock
3630,756,608,828,rock
3641,740,595,822,rock
3632,731,596,821,rock
3632,725,589,816,rock
3632,733,565,810,rock
3627,737,573,791,rock
3630,808,566,791,rock
3630,791,546,789,rock
3607,868,509,808,rock
3629,867,553,783,rock
3630,858,548,780,rock
3631,866,549,792,rock
3632,859,588,836,rock
3634,851,605,848,rock
3601,855,603,849,rock
3665,852,596,850,rock
3630,853,651,815,rock
3630,848,674,827,rock
3631,855,656,808,rock
3658,829,644,804,rock
3620,799,638,873,rock
3630,812,625,849,rock
3653,798,565,824,rock
3612,786,611,849,rock
3662,779,607,848,rock
3646,799,599,846,rock
3640,782,592,818,rock
3629,784,591,832,rock
3616,776,583,812,rock
3655,767,562,810,rock
3611,746,595,817,rock
3639,745,564,799,rock
3629,737,585,809,rock
3635,786,583,812,rock
3652,730,583,822,rock
3632,722,572,790,rock
3634,706,585,803,rock
3618,737,561,784,rock
3626,748,567,799,rock
3626,762,537,774,rock
3633,767,583,799,rock
3631,746,546,763,rock
3637,763,536,756,rock
3616,803,557,776,rock
3627,803,527,762,rock
3634,808,551,776,rock
3628,781,576,801,rock
3618,767,607,833,rock
3630,766,602,807,rock
3641,744,587,812,rock
3630,766,612,833,rock
3629,820,596,828,rock
3629,826,596,844,rock
3630,868,608,810,rock
3641,876,604,847,rock
3629,840,635,866,rock
3631,821,639,861,rock
3597,853,645,847,rock
3651,859,553,819,rock
3632,853,637,863,rock
3651,824,640,790,rock
3599,838,668,818,rock
3642,833,682,837,rock
3607,844,683,841,rock
3594,865,686,849,rock
3494,890,669,841,rock
3621,896,681,836,rock
3631,891,706,871,rock
3634,887,702,882,rock
3629,856,701,873,rock
3625,879,692,861,rock
3639,850,667,840,rock
3663,853,670,843,rock
3625,926,687,845,rock
3749,842,664,833,rock
3627,846,773,837,rock
3607,858,662,826,rock
3615,854,657,811,rock
3629,835,634,839,rock
3631,846,647,836,rock
3620,858,636,862,rock
3611,874,590,857,rock
3623,871,642,820,rock
3664,850,657,825,rock
3631,848,603,857,rock
3633,831,621,862,rock
3635,757,622,856,rock
3632,829,603,851,rock
3629,840,610,853,rock
3635,831,630,870,rock
3533,846,642,800,rock
3630,829,647,829,rock
3635,814,646,815,rock
3618,853,660,821,rock
3617,801,645,834,rock
3638,766,649,795,rock
3632,776,658,809,rock
3745,769,652,822,rock
3628,761,684,836,rock
3617,763,670,820,rock
3629,756,654,811,rock
3635,753,646,822,rock
3611,744,649,810,rock
3634,749,641,802,rock
3631,717,621,861,rock
3634,793,621,858,rock
3628,740,605,860,rock
3620,728,604,834,rock
3631,726,615,859,rock
3630,713,609,838,rock
3631,719,637,854,rock
3628,673,607,850,rock
3636,702,602,836,rock
3662,707,620,842,rock
3634,727,622,860,rock
3649,718,602,832,rock
3611,775,625,851,rock
3638,818,609,845,rock
3638,815,617,846,rock
3501,832,609,841,rock
3626,841,602,839,rock
3644,863,591,838,rock
3611,842,586,822,rock
3632,855,565,810,rock
3654,850,682,817,rock
3628,836,563,802,rock
3627,808,559,804,rock
3629,798,537,778,rock
3622,895,532,765,rock
3653,772,539,758,rock
3632,779,536,769,rock
3627,772,525,763,rock
3627,757,537,743,rock
3612,767,518,764,rock
3650,772,508,784,rock
3636,662,506,796,rock
3652,739,506,803,rock
3642,718,496,795,rock
3628,753,492,790,rock
3632,755,488,790,rock
3620,748,494,798,rock
3633,746,506,781,rock
3635,740,491,769,rock
3647,736,508,776,rock
3634,736,524,749,rock
3630,728,508,788,rock
3631,798,532,752,rock
3626,761,515,742,rock
3627,784,536,755,rock
3628,769,532,761,rock
3614,788,549,770,rock
3649,788,529,759,rock
3631,752,522,739,rock
3631,778,521,746,rock
3628,761,516,739,rock
3631,737,515,746,rock
3610,746,517,757,rock
3622,772,553,791,rock
3605,835,501,792,rock
3628,789,493,799,rock
3642,790,501,790,rock
3619,782,493,812,rock
3630,777,517,748,rock
3601,772,491,779,rock
3648,763,482,785,rock
3629,752,488,803,rock
3661,748,505,804,rock
3630,746,506,802,rock
3632,753,509,798,rock
3612,735,492,787,rock
3665,722,491,777,rock
3632,630,494,799,rock
3631,706,489,789,rock
3556,702,492,793,rock
3657,697,467,770,rock
3581,708,492,789,rock
3626,679,468,776,rock
3629,705,493,775,rock
3625,717,504,781,rock
3627,725,475,775,rock
3632,711,487,800,rock
3499,702,498,780,rock
3632,708,531,754,rock
3628,742,503,810,rock
3626,742,504,793,rock
3640,736,521,758,rock
3628,733,508,778,rock
3649,720,510,809,rock
3607,711,552,779,rock
3647,719,500,804,rock
3632,734,496,797,rock
3629,720,496,784,rock
3659,712,492,787,rock
3633,699,472,766,rock
3697,685,479,789,rock
3633,688,458,757,rock
3649,692,458,755,rock
3628,662,479,767,rock
3629,683,449,747,rock
3624,660,459,741,rock
3638,668,465,755,rock
3623,683,467,756,rock
3634,649,461,747,rock
3629,643,440,734,rock
3631,635,446,743,rock
3622,627,481,759,rock
3630,624,461,765,rock
3678,619,481,759,rock
3644,635,479,780,rock
3622,640,498,791,rock
3624,597,501,775,rock
3657,577,543,748,rock
3629,596,566,783,rock
3629,609,554,767,rock
3527,593,568,775,rock
3620,580,568,776,rock
3632,592,580,786,rock
3624,566,687,817,rock
3629,568,591,810,rock
3745,541,587,801,rock
3633,569,636,832,rock
3652,538,588,794,rock
3633,541,580,784,rock
3644,552,567,791,rock
3633,533,576,782,rock
3635,519,592,797,rock
3654,556,604,829,rock
3644,542,591,816,rock
3632,521,621,827,rock
3621,529,592,794,rock
3629,528,581,803,rock
3632,535,576,773,rock
3669,525,577,785,rock
3717,533,562,774,rock
3626,528,557,769,rock
3651,519,437,739,rock
3617,541,544,744,rock
3601,561,538,747,rock
3633,562,543,751,rock
3626,536,538,744,rock
3634,553,541,744,rock
3629,569,533,743,rock
3634,566,528,738,rock
3628,606,549,775,rock
3655,644,560,766,rock
3613,630,524,763,rock
3641,613,580,798,rock
3632,607,553,771,rock
3636,603,565,786,rock
3623,610,553,768,rock
3631,581,589,794,rock
3627,570,554,754,rock
3631,577,527,757,rock
3617,566,566,778,rock
3632,520,542,755,rock
3599,544,533,743,rock
3634,663,534,746,rock
3610,560,537,747,rock
3630,543,529,736,rock
3641,572,528,741,rock
3638,558,522,731,rock
3615,568,506,764,rock
3629,560,520,728,rock
3629,556,514,711,rock
3631,557,507,775,rock
3643,567,501,783,rock
3552,575,492,760,rock
3630,559,493,770,rock
3659,546,489,758,rock
3628,572,468,750,rock
3633,538,477,759,rock
3631,526,474,761,rock
3630,538,477,759,rock
3612,517,514,747,rock
3630,514,496,776,rock
3649,513,479,762,rock
3582,513,476,757,rock
3628,490,477,757,rock
3632,503,469,751,rock
3628,498,479,762,rock
3627,502,474,744,rock
3617,483,473,738,rock
3594,516,455,732,rock
3599,515,456,718,rock
3623,500,584,755,rock
3635,504,414,714,rock
3629,482,437,718,rock
3630,470,439,720,rock
3628,492,407,699,rock
3600,498,430,705,rock
3627,501,426,690,rock
3624,501,424,694,rock
3631,510,437,717,rock
3636,523,449,729,rock
3641,519,426,716,rock
3622,414,474,731,rock
3636,509,439,738,rock
3612,517,447,729,rock
3721,527,448,717,rock
3638,529,468,748,rock
3625,504,489,754,rock
3614,511,518,754,rock
3620,533,508,767,rock
3619,546,507,762,rock
3622,556,529,740,rock
3623,585,518,753,rock
3631,641,512,733,rock
3636,626,522,737,rock
3634,620,551,767,rock
3628,624,540,748,rock
3641,640,530,742,rock
3629,659,542,748,rock
3622,662,512,724,rock
3513,689,512,743,rock
3652,689,467,770,rock
3616,675,504,784,rock
3693,685,492,797,rock
3621,669,366,759,rock
3637,667,495,788,rock
3648,679,491,784,rock
3635,666,462,767,rock
3629,643,478,774,rock
3631,631,480,764,rock
3628,634,495,781,rock
3630,666,477,773,rock
3655,686,506,790,rock
3626,689,505,803,rock
3621,705,516,742,rock
3607,672,555,762,rock
3659,670,537,757,rock
3636,663,541,759,rock
3592,668,550,762,rock
3629,683,555,763,rock
3627,701,535,758,rock
3638,697,465,753,rock
3626,699,507,777,rock
3629,698,505,780,rock
3630,712,495,770,rock
3733,731,507,785,rock
3629,747,505,785,rock
3605,731,506,809,rock
3622,751,548,763,rock
3632,746,517,745,rock
3627,736,500,769,rock
3649,751,483,794,rock
3629,732,502,797,rock
3631,724,502,795,rock
3644,719,479,792,rock
3621,601,524,751,rock
3640,700,442,743,rock
3629,711,493,798,rock
3655,739,503,809,rock
3656,739,519,746,rock
3633,732,514,732,rock
3610,718,513,728,rock
3613,766,502,783,rock
3624,704,518,740,rock
3670,651,499,790,rock
3632,692,464,768,rock
3632,686,521,754,rock
3628,707,476,782,rock
3630,700,480,776,rock
3633,702,459,762,rock
3627,697,472,765,rock
3628,665,501,775,rock
3628,688,489,784,rock
3630,673,477,768,rock
3637,682,462,747,rock
3633,673,467,751,rock
3641,669,444,730,rock
3616,673,453,741,rock
3642,665,453,744,rock
3630,666,451,737,rock
3639,639,440,721,rock
3628,708,450,727,rock
3628,706,435,717,rock
3638,699,448,726,rock
3630,712,451,746,rock
3635,717,403,713,rock
3632,737,455,757,rock
3652,751,579,777,rock
3630,743,452,753,rock
3620,709,472,764,rock
3624,722,475,759,rock
3629,713,480,769,rock
3634,706,474,772,rock
3626,687,483,778,rock
3641,708,458,751,rock
3630,679,469,758,rock
3625,682,387,714,rock
3623,677,359,743,rock
3637,685,452,744,rock
3587,677,460,746,rock
3588,669,476,757,rock
3595,663,498,784,rock
3635,655,500,787,rock
3631,659,495,780,rock
3615,647,485,784,rock
3631,636,515,760,rock
3628,627,512,753,rock
3641,509,488,784,rock
3627,619,499,790,rock
3626,653,551,753,rock
3629,689,530,739,rock
3652,748,652,777,rock
3630,784,559,772,rock
3629,784,554,762,rock
3613,769,543,775,rock
3630,765,545,762,rock
3632,761,540,757,rock
3624,740,558,781,rock
3619,735,528,745,rock
3631,739,502,787,rock
3659,758,541,761,rock
3636,816,527,784,rock
3638,787,524,752,rock
3602,757,524,757,rock
3617,718,524,738,rock
3630,733,534,759,rock
3627,728,537,749,rock
3631,714,521,743,rock
3636,705,557,774,rock
3634,704,512,737,rock
3655,698,500,785,rock
3639,691,508,796,rock
3636,560,503,779,rock
3690,684,500,789,rock
3630,685,506,784,rock
3628,693,489,776,rock
3632,685,512,758,rock
3630,696,486,801,rock
3631,675,490,782,rock
3625,662,492,791,rock
3625,655,484,769,rock
3617,659,503,785,rock
3747,666,447,761,rock
3633,658,477,765,rock
3628,646,466,752,rock
3632,626,463,752,rock
3625,622,456,734,rock
3645,608,459,746,rock
3625,616,471,764,rock
3522,621,462,761,rock
3631,597,449,744,rock
3593,590,484,757,rock
3620,609,461,749,rock
3614,615,446,753,rock
3631,616,497,780,rock
3630,608,474,770,rock
3632,601,475,770,rock
3643,606,533,753,rock
3659,647,453,755,rock
3631,696,517,746,rock
3616,741,517,742,rock
3607,747,536,754,rock
3635,705,536,764,rock
3629,754,540,753,rock
3620,785,521,753,rock
3629,800,510,789,rock
3631,828,512,768,rock
3618,823,544,762,rock
3615,841,504,810,rock
3637,838,508,813,rock
3635,814,520,753,rock
3643,791,516,747,rock
3643,818,505,781,rock
3631,785,537,764,rock
3636,784,487,798,rock
3638,776,565,804,rock
3614,766,560,771,rock
3633,759,551,779,rock
3632,758,557,772,rock
3630,759,556,777,rock
3630,727,563,791,rock
3631,723,534,773,rock
3636,749,541,779,rock
3626,732,575,798,rock
3628,732,565,778,rock
3662,735,555,768,rock
3629,727,534,757,rock
3632,709,545,755,rock
3635,723,532,747,rock
3607,698,531,753,rock
3631,695,525,744,rock
3627,691,542,756,rock
3631,672,521,738,rock
3632,674,509,805,rock
3613,682,502,805,rock
3628,689,495,802,rock
3635,678,495,800,rock
3646,668,498,790,rock
3647,690,496,784,rock
3657,688,505,787,rock
3627,682,507,801,rock
3648,670,541,750,rock
3625,657,556,764,rock
3660,693,546,764,rock
3605,712,553,764,rock
3571,759,582,816,rock
3629,784,626,854,rock
3632,776,635,844,rock
3601,763,648,794,rock
3623,757,654,833,rock
3628,825,607,857,rock
3633,755,611,835,rock
3632,764,604,846,rock
3628,775,601,827,rock
3648,798,592,827,rock
3626,784,610,828,rock
3640,772,624,861,rock
3659,760,634,866,rock
3615,789,635,870,rock
3631,745,599,842,rock
3628,745,649,834,rock
3650,732,666,829,rock
3633,738,712,847,rock
3657,726,673,828,rock
3632,721,671,828,rock
3659,723,673,831,rock
3627,730,688,822,rock
3647,729,647,803,rock
3635,778,643,801,rock
3635,713,636,852,rock
3631,709,635,866,rock
3634,699,628,864,rock
3653,684,627,856,rock
3616,700,619,851,rock
3629,689,630,848,rock
3625,713,616,829,rock
3648,691,570,809,rock
3534,697,610,852,rock
3645,686,602,822,rock
3571,674,623,858,rock
3631,672,676,815,rock
3622,667,674,820,rock
3640,664,691,830,rock
3627,736,665,821,rock
3613,812,698,847,rock
3635,809,692,867,rock
3639,812,701,862,rock
3628,831,682,836,rock
3612,841,677,860,rock
3633,851,708,868,rock
3639,872,705,862,rock
3631,868,679,859,rock
3618,856,612,850,rock
3632,879,674,840,rock
3625,863,684,839,rock
3494,881,677,851,rock
3660,874,685,852,rock
3653,861,667,817,rock
3627,873,641,807,rock
3625,843,665,827,rock
3631,847,649,811,rock
3631,820,638,860,rock
3630,818,645,802,rock
3625,832,646,848,rock
3630,858,656,826,rock
3634,871,658,817,rock
3661,860,626,833,rock
3599,846,637,878,rock
3629,835,644,828,rock
3593,840,630,867,rock
3611,830,629,851,rock
3603,828,629,866,rock
3631,827,614,851,rock
3629,806,604,852,rock
3625,806,615,862,rock
3631,806,610,853,rock
3622,802,629,859,rock
3627,910,568,805,rock
3632,815,585,810,rock
3631,780,550,798,rock
3478,782,572,796,rock
3611,779,568,795,rock
3632,770,556,780,rock
3627,769,586,792,rock
3609,765,535,770,rock
3614,740,538,756,rock
3643,750,524,745,rock
3615,747,571,767,rock
3630,780,539,768,rock
3633,803,558,787,rock
3633,840,558,792,rock
3611,845,561,785,rock
3631,844,557,799,rock
3641,834,558,787,rock
3649,849,544,777,rock
3628,813,548,790,rock
3632,802,568,806,rock
3634,805,619,843,rock
3640,840,606,841,rock
3615,820,600,839,rock
3631,818,594,818,rock
3661,830,564,803,rock
3639,842,577,812,rock
3619,850,564,807,rock
3630,826,588,821,rock
3616,823,609,833,rock
3626,808,610,832,rock
3631,797,575,803,rock
3631,789,571,802,rock
3608,780,582,812,rock
3629,767,600,819,rock
3629,771,592,816,rock
3630,779,580,821,rock
3638,773,580,820,rock
3643,763,596,836,rock
3627,762,608,833,rock
3632,767,593,828,rock
3639,771,591,829,rock
3631,787,574,807,rock
3603,764,570,792,rock
3619,745,413,755,rock
3637,759,556,785,rock
3660,755,567,793,rock
3622,740,560,772,rock
3595,710,579,789,rock
3627,702,562,781,rock
3629,690,558,782,rock
3619,666,550,788,rock
3634,671,547,759,rock
3629,662,535,768,rock
3631,669,528,734,rock
3638,673,533,745,rock
3666,631,536,752,rock
3613,643,516,725,rock
3598,631,465,746,rock
3654,630,514,744,rock
3629,640,547,751,rock
3628,635,535,752,rock
3629,627,524,754,rock
3620,635,574,791,rock
3629,622,581,804,rock
3625,643,562,791,rock
3636,649,581,795,rock
3612,651,470,805,rock
3617,646,635,847,rock
3650,636,487,806,rock
3586,631,594,798,rock
3634,738,607,831,rock
3654,604,584,812,rock
3629,619,592,809,rock
3633,597,598,809,rock
3636,591,566,802,rock
3627,590,585,791,rock
3634,580,577,793,rock
3646,583,575,798,rock
3617,589,588,799,rock
3649,601,588,800,rock
3632,597,604,808,rock
3630,579,580,802,rock
3632,590,576,784,rock
3619,589,570,785,rock
3632,580,562,768,rock
3631,584,559,778,rock
3649,576,554,756,rock
3631,573,548,760,rock
3643,565,564,760,rock
3655,543,548,752,rock
3616,555,563,766,rock
3622,539,585,786,rock
3648,543,665,780,rock
3721,536,578,782,rock
3609,537,555,762,rock
3744,545,551,773,rock
3636,533,541,749,rock
3618,510,613,787,rock
3634,512,528,728,rock
3621,546,529,742,rock
3620,534,520,719,rock
3628,508,508,770,rock
3613,496,513,726,rock
3615,492,500,783,rock
3637,488,503,786,rock
3632,490,480,765,rock
3630,484,473,768,rock
3668,462,473,743,rock
3625,465,475,755,rock
3615,480,472,742,rock
3593,446,483,750,rock
3630,431,458,744,rock
3626,442,453,734,rock
3633,439,472,723,rock
3635,436,458,725,rock
3637,418,469,745,rock
3635,431,494,757,rock
3644,441,466,736,rock
3635,434,475,745,rock
3624,459,469,740,rock
3629,461,617,781,rock
3609,454,505,775,rock
3632,453,476,744,rock
3627,559,504,769,rock
3614,451,501,784,rock
3635,425,509,789,rock
3630,443,500,780,rock
3616,474,515,740,rock
3626,520,493,784,rock
3630,520,490,769,rock
3650,555,479,778,rock
3633,408,490,770,rock
3630,542,494,777,rock
3611,530,479,771,rock
3647,531,482,760,rock
3628,516,480,752,rock
3636,516,512,736,rock
3631,497,492,775,rock
3604,520,483,753,rock
3649,547,470,756,rock
3642,535,440,732,rock
3625,542,465,742,rock
3625,543,463,759,rock
3630,534,470,759,rock
3619,506,470,760,rock
3625,527,462,747,rock
3627,526,460,734,rock
3626,552,447,746,rock
3611,573,410,709,rock
3627,568,468,740,rock
3643,552,439,743,rock
3624,534,479,762,rock
3631,526,480,752,rock
3629,538,459,755,rock
3658,533,471,749,rock
3644,536,451,738,rock
3599,527,461,746,rock
3632,532,457,728,rock
3627,532,442,725,rock
3625,528,451,721,rock
3625,506,472,749,rock
3630,519,475,754,rock
3634,497,471,753,rock
3627,516,472,737,rock
3613,500,546,743,rock
3635,514,436,733,rock
3618,510,481,761,rock
3635,495,506,758,rock
3628,519,509,767,rock
3621,535,542,744,rock
3633,602,544,742,rock
3598,573,539,739,rock
3633,566,531,735,rock
3642,573,531,732,rock
3652,586,541,760,rock
3629,593,572,780,rock
3616,576,579,799,rock
3630,610,605,815,rock
3624,603,580,784,rock
3630,607,576,778,rock
3643,495,555,769,rock
3585,611,566,782,rock
3631,618,557,779,rock
3619,601,556,772,rock
3632,595,524,744,rock
3637,583,597,777,rock
3609,589,533,738,rock
3633,568,533,749,rock
3640,563,531,749,rock
3635,565,519,738,rock
3617,526,513,719,rock
3648,560,509,758,rock
3651,564,510,783,rock
3649,537,416,713,rock
3639,545,549,764,rock
3639,556,541,757,rock
3629,546,580,786,rock
3637,580,565,791,rock
3629,572,606,805,rock
3625,564,600,789,rock
3636,562,583,787,rock
3632,560,568,778,rock
3620,559,567,784,rock
3636,524,572,781,rock
3620,542,571,774,rock
3680,529,572,773,rock
3606,573,563,778,rock
3633,584,535,763,rock
3632,575,548,762,rock
3636,557,575,795,rock
3630,596,593,800,rock
3629,615,596,804,rock
3612,586,528,759,rock
3632,605,563,793,rock
3623,584,598,808,rock
3627,603,590,805,rock
3645,629,558,781,rock
3631,616,572,786,rock
3631,588,583,795,rock
3638,606,560,760,rock
3626,588,545,752,rock
3628,608,551,768,rock
3625,619,552,749,rock
3635,600,539,748,rock
3634,618,526,733,rock
3625,624,525,738,rock
3614,628,513,735,rock
3643,605,525,746,rock
3628,616,550,754,rock
3630,607,533,764,rock
3631,597,528,731,rock
3635,593,544,745,rock
3647,576,556,768,rock
3633,565,569,779,rock
3634,560,585,797,rock
3613,569,574,786,rock
3658,594,576,786,rock
3627,598,559,793,rock
3629,608,540,768,rock
3617,599,564,779,rock
3631,592,548,761,rock
3645,581,530,744,rock
3602,581,568,771,rock
3640,580,575,785,rock
3635,584,561,777,rock
3631,585,549,786,rock
3629,580,552,758,rock
3617,582,528,746,rock
3635,549,558,771,rock
3632,564,573,776,rock
3666,553,552,780,rock
3622,550,542,770,rock
3633,540,570,776,rock
3650,558,558,767,rock
3618,536,553,760,rock
3648,541,550,759,rock
3622,530,564,761,rock
3629,531,560,745,rock
3634,507,529,735,rock
3630,534,539,746,rock
3637,518,560,747,rock
3628,530,574,769,rock
3632,533,550,756,rock
3627,533,544,750,rock
3632,531,543,748,rock
3628,534,522,728,rock
3629,527,521,723,rock
3631,557,542,753,rock
3647,549,501,783,rock
3738,547,518,730,rock
3632,542,527,734,rock
3703,571,507,774,rock
3628,572,500,783,rock
3608,577,504,785,rock
3647,581,497,775,rock
3634,569,495,784,rock
3631,576,476,770,rock
3637,568,476,765,rock
3631,551,472,755,rock
3629,546,468,746,rock
3635,512,461,743,rock
3633,552,468,760,rock
3628,603,468,731,rock
3609,544,453,739,rock
3635,554,448,737,rock
3635,544,444,717,rock
3628,530,425,701,rock
3643,525,417,697,rock
3632,530,438,725,rock
3599,536,444,727,rock
3650,512,461,738,rock
3633,540,443,714,rock
3613,532,440,716,rock
3656,528,441,724,rock
3651,529,453,725,rock
3606,525,433,702,rock
3628,520,560,724,rock
3630,505,435,715,rock
3621,493,437,705,rock
3612,500,435,710,rock
3655,493,441,705,rock
3635,528,409,691,rock
3625,533,441,703,rock
3629,532,448,720,rock
3646,568,477,764,rock
3631,584,516,750,rock
3628,608,532,744,rock
3634,625,549,758,rock
3632,632,552,756,rock
3637,651,585,801,rock
3630,678,644,784,rock
3625,673,706,835,rock
3629,703,674,822,rock
3642,711,673,820,rock
3655,714,653,816,rock
3619,761,675,819,rock
3638,784,645,794,rock
3629,658,629,856,rock
3630,654,626,850,rock
3629,647,621,854,rock
3631,643,594,826,rock
3631,645,621,844,rock
3611,669,696,832,rock
3635,703,597,840,rock
3633,818,615,843,rock
3632,708,622,846,rock
3625,726,615,848,rock
3634,709,622,854,rock
3609,701,658,824,rock
3631,708,631,858,rock
3630,701,634,838,rock
3631,698,617,851,rock
3659,700,619,849,rock
3630,699,622,856,rock
3625,691,608,832,rock
3624,659,613,835,rock
3634,695,593,811,rock
3629,645,592,790,rock
3608,658,570,784,rock
3631,652,578,791,rock
3587,647,572,782,rock
3631,626,571,795,rock
3635,647,587,826,rock
3649,635,617,835,rock
3629,613,634,844,rock
3620,620,600,808,rock
3625,633,644,788,rock
3635,704,644,813,rock
3629,622,656,787,rock
3758,625,660,808,rock
3632,634,651,808,rock
3636,626,650,796,rock
3636,633,657,834,rock
3627,622,606,848,rock
3627,643,628,850,rock
3629,640,649,790,rock
3627,608,677,812,rock
3632,615,619,829,rock
3641,598,636,849,rock
3630,599,612,839,rock
3638,584,637,860,rock
3666,595,628,844,rock
3629,616,638,857,rock
3629,631,614,850,rock
3634,663,616,837,rock
3620,671,615,847,rock
3610,648,634,847,rock
3626,631,599,825,rock
3630,646,604,823,rock
3628,654,590,819,rock
3605,653,589,808,rock
3653,634,574,798,rock
3651,616,440,761,rock
3627,617,568,785,rock
3608,611,574,797,rock
3612,600,574,784,rock
3654,595,540,766,rock
3633,610,520,742,rock
3636,587,548,761,rock
3662,600,550,769,rock
3629,598,545,745,rock
3661,588,543,754,rock
3636,583,528,738,rock
3633,574,536,728,rock
3623,562,530,747,rock
3728,560,517,725,rock
3633,552,506,776,rock
3611,544,542,735,rock
3633,541,513,727,rock
3625,531,542,748,rock
3636,529,510,769,rock
3629,521,517,733,rock
3635,534,527,730,rock
3627,525,520,724,rock
3628,525,508,760,rock
3632,514,538,740,rock
3646,510,533,729,rock
3633,507,523,717,rock
3631,514,507,766,rock
3632,512,538,748,rock
3642,497,523,723,rock
3632,498,524,728,rock
3642,483,456,736,rock
3613,477,512,722,rock
3620,470,507,771,rock
3629,458,501,777,rock
3641,474,507,760,rock
3630,474,503,786,rock
3624,467,520,731,rock
3614,440,505,777,rock
3632,434,389,721,rock
3646,442,496,758,rock
3636,447,480,750,rock
3621,442,501,753,rock
3738,422,501,762,rock
3661,424,497,773,rock
3642,438,482,754,rock
3629,485,528,744,rock
3622,504,442,751,rock
3606,527,497,767,rock
3624,536,494,776,rock
3634,504,476,751,rock
3628,521,469,754,rock
3659,543,459,755,rock
3661,556,343,743,rock
3614,575,486,774,rock
3629,590,487,780,rock
3634,525,473,758,rock
3606,591,487,783,rock
3628,587,487,768,rock
3647,577,477,759,rock
3633,573,474,757,rock
3640,580,474,755,rock
3733,592,490,776,rock
3629,593,507,772,rock
3648,582,502,774,rock
3621,591,549,749,rock
3635,592,512,729,rock
3656,595,515,744,rock
3634,590,514,718,rock
3633,583,546,752,rock
3639,576,501,794,rock
3623,582,581,787,rock
3636,604,498,784,rock
3631,545,509,784,rock
3637,558,524,748,rock
3629,578,467,760,rock
3631,569,492,770,rock
3631,547,454,754,rock
3636,519,471,759,rock
3629,548,468,744,rock
3629,543,486,763,rock
3628,550,467,742,rock
3630,566,477,753,rock
3773,565,477,761,rock
3632,565,493,788,rock
3618,561,504,788,rock
3493,552,518,730,rock
3653,561,501,753,rock
3616,544,510,785,rock
3643,532,504,787,rock
3626,535,526,735,rock
3633,538,504,778,rock
3616,524,505,782,rock
3625,500,500,786,rock
3632,529,492,774,rock
3627,526,628,798,rock
3582,518,489,760,rock
3606,541,502,791,rock
3630,581,496,766,rock
3627,663,506,790,rock
3603,640,489,781,rock
3629,641,473,780,rock
3632,634,479,776,rock
3659,673,491,775,rock
3614,693,475,784,rock
3668,694,485,776,rock
3628,682,481,768,rock
3614,673,484,766,rock
3631,666,484,774,rock
3605,648,472,748,rock
3630,668,471,776,rock
3609,676,465,754,rock
3630,675,461,763,rock
3624,677,473,762,rock
3722,669,478,770,rock
3625,650,480,777,rock
3615,655,461,766,rock
3629,657,469,776,rock
3621,691,524,763,rock
3638,714,500,801,rock
3630,728,499,788,rock
3627,737,498,798,rock
3615,721,488,776,rock
3621,836,501,794,rock
3630,754,479,789,rock
3630,755,491,785,rock
3637,647,468,750,rock
3632,743,466,766,rock
3622,773,459,770,rock
3633,752,487,791,rock
3613,742,588,800,rock
3648,735,503,807,rock
3632,825,512,767,rock
3628,713,512,751,rock
3646,735,503,805,rock
3628,680,505,801,rock
3610,714,534,757,rock
3631,742,558,777,rock
3622,764,543,782,rock
3641,730,556,777,rock
3611,748,529,776,rock
3629,754,599,830,rock
3630,771,606,847,rock
3634,777,616,839,rock
3631,764,622,864,rock
3644,754,609,836,rock
3615,753,608,826,rock
3631,774,580,825,rock
3628,737,595,822,rock
3643,727,577,799,rock
3628,730,586,811,rock
3633,760,571,804,rock
3632,735,571,786,rock
3648,718,564,781,rock
3640,719,562,780,rock
3633,716,544,779,rock
3629,687,560,763,rock
3511,685,569,780,rock
3629,685,587,782,rock
3604,699,580,800,rock
3650,699,448,764,rock
3632,675,598,820,rock
3640,711,580,805,rock
3631,707,580,798,rock
3630,697,574,802,rock
3619,687,563,778,rock
3631,669,561,775,rock
3631,673,544,754,rock
3619,663,540,763,rock
3630,671,541,766,rock
3596,676,558,769,rock
3628,704,539,749,rock
3637,702,549,762,rock
3634,687,554,778,rock
3632,693,536,752,rock
3635,632,559,777,rock
3634,684,536,749,rock
3634,691,544,754,rock
3621,688,565,785,rock
3630,692,571,788,rock
3624,661,616,817,rock
3637,664,572,799,rock
3642,661,683,818,rock
3638,710,597,826,rock
3617,674,778,833,rock
3621,662,755,874,rock
3631,671,632,843,rock
3653,669,651,800,rock
3632,681,641,809,rock
3638,662,616,823,rock
3632,656,632,857,rock
3616,651,618,848,rock
3633,659,638,840,rock
3631,668,640,806,rock
3723,662,640,823,rock
3636,773,635,859,rock
3630,635,636,856,rock
3613,638,618,840,rock
3630,659,619,842,rock
3617,602,619,839,rock
3630,629,602,814,rock
3627,622,610,836,rock
3628,604,628,849,rock
3681,609,637,852,rock
3675,618,631,846,rock
3633,669,586,813,rock
3636,684,596,809,rock
3630,683,593,816,rock
3633,685,627,844,rock
3603,687,621,847,rock
3627,678,627,858,rock
3633,716,623,856,rock
3638,713,648,809,rock
3620,725,648,796,rock
3636,727,661,830,rock
3639,734,635,830,rock
3618,726,716,851,rock
3632,715,637,874,rock
3512,719,605,844,rock
3696,705,616,839,rock
3634,695,596,831,rock
3632,685,602,822,rock
3634,677,593,813,rock
3634,776,585,803,rock
3632,676,579,798,rock
3613,650,581,794,rock
3629,638,560,764,rock
3603,634,571,781,rock
3626,642,548,764,rock
3626,670,546,756,rock
3624,701,541,774,rock
3628,753,549,782,rock
3632,787,586,812,rock
3630,796,630,859,rock
3638,791,628,865,rock
3611,813,626,856,rock
3634,861,658,840,rock
3653,886,705,878,rock
3635,866,763,931,rock
3622,844,739,907,rock
3614,912,724,902,rock
3632,879,703,888,rock
3632,886,705,874,rock
3632,875,700,866,rock
3638,828,705,866,rock
3630,851,675,830,rock
3634,829,671,849,rock
3617,792,679,839,rock
3646,802,658,816,rock
3635,821,651,798,rock
3613,789,642,802,rock
3634,771,634,868,rock
3630,747,614,862,rock
3634,748,616,840,rock
3640,748,577,829,rock
3634,754,604,840,rock
3628,683,631,850,rock
3633,813,614,853,rock
3636,857,667,820,rock
3637,887,684,836,rock
3632,880,671,855,rock
3631,869,667,829,rock
3638,887,679,849,rock
3635,889,706,871,rock
3630,888,718,902,rock
3600,903,717,886,rock
3636,893,722,881,rock
3615,914,701,871,rock
3650,885,699,866,rock
3680,894,692,859,rock
3642,906,674,850,rock
3617,893,738,871,rock
3625,867,666,819,rock
3621,873,658,815,rock
3647,884,654,832,rock
3610,855,625,845,rock
3621,841,645,809,rock
3630,841,624,856,rock
3626,820,631,882,rock
3651,809,602,838,rock
3630,807,612,852,rock
3633,808,599,845,rock
3631,824,579,824,rock
3617,819,611,842,rock
3632,807,628,862,rock
3633,789,678,836,rock
3632,808,703,876,rock
3600,805,702,868,rock
3631,795,731,887,rock
3633,776,742,917,rock
3659,767,755,915,rock
3629,761,797,879,rock
3651,782,775,868,rock
3631,763,773,865,rock
3651,737,762,902,rock
3660,735,738,917,rock
3631,701,763,920,rock
3627,712,766,918,rock
3628,713,728,889,rock
3629,699,721,874,rock
3665,675,714,860,rock
3629,677,710,865,rock
3599,677,736,879,rock
3635,683,733,901,rock
3658,707,755,912,rock
3635,594,742,898,rock
3630,731,725,882,rock
3632,720,730,889,rock
3608,728,747,902,rock
3632,739,753,920,rock
3610,750,756,913,rock
3615,776,718,896,rock
3646,754,734,903,rock
3663,759,723,891,rock
3622,835,722,887,rock
3632,743,683,855,rock
3624,722,703,873,rock
3646,726,702,859,rock
3627,722,684,841,rock
3615,724,665,815,rock
3617,717,666,814,rock
3636,702,659,809,rock
3665,703,629,826,rock
3644,711,640,789,rock
3607,706,632,861,rock
3613,740,623,848,rock
3629,720,633,855,rock
3631,721,612,841,rock
3636,777,616,830,rock
3651,694,602,831,rock
3623,690,626,854,rock
3631,677,642,784,rock
3648,655,641,808,rock
3622,643,648,801,rock
3630,660,636,846,rock
3631,654,629,836,rock
3624,662,659,797,rock
3632,716,669,811,rock
3631,669,664,805,rock
3627,635,655,822,rock
3629,657,647,800,rock
3634,653,638,836,rock
3628,624,641,800,rock
3591,637,629,849,rock
3633,615,589,822,rock
3631,524,608,830,rock
3686,629,603,814,rock
3602,618,597,820,rock
3628,600,592,806,rock
3633,715,590,809,rock
3632,608,585,805,rock
3629,619,592,817,rock
3631,630,615,842,rock
3596,641,618,841,rock
3632,636,619,842,rock
3664,629,613,844,rock
3631,621,651,796,rock
3634,632,693,828,rock
3632,775,683,840,rock
3626,639,676,821,rock
3631,649,669,818,rock
3640,643,659,814,rock
3630,642,657,793,rock
3619,633,660,814,rock
3625,618,638,849,rock
3638,608,642,813,rock
3642,554,621,816,rock
3630,597,614,842,rock
3650,598,611,832,rock
3625,584,570,795,rock
3752,605,592,813,rock
3648,615,586,794,rock
3637,629,568,785,rock
3628,638,590,802,rock
3608,629,584,795,rock
3639,608,586,800,rock
3653,613,544,772,rock
3621,608,585,791,rock
3579,621,553,771,rock
3585,599,557,760,rock
3607,611,550,771,rock
3630,600,536,745,rock
3633,637,543,760,rock
3631,595,541,754,rock
3634,624,540,744,rock
3637,612,530,751,rock
3630,598,538,751,rock
3621,568,526,740,rock
3631,571,529,727,rock
3627,577,522,721,rock
3629,571,531,745,rock
3629,583,505,763,rock
3615,591,388,713,rock
3632,501,510,770,rock
3632,593,507,765,rock
3634,623,539,743,rock
3630,605,537,738,rock
3633,599,516,725,rock
3635,606,516,744,rock
3637,607,510,800,rock
3609,666,509,800,rock
3644,592,473,766,rock
3635,592,500,785,rock
3621,590,463,770,rock
3633,585,480,762,rock
3630,579,473,757,rock
3649,570,475,755,rock
3632,575,472,746,rock
3608,556,468,750,rock
3613,561,468,751,rock
3645,544,424,714,rock
3613,531,471,748,rock
3625,516,460,736,rock
3663,528,455,728,rock
3637,528,447,719,rock
3633,519,444,713,rock
3613,504,466,718,rock
3603,525,437,710,rock
3630,508,428,704,rock
3627,491,418,688,rock
3634,482,446,711,rock
3626,497,432,696,rock
3630,493,408,674,rock
3641,478,413,683,rock
3625,523,435,699,rock
3637,510,423,710,rock
3625,500,419,692,rock
3644,529,418,686,rock
3627,514,403,688,rock
3618,514,411,682,rock
3626,497,413,690,rock
3643,497,393,670,rock
3614,486,418,686,rock
3636,539,407,690,rock
3599,554,421,699,rock
3633,562,411,685,rock
3663,569,397,686,rock
3624,586,355,699,rock
3636,557,397,682,rock
3603,549,423,690,rock
3616,540,419,691,rock
3625,528,434,706,rock
3633,528,434,694,rock
3613,518,426,696,rock
3605,506,434,699,rock
3631,497,440,702,rock
3629,526,423,702,rock
3630,564,469,756,rock
3630,613,531,740,rock
3633,624,542,758,rock
3640,656,546,770,rock
3622,653,550,783,rock
3637,684,590,810,rock
3642,705,617,851,rock
3653,709,631,850,rock
3635,725,653,816,rock
3632,696,657,793,rock
3617,685,681,807,rock
3628,682,623,842,rock
3632,685,641,805,rock
3643,689,628,853,rock
3631,689,622,859,rock
3622,683,600,825,rock
3636,682,614,840,rock
3624,648,597,827,rock
3622,664,599,824,rock
3617,643,538,777,rock
3610,649,596,811,rock
3630,633,619,831,rock
3634,638,572,806,rock
3633,711,602,826,rock
3629,618,597,812,rock
3628,624,593,810,rock
3613,624,427,756,rock
3631,621,568,779,rock
3777,604,568,773,rock
3633,622,563,773,rock
3628,596,555,757,rock
3630,616,551,768,rock
3611,605,536,739,rock
3630,595,541,756,rock
3618,627,537,741,rock
3793,610,546,756,rock
3639,607,545,755,rock
3635,608,501,789,rock
3633,607,549,768,rock
3624,604,556,778,rock
3630,576,572,783,rock
3629,595,594,806,rock
3633,541,640,807,rock
3635,577,619,816,rock
3566,589,631,862,rock
3699,585,623,848,rock
3634,590,616,831,rock
3638,567,629,841,rock
3626,561,598,816,rock
3635,550,475,788,rock
3594,561,587,790,rock
3632,559,574,796,rock
3630,563,548,770,rock
3643,569,573,785,rock
3603,561,553,765,rock
3613,570,521,737,rock
3634,557,549,767,rock
3623,551,558,775,rock
3631,548,562,767,rock
3633,563,588,781,rock
3630,578,548,761,rock
3613,559,558,755,rock
3639,558,546,748,rock
3641,554,480,766,rock
3665,508,554,766,rock
3680,546,516,730,rock
3633,547,540,741,rock
3613,556,572,753,rock
3479,568,533,746,rock
3613,559,692,791,rock
3657,531,538,730,rock
3629,555,523,708,rock
3632,569,525,735,rock
3597,555,560,765,rock
3631,522,550,763,rock
3624,566,537,762,rock
3729,527,568,769,rock
3639,615,585,794,rock
3636,556,604,811,rock
3638,528,619,826,rock
3631,520,635,843,rock
3636,516,600,816,rock
3636,507,578,789,rock
3659,491,593,796,rock
3635,493,591,803,rock
3633,600,580,801,rock
3643,495,546,750,rock
3631,491,574,781,rock
3650,511,587,798,rock
3630,495,643,792,rock
3645,472,635,841,rock
3586,464,661,811,rock
3633,455,658,790,rock
3626,439,675,803,rock
3638,487,708,843,rock
3620,454,711,859,rock
3630,429,700,832,rock
3472,452,699,822,rock
3652,454,697,819,rock
3649,439,723,837,rock
3677,446,681,801,rock
3637,441,685,812,rock
3631,445,701,833,rock
3631,474,699,837,rock
3628,468,683,822,rock
3633,450,666,802,rock
3635,448,668,801,rock
3626,475,679,819,rock
3553,464,667,788,rock
3624,458,659,786,rock
3637,443,645,792,rock
3649,438,645,798,rock
3654,452,503,820,rock
3630,462,630,848,rock
3629,448,622,836,rock
3647,445,626,831,rock
3632,442,608,811,rock
3599,448,601,802,rock
3636,439,603,816,rock
3635,442,607,809,rock
3630,431,598,800,rock
3714,427,586,784,rock
3626,427,588,783,rock
3616,413,572,771,rock
3631,426,540,751,rock
3643,409,577,773,rock
3623,434,599,797,rock
3651,436,549,753,rock
3614,418,560,751,rock
3632,415,539,740,rock
3635,426,544,736,rock
3633,387,566,752,rock
3614,395,482,738,rock
3637,398,528,711,rock
3632,395,507,753,rock
3643,390,531,722,rock
3631,365,536,731,rock
3643,443,524,732,rock
3629,421,548,741,rock
3604,401,553,736,rock
3629,417,540,733,rock
3630,467,556,748,rock
3633,478,553,749,rock
3640,492,531,753,rock
3628,471,560,755,rock
3630,474,553,753,rock
3586,513,580,773,rock
3626,529,585,779,rock
3632,539,530,751,rock
3634,543,526,752,rock
3631,534,555,758,rock
3640,532,582,785,rock
3635,630,552,763,rock
3612,532,525,736,rock
3634,439,543,756,rock
3634,512,553,754,rock
3619,551,574,776,rock
3621,542,555,757,rock
3630,507,581,766,rock
3633,531,562,780,rock
3597,509,432,740,rock
3639,504,582,799,rock
3664,511,580,796,rock
3634,536,583,808,rock
3632,519,590,798,rock
3659,489,710,831,rock
3633,476,600,797,rock
3630,486,610,817,rock
3634,468,621,832,rock
3629,488,602,801,rock
3637,489,609,816,rock
3679,494,592,801,rock
3626,467,608,810,rock
3636,454,651,793,rock
3617,471,667,803,rock
3604,474,596,805,rock
3621,470,589,793,rock
3638,326,580,800,rock
3640,459,586,776,rock
3629,454,566,779,rock
3638,438,589,779,rock
3636,443,578,773,rock
3643,432,581,785,rock
3613,349,578,784,rock
3666,422,588,807,rock
3624,428,665,822,rock
3635,425,634,845,rock
3597,411,655,821,rock
3583,405,641,784,rock
3638,396,642,782,rock
3629,395,649,781,rock
3628,393,672,797,rock
3643,360,676,796,rock
3633,403,669,791,rock
3602,388,670,804,rock
3651,404,647,778,rock
3631,410,640,759,rock
3631,406,599,834,rock
3652,408,644,804,rock
3651,401,616,823,rock
3617,390,627,832,rock
3632,402,590,806,rock
3634,377,599,808,rock
3640,406,597,801,rock
3630,411,592,791,rock
3639,418,586,783,rock
3633,499,590,799,rock
3608,442,609,821,rock
3650,450,636,845,rock
3665,388,650,783,rock
3632,444,653,784,rock
3631,427,636,810,rock
3635,414,683,808,rock
3621,423,687,824,rock
3629,420,711,844,rock
3618,384,712,836,rock
3631,383,711,850,rock
3630,406,701,834,rock
3608,395,701,832,rock
3625,393,680,803,rock
3645,390,585,793,rock
3617,369,676,799,rock
3632,415,655,793,rock
3649,454,660,791,rock
3623,406,656,778,rock
3635,431,651,773,rock
3651,412,662,787,rock
3515,437,656,782,rock
3616,419,640,790,rock
3628,417,655,791,rock
3623,462,671,802,rock
3743,503,663,808,rock
3498,496,674,794,rock
3630,521,662,804,rock
3639,545,655,805,rock
3631,574,645,788,rock
3662,592,631,824,rock
3618,600,634,848,rock
3632,620,503,817,rock
3635,614,614,828,rock
3632,592,615,848,rock
3606,607,620,850,rock
3627,567,646,821,rock
3611,578,672,810,rock
3613,580,702,840,rock
3634,565,689,829,rock
3659,549,693,830,rock
3634,550,719,865,rock
3635,544,722,868,rock
3622,519,713,863,rock
3629,554,702,858,rock
3647,547,705,843,rock
3625,554,707,843,rock
3621,534,710,849,rock
3630,547,683,821,rock
3633,534,686,816,rock
3641,529,665,800,rock
3619,571,661,797,rock
3634,559,659,815,rock
3607,555,650,786,rock
3644,534,669,795,rock
3658,546,654,790,rock
3636,527,740,830,rock
3615,520,652,775,rock
3606,523,632,821,rock
3645,523,621,827,rock
3590,529,689,822,rock
3608,528,700,834,rock
3617,526,689,817,rock
3630,515,654,808,rock
3627,522,720,829,rock
3634,560,665,798,rock
3631,549,636,843,rock
3632,560,695,840,rock
3652,584,661,811,rock
3631,549,680,808,rock
3632,547,670,810,rock
3664,547,656,786,rock
3609,532,645,802,rock
3632,532,657,809,rock
3618,529,653,794,rock
3636,529,633,815,rock
3624,523,656,802,rock
3633,537,625,842,rock
3587,529,631,841,rock
3721,532,605,820,rock
3604,535,611,815,rock
3635,587,597,816,rock
3634,531,596,813,rock
3640,531,588,792,rock
3632,546,575,788,rock
3642,507,587,781,rock
3630,511,577,785,rock
3632,479,611,806,rock
3632,471,624,838,rock
3625,488,625,834,rock
3630,466,637,820,rock
3651,480,624,837,rock
3628,473,721,817,rock
3470,469,637,839,rock
3631,461,612,830,rock
3631,479,603,816,rock
3631,487,611,824,rock
3620,485,630,845,rock
3624,477,615,830,rock
3628,484,611,816,rock
3659,479,600,797,rock
3631,471,610,789,rock
3644,495,582,796,rock
3625,439,585,778,rock
3621,479,578,779,rock
3644,443,573,774,rock
3632,448,563,761,rock
3617,445,561,764,rock
3630,422,562,763,rock
3554,436,578,764,rock
3633,439,621,824,rock
3634,470,609,818,rock
3624,452,608,813,rock
3631,451,583,792,rock
3655,441,605,814,rock
3634,436,631,832,rock
3626,426,642,769,rock
3630,441,642,777,rock
3630,428,599,823,rock
3629,431,625,833,rock
3617,424,619,822,rock
3622,453,607,826,rock
3616,419,612,824,rock
3611,414,769,816,rock
3623,407,624,816,rock
3643,268,606,800,rock
3630,400,606,820,rock
3630,405,642,793,rock
3628,403,651,805,rock
3628,416,635,815,rock
3601,401,632,837,rock
3643,391,641,770,rock
3631,370,648,769,rock
3647,389,628,828,rock
3641,410,638,847,rock
3628,413,640,767,rock
3631,417,653,780,rock
3620,510,635,808,rock
3635,396,663,803,rock
3657,413,620,829,rock
3637,412,654,793,rock
3631,421,628,831,rock
3639,406,636,811,rock
3615,441,635,842,rock
3635,420,604,824,rock
3619,419,603,820,rock
3632,394,613,833,rock
3630,428,598,811,rock
3628,389,613,812,rock
3633,402,577,794,rock
3633,394,595,796,rock
3619,374,581,784,rock
3606,442,589,796,rock
3629,388,592,786,rock
3619,388,576,777,rock
3644,384,591,805,rock
3631,420,568,766,rock
3630,409,576,768,rock
3612,415,578,789,rock
3621,397,595,768,rock
3625,412,544,741,rock
3610,415,560,765,rock
3630,404,598,806,rock
3644,403,616,807,rock
3635,385,572,797,rock
3645,415,628,836,rock
3629,411,616,816,rock
3629,420,632,832,rock
3619,459,662,800,rock
3631,463,665,808,rock
3632,478,657,785,rock
3607,479,652,776,rock
3629,494,648,784,rock
3639,524,637,833,rock
3631,529,628,843,rock
3599,517,629,839,rock
3615,513,604,824,rock
3647,490,587,808,rock
3636,506,618,822,rock
3637,544,587,813,rock
3654,551,592,814,rock
3627,532,588,807,rock
3633,522,616,804,rock
3627,525,584,782,rock
3628,524,565,779,rock
3630,502,560,764,rock
3629,505,562,763,rock
3632,446,590,785,rock
3626,506,573,776,rock
3616,525,600,793,rock
3616,552,522,747,rock
3663,552,565,789,rock
3630,528,568,765,rock
3671,531,560,773,rock
3604,521,553,755,rock
3633,524,557,775,rock
3655,531,552,758,rock
3614,508,546,750,rock
3640,508,617,780,rock
3630,513,503,774,rock
3653,510,528,728,rock
3653,505,544,742,rock
3619,484,522,728,rock
3636,497,535,754,rock
3627,504,507,755,rock
3639,506,509,768,rock
3625,520,535,764,rock
3657,504,496,764,rock
3637,469,507,784,rock
3623,519,494,782,rock
3621,478,516,749,rock
3547,479,514,751,rock
3635,468,512,702,rock
3624,479,503,797,rock
3630,491,514,727,rock
3630,498,498,775,rock
3636,374,490,757,rock
3631,491,482,756,rock
3630,482,464,751,rock
3632,484,497,766,rock
3620,498,509,772,rock
3633,521,496,751,rock
3631,561,495,767,rock
3641,519,517,730,rock
3634,539,528,725,rock
3655,552,501,774,rock
3634,549,527,743,rock
3628,553,533,751,rock
3755,546,512,723,rock
3617,522,505,774,rock
3659,541,492,777,rock
3633,547,494,784,rock
3634,546,488,770,rock
3630,559,491,767,rock
3641,561,495,782,rock
3633,550,464,753,rock
3572,542,476,751,rock
3639,520,464,726,rock
3601,529,464,747,rock
3628,521,477,756,rock
3657,520,454,737,rock
3628,537,470,756,rock
3630,525,464,738,rock
3631,512,467,742,rock
3632,504,461,743,rock
3606,498,466,733,rock
3664,518,484,746,rock
3623,514,457,725,rock
3643,490,452,717,rock
3667,481,452,722,rock
3628,485,441,711,rock
3629,469,430,695,rock
3616,462,445,711,rock
3651,453,441,710,rock
3606,444,458,722,rock
3613,425,452,715,rock
3630,437,427,690,rock
3622,474,432,700,rock
3618,453,426,698,rock
3630,448,427,691,rock
3634,446,426,693,rock
3629,439,425,703,rock
3616,413,436,708,rock
3624,425,430,706,rock
3631,409,438,710,rock
3628,537,419,701,rock
3631,417,452,720,rock
3621,425,443,710,rock
3652,424,434,709,rock
3612,454,424,691,rock
3631,338,432,700,rock
3625,472,431,708,rock
3629,466,419,701,rock
3629,481,436,707,rock
3621,488,470,734,rock
3627,478,536,703,rock
3519,477,433,706,rock
3634,481,436,702,rock
3609,472,442,704,rock
3633,422,407,700,rock
3630,479,410,692,rock
3629,472,429,701,rock
3645,531,423,703,rock
3632,513,418,689,rock
3606,525,422,692,rock
3631,561,427,724,rock
3622,502,435,708,rock
3637,525,445,720,rock
3629,542,452,732,rock
3633,538,472,736,rock
3638,522,448,724,rock
3632,569,440,716,rock
3621,558,444,710,rock
3673,575,427,708,rock
3632,563,454,724,rock
3631,559,421,706,rock
3630,553,419,687,rock
3634,534,417,686,rock
3631,569,403,700,rock
3639,534,391,681,rock
3619,521,458,707,rock
3637,540,425,706,rock
3630,517,425,693,rock
3614,506,358,703,rock
3633,600,421,698,rock
3631,532,450,731,rock
3624,520,471,762,rock
3632,545,475,770,rock
3632,538,490,779,rock
3631,568,525,748,rock
3632,562,485,774,rock
3616,568,507,769,rock
3629,562,505,758,rock
3646,533,584,761,rock
3643,419,514,740,rock
3618,532,519,736,rock
3636,510,520,733,rock
3633,529,510,767,rock
3627,534,636,802,rock
3630,512,498,765,rock
3635,533,491,775,rock
3635,512,488,777,rock
3632,504,498,749,rock
3632,494,521,721,rock
3631,475,513,730,rock
3651,497,528,731,rock
3629,604,529,735,rock
3629,537,550,758,rock
3625,540,534,757,rock
3629,534,530,733,rock
3625,635,522,724,rock
3629,557,530,731,rock
3647,564,513,725,rock
3626,563,536,750,rock
3647,563,529,733,rock
3667,600,531,740,rock
3666,606,522,732,rock
3614,594,538,741,rock
3628,611,531,758,rock
3651,585,533,740,rock
3635,601,494,764,rock
3621,599,550,759,rock
3634,598,504,784,rock
3621,586,534,734,rock
3630,584,495,773,rock
3733,581,505,770,rock
3651,568,502,796,rock
3643,569,493,777,rock
3626,564,486,779,rock
3640,556,495,786,rock
3632,567,474,765,rock
3633,562,501,776,rock
3638,570,480,755,rock
3630,553,476,763,rock
3648,543,474,748,rock
3639,573,472,746,rock
3636,564,463,751,rock
3625,657,450,736,rock
3621,560,457,750,rock
3629,511,480,750,rock
3632,525,467,741,rock
3652,546,467,744,rock
3630,529,453,742,rock
3635,546,448,731,rock
3631,522,475,760,rock
3619,512,470,758,rock
3608,518,457,733,rock
3623,519,453,735,rock
3632,536,465,737,rock
3631,502,478,749,rock
3657,516,458,735,rock
3624,510,482,746,rock
3632,516,477,757,rock
3627,484,497,760,rock
3648,500,500,753,rock
3617,505,693,774,rock
3633,598,515,734,rock
3626,474,514,740,rock
3626,481,522,744,rock
3604,481,503,788,rock
3629,469,512,731,rock
3664,488,471,768,rock
3630,478,478,760,rock
3632,475,478,749,rock
3646,469,468,739,rock
3648,467,449,733,rock
3629,483,466,726,rock
3510,475,475,760,rock
3618,451,514,721,rock
3663,461,523,726,rock
3630,466,545,740,rock
3626,515,427,726,rock
3630,521,551,763,rock
3653,510,603,811,rock
3628,512,646,818,rock
3621,508,774,823,rock
3624,524,652,783,rock
3632,505,640,795,rock
3634,502,630,843,rock
3658,506,606,833,rock
3616,512,627,833,rock
3630,544,585,802,rock
3633,576,601,801,rock
3649,557,557,797,rock
3615,562,625,827,rock
3630,566,601,810,rock
3627,578,570,786,rock
3631,559,592,790,rock
3631,558,567,774,rock
3620,541,565,780,rock
3622,453,589,777,rock
3630,543,553,752,rock
3645,539,541,753,rock
3640,538,514,724,rock
3645,532,512,721,rock
3635,513,520,719,rock
3649,512,524,718,rock
3654,502,512,739,rock
3609,498,531,747,rock
3648,486,490,770,rock
3615,548,523,758,rock
3630,495,506,784,rock
3644,474,516,728,rock
3610,482,529,723,rock
3627,472,516,731,rock
3641,439,512,744,rock
3616,468,505,785,rock
3683,450,490,766,rock
3631,471,529,749,rock
3631,459,464,754,rock
3617,453,487,774,rock
3641,447,489,759,rock
3634,447,491,763,rock
3657,437,473,757,rock
3631,451,497,771,rock
3639,457,473,758,rock
3646,423,493,766,rock
3603,418,491,764,rock
3623,419,499,766,rock
3630,418,472,749,rock
3633,414,507,778,rock
3632,400,529,732,rock
3629,407,504,776,rock
3618,399,505,778,rock
3635,394,492,758,rock
3628,409,462,750,rock
3647,374,487,766,rock
3619,360,506,768,rock
3635,393,457,736,rock
3635,410,489,759,rock
3633,407,459,746,rock
3633,418,479,761,rock
3651,385,358,735,rock
3649,374,503,774,rock
3634,373,503,777,rock
3630,381,421,723,rock
3667,366,494,774,rock
3628,354,505,769,rock
3625,384,490,753,rock
3633,431,482,762,rock
3643,468,489,760,rock
3625,537,494,789,rock
3503,570,501,790,rock
3624,570,536,759,rock
3641,606,522,728,rock
3629,641,527,750,rock
3628,667,522,740,rock
3626,711,536,766,rock
3724,738,563,796,rock
3631,733,580,800,rock
3639,749,571,795,rock
3632,732,572,786,rock
3630,720,562,779,rock
3643,741,552,776,rock
3627,724,560,771,rock
3600,728,537,743,rock
3630,706,537,750,rock
3643,693,524,743,rock
3634,702,508,773,rock
3645,671,515,723,rock
3656,671,512,756,rock
3613,671,499,800,rock
3650,672,497,772,rock
3646,655,554,780,rock
3630,679,504,775,rock
3627,704,487,791,rock
3631,713,506,778,rock
3631,753,536,741,rock
3638,751,533,758,rock
3633,737,565,770,rock
3611,771,478,779,rock
3616,778,694,804,rock
3627,777,531,759,rock
3643,787,528,756,rock
3621,753,525,749,rock
3632,767,527,751,rock
3632,783,534,756,rock
3632,749,561,770,rock
3633,764,536,750,rock
3632,748,525,757,rock
3629,757,556,763,rock
3622,729,536,751,rock
3605,765,503,787,rock
3635,791,532,765,rock
3645,719,423,734,rock
3647,709,539,758,rock
3648,703,540,760,rock
3634,687,563,765,rock
3627,721,545,755,rock
3628,732,546,771,rock
3637,800,534,770,rock
3629,814,510,792,rock
3636,834,532,763,rock
3639,826,543,788,rock
3642,838,564,786,rock
3606,853,603,829,rock
3636,747,562,789,rock
3637,885,563,795,rock
3633,881,556,786,rock
3611,872,636,830,rock
3629,859,547,780,rock
3627,862,547,766,rock
3627,841,540,777,rock
3637,845,534,780,rock
3622,850,537,765,rock
3624,845,555,780,rock
3627,838,575,811,rock
3631,827,557,792,rock
3631,796,556,784,rock
3624,781,555,782,rock
3633,801,542,794,rock
3631,778,532,755,rock
3635,774,520,759,rock
3635,758,524,754,rock
3635,791,532,753,rock
3628,743,510,803,rock
3623,742,516,764,rock
3634,728,503,809,rock
3619,735,494,797,rock
3633,748,490,788,rock
3634,749,491,788,rock
3632,741,492,790,rock
3627,731,503,789,rock
3634,712,535,758,rock
3609,722,585,809,rock
3630,743,611,834,rock
3639,714,623,852,rock
3629,751,614,857,rock
3626,744,621,859,rock
3630,734,661,814,rock
3647,720,749,882,rock
3638,762,690,839,rock
3630,754,679,836,rock
3632,779,678,846,rock
3623,775,677,831,rock
3636,655,673,843,rock
3627,785,666,816,rock
3631,790,677,839,rock
3652,784,631,846,rock
3633,773,662,820,rock
3631,763,641,790,rock
3615,749,632,848,rock
3613,728,630,866,rock
3632,730,596,840,rock
3621,707,612,842,rock
3617,770,615,858,rock
3622,704,630,852,rock
3610,691,579,803,rock
3619,691,587,800,rock
3645,595,525,768,rock
3590,734,569,780,rock
3631,780,552,757,rock
3660,784,568,779,rock
3631,765,550,784,rock
3613,764,557,776,rock
3625,767,610,809,rock
3627,774,555,776,rock
3618,677,561,774,rock
3633,753,558,791,rock
3633,770,520,767,rock
3630,698,548,776,rock
3631,769,569,780,rock
3658,755,515,751,rock
3642,748,532,753,rock
3626,737,524,757,rock
3631,727,514,753,rock
3630,727,532,752,rock
3619,706,501,784,rock
3629,704,462,770,rock
3650,691,498,793,rock
3636,684,497,781,rock
3628,675,505,770,rock
3659,670,522,736,rock
3629,611,542,773,rock
3633,646,542,758,rock
3623,653,549,763,rock
3631,639,555,765,rock
3633,637,528,740,rock
3630,638,492,765,rock
3629,622,527,748,rock
3630,631,528,729,rock
3655,604,517,766,rock
3638,606,520,732,rock
3683,602,520,726,rock
3627,589,529,734,rock
3643,572,642,770,rock
3633,586,556,774,rock
3632,587,573,787,rock
3633,464,582,800,rock
3631,575,608,820,rock
3627,560,616,832,rock
3633,566,617,841,rock
3629,573,625,846,rock
3570,552,652,803,rock
3625,564,630,844,rock
3609,566,584,819,rock
3630,573,622,836,rock
3615,570,602,811,rock
3642,570,540,780,rock
3629,568,590,805,rock
3631,564,580,794,rock
3664,543,563,772,rock
3616,543,574,784,rock
3629,528,567,796,rock
3620,559,562,768,rock
3594,560,568,783,rock
3647,576,557,774,rock
3629,581,555,761,rock
3625,572,529,744,rock
3612,585,547,749,rock
3637,562,569,764,rock
3633,565,541,751,rock
3637,547,518,736,rock
3630,555,556,761,rock
3626,547,571,770,rock
3634,555,568,772,rock
3627,534,575,794,rock
3601,525,579,778,rock
3638,520,588,791,rock
3609,522,567,784,rock
3635,473,557,758,rock
3588,506,578,780,rock
3646,501,562,767,rock
3629,497,568,766,rock
3630,518,568,765,rock
3619,522,553,760,rock
3648,524,624,786,rock
3659,488,563,759,rock
3635,514,571,757,rock
3636,515,538,740,rock
3629,512,530,734,rock
3622,515,524,740,rock
3631,525,486,748,rock
3637,482,517,747,rock
3632,542,543,765,rock
3634,528,525,750,rock
3637,528,571,777,rock
3624,500,582,805,rock
3657,502,571,777,rock
3635,513,572,778,rock
3617,496,580,782,rock
3655,519,601,799,rock
3629,556,622,821,rock
3628,562,623,833,rock
3631,538,582,798,rock
3637,551,583,801,rock
3629,569,577,782,rock
3653,538,568,774,rock
3599,532,604,808,rock
3653,522,586,789,rock
3614,509,620,808,rock
3642,503,610,798,rock
3613,525,564,778,rock
3628,521,570,775,rock
3619,512,536,748,rock
3620,520,554,757,rock
3632,525,542,753,rock
3641,484,539,743,rock
3639,478,544,738,rock
3631,465,579,782,rock
3617,463,583,790,rock
3615,447,525,753,rock
3618,452,573,792,rock
3602,453,579,771,rock
3686,437,587,778,rock
3627,439,560,755,rock
3617,415,571,769,rock
3632,419,550,742,rock
3636,425,539,738,rock
3649,418,535,735,rock
3631,391,541,758,rock
3629,442,521,722,rock
3625,422,525,728,rock
3572,398,496,753,rock
3632,412,514,732,rock
3627,429,392,706,rock
3710,413,513,728,rock
3608,425,502,751,rock
3632,451,517,738,rock
3627,443,515,728,rock
3617,445,521,714,rock
3658,433,554,739,rock
3631,434,550,763,rock
3664,433,527,739,rock
3612,440,537,729,rock
3628,432,538,736,rock
3636,501,539,739,rock
3623,497,530,729,rock
3627,470,524,737,rock
3635,499,597,771,rock
3637,501,504,766,rock
3635,505,493,777,rock
3633,501,479,781,rock
3661,508,496,779,rock
3632,492,503,780,rock
3622,552,482,766,rock
3633,550,492,772,rock
3615,546,497,773,rock
3605,539,486,775,rock
3631,544,496,773,rock
3634,536,499,776,rock
3603,532,498,766,rock
3634,524,491,763,rock
3634,524,472,745,rock
3640,498,498,769,rock
3634,507,476,755,rock
3658,503,485,774,rock
3627,497,484,758,rock
3632,478,483,756,rock
3633,498,481,749,rock
3635,524,470,755,rock
3601,501,468,766,rock
3631,520,505,767,rock
3631,517,506,765,rock
3648,504,451,738,rock
3620,532,465,739,rock
3634,498,461,741,rock
3634,573,460,736,rock
3628,403,474,734,rock
3640,643,448,719,rock
3630,510,435,718,rock
3634,534,422,711,rock
3633,544,434,713,rock
3638,558,441,716,rock
3628,540,433,708,rock
3632,523,431,715,rock
3628,520,435,708,rock
3629,516,458,722,rock
3634,522,448,721,rock
3623,529,426,707,rock
3656,521,325,689,rock
3638,524,430,713,rock
3632,521,428,697,rock
3630,494,432,694,rock
3629,492,430,705,rock
3629,508,451,718,rock
3560,496,439,720,rock
3640,492,411,682,rock
3642,489,411,688,rock
3631,515,424,701,rock
3645,483,429,702,rock
3630,502,434,709,rock
3646,515,528,724,rock
3634,513,444,713,rock
3649,509,402,695,rock
3629,536,466,740,rock
3633,499,461,735,rock
3508,517,442,725,rock
3625,536,455,734,rock
3632,549,356,717,rock
3619,535,528,724,rock
3632,544,472,744,rock
3511,544,442,734,rock
3621,540,456,729,rock
3631,533,478,760,rock
3631,538,466,738,rock
3629,528,476,752,rock
3638,488,484,776,rock
3601,512,480,762,rock
3633,512,498,768,rock
3629,488,496,763,rock
3631,501,501,783,rock
3630,507,500,765,rock
3631,489,455,767,rock
3653,500,534,743,rock
3610,478,495,768,rock
3626,490,528,716,rock
3632,484,536,739,rock
3627,506,528,732,rock
3630,502,529,727,rock
3634,495,527,738,rock
3643,519,492,769,rock
3647,500,515,723,rock
3632,529,508,784,rock
3626,514,488,771,rock
3641,509,499,770,rock
3636,527,496,779,rock
3637,501,489,768,rock
3627,503,486,781,rock
3636,528,479,764,rock
3628,500,503,777,rock
3628,484,458,743,rock
3513,487,467,746,rock
3628,487,477,762,rock
3643,477,481,759,rock
3603,461,512,733,rock
3631,484,488,754,rock
3632,454,460,746,rock
3605,456,451,731,rock
3647,453,462,753,rock
3657,409,461,730,rock
3639,495,452,721,rock
3611,480,450,727,rock
3641,477,446,720,rock
3625,465,463,733,rock
3639,470,454,717,rock
3653,504,428,716,rock
3631,470,377,718,rock
3635,461,401,674,rock
3628,461,423,711,rock
3634,454,420,697,rock
3687,463,415,685,rock
3635,471,403,685,rock
3605,470,416,675,rock
3629,476,399,685,rock
3627,471,422,696,rock
3638,478,382,702,rock
3612,467,446,703,rock
3630,469,392,668,rock
3709,478,399,673,rock
3629,489,385,668,rock
3646,466,386,655,rock
3629,463,402,666,rock
3620,464,385,654,rock
3659,454,401,666,rock
3633,450,416,677,rock
3641,457,404,669,rock
3627,478,381,708,rock
3622,463,420,682,rock
3613,443,414,681,rock
3639,459,425,696,rock
3627,477,412,701,rock
3634,451,440,717,rock
3631,431,471,746,rock
3656,441,450,717,rock
3628,455,464,726,rock
3631,442,445,728,rock
3636,452,473,739,rock
3625,416,460,741,rock
3634,457,461,740,rock
3628,446,457,719,rock
3635,461,461,730,rock
3599,486,474,760,rock
3632,473,458,738,rock
3636,470,455,745,rock
3636,450,462,740,rock
3630,480,471,744,rock
3643,493,451,733,rock
3619,476,437,721,rock
3624,456,449,719,rock
3623,437,449,714,rock
3630,465,450,718,rock
3643,465,440,704,rock
3632,475,423,710,rock
3630,481,448,715,rock
3632,466,438,712,rock
3599,472,450,709,rock
3650,459,429,700,rock
3632,459,439,698,rock
3633,432,450,699,rock
3627,429,420,685,rock
3661,445,423,697,rock
3637,451,435,702,rock
3621,469,396,674,rock
3627,503,303,684,rock
3629,510,415,711,rock
3630,512,447,742,rock
3623,523,452,730,rock
3641,534,447,730,rock
3631,649,459,736,rock
3633,596,473,758,rock
3643,601,450,741,rock
3627,596,462,752,rock
3631,574,461,745,rock
3628,589,474,745,rock
3632,576,448,725,rock
3600,585,475,745,rock
3631,573,438,733,rock
3635,536,472,737,rock
3620,574,508,782,rock
3631,562,480,763,rock
3631,568,513,731,rock
3611,559,473,746,rock
3647,582,456,736,rock
3648,574,445,741,rock
3626,556,539,728,rock
3656,551,441,718,rock
3637,552,413,699,rock
3598,536,439,711,rock
3620,530,434,699,rock
3482,522,441,716,rock
3613,517,452,728,rock
3632,509,453,738,rock
3630,505,448,723,rock
3618,496,454,729,rock
3708,494,458,746,rock
3630,487,450,729,rock
3559,495,446,730,rock
3632,471,452,713,rock
3633,468,446,730,rock
3608,469,446,726,rock
3631,478,435,718,rock
3628,468,434,704,rock
3629,495,425,716,rock
3619,467,424,698,rock
3637,461,439,716,rock
3630,483,436,717,rock
3517,475,427,702,rock
3630,450,439,716,rock
3631,450,441,704,rock
3635,444,435,709,rock
3648,438,427,701,rock
3629,437,438,707,rock
3713,452,435,695,rock
3628,427,414,692,rock
3515,431,416,684,rock
3636,471,428,697,rock
3629,416,432,678,rock
3652,430,427,682,rock
3635,433,411,681,rock
3638,425,402,672,rock
3646,404,381,710,rock
3630,422,414,674,rock
3629,406,428,685,rock
3633,400,438,711,rock
3630,403,496,750,rock
3630,405,485,768,rock
3631,392,489,760,rock
3631,408,498,767,rock
3631,405,530,723,rock
3614,390,530,721,rock
3628,412,523,717,rock
3643,410,530,748,rock
3627,397,525,744,rock
3630,415,512,709,rock
3632,412,510,772,rock
3632,407,532,725,rock
3631,382,522,717,rock
3634,399,516,710,rock
3635,401,460,756,rock
3596,389,524,742,rock
3662,386,510,774,rock
3625,390,503,776,rock
3663,421,491,756,rock
3636,288,477,755,rock
3633,378,498,757,rock
3624,375,496,763,rock
3626,401,482,738,rock
3643,364,537,726,rock
3634,385,540,734,rock
3619,382,568,747,rock
3630,382,526,727,rock
3632,374,553,751,rock
3631,391,562,779,rock
3633,393,567,780,rock
3631,390,590,792,rock
3622,394,610,796,rock
3658,380,560,765,rock
3632,370,577,774,rock
3637,479,573,778,rock
3639,499,571,771,rock
3626,394,555,760,rock
3630,378,593,778,rock
3616,379,556,754,rock
3646,373,543,747,rock
3629,461,567,758,rock
3629,371,539,734,rock
3631,377,529,713,rock
3627,392,532,714,rock
3633,269,520,704,rock
3632,413,524,721,rock
3643,405,495,761,rock
3630,430,507,757,rock
3649,403,510,753,rock
3632,416,536,728,rock
3632,410,523,746,rock
3629,402,499,759,rock
3633,418,454,761,rock
3613,405,454,736,rock
3641,398,513,724,rock
3630,407,454,746,rock
3631,402,471,741,rock
3629,397,440,724,rock
3645,391,464,735,rock
3632,392,463,735,rock
3638,393,456,723,rock
3632,392,486,743,rock
3632,378,471,742,rock
3616,394,318,703,rock
3630,397,474,744,rock
3606,393,446,735,rock
3638,400,487,767,rock
3612,415,461,729,rock
3644,446,457,730,rock
3625,452,435,714,rock
3634,453,437,706,rock
3632,452,441,707,rock
3651,479,440,702,rock
3645,448,447,720,rock
3634,545,453,733,rock
3646,453,416,704,rock
3657,473,448,723,rock
3628,474,447,724,rock
3635,479,440,710,rock
3632,477,448,706,rock
3632,474,440,702,rock
3629,448,454,728,rock
3631,466,448,705,rock
3645,482,440,708,rock
3618,459,426,708,rock
3655,450,391,692,rock
3638,446,497,753,rock
3631,453,465,746,rock
3638,461,471,759,rock
3638,427,471,753,rock
3618,439,430,727,rock
3618,427,468,740,rock
3629,418,465,734,rock
3630,413,478,762,rock
3634,399,494,756,rock
3595,414,507,773,rock
3631,409,492,769,rock
3618,397,493,768,rock
3630,404,502,773,rock
3631,399,528,725,rock
3716,402,527,746,rock
3677,399,527,724,rock
3661,386,505,749,rock
3632,392,504,742,rock
3626,400,501,779,rock
3629,392,494,765,rock
3632,397,509,772,rock
3603,389,493,761,rock
3625,385,489,766,rock
3632,378,454,743,rock
3668,372,464,734,rock
3657,360,488,747,rock
3635,372,465,739,rock
3620,384,444,729,rock
3630,350,443,715,rock
3593,365,453,716,rock
3640,354,431,710,rock
3627,355,437,708,rock
3629,343,443,706,rock
3631,341,439,708,rock
3606,345,431,699,rock
3629,353,544,704,rock
3628,342,428,689,rock
3636,339,427,695,rock
3643,343,420,669,rock
3620,334,416,673,rock
3646,338,417,675,rock
3635,341,405,671,rock
3623,434,394,658,rock
3640,338,386,650,rock
3633,343,390,665,rock
3610,337,378,686,rock
3629,334,377,683,rock
3610,335,398,670,rock
3614,343,402,657,rock
3628,321,405,664,rock
3632,330,395,656,rock
3637,336,402,653,rock
3629,329,394,651,rock
3628,333,411,681,rock
3611,328,406,677,rock
3620,329,406,669,rock
3623,315,400,655,rock
3615,340,396,667,rock
3635,327,378,687,rock
3637,331,424,672,rock
3637,359,404,660,rock
3633,376,393,654,rock
3622,344,413,670,rock
3688,344,396,654,rock
3634,337,424,679,rock
3621,340,443,707,rock
3649,365,472,728,rock
3609,336,459,725,rock
3638,308,460,737,rock
3639,350,441,717,rock
3638,358,476,742,rock
3629,364,497,757,rock
3631,298,510,755,rock
3649,344,531,736,rock
3634,358,504,750,rock
3613,396,501,772,rock
3628,425,497,771,rock
3639,441,498,766,rock
3628,414,492,766,rock
3646,408,481,754,rock
3636,407,480,732,rock
3662,393,475,745,rock
3633,397,479,755,rock
3630,406,462,758,rock
3641,400,483,744,rock
3632,437,479,759,rock
3755,411,473,750,rock
3633,406,485,768,rock
3655,416,459,754,rock
3631,431,504,786,rock
3627,391,489,755,rock
3651,397,407,710,rock
3620,410,488,758,rock
3637,473,472,758,rock
3631,421,471,750,rock
3627,431,427,712,rock
3612,439,461,740,rock
3622,434,459,729,rock
3634,461,454,735,rock
3635,447,463,744,rock
3635,437,457,713,rock
3631,420,447,728,rock
3651,421,468,741,rock
3634,424,451,732,rock
3605,392,449,720,rock
3619,433,452,719,rock
3649,405,445,712,rock
3638,470,442,722,rock
3615,404,439,716,rock
3630,415,437,698,rock
3631,408,437,706,rock
3643,386,479,737,rock
3615,412,453,709,rock
3620,407,442,694,rock
3601,427,431,701,rock
3631,447,409,680,rock
3629,460,416,682,rock
3634,538,413,686,rock
3624,454,404,666,rock
3633,454,420,679,rock
3630,458,432,686,rock
3633,468,475,709,rock
3629,470,414,700,rock
3633,479,390,665,rock
3646,474,387,676,rock
3625,467,366,711,rock
3541,467,398,672,rock
3637,447,392,661,rock
3627,476,392,644,rock
3612,470,390,667,rock
3630,490,392,659,rock
3634,361,397,670,rock
3623,462,400,667,rock
3639,465,379,703,rock
3628,451,392,652,rock
3627,445,429,687,rock
3655,442,518,693,rock
3631,459,388,663,rock
3554,439,389,660,rock
3631,466,388,666,rock
3667,468,362,705,rock
3637,476,380,726,rock
3621,457,379,697,rock
3633,466,391,670,rock
3635,505,387,664,rock
3631,480,392,659,rock
3610,463,394,666,rock
3629,462,380,709,rock
3636,457,420,678,rock
3653,453,318,670,rock
3554,456,431,709,rock
3630,447,424,691,rock
3632,447,422,698,rock
3641,451,429,693,rock
3624,426,429,696,rock
3630,433,436,702,rock
3630,434,440,699,rock
3630,446,432,700,rock
3630,438,441,698,rock
3647,438,415,691,rock
3629,404,421,691,rock
3621,415,476,709,rock
3618,422,406,688,rock
3639,400,401,657,rock
3630,416,406,674,rock
3571,413,420,670,rock
3656,409,391,669,rock
3624,411,407,675,rock
3633,402,403,662,rock
3650,406,513,695,rock
3635,412,385,650,rock
3632,425,361,694,rock
3631,406,377,712,rock
3631,405,378,723,rock
3624,425,389,658,rock
3631,457,401,669,rock
3634,473,387,667,rock
3631,471,384,653,rock
3629,477,390,688,rock
3627,483,396,694,rock
3615,474,260,657,rock
3630,470,376,706,rock
3609,469,374,720,rock
3633,467,382,717,rock
3631,443,399,687,rock
3637,448,373,720,rock
3634,448,377,708,rock
3661,444,378,710,rock
3592,431,372,712,rock
3632,426,356,707,rock
3626,382,345,693,rock
3625,423,364,710,rock
3603,412,365,708,rock
3624,409,378,717,rock
3659,446,368,678,rock
3648,409,370,691,rock
3628,385,400,657,rock
3628,375,402,673,rock
3637,390,397,677,rock
3650,384,392,662,rock
3629,394,386,648,rock
3631,373,393,651,rock
3621,371,383,716,rock
3645,369,434,703,rock
3646,254,406,685,rock
3620,363,461,714,rock
3631,360,428,711,rock
3619,354,497,763,rock
3613,362,507,752,rock
3613,346,485,746,rock
3632,357,496,762,rock
3638,354,501,776,rock
3610,349,486,764,rock
3629,351,520,733,rock
3649,340,489,747,rock
3617,342,463,744,rock
3628,356,473,721,rock
3672,332,457,725,rock
3623,242,492,737,rock
3650,343,340,719,rock
3629,333,461,731,rock
3625,323,461,726,rock
3628,349,462,726,rock
3635,339,452,723,rock
3641,345,453,724,rock
3638,329,464,709,rock
3661,350,476,724,rock
3632,362,471,743,rock
3627,347,489,748,rock
3649,382,470,737,rock
3611,364,447,734,rock
3632,349,470,739,rock
3633,348,462,737,rock
3634,360,463,734,rock
3627,355,462,719,rock
3633,351,421,698,rock
3620,355,448,712,rock
3648,403,426,697,rock
3616,383,306,676,rock
3637,388,432,680,rock
3628,410,414,697,rock
3631,389,428,681,rock
3609,379,456,706,rock
3619,488,414,690,rock
3656,517,409,668,rock
3632,374,424,690,rock
3632,385,400,669,rock
3656,381,393,656,rock
3631,367,400,660,rock
3631,371,404,675,rock
3627,366,398,665,rock
3597,351,412,668,rock
3634,400,377,690,rock
3640,407,382,699,rock
3630,361,384,667,rock
3715,388,394,668,rock
3643,383,393,651,rock
3626,363,389,677,rock
3631,386,392,672,rock
3603,380,376,677,rock
3641,408,384,641,rock
3628,367,381,693,rock
3629,377,392,654,rock
3623,380,386,658,rock
3593,390,386,652,rock
3629,374,379,693,rock
3631,374,378,686,rock
3621,356,408,661,rock
3627,366,420,684,rock
3633,372,439,710,rock
3626,368,420,686,rock
3655,369,407,677,rock
3632,346,432,689,rock
3624,358,564,722,rock
3640,357,399,672,rock
3660,354,410,672,rock
3624,348,413,678,rock
3598,346,397,672,rock
3632,262,404,662,rock
3640,337,395,666,rock
3632,334,395,650,rock
3638,332,381,696,rock
3629,329,384,659,rock
3651,344,385,663,rock
3632,357,392,675,rock
3627,372,390,657,rock
3622,461,404,660,rock
3634,377,397,670,rock
3643,344,411,676,rock
3631,360,408,669,rock
3630,369,409,669,rock
3625,353,397,664,rock
3656,361,414,680,rock
3631,360,400,665,rock
3634,375,399,664,rock
3634,342,412,677,rock
3636,343,413,675,rock
3644,320,430,690,rock
3641,339,400,659,rock
3626,341,411,664,rock
3631,333,392,649,rock
3644,355,389,657,rock
3629,314,384,647,rock
3610,339,386,645,rock
3632,317,363,704,rock
3633,320,386,646,rock
3627,320,466,710,rock
3625,333,360,698,rock
3640,329,379,709,rock
3633,328,394,650,rock
3629,341,386,651,rock
3629,328,397,669,rock
3641,376,385,646,rock
3626,351,405,663,rock
3657,370,389,667,rock
3629,380,396,674,rock
3629,388,406,658,rock
3628,403,433,675,rock
3642,397,418,676,rock
3630,409,419,678,rock
3637,408,414,681,rock
3653,408,379,698,rock
3620,407,428,682,rock
3636,408,407,667,rock
3638,410,396,665,rock
3613,403,405,665,rock
3631,375,398,696,rock
3631,400,365,694,rock
3497,394,381,700,rock
3637,414,365,704,rock
3628,428,393,676,rock
3631,449,352,686,rock
3612,491,374,717,rock
3620,444,365,702,rock
3636,453,376,711,rock
3614,448,356,694,rock
3628,442,354,687,rock
3629,451,354,688,rock
3645,442,365,710,rock
3643,456,357,713,rock
3633,432,373,708,rock
3631,469,362,705,rock
3640,476,364,705,rock
3623,479,366,723,rock
3629,479,366,723,rock
3636,457,373,722,rock
3629,482,372,723,rock
3618,462,358,702,rock
3629,474,356,704,rock
3635,449,353,692,rock
3633,466,352,676,rock
3631,455,337,684,rock
3629,430,355,706,rock
3625,436,358,698,rock
3639,457,350,700,rock
3636,421,375,727,rock
3630,415,370,701,rock
3634,419,381,719,rock
3649,412,381,704,rock
3631,431,417,677,rock
3615,423,399,677,rock
3635,436,442,681,rock
3631,431,385,651,rock
3632,440,391,682,rock
3627,432,405,677,rock
3662,456,314,673,rock
3648,441,396,657,rock
3633,466,385,662,rock
3642,476,413,692,rock
3630,474,413,684,rock
3632,476,416,680,rock
3589,495,417,679,rock
3629,505,423,694,rock
3620,507,422,699,rock
3628,603,412,700,rock
3648,483,432,709,rock
3651,483,445,731,rock
3632,489,440,713,rock
3652,484,409,695,rock
3640,459,457,710,rock
3633,477,428,701,rock
3614,474,428,701,rock
3631,466,433,703,rock
3629,454,466,727,rock
3627,466,471,732,rock
3652,430,435,691,rock
3620,454,428,694,rock
3628,455,428,695,rock
3633,408,402,677,rock
3629,442,406,684,rock
3629,447,405,686,rock
3630,439,418,689,rock
3652,432,416,678,rock
3633,429,415,691,rock
3617,422,385,660,rock
3669,415,429,692,rock
3608,408,415,685,rock
3610,411,413,672,rock
3639,405,404,675,rock
3630,403,414,679,rock
3633,400,422,690,rock
3637,396,400,676,rock
3601,392,456,699,rock
3635,369,431,698,rock
3633,399,431,708,rock
3664,395,442,706,rock
3632,395,447,719,rock
3630,390,460,721,rock
3625,386,432,697,rock
3607,383,414,704,rock
3758,376,437,703,rock
3631,368,459,711,rock
3635,375,439,706,rock
3636,372,433,703,rock
3620,369,414,703,rock
3629,364,448,686,rock
3634,361,425,688,rock
3619,357,418,677,rock
3609,376,415,697,rock
3634,408,399,682,rock
3627,412,405,679,rock
3610,402,454,716,rock
3633,409,430,704,rock
3627,391,435,687,rock
3625,423,440,704,rock
3801,427,462,736,rock
3628,412,463,738,rock
3630,423,464,724,rock
3629,417,460,728,rock
3632,429,436,713,rock
3627,412,460,728,rock
3631,432,469,740,rock
3643,426,483,754,rock
3657,426,463,749,rock
3641,430,411,707,rock
3635,422,461,731,rock
3627,414,466,733,rock
3501,390,470,740,rock
3632,409,473,729,rock
3624,410,470,744,rock
3629,417,461,737,rock
3629,402,446,719,rock
3630,396,462,735,rock
3628,400,429,702,rock
3628,398,453,719,rock
3663,396,438,709,rock
3626,403,424,683,rock
3629,408,405,687,rock
3625,405,422,691,rock
3602,403,420,681,rock
3605,394,446,707,rock
3632,390,416,698,rock
3615,391,441,705,rock
3631,406,443,706,rock
3587,401,455,728,rock
3629,396,436,711,rock
3630,387,474,756,rock
3628,391,480,751,rock
3632,392,417,706,rock
3601,377,490,750,rock
3632,261,462,728,rock
3626,428,443,722,rock
3714,372,455,722,rock
3601,374,444,713,rock
3611,397,450,710,rock
3662,381,466,736,rock
3636,372,473,734,rock
3632,372,471,735,rock
3623,468,471,741,rock
3634,380,462,732,rock
3620,361,472,728,rock
3628,377,452,719,rock
3635,359,347,704,rock
3632,309,449,707,rock
3629,345,450,715,rock
3629,349,470,716,rock
3634,326,454,719,rock
3631,361,440,694,rock
3622,343,435,698,rock
3630,334,461,711,rock
3634,321,458,704,rock
3706,339,434,683,rock
3651,389,431,708,rock
3637,341,421,683,rock
3628,336,424,682,rock
3634,343,425,690,rock
3627,340,420,681,rock
3616,334,489,704,rock
3628,347,422,707,rock
3632,345,427,700,rock
3617,317,441,703,rock
3652,318,429,704,rock
3624,329,475,723,rock
3630,327,472,720,rock
3631,333,435,703,rock
3629,325,436,702,rock
3617,304,451,711,rock
3616,337,438,700,rock
3634,320,445,717,rock
3631,347,420,696,rock
3635,322,429,692,rock
3629,307,420,689,rock
3628,328,410,667,rock
3646,245,405,675,rock
3627,339,416,679,rock
3629,351,400,665,rock
3621,340,413,670,rock
3652,331,286,644,rock
3611,335,401,658,rock
3642,335,401,654,rock
3649,332,393,642,rock
3650,333,388,654,rock
3629,328,392,650,rock
3630,336,394,665,rock
3639,306,418,672,rock
3630,348,432,693,rock
3642,338,434,694,rock
3635,390,423,703,rock
3621,360,458,711,rock
3631,394,453,728,rock
3645,401,461,737,rock
3628,387,472,739,rock
3638,390,477,745,rock
3633,393,482,753,rock
3621,387,487,760,rock
3642,397,489,756,rock
3635,424,475,754,rock
3609,429,494,766,rock
3650,435,346,727,rock
3629,434,487,759,rock
3625,438,479,758,rock
3629,433,469,748,rock
3515,423,456,728,rock
3628,414,468,739,rock
3626,408,449,724,rock
3631,408,445,716,rock
3643,399,520,716,rock
3605,415,448,705,rock
3604,443,446,717,rock
3632,424,418,691,rock
3625,379,435,698,rock
3656,413,418,682,rock
3658,414,420,690,rock
3630,415,423,686,rock
3632,410,422,694,rock
3629,410,397,676,rock
3630,408,406,692,rock
3603,397,432,689,rock
3627,396,438,712,rock
3672,374,461,729,rock
3485,406,457,722,rock
3587,396,464,734,rock
3630,382,436,696,rock
3629,390,461,731,rock
3632,399,447,725,rock
3635,388,449,698,rock
3627,388,439,723,rock
3628,383,450,709,rock
3632,376,429,706,rock
3636,400,436,717,rock
3651,359,441,714,rock
3635,460,454,725,rock
3649,374,531,720,rock
3629,369,462,740,rock
3628,383,447,724,rock
3619,358,439,711,rock
3633,352,439,708,rock
3623,349,432,691,rock
3615,352,431,701,rock
3631,348,435,689,rock
3628,341,422,690,rock
3632,350,414,679,rock
3624,345,404,678,rock
3633,337,423,688,rock
3631,346,415,680,rock
3603,344,424,673,rock
3629,331,406,679,rock
3630,320,437,708,rock
3609,337,393,656,rock
3654,343,400,655,rock
3642,315,434,682,rock
3629,325,400,653,rock
3648,329,396,667,rock
3630,312,412,678,rock
3632,316,464,706,rock
3614,313,619,763,rock
3648,358,428,701,rock
3622,298,481,739,rock
3630,324,516,720,rock
3596,330,466,728,rock
3633,351,485,746,rock
3619,367,513,727,rock
3635,387,495,780,rock
3644,394,502,779,rock
3633,441,483,750,rock
3612,447,496,768,rock
3633,468,471,765,rock
3630,453,492,742,rock
3623,467,466,754,rock
3528,471,499,787,rock
3631,488,484,771,rock
3565,455,478,768,rock
3632,451,481,753,rock
3705,434,482,745,rock
3697,441,483,754,rock
3630,447,461,753,rock
3639,427,473,748,rock
3551,435,475,754,rock
3667,419,453,730,rock
3657,413,439,740,rock
3626,396,443,720,rock
3624,422,461,731,rock
3616,432,457,727,rock
3639,439,464,732,rock
3628,437,477,740,rock
3640,462,451,723,rock
3635,439,450,722,rock
3611,432,425,698,rock
3656,421,418,693,rock
3616,413,443,723,rock
3633,385,444,712,rock
3636,407,436,703,rock
3606,408,454,716,rock
3630,399,422,693,rock
3631,398,426,687,rock
3635,270,422,697,rock
3629,394,417,677,rock
3631,402,417,680,rock
3651,410,432,691,rock
3633,414,401,679,rock
3628,403,410,674,rock
3631,400,403,680,rock
3617,411,360,693,rock
3630,387,409,663,rock
3634,382,393,655,rock
3629,269,395,661,rock
3628,361,392,639,rock
3628,361,385,659,rock
3618,367,383,717,rock
3644,368,452,718,rock
3631,349,377,709,rock
3585,375,373,724,rock
3638,398,367,720,rock
3628,356,369,711,rock
3624,330,366,702,rock
3635,346,368,684,rock
3604,353,363,699,rock
3633,354,346,692,rock
3624,369,360,695,rock
3627,376,396,676,rock
3630,339,368,703,rock
3631,315,365,717,rock
3663,350,334,693,rock
3628,346,356,698,rock
3628,346,346,687,rock
3623,355,498,730,rock
3622,385,372,696,rock
3604,358,357,703,rock
3606,371,383,713,rock
3631,377,396,656,rock
3630,376,374,719,rock
3630,381,373,703,rock
3602,375,371,715,rock
3620,383,395,681,rock
3618,343,359,703,rock
3605,365,377,699,rock
3759,369,361,702,rock
3616,383,330,676,rock
3631,396,368,712,rock
3643,394,393,659,rock
3637,419,412,683,rock
3626,413,404,672,rock
3629,397,409,668,rock
3644,418,440,707,rock
3634,432,493,757,rock
3659,424,464,730,rock
3635,447,453,738,rock
3635,481,468,751,rock
3636,452,482,759,rock
3642,462,486,771,rock
3642,448,475,756,rock
3635,472,471,749,rock
3628,461,462,746,rock
3636,450,469,746,rock
3616,446,443,715,rock
3640,430,459,729,rock
3647,439,455,738,rock
3645,432,478,749,rock
3619,427,470,735,rock
3700,449,434,712,rock
3642,459,437,715,rock
3637,449,418,699,rock
3633,462,426,698,rock
3629,356,425,689,rock
3631,468,447,698,rock
3665,439,420,694,rock
3632,460,409,683,rock
3631,488,401,688,rock
3625,450,393,658,rock
3628,450,406,676,rock
3630,434,402,667,rock
3632,450,420,683,rock
3631,441,381,719,rock
3631,463,389,673,rock
3621,469,418,693,rock
3622,459,404,683,rock
3647,443,426,697,rock
3641,450,418,698,rock
3643,450,416,676,rock
3629,444,421,685,rock
3602,438,413,677,rock
3629,444,429,704,rock
3634,453,431,714,rock
3621,497,424,700,rock
3653,478,419,687,rock
3629,474,434,688,rock
3661,503,399,689,rock
3646,498,393,667,rock
3634,496,392,667,rock
3631,494,403,695,rock
3628,524,408,688,rock
3610,539,414,694,rock
3644,544,399,700,rock
3631,558,408,701,rock
3630,533,426,704,rock
3629,544,434,703,rock
3630,545,425,698,rock
3637,549,423,702,rock
3628,529,417,689,rock
3629,533,414,697,rock
3625,500,423,700,rock
3627,532,416,694,rock
3633,552,411,698,rock
3615,535,412,686,rock
3628,530,418,690,rock
3607,522,410,675,rock
3629,530,414,695,rock
3636,510,432,702,rock
3661,515,421,707,rock
3632,461,450,730,rock
3628,531,450,726,rock
3647,550,434,721,rock
3633,507,439,722,rock
3630,514,427,710,rock
3635,500,453,726,rock
3626,501,481,748,rock
3619,503,451,734,rock
3635,539,453,726,rock
3628,503,436,712,rock
3634,484,444,713,rock
3631,471,425,713,rock
3623,461,443,711,rock
3631,475,447,719,rock
3628,479,428,698,rock
3628,463,407,695,rock
3657,466,436,706,rock
3641,452,431,709,rock
3632,446,425,693,rock
3645,437,423,697,rock
3622,346,450,710,rock
3634,400,437,698,rock
3617,436,385,673,rock
3659,436,435,701,rock
3589,438,434,693,rock
3633,434,425,679,rock
3630,426,446,713,rock
3633,420,444,721,rock
3606,415,451,721,rock
3612,417,534,722,rock
3634,429,450,713,rock
3639,441,452,727,rock
3642,437,448,718,rock
3627,417,451,724,rock
3629,412,451,722,rock
3634,402,455,728,rock
3630,410,491,750,rock
3634,407,377,734,rock
3627,402,455,727,rock
3622,406,455,724,rock
3643,410,477,744,rock
3634,422,450,723,rock
3650,396,450,704,rock
3615,420,452,722,rock
3630,415,440,702,rock
3606,388,456,706,rock
3627,398,447,712,rock
3621,414,442,705,rock
3653,393,458,737,rock
3618,400,486,748,rock
3634,394,453,719,rock
3650,394,450,715,rock
3631,395,452,712,rock
3629,401,445,716,rock
3635,369,431,708,rock
3630,404,458,724,rock
3639,406,460,723,rock
3631,410,436,717,rock
3628,394,448,711,rock
3630,404,447,724,rock
3630,401,448,699,rock
3636,409,414,694,rock
3665,387,476,728,rock
3630,393,420,697,rock
3628,390,464,709,rock
3620,396,403,683,rock
3611,378,473,714,rock
3630,379,415,695,rock
3619,377,416,676,rock
3628,379,407,679,rock
3633,350,417,674,rock
3623,370,406,680,rock
3630,371,394,666,rock
3630,377,413,677,rock
3636,340,406,674,rock
3637,373,404,667,rock
3641,348,410,672,rock
3657,355,403,657,rock
3637,390,401,674,rock
3621,354,400,655,rock
3624,354,413,674,rock
3633,352,393,645,rock
3616,349,393,651,rock
3655,342,509,726,rock
3618,341,365,684,rock
3643,334,392,660,rock
3618,342,413,676,rock
3505,347,386,650,rock
3631,339,388,664,rock
3648,334,329,667,rock
3629,360,386,662,rock
3629,331,394,644,rock
3608,328,381,705,rock
3619,313,396,678,rock
3600,320,391,667,rock
3632,320,398,669,rock
3627,312,405,664,rock
3619,275,412,674,rock
3625,321,407,665,rock
3637,331,426,689,rock
3614,324,409,676,rock
3659,305,415,689,rock
3606,301,431,703,rock
3648,310,446,719,rock
3635,325,445,720,rock
3629,290,462,730,rock
3609,318,470,741,rock
3626,326,471,744,rock
3648,302,506,758,rock
3625,317,471,750,rock
3628,341,463,736,rock
3632,374,466,729,rock
3649,400,306,689,rock
3587,422,459,724,rock
3613,444,446,726,rock
3635,407,439,710,rock
3655,439,441,710,rock
3634,449,440,707,rock
3600,452,437,708,rock
3740,449,431,717,rock
3625,449,435,704,rock
3661,436,426,699,rock
3637,431,317,686,rock
3631,532,424,711,rock
3608,389,418,687,rock
3643,418,428,690,rock
3666,422,400,657,rock
3628,406,403,669,rock
3631,390,398,672,rock
3624,406,431,689,rock
3623,400,392,659,rock
3625,397,397,663,rock
3632,376,417,664,rock
3640,363,399,664,rock
3602,380,392,661,rock
3631,387,380,697,rock
3631,402,416,689,rock
3649,402,352,696,rock
3635,408,380,709,rock
3630,385,373,720,rock
3603,380,369,703,rock
3733,382,366,717,rock
3629,367,371,714,rock
3616,362,367,718,rock
3610,367,366,707,rock
3647,414,351,703,rock
3634,438,354,701,rock
3626,362,359,708,rock
3611,355,368,693,rock
3655,351,485,737,rock
3655,358,235,659,rock
3624,336,378,697,rock
3625,357,421,668,rock
3618,358,426,678,rock
3651,359,409,670,rock
3634,367,410,666,rock
3631,358,408,663,rock
3626,346,437,693,rock
3651,345,444,710,rock
3627,398,470,742,rock
3635,370,492,763,rock
3625,352,485,751,rock
3588,371,502,772,rock
3633,379,502,766,rock
3606,386,590,774,rock
3631,383,544,742,rock
3629,376,571,766,rock
3634,396,595,778,rock
3629,372,577,767,rock
3611,368,571,768,rock
3629,362,565,759,rock
3638,352,582,770,rock
3642,392,564,770,rock
3629,322,571,769,rock
3625,352,593,776,rock
3629,329,572,745,rock
3627,351,560,743,rock
3615,359,550,761,rock
3630,369,540,725,rock
3633,354,544,721,rock
3631,363,538,745,rock
3633,400,551,745,rock
3631,421,538,744,rock
3640,440,536,732,rock
3645,466,538,732,rock
3662,468,536,742,rock
3626,496,546,748,rock
3632,507,538,751,rock
3623,498,532,734,rock
3631,513,528,722,rock
3644,512,509,768,rock
3627,506,524,737,rock
3609,499,533,744,rock
3621,484,501,759,rock
3631,500,529,725,rock
3641,504,491,746,rock
3627,490,495,777,rock
3629,486,507,790,rock
3626,469,530,723,rock
3630,484,533,756,rock
3627,485,545,740,rock
3615,492,540,739,rock
3614,499,553,749,rock
3625,518,565,766,rock
3633,506,562,779,rock
3599,494,562,752,rock
3616,443,527,761,rock
3820,499,544,740,rock
3604,502,597,794,rock
3630,513,517,740,rock
3568,518,541,753,rock
3628,514,525,745,rock
3629,510,544,731,rock
3631,486,561,754,rock
3646,508,558,778,rock
3633,509,584,771,rock
3631,468,581,800,rock
3631,489,592,788,rock
3614,477,422,755,rock
3632,481,598,808,rock
3649,483,533,772,rock
3636,587,615,832,rock
3597,473,598,818,rock
3632,472,623,838,rock
3625,471,606,812,rock
3614,448,576,780,rock
3632,453,580,781,rock
3633,436,546,761,rock
3669,447,577,783,rock
3640,470,540,751,rock
3635,430,541,751,rock
3624,438,565,766,rock
3632,437,579,777,rock
3658,431,558,768,rock
3624,427,556,759,rock
3630,450,522,728,rock
3631,419,559,756,rock
3645,414,523,717,rock
3632,406,524,717,rock
3633,415,503,755,rock
3627,412,518,716,rock
3615,401,510,760,rock
3638,417,507,765,rock
3628,456,514,731,rock
3626,472,492,758,rock
3614,522,497,784,rock
3635,496,508,781,rock
3630,463,505,753,rock
3633,534,579,762,rock
3644,555,488,767,rock
3632,538,486,776,rock
3637,528,502,797,rock
3611,514,522,747,rock
3683,539,504,759,rock
3641,491,497,775,rock
3648,513,492,776,rock
3560,513,486,787,rock
3630,503,484,762,rock
3631,506,454,754,rock
3625,508,489,758,rock
3648,486,576,765,rock
3632,499,471,767,rock
3626,492,467,738,rock
3631,523,500,764,rock
3635,513,472,741,rock
3605,519,487,771,rock
3639,512,474,760,rock
3627,488,473,766,rock
3625,459,506,779,rock
3627,463,502,769,rock
3623,445,500,780,rock
3636,472,497,774,rock
3638,464,512,730,rock
3627,465,488,758,rock
3623,479,488,758,rock
3653,489,504,773,rock
3667,499,525,734,rock
3631,502,528,730,rock
3635,498,571,747,rock
3630,494,551,751,rock
3613,480,534,734,rock
3624,500,518,733,rock
3632,482,501,759,rock
3631,476,489,766,rock
3629,469,503,788,rock
3651,462,472,743,rock
3607,457,485,750,rock
3631,426,492,774,rock
3649,457,473,754,rock
3629,415,508,760,rock
3635,471,533,733,rock
3600,466,554,748,rock
3650,459,482,768,rock
3630,463,565,769,rock
3628,478,656,785,rock
3633,485,621,831,rock
3629,502,636,839,rock
3609,492,614,811,rock
3645,493,572,800,rock
3632,530,629,850,rock
3630,506,639,841,rock
3689,489,638,846,rock
3637,471,621,836,rock
3614,514,620,821,rock
3631,509,634,835,rock
3618,496,612,829,rock
3631,494,612,827,rock
3630,468,613,807,rock
3630,473,618,826,rock
3629,486,638,846,rock
3610,486,622,840,rock
3631,470,636,837,rock
3628,466,617,824,rock
3633,459,621,829,rock
3626,437,602,813,rock
3619,452,597,817,rock
3627,452,598,819,rock
3631,452,605,822,rock
3662,468,607,817,rock
3624,477,598,804,rock
3624,470,584,787,rock
3628,475,576,783,rock
3633,466,584,779,rock
3623,487,589,784,rock
3655,487,705,814,rock
3612,494,584,794,rock
3630,472,592,780,rock
3662,490,571,771,rock
3615,504,559,770,rock
3602,484,554,759,rock
3649,494,544,743,rock
3613,476,537,730,rock
3629,501,562,752,rock
3603,524,483,745,rock
3611,554,526,738,rock
3628,582,522,726,rock
3619,601,544,741,rock
3659,580,513,750,rock
3643,592,508,793,rock
3647,639,502,791,rock
3637,645,494,796,rock
3620,678,493,798,rock
3633,657,489,788,rock
3645,639,482,775,rock
3635,640,480,773,rock
3599,624,487,774,rock
3629,627,479,776,rock
3629,627,474,765,rock
3634,588,504,770,rock
3633,580,472,757,rock
3645,601,471,772,rock
3599,597,489,766,rock
3631,630,519,738,rock
3638,624,486,781,rock
3612,598,485,773,rock
3638,592,443,755,rock
3647,561,492,782,rock
3631,592,518,723,rock
3630,576,531,725,rock
3613,550,546,764,rock
3633,556,476,741,rock
3614,554,507,786,rock
3627,547,495,774,rock
3632,556,496,776,rock
3629,538,498,777,rock
3623,540,509,785,rock
3617,548,484,772,rock
3630,537,490,764,rock
3622,532,515,742,rock
3612,520,493,773,rock
3707,544,467,758,rock
3630,514,504,769,rock
3632,512,449,733,rock
3649,522,469,754,rock
3636,499,470,769,rock
3631,494,490,772,rock
3647,517,512,738,rock
3629,506,512,712,rock
3611,477,514,732,rock
3621,470,529,716,rock
3630,483,561,754,rock
3630,464,543,760,rock
3623,460,552,754,rock
3649,459,565,780,rock
3628,460,567,777,rock
3628,465,588,782,rock
3636,479,570,777,rock
3606,453,397,716,rock
3619,444,556,751,rock
3613,434,554,741,rock
3623,431,537,731,rock
3528,471,527,736,rock
3635,461,475,732,rock
3631,460,515,715,rock
3619,414,523,725,rock
3686,457,508,784,rock
3629,458,502,786,rock
3607,452,503,783,rock
3637,450,489,758,rock
3618,425,483,758,rock
3630,469,477,754,rock
3627,450,478,752,rock
3631,429,467,736,rock
3625,463,460,736,rock
3620,444,483,745,rock
3630,454,449,716,rock
3607,443,451,718,rock
3656,445,444,716,rock
3604,483,413,704,rock
3741,499,447,732,rock
3625,528,438,715,rock
3626,503,436,711,rock
3631,525,445,711,rock
3627,523,434,699,rock
3629,587,399,701,rock
3599,563,413,697,rock
3675,557,409,678,rock
3602,555,409,676,rock
3729,561,399,691,rock
3629,539,408,686,rock
3629,548,404,679,rock
3631,531,401,663,rock
3629,530,402,672,rock
3551,524,395,674,rock
3629,524,402,675,rock
3632,531,376,704,rock
3627,539,395,667,rock
3621,512,381,737,rock
3645,509,381,736,rock
3627,497,372,725,rock
3633,498,369,713,rock
3629,493,355,698,rock
3590,507,353,688,rock
3629,526,357,712,rock
3648,499,347,696,rock
3630,500,353,698,rock
3649,495,355,698,rock
3630,494,358,710,rock
3591,488,365,710,rock
3605,477,336,673,rock
3597,475,380,705,rock
3660,468,386,667,rock
3632,462,398,668,rock
3628,470,393,660,rock
3631,452,405,688,rock
3630,455,422,695,rock
3633,448,417,697,rock
3627,463,402,684,rock
3632,439,451,724,rock
3622,464,460,720,rock
3626,445,477,751,rock
3628,442,467,736,rock
3630,426,432,698,rock
3639,428,468,739,rock
3628,429,465,732,rock
3624,430,459,733,rock
3629,423,447,728,rock
3637,415,452,719,rock
3630,419,450,717,rock
3632,414,440,700,rock
3632,422,437,704,rock
3641,369,430,710,rock
3635,417,445,708,rock
3656,418,434,698,rock
3623,422,417,682,rock
3608,402,414,686,rock
3637,412,421,683,rock
3631,420,411,675,rock
3609,416,385,657,rock
3612,413,397,671,rock
3629,412,432,679,rock
3638,409,388,654,rock
3639,420,382,705,rock
3631,392,395,663,rock
3613,397,426,681,rock
3629,395,384,660,rock
3638,390,439,700,rock
3627,387,410,666,rock
3633,389,412,670,rock
3621,373,410,679,rock
3631,382,426,689,rock
3628,377,425,692,rock
3617,368,437,700,rock
3633,375,412,687,rock
3652,369,428,693,rock
3626,361,409,692,rock
3614,407,460,723,rock
3612,374,443,721,rock
3626,328,463,737,rock
3627,350,460,712,rock
3628,352,479,750,rock
3616,374,468,748,rock
3621,372,491,752,rock
3635,388,448,725,rock
3630,322,488,736,rock
3635,351,473,720,rock
3629,457,462,750,rock
3631,358,516,732,rock
3635,364,492,766,rock
3615,363,501,781,rock
3635,360,508,782,rock
3602,355,478,750,rock
3633,350,551,764,rock
3629,347,495,774,rock
3628,348,528,728,rock
3626,348,495,759,rock
3626,363,509,759,rock
3647,351,485,760,rock
3615,347,504,762,rock
3631,349,494,769,rock
3622,331,485,762,rock
3634,342,480,748,rock
3629,356,460,740,rock
3624,327,497,751,rock
3628,336,468,746,rock
3638,317,490,759,rock
3656,359,484,743,rock
3628,359,470,751,rock
3636,358,475,748,rock
3625,345,470,741,rock
3628,383,474,723,rock
3616,420,452,725,rock
3603,427,508,766,rock
3604,454,451,728,rock
3633,445,450,713,rock
3629,472,438,711,rock
3629,481,434,701,rock
3635,502,426,703,rock
3625,490,429,700,rock
3645,502,422,702,rock
3633,514,418,699,rock
3628,489,423,698,rock
3656,481,283,655,rock
3627,456,425,692,rock
3604,477,413,682,rock
3643,442,418,676,rock
3637,474,414,694,rock
3617,460,433,699,rock
3630,456,436,698,rock
3621,471,432,692,rock
3627,472,429,703,rock
3630,490,441,694,rock
3646,496,433,703,rock
3631,488,398,682,rock
3641,460,412,675,rock
3825,486,414,681,rock
3666,475,391,683,rock
3649,473,421,695,rock
3646,458,465,715,rock
3650,466,438,719,rock
3633,466,438,710,rock
3597,460,463,741,rock
3626,454,500,779,rock
3633,469,505,755,rock
3632,466,501,773,rock
3630,499,510,780,rock
3628,467,503,785,rock
3634,478,528,733,rock
3631,481,483,751,rock
3633,484,497,757,rock
3630,459,493,775,rock
3621,469,490,770,rock
3624,453,474,751,rock
3662,462,482,751,rock
3630,462,458,742,rock
3627,508,352,718,rock
3655,503,461,745,rock
3605,503,465,730,rock
3611,494,478,761,rock
3631,501,454,731,rock
3612,489,457,725,rock
3605,478,460,728,rock
3638,495,443,720,rock
3635,498,449,712,rock
3630,480,402,686,rock
3628,474,429,706,rock
3643,469,410,687,rock
3628,475,456,707,rock
3665,455,426,676,rock
3608,480,434,692,rock
3633,472,405,680,rock
3655,485,402,680,rock
3632,466,441,690,rock
3651,484,418,689,rock
3670,447,407,669,rock
3630,457,445,707,rock
3633,536,422,698,rock
3630,448,402,681,rock
3628,456,404,683,rock
3628,454,412,681,rock
3641,441,387,668,rock
3624,449,419,693,rock
3631,457,399,692,rock
3612,428,432,699,rock
3602,431,425,689,rock
3637,430,433,689,rock
3630,424,406,686,rock
3620,425,429,704,rock
3621,397,427,696,rock
3641,430,395,676,rock
3613,418,416,682,rock
3618,448,424,684,rock
3629,463,423,710,rock
3643,441,523,711,rock
3644,458,436,703,rock
3635,430,447,728,rock
3612,469,438,713,rock
3609,462,443,715,rock
3631,459,443,709,rock
3624,459,425,687,rock
3635,454,401,671,rock
3630,441,429,694,rock
3629,440,416,697,rock
3632,424,419,697,rock
3631,432,439,705,rock
3629,419,414,679,rock
3629,509,389,682,rock
3633,393,407,686,rock
3627,416,412,677,rock
3613,410,360,678,rock
3635,287,401,665,rock
3629,418,408,658,rock
3631,409,400,665,rock
3643,405,394,667,rock
3646,402,391,677,rock
3656,403,358,683,rock
3628,417,370,712,rock
3629,396,384,663,rock
3623,437,411,675,rock
3619,441,436,695,rock
3645,447,406,688,rock
3617,447,391,687,rock
3636,448,400,673,rock
3652,446,402,678,rock
3615,443,572,719,rock
3610,442,414,679,rock
3608,441,425,687,rock
3656,435,419,687,rock
3653,437,416,673,rock
3624,446,413,678,rock
3642,428,375,707,rock
3571,401,422,680,rock
3621,443,420,687,rock
3629,420,413,681,rock
3631,309,436,699,rock
3602,411,448,710,rock
3625,413,444,710,rock
3628,419,451,722,rock
3762,422,445,716,rock
3629,419,448,718,rock
3628,409,437,711,rock
3620,375,445,707,rock
3642,402,426,692,rock
3650,428,432,688,rock
3661,434,446,710,rock
3619,438,421,697,rock
3755,407,435,705,rock
3630,406,436,703,rock
3612,434,449,711,rock
3635,453,446,729,rock
3634,474,497,744,rock
3652,465,358,713,rock
3797,493,434,706,rock
3635,501,420,693,rock
3630,486,447,726,rock
3624,495,456,718,rock
3631,474,454,737,rock
3656,482,443,733,rock
3629,505,470,759,rock
3625,506,490,761,rock
3632,516,477,754,rock
3627,522,475,751,rock
3630,526,463,751,rock
3627,516,407,713,rock
3661,515,432,716,rock
3656,494,476,743,rock
3632,502,447,732,rock
3624,491,452,720,rock
3631,486,449,721,rock
3633,382,442,713,rock
3630,488,456,735,rock
3616,474,439,721,rock
3630,477,425,696,rock
3637,472,420,696,rock
3632,476,433,708,rock
3642,483,422,699,rock
3635,466,425,699,rock
3627,460,418,681,rock
3615,437,392,668,rock
3628,453,403,674,rock
3587,449,415,686,rock
3604,431,414,686,rock
3626,443,387,661,rock
3644,452,345,679,rock
3617,464,381,700,rock
3616,446,400,664,rock
3620,449,396,664,rock
3611,436,410,665,rock
3638,444,393,653,rock
3627,453,394,684,rock
3611,446,409,672,rock
3624,459,399,679,rock
3633,449,390,662,rock
3628,468,357,691,rock
3611,473,368,686,rock
3631,492,389,660,rock
3629,523,386,674,rock
3632,506,390,668,rock
3633,503,388,685,rock
3632,488,337,683,rock
3627,484,384,686,rock
3665,434,380,718,rock
3656,451,407,688,rock
3629,472,400,673,rock
3627,441,405,682,rock
3629,460,433,679,rock
3631,453,392,653,rock
3599,460,396,677,rock
3617,467,434,683,rock
3628,466,416,676,rock
3629,502,420,696,rock
3629,477,427,698,rock
3629,459,436,706,rock
3609,504,429,710,rock
3627,475,431,702,rock
3608,463,466,730,rock
3633,471,439,735,rock
3639,469,450,722,rock
3622,491,444,714,rock
3649,376,455,730,rock
3635,456,436,717,rock
3631,454,429,719,rock
3610,436,462,736,rock
3642,473,460,744,rock
3627,460,459,735,rock
3628,470,494,766,rock
3633,465,481,742,rock
3629,466,466,743,rock
3591,461,486,755,rock
3631,458,492,761,rock
3630,445,472,744,rock
3629,466,472,746,rock
3606,446,491,762,rock
3628,415,495,758,rock
3652,445,491,768,rock
3646,459,493,764,rock
3635,480,456,745,rock
3630,476,500,767,rock
3495,437,475,738,rock
3639,445,453,739,rock
3653,444,456,720,rock
3630,420,454,732,rock
3634,437,450,714,rock
3631,426,451,725,rock
3643,417,502,761,rock
3640,431,455,727,rock
3629,446,440,710,rock
3623,460,438,715,rock
3652,482,552,730,rock
3636,469,447,729,rock
3632,458,409,698,rock
3549,476,433,712,rock
3768,479,447,738,rock
3633,471,464,739,rock
3619,461,446,734,rock
3634,437,469,740,rock
3601,462,444,730,rock
3629,463,450,733,rock
3631,456,481,764,rock
3653,450,599,774,rock
3643,464,472,748,rock
3627,437,477,756,rock
3611,449,466,744,rock
3627,467,481,742,rock
3631,462,480,758,rock
3629,446,456,727,rock
3615,442,475,745,rock
3629,445,464,737,rock
3602,442,473,733,rock
3633,447,459,728,rock
3625,420,448,716,rock
3632,483,439,723,rock
3629,444,436,720,rock
3655,440,436,714,rock
3632,443,436,708,rock
3629,437,430,704,rock
3628,435,394,678,rock
3627,427,440,701,rock
3631,409,426,687,rock
3632,425,426,702,rock
3631,430,432,702,rock
3627,394,436,701,rock
3596,430,442,697,rock
3608,417,442,702,rock
3613,433,430,710,rock
3619,455,434,698,rock
3651,425,418,691,rock
3632,415,423,695,rock
3627,422,415,695,rock
3633,410,396,654,rock
3673,443,398,687,rock
3629,425,406,673,rock
3632,419,409,677,rock
3626,402,407,688,rock
3625,398,422,690,rock
3629,406,442,706,rock
3609,404,404,686,rock
3629,404,456,717,rock
3598,406,431,712,rock
3618,404,433,694,rock
3639,399,432,690,rock
3627,405,402,675,rock
3620,408,452,704,rock
3622,416,388,653,rock
3627,409,415,687,rock
3628,409,435,687,rock
3599,399,410,671,rock
3658,395,434,693,rock
3605,395,439,695,rock
3638,555,420,686,rock
3631,409,406,686,rock
3603,416,428,694,rock
3633,413,415,689,rock
3631,416,415,691,rock
3619,417,411,681,rock
3753,398,423,703,rock
3630,390,406,685,rock
3661,388,397,664,rock
3631,506,385,666,rock
3630,390,411,680,rock
3617,375,424,675,rock
3651,391,278,649,rock
3655,394,264,639,rock
3634,522,415,711,rock
3627,424,422,691,rock
3632,370,418,683,rock
3652,426,400,663,rock
3632,443,373,714,rock
3648,460,398,663,rock
3635,424,405,672,rock
3631,426,418,680,rock
3538,427,408,683,rock
3629,418,418,675,rock
3628,420,426,692,rock
3631,427,433,696,rock
3626,432,437,703,rock
3603,431,417,676,rock
3623,422,416,684,rock
3631,421,410,680,rock
3609,416,414,679,rock
3632,398,406,674,rock
3629,408,412,680,rock
3640,444,382,717,rock
3632,343,419,683,rock
3652,457,409,669,rock
3626,450,406,684,rock
3624,459,410,674,rock
3631,463,383,713,rock
3630,459,390,666,rock
3638,454,420,682,rock
3488,450,391,671,rock
3631,441,398,689,rock
3628,445,399,681,rock
3632,449,385,670,rock
3629,462,382,705,rock
3616,434,392,673,rock
3639,434,416,695,rock
3644,438,363,682,rock
3627,426,382,714,rock
3630,426,420,679,rock
3628,416,398,690,rock
3627,419,391,672,rock
3627,429,413,684,rock
3620,420,416,678,rock
3641,438,419,685,rock
3650,439,409,666,rock
3632,436,408,666,rock
3633,457,400,683,rock
3647,445,416,676,rock
3605,441,409,671,rock
3631,427,428,668,rock
3643,432,379,706,rock
3604,420,401,665,rock
3624,418,414,696,rock
3630,405,422,692,rock
3623,411,445,730,rock
3632,400,436,718,rock
3640,396,497,752,rock
3625,407,469,747,rock
3635,388,493,764,rock
3630,387,534,721,rock
3641,384,535,731,rock
3630,377,531,716,rock
3652,379,538,739,rock
3629,375,526,723,rock
3626,379,490,734,rock
3632,361,492,753,rock
3634,359,490,744,rock
3637,355,509,782,rock
3621,350,490,760,rock
3631,234,492,760,rock
3627,351,493,767,rock
3631,346,499,768,rock
3649,333,487,751,rock
3647,354,480,740,rock
3619,301,450,723,rock
3630,380,460,736,rock
3627,388,598,770,rock
3630,388,474,737,rock
3629,388,483,734,rock
3615,378,452,710,rock
3646,380,463,728,rock
3626,389,439,707,rock
3629,392,427,688,rock
3656,401,291,655,rock
3629,414,417,681,rock
3632,418,435,695,rock
3660,425,428,687,rock
3662,424,421,691,rock
3625,419,415,684,rock
3629,422,419,692,rock
3633,417,409,668,rock
3663,422,404,670,rock
3630,425,401,666,rock
3629,411,400,663,rock
3634,409,404,678,rock
3631,406,402,667,rock
3639,450,384,648,rock
3608,402,537,722,rock
3632,401,370,713,rock
3626,396,374,726,rock
3632,319,370,711,rock
3621,425,362,705,rock
3652,455,379,718,rock
3618,485,354,689,rock
3631,493,356,712,rock
3626,479,338,693,rock
3630,487,381,710,rock
3605,494,387,682,rock
3626,505,335,692,rock
3620,502,339,687,rock
3636,523,337,678,rock
3638,486,331,676,rock
3638,479,306,659,rock
3618,483,359,698,rock
3626,476,305,648,rock
3628,476,322,662,rock
3606,449,332,669,rock
3632,572,292,653,rock
3642,461,290,636,rock
3628,446,314,660,rock
3618,460,309,659,rock
3630,488,317,666,rock
3600,519,340,677,rock
3609,523,344,685,rock
3631,513,315,672,rock
3631,515,320,660,rock
3637,532,238,678,rock
3631,553,349,688,rock
3617,555,334,682,rock
3708,549,336,676,rock
3623,547,351,698,rock
3619,538,387,680,rock
3629,545,353,704,rock
3628,534,351,698,rock
3645,522,349,692,rock
3617,516,354,694,rock
3528,516,349,703,rock
3634,483,352,692,rock
3565,532,337,691,rock
3652,493,342,695,rock
3632,537,344,688,rock
3654,512,340,682,rock
3622,522,310,678,rock
3633,501,336,680,rock
3629,530,348,697,rock
3617,489,360,701,rock
3606,499,364,704,rock
3673,487,360,697,rock
3636,478,363,716,rock
3647,503,384,683,rock
3629,474,381,733,rock
3619,485,375,728,rock
3612,497,395,697,rock
3675,515,383,739,rock
3630,510,374,727,rock
3631,527,367,734,rock
3628,533,375,732,rock
3631,548,341,705,rock
3629,550,339,698,rock
3630,554,351,720,rock
3649,552,335,698,rock
3649,546,332,693,rock
3639,544,349,697,rock
3636,537,349,695,rock
3604,527,297,662,rock
3631,527,332,684,rock
3633,518,361,698,rock
3629,408,341,695,rock
3623,543,339,689,rock
3613,522,350,698,rock
3608,530,320,666,rock
3630,531,328,675,rock
3640,519,345,672,rock
3630,497,323,667,rock
3628,509,328,665,rock
3632,506,310,668,rock
3612,479,318,658,rock
3629,473,312,644,rock
3621,514,316,674,rock
3631,498,323,671,rock
3626,488,326,673,rock
3635,485,332,677,rock
3634,532,331,677,rock
3631,501,327,683,rock
3628,485,329,669,rock
3639,492,324,675,rock
3761,476,324,666,rock
3623,471,336,677,rock
3606,490,334,689,rock
3629,480,331,678,rock
3622,457,332,669,rock
3634,560,340,677,rock
3629,466,326,687,rock
3637,461,340,684,rock
3624,468,354,700,rock
3639,482,334,692,rock
3621,485,365,710,rock
3629,471,343,692,rock
3617,488,351,703,rock
3657,475,452,700,rock
3617,479,342,696,rock
3629,446,395,696,rock
3640,480,390,656,rock
3632,459,396,681,rock
3626,455,380,703,rock
3614,449,529,710,rock
3630,456,381,719,rock
3635,437,374,722,rock
3629,435,381,731,rock
3715,425,382,716,rock
3620,431,358,715,rock
3634,425,359,707,rock
3629,416,379,708,rock
3648,429,354,706,rock
3626,429,387,671,rock
3632,457,409,666,rock
3605,480,382,734,rock
3637,495,377,716,rock
3637,503,377,722,rock
3663,494,367,698,rock
3634,505,399,701,rock
3613,506,377,710,rock
3599,516,402,697,rock
3550,508,374,711,rock
3635,541,371,723,rock
3627,576,392,669,rock
3646,500,361,722,rock
3607,481,365,717,rock
3682,486,367,722,rock
3642,484,346,692,rock
3630,503,358,712,rock
3627,504,344,674,rock
3633,513,355,702,rock
3648,512,344,687,rock
3633,498,374,719,rock
3622,520,363,701,rock
3667,495,363,700,rock
3630,511,335,690,rock
3619,618,331,682,rock
3628,529,338,670,rock
3633,516,339,680,rock
3717,520,327,676,rock
3629,532,324,669,rock
3658,512,325,667,rock
3631,503,310,666,rock
3619,511,323,667,rock
3630,494,322,663,rock
3617,487,156,617,rock
3618,382,331,662,rock
3636,473,257,625,rock
3642,469,325,668,rock
3482,459,309,657,rock
3627,386,310,649,rock
3629,471,301,630,rock
3610,450,279,641,rock
3606,459,307,650,rock
3640,446,306,651,rock
3664,462,308,651,rock
3624,490,303,654,rock
3625,505,308,658,rock
3636,518,313,663,rock
3627,525,326,666,rock
3610,516,307,650,rock
3644,545,282,632,rock
3635,546,302,654,rock
3653,539,305,639,rock
3631,547,303,655,rock
3628,542,276,640,rock
3631,537,325,672,rock
3639,680,322,672,rock
3616,517,318,669,rock
3657,534,324,662,rock
3621,530,318,665,rock
3624,517,298,652,rock
3629,514,326,671,rock
3635,503,285,661,rock
3629,499,300,655,rock
3627,467,326,677,rock
3629,490,338,674,rock
3631,489,311,670,rock
3601,486,331,676,rock
3610,477,320,654,rock
3620,450,324,671,rock
3644,483,320,658,rock
3628,468,323,676,rock
3615,463,318,667,rock
3618,573,322,663,rock
3630,472,292,653,rock
3623,469,317,660,rock
3621,489,316,656,rock
3669,446,337,668,rock
3630,448,324,666,rock
3629,447,341,682,rock
3630,468,341,677,rock
3637,436,360,701,rock
3628,449,353,693,rock
3651,440,346,684,rock
3642,451,332,693,rock
3628,441,365,699,rock
3628,451,351,700,rock
3628,439,377,704,rock
3639,446,371,710,rock
3631,447,360,702,rock
3620,445,377,706,rock
3626,404,367,710,rock
3603,428,369,706,rock
3642,426,385,680,rock
3625,399,364,710,rock
3618,414,362,696,rock
3635,408,346,692,rock
3629,420,349,698,rock
3679,405,369,700,rock
3637,413,347,687,rock
3629,402,349,689,rock
3626,390,343,696,rock
3610,419,346,691,rock
3621,450,346,692,rock
3638,484,388,675,rock
3620,507,340,688,rock
3655,509,455,712,rock
3630,518,342,696,rock
3658,518,357,704,rock
3628,544,354,708,rock
3614,564,351,717,rock
3629,544,367,729,rock
3630,520,392,682,rock
3632,528,367,722,rock
3632,541,359,720,rock
3631,517,366,711,rock
3619,528,363,720,rock
3634,537,397,678,rock
3639,545,408,675,rock
3630,524,384,670,rock
3650,506,396,662,rock
3636,513,390,673,rock
3627,503,281,666,rock
3629,523,382,731,rock
3626,555,373,726,rock
3621,558,389,689,rock
3595,564,392,671,rock
3631,553,387,673,rock
3597,553,419,710,rock
3645,545,439,716,rock
3631,532,436,712,rock
3633,600,445,727,rock
3629,534,461,761,rock
3628,533,489,768,rock
3620,530,556,755,rock
3629,533,518,740,rock
3629,526,512,747,rock
3619,450,487,760,rock
3663,513,523,725,rock
3620,518,518,734,rock
3629,498,526,737,rock
3634,504,514,716,rock
3623,505,532,734,rock
3621,506,533,729,rock
3648,493,473,736,rock
3661,496,536,734,rock
3623,525,523,735,rock
3629,540,545,743,rock
3645,532,534,737,rock
3629,570,505,773,rock
3632,579,532,741,rock
3637,575,502,784,rock
3642,575,524,732,rock
3625,594,508,772,rock
3636,580,520,736,rock
3607,584,698,775,rock
3628,596,524,737,rock
3626,587,521,738,rock
3644,589,524,732,rock
3629,585,524,727,rock
3636,576,530,740,rock
3629,594,518,731,rock
3630,576,516,722,rock
3627,574,531,748,rock
3643,568,519,754,rock
3637,573,514,746,rock
3633,580,521,755,rock
3630,578,499,781,rock
3646,550,494,784,rock
3635,577,519,757,rock
3629,558,478,764,rock
3632,554,489,765,rock
3634,532,475,751,rock
3627,538,470,766,rock
3640,542,468,744,rock
3628,533,460,750,rock
3641,517,399,724,rock
3583,513,467,743,rock
3648,522,440,718,rock
3603,587,474,760,rock
3641,514,484,757,rock
3625,503,458,743,rock
3613,477,458,737,rock
3628,504,428,709,rock
3622,482,458,728,rock
3630,483,470,771,rock
3647,481,482,758,rock
3634,470,479,771,rock
3627,470,484,758,rock
3632,465,485,757,rock
3627,462,507,763,rock
3629,460,469,750,rock
3640,456,459,727,rock
3638,436,457,739,rock
3637,488,466,747,rock
3632,495,464,741,rock
3631,453,490,753,rock
3627,548,458,726,rock
3630,424,447,736,rock
3632,431,458,728,rock
3623,425,463,736,rock
3631,441,480,757,rock
3766,441,494,759,rock
3634,407,489,769,rock
3628,447,516,747,rock
3635,429,507,774,rock
3628,467,508,785,rock
3640,451,501,762,rock
3633,441,502,759,rock
3633,448,508,756,rock
3627,455,512,729,rock
3634,459,489,761,rock
3706,442,514,696,rock
3639,451,501,788,rock
3634,441,512,724,rock
3529,455,496,776,rock
3631,428,493,760,rock
3631,443,514,727,rock
3617,448,496,762,rock
3630,445,467,743,rock
3629,443,475,751,rock
3644,466,472,736,rock
3596,433,485,748,rock
3633,433,439,731,rock
3641,452,482,747,rock
3611,429,476,751,rock
3627,462,485,766,rock
3629,464,490,764,rock
3630,489,481,769,rock
3641,526,473,758,rock
3629,501,496,770,rock
3627,500,517,723,rock
3647,490,542,733,rock
3621,493,539,744,rock
3646,536,512,717,rock
3643,522,523,733,rock
3620,527,506,760,rock
3630,556,509,764,rock
3631,526,488,758,rock
3639,512,605,791,rock
3497,483,492,767,rock
3634,502,497,765,rock
3626,494,501,776,rock
3641,511,449,747,rock
3629,489,476,760,rock
3659,480,486,762,rock
3643,505,508,768,rock
3769,474,467,743,rock
3641,474,422,723,rock
3628,465,469,754,rock
3624,458,475,746,rock
3615,493,461,743,rock
3625,516,461,742,rock
3633,473,454,731,rock
3632,487,431,726,rock
3769,490,467,748,rock
3630,481,459,734,rock
3631,487,493,766,rock
3627,477,486,770,rock
3659,473,490,759,rock
3628,469,472,751,rock
3624,472,437,729,rock
3631,487,473,744,rock
3635,479,486,776,rock
3635,513,502,792,rock
3606,552,493,770,rock
3623,503,488,766,rock
3646,495,482,758,rock
3663,491,479,755,rock
3599,487,471,753,rock
3627,467,471,758,rock
3730,478,483,769,rock
3640,464,473,756,rock
3625,463,477,751,rock
3627,495,478,766,rock
3613,453,486,762,rock
3634,514,478,776,rock
3628,483,469,753,rock
3628,477,474,750,rock
3632,474,468,745,rock
3631,475,478,753,rock
3634,487,482,747,rock
3621,478,344,703,rock
3631,485,448,720,rock
3696,489,454,739,rock
3627,465,446,731,rock
3652,457,419,701,rock
3626,456,431,694,rock
3626,481,435,710,rock
3629,455,440,727,rock
3651,489,417,692,rock
3628,533,439,718,rock
3629,559,456,722,rock
3630,582,425,703,rock
3634,586,446,717,rock
3627,614,292,672,rock
3632,603,307,679,rock
3589,602,412,687,rock
3595,598,394,688,rock
3617,592,407,689,rock
3627,585,400,674,rock
3629,595,371,708,rock
3611,597,390,677,rock
3631,602,467,730,rock
3614,617,392,669,rock
3601,617,392,687,rock
3635,620,389,691,rock
3628,611,391,675,rock
3629,613,386,688,rock
3640,618,421,699,rock
3654,634,256,637,rock
3643,655,386,681,rock
3623,630,378,728,rock
3637,623,377,712,rock
3613,616,372,733,rock
3620,605,371,732,rock
3629,602,384,682,rock
3629,568,449,706,rock
3641,584,432,715,rock
3629,570,449,733,rock
3646,576,443,726,rock
3628,564,558,747,rock
3645,571,464,754,rock
3650,576,495,773,rock
3637,526,496,771,rock
3614,539,509,789,rock
3636,540,485,782,rock
3631,530,450,740,rock
3628,520,480,754,rock
3616,516,478,758,rock
3638,540,462,748,rock
3630,500,472,754,rock
3647,509,503,776,rock
3639,526,460,744,rock
3602,549,480,748,rock
3622,561,492,753,rock
3629,559,465,744,rock
3631,547,458,744,rock
3640,548,454,735,rock
3627,559,483,743,rock
3640,566,447,737,rock
3615,556,455,730,rock
3633,558,439,723,rock
3639,540,463,742,rock
3615,557,479,755,rock
3621,548,474,741,rock
3638,570,445,723,rock
3643,581,437,720,rock
3621,601,428,718,rock
3632,591,442,714,rock
3631,606,417,706,rock
3632,589,447,728,rock
3626,583,438,716,rock
3605,573,433,704,rock
3633,581,424,702,rock
3624,592,390,684,rock
3630,580,415,697,rock
3641,568,411,685,rock
3630,563,410,681,rock
3629,564,407,692,rock
3640,592,399,699,rock
3643,595,420,712,rock
3636,567,437,711,rock
3636,563,407,693,rock
3620,526,403,680,rock
3635,549,401,674,rock
3625,538,410,672,rock
3654,536,396,681,rock
3612,533,424,688,rock
3638,524,359,699,rock
3639,548,399,674,rock
3632,518,394,656,rock
3631,521,392,674,rock
3634,510,389,675,rock
3632,617,382,723,rock
3628,503,384,688,rock
3632,497,373,708,rock
3627,490,398,689,rock
3627,495,389,678,rock
3637,497,446,706,rock
3629,524,444,716,rock
3671,535,468,737,rock
3628,536,449,726,rock
3629,571,474,733,rock
3633,543,509,754,rock
3497,514,442,703,rock
3602,530,441,721,rock
3630,520,444,722,rock
3646,542,456,726,rock
3630,555,464,741,rock
3628,583,472,759,rock
3648,579,487,786,rock
3614,575,325,724,rock
3602,576,446,749,rock
3632,559,480,753,rock
3645,532,469,762,rock
3655,552,466,751,rock
3629,542,446,738,rock
3642,534,444,729,rock
3629,538,440,707,rock
3628,520,433,709,rock
3630,517,429,719,rock
3631,522,428,716,rock
3631,513,450,724,rock
3624,544,432,720,rock
3630,541,469,747,rock
3608,545,450,730,rock
3637,538,452,729,rock
3633,607,463,747,rock
3640,506,454,730,rock
3632,561,450,725,rock
3615,553,447,729,rock
3627,553,458,727,rock
3628,569,430,715,rock
3637,591,432,706,rock
3627,567,428,705,rock
3630,585,421,706,rock
3593,592,415,695,rock
3632,614,407,694,rock
3628,537,420,692,rock
3625,643,401,674,rock
3655,597,400,673,rock
3659,609,383,729,rock
3630,659,391,684,rock
3632,678,392,670,rock
3628,687,388,674,rock
3630,665,406,690,rock
3648,673,461,727,rock
3659,685,362,708,rock
3665,695,360,725,rock
3629,699,370,726,rock
3639,776,374,734,rock
3632,678,381,742,rock
3637,650,360,724,rock
3617,659,390,686,rock
3636,648,414,718,rock
3635,637,415,701,rock
3629,647,429,697,rock
3630,661,402,691,rock
3620,685,407,699,rock
3628,718,403,695,rock
3633,738,371,718,rock
3631,740,403,710,rock
3606,708,396,689,rock
3636,742,392,701,rock
3627,766,402,688,rock
3629,795,410,711,rock
3612,796,429,726,rock
3659,775,476,766,rock
3633,775,475,776,rock
3629,772,456,740,rock
3646,771,445,746,rock
3641,759,435,733,rock
3630,770,436,729,rock
3627,754,434,724,rock
3626,771,436,720,rock
3643,735,505,761,rock
3630,711,427,720,rock
3656,715,430,719,rock
3625,698,421,715,rock
3628,723,422,717,rock
3631,753,413,707,rock
3761,820,418,702,rock
3627,879,425,729,rock
3631,929,419,739,rock
3655,922,425,742,rock
3620,927,428,744,rock
3642,1018,418,744,rock
3625,1064,420,751,rock
3608,1095,437,756,rock
3630,1097,434,746,rock
3628,1098,421,751,rock
3627,1079,423,755,rock
3631,1073,409,733,rock
3629,1065,427,743,rock
3631,1036,422,745,rock
3628,1014,431,750,rock
3664,1019,423,736,rock
3653,1001,298,710,rock
3630,1010,410,729,rock
3627,975,438,739,rock
3631,961,408,720,rock
3643,944,410,715,rock
3644,932,521,728,rock
3631,922,383,752,rock
3624,908,429,720,rock
3645,901,397,698,rock
3631,910,425,720,rock
3638,887,476,753,rock
3633,879,435,746,rock
3630,889,500,804,rock
3638,993,488,793,rock
3631,882,479,800,rock
3666,853,492,802,rock
3631,859,506,787,rock
3631,889,559,808,rock
3617,837,547,777,rock
3604,868,544,766,rock
3627,836,535,766,rock
3621,829,544,771,rock
3624,833,524,757,rock
3635,803,517,758,rock
3630,815,509,794,rock
3628,813,520,739,rock
3650,705,499,772,rock
3637,795,580,769,rock
3629,800,529,750,rock
3632,804,526,753,rock
3627,775,517,746,rock
3625,779,537,746,rock
3628,783,532,775,rock
3633,772,514,759,rock
3633,768,509,801,rock
3629,753,518,770,rock
3629,778,471,766,rock
3633,739,505,799,rock
3654,732,384,711,rock
3631,727,483,774,rock
3633,735,480,769,rock
3640,733,474,772,rock
3622,706,473,773,rock
3629,678,501,794,rock
3635,705,474,759,rock
3630,697,475,760,rock
3633,661,461,749,rock
3625,685,464,751,rock
3609,688,417,719,rock
3616,731,462,759,rock
3626,703,483,769,rock
3633,735,451,741,rock
3661,686,441,727,rock
3630,678,442,725,rock
3627,674,444,730,rock
3614,656,457,735,rock
3631,651,437,707,rock
3616,644,438,730,rock
3644,622,411,697,rock
3624,606,431,712,rock
3625,638,391,692,rock
3634,629,413,708,rock
3629,623,408,692,rock
3632,654,411,691,rock
3623,649,411,680,rock
3595,661,397,695,rock
3629,653,384,668,rock
3719,663,392,695,rock
3629,635,391,688,rock
3625,652,419,691,rock
3627,637,419,696,rock
3644,644,383,731,rock
3621,653,342,712,rock
3630,689,432,717,rock
3629,673,427,699,rock
3629,683,422,708,rock
3631,685,416,696,rock
3632,694,405,701,rock
3627,705,415,707,rock
3651,709,409,692,rock
3629,720,421,700,rock
3629,735,393,701,rock
3632,734,414,707,rock
3629,732,414,707,rock
3630,722,407,708,rock
3628,696,401,684,rock
3620,717,401,697,rock
3626,704,395,690,rock
3631,684,385,680,rock
3578,660,434,701,rock
3615,663,434,711,rock
3493,654,419,708,rock
3644,647,405,695,rock
3626,647,385,670,rock
3629,631,404,694,rock
3623,638,438,723,rock
3631,588,448,732,rock
3627,600,337,708,rock
3631,586,512,717,rock
3632,589,426,706,rock
3501,583,432,698,rock
3609,575,481,740,rock
3604,568,433,703,rock
3630,563,407,704,rock
3639,559,423,715,rock
3630,549,425,696,rock
3628,531,434,703,rock
3628,593,421,701,rock
3625,532,439,723,rock
3628,537,439,730,rock
3637,522,442,722,rock
3609,551,442,721,rock
3656,563,427,709,rock
3631,569,453,722,rock
3644,573,437,718,rock
3663,578,442,718,rock
3627,565,418,706,rock
3628,567,449,722,rock
3634,569,399,695,rock
3630,568,426,706,rock
3635,577,475,754,rock
3601,582,480,745,rock
3654,569,334,733,rock
3634,664,494,790,rock
3671,540,488,770,rock
3631,550,497,773,rock
3629,532,513,739,rock
3652,537,519,740,rock
3629,545,538,739,rock
3628,539,527,749,rock
3648,528,517,732,rock
3630,507,503,797,rock
3632,525,502,784,rock
3643,535,479,780,rock
3630,506,498,781,rock
3628,500,495,775,rock
3613,491,458,750,rock
3631,485,485,747,rock
3631,491,466,757,rock
3634,494,505,763,rock
3605,493,501,776,rock
3637,477,478,758,rock
3641,476,488,767,rock
3639,453,493,764,rock
3630,469,489,755,rock
3643,448,516,729,rock
3633,465,495,765,rock
3620,451,493,759,rock
3633,450,450,729,rock
3629,443,464,734,rock
3654,433,458,729,rock
3628,440,459,729,rock
3630,428,483,741,rock
3632,419,449,719,rock
3639,425,455,721,rock
3634,432,434,709,rock
3610,457,439,710,rock
3631,421,446,709,rock
3635,434,430,714,rock
3632,446,426,693,rock
3651,426,426,693,rock
3649,455,410,682,rock
3633,359,418,670,rock
3630,523,409,683,rock
3603,539,423,712,rock
3644,531,404,699,rock
3635,528,408,682,rock
3623,529,427,705,rock
3639,527,430,719,rock
3646,526,446,730,rock
3658,534,413,712,rock
3626,536,489,750,rock
3634,531,485,767,rock
3611,535,503,786,rock
3653,531,485,785,rock
3633,522,493,779,rock
3629,526,514,717,rock
3630,520,523,730,rock
3632,483,517,731,rock
3624,519,525,726,rock
3636,514,551,762,rock
3622,512,548,742,rock
3623,500,509,787,rock
3627,495,505,776,rock
3598,490,528,734,rock
3641,493,487,786,rock
3635,537,512,737,rock
3630,458,509,794,rock
3621,481,523,744,rock
3629,477,487,781,rock
3632,464,521,737,rock
3630,461,533,728,rock
3628,464,518,722,rock
3667,442,512,711,rock
3647,480,488,768,rock
3621,554,521,747,rock
3637,514,471,764,rock
3642,508,488,758,rock
3630,523,491,770,rock
3651,564,473,754,rock
3633,439,478,759,rock
3629,553,486,767,rock
3756,532,477,765,rock
3633,548,474,745,rock
3628,546,448,738,rock
3641,564,458,752,rock
3644,568,459,732,rock
3648,551,455,743,rock
3630,557,450,726,rock
3657,546,442,714,rock
3644,571,420,712,rock
3632,581,405,694,rock
3627,550,412,693,rock
3620,561,402,689,rock
3627,562,412,698,rock
3630,539,427,683,rock
3628,566,406,697,rock
3628,564,401,687,rock
3632,530,423,697,rock
3628,524,412,681,rock
3659,543,412,701,rock
3627,539,408,675,rock
3629,537,391,685,rock
3646,534,363,702,rock
3630,527,395,663,rock
3629,539,396,661,rock
3650,542,395,676,rock
3622,538,386,676,rock
3632,525,386,676,rock
3629,531,367,704,rock
3603,531,364,714,rock
3654,515,356,712,rock
3605,517,379,734,rock
3619,498,401,677,rock
3621,494,404,693,rock
3644,496,423,697,rock
3631,505,422,701,rock
3625,483,437,714,rock
3626,482,454,732,rock
3630,479,460,740,rock
3662,464,484,749,rock
3626,475,490,767,rock
3601,448,495,772,rock
3629,437,473,750,rock
3629,449,474,752,rock
3624,467,468,737,rock
3600,453,468,741,rock
3637,470,460,733,rock
3573,476,486,748,rock
3630,507,447,713,rock
3623,485,444,718,rock
3630,485,446,722,rock
3632,493,462,727,rock
3623,491,419,700,rock
3660,486,438,711,rock
3632,532,422,690,rock
3624,504,402,682,rock
3606,496,434,695,rock
3628,515,425,694,rock
3574,524,445,726,rock
3636,518,448,718,rock
3617,524,447,728,rock
3633,494,442,719,rock
3644,497,432,709,rock
3625,510,446,724,rock
3632,510,456,717,rock
3598,508,440,712,rock
3611,503,439,724,rock
3659,500,419,697,rock
3627,522,416,693,rock
3476,535,424,698,rock
3650,544,544,720,rock
3625,554,422,705,rock
3617,480,393,682,rock
3657,549,419,700,rock
3629,548,417,693,rock
3630,566,430,723,rock
3623,560,583,759,rock
3633,562,459,730,rock
3630,556,446,726,rock
3624,555,501,758,rock
3655,542,317,718,rock
3628,536,471,765,rock
3631,545,464,734,rock
3626,524,439,735,rock
3632,513,462,743,rock
3634,492,450,715,rock
3638,504,438,716,rock
3634,515,445,725,rock
3629,480,415,702,rock
3643,486,449,723,rock
3628,473,442,715,rock
3629,478,449,716,rock
3597,478,460,727,rock
3595,489,462,730,rock
3601,468,469,731,rock
3629,467,456,718,rock
3610,460,486,744,rock
3636,509,451,710,rock
3640,448,433,704,rock
3632,457,437,709,rock
3630,454,438,718,rock
3621,444,435,702,rock
3629,470,428,693,rock
3623,444,555,719,rock
3645,457,411,687,rock
3652,466,410,682,rock
3631,435,413,687,rock
3625,441,417,680,rock
3597,453,427,685,rock
3694,451,418,683,rock
3627,459,374,706,rock
3626,423,407,679,rock
3654,436,404,675,rock
3655,422,401,670,rock
3637,430,434,692,rock
3626,444,418,682,rock
3626,439,413,692,rock
3607,431,411,684,rock
3637,455,407,705,rock
3651,438,379,706,rock
3647,439,404,678,rock
3616,431,398,676,rock
3659,432,390,670,rock
3630,424,387,666,rock
3637,423,380,722,rock
3625,426,380,702,rock
3623,410,390,687,rock
3635,463,298,664,rock
3631,535,377,692,rock
3628,484,376,724,rock
3636,484,371,706,rock
3618,471,394,688,rock
3632,462,361,708,rock
3628,463,391,695,rock
3629,456,374,720,rock
3617,448,382,699,rock
3650,460,376,687,rock
3605,438,399,676,rock
3649,460,394,656,rock
3698,441,366,691,rock
3633,436,368,686,rock
3633,364,398,690,rock
3629,435,405,679,rock
3629,434,412,679,rock
3628,291,407,681,rock
3632,430,421,688,rock
3631,464,423,689,rock
3646,465,419,680,rock
3630,485,464,697,rock
3625,492,408,690,rock
3628,517,407,692,rock
3623,488,426,697,rock
3627,463,427,691,rock
3635,495,417,693,rock
3729,498,398,684,rock
3635,475,384,666,rock
3630,464,422,704,rock
3629,469,435,699,rock
3632,467,421,695,rock
3631,436,449,724,rock
3635,470,429,702,rock
3638,453,460,734,rock
3620,467,466,732,rock
3636,458,516,734,rock
3632,466,496,754,rock
3628,482,479,772,rock
3610,458,519,749,rock
3643,461,481,755,rock
3622,456,508,782,rock
3630,451,491,752,rock
3629,455,481,757,rock
3628,465,476,769,rock
3632,443,535,762,rock
3627,432,528,730,rock
3633,450,512,706,rock
3619,426,563,755,rock
3636,487,503,764,rock
3628,441,520,742,rock
3607,437,504,766,rock
3513,462,476,763,rock
3618,419,478,753,rock
3633,433,468,751,rock
3607,429,471,755,rock
3630,424,466,734,rock
3637,459,461,725,rock
3614,473,471,748,rock
3644,482,457,735,rock
3630,471,452,725,rock
3625,439,447,727,rock
3701,476,441,724,rock
3609,450,393,680,rock
3610,448,441,712,rock
3616,443,452,717,rock
3627,440,433,695,rock
3655,424,462,724,rock
3619,432,443,708,rock
3610,426,513,696,rock
3628,420,440,677,rock
3624,400,429,695,rock
3625,429,430,700,rock
3611,431,425,685,rock
3630,423,409,683,rock
3643,426,418,679,rock
3639,425,410,672,rock
3616,424,411,683,rock
3630,423,388,657,rock
3616,418,426,672,rock
3630,406,405,672,rock
3626,408,395,655,rock
3615,417,394,664,rock
3607,414,418,683,rock
3634,429,400,663,rock
3632,425,390,669,rock
3622,430,436,699,rock
3624,413,387,654,rock
3651,416,394,657,rock
3628,421,385,654,rock
3626,450,379,710,rock
3639,409,381,709,rock
3639,429,383,734,rock
3641,424,392,651,rock
3607,422,384,671,rock
3649,417,302,667,rock
3634,359,375,716,rock
3629,452,375,716,rock
3666,396,378,709,rock
3636,418,355,688,rock
3632,392,380,714,rock
3643,398,361,684,rock
3610,398,357,709,rock
3626,387,371,696,rock
3601,382,350,692,rock
3634,379,348,680,rock
3630,370,330,675,rock
3600,371,345,684,rock
3644,369,359,691,rock
3649,364,339,680,rock
3623,362,337,682,rock
3625,360,336,670,rock
3648,353,197,630,rock
3628,362,321,653,rock
3612,371,333,672,rock
3583,397,325,656,rock
3634,405,320,652,rock
3628,454,316,664,rock
3628,489,325,670,rock
3632,472,322,672,rock
3627,467,322,664,rock
3605,469,321,656,rock
3632,459,334,677,rock
3627,459,318,674,rock
3641,475,302,657,rock
3616,442,322,653,rock
3609,445,186,629,rock
3629,461,312,652,rock
3630,553,300,646,rock
3636,447,320,660,rock
3628,472,304,661,rock
3597,465,328,658,rock
3625,459,323,664,rock
3663,490,302,652,rock
3628,462,322,665,rock
3649,443,317,655,rock
3659,446,317,666,rock
3633,437,321,662,rock
3625,446,318,660,rock
3660,449,311,650,rock
3627,447,311,660,rock
3622,441,309,656,rock
3656,443,301,654,rock
3629,439,336,675,rock
3629,451,368,688,rock
3649,418,326,673,rock
3647,411,395,666,rock
3628,425,338,674,rock
3629,421,340,691,rock
3630,421,370,698,rock
3632,404,375,704,rock
3629,408,341,675,rock
3633,403,367,709,rock
3613,386,364,706,rock
3628,410,375,724,rock
3631,431,387,667,rock
3639,453,375,705,rock
3613,443,398,671,rock
3611,492,359,710,rock
3600,470,377,727,rock
3659,463,362,711,rock
3623,456,407,684,rock
3629,438,378,716,rock
3644,461,369,714,rock
3636,445,369,708,rock
3639,459,368,708,rock
3628,485,330,689,rock
3647,505,360,705,rock
3639,504,370,708,rock
3618,496,395,690,rock
3627,522,380,723,rock
3604,551,372,721,rock
3627,567,409,684,rock
3616,568,393,681,rock
3626,552,396,686,rock
3646,559,383,714,rock
3631,556,408,683,rock
3628,549,401,676,rock
3631,543,467,706,rock
3645,535,384,660,rock
3633,543,398,691,rock
3609,530,388,669,rock
3641,522,413,680,rock
3642,532,379,706,rock
3637,526,384,664,rock
3607,523,382,714,rock
3633,562,378,720,rock
3631,508,381,730,rock
3618,490,387,678,rock
3631,494,399,693,rock
3616,487,365,714,rock
3593,482,366,716,rock
3636,486,414,698,rock
3627,505,332,698,rock
3618,525,392,676,rock
3629,550,375,727,rock
3630,540,340,704,rock
3601,517,359,709,rock
3630,533,346,690,rock
3629,456,348,688,rock
3609,517,336,683,rock
3627,505,343,689,rock
3629,536,311,674,rock
3653,571,331,679,rock
3633,625,327,690,rock
3621,662,334,686,rock
3637,662,304,678,rock
3526,664,332,682,rock
3631,733,338,693,rock
3630,743,340,710,rock
3634,752,336,709,rock
3629,728,350,711,rock
3768,755,337,705,rock
3634,749,346,723,rock
3669,739,385,679,rock
3610,727,397,686,rock
3630,728,393,700,rock
3637,721,401,691,rock
3636,708,394,694,rock
3626,698,436,723,rock
3638,694,424,717,rock
3617,653,448,730,rock
3628,671,457,751,rock
3635,689,437,730,rock
3631,652,431,734,rock
3699,653,438,730,rock
3630,636,431,718,rock
3629,640,428,710,rock
3639,631,414,709,rock
3633,619,416,703,rock
3631,613,424,695,rock
3631,607,430,700,rock
3620,599,419,697,rock
3633,594,404,696,rock
3599,586,404,698,rock
3624,578,405,681,rock
3634,570,381,715,rock
3628,562,401,690,rock
3667,560,370,713,rock
3627,578,407,688,rock
3616,576,416,689,rock
3630,534,417,687,rock
3635,534,403,683,rock
3627,529,441,709,rock
3632,558,429,709,rock
3607,534,431,704,rock
3549,547,431,713,rock
3635,564,428,700,rock
3643,516,289,658,rock
3645,532,415,698,rock
3607,524,420,697,rock
3629,494,417,680,rock
3629,532,471,726,rock
3657,535,407,688,rock
3625,508,409,674,rock
3613,536,418,686,rock
3631,534,394,665,rock
3633,512,392,659,rock
3644,517,389,669,rock
3630,530,359,695,rock
3639,513,380,704,rock
3619,540,385,658,rock
3627,539,381,720,rock
3632,551,358,711,rock
3627,555,376,719,rock
3631,575,368,713,rock
3631,542,375,734,rock
3625,545,360,699,rock
3632,573,353,707,rock
3679,570,354,718,rock
3630,547,346,701,rock
3600,544,355,694,rock
3635,523,350,695,rock
3615,515,380,705,rock
3639,619,352,688,rock
3663,535,390,692,rock
3630,574,368,706,rock
3625,525,376,721,rock
3629,563,376,725,rock
3627,524,376,703,rock
3634,560,375,736,rock
3624,541,395,668,rock
3623,530,400,673,rock
3767,512,394,666,rock
3628,521,386,659,rock
3629,514,396,667,rock
3630,510,377,701,rock
3646,501,395,683,rock
3629,488,385,665,rock
3596,491,385,673,rock
3631,486,387,688,rock
3658,482,377,726,rock
3630,482,392,684,rock
3628,478,374,712,rock
3621,489,374,705,rock
3625,479,368,708,rock
3612,477,368,703,rock
3639,475,356,712,rock
3681,471,361,699,rock
3626,453,367,714,rock
3628,459,369,716,rock
3630,440,396,670,rock
3619,456,405,686,rock
3632,460,386,658,rock
3635,494,394,661,rock
3616,500,407,690,rock
3654,515,428,710,rock
3610,531,414,684,rock
3631,520,420,693,rock
3619,542,418,694,rock
3608,535,260,651,rock
3614,532,414,691,rock
3633,506,414,692,rock
3626,537,406,691,rock
3631,513,401,667,rock
3626,506,392,661,rock
3629,544,412,683,rock
3629,496,392,659,rock
3634,478,388,657,rock
3552,497,381,715,rock
3626,474,378,723,rock
3634,473,376,716,rock
3627,478,388,689,rock
3623,507,381,692,rock
3629,492,392,681,rock
3620,512,392,660,rock
3626,530,390,665,rock
3624,512,412,680,rock
3632,502,401,689,rock
3601,497,414,703,rock
3628,494,437,701,rock
3611,488,402,669,rock
3633,478,414,684,rock
3624,498,396,671,rock
3617,466,395,664,rock
3639,469,393,659,rock
3634,475,388,660,rock
3631,470,397,672,rock
3625,471,400,680,rock
3513,469,377,724,rock
3612,463,372,724,rock
3594,473,390,686,rock
3619,487,362,695,rock
3629,479,363,710,rock
3630,487,256,643,rock
3635,478,366,727,rock
3631,481,350,701,rock
3627,467,357,723,rock
3634,489,355,705,rock
3630,484,354,701,rock
3597,488,361,702,rock
3628,493,236,677,rock
3616,479,366,701,rock
3630,461,360,693,rock
3625,488,349,699,rock
3637,469,245,688,rock
3621,460,365,711,rock
3631,491,333,696,rock
3630,476,327,686,rock
3656,499,201,668,rock
3628,533,351,690,rock
3625,537,344,697,rock
3627,557,350,706,rock
3618,562,351,707,rock
3629,546,361,689,rock
3604,558,341,698,rock
3637,574,327,693,rock
3637,593,333,694,rock
3629,592,330,683,rock
3631,580,325,693,rock
3620,564,334,689,rock
3632,574,334,691,rock
3627,564,329,674,rock
3654,552,300,665,rock
3639,551,321,667,rock
3637,555,314,661,rock
3637,528,356,687,rock
3625,534,356,684,rock
3633,530,353,686,rock
3630,524,324,677,rock
3645,529,320,662,rock
3627,530,366,704,rock
3635,548,347,707,rock
3634,652,376,703,rock
3626,593,388,662,rock
3633,605,406,698,rock
3632,590,375,726,rock
3631,531,415,695,rock
3629,595,430,703,rock
3618,578,404,681,rock
3632,603,399,686,rock
3754,576,400,673,rock
3637,571,439,703,rock
3655,588,390,676,rock
3629,568,391,675,rock
3644,562,391,684,rock
3614,558,396,669,rock
3602,555,410,677,rock
3632,524,386,653,rock
3631,583,386,688,rock
3635,537,378,726,rock
3629,542,378,728,rock
3640,536,375,737,rock
3632,521,382,728,rock
3638,499,371,719,rock
3644,527,364,716,rock
3632,522,364,718,rock
3578,520,414,704,rock
3629,515,352,699,rock
3636,505,359,721,rock
3616,506,394,685,rock
3665,491,386,689,rock
3628,506,365,717,rock
3633,516,356,710,rock
3631,491,391,672,rock
3617,526,348,711,rock
3627,538,364,712,rock
3626,536,336,685,rock
3630,524,384,672,rock
3617,549,366,727,rock
3614,534,381,730,rock
3639,549,384,680,rock
3624,549,369,709,rock
3631,566,380,735,rock
3620,569,376,734,rock
3630,557,361,701,rock
3625,548,369,724,rock
3636,562,352,712,rock
3633,533,380,726,rock
3630,544,340,710,rock
3639,523,352,679,rock
3637,510,346,697,rock
3631,515,369,706,rock
3626,512,329,676,rock
3634,506,335,673,rock
3627,523,329,682,rock
3629,551,320,673,rock
3625,585,342,719,rock
3630,623,350,707,rock
3630,650,363,717,rock
3651,638,353,705,rock
3615,643,353,713,rock
3634,625,349,711,rock
3627,712,329,698,rock
3611,611,347,696,rock
3615,644,342,705,rock
3651,626,316,685,rock
3631,635,316,685,rock
3633,624,338,685,rock
3626,628,330,687,rock
3642,644,331,689,rock
3638,637,327,698,rock
3630,641,326,689,rock
3635,662,321,676,rock
3635,603,315,672,rock
3608,616,165,637,rock
3626,603,335,688,rock
3637,619,329,671,rock
3634,599,370,689,rock
3611,598,307,666,rock
3629,576,308,681,rock
3621,568,325,678,rock
3673,562,327,687,rock
3621,579,335,677,rock
3629,538,331,679,rock
3626,541,304,652,rock
3620,552,310,676,rock
3647,534,317,678,rock
3776,513,318,669,rock
3627,544,296,646,rock
3628,498,322,659,rock
3614,517,473,703,rock
3648,508,304,651,rock
3623,530,320,670,rock
3633,492,322,658,rock
3633,493,317,661,rock
3629,480,302,656,rock
3609,478,308,663,rock
3646,463,319,668,rock
3634,469,309,654,rock
3624,474,328,666,rock
3629,481,317,668,rock
3632,529,313,663,rock
3619,531,322,670,rock
3619,568,329,681,rock
3622,588,338,685,rock
3628,639,335,700,rock
3646,644,258,636,rock
3632,665,307,677,rock
3622,681,337,704,rock
3660,687,347,713,rock
3567,697,350,718,rock
3628,651,359,717,rock
3602,684,358,722,rock
3657,662,338,701,rock
3632,686,322,683,rock
3627,656,364,711,rock
3626,666,340,694,rock
3635,659,336,695,rock
3629,658,315,678,rock
3678,646,331,692,rock
3630,634,327,700,rock
3517,644,316,672,rock
3597,623,343,696,rock
3636,610,319,681,rock
3636,602,316,668,rock
3634,636,299,660,rock
3632,560,313,664,rock
3655,612,307,663,rock
3626,627,305,656,rock
3629,618,308,661,rock
3630,599,309,664,rock
3630,588,302,660,rock
3632,599,328,657,rock
3624,580,314,664,rock
3663,578,306,665,rock
3617,586,325,688,rock
3635,565,345,697,rock
3654,558,321,676,rock
3628,541,346,692,rock
3633,576,356,705,rock
3631,572,340,693,rock
3634,593,340,690,rock
3633,600,340,700,rock
3635,594,337,685,rock
3631,604,338,693,rock
3626,609,325,691,rock
3627,609,345,701,rock
3625,595,350,706,rock
3614,588,368,713,rock
3629,570,324,689,rock
3630,572,345,690,rock
3637,564,343,702,rock
3630,573,350,697,rock
3627,573,331,682,rock
3634,608,335,708,rock
3633,637,350,708,rock
3627,633,338,693,rock
3643,625,331,682,rock
3628,651,328,678,rock
3630,663,325,686,rock
3660,655,326,683,rock
3611,639,403,672,rock
3612,641,486,726,rock
3629,654,329,672,rock
3637,627,321,666,rock
3628,647,320,667,rock
3626,625,326,686,rock
3628,616,308,672,rock
3639,608,328,681,rock
3628,599,319,683,rock
3634,600,329,676,rock
3632,589,341,702,rock
3628,602,362,691,rock
3633,593,357,701,rock
3629,589,342,706,rock
3605,578,352,705,rock
3643,577,329,689,rock
3656,571,342,693,rock
3631,566,227,677,rock
3634,559,232,675,rock
3627,556,340,685,rock
3640,558,314,667,rock
3598,556,356,697,rock
3515,551,336,676,rock
3626,552,327,690,rock
3649,555,344,694,rock
3646,528,395,684,rock
3628,537,342,700,rock
3625,529,336,678,rock
3655,505,342,685,rock
3627,519,329,671,rock
3629,519,314,669,rock
3628,522,345,697,rock
3623,514,339,695,rock
3628,521,302,668,rock
3629,539,297,662,rock
3610,555,356,697,rock
3661,558,326,675,rock
3652,559,292,650,rock
3605,544,315,662,rock
3633,589,321,662,rock
3637,611,298,656,rock
3626,605,368,708,rock
3628,628,342,700,rock
3629,630,347,705,rock
3628,633,370,712,rock
3633,615,387,704,rock
3641,508,363,723,rock
3626,625,390,696,rock
3627,616,385,663,rock
3614,604,382,737,rock
3639,610,361,698,rock
3632,581,396,668,rock
3643,587,406,687,rock
3822,594,403,674,rock
3633,608,398,681,rock
3620,637,399,691,rock
3613,669,360,694,rock
3626,718,397,683,rock
3639,698,372,712,rock
3628,701,363,720,rock
3633,718,382,727,rock
3630,725,384,669,rock
3657,704,385,689,rock
3654,709,402,686,rock
3636,714,385,677,rock
3628,677,392,670,rock
3610,683,447,716,rock
3641,659,412,696,rock
3613,674,444,712,rock
3629,672,438,717,rock
3649,652,426,713,rock
3625,633,453,751,rock
3616,652,449,738,rock
3631,653,512,714,rock
3611,644,439,735,rock
3600,606,479,762,rock
3617,629,464,744,rock
3630,642,466,750,rock
3660,652,456,745,rock
3632,670,458,742,rock
3627,677,444,742,rock
3624,669,452,749,rock
3615,682,455,744,rock
3634,607,465,736,rock
3629,667,449,732,rock
3598,631,469,749,rock
3631,655,485,760,rock
3633,638,455,751,rock
3635,623,455,735,rock
3637,624,447,730,rock
3631,645,408,708,rock
3642,645,442,726,rock
3616,641,436,723,rock
3628,640,436,721,rock
3630,622,419,704,rock
3649,637,411,701,rock
3618,618,501,758,rock
3636,633,387,685,rock
3631,658,419,702,rock
3635,692,407,700,rock
3747,690,407,706,rock
3622,655,400,684,rock
3632,584,397,684,rock
3625,665,374,710,rock
3629,636,394,697,rock
3626,658,416,683,rock
3627,673,380,746,rock
3644,668,379,738,rock
3651,662,376,734,rock
3626,676,374,743,rock
3634,646,350,729,rock
3607,659,373,732,rock
3637,651,357,708,rock
3635,653,352,718,rock
3631,636,359,734,rock
3633,630,373,710,rock
3627,629,375,738,rock
3592,636,367,732,rock
3643,652,362,723,rock
3621,654,372,740,rock
3632,640,370,726,rock
3653,644,377,734,rock
3635,685,374,735,rock
3624,644,409,701,rock
3631,677,387,674,rock
3475,672,403,694,rock
3625,662,416,684,rock
3628,668,389,669,rock
3635,668,375,726,rock
3621,637,418,696,rock
3636,627,390,682,rock
3639,627,384,680,rock
3631,630,394,701,rock
3621,605,382,744,rock
3629,605,375,720,rock
3629,595,365,727,rock
3629,586,366,721,rock
3619,614,323,694,rock
3631,602,359,726,rock
3637,576,356,706,rock
3629,602,357,714,rock
3768,611,359,724,rock
3625,623,343,713,rock
3627,621,382,736,rock
3619,615,352,698,rock
3650,623,363,707,rock
3641,605,370,725,rock
3617,609,402,692,rock
3638,613,387,663,rock
3637,578,386,658,rock
3629,587,363,725,rock
3627,596,368,698,rock
3662,592,381,720,rock
3637,588,404,670,rock
3630,586,414,692,rock
3647,594,370,702,rock
3611,581,424,688,rock
3647,613,418,694,rock
3640,576,485,749,rock
3628,583,439,727,rock
3623,566,439,722,rock
3627,520,445,715,rock
3631,553,431,705,rock
3648,548,438,712,rock
3628,537,429,708,rock
3639,557,429,709,rock
3644,526,318,689,rock
3626,534,437,709,rock
3630,553,408,680,rock
3626,563,424,695,rock
3609,561,423,692,rock
3621,576,384,665,rock
3625,541,412,681,rock
3632,544,403,675,rock
3630,573,387,674,rock
3607,595,399,684,rock
3607,574,411,685,rock
3629,538,404,682,rock
3495,560,397,680,rock
3621,551,398,672,rock
3638,535,405,688,rock
3642,540,383,736,rock
3635,537,364,700,rock
3626,535,389,685,rock
3628,534,393,694,rock
3629,565,368,716,rock
3624,594,389,675,rock
3619,597,392,689,rock
3636,642,398,699,rock
3622,614,379,733,rock
3611,623,389,705,rock
3628,623,405,691,rock
3628,611,393,667,rock
3629,619,380,749,rock
3628,622,357,727,rock
3631,638,364,723,rock
3639,645,371,735,rock
3628,630,370,728,rock
3631,630,372,731,rock
3606,624,347,706,rock
3627,621,366,718,rock
3617,591,337,704,rock
3627,642,351,723,rock
3664,623,338,696,rock
3599,626,344,700,rock
3625,600,342,701,rock
3627,592,341,685,rock
3625,590,347,691,rock
3633,587,328,681,rock
3630,585,334,700,rock
3629,580,326,680,rock
3617,576,302,665,rock
3630,586,333,676,rock
3665,605,293,671,rock
3629,605,312,674,rock
3628,638,314,662,rock
3633,703,326,690,rock
3623,731,314,680,rock
3610,740,306,669,rock
3648,733,225,652,rock
3631,730,313,652,rock
3644,724,304,652,rock
3629,783,307,669,rock
3654,801,168,630,rock
3629,807,309,679,rock
3638,834,309,679,rock
3497,803,307,678,rock
3670,795,298,674,rock
3642,788,311,681,rock
3649,778,223,661,rock
3629,766,294,664,rock
3618,765,299,649,rock
3631,692,298,652,rock
3627,748,294,668,rock
3651,712,162,629,rock
3625,727,280,639,rock
3623,707,289,634,rock
3626,752,298,654,rock
3639,711,283,648,rock
3614,802,265,629,rock
3625,752,261,635,rock
3596,727,312,664,rock
3701,720,313,670,rock
3633,701,312,663,rock
3628,703,313,668,rock
3630,686,334,690,rock
3625,702,194,653,rock
3630,700,318,684,rock
3629,686,316,685,rock
3598,672,320,666,rock
3693,667,310,661,rock
3627,659,308,666,rock
3636,659,307,662,rock
3632,646,304,654,rock
3631,640,299,662,rock
3623,626,335,701,rock
3643,627,339,688,rock
3626,619,338,689,rock
3632,612,331,683,rock
3719,622,332,680,rock
3626,618,331,688,rock
3606,636,333,697,rock
3639,661,346,708,rock
3642,618,339,684,rock
3650,682,328,688,rock
3629,658,330,680,rock
3611,648,199,666,rock
3621,640,334,702,rock
3631,592,314,684,rock
3633,620,350,703,rock
3633,613,302,673,rock
3628,625,312,668,rock
3629,627,326,688,rock
3630,603,324,680,rock
3656,612,292,655,rock
3627,635,328,680,rock
3604,631,317,669,rock
3650,630,307,664,rock
3615,616,317,677,rock
3633,615,334,680,rock
3629,611,322,676,rock
3651,615,320,665,rock
3619,620,447,699,rock
3661,613,314,676,rock
3615,606,314,663,rock
3623,599,312,664,rock
3628,595,335,679,rock
3642,594,284,642,rock
3613,580,311,661,rock
3636,468,319,671,rock
3634,586,306,653,rock
3551,570,315,665,rock
3627,552,315,657,rock
3628,543,306,644,rock
3628,552,307,652,rock
3631,539,289,640,rock
3629,534,318,661,rock
3641,549,298,635,rock
3636,509,298,637,rock
3644,528,294,629,rock
3498,509,302,650,rock
3610,505,295,642,rock
3627,500,296,635,rock
3638,484,375,680,rock
3647,494,290,627,rock
3629,469,288,621,rock
3631,499,322,641,rock
3628,519,288,620,rock
3640,527,297,638,rock
3611,549,295,645,rock
3621,558,295,648,rock
3647,562,283,636,rock
3627,561,306,629,rock
3635,561,310,649,rock
3623,523,326,683,rock
3607,531,333,684,rock
3631,497,331,669,rock
3627,498,328,680,rock
3628,506,337,689,rock
3633,501,339,693,rock
3630,502,357,708,rock
3605,495,370,701,rock
3635,528,340,694,rock
3628,502,348,693,rock
3607,504,346,685,rock
3629,487,345,683,rock
3633,480,331,668,rock
3648,476,296,644,rock
3654,481,419,678,rock
3651,504,326,677,rock
3647,477,329,660,rock
3626,477,328,667,rock
3553,456,322,657,rock
3632,473,328,661,rock
3626,458,317,671,rock
3629,466,310,674,rock
3627,464,363,697,rock
3640,540,337,676,rock
3627,444,336,679,rock
3627,441,333,693,rock
3632,327,331,663,rock
3638,437,361,688,rock
3629,435,340,678,rock
3629,406,352,690,rock
3628,537,334,687,rock
3609,410,360,687,rock
3560,429,359,718,rock
3630,413,385,674,rock
3623,399,407,680,rock
3612,391,404,680,rock
3627,373,418,674,rock
3635,404,361,684,rock
3629,374,407,681,rock
3636,380,362,699,rock
3603,380,382,697,rock
3637,378,353,704,rock
3624,374,395,660,rock
3628,398,366,720,rock
3625,410,362,700,rock
3631,439,370,718,rock
3629,457,362,709,rock
3629,471,356,683,rock
3634,490,345,693,rock
3632,517,341,703,rock
3635,468,332,690,rock
3638,476,293,669,rock
3629,497,343,702,rock
3635,483,356,704,rock
3663,428,351,698,rock
3635,471,352,686,rock
3631,466,327,688,rock
3633,459,336,684,rock
3590,456,345,677,rock
3629,451,339,681,rock
3627,466,325,678,rock
3635,452,360,699,rock
3630,487,354,699,rock
3623,494,348,694,rock
3627,485,348,694,rock
3633,487,347,692,rock
3630,483,341,673,rock
3621,484,340,683,rock
3617,482,332,680,rock
3630,475,341,685,rock
3641,469,309,662,rock
3618,463,334,688,rock
3643,466,322,664,rock
3610,445,364,685,rock
3627,446,317,663,rock
3631,434,320,654,rock
3630,433,314,653,rock
3633,429,298,637,rock
3648,418,308,650,rock
3630,416,314,634,rock
3617,418,300,634,rock
3619,411,323,656,rock
3612,435,296,630,rock
3635,416,305,629,rock
3631,419,336,662,rock
3631,457,294,636,rock
3621,419,288,624,rock
3635,417,275,619,rock
3624,398,280,614,rock
3639,416,287,627,rock
3634,407,298,621,rock
3630,403,264,600,rock
3652,399,271,616,rock
3630,406,258,597,rock
3637,404,252,637,rock
3648,400,268,598,rock
3628,374,272,608,rock
3635,394,267,603,rock
3625,369,275,603,rock
3636,386,250,634,rock
3627,397,261,590,rock
3630,380,252,634,rock
3608,391,258,589,rock
3626,398,260,599,rock
3629,402,258,589,rock
3630,420,250,646,rock
3624,430,270,617,rock
3653,414,297,632,rock
3625,426,317,647,rock
3634,468,314,643,rock
3626,475,314,638,rock
3647,517,305,641,rock
3629,546,338,685,rock
3642,550,334,702,rock
3627,549,349,708,rock
3582,573,357,711,rock
3612,604,356,708,rock
3611,607,358,714,rock
3653,600,364,712,rock
3637,568,357,703,rock
3609,597,338,693,rock
3606,580,341,700,rock
3619,567,328,687,rock
3628,553,333,686,rock
3626,561,327,676,rock
3629,564,313,660,rock
3643,557,331,681,rock
3633,571,317,684,rock
3625,556,325,683,rock
3628,539,337,680,rock
3621,547,346,695,rock
3625,538,323,677,rock
3629,554,332,691,rock
3628,534,333,688,rock
3629,506,325,679,rock
3602,518,279,651,rock
3631,526,305,653,rock
3616,489,326,673,rock
3631,507,320,664,rock
3628,519,349,694,rock
3625,544,332,679,rock
3628,573,358,709,rock
3639,586,353,708,rock
3633,647,349,706,rock
3630,636,346,698,rock
3620,647,338,696,rock
3625,629,355,713,rock
3628,666,313,683,rock
3619,691,345,703,rock
3618,694,342,710,rock
3627,699,341,702,rock
3628,668,340,701,rock
3642,686,344,705,rock
3641,680,344,708,rock
3637,726,338,695,rock
3730,765,327,705,rock
3657,792,318,696,rock
3644,787,328,687,rock
3628,792,447,731,rock
3630,809,308,677,rock
3739,830,323,701,rock
3632,838,320,687,rock
3630,833,325,697,rock
3622,816,303,691,rock
3620,809,348,724,rock
3661,799,389,721,rock
3635,804,384,683,rock
3600,790,398,697,rock
3635,790,385,665,rock
3632,773,400,693,rock
3631,759,412,710,rock
3627,735,423,721,rock
3615,740,402,703,rock
3611,737,430,735,rock
3624,711,424,705,rock
3627,700,435,726,rock
3614,699,420,721,rock
3614,686,439,726,rock
3629,681,416,699,rock
3631,675,414,711,rock
3632,656,416,696,rock
3635,706,414,706,rock
3624,730,396,692,rock
3658,651,441,705,rock
3628,653,414,702,rock
3654,669,405,692,rock
3632,664,397,695,rock
3621,679,392,682,rock
3627,641,398,690,rock
3635,624,395,679,rock
3632,622,389,677,rock
3633,631,390,698,rock
3629,640,388,693,rock
3611,660,390,681,rock
3657,697,387,694,rock
3648,724,349,723,rock
3624,767,353,731,rock
3608,774,397,716,rock
3623,750,373,743,rock
3643,777,369,736,rock
3628,779,368,727,rock
3632,787,367,741,rock
3631,797,349,736,rock
3631,784,383,739,rock
3631,766,356,739,rock
3636,775,366,746,rock
3632,780,384,699,rock
3628,776,401,690,rock
3630,748,392,673,rock
3624,772,442,721,rock
3636,744,418,710,rock
3613,762,403,699,rock
3639,722,412,705,rock
3635,715,420,703,rock
3629,708,413,708,rock
3625,701,466,731,rock
3641,689,408,692,rock
3633,681,395,687,rock
3626,688,402,683,rock
3626,685,392,679,rock
3634,703,373,722,rock
3626,685,374,733,rock
3631,674,397,682,rock
3633,646,388,699,rock
3644,652,385,673,rock
3634,642,384,698,rock
3639,623,385,661,rock
3600,630,421,706,rock
3630,605,390,677,rock
3619,617,398,686,rock
3639,597,397,693,rock
3645,586,397,681,rock
3637,586,400,668,rock
3628,580,414,700,rock
3619,640,400,698,rock
3628,607,363,709,rock
3629,604,362,724,rock
3634,636,370,732,rock
3632,652,374,742,rock
3629,660,380,735,rock
3636,660,346,717,rock
3626,665,384,687,rock
3630,690,355,720,rock
3619,700,367,743,rock
3644,712,354,728,rock
3627,671,371,715,rock
3636,668,502,745,rock
3600,662,356,696,rock
3649,670,364,711,rock
3631,523,407,693,rock
3628,646,404,700,rock
3612,633,486,755,rock
3600,630,448,723,rock
3630,622,460,728,rock
3636,611,424,702,rock
3639,595,404,695,rock
3624,616,415,706,rock
3631,587,378,718,rock
3631,586,444,713,rock
3628,579,428,693,rock
3634,613,414,704,rock
3652,619,294,685,rock
3634,709,425,705,rock
3629,524,433,697,rock
3632,647,399,694,rock
3616,614,420,701,rock
3658,641,429,715,rock
3659,637,437,723,rock
3630,624,437,719,rock
3655,668,410,704,rock
3624,627,418,694,rock
3630,611,421,705,rock
3626,612,379,712,rock
3631,454,411,682,rock
3635,589,408,689,rock
3629,563,407,702,rock
3627,574,435,701,rock
3632,443,399,680,rock
3660,568,404,689,rock
3623,570,421,696,rock
3629,535,405,682,rock
3654,554,392,665,rock
3641,554,390,675,rock
3620,538,398,677,rock
3635,535,397,687,rock
3625,536,394,674,rock
3654,587,375,721,rock
3617,660,384,688,rock
3630,582,394,685,rock
3636,590,373,728,rock
3476,584,372,722,rock
3635,578,450,712,rock
3628,596,361,704,rock
3688,621,347,704,rock
3631,589,361,709,rock
3630,589,348,703,rock
3633,531,368,707,rock
3618,674,369,709,rock
3640,544,343,699,rock
3637,563,345,686,rock
3629,559,338,682,rock
3646,572,333,691,rock
3630,561,332,685,rock
3631,569,334,695,rock
3628,499,328,669,rock
3627,557,355,696,rock
3630,551,302,678,rock
3631,549,332,681,rock
3631,536,331,683,rock
3618,532,327,682,rock
3634,496,330,669,rock
3615,513,349,684,rock
3644,539,309,662,rock
3657,510,323,660,rock
3625,519,323,674,rock
3637,495,326,667,rock
3633,491,288,648,rock
3627,478,307,653,rock
3638,477,268,640,rock
3616,462,325,668,rock
3631,466,337,671,rock
3633,453,314,652,rock
3630,459,320,659,rock
3624,456,328,657,rock
3620,453,357,702,rock
3615,442,180,645,rock
3627,426,336,672,rock
3629,434,315,669,rock
3628,427,344,687,rock
3628,424,379,724,rock
3629,421,410,694,rock
3633,413,387,681,rock
3634,408,392,665,rock
3638,407,370,731,rock
3631,401,400,672,rock
3632,469,371,721,rock
3630,507,340,673,rock
3616,387,366,703,rock
3620,385,363,706,rock
3628,383,393,675,rock
3626,372,357,706,rock
3589,380,362,690,rock
3633,381,333,690,rock
3545,377,361,694,rock
3592,401,351,695,rock
3630,414,363,711,rock
3630,413,346,697,rock
3627,427,332,679,rock
3634,417,346,672,rock
3648,437,339,684,rock
3629,439,343,696,rock
3629,451,340,685,rock
3640,482,340,684,rock
3641,452,346,688,rock
3635,458,337,683,rock
3632,454,347,683,rock
3632,460,350,700,rock
3619,465,339,691,rock
3628,459,346,688,rock
3636,457,356,698,rock
3647,495,354,697,rock
3629,474,358,695,rock
3635,467,334,695,rock
3727,453,324,672,rock
3625,467,375,715,rock
3615,445,340,686,rock
3621,468,359,717,rock
3610,458,388,681,rock
3612,459,376,713,rock
3632,476,335,698,rock
3633,491,338,693,rock
3633,492,369,706,rock
3622,502,361,713,rock
3629,483,365,711,rock
3627,510,336,698,rock
3635,450,358,700,rock
3614,458,362,690,rock
3636,460,369,713,rock
3644,454,366,714,rock
3622,450,371,713,rock
3628,441,364,714,rock
3637,441,362,696,rock
3612,436,244,688,rock
3630,430,378,712,rock
3638,444,357,692,rock
3629,394,359,710,rock
3629,428,361,704,rock
3629,420,359,708,rock
3622,413,336,678,rock
3638,404,353,704,rock
3633,407,350,698,rock
3632,397,364,699,rock
3636,390,344,694,rock
3630,402,396,683,rock
3629,422,319,681,rock
3620,387,351,698,rock
3616,446,351,701,rock
3626,427,329,676,rock
3635,420,376,698,rock
3625,434,340,676,rock
3613,447,348,685,rock
3634,505,329,677,rock
3629,522,321,672,rock
3622,519,365,709,rock
3639,545,342,699,rock
3630,542,336,674,rock
3631,549,323,694,rock
3626,559,334,679,rock
3629,523,361,697,rock
3629,536,336,683,rock
3640,505,334,692,rock
3603,538,335,699,rock
3621,505,332,678,rock
3649,544,315,666,rock
3536,518,327,687,rock
3626,540,325,672,rock
3628,510,324,673,rock
3662,501,320,659,rock
3628,502,331,678,rock
3629,490,401,678,rock
3630,513,325,670,rock
3627,475,329,684,rock
3648,484,352,679,rock
3631,496,327,685,rock
3570,480,341,669,rock
3630,491,324,670,rock
3627,506,318,658,rock
3648,500,206,651,rock
3627,507,316,665,rock
3621,503,331,688,rock
3629,505,332,676,rock
3634,491,328,661,rock
3642,486,333,679,rock
3631,472,344,681,rock
3630,479,322,672,rock
3653,459,341,681,rock
3652,485,341,688,rock
3649,479,338,683,rock
3628,481,335,689,rock
3637,559,338,673,rock
3629,472,331,671,rock
3645,459,282,631,rock
3629,454,341,679,rock
3629,455,324,687,rock
3626,425,338,665,rock
3611,442,275,644,rock
3610,453,324,660,rock
3630,438,334,671,rock
3629,445,310,666,rock
3650,420,323,659,rock
3625,443,317,659,rock
3621,427,297,648,rock
3630,448,327,680,rock
3635,353,318,656,rock
3630,467,315,668,rock
3657,460,302,656,rock
3646,468,321,665,rock
3635,493,332,678,rock
3629,469,315,659,rock
3619,463,350,692,rock
3613,460,328,660,rock
3618,467,323,659,rock
3624,443,355,687,rock
3632,447,345,678,rock
3615,454,422,696,rock
3629,469,353,692,rock
3647,471,349,699,rock
3630,478,348,693,rock
3630,502,349,696,rock
3635,522,352,700,rock
3627,506,370,692,rock
3629,528,338,670,rock
3627,550,338,698,rock
3644,518,358,712,rock
3628,534,356,703,rock
3631,540,340,696,rock
3644,542,343,690,rock
3625,519,336,678,rock
3625,537,335,696,rock
3629,529,320,665,rock
3625,520,334,686,rock
3625,496,332,672,rock
3630,514,324,674,rock
3624,491,336,679,rock
3655,497,333,685,rock
3651,508,465,711,rock
3624,499,348,692,rock
3636,514,340,685,rock
3727,528,346,700,rock
3653,507,335,688,rock
3614,498,340,681,rock
3641,509,337,689,rock
3630,502,362,692,rock
3627,480,343,687,rock
3645,474,345,691,rock
3628,509,325,687,rock
3633,483,348,697,rock
3626,463,357,699,rock
3604,475,359,706,rock
3663,482,329,679,rock
3662,470,371,710,rock
3639,483,342,699,rock
3628,446,356,698,rock
3655,445,453,713,rock
3619,452,340,690,rock
3643,466,346,689,rock
3661,433,326,676,rock
3624,430,345,686,rock
3600,453,356,707,rock
3629,455,342,713,rock
3644,470,388,659,rock
3628,481,385,658,rock
3600,482,410,678,rock
3726,483,413,691,rock
3563,481,422,699,rock
3620,449,434,688,rock
3627,466,410,685,rock
3629,469,515,694,rock
3630,460,402,673,rock
3646,491,394,662,rock
3682,471,402,664,rock
3631,468,402,665,rock
3626,457,382,718,rock
3630,453,391,671,rock
3611,445,430,685,rock
3626,468,388,658,rock
3631,461,387,671,rock
3625,497,382,734,rock
3643,483,383,722,rock
3634,468,396,668,rock
3630,478,383,713,rock
3626,469,397,681,rock
3629,465,387,654,rock
3719,471,391,672,rock
3645,453,276,641,rock
3622,467,359,689,rock
3632,417,385,679,rock
3620,476,239,688,rock
3607,454,393,663,rock
3633,466,371,710,rock
3623,461,364,702,rock
3630,385,367,710,rock
3627,466,351,691,rock
3634,456,356,702,rock
3663,437,376,710,rock
3625,442,348,698,rock
3616,469,356,699,rock
3630,436,348,695,rock
3612,422,329,672,rock
3613,425,365,704,rock
3640,424,351,693,rock
3602,422,338,676,rock
3636,407,327,656,rock
3630,407,310,667,rock
3631,401,328,659,rock
3627,399,371,684,rock
3633,403,332,659,rock
3629,387,333,667,rock
3624,397,354,680,rock
3631,386,329,650,rock
3642,369,335,669,rock
3635,382,331,675,rock
3654,404,333,689,rock
3629,415,323,668,rock
3626,428,325,673,rock
3628,437,350,691,rock
3628,422,344,686,rock
3543,417,359,700,rock
3627,429,343,687,rock
3624,428,325,669,rock
3630,426,325,667,rock
3627,454,336,680,rock
3634,423,333,668,rock
3633,428,329,675,rock
3639,421,329,661,rock
3635,439,322,670,rock
3630,435,321,653,rock
3622,439,324,665,rock
3661,440,328,666,rock
3621,428,323,665,rock
3629,432,349,686,rock
3694,424,339,675,rock
3631,419,349,686,rock
3629,413,335,679,rock
3628,412,317,673,rock
3639,416,337,665,rock
3659,420,452,695,rock
3628,400,383,721,rock
3662,406,366,712,rock
3642,388,369,709,rock
3634,407,361,704,rock
3620,401,360,696,rock
3599,394,355,698,rock
3637,259,354,686,rock
3628,385,377,704,rock
3633,408,341,688,rock
3626,364,342,686,rock
3641,374,351,692,rock
3636,373,370,691,rock
3656,363,307,648,rock
3631,363,328,632,rock
3604,350,352,672,rock
3632,360,323,651,rock
3627,350,322,662,rock
3621,349,318,660,rock
3632,350,315,655,rock
3635,355,308,641,rock
3658,340,324,662,rock
3633,329,307,634,rock
3621,333,307,634,rock
3620,339,301,643,rock
3654,374,279,630,rock
3626,326,299,630,rock
3615,308,294,626,rock
3627,327,291,626,rock
3717,318,288,609,rock
3627,297,288,604,rock
3644,314,283,611,rock
3631,311,273,602,rock
3622,292,281,606,rock
3630,297,274,604,rock
3629,287,274,594,rock
3636,273,283,608,rock
3648,303,276,601,rock
3620,288,278,607,rock
3639,292,280,596,rock
3623,277,301,616,rock
3635,299,270,604,rock
3626,433,273,600,rock
3621,334,302,623,rock
3599,347,290,614,rock
3635,382,273,605,rock
3626,377,251,634,rock
3634,364,273,603,rock
3630,364,281,609,rock
3653,363,281,609,rock
3651,386,273,610,rock
3630,364,288,610,rock
3626,361,278,615,rock
3631,342,288,614,rock
3628,362,315,637,rock
3638,358,296,632,rock
3651,372,276,611,rock
3633,353,285,617,rock
3636,349,185,612,rock
3629,352,260,608,rock
3641,367,282,610,rock
3630,351,307,640,rock
3630,366,291,612,rock
3632,352,283,621,rock
3634,337,302,634,rock
3644,356,298,634,rock
3632,357,298,629,rock
3624,353,295,638,rock
3629,356,290,624,rock
3632,436,299,641,rock
3631,355,322,635,rock
3618,357,304,632,rock
3630,341,305,632,rock
3634,362,314,643,rock
3630,349,343,671,rock
3621,241,332,655,rock
3637,342,313,642,rock
3625,341,316,650,rock
3620,334,335,668,rock
3638,339,324,661,rock
3626,330,326,674,rock
3605,333,325,652,rock
3628,323,336,655,rock
3627,321,338,664,rock
3616,317,327,675,rock
3662,322,316,656,rock
3630,308,332,668,rock
3663,312,333,672,rock
3633,307,365,680,rock
3637,297,310,658,rock
3632,300,324,650,rock
3645,287,333,668,rock
3631,288,320,656,rock
3631,283,345,670,rock
3610,294,335,688,rock
3628,314,349,685,rock
3630,322,345,674,rock
3613,354,351,696,rock
3627,381,336,666,rock
3645,366,351,683,rock
3718,371,333,665,rock
3641,386,332,672,rock
3605,390,379,698,rock
3640,390,302,657,rock
3638,362,333,674,rock
3635,391,275,650,rock
3634,394,338,674,rock
3631,528,341,692,rock
3632,409,377,700,rock
3631,370,338,669,rock
3652,401,337,667,rock
3635,383,322,651,rock
3647,389,336,667,rock
3627,392,362,681,rock
3643,367,326,674,rock
3632,388,323,658,rock
3611,376,322,653,rock
3630,364,296,634,rock
3629,359,320,651,rock
3631,368,337,666,rock
3627,352,319,657,rock
3624,353,319,661,rock
3626,369,333,661,rock
3608,367,317,657,rock
3617,355,329,658,rock
3631,392,334,670,rock
3602,400,279,630,rock
3631,435,307,650,rock
3631,383,329,653,rock
3631,417,309,642,rock
3590,426,326,677,rock
3611,446,419,670,rock
3633,440,340,680,rock
3627,457,314,673,rock
3628,450,334,698,rock
3629,451,347,690,rock
3627,439,340,690,rock
3638,455,341,685,rock
3629,437,337,687,rock
3635,427,345,687,rock
3634,422,382,728,rock
3603,420,377,710,rock
3625,421,365,704,rock
3642,428,377,696,rock
3633,404,386,676,rock
3626,468,385,663,rock
3628,486,412,692,rock
3545,496,422,698,rock
3608,502,422,698,rock
3617,514,410,672,rock
3629,514,422,695,rock
3641,534,401,668,rock
3550,502,397,669,rock
3626,520,391,685,rock
3639,519,390,671,rock
3635,458,394,664,rock
3629,507,417,684,rock
3631,528,383,707,rock
3634,521,405,684,rock
3622,515,410,674,rock
3626,515,395,669,rock
3637,512,379,708,rock
3632,508,366,704,rock
3650,501,386,661,rock
3630,497,396,665,rock
3633,476,399,680,rock
3617,477,391,674,rock
3630,478,365,723,rock
3635,472,368,710,rock
3611,467,469,712,rock
3629,490,388,662,rock
3666,453,415,692,rock
3633,456,440,696,rock
3610,497,401,677,rock
3611,451,416,682,rock
3635,445,414,684,rock
3619,411,423,689,rock
3631,435,414,698,rock
3630,438,418,680,rock
3607,444,432,688,rock
3633,451,379,704,rock
3716,453,407,690,rock
3629,451,402,667,rock
3631,442,400,671,rock
3635,433,386,657,rock
3634,419,365,688,rock
3630,428,384,649,rock
3623,420,397,672,rock
3631,421,365,713,rock
3634,423,374,695,rock
3631,442,354,684,rock
3634,432,352,694,rock
3646,435,368,712,rock
3629,482,366,723,rock
3621,475,376,709,rock
3624,452,358,705,rock
3623,480,380,711,rock
3634,495,340,693,rock
3597,495,361,715,rock
3632,496,372,710,rock
3631,499,369,702,rock
3645,537,389,695,rock
3666,521,371,726,rock
3624,516,390,678,rock
3635,497,409,691,rock
3623,507,407,705,rock
3645,470,374,725,rock
3614,496,383,723,rock
3635,509,363,708,rock
3625,495,362,701,rock
3629,516,385,676,rock
3621,518,395,681,rock
3623,494,394,667,rock
3629,510,427,699,rock
3551,519,403,681,rock
3642,499,399,675,rock
3646,473,398,682,rock
3632,484,393,675,rock
3632,485,347,677,rock
3617,472,404,694,rock
3638,452,374,729,rock
3630,468,396,691,rock
3622,459,369,711,rock
3615,439,370,713,rock
3630,455,356,703,rock
3631,440,393,681,rock
3632,436,377,711,rock
3614,436,370,714,rock
3612,482,401,691,rock
3628,435,418,670,rock
3643,406,404,670,rock
3755,447,402,671,rock
3536,416,389,658,rock
3633,547,396,673,rock
3631,440,419,687,rock
3621,453,409,680,rock
3642,454,409,678,rock
3624,440,415,683,rock
3627,448,410,671,rock
3642,470,419,679,rock
3630,464,405,684,rock
3621,415,402,676,rock
3627,427,405,686,rock
3616,422,407,697,rock
3625,425,403,668,rock
3613,427,400,667,rock
3632,429,400,667,rock
3639,426,380,714,rock
3631,417,399,667,rock
3630,408,388,665,rock
3639,379,390,661,rock
3627,408,381,730,rock
3563,409,378,728,rock
3626,427,379,726,rock
3489,416,379,710,rock
3628,459,373,722,rock
3655,475,367,717,rock
3627,461,364,711,rock
3634,477,357,710,rock
3636,494,358,713,rock
3619,496,370,723,rock
3632,507,361,704,rock
3628,515,384,660,rock
3629,479,387,664,rock
3629,504,386,676,rock
3633,497,381,717,rock
3609,489,404,683,rock
3639,457,400,664,rock
3635,481,376,694,rock
3631,458,370,694,rock
3639,471,393,663,rock
3628,447,400,683,rock
3653,485,375,707,rock
3628,469,379,729,rock
3632,475,354,696,rock
3632,450,374,708,rock
3635,437,370,711,rock
3625,448,378,719,rock
3620,437,368,701,rock
3634,465,368,707,rock
3651,420,469,722,rock
3649,426,360,684,rock
3635,452,356,699,rock
3510,421,358,712,rock
3640,417,288,656,rock
3628,429,346,687,rock
3629,428,351,696,rock
3629,431,350,710,rock
3628,407,355,688,rock
3627,441,350,704,rock
3649,416,364,708,rock
3627,426,366,718,rock
3627,443,354,709,rock
3610,415,379,714,rock
3634,437,371,698,rock
3634,431,352,688,rock
3617,443,349,707,rock
3632,427,362,694,rock
3630,429,361,701,rock
3632,415,362,703,rock
3628,391,354,698,rock
3631,408,332,678,rock
3629,409,348,690,rock
3604,405,342,683,rock
3629,387,335,677,rock
3636,473,340,679,rock
3621,386,357,692,rock
3628,398,335,677,rock
3627,384,347,681,rock
3625,411,345,681,rock
3634,457,345,688,rock
3612,462,395,666,rock
3605,471,330,663,rock
3630,450,341,684,rock
3631,475,325,669,rock
3617,488,328,666,rock
3630,520,316,677,rock
3635,498,323,663,rock
3629,508,317,668,rock
3494,496,315,659,rock
3633,495,312,662,rock
3638,502,284,645,rock
3631,483,293,638,rock
3617,494,313,662,rock
3601,487,327,673,rock
3626,508,335,690,rock
3629,493,333,688,rock
3607,518,350,702,rock
3643,474,353,699,rock
3645,502,358,713,rock
3635,471,373,711,rock
3630,489,364,716,rock
3631,482,373,718,rock
3644,471,356,698,rock
3609,479,369,702,rock
3628,444,371,703,rock
3628,439,352,692,rock
3613,471,343,696,rock
3629,453,353,701,rock
3605,479,332,687,rock
3605,481,356,710,rock
3618,496,354,705,rock
3644,474,356,707,rock
3625,477,347,684,rock
3637,486,350,692,rock
3659,488,343,690,rock
3649,463,365,707,rock
3610,483,390,686,rock
3643,471,340,681,rock
3645,477,337,669,rock
3634,487,344,679,rock
3606,487,346,706,rock
3630,482,330,683,rock
3600,474,378,722,rock
3631,553,357,712,rock
3627,473,353,694,rock
3631,503,359,711,rock
3645,519,348,703,rock
3668,516,337,701,rock
3622,487,363,710,rock
3634,505,355,707,rock
3625,501,368,713,rock
3630,492,356,704,rock
3628,506,353,692,rock
3620,506,351,706,rock
3621,497,367,710,rock
3647,496,345,693,rock
3643,516,334,690,rock
3650,501,329,678,rock
3626,484,329,672,rock
3628,498,316,669,rock
3605,474,334,686,rock
3598,470,353,688,rock
3637,463,335,699,rock
3698,460,373,707,rock
3617,460,270,638,rock
3632,452,402,689,rock
3631,456,396,677,rock
3659,449,400,663,rock
3628,425,432,695,rock
3626,461,454,726,rock
3617,442,435,704,rock
3654,443,433,708,rock
3629,412,430,696,rock
3616,420,437,703,rock
3639,430,399,674,rock
3609,445,418,690,rock
3630,451,434,691,rock
3629,442,433,695,rock
3634,446,436,708,rock
3629,441,429,702,rock
3605,454,445,715,rock
3654,442,297,663,rock
3628,444,431,706,rock
3628,433,424,682,rock
3642,430,396,665,rock
3630,485,410,680,rock
3630,447,410,670,rock
3629,448,403,672,rock
3628,433,392,658,rock
3643,439,397,681,rock
3627,430,398,671,rock
3632,430,376,684,rock
3613,431,394,668,rock
3629,433,399,673,rock
3616,439,376,706,rock
3627,434,375,737,rock
3528,439,371,718,rock
3637,433,372,707,rock
3638,415,389,680,rock
3611,433,372,700,rock
3628,428,364,711,rock
3600,436,364,711,rock
3638,462,327,695,rock
3739,453,357,710,rock
3755,448,363,713,rock
3625,440,356,702,rock
3628,450,234,666,rock
3633,437,337,685,rock
3646,418,356,699,rock
3628,418,345,688,rock
3622,427,353,690,rock
3628,429,351,704,rock
3629,394,362,690,rock
3626,452,357,700,rock
3625,474,356,701,rock
3614,499,367,726,rock
3627,524,375,726,rock
3614,570,397,669,rock
3635,560,433,696,rock
3629,554,433,702,rock
3623,566,582,765,rock
3632,753,449,725,rock
3613,629,442,720,rock
3636,671,452,754,rock
3632,665,484,784,rock
3634,743,486,787,rock
3664,648,473,760,rock
3631,646,486,778,rock
3633,646,478,769,rock
3631,622,466,739,rock
3606,627,458,738,rock
3613,622,457,738,rock
3638,739,461,749,rock
3623,599,493,773,rock
3628,589,478,765,rock
3657,582,493,780,rock
3629,579,491,778,rock
3627,583,366,753,rock
3635,577,484,759,rock
3627,558,489,766,rock
3627,555,487,779,rock
3630,569,465,745,rock
3613,555,489,767,rock
3632,547,482,759,rock
3661,538,472,738,rock
3638,554,462,756,rock
3618,553,459,735,rock
3621,550,458,731,rock
3631,521,455,737,rock
3673,523,442,712,rock
3632,518,446,725,rock
3635,518,442,717,rock
3654,506,502,751,rock
3627,500,442,707,rock
3625,510,412,693,rock
3625,615,402,693,rock
3627,573,420,701,rock
3657,617,413,701,rock
3626,619,433,712,rock
3557,624,447,727,rock
3629,637,469,754,rock
3629,662,462,780,rock
3605,656,474,757,rock
3625,658,438,743,rock
3652,586,460,743,rock
3625,653,451,731,rock
3596,614,463,738,rock
3816,629,445,729,rock
3633,617,448,731,rock
3631,602,435,715,rock
3630,613,428,708,rock
3627,616,416,696,rock
3592,593,430,705,rock
3629,607,407,691,rock
3641,626,414,706,rock
3629,642,398,693,rock
3608,656,403,687,rock
3651,636,398,679,rock
3627,634,397,681,rock
3630,629,375,715,rock
3636,646,382,731,rock
3632,634,379,718,rock
3664,628,370,706,rock
3666,612,370,711,rock
3717,596,389,673,rock
3630,608,388,696,rock
3645,595,395,680,rock
3629,613,395,669,rock
3660,602,396,697,rock
3628,604,414,686,rock
3626,568,392,682,rock
3602,582,385,658,rock
3599,584,380,734,rock
3630,574,389,692,rock
3625,560,382,737,rock
3649,558,384,676,rock
3630,550,377,704,rock
3649,550,401,674,rock
3626,545,422,699,rock
3624,539,418,697,rock
3619,534,443,710,rock
3674,523,429,704,rock
3635,551,425,703,rock
3627,519,419,697,rock
3643,537,398,685,rock
3633,516,414,693,rock
3629,503,406,682,rock
3631,510,417,680,rock
3632,510,397,670,rock
3642,501,415,688,rock
3660,494,393,667,rock
3631,498,376,709,rock
3629,453,365,696,rock
3644,444,382,725,rock
3624,492,370,689,rock
3630,478,420,689,rock
3628,472,404,672,rock
3627,466,400,664,rock
3634,456,403,687,rock
3641,448,399,683,rock
3661,473,421,694,rock
3631,484,414,692,rock
3622,495,413,680,rock
3639,538,410,684,rock
3629,538,401,673,rock
3633,478,406,674,rock
3624,519,399,685,rock
3636,562,395,678,rock
3630,505,398,674,rock
3751,508,385,663,rock
3633,513,397,690,rock
3631,501,374,731,rock
3625,490,372,719,rock
3639,490,371,704,rock
3632,466,347,700,rock
3624,495,388,677,rock
3629,483,343,699,rock
3631,486,347,692,rock
3638,506,335,702,rock
3661,481,353,694,rock
3598,466,355,696,rock
3635,441,345,674,rock
3633,482,338,681,rock
3642,454,341,677,rock
3603,465,333,680,rock
3630,454,334,684,rock
3630,448,318,670,rock
3636,426,297,640,rock
3631,441,334,676,rock
3629,425,312,657,rock
3625,427,312,643,rock
3631,432,286,657,rock
3631,405,320,649,rock
3599,412,308,640,rock
3631,400,305,655,rock
3638,409,302,647,rock
3637,406,302,644,rock
3633,403,314,638,rock
3629,413,296,620,rock
3636,406,302,642,rock
3631,381,280,613,rock
3633,397,260,608,rock
3627,387,284,618,rock
3634,395,292,621,rock
3653,381,276,618,rock
3664,395,275,610,rock
3615,384,342,654,rock
3632,373,391,635,rock
3597,377,280,612,rock
3629,382,284,620,rock
3615,372,295,624,rock
3629,370,306,640,rock
3634,513,318,663,rock
3645,354,384,649,rock
3635,366,326,669,rock
3625,361,323,658,rock
3638,368,325,656,rock
3623,376,318,660,rock
3629,368,325,668,rock
3630,389,308,659,rock
3612,373,297,649,rock
3610,386,332,675,rock
3633,372,351,689,rock
3628,383,340,666,rock
3617,388,325,666,rock
3620,403,323,658,rock
3641,425,257,622,rock
3630,447,327,672,rock
3642,441,340,683,rock
3608,456,353,692,rock
3616,453,505,730,rock
3628,457,349,682,rock
3661,517,354,694,rock
3639,475,346,686,rock
3613,498,340,688,rock
3631,508,336,684,rock
3620,492,314,674,rock
3615,491,325,682,rock
3635,481,330,673,rock
3628,485,296,641,rock
3620,472,320,660,rock
3632,465,320,658,rock
3649,444,315,651,rock
3621,464,313,653,rock
3608,452,276,631,rock
3659,471,310,650,rock
3640,453,307,644,rock
3636,563,304,638,rock
3631,482,331,658,rock
3559,479,310,662,rock
3625,490,336,662,rock
3631,499,308,648,rock
3636,488,297,625,rock
3626,579,288,638,rock
3620,486,295,647,rock
3629,465,330,652,rock
3619,546,282,631,rock
3639,478,300,636,rock
3643,463,268,618,rock
3632,469,300,640,rock
3611,474,293,644,rock
3617,503,301,648,rock
3630,483,337,660,rock
3633,484,292,644,rock
3627,493,324,668,rock
3629,483,331,675,rock
3631,498,308,667,rock
3633,507,251,694,rock
3631,497,311,676,rock
3601,524,329,679,rock
3627,500,338,690,rock
3629,496,338,689,rock
3630,492,340,690,rock
3637,489,344,691,rock
3613,481,372,713,rock
3639,477,350,702,rock
3628,472,339,686,rock
3649,454,322,671,rock
3623,458,344,682,rock
3631,470,353,692,rock
3739,493,365,726,rock
3631,532,362,712,rock
3599,573,356,709,rock
3650,608,465,714,rock
3633,475,358,712,rock
3614,647,336,702,rock
3636,643,351,716,rock
3663,633,333,697,rock
3618,629,346,704,rock
3622,631,314,678,rock
3616,618,350,697,rock
3618,635,347,704,rock
3619,650,387,680,rock
3645,661,337,694,rock
3630,656,379,724,rock
3640,653,349,710,rock
3600,628,354,706,rock
3597,614,359,714,rock
3641,637,344,707,rock
3629,593,337,677,rock
3716,602,322,673,rock
3630,589,334,688,rock
3620,584,329,676,rock
3632,578,340,685,rock
3628,576,352,685,rock
3628,561,314,666,rock
3654,571,192,630,rock
3636,577,316,660,rock
3625,556,316,659,rock
3621,552,302,656,rock
3655,588,310,656,rock
3630,528,306,649,rock
3633,531,304,656,rock
3629,532,304,656,rock
3642,494,308,646,rock
3630,505,297,640,rock
3656,514,299,642,rock
3624,488,298,644,rock
3634,499,297,636,rock
3625,496,299,647,rock
3631,501,299,641,rock
3612,489,376,672,rock
3626,465,310,649,rock
3626,478,298,635,rock
3618,469,350,671,rock
3648,453,301,646,rock
3612,457,314,649,rock
3633,443,325,665,rock
3652,468,320,657,rock
3628,468,317,664,rock
3626,457,314,667,rock
3633,472,324,656,rock
3627,444,324,660,rock
3631,462,340,683,rock
3634,461,338,669,rock
3634,431,351,699,rock
3605,450,352,689,rock
3626,423,364,711,rock
3643,434,364,713,rock
3621,452,422,706,rock
3646,463,353,689,rock
3630,465,361,712,rock
3623,463,360,705,rock
3642,451,367,718,rock
3612,461,344,692,rock
3632,455,355,699,rock
3644,469,329,682,rock
3633,534,351,704,rock
3605,459,349,699,rock
3621,469,300,662,rock
3630,445,314,663,rock
3651,451,347,688,rock
3630,462,351,702,rock
3645,438,356,691,rock
3629,457,318,681,rock
3656,466,342,690,rock
3636,466,329,671,rock
3630,542,335,687,rock
3626,459,330,675,rock
3510,455,329,675,rock
3638,460,326,673,rock
3629,477,325,674,rock
3633,467,321,656,rock
3617,425,322,656,rock
3651,441,320,656,rock
3615,426,316,660,rock
3631,445,315,658,rock
3605,421,321,646,rock
3619,431,313,656,rock
3631,401,323,653,rock
3645,418,296,640,rock
3642,428,307,650,rock
3636,412,315,640,rock
3616,426,303,647,rock
3617,409,303,645,rock
3644,406,298,645,rock
3628,401,300,632,rock
3604,397,309,640,rock
3629,405,289,622,rock
3628,392,313,640,rock
3628,384,312,640,rock
3629,380,311,658,rock
3614,369,312,652,rock
3603,388,322,653,rock
3632,428,302,653,rock
3633,471,294,648,rock
3623,478,301,646,rock
3618,490,306,644,rock
3629,512,320,647,rock
3653,534,312,653,rock
3631,575,340,676,rock
3635,570,287,647,rock
3640,563,306,651,rock
3627,555,302,657,rock
3627,549,413,659,rock
3625,527,297,641,rock
3637,549,358,672,rock
3614,549,305,644,rock
3620,552,311,661,rock
3641,532,291,646,rock
3642,545,292,661,rock
3631,550,311,694,rock
3719,545,324,663,rock
3637,541,295,658,rock
3627,536,315,668,rock
3642,528,330,678,rock
3643,530,320,670,rock
3635,508,347,692,rock
3651,502,322,672,rock
3631,502,326,683,rock
3629,499,328,670,rock
3627,490,332,674,rock
3641,488,332,681,rock
3627,500,330,677,rock
3622,469,339,680,rock
3627,480,359,697,rock
3616,467,366,698,rock
3630,468,343,696,rock
3627,456,353,702,rock
3628,453,368,700,rock
3635,466,372,705,rock
3631,446,370,698,rock
3626,438,382,716,rock
3607,425,399,681,rock
3627,436,395,661,rock
3630,425,425,673,rock
3641,441,397,678,rock
3729,420,389,658,rock
3613,406,347,680,rock
3659,412,387,668,rock
3616,401,412,672,rock
3631,403,374,720,rock
3615,394,377,719,rock
3645,399,359,711,rock
3616,379,400,681,rock
3613,371,388,654,rock
3609,402,373,720,rock
3653,447,376,725,rock
3620,438,390,691,rock
3628,483,370,716,rock
3631,500,372,715,rock
3657,466,358,720,rock
3629,497,362,713,rock
3631,526,363,718,rock
3611,555,360,708,rock
3625,575,343,712,rock
3638,577,427,700,rock
3625,563,348,706,rock
3629,566,369,705,rock
3634,574,368,725,rock
3629,576,368,720,rock
3621,570,364,723,rock
3629,555,362,718,rock
3657,569,351,719,rock
3635,527,353,698,rock
3642,522,346,701,rock
3628,552,315,679,rock
3647,581,345,698,rock
3629,550,340,690,rock
3632,565,264,649,rock
3613,542,365,710,rock
3637,541,356,708,rock
3629,534,344,698,rock
3648,530,422,698,rock
3630,534,363,703,rock
3614,577,371,732,rock
3630,513,372,720,rock
3627,513,368,714,rock
3630,505,366,723,rock
3625,517,369,713,rock
3631,495,370,720,rock
3622,494,384,674,rock
3628,460,372,726,rock
3643,463,407,706,rock
3605,491,354,709,rock
3606,475,342,698,rock
3646,484,350,705,rock
3655,477,353,699,rock
3636,483,361,711,rock
3637,475,352,705,rock
3604,471,358,715,rock
3611,466,368,702,rock
3653,486,349,702,rock
3628,487,348,694,rock
3638,483,345,664,rock
3627,499,341,690,rock
3614,453,346,683,rock
3617,456,331,675,rock
3637,432,330,663,rock
3628,473,360,684,rock
3640,467,326,675,rock
3629,471,328,674,rock
3625,468,321,665,rock
3631,449,311,679,rock
3649,455,227,654,rock
3610,464,316,650,rock
3629,465,336,667,rock
3631,471,317,665,rock
3610,461,333,667,rock
3626,481,316,658,rock
3657,473,298,646,rock
3633,486,311,653,rock
3624,452,306,638,rock
3767,467,305,652,rock
3652,459,310,646,rock
3605,471,295,654,rock
3606,468,303,644,rock
3631,468,297,640,rock
3623,455,292,626,rock
3629,449,296,637,rock
3649,453,323,654,rock
3631,460,297,638,rock
3609,441,315,642,rock
3629,442,298,640,rock
3633,454,298,632,rock
3629,438,317,662,rock
3627,453,296,644,rock
3632,450,334,690,rock
3634,463,326,676,rock
3627,450,338,677,rock
3651,442,336,672,rock
3616,441,335,681,rock
3620,420,334,679,rock
3666,438,330,660,rock
3637,428,332,678,rock
3628,418,326,665,rock
3629,421,326,671,rock
3630,423,353,673,rock
3648,409,306,654,rock
3611,411,320,648,rock
3634,391,318,659,rock
3664,405,328,669,rock
3630,393,334,672,rock
3612,370,330,671,rock
3637,396,340,674,rock
3629,396,305,643,rock
3632,388,356,685,rock
3653,400,329,669,rock
3632,361,298,644,rock
3605,370,332,671,rock
3619,379,342,683,rock
3628,396,325,663,rock
3620,418,328,662,rock
3600,425,286,645,rock
3630,409,331,668,rock
3613,413,329,659,rock
3626,430,324,662,rock
3624,430,322,660,rock
3628,430,320,657,rock
3618,454,315,659,rock
3611,478,315,658,rock
3623,491,318,652,rock
3629,484,305,652,rock
3626,492,311,658,rock
3598,483,304,636,rock
3614,501,270,635,rock
3629,490,312,643,rock
3624,512,320,666,rock
3629,537,327,696,rock
3698,513,355,707,rock
3638,506,363,709,rock
3612,501,380,720,rock
3639,518,375,727,rock
3623,522,388,664,rock
3628,567,395,668,rock
3639,594,377,709,rock
3607,572,391,693,rock
3609,581,408,686,rock
3607,568,410,679,rock
3635,574,392,668,rock
3634,556,394,670,rock
3634,544,418,693,rock
3649,529,418,688,rock
3613,512,420,700,rock
3637,526,403,677,rock
3646,535,402,681,rock
3619,540,430,713,rock
3629,511,440,713,rock
3642,507,435,710,rock
3596,528,441,720,rock
3635,531,494,751,rock
3650,548,434,718,rock
3606,591,449,728,rock
3626,595,423,724,rock
3599,587,456,726,rock
3640,559,442,726,rock
3650,561,457,736,rock
3617,584,448,733,rock
3633,626,436,717,rock
3626,607,432,711,rock
3636,609,438,725,rock
3631,622,422,728,rock
3615,617,434,720,rock
3649,663,419,714,rock
3627,607,467,734,rock
3605,604,437,727,rock
3605,615,426,707,rock
3631,591,442,722,rock
3626,644,461,737,rock
3634,668,412,711,rock
3627,645,449,729,rock
3630,638,429,714,rock
3631,650,434,716,rock
3639,671,442,726,rock
3614,682,442,718,rock
3633,675,422,712,rock
3614,691,420,704,rock
3630,674,444,720,rock
3634,728,411,702,rock
3609,669,405,702,rock
3647,657,399,693,rock
3630,659,426,701,rock
3615,648,373,706,rock
3607,646,390,688,rock
3622,644,394,672,rock
3631,657,413,719,rock
3630,653,356,727,rock
3610,638,371,730,rock
3629,642,369,720,rock
3637,637,419,704,rock
3638,640,365,729,rock
3627,652,377,726,rock
3628,633,361,722,rock
3617,647,362,721,rock
3646,645,331,704,rock
3626,639,357,726,rock
3651,632,359,722,rock
3634,624,357,717,rock
3642,639,370,733,rock
3648,595,411,707,rock
3648,624,378,709,rock
3642,609,363,724,rock
3633,607,396,702,rock
3631,599,378,710,rock
3627,609,389,677,rock
3631,603,388,663,rock
3633,555,386,656,rock
3632,587,364,719,rock
3627,559,410,686,rock
3636,571,374,722,rock
3636,563,374,732,rock
3655,563,391,680,rock
3645,587,380,727,rock
3632,580,381,739,rock
3631,559,366,726,rock
3595,565,373,738,rock
3627,558,374,732,rock
3625,559,371,722,rock
3607,552,363,710,rock
3653,527,361,695,rock
3620,546,357,704,rock
3632,542,355,714,rock
3645,536,357,715,rock
3632,526,351,713,rock
3619,528,353,702,rock
3632,479,348,702,rock
3622,497,360,699,rock
3633,504,355,705,rock
3658,503,354,687,rock
3629,486,339,691,rock
3634,493,344,687,rock
3648,482,439,705,rock
3619,485,345,680,rock
3648,474,321,664,rock
3632,476,336,674,rock
3630,470,353,686,rock
3630,471,340,681,rock
3638,480,348,694,rock
3655,467,382,726,rock
3629,500,292,669,rock
3640,484,350,699,rock
3643,494,320,675,rock
3563,512,346,697,rock
3635,528,306,671,rock
3632,525,317,686,rock
3631,518,346,690,rock
3608,512,344,685,rock
3637,506,348,690,rock
3643,479,345,687,rock
3666,495,348,693,rock
3632,501,337,678,rock
3632,533,328,686,rock
3605,494,340,684,rock
3632,504,339,684,rock
3638,495,346,706,rock
3667,500,344,690,rock
3633,508,349,697,rock
3649,510,335,687,rock
3627,538,326,671,rock
3613,525,336,682,rock
3629,520,362,695,rock
3639,515,320,668,rock
3632,522,324,670,rock
3627,505,322,662,rock
3626,503,326,679,rock
3634,492,326,676,rock
3631,509,325,675,rock
3625,623,319,687,rock
3635,498,346,699,rock
3628,529,376,723,rock
3615,549,379,725,rock
3644,554,354,704,rock
3623,557,365,696,rock
3648,571,358,704,rock
3648,607,404,681,rock
3627,610,380,717,rock
3622,565,419,701,rock
3634,574,422,703,rock
3628,579,419,693,rock
3624,469,422,694,rock
3632,564,409,688,rock
3631,549,406,675,rock
3633,554,395,668,rock
3607,547,393,682,rock
3631,543,363,697,rock
3636,540,359,694,rock
3631,539,369,710,rock
3601,549,379,716,rock
3633,505,408,689,rock
3634,524,379,709,rock
3616,510,390,669,rock
3637,521,386,656,rock
3629,522,407,687,rock
3640,510,358,712,rock
3612,499,405,675,rock
3630,496,394,682,rock
3630,518,395,672,rock
3817,497,395,678,rock
3614,489,412,679,rock
3641,486,403,677,rock
3625,458,402,672,rock
3636,458,391,690,rock
3639,466,387,658,rock
3631,465,425,677,rock
3628,435,401,665,rock
3705,432,410,679,rock
3582,452,414,683,rock
3641,451,414,670,rock
3655,453,383,721,rock
3628,450,400,675,rock
3629,436,402,672,rock
3637,413,407,683,rock
3633,439,410,667,rock
3621,431,400,662,rock
3627,423,421,686,rock
3605,450,406,679,rock
3628,392,406,675,rock
3634,420,400,659,rock
3629,339,422,679,rock
3650,427,386,660,rock
3645,402,395,651,rock
3631,388,375,722,rock
3641,386,380,708,rock
3640,376,379,698,rock
3619,385,382,706,rock
3616,439,399,664,rock
3631,401,377,702,rock
3620,484,405,670,rock
3629,386,390,668,rock
3682,370,395,652,rock
3637,479,396,658,rock
3635,392,377,686,rock
3641,391,382,711,rock
3617,420,351,707,rock
3625,272,389,666,rock
3619,395,384,650,rock
3609,383,532,717,rock
3577,382,377,720,rock
3648,370,342,710,rock
3650,382,357,710,rock
3657,367,364,701,rock
3621,368,391,687,rock
3657,365,372,710,rock
3627,342,371,709,rock
3635,254,366,693,rock
3630,354,330,678,rock
3626,355,331,680,rock
3649,362,356,690,rock
3633,342,354,688,rock
3631,351,324,675,rock
3633,351,366,694,rock
3634,269,394,649,rock
3629,320,401,668,rock
3633,345,407,669,rock
3633,360,391,683,rock
3627,338,384,645,rock
3510,345,400,655,rock
3647,371,382,701,rock
3643,379,399,681,rock
3630,389,389,654,rock
3616,364,405,659,rock
3632,375,388,657,rock
3615,373,385,655,rock
3627,387,381,718,rock
3633,397,373,724,rock
3614,412,372,708,rock
3612,391,377,719,rock
3634,404,343,708,rock
3604,370,378,709,rock
3466,398,370,704,rock
3625,393,368,710,rock
3634,394,368,704,rock
3628,396,366,713,rock
3629,395,363,707,rock
3634,426,351,709,rock
3631,426,358,721,rock
3630,456,334,685,rock
3626,479,344,679,rock
3631,465,355,687,rock
3628,449,342,685,rock
3631,459,341,674,rock
3634,478,351,709,rock
3623,504,334,691,rock
3621,500,318,667,rock
3600,503,342,697,rock
3665,492,327,673,rock
3633,483,334,680,rock
3635,478,334,684,rock
3648,477,324,675,rock
3626,469,326,674,rock
3631,455,323,665,rock
3631,464,313,656,rock
3626,443,339,681,rock
3633,440,333,675,rock
3616,452,336,673,rock
3640,472,325,666,rock
3640,435,353,670,rock
3617,459,318,667,rock
3631,426,315,650,rock
3651,428,310,660,rock
3628,442,307,647,rock
3630,444,311,656,rock
3633,440,319,656,rock
3646,423,376,673,rock
3791,436,304,633,rock
3639,425,300,634,rock
3609,417,303,648,rock
3618,416,292,627,rock
3629,415,296,629,rock
3643,409,264,606,rock
3620,495,320,644,rock
3639,401,291,630,rock
3629,409,311,645,rock
3603,415,308,634,rock
3621,401,306,630,rock
3627,400,288,626,rock
3638,411,295,636,rock
3648,286,292,631,rock
3631,409,295,640,rock
3627,382,292,623,rock
3631,381,292,622,rock
3689,403,286,632,rock
3635,388,235,632,rock
3632,381,279,628,rock
3640,395,264,608,rock
3646,387,266,610,rock
3630,395,292,614,rock
3639,390,245,644,rock
3627,403,275,608,rock
3615,387,291,609,rock
3629,392,270,609,rock
3629,323,275,592,rock
3468,381,264,609,rock
3647,377,234,624,rock
3639,378,251,638,rock
3647,373,296,623,rock
3629,368,286,610,rock
3631,370,318,634,rock
3626,374,303,634,rock
3642,392,274,605,rock
3626,414,279,636,rock
3630,447,252,648,rock
3631,483,265,603,rock
3631,486,285,628,rock
3614,472,296,628,rock
3632,368,306,644,rock
3618,531,260,615,rock
3616,532,269,615,rock
3632,579,224,639,rock
3636,578,260,633,rock
3640,583,311,669,rock
3629,573,311,684,rock
3628,584,327,686,rock
3633,580,355,689,rock
3631,576,388,687,rock
3631,568,389,684,rock
3635,586,381,744,rock
3621,567,382,713,rock
3657,549,399,699,rock
3617,560,377,728,rock
3634,549,385,687,rock
3639,545,367,724,rock
3614,535,449,709,rock
3654,547,361,714,rock
3607,508,387,675,rock
3633,517,355,701,rock
3639,513,324,694,rock
3610,509,357,708,rock
3630,505,345,698,rock
3627,538,350,702,rock
3609,549,351,701,rock
3633,541,369,706,rock
3629,559,317,673,rock
3636,582,329,670,rock
3631,575,331,686,rock
3632,591,326,689,rock
3628,595,325,682,rock
3606,578,278,641,rock
3627,558,334,675,rock
3640,575,314,649,rock
3629,574,313,659,rock
3633,563,309,658,rock
3630,550,308,668,rock
3646,551,308,660,rock
3629,524,309,658,rock
3621,536,354,679,rock
3648,529,330,662,rock
3664,527,302,648,rock
3633,519,302,655,rock
3617,518,299,653,rock
3631,504,264,628,rock
3628,507,334,668,rock
3726,503,309,661,rock
3630,495,312,644,rock
3640,489,328,664,rock
3628,458,338,682,rock
3627,474,341,691,rock
3639,468,348,698,rock
3626,445,378,706,rock
3628,435,362,712,rock
3644,480,368,708,rock
3608,449,312,676,rock
3625,447,360,692,rock
3641,450,409,678,rock
3631,444,399,669,rock
3618,436,419,676,rock
3606,431,436,700,rock
3649,431,432,703,rock
3630,405,462,706,rock
3634,430,393,691,rock
3628,440,451,720,rock
3613,437,447,717,rock
3613,433,424,701,rock
3633,388,425,702,rock
3711,439,451,713,rock
3610,441,441,714,rock
3629,443,440,705,rock
3632,448,426,698,rock
3629,435,426,674,rock
3624,462,424,683,rock
3615,430,414,690,rock
3615,425,432,695,rock
3625,443,375,692,rock
3627,430,400,674,rock
3622,470,314,662,rock
3627,518,398,675,rock
3626,555,330,674,rock
3639,575,376,699,rock
3585,554,388,674,rock
3616,631,384,686,rock
3628,598,392,683,rock
3635,612,368,726,rock
3633,620,374,740,rock
3647,620,370,720,rock
3637,635,354,718,rock
3621,644,362,720,rock
3630,652,363,729,rock
3629,657,357,717,rock
3635,620,362,721,rock
3625,642,366,733,rock
3654,631,386,689,rock
3677,640,373,717,rock
3631,613,370,702,rock
3616,628,377,715,rock
3636,628,384,672,rock
3632,642,393,673,rock
3629,682,388,701,rock
3637,686,387,686,rock
3651,670,410,686,rock
3633,699,448,722,rock
3617,703,375,743,rock
3633,707,382,721,rock
3636,695,387,684,rock
3629,659,382,744,rock
3641,714,394,698,rock
3606,682,385,692,rock
3633,675,416,708,rock
3632,664,374,716,rock
3638,667,361,704,rock
3619,669,374,728,rock
3625,673,402,695,rock
3644,681,360,727,rock
3630,668,369,734,rock
3630,636,365,715,rock
3637,635,382,739,rock
3625,616,357,720,rock
3630,637,380,728,rock
3711,628,366,722,rock
3629,624,369,724,rock
3691,616,371,698,rock
3633,589,380,734,rock
3541,614,378,722,rock
3631,610,344,692,rock
3629,604,393,698,rock
3619,591,397,694,rock
3627,590,375,737,rock
3629,594,402,697,rock
3629,583,407,712,rock
3598,562,370,721,rock
3600,576,365,732,rock
3628,539,379,707,rock
3627,559,380,711,rock
3629,556,378,727,rock
3652,452,360,709,rock
3630,436,368,717,rock
3636,556,368,714,rock
3631,578,374,726,rock
3631,547,356,698,rock
3648,553,367,728,rock
3613,552,364,714,rock
3635,563,364,712,rock
3616,555,361,715,rock
3627,533,386,681,rock
3665,532,336,689,rock
3633,507,361,710,rock
3625,508,350,704,rock
3629,514,346,699,rock
3629,509,355,700,rock
3653,493,350,706,rock
3631,494,342,691,rock
3639,497,342,684,rock
3647,555,329,683,rock
3628,575,336,685,rock
3602,607,324,695,rock
3641,609,319,684,rock
3635,636,331,690,rock
3641,666,326,699,rock
3653,704,328,688,rock
3613,678,411,682,rock
3631,681,325,691,rock
3630,688,336,676,rock
3635,691,319,692,rock
3638,687,311,672,rock
3628,687,282,654,rock
3638,678,244,680,rock
3641,658,339,681,rock
3651,660,270,648,rock
3625,664,307,650,rock
3583,664,320,676,rock
3640,669,326,696,rock
3628,648,350,696,rock
3654,689,336,686,rock
3613,656,408,674,rock
3633,667,324,680,rock
3630,671,310,675,rock
3625,643,321,674,rock
3624,656,329,678,rock
3628,638,327,692,rock
3630,638,328,677,rock
3631,626,327,690,rock
3639,527,333,694,rock
3629,547,349,693,rock
3685,619,369,715,rock
3635,631,441,721,rock
3627,653,402,701,rock
3647,671,393,667,rock
3629,654,397,691,rock
3632,674,437,727,rock
3642,665,431,726,rock
3638,668,428,706,rock
3632,676,410,698,rock
3636,672,419,708,rock
3609,669,433,711,rock
3656,678,382,724,rock
3643,638,422,704,rock
3633,657,370,724,rock
3652,642,397,686,rock
3660,598,397,696,rock
3631,631,377,726,rock
3630,631,391,685,rock
3659,608,379,712,rock
3628,629,412,696,rock
3636,606,376,727,rock
3641,588,360,720,rock
3611,588,335,716,rock
3633,582,365,727,rock
3631,576,365,723,rock
3639,576,352,710,rock
3628,560,374,724,rock
3645,554,343,696,rock
3649,541,452,716,rock
3629,566,384,674,rock
3611,557,425,695,rock
3618,583,358,717,rock
3645,573,373,733,rock
3610,594,396,698,rock
3630,604,366,722,rock
3614,597,365,721,rock
3617,576,380,720,rock
3620,611,406,709,rock
3604,625,373,733,rock
3642,613,400,701,rock
3626,631,372,726,rock
3643,628,370,719,rock
3626,603,364,717,rock
3620,611,360,715,rock
3630,601,376,713,rock
3631,598,363,718,rock
3638,582,427,704,rock
3630,580,361,717,rock
3647,573,352,696,rock
3627,579,316,680,rock
3607,561,364,703,rock
3631,562,342,715,rock
3628,568,346,694,rock
3629,573,332,690,rock
3659,587,329,678,rock
3641,582,334,684,rock
3630,579,325,681,rock
3675,582,328,662,rock
3637,592,332,693,rock
3636,746,335,697,rock
3647,608,278,667,rock
3601,607,334,693,rock
3614,594,363,701,rock
3644,590,319,685,rock
3628,576,338,681,rock
3660,544,332,678,rock
3654,586,312,660,rock
3645,566,315,675,rock
3616,551,360,698,rock
3625,548,364,715,rock
3630,529,378,713,rock
3610,571,406,713,rock
3632,533,418,682,rock
3628,525,418,694,rock
3641,528,433,704,rock
3628,551,427,715,rock
3629,524,450,725,rock
3605,525,448,721,rock
3632,528,447,725,rock
3668,526,438,725,rock
3627,514,408,711,rock
3631,496,441,708,rock
3656,492,556,734,rock
3622,491,437,710,rock
3656,497,420,699,rock
3610,495,426,700,rock
3601,472,430,708,rock
3607,467,404,683,rock
3619,464,417,685,rock
3647,472,325,688,rock
3629,516,401,670,rock
3604,503,412,687,rock
3622,610,415,688,rock
3633,523,380,715,rock
3631,507,408,684,rock
3610,506,408,675,rock
3641,499,413,690,rock
3642,485,403,678,rock
3626,483,426,683,rock
3624,492,401,670,rock
3634,508,397,676,rock
3614,475,402,669,rock
3634,489,417,682,rock
3629,480,405,677,rock
3747,475,411,687,rock
3623,449,410,678,rock
3631,468,414,686,rock
3601,446,449,693,rock
3621,436,408,670,rock
3627,435,402,683,rock
3629,447,398,667,rock
3635,449,397,693,rock
3608,437,394,669,rock
3624,470,408,677,rock
3612,446,420,680,rock
3615,440,415,692,rock
3625,435,420,681,rock
3642,438,416,686,rock
3633,333,417,672,rock
3620,449,444,702,rock
3670,436,395,661,rock
3604,435,436,687,rock
3615,445,456,698,rock
3628,419,392,666,rock
3628,438,385,654,rock
3626,420,392,665,rock
3621,423,399,668,rock
3638,422,373,699,rock
3629,426,373,713,rock
3636,413,403,662,rock
3654,413,378,694,rock
3639,423,391,684,rock
3627,428,384,647,rock
3643,444,382,707,rock
3640,337,384,680,rock
3598,445,376,717,rock
3609,442,384,672,rock
3630,464,352,713,rock
3627,464,391,692,rock
3628,490,373,719,rock
3629,472,368,708,rock
3659,493,367,726,rock
3631,457,364,704,rock
3618,466,371,722,rock
3611,475,366,715,rock
3662,419,375,720,rock
3652,464,482,729,rock
3635,504,369,710,rock
3642,457,357,714,rock
3627,453,391,688,rock
3624,447,383,712,rock
3640,446,383,722,rock
3625,440,376,716,rock
3621,447,376,708,rock
3636,465,382,718,rock
3623,450,375,729,rock
3655,475,365,720,rock
3635,442,382,718,rock
3638,448,374,721,rock
3604,496,380,732,rock
3630,427,401,658,rock
3628,424,403,666,rock
3629,399,410,674,rock
3617,434,414,683,rock
3629,409,418,678,rock
3629,407,407,688,rock
3618,403,441,711,rock
3592,401,450,708,rock
3650,384,445,714,rock
3623,397,472,729,rock
3644,399,426,703,rock
3631,378,446,724,rock
3634,385,459,729,rock
3653,380,356,724,rock
3614,373,477,746,rock
3648,381,470,744,rock
3620,387,509,770,rock
3610,398,471,758,rock
3635,392,500,770,rock
3624,402,489,764,rock
3645,420,476,752,rock
3626,413,475,746,rock
3659,434,471,753,rock
3643,448,472,743,rock
3631,445,488,746,rock
3651,458,455,746,rock
3598,450,447,733,rock
3643,423,442,715,rock
3629,420,435,716,rock
3624,434,597,756,rock
3623,431,435,701,rock
3607,451,422,704,rock
3633,423,413,688,rock
3635,428,429,696,rock
3602,425,414,685,rock
3633,430,407,688,rock
3631,437,402,669,rock
3629,416,406,670,rock
3635,417,414,681,rock
3663,417,403,666,rock
3628,406,395,661,rock
3630,365,408,665,rock
3626,419,401,665,rock
3630,406,388,660,rock
3631,398,415,674,rock
3636,397,385,642,rock
3625,432,387,663,rock
3599,431,391,666,rock
3616,421,381,729,rock
3643,421,422,709,rock
3637,454,372,699,rock
3628,479,324,687,rock
3620,452,360,702,rock
3666,456,347,687,rock
3632,449,357,704,rock
3630,446,389,680,rock
3639,430,368,702,rock
3663,433,351,699,rock
3631,430,368,712,rock
3629,432,377,720,rock
3632,425,375,723,rock
3601,426,396,679,rock
3662,427,384,659,rock
3647,414,395,683,rock
3628,393,407,682,rock
3630,403,365,689,rock
3718,412,385,678,rock
3642,397,358,716,rock
3630,401,366,716,rock
3637,404,355,704,rock
3635,407,373,698,rock
3611,399,369,699,rock
3631,404,372,706,rock
3633,387,416,684,rock
3601,396,462,701,rock
3630,393,409,677,rock
3617,385,403,675,rock
3632,391,405,680,rock
3608,380,416,671,rock
3629,430,397,653,rock
3633,421,391,676,rock
3644,387,387,652,rock
3628,415,374,722,rock
3637,401,375,694,rock
3630,409,365,687,rock
3631,406,377,705,rock
3588,410,387,678,rock
3637,414,374,722,rock
3630,413,372,717,rock
3629,413,376,706,rock
3632,421,336,691,rock
3640,379,358,680,rock
3606,411,375,714,rock
3645,417,353,699,rock
3638,298,349,693,rock
3629,407,378,713,rock
3643,395,363,704,rock
3635,396,366,708,rock
3638,361,364,700,rock
3638,397,371,708,rock
3611,393,353,702,rock
3638,389,341,692,rock
3635,397,345,686,rock
3629,365,364,697,rock
3630,379,361,688,rock
3629,359,360,690,rock
3631,381,372,708,rock
3654,374,360,705,rock
3652,376,280,640,rock
3626,386,349,692,rock
3631,375,348,684,rock
3633,366,351,698,rock
3649,380,302,662,rock
3627,358,341,676,rock
3664,356,309,663,rock
3641,350,327,668,rock
3613,371,320,656,rock
3625,373,325,666,rock
3630,368,321,650,rock
3644,339,316,644,rock
3517,361,318,658,rock
3622,357,334,665,rock
3628,372,314,629,rock
3625,347,310,648,rock
3633,356,332,661,rock
3632,370,296,623,rock
3634,354,326,648,rock
3603,351,301,639,rock
3630,351,313,631,rock
3595,362,290,627,rock
3596,351,294,638,rock
3631,335,305,625,rock
3630,348,285,628,rock
3630,312,308,628,rock
3628,341,298,627,rock
3640,306,282,602,rock
3630,350,298,618,rock
3629,322,269,611,rock
3629,314,256,589,rock
3630,317,274,592,rock
3642,300,282,616,rock
3610,360,258,614,rock
3629,344,266,593,rock
3631,342,291,619,rock
3646,348,280,617,rock
3608,340,451,660,rock
3632,338,288,613,rock
3602,332,290,626,rock
3646,311,297,628,rock
3661,330,308,640,rock
3632,344,313,644,rock
3647,324,317,647,rock
3632,323,317,651,rock
3621,349,299,641,rock
3631,321,297,621,rock
3732,318,333,676,rock
3630,303,328,642,rock
3623,327,306,654,rock
3642,303,347,664,rock
3632,306,325,662,rock
3627,314,324,659,rock
3598,315,322,658,rock
3628,312,307,642,rock
3630,327,314,644,rock
3631,337,309,648,rock
3628,327,296,630,rock
3628,331,315,648,rock
3632,340,331,652,rock
3632,344,311,650,rock
3589,341,311,652,rock
3609,339,317,652,rock
3631,336,304,636,rock
3632,334,332,657,rock
3666,322,304,632,rock
3625,322,301,641,rock
3628,325,305,639,rock
3621,343,284,628,rock
3627,312,305,624,rock
3631,329,296,621,rock
3647,313,291,619,rock
3622,296,313,629,rock
3626,369,268,605,rock
3618,320,269,607,rock
3629,297,281,605,rock
3614,297,281,609,rock
3630,297,290,613,rock
3638,284,290,607,rock
3630,304,290,628,rock
3636,213,279,614,rock
3630,287,292,604,rock
3642,292,265,596,rock
3630,295,265,595,rock
3627,319,265,599,rock
3627,312,265,608,rock
3594,316,284,606,rock
3626,303,256,602,rock
3632,298,276,599,rock
3628,316,266,592,rock
3636,307,268,598,rock
3630,305,268,593,rock
3650,302,292,605,rock
3743,313,265,598,rock
3604,307,265,601,rock
3627,332,266,594,rock
3643,305,331,644,rock
3634,323,260,607,rock
3625,323,257,585,rock
3741,306,256,604,rock
3623,323,259,612,rock
3644,341,253,632,rock
3638,329,256,609,rock
3628,358,248,630,rock
3641,339,251,643,rock
3633,378,256,598,rock
3649,427,245,640,rock
3631,465,256,618,rock
3631,454,242,657,rock
3629,458,249,649,rock
3634,469,249,633,rock
3624,448,251,662,rock
3627,437,294,639,rock
3628,432,272,604,rock
3629,441,267,599,rock
3653,445,235,649,rock
3627,412,281,601,rock
3632,444,249,645,rock
3629,445,258,589,rock
3629,438,265,615,rock
3628,438,270,615,rock
3636,434,247,642,rock
3645,411,266,606,rock
3624,426,263,605,rock
3631,422,249,642,rock
3634,435,252,650,rock
3630,413,277,604,rock
3624,418,271,620,rock
3626,410,282,616,rock
3612,400,131,583,rock
3639,392,283,624,rock
3683,394,297,624,rock
3627,398,288,632,rock
3630,384,332,670,rock
3630,395,323,659,rock
3606,374,327,666,rock
3626,373,342,664,rock
3645,357,323,657,rock
3628,383,322,657,rock
3624,343,318,651,rock
3649,378,317,652,rock
3630,363,317,658,rock
3601,364,306,638,rock
3653,353,428,658,rock
3629,353,321,640,rock
3656,355,296,622,rock
3628,342,289,602,rock
3627,342,284,624,rock
3633,327,296,627,rock
3629,318,307,618,rock
3627,330,283,620,rock
3641,353,288,609,rock
3639,306,292,619,rock
3626,340,275,614,rock
3627,353,270,620,rock
3633,373,277,613,rock
3495,326,281,600,rock
3630,346,294,621,rock
3790,348,282,602,rock
3652,361,266,603,rock
3631,332,279,629,rock
3618,375,254,647,rock
3631,379,262,605,rock
3628,351,278,624,rock
3613,360,275,601,rock
3628,372,302,624,rock
3632,375,280,609,rock
3626,416,254,639,rock
3610,388,219,622,rock
3655,399,278,625,rock
3655,399,280,607,rock
3616,426,251,635,rock
3620,416,268,618,rock
3627,410,371,664,rock
3629,407,272,615,rock
3633,406,259,597,rock
3629,400,265,592,rock
3625,384,259,586,rock
3634,389,264,594,rock
3641,389,272,596,rock
3620,390,256,593,rock
3624,357,272,599,rock
3598,388,284,609,rock
3627,380,249,634,rock
3626,358,259,598,rock
3631,342,260,594,rock
3639,361,261,598,rock
3633,362,273,600,rock
3643,364,295,635,rock
3636,377,310,651,rock
3628,345,310,647,rock
3673,343,308,643,rock
3654,341,165,600,rock
3644,336,304,629,rock
3631,328,325,637,rock
3630,323,299,632,rock
3601,337,298,632,rock
3628,324,304,629,rock
3634,302,264,603,rock
3633,301,296,622,rock
3625,316,280,612,rock
3633,309,305,616,rock
3633,271,301,627,rock
3626,312,287,641,rock
3631,304,308,634,rock
3632,305,292,620,rock
3600,301,239,638,rock
3630,321,278,625,rock
3611,344,295,621,rock
3643,368,305,623,rock
3621,403,286,622,rock
3621,380,292,623,rock
3608,369,333,658,rock
3638,375,343,669,rock
3528,378,303,648,rock
3626,382,298,636,rock
3632,378,309,649,rock
3645,391,303,645,rock
3639,363,288,626,rock
3614,351,387,640,rock
3625,356,313,642,rock
3629,370,306,634,rock
3642,372,336,648,rock
3634,385,290,623,rock
3683,372,305,629,rock
3639,395,296,625,rock
3647,394,291,622,rock
3631,392,289,617,rock
3628,380,312,631,rock
3630,378,296,626,rock
3632,374,296,623,rock
3637,381,282,610,rock
3651,374,286,611,rock
3631,381,280,607,rock
3629,369,282,610,rock
3600,363,283,621,rock
3633,360,278,611,rock
3598,359,281,620,rock
3634,338,276,602,rock
3625,365,292,620,rock
3629,372,265,604,rock
3640,379,272,603,rock
3620,376,272,616,rock
3630,365,283,605,rock
3619,408,275,601,rock
3674,377,246,641,rock
3627,388,259,609,rock
3630,370,282,613,rock
3623,379,304,619,rock
3653,377,285,621,rock
3639,353,292,630,rock
3652,376,149,598,rock
3629,376,319,668,rock
3635,450,334,686,rock
3643,370,335,682,rock
3620,449,346,682,rock
3627,445,352,696,rock
3623,419,385,680,rock
3634,433,373,711,rock
3639,433,360,706,rock
3614,428,369,710,rock
3636,430,365,713,rock
3628,461,364,714,rock
3630,474,359,718,rock
3629,476,356,692,rock
3613,487,368,705,rock
3658,495,344,688,rock
3626,462,348,702,rock
3631,476,328,669,rock
3621,452,349,700,rock
3625,459,345,676,rock
3631,505,318,684,rock
3632,497,330,678,rock
3627,491,329,674,rock
3635,499,325,682,rock
3513,514,305,656,rock
3647,517,318,664,rock
3632,510,321,666,rock
3742,507,322,674,rock
3627,495,351,693,rock
3633,492,333,670,rock
3635,486,315,658,rock
3627,483,310,670,rock
3631,469,326,667,rock
3700,478,315,654,rock
3628,481,311,665,rock
3631,491,311,664,rock
3620,519,293,647,rock
3601,489,328,656,rock
3628,441,314,643,rock
3617,479,299,637,rock
3619,488,317,653,rock
3616,488,293,647,rock
3639,479,292,641,rock
3616,475,290,633,rock
3631,472,282,631,rock
3626,468,283,630,rock
3633,468,288,625,rock
3655,467,287,634,rock
3639,492,283,627,rock
3638,458,314,648,rock
3761,453,301,644,rock
3628,460,297,637,rock
3632,465,279,636,rock
3618,460,296,632,rock
3606,466,304,636,rock
3636,446,347,669,rock
3630,457,327,680,rock
3670,475,307,673,rock
3628,507,315,666,rock
3645,559,326,676,rock
3629,546,350,696,rock
3611,555,319,678,rock
3635,547,312,669,rock
3628,568,330,680,rock
3637,558,337,675,rock
3634,486,334,686,rock
3630,570,316,669,rock
3645,566,324,678,rock
3631,592,332,672,rock
3629,566,350,718,rock
3630,562,339,686,rock
3626,568,357,711,rock
3615,566,361,708,rock
3707,573,354,699,rock
3635,562,367,724,rock
3635,603,348,703,rock
3636,608,316,694,rock
3538,612,356,716,rock
3637,595,371,722,rock
3630,633,350,712,rock
3637,595,348,709,rock
3642,628,368,713,rock
3629,653,329,682,rock
3626,649,332,689,rock
3629,668,358,710,rock
3633,641,336,686,rock
3609,639,342,709,rock
3629,656,338,691,rock
3631,615,343,696,rock
3636,634,339,694,rock
3621,633,333,702,rock
3635,612,337,692,rock
3627,605,331,681,rock
3630,607,332,684,rock
3629,570,322,664,rock
3632,592,319,678,rock
3656,597,320,659,rock
3632,581,327,676,rock
3630,590,315,658,rock
3641,581,307,654,rock
3651,565,305,648,rock
3636,573,276,638,rock
3635,567,312,664,rock
3623,557,315,663,rock
3645,532,312,645,rock
3631,561,311,665,rock
3627,558,325,669,rock
3656,582,316,657,rock
3628,566,304,645,rock
3631,563,339,665,rock
3645,542,307,653,rock
3616,522,304,647,rock
3616,548,296,638,rock
3611,537,298,645,rock
3638,515,304,635,rock
3631,500,328,657,rock
3641,521,272,622,rock
3631,517,293,640,rock
3645,501,292,632,rock
3627,536,282,645,rock
3624,498,295,644,rock
3629,491,303,652,rock
3629,485,318,658,rock
3628,479,309,656,rock
3634,472,323,667,rock
3632,456,340,665,rock
3615,464,313,663,rock
3648,469,344,686,rock
3627,413,363,693,rock
3628,491,362,708,rock
3626,506,375,724,rock
3653,512,353,694,rock
3637,492,348,696,rock
3629,513,337,685,rock
3629,519,343,710,rock
3635,525,346,693,rock
3632,549,360,699,rock
3650,549,329,679,rock
3609,523,336,676,rock
3625,544,366,705,rock
3644,534,336,688,rock
3626,507,347,694,rock
3626,497,372,712,rock
3633,516,368,714,rock
3627,528,367,726,rock
3611,496,321,693,rock
3602,473,398,682,rock
3630,493,386,685,rock
3627,491,496,723,rock
3632,498,424,693,rock
3629,491,422,702,rock
3611,485,425,688,rock
3624,498,430,707,rock
3631,493,414,688,rock
3617,492,411,671,rock
3630,489,384,658,rock
3635,487,364,699,rock
3623,478,393,668,rock
3646,483,382,709,rock
3608,496,411,675,rock
3628,512,389,691,rock
3634,530,381,708,rock
3631,530,402,692,rock
3633,555,389,664,rock
3619,529,394,677,rock
3649,577,394,670,rock
3623,554,399,685,rock
3656,541,384,666,rock
3651,546,354,705,rock
3630,547,384,677,rock
3633,547,314,700,rock
3634,508,377,726,rock
3614,526,375,729,rock
3630,513,364,714,rock
3653,515,376,724,rock
3627,521,368,710,rock
3629,499,368,716,rock
3765,536,367,705,rock
3635,559,357,710,rock
3631,548,360,711,rock
3611,537,322,686,rock
3630,512,346,698,rock
3630,465,347,686,rock
3653,532,341,706,rock
3609,529,382,728,rock
3614,554,321,681,rock
3485,537,339,682,rock
3634,528,363,713,rock
3647,520,355,706,rock
3649,519,324,688,rock
3633,513,368,692,rock
3622,527,346,697,rock
3644,512,314,668,rock
3606,504,370,697,rock
3631,501,321,678,rock
3602,523,345,708,rock
3626,491,354,710,rock
3639,487,303,690,rock
3600,490,350,710,rock
3657,498,320,670,rock
3627,500,347,685,rock
3627,520,345,690,rock
3652,539,476,729,rock
3631,516,375,712,rock
3629,550,343,695,rock
3631,563,306,672,rock
3644,594,337,688,rock
3654,611,329,686,rock
3630,617,352,707,rock
3611,609,362,720,rock
3536,621,356,717,rock
3644,606,354,706,rock
3654,610,328,695,rock
3613,605,352,698,rock
3570,599,350,707,rock
3631,595,346,690,rock
3667,566,336,676,rock
3616,580,338,690,rock
3614,583,336,677,rock
3613,581,328,678,rock
3612,592,356,702,rock
3637,590,327,688,rock
3635,591,339,668,rock
3642,619,342,706,rock
3689,634,345,698,rock
3617,633,337,701,rock
3603,634,359,721,rock
3601,644,358,724,rock
3637,646,357,719,rock
3627,638,352,707,rock
3629,664,351,721,rock
3619,659,369,731,rock
3631,692,369,718,rock
3654,678,340,716,rock
3601,670,384,687,rock
3625,667,483,742,rock
3631,673,358,733,rock
3632,649,352,701,rock
3634,639,355,700,rock
3596,630,348,710,rock
3658,625,349,696,rock
3809,618,351,711,rock
3667,614,349,699,rock
3629,606,330,686,rock
3629,598,361,704,rock
3625,587,360,700,rock
3642,569,331,690,rock
3640,481,326,687,rock
3623,546,334,689,rock
3636,556,332,679,rock
3613,537,322,670,rock
3662,567,327,688,rock
3631,554,321,656,rock
3627,523,318,653,rock
3630,534,329,676,rock
3617,560,282,647,rock
3630,556,332,677,rock
3629,557,328,671,rock
3630,554,322,670,rock
3632,550,321,663,rock
3631,555,315,657,rock
3629,532,309,656,rock
3624,534,325,670,rock
3641,545,310,670,rock
3631,554,308,655,rock
3630,574,267,635,rock
3627,571,299,652,rock
3628,568,315,666,rock
3624,652,291,652,rock
3635,560,309,658,rock
3618,551,309,656,rock
3628,547,305,648,rock
3635,551,294,646,rock
3626,526,319,677,rock
3626,545,330,671,rock
3630,539,314,668,rock
3615,555,168,630,rock
3643,549,217,659,rock
3666,540,329,672,rock
3619,540,300,664,rock
3654,527,316,674,rock
3621,522,334,676,rock
3625,526,301,663,rock
3637,531,310,662,rock
3632,519,310,660,rock
3629,524,339,671,rock
3626,516,304,647,rock
3634,512,286,656,rock
3629,504,316,661,rock
3633,501,330,671,rock
3663,496,304,640,rock
3646,503,304,650,rock
3632,479,296,640,rock
3647,469,315,651,rock
3636,489,311,646,rock
3655,498,308,659,rock
3621,478,310,652,rock
3646,487,296,640,rock
3631,481,330,665,rock
3632,483,340,681,rock
3628,478,360,695,rock
3646,468,356,708,rock
3639,481,337,691,rock
3628,457,348,699,rock
3624,463,374,719,rock
3633,453,358,710,rock
3597,446,370,712,rock
3627,456,354,686,rock
3630,433,363,716,rock
3490,430,368,707,rock
3634,422,378,715,rock
3628,424,364,711,rock
3651,402,380,714,rock
3626,423,369,703,rock
3632,411,352,693,rock
3598,407,354,699,rock
3631,399,371,709,rock
3628,400,364,708,rock
3595,397,369,710,rock
3633,337,363,697,rock
3636,387,357,696,rock
3639,405,355,696,rock
3657,379,353,686,rock
3629,380,342,691,rock
3630,373,365,700,rock
3631,384,312,664,rock
3603,388,342,674,rock
3623,413,337,676,rock
3630,412,330,664,rock
3645,425,466,700,rock
3648,429,335,687,rock
3639,391,329,666,rock
3632,423,337,670,rock
3631,408,326,677,rock
3627,399,323,656,rock
3628,426,321,657,rock
3631,405,318,669,rock
3620,421,206,642,rock
3646,402,328,655,rock
3546,393,324,661,rock
3634,468,321,654,rock
3626,411,320,659,rock
3630,417,321,655,rock
3650,384,294,643,rock
3627,387,320,661,rock
3616,403,292,636,rock
3630,402,315,652,rock
3660,413,293,637,rock
3630,429,301,642,rock
3627,452,302,637,rock
3634,548,303,649,rock
3630,446,286,640,rock
3630,452,298,628,rock
3633,439,304,638,rock
3625,424,296,625,rock
3631,441,299,654,rock
3630,416,288,627,rock
3630,419,276,625,rock
3650,422,290,616,rock
3630,394,297,624,rock
3627,415,275,614,rock
3660,407,388,653,rock
3475,402,285,625,rock
3626,394,263,603,rock
3615,387,259,605,rock
3625,409,291,622,rock
3634,413,283,622,rock
3650,395,272,612,rock
3631,418,278,619,rock
3629,434,266,608,rock
3635,448,278,614,rock
3624,416,273,603,rock
3626,426,272,598,rock
3628,425,288,620,rock
3637,428,281,617,rock
3629,427,274,606,rock
3627,424,272,606,rock
3631,423,285,626,rock
3611,401,291,620,rock
3627,395,276,610,rock
3628,415,282,621,rock
3656,395,284,618,rock
3601,400,311,658,rock
3637,397,309,651,rock
3616,377,305,632,rock
3691,390,303,637,rock
3609,386,256,603,rock
3627,384,295,632,rock
3567,390,294,634,rock
3630,400,291,607,rock
3617,377,280,617,rock
3601,412,297,624,rock
3632,364,318,644,rock
3629,383,302,633,rock
3635,401,288,615,rock
3632,357,288,614,rock
3616,341,279,619,rock
3632,386,289,612,rock
3645,382,283,611,rock
3645,398,267,617,rock
3622,372,289,619,rock
3653,355,288,620,rock
3630,349,289,616,rock
3629,361,299,633,rock
3631,370,296,621,rock
3616,376,300,633,rock
3641,384,340,657,rock
3623,375,301,644,rock
3632,356,298,627,rock
3625,350,300,632,rock
3629,379,292,624,rock
3626,393,289,606,rock
3634,387,292,632,rock
3628,396,315,633,rock
3628,353,288,622,rock
3645,342,288,619,rock
3618,358,292,624,rock
3632,360,283,617,rock
3630,349,295,630,rock
3634,359,295,637,rock
3626,330,302,636,rock
3633,390,298,638,rock
3657,346,292,626,rock
3683,324,318,644,rock
3622,344,299,625,rock
3623,329,302,644,rock
3637,337,312,644,rock
3623,333,312,638,rock
3629,335,317,642,rock
3643,313,309,636,rock
3630,310,306,626,rock
3621,315,318,642,rock
3641,329,251,633,rock
3631,347,297,623,rock
3637,398,296,622,rock
3619,398,289,623,rock
3644,418,329,646,rock
3646,392,308,632,rock
3625,428,282,622,rock
3628,415,282,627,rock
3671,431,288,622,rock
3628,469,284,621,rock
3637,469,283,628,rock
3628,463,285,637,rock
3636,457,286,620,rock
3629,465,259,614,rock
3633,463,258,601,rock
3620,473,298,625,rock
3645,451,266,615,rock
3635,424,257,616,rock
3622,434,268,604,rock
3626,430,261,605,rock
3645,425,175,601,rock
3650,415,271,610,rock
3632,450,270,605,rock
3629,408,267,600,rock
3615,389,269,606,rock
3688,405,266,613,rock
3630,404,254,648,rock
3619,396,272,600,rock
3629,373,270,638,rock
3645,401,237,636,rock
3627,381,263,614,rock
3569,394,269,600,rock
3634,348,265,596,rock
3628,398,271,610,rock
3614,397,290,614,rock
3615,415,261,607,rock
3585,393,277,632,rock
3648,390,274,602,rock
3650,386,391,638,rock
3608,381,261,613,rock
3631,382,251,644,rock
3628,381,269,605,rock
3639,382,269,602,rock
3630,377,269,605,rock
3643,387,245,650,rock
3631,386,248,623,rock
3603,386,265,611,rock
3629,400,251,642,rock
3552,383,266,600,rock
3633,363,284,610,rock
3617,372,290,614,rock
3631,402,271,612,rock
3627,381,270,607,rock
3632,394,279,610,rock
3628,384,266,607,rock
3636,355,275,608,rock
3627,467,269,625,rock
3637,375,285,616,rock
3639,379,196,605,rock
3638,381,303,641,rock
3627,381,298,644,rock
3630,380,308,637,rock
3636,306,295,629,rock
3645,389,293,633,rock
3636,414,268,609,rock
3637,390,280,627,rock
3634,401,290,613,rock
3654,408,288,632,rock
3625,402,272,621,rock
3608,397,316,640,rock
3631,479,294,631,rock
3636,389,310,642,rock
3629,379,280,610,rock
3632,385,304,621,rock
3617,377,283,622,rock
3629,359,284,612,rock
3632,360,274,611,rock
3636,386,291,625,rock
3643,404,286,630,rock
3629,383,314,646,rock
3634,397,308,644,rock
3627,389,307,643,rock
3637,389,307,636,rock
3594,398,316,650,rock
3629,362,317,660,rock
3622,388,289,637,rock
3631,381,310,655,rock
3632,243,326,662,rock
3631,362,345,668,rock
3631,371,332,654,rock
3615,340,331,660,rock
3631,356,302,649,rock
3631,226,316,650,rock
3631,356,322,650,rock
3632,350,334,661,rock
3624,327,320,652,rock
3629,349,308,651,rock
3625,344,330,653,rock
3642,345,328,648,rock
3639,349,312,650,rock
3631,378,298,634,rock
3663,374,323,657,rock
3639,383,286,646,rock
3629,357,342,681,rock
3626,361,326,663,rock
3635,385,339,681,rock
3610,379,355,696,rock
3630,376,364,693,rock
3636,378,348,690,rock
3648,381,354,681,rock
3627,377,350,697,rock
3630,389,346,682,rock
3631,402,316,664,rock
3636,399,337,682,rock
3638,423,338,666,rock
3605,419,326,663,rock
3635,402,337,664,rock
3626,446,335,676,rock
3637,491,320,656,rock
3654,467,315,664,rock
3643,460,288,635,rock
3608,458,316,656,rock
3631,443,321,661,rock
3628,425,330,682,rock
3629,401,350,695,rock
3648,436,313,668,rock
3626,430,305,656,rock
3634,427,340,670,rock
3631,397,360,695,rock
3634,405,341,700,rock
3632,410,357,691,rock
3623,406,260,652,rock
3629,376,356,692,rock
3591,383,351,702,rock
3532,407,346,680,rock
3629,411,373,703,rock
3631,407,310,671,rock
3633,413,322,666,rock
3628,382,334,675,rock
3627,398,331,670,rock
3623,404,362,679,rock
3622,389,335,674,rock
3637,390,325,674,rock
3629,389,331,662,rock
3629,402,322,656,rock
3613,405,330,658,rock
3628,416,300,665,rock
3622,313,312,652,rock
3636,446,331,665,rock
3638,418,296,638,rock
3627,407,323,658,rock
3649,406,298,645,rock
3633,408,348,670,rock
3622,411,312,647,rock
3637,309,316,642,rock
3617,394,216,648,rock
3629,375,325,674,rock
3624,383,341,667,rock
3597,379,329,660,rock
3630,377,339,664,rock
3627,393,317,646,rock
3629,386,321,651,rock
3652,395,304,647,rock
3670,398,298,633,rock
3649,439,299,644,rock
3626,384,319,665,rock
3637,386,311,649,rock
3643,368,312,641,rock
3630,388,312,644,rock
3640,395,299,629,rock
3631,396,289,627,rock
3653,370,303,643,rock
3764,395,306,643,rock
3641,391,303,650,rock
3652,386,314,646,rock
3629,363,337,637,rock
3643,368,310,642,rock
3628,371,297,620,rock
3635,367,274,610,rock
3616,367,262,614,rock
3623,379,278,615,rock
3641,373,296,617,rock
3640,375,288,605,rock
3628,407,284,617,rock
3633,406,286,630,rock
3618,402,281,614,rock
3608,408,273,603,rock
3632,400,275,607,rock
3630,395,247,641,rock
3621,391,271,614,rock
3633,390,271,607,rock
3629,389,296,615,rock
3630,387,268,602,rock
3660,396,257,622,rock
3635,400,251,642,rock
3629,367,260,610,rock
3819,376,259,602,rock
3627,369,257,586,rock
3641,378,256,621,rock
3626,374,250,634,rock
3618,370,254,661,rock
3632,367,257,605,rock
3631,359,229,646,rock
3634,347,279,609,rock
3638,347,356,674,rock
3801,351,253,655,rock
3629,347,249,647,rock
3645,341,240,645,rock
3629,346,247,646,rock
3632,375,248,652,rock
3636,313,311,644,rock
3612,329,250,627,rock
3652,326,377,667,rock
3625,324,248,645,rock
3637,303,274,624,rock
3770,322,248,634,rock
3623,330,244,644,rock
3630,329,262,601,rock
3629,330,256,603,rock
3629,345,256,578,rock
3629,355,281,623,rock
3634,347,230,624,rock
3661,398,249,628,rock
3632,352,266,615,rock
3611,390,250,632,rock
3599,361,253,635,rock
3632,352,256,586,rock
3627,363,281,625,rock
3633,342,140,569,rock
3627,332,260,587,rock
3627,337,247,645,rock
3602,352,254,670,rock
3632,354,254,644,rock
3628,412,247,646,rock
3625,390,248,627,rock
3638,421,263,612,rock
3608,411,412,649,rock
3652,431,259,594,rock
3626,452,264,609,rock
3631,469,251,669,rock
3633,477,266,630,rock
3629,436,249,656,rock
3633,476,250,648,rock
3700,478,245,662,rock
3627,478,220,629,rock
3599,481,258,626,rock
3645,450,238,659,rock
3667,470,230,656,rock
3629,454,261,603,rock
3627,518,266,602,rock
3619,450,285,627,rock
3606,433,342,667,rock
3629,433,281,626,rock
3635,435,293,631,rock
3628,427,292,629,rock
3631,425,297,626,rock
3629,450,316,642,rock
3637,428,333,679,rock
3632,457,342,690,rock
3632,449,348,688,rock
3628,438,334,673,rock
3618,437,297,652,rock
3653,412,314,663,rock
3623,421,416,662,rock
3734,413,322,655,rock
3631,424,312,650,rock
3633,418,317,659,rock
3598,409,317,654,rock
3634,413,326,661,rock
3630,392,313,654,rock
3633,392,295,651,rock
3635,391,342,678,rock
3627,376,303,642,rock
3628,369,312,640,rock
3639,384,313,646,rock
3647,356,281,618,rock
3621,374,307,632,rock
3628,370,304,630,rock
3631,358,310,648,rock
3627,363,302,641,rock
3639,364,307,640,rock
3635,371,293,643,rock
3633,365,316,644,rock
3637,351,299,632,rock
3628,362,314,648,rock
3633,355,332,656,rock
3629,369,311,650,rock
3576,394,302,645,rock
3622,366,207,635,rock
3635,398,315,640,rock
3615,375,306,638,rock
3618,352,300,629,rock
3621,359,320,642,rock
3639,444,303,632,rock
3638,379,297,632,rock
3663,354,284,624,rock
3635,377,294,629,rock
3629,356,301,632,rock
3631,349,301,628,rock
3631,350,284,614,rock
3638,363,289,612,rock
3629,377,306,628,rock
3641,373,285,629,rock
3631,387,289,630,rock
3609,396,434,656,rock
3638,422,285,620,rock
3630,396,280,608,rock
3632,392,279,618,rock
3627,388,293,616,rock
3603,397,273,598,rock
3657,412,276,617,rock
3633,372,272,598,rock
3632,399,253,641,rock
3631,426,264,605,rock
3637,410,271,628,rock
3653,408,264,593,rock
3636,429,262,631,rock
3617,412,241,635,rock
3610,393,408,636,rock
3629,368,260,589,rock
3632,384,259,590,rock
3638,372,265,589,rock
3629,399,267,599,rock
3629,419,151,607,rock
3663,417,229,630,rock
3642,414,254,638,rock
3634,374,256,600,rock
3636,402,281,608,rock
3667,396,240,657,rock
3630,403,247,660,rock
3632,412,217,634,rock
3623,385,258,618,rock
3633,383,247,661,rock
3632,382,250,654,rock
3633,369,251,657,rock
3629,376,241,647,rock
3625,381,232,641,rock
3609,383,240,644,rock
3626,356,236,647,rock
3628,373,240,635,rock
3625,370,239,655,rock
3611,398,240,642,rock
3621,405,232,649,rock
3633,400,250,663,rock
3649,390,254,668,rock
3629,391,245,650,rock
3643,361,246,658,rock
3635,380,233,639,rock
3660,383,223,645,rock
3648,385,230,656,rock
3628,385,231,634,rock
3630,391,212,629,rock
3496,388,229,625,rock
3629,402,247,649,rock
3632,407,226,634,rock
3630,397,227,640,rock
3631,405,217,630,rock
3629,417,224,627,rock
3632,398,206,634,rock
3622,369,224,621,rock
3638,363,220,635,rock
3609,392,221,637,rock
3612,383,275,618,rock
3629,372,214,615,rock
3627,387,218,623,rock
3618,381,237,642,rock
3630,349,210,613,rock
3634,343,232,632,rock
3629,371,232,642,rock
3638,364,295,637,rock
3638,361,292,623,rock
3587,361,324,652,rock
3631,362,337,666,rock
3667,361,367,701,rock
3628,362,401,675,rock
3625,383,411,677,rock
3613,346,430,702,rock
3630,352,437,709,rock
3616,360,435,700,rock
3635,356,446,713,rock
3620,381,435,709,rock
3636,377,442,701,rock
3629,377,437,715,rock
3636,350,431,694,rock
3636,368,428,679,rock
3637,457,443,705,rock
3626,364,443,704,rock
3636,403,418,696,rock
3651,368,430,704,rock
3634,368,427,696,rock
3624,386,417,680,rock
3626,356,430,687,rock
3625,356,397,676,rock
3630,353,416,670,rock
3638,348,404,657,rock
3621,355,309,659,rock
3633,370,391,672,rock
3641,351,397,672,rock
3632,342,426,680,rock
3617,368,374,699,rock
3651,343,388,669,rock
3618,325,393,666,rock
3632,398,388,680,rock
3625,348,378,685,rock
3610,341,378,713,rock
3629,335,399,671,rock
3629,318,394,656,rock
3633,345,426,665,rock
3610,365,390,657,rock
3627,398,381,705,rock
3630,401,382,701,rock
3610,374,396,654,rock
3661,370,245,668,rock
3622,392,377,717,rock
3581,373,370,707,rock
3571,373,372,717,rock
3654,379,232,663,rock
3616,395,364,711,rock
3641,397,363,691,rock
3634,388,340,688,rock
3625,383,389,676,rock
3638,384,368,690,rock
3630,393,369,706,rock
3644,364,385,671,rock
3467,389,363,694,rock
3654,381,469,719,rock
3610,387,357,698,rock
3641,391,326,691,rock
3633,364,358,699,rock
3634,372,355,697,rock
3647,360,355,698,rock
3632,369,333,688,rock
3628,360,385,674,rock
3614,347,388,679,rock
3633,361,380,702,rock
3619,361,384,648,rock
3611,351,443,695,rock
3642,351,441,694,rock
3630,348,422,694,rock
3624,249,410,657,rock
3610,337,413,679,rock
3632,329,397,662,rock
3639,330,400,654,rock
3649,329,400,660,rock
3632,335,397,654,rock
3639,346,394,652,rock
3646,351,372,686,rock
3648,353,367,688,rock
3634,354,407,689,rock
3637,365,390,674,rock
3639,371,383,719,rock
3631,394,380,723,rock
3638,412,376,706,rock
3630,442,369,713,rock
3590,428,369,709,rock
3638,421,365,718,rock
3646,422,363,711,rock
3628,428,350,685,rock
3645,405,352,686,rock
3638,351,355,690,rock
3614,408,373,710,rock
3640,410,347,699,rock
3645,377,375,719,rock
3632,407,384,650,rock
3604,401,353,668,rock
3636,405,424,694,rock
3612,382,438,714,rock
3636,385,434,699,rock
3666,381,445,722,rock
3638,372,446,709,rock
3648,376,337,696,rock
3628,384,465,737,rock
3645,256,481,736,rock
3630,365,458,722,rock
3623,365,485,737,rock
3634,370,441,703,rock
3621,466,470,738,rock
3643,372,457,730,rock
3618,387,462,741,rock
3612,379,298,683,rock
3608,371,419,701,rock
3630,393,476,722,rock
3634,389,435,688,rock
3617,372,439,708,rock
3614,367,394,680,rock
3631,371,447,712,rock
3656,362,428,687,rock
3638,355,427,689,rock
3642,366,418,682,rock
3602,370,416,677,rock
3613,386,559,714,rock
3641,399,410,684,rock
3637,386,410,660,rock
3626,406,407,673,rock
3627,493,424,680,rock
3644,421,401,666,rock
3651,400,336,662,rock
3649,414,398,666,rock
3638,408,392,650,rock
3633,422,437,690,rock
3634,429,415,680,rock
3635,429,414,693,rock
3631,426,394,658,rock
3631,416,398,671,rock
3619,427,345,671,rock
3635,475,387,667,rock
3647,441,439,692,rock
3635,464,377,695,rock
3630,470,374,716,rock
3648,459,252,701,rock
3619,457,370,714,rock
3620,456,404,699,rock
3634,453,368,698,rock
3621,459,342,697,rock
3628,466,359,721,rock
3634,483,351,695,rock
3612,530,346,696,rock
3628,496,331,685,rock
3620,512,354,694,rock
3600,517,345,686,rock
3632,518,340,686,rock
3651,513,331,680,rock
3659,508,338,677,rock
3654,513,336,684,rock
3631,499,325,689,rock
3625,515,348,689,rock
3630,505,374,717,rock
3629,512,343,698,rock
3625,503,339,684,rock
3631,537,366,718,rock
3639,490,357,704,rock
3627,500,349,699,rock
3637,504,354,695,rock
3635,506,345,686,rock
3634,491,342,692,rock
3632,534,342,701,rock
3817,524,351,701,rock
3653,528,352,702,rock
3629,531,362,712,rock
3621,533,336,694,rock
3741,559,356,716,rock
3584,587,345,684,rock
3612,598,351,714,rock
3660,603,354,702,rock
3626,611,343,710,rock
3653,598,341,705,rock
3630,605,332,690,rock
3610,590,531,719,rock
3600,587,375,727,rock
3633,495,402,699,rock
3624,566,377,722,rock
3636,512,384,672,rock
3616,554,378,701,rock
3616,545,396,670,rock
3627,516,395,687,rock
3631,534,409,680,rock
3636,535,446,721,rock
3629,547,425,710,rock
3632,506,460,726,rock
3639,503,487,753,rock
3628,508,460,737,rock
3635,536,467,755,rock
3613,516,449,734,rock
3603,505,471,756,rock
3638,571,484,751,rock
3647,474,481,753,rock
3618,488,468,750,rock
3630,479,478,763,rock
3622,472,468,744,rock
3626,475,449,733,rock
3630,470,458,736,rock
3615,474,436,719,rock
3614,438,457,722,rock
3637,443,444,714,rock
3646,447,436,694,rock
3661,439,330,682,rock
3630,438,418,689,rock
3637,447,412,693,rock
3637,427,423,690,rock
3631,425,412,668,rock
3619,422,410,677,rock
3601,414,408,674,rock
3635,278,400,654,rock
3631,388,395,656,rock
3608,423,398,669,rock
3630,400,391,670,rock
3627,406,382,708,rock
3649,399,379,717,rock
3640,384,375,720,rock
3628,399,374,723,rock
3634,399,353,694,rock
3641,400,358,707,rock
3630,392,387,670,rock
3632,413,378,708,rock
3591,385,368,694,rock
3664,377,366,710,rock
3605,371,386,678,rock
3629,378,354,693,rock
3618,385,366,715,rock
3649,363,459,709,rock
3626,400,374,701,rock
3624,400,367,707,rock
3638,423,367,710,rock
3747,412,355,705,rock
3656,394,357,695,rock
3623,397,354,692,rock
3636,312,350,693,rock
3700,458,351,705,rock
3505,452,348,692,rock
3631,447,344,678,rock
3629,470,323,668,rock
3636,444,336,676,rock
3626,434,345,681,rock
3626,375,351,685,rock
3634,426,322,664,rock
3654,418,331,671,rock
3635,414,328,669,rock
3628,390,340,662,rock
3628,420,332,670,rock
3618,409,332,674,rock
3637,421,349,680,rock
3641,399,337,671,rock
3648,456,320,659,rock
3628,440,324,663,rock
3615,424,330,672,rock
3648,420,303,656,rock
3644,421,312,645,rock
3628,408,340,668,rock
3758,411,315,657,rock
3648,414,331,666,rock
3645,397,363,689,rock
3633,404,359,692,rock
3633,402,340,681,rock
3655,397,335,678,rock
3626,407,330,665,rock
3629,383,329,670,rock
3649,409,344,685,rock
3630,375,348,680,rock
3632,394,349,692,rock
3627,380,363,697,rock
3639,375,344,679,rock
3640,371,351,680,rock
3644,343,374,710,rock
3608,371,360,696,rock
3620,371,326,686,rock
3614,364,353,696,rock
3630,356,352,685,rock
3631,356,349,691,rock
3628,354,354,682,rock
3637,273,346,677,rock
3619,362,373,707,rock
3631,366,361,694,rock
3631,361,345,689,rock
3654,358,338,681,rock
3631,382,340,681,rock
3637,371,326,680,rock
3551,392,329,669,rock
3629,344,352,675,rock
3631,361,343,681,rock
3605,357,327,670,rock
3631,354,314,659,rock
3634,360,321,652,rock
3637,348,314,642,rock
3603,341,265,608,rock
3632,338,320,647,rock
3627,339,313,627,rock
3624,308,308,644,rock
3634,338,307,633,rock
3632,328,295,624,rock
3633,324,300,628,rock
3703,310,300,633,rock
3635,317,310,640,rock
3632,314,309,633,rock
3656,317,157,590,rock
3632,343,290,618,rock
3634,311,292,617,rock
3631,334,290,622,rock
3715,321,279,610,rock
3629,338,290,616,rock
3631,346,249,640,rock
3655,324,278,618,rock
3643,235,295,605,rock
3637,320,314,623,rock
3635,283,291,612,rock
3632,334,248,636,rock
3623,327,288,618,rock
3633,306,288,610,rock
3652,334,296,608,rock
3630,310,281,608,rock
3675,324,280,610,rock
3629,323,273,608,rock
3622,342,285,626,rock
3624,325,323,636,rock
3630,320,267,612,rock
3648,315,299,626,rock
3614,306,313,632,rock
3630,309,307,631,rock
3596,306,296,619,rock
3632,308,312,638,rock
3599,306,310,637,rock
3632,316,300,617,rock
3628,296,296,629,rock
3635,301,303,637,rock
3627,307,305,632,rock
3628,297,299,624,rock
3645,301,254,657,rock
3649,269,295,626,rock
3637,307,290,623,rock
3575,309,269,611,rock
3629,271,296,626,rock
3617,311,288,610,rock
3603,308,337,644,rock
3631,304,302,624,rock
3633,307,280,609,rock
3630,299,275,599,rock
3613,306,273,599,rock
3634,285,273,619,rock
3624,278,272,597,rock
3629,296,299,615,rock
3628,281,266,590,rock
3635,288,262,608,rock
3632,278,257,590,rock
3650,294,261,615,rock
3605,295,279,609,rock
3635,326,350,641,rock
3652,331,261,586,rock
3631,330,256,589,rock
3621,330,252,661,rock
3632,328,248,642,rock
3633,322,251,640,rock
3614,322,288,633,rock
3618,324,246,651,rock
3644,329,239,649,rock
3634,321,273,622,rock
3643,339,238,640,rock
3630,311,239,654,rock
3612,324,207,629,rock
3615,335,245,648,rock
3627,361,250,651,rock
3645,340,278,626,rock
3756,362,234,647,rock
3631,351,229,643,rock
3632,372,260,611,rock
3599,375,227,636,rock
3582,380,229,630,rock
3629,393,260,609,rock
3634,383,232,630,rock
3632,377,229,643,rock
3632,360,227,634,rock
3622,387,233,640,rock
3635,364,210,622,rock
3619,424,256,614,rock
3624,346,236,647,rock
3644,356,232,640,rock
3610,366,256,620,rock
3661,347,259,592,rock
3642,345,258,585,rock
3626,339,263,600,rock
3625,327,273,601,rock
3630,347,266,602,rock
3628,354,266,608,rock
3626,358,264,603,rock
3626,353,277,614,rock
3621,356,261,597,rock
3622,348,264,593,rock
3625,343,268,608,rock
3632,349,261,596,rock
3548,339,263,607,rock
3635,348,282,594,rock
3628,361,270,614,rock
3631,369,241,624,rock
3627,371,284,614,rock
3602,379,261,599,rock
3634,366,258,603,rock
3630,355,234,627,rock
3604,356,253,639,rock
3625,365,219,627,rock
3631,346,266,602,rock
3667,352,268,595,rock
3633,355,266,599,rock
3635,367,293,638,rock
3632,380,278,619,rock
3635,382,270,612,rock
3629,386,283,620,rock
3630,399,296,612,rock
3628,414,288,623,rock
3632,407,297,630,rock
3661,419,309,662,rock
3616,412,309,648,rock
3613,409,301,647,rock
3630,389,307,659,rock
3618,410,308,635,rock
3609,378,302,645,rock
3631,394,284,610,rock
3655,402,154,597,rock
3629,419,292,632,rock
3626,465,261,614,rock
3544,459,288,616,rock
3626,469,290,630,rock
3610,477,284,624,rock
3649,476,288,626,rock
3642,484,283,624,rock
3631,474,261,616,rock
3598,465,280,608,rock
3631,446,280,616,rock
3630,478,261,609,rock
3644,453,272,620,rock
3633,433,266,611,rock
3669,440,279,631,rock
3636,439,310,648,rock
3635,434,292,634,rock
3631,404,296,627,rock
3599,426,286,623,rock
3611,418,305,641,rock
3629,413,310,652,rock
3620,418,322,652,rock
3629,402,313,653,rock
3626,430,304,627,rock
3642,407,312,630,rock
3601,403,338,668,rock
3627,416,198,645,rock
3628,394,332,670,rock
3664,387,328,659,rock
3629,386,326,678,rock
3657,384,300,647,rock
3621,363,368,675,rock
3636,376,308,652,rock
3628,371,330,659,rock
3629,370,315,656,rock
3619,347,299,644,rock
3627,379,312,654,rock
3626,379,304,645,rock
3636,401,327,674,rock
3766,367,319,658,rock
3620,374,312,648,rock
3682,363,311,656,rock
3632,362,310,651,rock
3626,360,310,651,rock
3619,349,324,647,rock
3635,366,300,645,rock
3634,350,317,648,rock
3627,342,290,628,rock
3614,347,305,634,rock
3629,347,307,637,rock
3668,345,307,636,rock
3619,338,308,624,rock
3634,321,307,643,rock
3629,333,309,645,rock
3627,340,279,623,rock
3623,344,296,620,rock
3633,353,295,642,rock
3636,341,288,618,rock
3624,312,289,613,rock
3635,331,279,613,rock
3613,338,284,609,rock
3636,333,294,623,rock
3630,331,280,608,rock
3635,354,281,608,rock
3607,318,289,608,rock
3613,322,275,604,rock
3643,310,266,604,rock
3623,323,262,600,rock
3609,318,263,609,rock
3654,312,382,668,rock
3630,334,264,600,rock
3631,319,263,594,rock
3619,301,275,612,rock
3642,304,232,610,rock
3628,303,256,601,rock
3610,295,254,628,rock
3627,302,248,627,rock
3611,291,290,636,rock
3623,296,250,656,rock
3629,308,248,644,rock
3631,306,222,645,rock
3660,284,247,647,rock
3656,270,241,642,rock
3604,277,212,623,rock
3632,278,237,626,rock
3630,278,263,618,rock
3628,314,244,644,rock
3632,315,224,612,rock
3626,368,245,638,rock
3620,365,249,649,rock
3628,366,279,624,rock
3632,383,261,598,rock
3653,375,272,599,rock
3737,394,274,613,rock
3625,395,300,638,rock
3634,400,294,640,rock
3644,407,286,622,rock
3630,420,286,628,rock
3584,439,291,628,rock
3623,453,289,624,rock
3629,452,286,627,rock
3635,483,287,637,rock
3537,452,292,632,rock
3629,448,303,644,rock
3635,446,288,627,rock
3631,448,300,631,rock
3627,431,281,610,rock
3627,437,280,615,rock
3631,444,283,622,rock
3632,416,275,611,rock
3634,396,282,612,rock
3631,421,284,617,rock
3657,428,282,628,rock
3619,424,288,619,rock
3633,413,290,618,rock
3631,436,278,620,rock
3635,442,284,624,rock
3608,406,304,632,rock
3634,378,300,635,rock
3628,426,289,619,rock
3629,428,293,624,rock
3632,437,288,623,rock
3629,438,285,625,rock
3642,458,261,610,rock
3625,338,281,608,rock
3629,429,273,616,rock
3606,439,277,616,rock
3633,452,299,648,rock
3616,464,282,614,rock
3624,477,292,632,rock
3621,480,219,643,rock
3629,474,319,665,rock
3621,476,310,663,rock
3630,486,306,652,rock
3633,487,333,670,rock
3627,484,312,646,rock
3630,483,288,636,rock
3634,480,296,642,rock
3635,462,302,650,rock
3626,440,328,661,rock
3700,472,328,668,rock
3630,465,330,664,rock
3628,471,322,656,rock
3633,468,286,644,rock
3616,434,312,657,rock
3625,465,314,661,rock
3635,461,324,665,rock
3636,467,306,651,rock
3668,499,290,637,rock
3621,498,299,646,rock
3628,484,305,644,rock
3632,484,287,646,rock
3615,490,318,658,rock
3629,508,301,636,rock
3609,473,330,666,rock
3629,498,329,673,rock
3634,491,352,700,rock
3631,486,320,667,rock
3627,482,334,688,rock
3635,443,334,684,rock
3629,492,335,686,rock
3644,486,342,699,rock
3625,467,360,697,rock
3635,479,348,698,rock
3620,475,304,660,rock
3632,469,323,674,rock
3645,453,338,673,rock
3631,464,306,665,rock
3625,484,332,669,rock
3636,432,339,688,rock
3637,479,341,687,rock
3629,499,332,683,rock
3658,509,307,664,rock
3621,532,337,682,rock
3660,533,337,683,rock
3637,539,323,674,rock
3655,544,347,696,rock
3628,571,333,686,rock
3644,561,337,688,rock
3636,589,327,680,rock
3666,591,308,672,rock
3633,576,318,674,rock
3628,576,318,670,rock
3653,549,346,679,rock
3635,560,331,675,rock
3617,550,295,658,rock
3629,540,303,656,rock
3627,546,316,665,rock
3630,533,294,652,rock
3598,537,324,659,rock
3622,530,445,690,rock
3654,541,308,667,rock
3630,514,320,658,rock
3612,533,328,672,rock
3629,510,330,673,rock
3633,527,320,675,rock
3631,520,370,717,rock
3630,522,388,682,rock
3630,506,337,690,rock
3629,484,330,678,rock
3615,487,350,694,rock
3631,499,313,672,rock
3629,483,340,685,rock
3633,488,342,698,rock
3631,459,339,693,rock
3608,478,326,679,rock
3633,474,348,684,rock
3627,454,331,678,rock
3637,447,331,671,rock
3648,449,332,675,rock
3612,450,352,682,rock
3639,491,314,659,rock
3618,484,337,668,rock
3648,512,336,682,rock
3631,518,335,700,rock
3663,540,322,673,rock
3628,526,338,681,rock
3635,533,340,683,rock
3649,530,330,678,rock
3633,560,358,713,rock
3630,574,387,675,rock
3643,573,351,710,rock
3629,573,339,691,rock
3661,574,360,713,rock
3602,580,363,708,rock
3722,586,342,724,rock
3631,565,365,714,rock
3630,564,390,700,rock
3601,554,371,713,rock
3649,545,333,692,rock
3641,537,363,720,rock
3625,556,357,706,rock
3631,533,364,708,rock
3621,571,352,702,rock
3632,526,351,704,rock
3635,551,342,707,rock
3624,516,363,708,rock
3630,516,339,692,rock
3644,512,346,687,rock
3627,496,336,680,rock
3628,498,343,691,rock
3603,510,348,691,rock
3631,492,320,674,rock
3755,481,335,686,rock
3633,350,330,676,rock
3634,468,335,685,rock
3629,460,337,678,rock
3659,470,354,698,rock
3641,467,358,711,rock
3635,454,329,687,rock
3736,474,349,709,rock
3631,472,356,694,rock
3637,473,352,695,rock
3606,470,338,681,rock
3621,566,358,711,rock
3657,450,340,688,rock
3630,459,345,701,rock
3619,445,435,699,rock
3644,445,376,711,rock
3638,462,321,672,rock
3632,455,349,695,rock
3630,478,339,680,rock
3633,467,330,676,rock
3619,447,372,709,rock
3625,456,344,680,rock
3632,445,333,684,rock
3766,441,343,702,rock
3765,437,341,691,rock
3616,448,180,636,rock
3628,436,339,678,rock
3621,429,333,682,rock
3623,419,328,665,rock
3635,432,338,680,rock
3632,435,318,662,rock
3631,435,348,677,rock
3494,414,322,651,rock
3639,452,320,662,rock
3631,450,320,651,rock
3613,437,329,664,rock
3634,442,320,651,rock
3643,466,310,659,rock
3615,439,318,658,rock
3572,429,345,670,rock
3630,435,323,654,rock
3646,423,328,660,rock
3647,400,312,644,rock
3619,413,306,643,rock
3630,441,305,638,rock
3614,401,323,655,rock
3616,395,339,669,rock
3579,430,330,659,rock
3646,428,330,669,rock
3627,422,328,664,rock
3630,423,302,656,rock
3633,433,310,652,rock
3632,446,334,673,rock
3632,463,317,661,rock
3633,465,296,648,rock
3632,468,290,642,rock
3641,460,333,668,rock
3633,460,308,653,rock
3632,474,288,639,rock
3619,456,306,642,rock
3631,464,305,641,rock
3629,454,302,650,rock
3631,448,300,638,rock
3642,447,299,636,rock
3634,443,294,635,rock
3646,464,288,625,rock
3631,425,293,628,rock
3640,402,304,632,rock
3637,425,309,648,rock
3633,418,324,656,rock
3537,430,298,640,rock
3558,429,314,654,rock
3626,388,317,661,rock
3628,401,313,641,rock
3631,427,304,623,rock
3633,396,296,640,rock
3634,396,286,640,rock
3617,389,437,686,rock
3637,431,322,660,rock
3643,397,320,653,rock
3633,375,301,640,rock
3637,402,314,656,rock
3634,372,320,647,rock
3644,371,322,661,rock
3620,364,329,657,rock
3637,393,334,679,rock
3641,393,335,683,rock
3631,351,352,674,rock
3632,354,313,655,rock
3636,216,327,654,rock
3628,347,322,654,rock
3623,348,302,646,rock
3628,349,327,672,rock
3622,354,337,657,rock
3632,371,317,655,rock
3638,374,337,653,rock
3651,387,309,647,rock
3628,361,303,645,rock
3632,365,308,630,rock
3637,376,281,625,rock
3627,360,256,603,rock
3577,346,306,632,rock
3611,354,302,640,rock
3650,355,301,628,rock
3631,357,272,613,rock
3629,349,329,648,rock
3627,343,293,629,rock
3653,350,293,621,rock
3630,334,298,617,rock
3638,327,288,611,rock
3646,328,284,614,rock
3629,330,283,617,rock
3627,317,298,618,rock
3621,324,318,644,rock
3639,336,303,629,rock
3624,345,312,631,rock
3633,362,286,628,rock
3622,356,274,614,rock
3628,353,288,608,rock
3642,386,289,620,rock
3659,388,281,618,rock
3633,422,283,614,rock
3638,428,280,618,rock
3627,433,278,615,rock
3636,438,259,604,rock
3647,435,274,596,rock
3602,419,272,607,rock
3631,417,306,626,rock
3630,414,271,618,rock
3615,407,273,602,rock
3654,405,376,679,rock
3659,406,269,602,rock
3651,409,266,613,rock
3638,406,240,622,rock
3630,385,270,624,rock
3630,405,253,643,rock
3620,413,221,629,rock
3606,410,259,624,rock
3627,417,284,605,rock
3663,413,272,605,rock
3624,411,260,604,rock
3653,393,232,637,rock
3606,400,259,592,rock
3677,398,261,612,rock
3635,375,257,615,rock
3632,391,268,607,rock
3651,396,250,648,rock
3667,394,254,650,rock
3626,448,236,645,rock
3625,383,247,656,rock
3605,437,267,620,rock
3656,368,271,611,rock
3613,370,272,597,rock
3625,367,286,621,rock
3631,379,289,615,rock
3633,361,284,624,rock
3634,367,307,652,rock
3627,356,299,638,rock
3651,362,316,637,rock
3610,379,300,641,rock
3615,375,301,638,rock
3629,382,298,619,rock
3623,387,296,631,rock
3626,367,312,649,rock
3638,368,314,655,rock
3631,360,341,687,rock
3618,288,377,702,rock
3628,357,355,691,rock
3643,330,375,726,rock
3630,346,394,648,rock
3658,348,368,680,rock
3626,344,396,665,rock
3602,338,394,660,rock
3635,340,392,678,rock
3626,334,392,662,rock
3610,337,395,653,rock
3633,333,362,688,rock
3635,348,385,674,rock
3627,320,374,706,rock
3630,340,382,718,rock
3630,335,365,703,rock
3618,330,529,696,rock
3631,324,377,706,rock
3631,324,355,694,rock
3623,317,349,686,rock
3545,329,360,692,rock
3658,310,355,685,rock
3629,303,380,699,rock
3631,326,342,694,rock
3633,334,362,703,rock
3630,341,341,703,rock
3628,351,358,705,rock
3624,363,358,701,rock
3600,369,364,706,rock
3630,370,349,694,rock
3637,371,346,682,rock
3647,353,379,697,rock
3636,369,327,684,rock
3630,368,340,676,rock
3642,365,332,670,rock
3653,342,333,676,rock
3635,352,308,648,rock
3621,350,319,670,rock
3665,349,332,662,rock
3623,352,353,684,rock
3661,362,342,681,rock
3600,357,352,674,rock
3628,355,360,688,rock
3619,346,362,686,rock
3637,344,339,676,rock
3631,347,332,666,rock
3731,350,334,677,rock
3635,372,318,673,rock
3652,332,322,658,rock
3628,354,306,646,rock
3636,451,325,659,rock
3627,338,322,653,rock
3645,346,318,645,rock
3630,359,315,640,rock
3627,342,314,643,rock
3633,343,313,643,rock
3644,334,315,641,rock
3634,347,236,639,rock
3620,330,298,627,rock
3617,332,326,655,rock
3593,330,306,637,rock
3624,336,307,643,rock
3629,352,318,655,rock
3609,353,319,658,rock
3631,357,312,654,rock
3632,341,334,667,rock
3694,341,315,636,rock
3629,363,307,639,rock
3633,341,308,648,rock
3633,342,361,679,rock
3613,349,310,656,rock
3615,349,293,632,rock
3724,349,320,644,rock
3634,359,333,673,rock
3654,356,347,682,rock
3626,345,374,712,rock
3647,314,363,692,rock
3630,348,359,696,rock
3637,348,373,710,rock
3629,381,363,705,rock
3634,353,376,689,rock
3632,370,367,708,rock
3631,367,391,678,rock
3627,351,377,709,rock
3630,348,394,676,rock
3632,376,349,684,rock
3623,377,371,712,rock
3653,399,374,718,rock
3630,393,357,716,rock
3629,403,378,714,rock
3636,411,364,704,rock
3634,410,362,702,rock
3616,378,377,711,rock
3634,385,358,702,rock
3636,402,354,702,rock
3633,422,338,685,rock
3627,403,339,681,rock
3633,409,342,699,rock
3629,404,326,677,rock
3631,390,330,681,rock
3616,397,360,674,rock
3631,387,307,656,rock
3513,389,333,682,rock
3648,388,324,665,rock
3650,351,323,657,rock
3636,359,322,649,rock
3630,418,315,664,rock
3662,426,178,614,rock
3625,467,311,660,rock
3630,435,313,657,rock
3631,442,319,679,rock
3637,471,335,677,rock
3629,480,302,656,rock
3634,478,320,658,rock
3524,452,328,662,rock
3636,467,326,682,rock
3644,481,305,651,rock
3665,453,297,659,rock
3615,433,289,638,rock
3637,509,320,658,rock
3632,442,317,662,rock
3621,442,308,651,rock
3633,433,299,644,rock
3633,414,308,646,rock
3637,422,311,658,rock
3657,413,312,656,rock
3631,419,298,635,rock
3637,414,309,652,rock
3607,387,310,644,rock
3636,464,312,642,rock
3675,422,309,650,rock
3605,401,317,652,rock
3572,393,310,650,rock
3633,365,306,626,rock
3628,375,299,626,rock
3658,362,286,636,rock
3699,378,310,646,rock
3628,365,329,661,rock
3630,359,359,692,rock
3629,366,355,687,rock
3633,370,377,691,rock
3627,371,360,699,rock
3629,372,373,725,rock
3635,240,380,705,rock
3629,380,358,717,rock
3611,385,378,712,rock
3622,392,367,716,rock
3651,401,254,691,rock
3630,387,360,693,rock
3628,418,365,711,rock
3633,387,364,701,rock
3631,376,333,673,rock
3631,386,332,685,rock
3626,390,329,682,rock
3603,381,373,701,rock
3606,419,350,700,rock
3617,357,361,696,rock
3629,353,351,687,rock
3655,361,312,656,rock
3624,378,340,678,rock
3657,349,340,677,rock
3635,445,348,694,rock
3630,379,384,664,rock
3639,284,378,710,rock
3643,379,352,690,rock
3630,403,348,681,rock
3600,396,348,694,rock
3634,414,357,710,rock
3646,372,370,710,rock
3615,359,360,695,rock
3588,384,353,694,rock
3632,377,360,700,rock
3620,350,358,698,rock
3631,376,359,706,rock
3656,363,328,682,rock
3608,367,196,654,rock
3630,382,348,690,rock
3622,405,356,700,rock
3631,419,349,691,rock
3630,433,346,682,rock
3627,430,337,674,rock
3630,435,341,677,rock
3635,466,337,684,rock
3638,385,349,692,rock
3613,472,463,718,rock
3624,471,332,674,rock
3635,464,331,678,rock
3618,466,337,687,rock
3621,453,342,686,rock
3656,440,452,697,rock
3631,447,347,680,rock
3632,425,332,673,rock
3628,453,324,666,rock
3646,423,325,666,rock
3637,425,309,656,rock
3631,425,350,687,rock
3634,412,326,669,rock
3634,402,307,661,rock
3634,416,329,677,rock
3629,485,315,650,rock
3631,408,320,652,rock
3635,416,313,650,rock
3616,412,297,637,rock
3608,410,336,661,rock
3608,397,314,645,rock
3630,379,304,634,rock
3631,387,301,636,rock
3600,386,300,635,rock
3627,393,284,628,rock
3633,362,322,645,rock
3631,385,296,624,rock
3629,379,286,637,rock
3634,378,288,626,rock
3613,374,322,654,rock
3649,373,314,658,rock
3642,346,345,681,rock
3628,337,336,672,rock
3630,361,341,685,rock
3468,349,340,678,rock
3646,354,340,669,rock
3628,339,336,667,rock
3637,346,329,666,rock
3627,337,343,660,rock
3633,322,309,652,rock
3655,337,458,693,rock
3634,329,310,656,rock
3644,342,332,663,rock
3658,362,306,639,rock
3605,371,324,657,rock
3631,366,314,648,rock
3634,362,337,657,rock
3625,361,312,647,rock
3602,363,309,633,rock
3633,340,322,655,rock
3620,465,307,640,rock
3628,338,312,632,rock
3643,373,283,628,rock
3625,347,289,623,rock
3654,346,418,649,rock
3624,334,276,623,rock
3623,353,280,615,rock
3625,379,307,634,rock
3748,409,299,642,rock
3629,411,291,640,rock
3638,476,300,640,rock
3643,498,313,649,rock
3633,398,309,648,rock
3645,371,320,644,rock
3642,378,325,656,rock
3645,374,310,643,rock
3635,382,238,649,rock
3628,397,299,633,rock
3606,401,306,637,rock
3650,389,292,629,rock
3613,388,341,655,rock
3573,378,320,632,rock
3604,403,316,639,rock
3631,394,274,614,rock
3630,381,289,618,rock
3621,361,317,631,rock
3628,376,275,618,rock
3645,362,313,640,rock
3651,319,285,625,rock
3627,359,293,637,rock
3680,347,312,629,rock
3631,350,307,625,rock
3646,333,298,626,rock
3629,352,277,626,rock
3659,338,296,625,rock
3625,333,309,640,rock
3612,331,294,623,rock
3625,362,272,603,rock
3660,362,275,607,rock
3640,376,264,593,rock
3661,379,289,629,rock
3632,344,288,613,rock
3630,370,279,620,rock
3633,379,283,616,rock
3636,363,316,640,rock
3619,370,303,640,rock
3630,367,280,610,rock
3628,364,266,604,rock
3623,336,285,616,rock
3627,368,269,606,rock
3644,386,262,615,rock
3630,366,253,646,rock
3630,368,259,590,rock
3633,366,267,601,rock
3625,363,265,597,rock
3598,355,275,613,rock
3647,343,272,599,rock
3630,372,294,634,rock
3630,395,283,606,rock
3637,403,257,608,rock
3654,432,258,623,rock
3580,399,260,604,rock
3612,401,272,602,rock
3667,361,276,618,rock
3629,439,277,620,rock
3593,441,274,624,rock
3619,445,295,636,rock
3633,446,299,640,rock
3614,435,242,635,rock
3633,442,301,632,rock
3634,451,260,606,rock
3759,444,288,626,rock
3631,435,291,628,rock
3638,454,286,631,rock
3631,439,285,627,rock
3629,423,290,626,rock
3642,453,286,630,rock
3689,427,263,609,rock
3629,425,261,611,rock
3695,427,292,619,rock
3630,422,288,632,rock
3652,419,285,625,rock
3630,433,285,626,rock
3630,446,280,622,rock
3639,427,297,624,rock
3633,418,306,622,rock
3624,442,305,621,rock
3661,440,256,594,rock
3616,407,270,616,rock
3629,429,285,616,rock
3630,413,262,613,rock
3627,419,246,657,rock
3630,413,236,638,rock
3635,405,258,595,rock
3629,402,256,586,rock
3627,397,286,612,rock
3607,392,270,609,rock
3634,399,253,640,rock
3634,377,149,597,rock
3635,290,248,619,rock
3595,402,248,653,rock
3655,447,245,654,rock
3636,386,262,605,rock
3616,457,298,624,rock
3631,396,286,628,rock
3616,394,239,645,rock
3629,376,282,629,rock
3638,386,281,617,rock
3631,382,292,617,rock
3635,391,288,613,rock
3630,399,284,615,rock
3631,386,282,617,rock
3637,371,282,617,rock
3659,359,280,608,rock
3620,406,274,606,rock
3660,391,268,601,rock
3653,365,263,607,rock
3639,388,246,656,rock
3630,377,298,626,rock
3636,373,271,621,rock
3597,374,280,598,rock
3631,385,264,602,rock
3633,381,253,639,rock
3638,472,268,592,rock
3615,378,265,592,rock
3630,384,278,624,rock
3668,373,260,603,rock
3631,371,238,634,rock
3629,359,259,620,rock
3648,344,338,647,rock
3662,363,277,616,rock
3632,401,289,615,rock
3634,355,272,599,rock
3631,368,267,596,rock
3552,365,267,584,rock
3641,395,270,609,rock
3664,407,277,617,rock
3627,453,306,627,rock
3629,398,298,622,rock
3628,410,275,619,rock
3632,400,281,609,rock
3620,429,312,628,rock
3627,432,296,631,rock
3627,462,292,623,rock
3632,422,260,607,rock
3630,480,264,614,rock
3634,430,272,608,rock
3632,425,201,602,rock
3615,374,286,618,rock
3633,420,258,618,rock
3742,430,275,609,rock
3664,430,276,620,rock
3630,431,257,608,rock
3633,430,277,616,rock
3629,421,288,613,rock
3635,416,231,632,rock
3619,414,268,606,rock
3657,405,247,646,rock
3634,380,266,594,rock
3633,422,269,618,rock
3655,394,232,638,rock
3617,416,237,637,rock
3629,412,260,596,rock
3757,426,264,595,rock
3627,438,276,606,rock
3603,454,259,616,rock
3634,451,256,605,rock
3630,425,258,605,rock
3630,452,264,600,rock
3623,465,267,599,rock
3608,465,270,616,rock
3626,455,272,605,rock
3627,454,276,614,rock
3622,484,384,631,rock
3656,494,252,662,rock
3654,489,284,614,rock
3632,481,284,625,rock
3559,484,287,633,rock
3630,491,300,642,rock
3601,508,301,652,rock
3633,495,294,642,rock
3630,549,290,633,rock
3647,519,301,645,rock
3613,541,302,647,rock
3627,541,293,642,rock
3633,536,303,645,rock
3650,551,310,645,rock
3621,535,216,632,rock
3631,546,295,640,rock
3624,532,281,626,rock
3651,520,290,630,rock
3630,512,286,636,rock
3630,509,272,621,rock
3629,515,272,622,rock
3612,514,292,623,rock
3631,502,281,613,rock
3634,500,285,628,rock
3617,531,301,644,rock
3634,517,253,667,rock
3630,514,329,669,rock
3650,505,305,646,rock
3626,515,344,684,rock
3658,489,336,679,rock
3633,490,358,693,rock
3625,490,336,675,rock
3621,487,344,678,rock
3632,488,350,692,rock
3633,482,364,701,rock
3615,504,412,678,rock
3629,477,438,710,rock
3626,454,437,704,rock
3637,483,446,708,rock
3632,497,447,728,rock
3628,495,447,741,rock
3631,479,481,760,rock
3632,572,475,748,rock
3639,445,485,769,rock
3588,469,492,767,rock
3667,414,489,751,rock
3632,466,486,774,rock
3630,459,479,762,rock
3636,455,458,747,rock
3724,471,487,776,rock
3653,462,475,758,rock
3633,461,494,782,rock
3632,466,478,770,rock
3610,447,524,722,rock
3632,446,524,724,rock
3632,453,520,723,rock
3638,449,562,754,rock
3620,447,532,756,rock
3657,440,554,741,rock
3613,432,544,736,rock
3631,434,545,733,rock
3634,425,536,727,rock
3632,441,548,744,rock
3624,404,554,751,rock
3631,412,520,726,rock
3630,438,539,736,rock
3651,439,540,743,rock
3634,418,592,778,rock
3636,433,580,787,rock
3630,426,594,794,rock
3637,421,594,814,rock
3653,429,506,790,rock
3644,437,596,797,rock
3631,453,613,826,rock
3632,463,650,795,rock
3631,434,610,816,rock
3633,449,604,812,rock
3652,456,577,782,rock
3759,439,585,796,rock
3653,428,599,808,rock
3641,444,566,770,rock
3635,419,562,761,rock
3637,467,555,747,rock
3647,427,600,797,rock
3651,430,604,817,rock
3610,393,612,802,rock
3648,423,652,782,rock
3629,409,658,790,rock
3610,443,676,811,rock
3634,445,717,840,rock
3635,411,690,816,rock
3616,435,714,833,rock
3637,374,671,829,rock
3634,451,665,790,rock
3629,460,669,816,rock
3631,473,684,813,rock
3633,478,682,814,rock
3609,438,706,836,rock
3624,458,706,835,rock
3618,459,702,841,rock
3709,462,711,858,rock
3637,450,743,894,rock
3652,434,755,904,rock
3642,443,738,879,rock
3633,441,747,884,rock
3630,442,729,866,rock
3627,469,677,833,rock
3633,462,710,849,rock
3632,460,710,845,rock
3626,501,711,842,rock
3644,497,685,820,rock
3656,479,681,800,rock
3752,495,669,812,rock
3625,487,669,809,rock
3609,481,688,812,rock
3631,486,708,848,rock
3631,504,720,834,rock
3602,501,710,862,rock
3637,499,707,847,rock
3631,518,706,849,rock
3652,553,733,875,rock
3632,567,738,879,rock
3653,551,726,890,rock
3600,561,736,872,rock
3715,563,734,891,rock
3651,531,816,896,rock
3636,580,751,891,rock
3631,535,757,901,rock
3635,541,757,900,rock
3616,564,748,902,rock
3629,573,731,884,rock
3633,574,774,853,rock
3632,582,754,902,rock
3635,581,735,902,rock
3634,592,737,876,rock
3585,589,728,867,rock
3634,581,704,858,rock
3648,574,721,863,rock
3631,586,666,824,rock
3663,552,701,828,rock
3634,579,651,805,rock
3629,610,700,850,rock
3628,543,717,861,rock
3633,562,710,856,rock
3641,558,684,837,rock
3633,532,696,826,rock
3652,530,689,826,rock
3632,523,682,813,rock
3628,529,673,800,rock
3763,542,666,794,rock
3619,521,669,807,rock
3632,521,684,807,rock
3620,506,653,797,rock
3625,500,683,814,rock
3644,487,670,808,rock
3614,509,682,806,rock
3637,493,663,803,rock
3631,517,653,804,rock
3634,503,605,809,rock
3588,531,638,859,rock
3607,543,652,813,rock
3638,550,636,840,rock
3660,516,638,857,rock
3650,512,672,815,rock
3636,536,640,796,rock
3634,535,618,831,rock
3650,522,629,845,rock
3634,542,606,838,rock
3633,568,607,843,rock
3663,552,624,825,rock
3690,524,634,839,rock
3632,561,597,808,rock
3623,541,692,827,rock
3630,545,606,822,rock
3634,605,602,800,rock
3637,541,592,785,rock
3636,545,576,796,rock
3638,580,601,809,rock
3623,540,619,814,rock
3634,535,596,803,rock
3626,529,583,801,rock
3686,559,600,809,rock
3633,570,583,808,rock
3644,521,600,809,rock
3629,552,628,841,rock
3631,546,628,850,rock
3626,560,624,840,rock
3627,558,611,828,rock
3635,524,606,822,rock
3630,544,599,810,rock
3638,538,614,827,rock
3616,531,588,801,rock
3633,554,561,783,rock
3632,538,583,803,rock
3636,506,589,791,rock
3634,542,595,807,rock
3631,538,614,815,rock
3652,553,580,806,rock
3642,565,600,803,rock
3639,560,579,784,rock
3616,574,574,790,rock
3616,564,569,770,rock
3629,549,565,761,rock
3640,552,546,763,rock
3466,544,568,764,rock
3634,538,558,771,rock
3636,527,582,782,rock
3623,530,550,756,rock
3631,520,554,749,rock
3645,527,542,746,rock
3620,542,546,740,rock
3624,607,506,776,rock
3634,622,550,755,rock
3619,627,512,725,rock
3631,610,525,740,rock
3605,615,473,749,rock
3600,622,515,734,rock
3690,632,507,789,rock
3628,637,502,801,rock
3501,637,501,784,rock
3650,666,516,749,rock
3631,629,548,747,rock
3621,717,536,738,rock
3632,642,544,749,rock
3636,621,536,748,rock
3632,619,521,743,rock
3615,700,576,771,rock
3635,621,568,776,rock
3635,592,557,768,rock
3627,609,585,798,rock
3627,585,602,815,rock
3617,560,600,810,rock
3646,585,589,812,rock
3626,615,594,811,rock
3646,614,596,813,rock
3610,577,615,836,rock
3618,589,614,836,rock
3633,606,580,816,rock
3624,583,634,838,rock
3639,586,590,814,rock
3661,552,646,809,rock
3631,559,634,848,rock
3631,555,666,820,rock
3632,552,634,853,rock
3640,547,625,860,rock
3631,544,621,850,rock
3636,557,612,821,rock
3630,565,602,806,rock
3634,539,566,802,rock
3678,539,572,785,rock
3609,532,574,794,rock
3644,533,574,786,rock
3644,536,565,775,rock
3621,514,667,782,rock
3632,508,588,781,rock
3636,488,553,752,rock
3618,501,552,757,rock
3628,491,541,749,rock
3619,481,555,747,rock
3633,474,537,725,rock
3622,471,526,730,rock
3631,477,502,760,rock
3624,447,520,715,rock
3602,452,526,747,rock
3628,448,504,776,rock
3645,397,503,781,rock
3632,430,485,753,rock
3661,481,503,788,rock
3631,518,502,759,rock
3605,602,521,736,rock
3631,655,530,738,rock
3620,720,522,758,rock
3630,735,514,726,rock
3631,755,522,754,rock
3626,786,514,741,rock
3634,796,516,752,rock
3625,839,512,749,rock
3632,860,505,810,rock
3639,877,505,808,rock
3630,879,491,811,rock
3634,886,508,811,rock
3632,891,493,801,rock
3608,882,502,805,rock
3697,881,502,818,rock
3613,862,502,809,rock
3636,853,494,809,rock
3664,846,497,807,rock
3635,824,489,798,rock
3630,832,499,803,rock
3614,785,529,750,rock
3689,795,515,748,rock
3632,800,516,742,rock
3601,775,522,750,rock
3634,756,506,780,rock
3631,759,528,756,rock
3634,767,533,753,rock
3609,783,520,739,rock
3637,825,521,741,rock
3640,791,524,760,rock
3609,806,536,765,rock
3637,770,536,752,rock
3631,759,534,761,rock
3650,748,528,741,rock
3628,735,527,752,rock
3647,719,532,761,rock
3632,748,518,761,rock
3617,752,514,744,rock
3651,717,595,785,rock
3635,723,514,734,rock
3629,706,499,794,rock
3684,681,517,763,rock
3660,689,500,792,rock
3637,664,508,796,rock
3604,675,499,768,rock
3630,678,504,769,rock
3661,653,514,715,rock
3480,648,528,739,rock
3657,638,535,749,rock
3629,631,519,750,rock
3633,642,518,745,rock
3625,641,513,717,rock
3632,647,514,731,rock
3628,634,547,746,rock
3622,637,520,732,rock
3631,702,512,732,rock
3640,673,551,779,rock
3627,685,553,759,rock
3637,692,523,751,rock
3629,691,549,771,rock
3609,698,549,780,rock
3632,720,539,755,rock
3631,732,603,802,rock
3651,744,530,747,rock
3630,752,534,767,rock
3622,735,539,755,rock
3627,717,519,778,rock
3509,739,513,732,rock
3551,732,508,798,rock
3621,689,512,755,rock
3632,692,496,798,rock
3632,725,488,784,rock
3633,748,487,787,rock
3606,761,467,770,rock
3624,777,489,773,rock
3661,768,464,753,rock
3653,767,460,758,rock
3611,780,418,738,rock
3634,780,453,756,rock
3636,772,452,748,rock
3636,770,464,755,rock
3623,776,452,742,rock
3612,787,452,748,rock
3630,758,451,741,rock
3622,760,421,730,rock
3582,745,441,722,rock
3629,745,446,742,rock
3632,629,440,732,rock
3635,721,448,729,rock
3634,735,445,741,rock
3631,719,442,737,rock
3650,715,453,735,rock
3630,699,442,729,rock
3629,724,421,732,rock
3630,665,446,740,rock
3633,678,442,725,rock
3629,670,413,712,rock
3657,681,539,729,rock
3624,640,443,716,rock
3636,660,426,712,rock
3630,654,447,728,rock
3604,647,502,746,rock
3627,638,416,693,rock
3638,649,417,705,rock
3633,656,392,683,rock
3650,647,420,702,rock
3653,654,423,715,rock
3629,619,417,697,rock
3618,627,408,689,rock
3635,588,397,695,rock
3614,627,422,710,rock
3654,612,410,694,rock
3637,610,418,698,rock
3637,605,420,697,rock
3630,611,418,695,rock
3621,605,426,706,rock
3614,594,431,719,rock
3634,588,443,731,rock
3633,568,445,729,rock
3650,463,436,709,rock
3605,567,420,701,rock
3635,561,431,706,rock
3570,545,419,692,rock
3631,680,404,691,rock
3629,578,424,697,rock
3634,578,422,707,rock
3645,467,433,691,rock
3624,679,423,716,rock
3632,580,438,724,rock
3650,554,442,738,rock
3636,551,451,727,rock
3644,553,444,723,rock
3630,548,438,720,rock
3631,549,440,706,rock
3617,550,429,719,rock
3639,551,427,703,rock
3624,551,452,707,rock
3632,541,452,717,rock
3629,540,454,726,rock
3631,544,454,739,rock
3649,543,452,731,rock
3631,533,441,724,rock
3632,529,448,719,rock
3633,544,442,730,rock
3659,529,436,725,rock
3632,580,465,743,rock
3631,533,437,727,rock
3632,533,471,758,rock
3625,538,523,749,rock
3629,519,500,789,rock
3625,530,485,775,rock
3637,480,491,764,rock
3690,518,491,762,rock
3599,515,488,760,rock
3740,506,501,772,rock
3627,516,481,770,rock
3627,509,505,782,rock
3626,538,479,772,rock
3595,540,497,777,rock
3621,590,502,789,rock
3633,585,498,784,rock
3633,597,514,737,rock
3636,589,521,752,rock
3645,586,510,787,rock
3627,644,523,755,rock
3630,609,473,765,rock
3618,643,488,771,rock
3635,595,509,806,rock
3640,666,495,791,rock
3634,692,468,781,rock
3633,684,481,772,rock
3634,678,424,737,rock
3634,654,471,771,rock
3646,667,468,742,rock
3516,664,465,747,rock
3637,654,452,747,rock
3630,663,464,742,rock
3630,709,446,748,rock
3629,655,467,750,rock
3630,685,473,757,rock
3629,625,514,725,rock
3661,631,528,741,rock
3628,625,581,773,rock
3647,625,543,759,rock
3636,607,548,758,rock
3635,640,559,786,rock
3626,661,571,796,rock
3631,621,576,778,rock
3710,628,565,786,rock
3619,626,566,782,rock
3628,618,578,788,rock
3632,592,568,779,rock
3645,613,434,743,rock
3629,592,542,765,rock
3613,574,563,776,rock
3632,578,572,780,rock
3644,576,572,777,rock
3630,578,567,782,rock
3611,578,645,779,rock
3626,584,559,772,rock
3631,548,580,777,rock
3759,590,557,761,rock
3638,583,569,784,rock
3607,578,576,792,rock
3627,563,577,787,rock
3628,556,573,789,rock
3634,576,464,760,rock
3647,564,566,772,rock
3629,565,564,772,rock
3629,578,574,786,rock
3624,571,578,772,rock
3643,595,562,752,rock
3615,594,425,734,rock
3788,587,547,755,rock
3617,684,542,747,rock
3632,602,536,740,rock
3630,581,524,732,rock
3625,589,525,750,rock
3615,608,365,734,rock
3626,601,540,747,rock
3643,646,524,739,rock
3645,649,555,759,rock
3598,649,563,766,rock
3648,666,544,754,rock
3629,608,562,763,rock
3644,639,592,800,rock
3624,657,594,831,rock
3617,665,585,812,rock
3629,671,592,806,rock
3642,672,573,807,rock
3767,662,592,800,rock
3630,587,590,791,rock
3609,641,422,759,rock
3634,626,567,791,rock
3610,626,590,795,rock
3621,626,588,798,rock
3652,626,662,806,rock
3631,606,595,793,rock
3613,608,589,814,rock
3636,612,610,834,rock
3620,631,622,849,rock
3636,610,620,844,rock
3632,599,630,849,rock
3633,536,624,822,rock
3629,584,600,820,rock
3628,569,615,829,rock
3634,608,592,815,rock
3633,581,599,814,rock
3615,541,606,821,rock
3642,580,592,794,rock
3631,560,578,795,rock
3634,552,558,776,rock
3639,545,570,782,rock
3613,526,567,776,rock
3716,552,550,769,rock
3637,527,561,754,rock
3631,535,583,779,rock
3629,555,548,755,rock
3593,576,541,737,rock
3617,585,562,747,rock
3624,583,591,772,rock
3632,595,545,747,rock
3628,604,532,732,rock
3634,613,529,733,rock
3630,607,517,741,rock
3756,615,521,734,rock
3638,629,510,801,rock
3619,608,487,767,rock
3617,571,505,769,rock
3633,590,506,784,rock
3649,560,512,745,rock
3630,576,543,766,rock
3656,564,508,798,rock
3611,577,502,801,rock
3629,604,514,752,rock
3619,624,499,769,rock
3625,642,494,791,rock
3635,640,517,748,rock
3634,635,453,765,rock
3633,640,513,738,rock
3629,626,463,758,rock
3621,690,488,767,rock
3631,619,456,749,rock
3643,700,488,781,rock
3622,603,532,751,rock
3626,607,446,739,rock
3632,594,472,749,rock
3616,594,462,752,rock
3632,586,457,729,rock
3613,593,485,759,rock
3620,594,461,744,rock
3645,579,466,745,rock
3638,580,479,769,rock
3636,579,480,739,rock
3599,571,476,763,rock
3629,552,486,771,rock
3636,522,464,732,rock
3636,557,461,734,rock
3633,516,458,733,rock
3582,537,454,732,rock
3660,532,447,731,rock
3655,529,441,712,rock
3633,520,446,729,rock
3629,513,398,695,rock
3625,501,440,704,rock
3630,493,428,707,rock
3654,478,409,687,rock
3628,488,416,688,rock
3633,483,413,684,rock
3614,478,393,672,rock
3667,485,387,663,rock
3614,468,419,683,rock
3620,411,402,679,rock
3632,416,440,712,rock
3629,524,468,743,rock
3639,539,479,771,rock
3625,563,510,796,rock
3635,425,513,726,rock
3613,550,544,757,rock
3632,534,562,778,rock
3625,527,579,794,rock
3648,542,672,796,rock
3635,535,568,788,rock
3637,515,585,795,rock
3625,514,571,780,rock
3631,526,597,810,rock
3634,550,596,809,rock
3638,541,586,788,rock
3633,524,580,787,rock
3601,532,635,830,rock
3634,531,568,772,rock
3622,543,574,779,rock
3633,555,563,772,rock
3625,563,558,776,rock
3664,537,555,767,rock
3619,535,569,763,rock
3618,482,528,742,rock
3633,521,546,744,rock
3513,532,540,748,rock
3632,436,535,744,rock
3637,500,522,730,rock
3629,508,545,748,rock
3633,498,570,774,rock
3637,490,586,787,rock
3618,475,583,802,rock
3739,482,562,784,rock
3636,469,612,805,rock
3627,467,667,813,rock
3631,468,682,804,rock
3642,474,687,817,rock
3632,492,625,818,rock
3633,365,646,783,rock
3621,469,625,843,rock
3643,436,629,827,rock
3624,462,616,823,rock
3634,463,583,813,rock
3628,447,598,812,rock
3643,443,603,802,rock
3627,449,596,802,rock
3665,462,567,785,rock
3636,474,582,785,rock
3611,470,587,782,rock
3629,473,575,789,rock
3624,515,588,796,rock
3634,515,581,817,rock
3642,518,571,786,rock
3631,514,583,797,rock
3624,553,652,789,rock
3640,552,570,770,rock
3637,581,572,787,rock
3609,547,587,807,rock
3639,534,622,817,rock
3634,549,624,823,rock
3640,545,637,844,rock
3626,517,632,844,rock
3638,522,612,829,rock
3614,541,626,840,rock
3615,512,645,809,rock
3653,514,607,839,rock
3632,525,632,835,rock
3641,517,616,832,rock
3629,512,621,840,rock
3625,514,610,828,rock
3622,507,602,810,rock
3616,497,609,824,rock
3634,504,642,801,rock
3631,527,644,776,rock
3647,594,668,798,rock
3633,618,672,818,rock
3631,642,696,841,rock
3627,685,709,843,rock
3628,697,693,856,rock
3644,685,677,851,rock
3636,736,667,832,rock
3631,751,688,843,rock
3632,745,682,832,rock
3631,731,671,842,rock
3632,738,662,824,rock
3657,745,519,781,rock
3637,758,617,834,rock
3633,739,646,806,rock
3603,732,630,865,rock
3646,720,592,831,rock
3631,716,616,840,rock
3628,705,635,846,rock
3634,722,604,830,rock
3631,684,625,828,rock
3617,672,606,824,rock
3684,663,584,803,rock
3650,550,554,774,rock
3632,642,580,781,rock
3634,680,560,772,rock
3606,676,559,782,rock
3658,657,577,779,rock
3573,686,565,798,rock
3641,673,577,792,rock
3639,696,581,800,rock
3644,683,584,797,rock
3640,677,567,793,rock
3635,656,537,764,rock
3654,653,560,763,rock
3631,662,586,777,rock
3613,693,380,759,rock
3640,751,510,795,rock
3629,787,533,764,rock
3621,798,559,777,rock
3667,782,517,746,rock
3636,801,496,768,rock
3632,818,547,756,rock
3648,827,526,756,rock
3625,829,532,759,rock
3663,834,540,765,rock
3624,847,533,762,rock
3660,896,504,790,rock
3630,861,526,756,rock
3598,842,521,751,rock
3633,838,533,763,rock
3603,823,501,781,rock
3609,831,494,802,rock
3644,778,502,806,rock
3646,772,482,792,rock
3634,766,495,804,rock
3636,760,500,798,rock
3632,771,500,784,rock
3629,741,495,802,rock
3626,651,482,782,rock
3634,730,481,781,rock
3638,714,480,777,rock
3631,704,454,762,rock
3626,695,471,771,rock
3627,764,462,753,rock
3663,682,447,753,rock
3633,648,467,759,rock
3629,658,473,759,rock
3627,662,460,760,rock
3651,633,476,768,rock
3636,630,478,776,rock
3635,630,498,782,rock
3633,631,498,773,rock
3632,636,505,782,rock
3612,631,500,789,rock
3635,631,504,792,rock
3645,642,499,764,rock
3634,616,519,735,rock
3629,606,529,733,rock
3635,585,512,735,rock
3631,599,513,750,rock
3616,597,499,772,rock
3625,588,495,796,rock
3625,596,492,784,rock
3633,568,473,750,rock
3639,563,477,772,rock
3635,558,477,755,rock
3634,556,469,758,rock
3616,561,470,755,rock
3629,551,468,745,rock
3631,523,474,741,rock
3639,557,454,735,rock
3628,529,451,734,rock
3634,531,448,720,rock
3628,517,455,744,rock
3632,512,430,729,rock
3631,492,454,740,rock
3638,512,451,724,rock
3632,491,456,730,rock
3621,506,424,703,rock
3653,482,447,729,rock
3628,489,441,713,rock
3623,501,460,730,rock
3629,485,461,733,rock
3631,522,470,750,rock
3629,537,462,745,rock
3621,545,490,766,rock
3641,547,430,735,rock
3558,544,456,738,rock
3632,552,442,719,rock
3631,401,452,722,rock
3643,530,498,754,rock
3495,536,440,718,rock
3635,536,417,704,rock
3607,524,446,722,rock
3633,525,429,705,rock
3632,514,424,694,rock
3631,490,418,684,rock
3633,504,417,684,rock
3654,495,407,692,rock
3647,488,424,708,rock
3644,481,433,713,rock
3633,472,439,712,rock
3631,476,428,699,rock
3634,446,429,699,rock
3644,464,432,691,rock
3742,462,426,701,rock
3632,438,442,709,rock
3637,462,417,676,rock
3638,459,425,688,rock
3619,452,411,685,rock
3632,420,408,669,rock
3638,443,406,688,rock
3637,436,400,665,rock
3630,433,396,674,rock
3631,445,423,679,rock
3646,453,402,676,rock
3627,422,397,666,rock
3644,414,402,669,rock
3629,441,396,670,rock
3637,407,405,679,rock
3631,411,416,672,rock
3601,414,414,689,rock
3662,365,446,717,rock
3627,422,423,708,rock
3629,416,448,719,rock
3632,406,450,715,rock
3631,405,452,718,rock
3608,402,451,711,rock
3629,410,457,725,rock
3635,410,440,713,rock
3614,404,454,735,rock
3633,362,443,714,rock
3632,394,432,696,rock
3643,391,538,726,rock
3628,396,509,779,rock
3635,345,483,755,rock
3628,376,477,755,rock
3630,377,474,742,rock
3628,380,500,775,rock
3650,379,545,733,rock
3634,364,524,722,rock
3629,370,533,726,rock
3631,372,560,751,rock
3637,344,546,739,rock
3637,347,514,714,rock
3652,351,503,761,rock
3703,382,499,770,rock
3628,401,470,759,rock
3636,419,488,759,rock
3648,422,499,769,rock
3612,456,498,776,rock
3636,436,502,785,rock
3629,445,517,741,rock
3652,427,492,777,rock
3631,439,512,733,rock
3633,432,498,773,rock
3630,434,503,773,rock
3630,436,463,760,rock
3637,563,503,785,rock
3621,423,492,748,rock
3633,403,492,765,rock
3632,429,466,752,rock
3636,566,495,784,rock
3628,424,507,774,rock
3644,391,505,780,rock
3629,411,490,770,rock
3630,418,518,746,rock
3631,411,467,751,rock
3630,422,459,746,rock
3630,436,479,749,rock
3659,419,488,765,rock
3641,396,522,737,rock
3625,409,487,765,rock
3635,400,478,750,rock
3661,391,501,763,rock
3652,393,460,728,rock
3635,501,470,747,rock
3638,407,492,745,rock
3544,381,469,733,rock
3631,408,489,750,rock
3633,429,509,772,rock
3631,442,464,748,rock
3642,463,483,753,rock
3632,476,472,748,rock
3630,478,473,747,rock
3629,420,454,739,rock
3611,471,462,738,rock
3634,467,450,727,rock
3655,462,458,727,rock
3629,528,457,723,rock
3605,493,443,726,rock
3628,501,448,729,rock
3633,467,459,723,rock
3638,499,438,727,rock
3627,509,445,716,rock
3630,511,439,718,rock
3623,500,427,708,rock
3626,495,414,699,rock
3637,505,415,688,rock
3631,505,420,689,rock
3638,501,424,688,rock
3629,496,436,710,rock
3572,504,432,702,rock
3600,485,436,705,rock
3611,477,426,695,rock
3629,471,415,690,rock
3679,477,429,709,rock
3630,456,434,705,rock
3634,453,443,702,rock
3627,425,424,688,rock
3649,450,289,658,rock
3627,466,410,679,rock
3630,450,424,690,rock
3628,449,406,684,rock
3634,430,413,685,rock
3630,446,422,697,rock
3631,416,442,702,rock
3610,423,402,668,rock
3619,422,409,670,rock
3648,416,393,663,rock
3631,409,420,676,rock
3633,387,406,674,rock
3633,403,385,655,rock
3631,396,394,651,rock
3575,394,426,675,rock
3644,368,414,682,rock
3631,387,423,699,rock
3648,373,428,682,rock
3617,402,423,699,rock
3630,424,415,690,rock
3491,385,406,683,rock
3643,390,409,656,rock
3625,425,363,687,rock
3629,410,408,666,rock
3633,404,405,668,rock
3626,409,406,678,rock
3629,402,406,677,rock
3627,395,425,684,rock
3631,400,398,672,rock
3630,399,401,683,rock
3627,372,387,663,rock
3637,351,420,682,rock
3629,373,412,679,rock
3632,370,401,663,rock
3651,366,408,673,rock
3629,357,525,685,rock
3629,360,405,668,rock
3823,360,403,659,rock
3617,375,403,657,rock
3621,322,398,675,rock
3681,347,403,677,rock
3633,338,405,660,rock
3627,335,391,660,rock
3629,335,373,708,rock
3634,331,352,678,rock
3626,325,395,679,rock
3617,322,370,710,rock
3655,344,359,712,rock
3636,361,369,709,rock
3714,360,368,701,rock
3628,343,360,694,rock
3587,375,358,693,rock
3628,393,357,700,rock
3649,386,337,681,rock
3628,386,346,688,rock
3633,356,347,688,rock
3633,384,337,670,rock
3718,370,342,679,rock
3653,372,336,669,rock
3628,395,331,669,rock
3654,395,324,667,rock
3629,378,336,671,rock
3633,372,324,664,rock
3632,359,357,696,rock
3627,374,308,662,rock
3614,371,334,668,rock
3654,371,323,664,rock
3628,365,332,664,rock
3635,365,330,670,rock
3611,369,328,652,rock
3613,368,325,662,rock
3612,368,358,687,rock
3653,365,296,643,rock
3626,372,290,625,rock
3647,362,274,627,rock
3633,373,311,652,rock
3629,362,346,660,rock
3613,355,346,660,rock
3648,395,312,645,rock
3629,396,310,661,rock
3637,404,306,648,rock
3709,388,320,646,rock
3664,380,318,655,rock
3630,382,309,652,rock
3629,386,205,641,rock
3738,373,327,676,rock
3631,356,355,679,rock
3630,365,325,660,rock
3628,387,326,665,rock
3636,394,333,673,rock
3627,402,344,675,rock
3627,381,354,703,rock
3656,377,492,727,rock
3627,397,398,669,rock
3632,407,422,695,rock
3619,406,410,687,rock
3636,448,422,704,rock
3632,308,446,705,rock
3631,410,479,744,rock
3632,498,463,738,rock
3634,412,454,737,rock
3624,400,457,726,rock
3628,376,427,702,rock
3633,405,431,717,rock
3613,429,421,702,rock
3654,463,439,699,rock
3622,496,429,692,rock
3630,505,449,708,rock
3629,491,307,674,rock
3632,507,425,713,rock
3646,548,422,710,rock
3654,542,420,692,rock
3631,560,418,694,rock
3640,533,415,695,rock
3606,566,406,699,rock
3618,556,408,678,rock
3631,558,414,687,rock
3613,559,400,678,rock
3599,566,390,681,rock
3631,565,398,678,rock
3583,543,377,711,rock
3637,653,390,685,rock
3622,555,413,692,rock
3640,550,386,661,rock
3626,560,393,668,rock
3646,561,404,678,rock
3630,534,415,697,rock
3632,521,427,685,rock
3631,544,409,682,rock
3647,536,399,680,rock
3628,530,401,672,rock
3606,527,384,657,rock
3605,541,399,693,rock
3631,634,393,668,rock
3646,552,386,685,rock
3635,526,385,681,rock
3625,546,387,667,rock
3623,556,392,681,rock
3639,548,400,679,rock
3626,579,395,677,rock
3629,574,404,684,rock
3630,586,385,681,rock
3634,582,379,712,rock
3633,584,369,705,rock
3631,568,375,725,rock
3607,558,364,713,rock
3632,566,376,711,rock
3626,539,372,728,rock
3625,516,380,729,rock
3602,537,388,675,rock
3630,528,410,676,rock
3631,520,380,713,rock
3632,543,353,713,rock
3627,509,369,703,rock
3640,516,374,723,rock
3609,513,365,721,rock
3633,372,387,650,rock
3624,536,390,695,rock
3608,502,436,699,rock
3642,506,404,679,rock
3626,514,409,698,rock
3645,533,420,723,rock
3622,536,463,751,rock
3648,496,473,753,rock
3635,533,469,742,rock
3632,520,489,751,rock
3627,503,378,742,rock
3636,492,440,730,rock
3631,498,488,754,rock
3728,492,478,763,rock
3634,495,472,744,rock
3624,470,467,746,rock
3648,397,442,725,rock
3625,493,464,725,rock
3653,505,449,724,rock
3582,478,452,730,rock
3637,465,435,712,rock
3639,483,435,714,rock
3629,463,437,715,rock
3647,457,462,730,rock
3594,455,436,701,rock
3628,432,457,714,rock
3639,463,429,707,rock
3635,471,442,735,rock
3612,472,424,699,rock
3630,469,436,704,rock
3629,438,437,712,rock
3614,457,440,718,rock
3633,461,431,709,rock
3642,468,418,696,rock
3629,449,452,703,rock
3633,449,437,698,rock
3616,464,414,696,rock
3623,430,420,692,rock
3629,418,424,690,rock
3624,426,449,695,rock
3627,423,418,700,rock
3635,441,424,701,rock
3647,458,417,688,rock
3630,456,432,687,rock
3629,453,431,709,rock
3645,424,434,698,rock
3631,455,414,685,rock
3656,477,403,672,rock
3612,479,439,703,rock
3645,472,384,673,rock
3632,481,439,719,rock
3635,494,439,717,rock
3682,520,442,718,rock
3631,543,428,716,rock
3631,546,464,728,rock
3615,566,452,720,rock
3637,545,429,711,rock
3562,542,429,706,rock
3603,535,445,720,rock
3607,558,420,695,rock
3625,528,399,675,rock
3622,503,421,694,rock
3629,525,431,709,rock
3641,514,413,701,rock
3631,507,440,714,rock
3633,519,433,709,rock
3630,529,442,716,rock
3623,530,451,734,rock
3653,522,452,725,rock
3629,528,461,736,rock
3631,504,470,739,rock
3629,504,442,718,rock
3607,510,451,730,rock
3633,495,492,764,rock
3691,513,488,760,rock
3629,505,484,772,rock
3627,520,492,777,rock
3632,517,494,788,rock
3633,630,498,775,rock
3631,537,472,761,rock
3651,501,487,776,rock
3670,512,460,754,rock
3617,519,491,765,rock
3630,552,451,741,rock
3610,521,478,750,rock
3620,519,466,753,rock
3632,510,474,751,rock
3629,517,470,757,rock
3638,616,457,713,rock
3627,541,456,735,rock
3636,529,429,727,rock
3626,515,341,708,rock
3634,618,441,715,rock
3633,495,443,713,rock
3629,503,434,705,rock
3654,488,434,701,rock
3629,493,467,737,rock
3603,489,458,733,rock
3631,474,466,743,rock
3629,477,457,726,rock
3476,489,464,738,rock
3630,510,457,727,rock
3616,522,614,776,rock
3621,512,444,718,rock
3632,523,445,718,rock
3630,493,429,711,rock
3661,495,284,669,rock
3508,502,417,700,rock
3529,496,432,695,rock
3609,497,428,701,rock
3630,491,432,700,rock
3654,487,538,715,rock
3640,500,415,699,rock
3626,474,413,687,rock
3477,467,402,677,rock
3629,445,390,671,rock
3622,458,425,677,rock
3633,460,390,675,rock
3617,456,389,660,rock
3621,436,382,726,rock
3658,447,375,727,rock
3636,474,374,728,rock
3654,444,375,728,rock
3630,443,372,709,rock
3623,432,377,722,rock
3644,436,347,686,rock
3609,426,349,694,rock
3636,442,368,701,rock
3488,444,377,711,rock
3622,458,414,674,rock
3629,457,401,668,rock
3632,459,405,671,rock
3652,477,386,663,rock
3645,432,395,668,rock
3642,454,388,653,rock
3629,469,369,684,rock
3644,469,289,641,rock
3629,462,413,700,rock
3695,458,418,674,rock
3627,481,412,682,rock
3691,450,408,672,rock
3642,454,402,681,rock
3631,432,426,697,rock
3629,445,422,696,rock
3617,458,450,703,rock
3613,459,378,709,rock
3634,480,421,701,rock
3634,487,441,717,rock
3657,484,457,721,rock
3640,479,442,710,rock
3612,490,453,721,rock
3630,485,460,724,rock
3631,505,440,713,rock
3647,474,415,707,rock
3613,479,457,723,rock
3663,470,421,708,rock
3636,461,446,733,rock
3629,453,440,700,rock
3652,453,403,688,rock
3627,455,437,710,rock
3634,447,424,707,rock
3617,450,416,685,rock
3611,461,419,694,rock
3632,461,416,680,rock
3602,446,424,687,rock
3630,457,440,682,rock
3633,440,382,708,rock
3627,453,367,695,rock
3626,446,381,722,rock
3621,432,395,661,rock
3659,432,393,660,rock
3631,430,356,697,rock
3629,440,414,671,rock
3637,428,386,658,rock
3639,424,391,688,rock
3605,421,412,668,rock
3626,423,416,684,rock
3626,433,385,673,rock
3627,436,432,685,rock
3621,430,404,668,rock
3630,439,377,694,rock
3630,424,403,664,rock
3608,415,385,661,rock
3597,411,415,676,rock
3635,365,388,667,rock
3631,407,374,698,rock
3659,419,378,724,rock
3635,404,389,660,rock
3627,396,380,689,rock
3627,390,385,654,rock
3608,404,364,702,rock
3646,376,443,718,rock
3616,384,369,700,rock
3626,378,382,726,rock
3651,374,380,722,rock
3601,371,383,708,rock
3635,370,400,653,rock
3637,376,394,656,rock
3630,366,397,680,rock
3629,373,364,702,rock
3629,389,368,693,rock
3613,418,381,720,rock
3629,432,381,724,rock
3634,463,388,666,rock
3677,474,350,709,rock
3632,452,370,708,rock
3663,489,365,719,rock
3629,513,382,729,rock
3626,529,358,724,rock
3631,521,391,684,rock
3626,520,369,718,rock
3599,515,358,721,rock
3638,506,369,708,rock
3629,508,369,716,rock
3624,467,365,701,rock
3628,502,356,702,rock
3630,497,357,698,rock
3631,489,358,704,rock
3632,491,324,679,rock
3633,477,353,689,rock
3619,508,327,696,rock
3630,466,334,681,rock
3646,445,320,667,rock
3646,458,360,697,rock
3641,462,375,709,rock
3634,472,353,703,rock
3647,441,370,706,rock
3611,475,385,681,rock
3661,458,343,695,rock
3632,447,372,718,rock
3634,444,394,671,rock
3629,442,390,680,rock
3659,436,372,710,rock
3639,435,380,727,rock
3645,428,374,725,rock
3630,438,366,721,rock
3649,434,352,699,rock
3633,424,351,708,rock
3609,416,358,705,rock
3632,427,362,702,rock
3622,433,359,706,rock
3631,423,357,708,rock
3637,418,325,684,rock
3631,408,351,698,rock
3638,401,373,711,rock
3629,396,337,688,rock
3633,394,376,693,rock
3639,370,369,701,rock
3621,387,389,679,rock
3634,375,388,674,rock
3640,383,338,680,rock
3619,379,362,703,rock
3636,364,364,697,rock
3630,361,388,686,rock
3636,350,371,706,rock
3634,375,356,685,rock
3651,369,362,696,rock
3639,328,372,686,rock
3630,251,376,713,rock
3631,350,390,681,rock
3650,363,370,708,rock
3648,358,356,705,rock
3631,338,369,698,rock
3630,375,357,705,rock
3631,345,359,701,rock
3631,366,360,693,rock
3632,357,334,687,rock
3614,366,361,706,rock
3630,363,361,698,rock
3630,361,393,661,rock
3701,375,359,705,rock
3611,356,200,656,rock
3627,340,358,698,rock
3687,353,354,683,rock
3629,346,360,690,rock
3647,366,344,677,rock
3627,341,380,703,rock
3629,334,315,669,rock
3631,333,343,662,rock
3494,347,343,687,rock
3631,369,341,690,rock
3633,421,340,681,rock
3615,383,349,692,rock
3628,413,338,674,rock
3627,411,325,672,rock
3624,420,345,691,rock
3616,430,203,665,rock
3608,435,375,727,rock
3607,446,364,716,rock
3632,444,360,698,rock
3632,449,360,686,rock
3605,436,374,708,rock
3624,434,398,686,rock
3637,442,390,672,rock
3639,428,397,684,rock
3637,378,392,653,rock
3629,411,389,679,rock
3633,406,387,652,rock
3632,405,406,666,rock
3611,407,375,702,rock
3635,394,375,702,rock
3621,387,381,703,rock
3597,387,379,721,rock
3627,395,384,679,rock
3659,419,378,712,rock
3639,367,375,695,rock
3631,371,387,654,rock
3624,362,382,726,rock
3660,357,348,701,rock
3624,371,369,706,rock
3631,359,374,712,rock
3621,343,372,712,rock
3635,340,367,714,rock
3627,347,359,712,rock
3636,343,368,703,rock
3613,339,372,712,rock
3614,335,370,704,rock
3632,331,350,702,rock
3600,330,362,696,rock
3628,326,360,696,rock
3629,335,357,697,rock
3599,339,353,682,rock
3647,325,349,686,rock
3635,325,342,686,rock
3628,351,362,687,rock
3608,332,371,694,rock
3628,350,354,694,rock
3631,355,386,670,rock
3608,355,333,671,rock
3626,343,376,708,rock
3628,345,378,714,rock
3705,337,371,695,rock
3629,354,376,713,rock
3631,341,377,697,rock
3623,330,266,641,rock
3632,328,359,709,rock
3660,337,348,690,rock
3624,342,375,726,rock
3630,388,367,710,rock
3655,423,366,724,rock
3628,432,367,721,rock
3620,451,386,674,rock
3620,449,317,680,rock
3633,437,358,708,rock
3628,455,344,683,rock
3641,477,352,696,rock
3624,448,351,699,rock
3693,454,347,682,rock
3700,471,347,697,rock
3635,490,342,692,rock
3627,502,362,716,rock
3628,509,458,716,rock
3627,493,383,740,rock
3623,524,388,663,rock
3631,489,406,691,rock
3628,500,387,657,rock
3636,468,384,676,rock
3632,431,379,706,rock
3627,474,390,692,rock
3667,480,373,705,rock
3633,465,369,713,rock
3636,468,370,711,rock
3610,453,366,715,rock
3662,448,364,711,rock
3629,441,361,696,rock
3622,445,323,682,rock
3619,437,336,675,rock
3516,444,347,690,rock
3628,421,345,679,rock
3630,420,329,677,rock
3618,411,345,685,rock
3582,413,336,660,rock
3627,422,336,664,rock
3626,398,329,664,rock
3631,424,322,668,rock
3635,391,327,666,rock
3634,389,323,662,rock
3628,385,325,663,rock
3636,379,299,643,rock
3618,371,320,643,rock
3619,373,338,658,rock
3634,370,297,633,rock
3642,410,315,646,rock
3637,393,302,650,rock
3629,410,318,665,rock
3626,291,340,685,rock
3623,405,364,706,rock
3485,406,365,711,rock
3632,403,348,692,rock
3660,410,368,704,rock
3632,427,376,716,rock
3629,435,398,670,rock
3627,429,397,674,rock
3631,425,368,689,rock
3616,417,408,668,rock
3634,397,415,692,rock
3623,412,449,694,rock
3670,403,426,685,rock
3654,419,400,672,rock
3663,392,404,671,rock
3635,399,407,682,rock
3620,414,363,692,rock
3634,394,397,670,rock
3629,369,408,673,rock
3629,380,372,710,rock
3631,384,380,697,rock
3630,385,398,660,rock
3639,369,392,655,rock
3631,373,358,684,rock
3625,379,413,669,rock
3607,372,398,680,rock
3598,379,387,672,rock
3628,362,385,676,rock
3618,360,379,716,rock
3631,389,364,708,rock
3648,349,375,715,rock
3635,349,369,705,rock
3613,353,364,703,rock
3630,370,353,704,rock
3644,397,356,696,rock
3594,387,358,711,rock
3629,392,352,694,rock
3644,377,344,691,rock
3641,376,286,668,rock
3630,370,359,718,rock
3656,371,333,682,rock
3648,375,364,699,rock
3708,388,372,716,rock
3635,382,343,697,rock
3656,394,362,701,rock
3617,392,356,687,rock
3610,456,370,707,rock
3629,386,372,708,rock
3626,357,385,668,rock
3650,359,357,706,rock
3631,372,361,697,rock
3641,358,359,704,rock
3680,377,348,688,rock
3628,379,353,695,rock
3619,373,340,689,rock
3614,377,340,692,rock
3661,371,337,670,rock
3637,363,359,712,rock
3634,358,370,690,rock
3653,348,391,677,rock
3629,385,366,714,rock
3633,374,396,657,rock
3577,381,398,667,rock
3659,369,396,670,rock
3627,363,427,688,rock
3638,361,420,686,rock
3563,358,440,704,rock
3621,348,450,714,rock
3641,358,413,699,rock
3627,334,457,718,rock
3608,353,456,717,rock
3634,340,440,714,rock
3630,342,467,711,rock
3644,310,463,720,rock
3615,347,440,695,rock
3629,316,437,697,rock
3649,332,456,701,rock
3632,320,435,701,rock
3629,345,411,691,rock
3632,334,430,697,rock
3632,329,432,693,rock
3630,328,423,698,rock
3629,325,448,702,rock
3654,318,453,720,rock
3632,324,450,712,rock
3614,322,528,699,rock
3617,322,308,678,rock
3624,293,470,727,rock
3631,342,452,720,rock
3629,316,440,724,rock
3624,311,478,734,rock
3633,304,452,710,rock
3632,301,468,729,rock
3625,308,476,745,rock
3629,302,477,747,rock
3640,330,478,742,rock
3627,338,443,728,rock
3621,346,488,750,rock
3632,366,493,761,rock
3635,355,480,745,rock
3657,369,448,734,rock
3616,371,487,757,rock
3637,361,474,740,rock
3621,378,462,735,rock
3631,379,485,750,rock
3629,380,489,738,rock
3641,389,463,727,rock
3627,430,503,761,rock
3633,475,473,745,rock
3638,464,468,738,rock
3625,521,482,750,rock
3630,538,468,728,rock
3626,557,478,769,rock
3661,575,490,777,rock
3600,608,505,788,rock
3662,611,487,778,rock
3639,602,419,735,rock
3631,596,483,760,rock
3612,591,518,751,rock
3632,635,475,758,rock
3628,580,470,756,rock
3630,581,465,752,rock
3640,581,462,750,rock
3629,585,451,742,rock
3616,579,488,753,rock
3629,574,489,744,rock
3644,581,437,729,rock
3633,548,454,735,rock
3628,547,454,738,rock
3646,571,446,726,rock
3633,696,439,733,rock
3631,555,433,698,rock
3607,549,444,712,rock
3660,550,313,676,rock
3757,551,422,698,rock
3631,541,414,692,rock
3643,549,412,693,rock
3633,534,402,674,rock
3653,528,407,687,rock
3634,520,414,688,rock
3649,514,279,669,rock
3632,498,414,684,rock
3626,526,412,683,rock
3646,506,417,693,rock
3629,613,408,693,rock
3631,507,413,688,rock
3626,491,415,700,rock
3630,512,427,691,rock
3635,497,417,686,rock
3611,516,414,689,rock
3635,498,407,682,rock
3632,493,406,679,rock
3670,517,402,688,rock
3628,523,400,667,rock
3572,523,397,667,rock
3597,518,361,706,rock
3612,496,386,660,rock
3659,493,368,714,rock
3724,491,384,687,rock
3630,499,381,733,rock
3653,504,371,725,rock
3634,506,395,692,rock
3652,487,462,725,rock
3596,499,384,683,rock
3636,501,388,681,rock
3630,497,360,703,rock
3627,513,375,736,rock
3633,528,375,703,rock
3629,544,367,723,rock
3632,497,371,702,rock
3627,512,249,665,rock
3646,483,375,735,rock
3627,465,376,721,rock
3549,473,374,737,rock
3604,479,368,704,rock
3640,442,374,720,rock
3631,463,371,712,rock
3615,457,377,714,rock
3632,449,366,707,rock
3629,448,357,700,rock
3628,417,366,712,rock
3632,437,360,701,rock
3625,418,360,695,rock
3633,424,361,694,rock
3631,422,356,703,rock
3563,435,363,709,rock
3624,385,372,716,rock
3626,413,361,688,rock
3628,403,371,710,rock
3624,401,393,678,rock
3634,396,396,661,rock
3637,446,413,683,rock
3633,396,408,674,rock
3651,379,408,661,rock
3622,374,428,680,rock
3630,372,402,661,rock
3624,380,401,664,rock
3606,384,576,719,rock
3622,389,422,683,rock
3675,393,413,696,rock
3630,380,386,662,rock
3629,377,410,694,rock
3649,385,442,693,rock
3626,382,437,707,rock
3624,364,449,710,rock
3633,381,446,722,rock
3613,358,459,712,rock
3622,382,443,704,rock
3638,335,460,725,rock
3650,386,434,714,rock
3620,360,473,722,rock
3655,346,557,733,rock
3631,352,444,710,rock
3639,347,430,708,rock
3628,328,442,692,rock
3728,360,425,692,rock
3636,339,434,695,rock
3627,345,439,712,rock
3604,318,462,719,rock
3609,349,454,731,rock
3634,344,480,728,rock
3603,355,447,715,rock
3632,360,440,697,rock
3633,355,455,708,rock
3628,371,435,693,rock
3629,387,424,677,rock
3630,357,412,683,rock
3638,348,422,689,rock
3629,336,419,677,rock
3630,352,390,665,rock
3638,340,419,673,rock
3620,343,404,663,rock
3640,326,394,666,rock
3587,345,396,673,rock
3615,355,399,665,rock
3603,373,392,646,rock
3634,400,377,697,rock
3629,397,392,655,rock
3630,386,401,675,rock
3645,390,397,662,rock
3630,400,391,680,rock
3640,393,465,684,rock
3633,392,390,654,rock
3605,396,408,670,rock
3637,402,401,660,rock
3655,382,410,688,rock
3630,389,408,669,rock
3632,378,412,682,rock
3631,391,414,687,rock
3637,392,420,684,rock
3634,374,435,691,rock
3645,369,416,675,rock
3632,359,432,691,rock
3620,381,417,675,rock
3754,361,422,697,rock
3630,359,424,682,rock
3613,348,422,690,rock
3600,348,421,670,rock
3629,351,411,675,rock
3609,355,432,672,rock
3595,343,394,658,rock
3654,300,395,672,rock
3629,353,412,695,rock
3617,346,365,684,rock
3647,348,390,670,rock
3632,339,402,664,rock
3631,336,402,654,rock
3626,352,421,685,rock
3634,349,391,658,rock
3631,319,398,665,rock
3629,337,406,671,rock
3673,350,373,711,rock
3662,356,370,684,rock
3726,363,387,645,rock
3647,397,491,730,rock
3630,394,379,725,rock
3630,396,371,721,rock
3619,375,352,701,rock
3641,366,400,677,rock
3642,380,370,707,rock
3632,379,354,697,rock
3633,348,352,684,rock
3629,373,408,658,rock
3628,379,397,674,rock
3631,415,393,654,rock
3648,440,394,669,rock
3630,445,387,657,rock
3628,437,405,682,rock
3647,448,417,684,rock
3511,449,430,687,rock
3629,461,453,717,rock
3615,466,450,714,rock
3759,471,428,698,rock
3639,476,425,697,rock
3630,463,426,690,rock
3616,457,415,690,rock
3637,458,401,675,rock
3635,482,394,664,rock
3608,454,402,664,rock
3632,445,418,673,rock
3630,425,417,681,rock
3631,444,434,685,rock
3648,432,381,710,rock
3621,444,414,682,rock
3633,421,410,671,rock
3633,416,392,666,rock
3644,425,415,680,rock
3644,379,405,669,rock
3721,386,406,666,rock
3628,390,389,660,rock
3616,379,414,680,rock
3640,387,400,671,rock
3630,384,389,664,rock
3633,347,378,711,rock
3632,360,396,680,rock
3631,385,381,702,rock
3629,383,403,663,rock
3618,364,410,679,rock
3740,369,399,667,rock
3613,358,395,653,rock
3631,332,390,670,rock
3632,335,384,662,rock
3491,344,390,672,rock
3636,343,370,686,rock
3635,343,387,661,rock
3633,343,380,703,rock
3623,334,383,718,rock
3622,334,377,711,rock
3630,329,397,683,rock
3641,345,362,699,rock
3645,354,366,706,rock
3626,322,366,702,rock
3632,329,359,689,rock
3631,332,357,697,rock
3630,342,316,669,rock
3636,351,348,689,rock
3755,355,348,697,rock
3614,396,346,684,rock
3637,352,358,691,rock
3615,350,373,702,rock
3600,359,332,663,rock
3632,373,335,680,rock
3721,375,341,679,rock
3636,375,321,661,rock
3637,363,338,678,rock
3617,361,307,656,rock
3645,334,335,678,rock
3603,343,337,685,rock
3636,402,338,682,rock
3619,361,337,662,rock
3630,350,367,683,rock
3643,371,333,670,rock
3668,371,331,659,rock
3630,365,325,664,rock
3631,347,325,668,rock
3627,332,341,672,rock
3634,365,328,656,rock
3640,351,309,655,rock
3643,354,316,647,rock
3617,364,322,659,rock
3633,355,327,666,rock
3604,374,317,652,rock
3630,352,317,653,rock
3628,334,317,647,rock
3632,345,302,649,rock
3635,317,307,644,rock
3608,341,306,643,rock
3644,337,298,626,rock
3639,331,300,632,rock
3626,328,303,641,rock
3625,327,304,631,rock
3655,309,306,641,rock
3663,362,293,628,rock
3635,317,309,644,rock
3633,350,330,659,rock
3633,305,358,698,rock
3721,315,368,696,rock
3638,311,381,730,rock
3682,320,378,690,rock
3630,291,378,712,rock
3654,301,388,648,rock
3635,306,399,675,rock
3767,320,408,658,rock
3647,302,420,677,rock
3629,311,417,674,rock
3628,308,427,669,rock
3627,305,411,670,rock
3628,311,410,663,rock
3629,300,398,656,rock
3632,301,393,644,rock
3646,306,390,665,rock
3632,301,383,686,rock
3574,304,380,712,rock
3629,303,387,676,rock
3635,295,388,673,rock
3645,269,381,712,rock
3623,291,370,692,rock
3638,289,365,708,rock
3627,308,357,693,rock
3546,321,368,688,rock
3629,358,371,709,rock
3606,399,363,712,rock
3630,473,364,703,rock
3633,446,359,713,rock
3631,414,409,677,rock
3632,459,371,712,rock
3658,484,495,753,rock
3625,510,362,703,rock
3637,508,369,698,rock
3749,534,352,705,rock
3635,506,354,710,rock
3622,498,351,709,rock
3631,503,348,697,rock
3628,490,343,695,rock
3624,456,341,688,rock
3629,484,431,713,rock
3559,493,349,705,rock
3630,502,339,693,rock
3633,489,323,675,rock
3634,491,341,701,rock
3627,488,340,688,rock
3615,473,355,689,rock
3623,482,310,672,rock
3534,466,334,690,rock
3615,481,334,681,rock
3631,490,327,678,rock
3632,456,328,665,rock
3626,466,332,682,rock
3643,448,330,678,rock
3618,441,334,691,rock
3631,441,322,664,rock
3633,436,332,676,rock
3625,422,343,682,rock
3636,446,335,694,rock
3655,426,283,646,rock
3646,423,342,696,rock
3622,410,363,701,rock
3640,437,352,693,rock
3639,384,338,679,rock
3632,427,335,689,rock
3634,402,343,688,rock
3636,399,335,671,rock
3630,394,336,672,rock
3632,406,331,668,rock
3636,397,332,676,rock
3630,392,341,669,rock
3632,381,321,666,rock
3632,382,292,647,rock
3657,367,353,668,rock
3676,360,315,641,rock
3644,373,284,637,rock
3630,373,315,654,rock
3632,381,307,626,rock
3618,377,314,644,rock
3633,388,303,646,rock
3628,353,310,648,rock
3628,355,312,638,rock
3629,356,304,638,rock
3629,366,320,664,rock
3634,362,343,682,rock
3635,360,349,676,rock
3645,367,331,659,rock
3639,351,289,644,rock
3651,397,330,662,rock
3654,342,305,642,rock
3650,340,296,628,rock
3635,334,319,651,rock
3632,340,315,654,rock
3622,349,269,622,rock
3630,342,312,632,rock
3642,341,308,646,rock
3627,326,307,636,rock
3631,353,296,629,rock
3629,345,299,630,rock
3629,348,290,637,rock
3632,366,269,620,rock
3627,367,307,632,rock
3638,369,294,630,rock
3627,387,289,618,rock
3651,394,284,627,rock
3633,296,286,630,rock
3633,390,258,602,rock
3653,427,286,623,rock
3627,395,272,617,rock
3610,391,239,647,rock
3646,403,289,632,rock
3621,403,271,633,rock
3648,384,287,637,rock
3631,386,283,620,rock
3629,378,291,624,rock
3612,373,315,638,rock
3631,414,334,652,rock
3637,354,288,632,rock
3634,404,278,616,rock
3626,388,285,631,rock
3628,398,265,612,rock
3641,359,279,617,rock
3583,387,278,629,rock
3619,381,276,624,rock
3632,362,264,599,rock
3632,376,272,597,rock
3634,366,274,620,rock
3632,346,278,622,rock
3660,356,266,598,rock
3687,349,276,617,rock
3645,353,292,624,rock
3620,361,298,637,rock
3631,334,343,683,rock
3621,341,342,682,rock
3634,340,321,663,rock
3630,337,344,675,rock
3633,339,353,682,rock
3619,354,483,732,rock
3632,354,395,654,rock
3631,351,403,665,rock
3632,338,375,717,rock
3630,347,378,705,rock
3640,334,423,706,rock
3746,347,385,675,rock
3631,345,378,717,rock
3630,330,394,661,rock
3615,324,387,674,rock
3641,308,361,690,rock
3630,325,351,701,rock
3639,306,393,661,rock
3504,301,357,689,rock
3611,325,349,688,rock
3630,323,363,690,rock
3606,335,360,686,rock
3630,341,349,691,rock
3629,339,348,691,rock
3613,336,350,691,rock
3733,334,327,666,rock
3629,365,334,672,rock
3633,367,318,676,rock
3641,381,350,690,rock
3633,389,352,684,rock
3631,374,348,691,rock
3645,391,361,709,rock
3641,329,407,688,rock
3629,380,420,670,rock
3642,378,434,690,rock
3635,324,410,673,rock
3611,377,433,694,rock
3631,376,463,738,rock
3635,375,501,766,rock
3496,370,485,763,rock
3634,366,479,764,rock
3653,392,485,759,rock
3623,373,507,759,rock
3630,385,469,733,rock
3614,365,466,737,rock
3627,340,474,738,rock
3629,368,429,719,rock
3617,382,466,733,rock
3633,358,464,726,rock
3610,353,458,725,rock
3643,346,451,711,rock
3634,352,446,716,rock
3612,345,449,712,rock
3647,364,438,689,rock
3676,345,434,686,rock
3633,342,429,696,rock
3612,342,422,683,rock
3625,343,435,698,rock
3630,335,419,684,rock
3631,330,423,685,rock
3619,392,440,696,rock
3631,328,444,703,rock
3610,329,443,707,rock
3617,358,446,715,rock
3632,332,433,699,rock
3612,368,441,700,rock
3645,344,427,690,rock
3635,362,411,679,rock
3631,370,392,662,rock
3638,392,413,685,rock
3631,410,409,674,rock
3630,390,406,681,rock
3636,377,512,678,rock
3632,372,374,697,rock
3628,380,407,670,rock
3653,374,363,706,rock
3690,370,389,660,rock
3611,396,380,694,rock
3630,356,379,701,rock
3623,372,378,721,rock
3630,365,376,717,rock
3641,383,346,681,rock
3587,357,368,693,rock
3666,351,369,700,rock
3631,358,375,713,rock
3650,338,425,690,rock
3630,354,370,699,rock
3651,333,380,707,rock
3630,354,357,696,rock
3656,339,472,702,rock
3628,330,349,682,rock
3722,350,323,671,rock
3618,331,334,681,rock
3637,313,329,669,rock
3532,324,329,662,rock
3635,316,326,667,rock
3635,290,328,654,rock
3623,306,335,663,rock
3634,322,319,663,rock
3658,312,324,644,rock
3595,324,313,636,rock
3642,296,310,648,rock
3637,311,308,637,rock
3635,295,307,646,rock
3627,296,316,641,rock
3628,280,321,635,rock
3643,287,310,643,rock
3637,279,305,624,rock
3631,333,314,640,rock
3631,306,306,637,rock
3627,304,218,629,rock
3631,300,305,632,rock
3613,298,286,616,rock
3632,282,300,634,rock
3624,292,313,634,rock
3631,306,271,616,rock
3629,292,296,618,rock
3639,275,293,627,rock
3627,303,292,619,rock
3623,294,282,615,rock
3630,303,294,638,rock
3684,279,317,643,rock
3624,292,309,644,rock
3613,292,313,624,rock
3617,290,313,643,rock
3592,286,299,620,rock
3633,302,300,621,rock
3635,282,316,643,rock
3631,281,286,624,rock
3631,282,298,630,rock
3637,282,293,629,rock
3635,299,289,613,rock
3628,326,318,635,rock
3633,355,326,655,rock
3633,368,309,638,rock
3630,333,306,622,rock
3624,363,298,636,rock
3669,327,289,624,rock
3630,376,289,614,rock
3660,375,287,616,rock
3632,374,284,616,rock
3654,379,376,667,rock
3635,379,288,614,rock
3617,371,294,621,rock
3633,361,265,608,rock
3635,353,313,635,rock
3621,360,280,610,rock
3712,353,278,616,rock
3647,373,277,613,rock
3639,342,276,630,rock
3632,374,275,599,rock
3668,388,258,590,rock
3616,383,306,619,rock
3619,398,359,660,rock
3632,421,314,636,rock
3656,402,280,612,rock
3625,422,285,626,rock
3628,435,276,616,rock
3630,431,277,623,rock
3628,407,258,598,rock
3628,406,277,610,rock
3614,389,269,605,rock
3653,413,258,601,rock
3618,458,292,620,rock
3636,266,260,581,rock
3642,357,270,622,rock
3631,383,258,593,rock
3664,333,260,600,rock
3630,358,260,596,rock
3631,323,299,630,rock
3627,378,301,640,rock
3643,362,287,637,rock
3628,358,295,637,rock
3610,357,291,621,rock
3640,344,294,622,rock
3630,353,287,627,rock
3629,347,265,609,rock
3613,344,362,651,rock
3640,353,290,624,rock
3651,368,276,612,rock
3630,344,276,609,rock
3727,332,284,614,rock
3632,327,320,626,rock
3628,345,280,610,rock
3630,240,282,611,rock
3625,368,279,621,rock
3633,349,260,595,rock
3628,352,267,616,rock
3629,357,272,605,rock
3628,352,289,618,rock
3630,339,294,624,rock
3545,368,290,627,rock
3626,362,300,629,rock
3627,367,398,648,rock
3765,374,299,638,rock
3599,368,302,640,rock
3617,370,295,635,rock
3631,368,296,625,rock
3635,354,281,611,rock
3629,361,283,616,rock
3629,357,296,622,rock
3630,365,276,613,rock
3661,363,289,616,rock
3637,339,293,630,rock
3620,373,290,620,rock
3615,366,293,628,rock
3630,362,284,621,rock
3604,360,288,607,rock
3634,369,288,619,rock
3630,373,286,630,rock
3650,340,287,622,rock
3651,345,249,644,rock
3634,328,283,613,rock
3633,334,282,609,rock
3637,313,275,616,rock
3654,321,289,609,rock
3628,328,297,620,rock
3617,326,327,660,rock
3632,318,307,635,rock
3630,311,305,634,rock
3653,312,315,643,rock
3630,317,308,647,rock
3650,343,303,648,rock
3630,394,312,650,rock
3644,311,324,658,rock
3636,319,320,652,rock
3642,305,358,686,rock
3645,460,341,677,rock
3619,308,343,684,rock
3631,309,340,664,rock
3629,326,318,663,rock
3655,312,324,658,rock
3649,344,336,664,rock
3646,320,330,670,rock
3634,318,348,680,rock
3630,307,339,682,rock
3722,321,334,684,rock
3631,303,340,679,rock
3653,307,363,683,rock
3647,211,358,701,rock
3641,318,383,706,rock
3635,340,358,712,rock
3630,350,367,702,rock
3629,383,348,684,rock
3629,351,351,697,rock
3633,369,357,688,rock
3629,356,372,706,rock
3632,357,374,725,rock
3646,350,377,713,rock
3632,357,375,720,rock
3637,378,384,672,rock
3639,382,412,686,rock
3631,363,367,708,rock
3618,356,361,696,rock
3634,387,356,693,rock
3634,371,359,722,rock
3629,373,392,663,rock
3641,342,365,707,rock
3637,398,351,694,rock
3611,371,368,691,rock
3633,367,352,683,rock
3621,378,386,667,rock
3636,389,349,704,rock
3632,379,363,704,rock
3632,357,409,663,rock
3638,358,280,644,rock
3626,347,402,664,rock
3645,345,416,672,rock
3629,338,411,679,rock
3635,347,421,692,rock
3630,351,425,674,rock
3650,352,358,695,rock
3648,328,409,672,rock
3633,340,438,689,rock
3625,339,408,661,rock
3639,338,392,650,rock
3631,339,395,655,rock
3637,334,406,663,rock
3636,337,387,662,rock
3657,335,249,654,rock
3624,331,381,706,rock
3628,331,323,688,rock
3649,328,382,724,rock
3635,321,360,673,rock
3622,322,401,651,rock
3615,324,379,694,rock
3631,326,389,657,rock
3632,321,368,692,rock
3724,320,382,708,rock
3629,318,391,680,rock
3632,323,394,675,rock
3639,304,387,673,rock
3635,337,372,708,rock
3624,312,348,693,rock
3654,317,367,706,rock
3633,340,368,704,rock
3634,314,362,679,rock
3628,318,360,691,rock
3630,337,356,688,rock
3594,331,354,685,rock
3616,349,340,689,rock
3633,337,362,692,rock
3756,324,354,697,rock
3634,315,343,688,rock
3631,316,376,701,rock
3631,314,359,704,rock
3631,340,359,707,rock
3641,321,367,706,rock
3629,322,362,694,rock
3648,352,388,672,rock
3642,298,359,705,rock
3633,331,256,626,rock
3605,324,491,725,rock
3633,321,347,688,rock
3517,339,323,667,rock
3632,320,365,691,rock
3626,361,360,691,rock
3630,300,394,654,rock
3629,323,384,652,rock
3646,340,414,677,rock
3628,317,414,683,rock
3616,311,450,691,rock
3629,310,421,678,rock
3635,311,424,682,rock
3625,285,442,682,rock
3609,292,388,662,rock
3622,323,424,688,rock
3642,298,440,677,rock
3636,321,399,672,rock
3617,290,445,687,rock
3637,297,406,675,rock
3623,289,404,663,rock
3505,285,395,654,rock
3629,280,391,661,rock
3630,282,391,657,rock
3634,288,423,674,rock
3667,294,377,705,rock
3612,262,389,658,rock
3648,293,369,712,rock
3633,260,371,703,rock
3650,269,365,704,rock
3638,287,372,686,rock
3649,313,362,692,rock
3617,277,355,694,rock
3631,288,360,690,rock
3614,280,347,681,rock
3628,276,348,678,rock
3641,273,315,666,rock
3636,244,340,662,rock
3611,272,341,668,rock
3643,274,332,661,rock
3633,270,330,660,rock
3634,264,300,645,rock
3637,282,321,648,rock
3634,285,317,657,rock
3635,237,320,645,rock
3630,263,315,645,rock
3638,276,300,626,rock
3675,271,310,652,rock
3649,283,311,642,rock
3605,267,362,670,rock
3607,262,305,628,rock
3650,270,303,636,rock
3629,263,301,635,rock
3615,269,281,603,rock
3632,267,294,627,rock
3643,256,299,621,rock
3642,235,277,608,rock
3626,270,285,610,rock
3650,224,299,610,rock
3589,245,281,595,rock
3644,240,278,597,rock
3651,239,278,613,rock
3664,285,295,620,rock
3613,228,278,590,rock
3515,248,272,594,rock
3632,209,253,631,rock
3635,247,276,596,rock
3645,247,270,600,rock
3633,235,264,599,rock
3631,250,272,591,rock
3631,267,272,600,rock
3631,288,234,613,rock
3624,300,154,567,rock
3635,395,266,598,rock
3627,321,266,590,rock
3627,300,268,614,rock
3629,323,279,616,rock
3617,320,265,595,rock
3646,341,279,606,rock
3654,328,278,620,rock
3633,324,272,602,rock
3630,300,267,601,rock
3637,311,276,599,rock
3629,325,270,603,rock
3572,318,270,606,rock
3730,324,237,626,rock
3627,292,272,593,rock
3630,317,277,615,rock
3619,313,274,602,rock
3636,342,275,612,rock
3607,302,279,610,rock
3632,297,253,645,rock
3513,315,292,627,rock
3610,293,321,648,rock
3609,295,346,681,rock
3662,294,370,714,rock
3633,310,350,701,rock
3641,298,370,699,rock
3628,298,379,699,rock
3633,342,400,674,rock
3626,300,394,657,rock
3743,326,396,670,rock
3616,305,396,644,rock
3622,307,400,653,rock
3614,289,408,657,rock
3633,298,413,665,rock
3633,312,366,704,rock
3645,274,387,647,rock
3628,300,378,702,rock
3641,290,377,703,rock
3613,285,381,719,rock
3632,257,375,720,rock
3635,284,392,669,rock
3633,273,373,701,rock
3625,291,359,697,rock
3616,256,366,702,rock
3635,283,343,688,rock
3655,264,462,702,rock
3633,306,341,668,rock
3637,300,321,661,rock
3646,286,386,652,rock
3627,275,336,657,rock
3630,264,348,672,rock
3630,278,360,670,rock
3626,245,333,666,rock
3623,251,352,667,rock
3665,274,329,653,rock
3623,275,331,654,rock
3631,274,331,659,rock
3643,268,328,655,rock
3630,272,330,654,rock
3626,268,337,661,rock
3618,282,333,663,rock
3617,272,324,655,rock
3585,288,308,641,rock
3635,278,328,656,rock
3637,259,318,659,rock
3612,289,321,646,rock
3639,283,318,653,rock
3643,289,220,636,rock
3650,284,291,636,rock
3625,309,282,624,rock
3621,273,321,648,rock
3631,284,314,638,rock
3639,302,313,643,rock
3616,358,336,658,rock
3632,338,323,654,rock
3621,355,352,667,rock
3631,347,299,639,rock
3658,348,322,647,rock
3624,340,321,651,rock
3645,347,320,653,rock
3636,363,321,650,rock
3633,353,308,641,rock
3630,350,308,647,rock
3626,331,328,666,rock
3631,350,303,657,rock
3611,345,324,659,rock
3631,349,328,656,rock
3621,274,347,669,rock
3628,359,389,666,rock
3628,351,355,691,rock
3631,353,385,673,rock
3628,338,372,710,rock
3636,344,365,707,rock
3709,385,349,709,rock
3633,365,360,698,rock
3616,372,518,700,rock
3633,361,352,690,rock
3629,375,367,704,rock
3629,361,346,690,rock
3646,345,342,693,rock
3664,355,342,687,rock
3620,359,323,678,rock
3594,351,336,664,rock
3642,326,400,657,rock
3631,337,344,666,rock
3615,339,328,663,rock
3626,331,321,646,rock
3626,323,336,656,rock
3629,305,323,651,rock
3607,325,321,650,rock
3628,312,330,666,rock
3629,327,331,667,rock
3623,343,332,661,rock
3626,350,330,658,rock
3629,336,321,650,rock
3657,322,432,669,rock
3640,311,338,642,rock
3621,329,304,641,rock
3630,325,325,657,rock
3604,315,281,624,rock
3633,305,333,662,rock
3630,319,322,644,rock
3604,323,314,644,rock
3621,349,331,670,rock
3631,343,306,648,rock
3657,351,326,668,rock
3626,350,257,626,rock
3629,348,312,648,rock
3630,320,308,649,rock
3607,334,312,640,rock
3640,338,323,647,rock
3631,342,304,639,rock
3631,338,312,637,rock
3618,330,316,645,rock
3636,324,308,644,rock
3629,316,326,656,rock
3636,320,327,659,rock
3627,342,299,620,rock
3627,344,294,629,rock
3653,319,298,623,rock
3631,311,299,625,rock
3642,315,295,642,rock
3649,305,285,630,rock
3609,301,302,640,rock
3627,303,276,616,rock
3640,297,289,625,rock
3620,298,303,632,rock
3632,302,296,618,rock
3628,333,288,616,rock
3613,302,302,635,rock
3618,315,450,668,rock
3685,333,305,641,rock
3645,305,288,630,rock
3599,307,318,654,rock
3633,299,322,648,rock
3637,303,318,663,rock
3641,292,315,640,rock
3628,295,328,650,rock
3631,294,302,640,rock
3608,298,315,640,rock
3610,299,311,656,rock
3637,287,309,646,rock
3630,291,314,655,rock
3619,287,315,646,rock
3627,264,331,646,rock
3629,300,315,647,rock
3622,288,348,667,rock
3602,274,263,616,rock
3525,274,316,643,rock
3627,280,297,628,rock
3629,272,315,644,rock
3652,261,327,662,rock
3474,263,323,646,rock
3640,262,311,650,rock
3617,258,318,650,rock
3637,259,291,630,rock
3628,256,319,653,rock
3628,256,321,645,rock
3596,256,328,657,rock
3650,253,334,673,rock
3651,250,330,656,rock
3621,249,231,656,rock
3609,255,322,642,rock
3593,248,320,633,rock
3633,258,314,637,rock
3601,256,314,638,rock
3630,250,323,648,rock
3611,237,324,653,rock
3631,240,333,661,rock
3643,254,318,654,rock
3630,223,316,640,rock
3629,234,312,629,rock
3661,229,300,626,rock
3649,241,308,622,rock
3648,231,305,632,rock
3633,212,288,620,rock
3632,230,245,641,rock
3674,211,296,613,rock
3630,229,302,634,rock
3638,225,284,620,rock
3632,215,302,624,rock
3654,237,298,630,rock
3631,230,294,620,rock
3615,204,298,619,rock
3652,241,298,618,rock
3641,213,298,617,rock
3627,212,402,633,rock
3628,212,289,617,rock
3641,213,285,603,rock
3625,189,286,608,rock
3631,196,279,615,rock
3631,197,280,610,rock
3628,205,277,596,rock
3629,206,364,652,rock
3636,203,278,601,rock
3633,213,286,619,rock
3626,218,281,592,rock
3623,215,277,602,rock
3656,209,264,592,rock
3614,214,267,587,rock
3618,215,260,598,rock
3733,206,237,613,rock
3630,225,236,607,rock
3617,207,266,600,rock
3631,210,245,648,rock
3630,194,252,631,rock
3612,202,266,602,rock
3628,208,254,663,rock
3527,219,241,628,rock
3691,209,246,648,rock
3633,218,262,609,rock
3655,246,259,588,rock
3627,256,280,602,rock
3630,284,277,606,rock
3628,326,289,619,rock
3505,333,305,646,rock
3628,354,314,643,rock
3589,338,341,660,rock
3622,363,315,650,rock
3619,434,315,644,rock
3637,375,287,642,rock
3637,372,317,663,rock
3630,364,339,662,rock
3645,368,324,653,rock
3609,359,331,659,rock
3642,352,317,652,rock
3636,367,313,637,rock
3669,358,332,661,rock
3635,354,313,651,rock
3610,362,320,655,rock
3632,352,355,678,rock
3620,341,324,649,rock
3628,335,328,655,rock
3633,291,310,660,rock
3627,313,336,664,rock
3606,325,283,636,rock
3630,327,335,673,rock
3633,302,341,673,rock
3616,322,348,681,rock
3653,322,351,694,rock
3525,314,348,683,rock
3647,321,346,680,rock
3630,311,341,677,rock
3618,313,334,673,rock
3648,313,332,664,rock
3629,320,365,691,rock
3645,312,315,657,rock
3621,304,343,683,rock
3625,301,341,681,rock
3639,309,342,684,rock
3628,303,321,658,rock
3647,317,344,682,rock
3625,306,341,676,rock
3615,309,325,667,rock
3630,278,330,659,rock
3665,296,331,663,rock
3626,298,302,651,rock
3629,285,338,659,rock
3655,263,323,645,rock
3630,290,316,648,rock
3631,260,295,639,rock
3628,276,326,666,rock
3625,290,333,654,rock
3633,292,310,646,rock
3653,254,304,638,rock
3629,269,316,642,rock
3627,272,336,641,rock
3634,259,303,637,rock
3661,308,319,670,rock
3635,298,316,633,rock
3646,332,296,635,rock
3583,334,305,637,rock
3628,333,301,641,rock
3628,336,315,639,rock
3636,347,320,627,rock
3634,469,308,635,rock
3631,358,306,650,rock
3628,335,324,656,rock
3666,342,306,639,rock
3620,356,394,647,rock
3630,368,299,638,rock
3618,375,386,640,rock
3657,377,310,651,rock
3669,362,303,642,rock
3634,382,288,628,rock
3619,383,298,626,rock
3625,390,303,640,rock
3633,385,301,650,rock
3617,392,297,631,rock
3604,393,288,622,rock
3630,399,288,621,rock
3630,420,285,622,rock
3632,407,267,616,rock
3623,384,283,627,rock
3636,382,279,617,rock
3637,374,280,619,rock
3647,377,298,618,rock
3634,364,282,624,rock
3493,366,270,615,rock
3624,362,281,610,rock
3630,362,282,615,rock
3644,354,279,617,rock
3629,350,292,622,rock
3631,351,273,596,rock
3633,343,298,619,rock
3634,345,267,600,rock
3622,366,266,597,rock
3637,335,242,627,rock
3617,331,280,616,rock
3614,327,286,609,rock
3620,323,269,595,rock
3627,329,268,626,rock
3622,324,260,592,rock
3603,320,266,595,rock
3631,341,259,593,rock
3641,319,269,608,rock
3629,312,265,591,rock
3628,324,280,605,rock
3631,304,290,608,rock
3613,304,299,627,rock
3633,306,288,620,rock
3650,344,278,619,rock
3618,292,315,636,rock
3630,291,292,620,rock
3617,294,291,618,rock
3637,354,306,638,rock
3639,276,329,646,rock
3624,289,306,635,rock
3621,282,303,636,rock
3645,300,296,631,rock
3741,286,301,637,rock
3627,267,302,640,rock
3605,284,299,626,rock
3652,280,276,619,rock
3621,278,321,648,rock
3645,287,332,658,rock
3636,267,352,680,rock
3628,284,356,696,rock
3626,273,368,695,rock
3635,314,381,706,rock
3630,272,412,655,rock
3632,264,420,670,rock
3634,272,427,680,rock
3633,241,408,656,rock
3684,260,404,671,rock
3629,253,398,657,rock
3668,222,398,667,rock
3630,252,389,667,rock
3635,245,378,677,rock
3597,245,356,672,rock
3637,233,374,708,rock
3660,238,373,711,rock
3631,284,370,706,rock
3628,297,370,691,rock
3627,327,367,695,rock
3627,366,360,682,rock
3616,375,349,702,rock
3629,338,358,692,rock
3641,377,355,704,rock
3665,375,349,701,rock
3640,354,418,677,rock
3807,379,342,688,rock
3630,421,339,683,rock
3619,424,339,676,rock
3627,438,326,681,rock
3628,423,328,669,rock
3639,443,323,662,rock
3631,419,325,667,rock
3631,436,326,672,rock
3639,455,314,663,rock
3634,430,322,656,rock
3618,430,321,648,rock
3629,425,313,649,rock
3635,420,312,643,rock
3629,409,325,671,rock
3586,402,338,672,rock
3630,414,320,663,rock
3637,402,335,694,rock
3632,382,343,681,rock
3623,359,334,670,rock
3625,379,326,677,rock
3629,374,341,686,rock
3635,374,348,680,rock
3631,372,336,678,rock
3617,387,331,675,rock
3629,359,346,675,rock
3613,368,376,699,rock
3647,387,353,697,rock
3549,364,350,697,rock
3650,363,359,692,rock
3624,356,356,699,rock
3617,351,360,695,rock
3628,328,364,714,rock
3536,345,359,697,rock
3627,375,369,726,rock
3626,314,400,656,rock
3629,341,387,662,rock
3636,333,413,676,rock
3632,373,399,680,rock
3636,333,417,672,rock
3633,323,429,684,rock
3657,329,551,721,rock
3643,329,436,703,rock
3630,323,445,711,rock
3638,322,430,702,rock
3556,309,437,707,rock
3649,320,446,714,rock
3636,296,444,691,rock
3629,339,464,716,rock
3644,333,429,695,rock
3601,335,443,701,rock
3640,318,425,688,rock
3630,342,421,688,rock
3482,334,416,663,rock
3613,321,424,676,rock
3606,330,429,688,rock
3655,324,404,662,rock
3602,305,413,663,rock
3632,361,394,647,rock
3643,373,388,653,rock
3633,408,390,665,rock
3626,416,387,663,rock
3642,456,374,725,rock
3653,416,387,674,rock
3629,466,279,676,rock
3631,463,366,721,rock
3632,477,369,708,rock
3637,450,359,718,rock
3638,458,380,716,rock
3644,347,368,708,rock
3632,457,387,674,rock
3654,419,374,715,rock
3630,446,362,706,rock
3649,438,292,663,rock
3650,455,357,708,rock
3653,442,219,662,rock
3633,446,344,681,rock
3638,436,332,680,rock
3631,424,342,684,rock
3616,443,361,693,rock
3632,434,353,675,rock
3651,400,373,722,rock
3628,413,367,722,rock
3596,415,391,671,rock
3636,407,406,684,rock
3635,396,421,677,rock
3629,416,404,657,rock
3633,383,382,706,rock
3612,394,395,658,rock
3633,388,390,664,rock
3633,384,396,660,rock
3627,369,413,668,rock
3614,385,381,706,rock
3630,377,370,716,rock
3606,357,391,692,rock
3630,375,373,720,rock
3629,362,372,718,rock
3630,364,361,699,rock
3656,340,366,712,rock
3631,381,376,699,rock
3616,345,362,707,rock
3637,344,362,697,rock
3684,321,367,701,rock
3635,291,365,705,rock
3629,333,364,704,rock
3635,309,377,699,rock
3628,302,369,703,rock
3625,347,352,689,rock
3629,332,349,690,rock
3495,318,359,711,rock
3631,315,342,689,rock
3684,292,359,687,rock
3654,296,344,674,rock
3630,303,343,681,rock
3647,302,336,662,rock
3600,298,339,660,rock
3615,306,314,656,rock
3626,303,330,669,rock
3622,292,342,670,rock
3643,280,348,668,rock
3627,279,320,652,rock
3636,288,317,644,rock
3629,281,314,638,rock
3657,285,310,643,rock
3629,331,307,632,rock
3637,328,316,651,rock
3637,347,304,627,rock
3627,374,302,645,rock
3635,409,306,640,rock
3609,379,337,663,rock
3631,382,309,650,rock
3639,387,308,655,rock
3652,403,298,638,rock
3635,339,311,648,rock
3648,400,309,652,rock
3631,394,402,643,rock
3631,390,308,637,rock
3637,388,305,628,rock
3655,369,305,652,rock
3630,379,274,610,rock
3620,480,324,651,rock
3631,538,288,645,rock
3629,439,302,648,rock
3628,520,300,660,rock
3617,542,313,655,rock
3629,552,318,701,rock
3615,531,326,684,rock
3619,556,309,671,rock
3636,626,327,697,rock
3642,585,231,674,rock
3631,588,303,663,rock
3627,581,321,675,rock
3627,574,330,680,rock
3630,567,324,682,rock
3625,562,323,672,rock
3655,606,337,676,rock
3627,564,289,650,rock
3628,548,316,666,rock
3617,549,345,680,rock
3635,534,317,666,rock
3627,535,308,643,rock
3613,518,305,646,rock
3615,515,309,660,rock
3638,513,295,653,rock
3630,501,304,637,rock
3635,532,303,650,rock
3626,485,296,638,rock
3631,485,316,656,rock
3633,478,302,652,rock
3630,470,291,635,rock
3628,457,303,649,rock
3660,464,303,648,rock
3628,455,298,641,rock
3632,452,264,619,rock
3630,445,321,641,rock
3631,473,299,645,rock
3600,456,350,680,rock
3628,449,293,630,rock
3621,451,322,653,rock
3632,445,318,648,rock
3628,436,322,663,rock
3631,435,313,649,rock
3627,446,294,647,rock
3614,430,285,641,rock
3630,455,316,648,rock
3627,458,304,640,rock
3600,462,309,647,rock
3656,481,287,635,rock
3632,455,292,634,rock
3615,460,302,644,rock
3642,427,299,626,rock
3631,442,295,636,rock
3635,449,292,634,rock
3623,434,297,622,rock
3629,437,304,631,rock
3649,434,296,625,rock
3654,446,302,654,rock
3626,434,296,619,rock
3642,416,314,648,rock
3657,435,311,646,rock
3639,431,305,633,rock
3631,399,333,658,rock
3623,427,291,636,rock
3632,420,301,642,rock
3614,419,284,633,rock
3650,424,299,640,rock
3627,406,311,645,rock
3553,414,294,640,rock
3632,428,310,656,rock
3651,396,332,667,rock
3629,414,324,679,rock
3627,442,341,691,rock
3630,445,360,704,rock
3637,444,358,700,rock
3631,442,362,707,rock
3635,427,391,682,rock
3629,398,414,681,rock
3631,421,400,670,rock
3631,412,399,681,rock
3654,392,422,680,rock
3643,448,415,688,rock
3651,317,390,666,rock
3622,403,409,668,rock
3609,365,412,665,rock
3632,403,393,665,rock
3636,425,392,651,rock
3621,503,400,681,rock
3636,403,414,692,rock
3651,404,381,708,rock
3685,386,391,651,rock
3637,385,390,666,rock
3636,396,420,671,rock
3629,431,382,733,rock
3645,442,375,723,rock
3648,524,375,732,rock
3639,530,404,698,rock
3616,534,368,710,rock
3609,513,362,699,rock
3624,569,355,708,rock
3629,583,363,718,rock
3602,577,375,730,rock
3630,590,342,705,rock
3631,600,354,713,rock
3648,570,377,718,rock
3621,579,346,697,rock
3634,573,367,720,rock
3630,565,348,702,rock
3658,526,362,701,rock
3631,539,370,698,rock
3672,542,323,689,rock
3635,530,333,689,rock
3600,518,359,701,rock
3644,521,329,673,rock
3639,497,340,687,rock
3617,501,344,694,rock
3605,499,373,725,rock
3669,501,371,726,rock
3633,467,413,692,rock
3635,487,373,728,rock
3632,482,373,716,rock
3630,476,377,724,rock
3642,493,396,668,rock
3631,485,399,705,rock
3631,485,378,723,rock
3653,455,370,720,rock
3599,452,413,676,rock
3632,472,385,656,rock
3650,439,391,681,rock
3628,452,388,657,rock
3720,447,407,675,rock
3632,441,387,657,rock
3630,409,398,675,rock
3627,433,378,706,rock
3619,449,378,722,rock
3630,440,374,711,rock
3611,418,372,718,rock
3554,418,368,690,rock
3644,413,367,707,rock
3619,415,366,710,rock
3623,391,339,687,rock
3633,390,362,697,rock
3631,273,365,709,rock
3623,392,360,701,rock
3640,395,360,698,rock
3615,392,353,688,rock
3631,381,353,691,rock
3631,294,349,690,rock
3752,398,344,688,rock
3627,399,353,684,rock
3638,399,333,682,rock
3626,403,358,694,rock
3630,421,312,661,rock
3652,410,347,680,rock
3636,428,340,676,rock
3631,408,333,666,rock
3632,416,319,660,rock
3635,383,310,654,rock
3629,412,316,653,rock
3619,405,311,664,rock
3633,395,309,643,rock
3639,414,276,632,rock
3639,371,305,633,rock
3627,380,296,632,rock
3628,387,320,635,rock
3644,388,297,631,rock
3627,390,269,608,rock
3637,380,293,623,rock
3758,376,288,629,rock
3635,370,285,630,rock
3621,431,307,630,rock
3626,346,296,620,rock
3541,351,288,612,rock
3632,343,288,614,rock
3625,370,305,624,rock
3615,362,347,647,rock
3632,355,278,616,rock
3627,365,285,632,rock
3629,358,280,607,rock
3625,377,293,626,rock
3633,382,278,628,rock
3629,371,269,615,rock
3657,361,301,627,rock
3630,363,264,596,rock
3638,383,257,590,rock
3644,364,264,595,rock
3622,455,282,603,rock
3628,361,266,592,rock
3617,349,298,605,rock
3647,364,226,613,rock
3620,347,386,616,rock
3633,339,288,600,rock
3495,340,260,594,rock
3608,337,291,617,rock
3634,313,266,622,rock
3627,329,290,609,rock
3630,348,263,600,rock
3631,328,275,607,rock
3631,341,263,620,rock
3629,320,262,603,rock
3626,349,253,641,rock
3637,307,280,605,rock
3651,318,266,601,rock
3640,340,297,620,rock
3626,336,278,618,rock
3633,332,293,636,rock
3651,311,298,617,rock
3628,329,296,621,rock
3651,343,295,636,rock
3632,326,327,645,rock
3551,296,302,629,rock
3628,313,301,631,rock
3633,326,309,647,rock
3590,328,309,648,rock
3663,378,362,680,rock
3630,358,350,683,rock
3627,375,329,665,rock
3661,400,328,657,rock
3637,239,320,646,rock
3632,368,341,674,rock
3642,367,327,663,rock
3627,363,363,682,rock
3638,360,316,656,rock
3633,359,303,645,rock
3633,352,283,636,rock
3770,354,314,640,rock
3625,347,322,652,rock
3607,367,324,654,rock
3658,362,288,636,rock
3657,361,322,642,rock
3622,349,330,651,rock
3633,382,324,660,rock
3604,386,323,659,rock
3654,378,323,644,rock
3627,421,306,651,rock
3643,395,327,663,rock
3656,393,215,634,rock
3624,385,310,652,rock
3625,368,305,627,rock
3635,389,304,629,rock
3631,366,311,646,rock
3623,354,297,618,rock
3611,379,293,631,rock
3618,367,289,619,rock
3639,387,266,598,rock
3628,391,286,620,rock
3667,380,305,622,rock
3620,364,283,619,rock
3662,406,283,609,rock
3633,424,256,596,rock
3614,411,310,641,rock
3629,382,279,619,rock
3631,418,273,600,rock
3646,394,167,606,rock
3632,396,280,608,rock
3632,396,275,607,rock
3628,382,275,608,rock
3641,380,281,612,rock
3631,363,273,587,rock
3633,374,270,608,rock
3630,370,267,602,rock
3633,379,266,611,rock
3612,359,302,638,rock
3635,371,256,595,rock
3632,364,272,602,rock
3649,405,270,609,rock
3627,395,264,608,rock
3630,390,264,592,rock
3631,390,283,631,rock
3632,398,246,640,rock
3631,393,278,612,rock
3631,387,243,637,rock
3638,401,292,613,rock
3630,403,256,587,rock
3632,386,263,598,rock
3633,392,260,606,rock
3629,398,282,638,rock
3613,397,275,611,rock
3628,417,251,656,rock
3626,497,248,654,rock
3608,393,250,640,rock
3631,394,250,646,rock
3597,391,248,650,rock
3621,399,275,632,rock
3630,393,245,648,rock
3628,390,253,640,rock
3645,387,257,614,rock
3633,372,267,604,rock
3627,397,256,590,rock
3646,377,190,611,rock
3631,380,276,616,rock
3628,362,294,623,rock
3607,379,256,596,rock
3633,368,293,630,rock
3616,380,289,616,rock
3652,342,258,600,rock
3628,373,272,603,rock
3631,352,284,614,rock
3638,327,278,616,rock
3650,350,284,613,rock
3606,348,285,616,rock
3633,363,280,617,rock
3630,386,297,621,rock
3630,411,282,610,rock
3627,429,282,624,rock
3661,431,274,610,rock
3633,427,272,605,rock
3625,416,275,611,rock
3649,390,276,629,rock
3602,415,285,633,rock
3626,426,275,600,rock
3607,446,285,624,rock
3648,418,307,634,rock
3617,420,276,622,rock
3498,419,284,624,rock
3629,417,280,610,rock
3628,414,291,618,rock
3618,417,260,610,rock
3643,400,289,614,rock
3646,386,335,658,rock
3630,395,288,611,rock
3633,387,260,597,rock
3610,393,256,598,rock
3624,357,281,599,rock
3658,369,265,603,rock
3629,371,272,600,rock
3630,375,271,610,rock
3629,371,268,601,rock
3627,394,266,606,rock
3631,403,275,616,rock
3648,424,264,597,rock
3632,431,245,644,rock
3633,413,260,604,rock
3634,428,256,593,rock
3634,414,252,665,rock
3630,415,251,637,rock
3624,408,252,660,rock
3634,408,252,646,rock
3637,412,248,664,rock
3630,419,220,644,rock
3628,411,249,653,rock
3624,391,249,649,rock
3624,402,248,643,rock
3655,390,224,638,rock
3610,395,245,657,rock
3648,392,230,649,rock
3632,402,239,656,rock
3640,381,221,640,rock
3666,370,263,628,rock
3630,364,235,643,rock
3612,375,238,656,rock
3622,378,239,656,rock
3618,399,218,640,rock
3631,378,209,627,rock
3629,375,234,640,rock
3632,360,213,636,rock
3629,365,231,651,rock
3629,366,198,631,rock
3651,361,124,614,rock
3606,361,244,654,rock
3635,218,245,640,rock
3636,345,250,635,rock
3657,324,261,608,rock
3627,346,256,584,rock
3638,341,228,623,rock
3637,341,260,588,rock
3637,339,260,595,rock
3631,290,258,613,rock
3657,346,258,596,rock
3618,337,227,633,rock
3623,316,259,602,rock
3633,278,266,598,rock
3581,347,256,590,rock
3627,339,261,602,rock
3632,458,262,632,rock
3620,351,289,607,rock
3634,324,269,614,rock
3719,347,267,615,rock
3629,347,260,599,rock
3631,348,258,615,rock
3635,340,280,608,rock
3632,326,270,603,rock
3631,333,268,600,rock
3631,331,259,585,rock
3644,338,233,641,rock
3632,332,276,610,rock
3629,313,266,588,rock
3629,373,250,630,rock
3653,314,260,591,rock
3631,306,258,604,rock
3622,297,258,582,rock
3632,319,254,636,rock
3632,312,252,651,rock
3628,291,263,611,rock
3616,298,256,586,rock
3627,292,256,593,rock
3630,306,256,594,rock
3656,285,249,645,rock
3641,252,250,630,rock
3624,293,254,652,rock
3636,309,247,636,rock
3604,321,250,646,rock
3657,320,216,618,rock
3642,334,217,634,rock
3631,320,248,628,rock
3637,316,248,644,rock
3630,306,239,649,rock
3634,303,230,629,rock
3634,184,234,626,rock
3623,309,240,638,rock
3629,302,250,628,rock
3626,313,231,636,rock
3627,304,235,637,rock
3630,298,230,630,rock
3630,316,202,616,rock
3625,302,209,621,rock
3608,301,245,646,rock
3607,290,234,632,rock
3664,291,224,625,rock
3635,291,224,629,rock
3630,281,219,613,rock
3647,300,226,628,rock
3630,256,239,632,rock
3629,253,224,634,rock
3629,275,230,629,rock
3641,270,188,598,rock
3719,269,210,605,rock
3630,295,214,612,rock
3618,258,210,613,rock
3638,268,208,599,rock
3647,260,206,610,rock
3630,253,220,618,rock
3637,252,209,607,rock
3634,266,261,593,rock
3622,270,235,620,rock
3629,273,238,625,rock
3636,234,205,600,rock
3651,264,206,603,rock
3630,268,202,594,rock
3624,249,205,605,rock
3651,260,171,585,rock
3633,264,207,616,rock
3649,271,180,600,rock
3637,303,200,611,rock
3635,313,239,652,rock
3621,326,276,603,rock
3668,330,282,609,rock
3658,379,256,594,rock
3612,311,268,603,rock
3625,329,311,652,rock
3624,330,240,658,rock
3628,332,328,662,rock
3633,332,303,657,rock
3604,330,346,665,rock
3631,344,357,675,rock
3626,329,384,644,rock
3655,321,308,647,rock
3628,333,290,636,rock
3630,294,322,644,rock
3632,320,351,676,rock
3627,314,320,655,rock
3621,243,339,666,rock
3625,229,323,652,rock
3635,397,322,648,rock
3681,454,332,686,rock
3603,447,383,712,rock
3533,456,324,670,rock
3665,446,303,659,rock
3634,471,313,651,rock
3629,479,312,651,rock
3630,466,317,660,rock
3593,473,342,678,rock
3644,479,320,653,rock
3616,455,323,668,rock
3631,470,323,663,rock
3659,475,312,655,rock
3608,458,299,648,rock
3641,473,317,654,rock
3631,489,296,638,rock
3605,460,339,671,rock
3646,446,314,655,rock
3629,425,312,642,rock
3686,440,310,646,rock
3655,428,303,654,rock
3630,425,291,634,rock
3622,429,299,626,rock
3638,461,300,638,rock
3611,414,300,643,rock
3640,408,291,626,rock
3638,404,305,630,rock
3633,392,301,635,rock
3611,397,308,634,rock
3633,395,297,634,rock
3627,395,246,652,rock
3628,388,281,618,rock
3634,388,298,641,rock
3643,381,308,648,rock
3629,401,339,661,rock
3609,379,314,654,rock
3635,388,309,647,rock
3613,386,393,636,rock
3633,388,282,621,rock
3633,385,305,645,rock
3638,378,310,635,rock
3631,401,305,636,rock
3645,362,298,624,rock
3649,375,264,612,rock
3637,362,295,630,rock
3629,363,273,609,rock
3649,358,290,627,rock
3651,370,295,629,rock
3593,358,328,644,rock
3660,376,308,634,rock
3630,376,304,641,rock
3630,382,300,645,rock
3621,387,320,645,rock
3630,396,314,652,rock
3627,382,310,660,rock
3629,386,340,667,rock
3633,309,319,658,rock
3645,376,275,622,rock
3630,378,304,634,rock
3628,377,309,646,rock
3642,365,304,634,rock
3656,363,426,657,rock
3655,389,290,634,rock
3571,358,297,632,rock
3653,330,293,630,rock
3629,352,292,624,rock
3628,364,283,618,rock
3637,365,286,620,rock
3644,377,285,619,rock
3621,371,314,627,rock
3648,416,279,618,rock
3658,365,253,648,rock
3606,364,269,602,rock
3632,367,277,617,rock
3623,353,274,603,rock
3612,368,279,612,rock
3613,360,285,617,rock
3637,356,275,609,rock
3636,372,254,654,rock
3629,353,269,599,rock
3649,351,259,614,rock
3630,343,256,589,rock
3589,355,265,590,rock
3630,339,266,606,rock
3627,334,266,604,rock
3628,338,254,641,rock
3617,335,253,650,rock
3627,339,260,590,rock
3627,342,245,629,rock
3629,332,253,658,rock
3622,374,243,626,rock
3631,372,271,614,rock
3632,356,267,604,rock
3630,356,260,589,rock
3605,343,221,612,rock
3630,357,260,610,rock
3601,348,229,628,rock
3646,324,270,617,rock
3626,329,268,613,rock
3631,312,263,600,rock
3641,328,284,614,rock
3629,345,276,605,rock
3630,320,269,619,rock
3619,319,349,642,rock
3606,327,250,636,rock
3557,324,265,590,rock
3634,303,262,595,rock
3629,320,246,651,rock
3631,320,267,595,rock
3615,348,257,611,rock
3631,317,270,617,rock
3633,377,256,592,rock
3629,402,252,643,rock
3629,399,266,602,rock
3633,415,246,658,rock
3630,419,229,646,rock
3630,413,248,664,rock
3658,404,256,612,rock
3632,416,250,618,rock
3633,397,232,641,rock
3619,390,266,622,rock
3629,537,247,664,rock
3667,372,266,603,rock
3628,388,241,640,rock
3639,384,265,594,rock
3623,377,265,586,rock
3637,362,256,587,rock
3631,369,269,605,rock
3612,353,251,622,rock
3635,368,258,596,rock
3666,358,253,636,rock
3633,350,240,637,rock
3639,359,236,654,rock
3643,361,243,644,rock
3621,346,249,627,rock
3615,398,271,628,rock
3624,364,240,638,rock
3632,338,243,632,rock
3648,334,247,656,rock
3662,326,237,653,rock
3612,327,244,643,rock
3629,303,241,620,rock
3630,325,225,637,rock
3638,335,242,646,rock
3631,308,221,641,rock
3630,311,242,645,rock
3627,329,237,657,rock
3642,295,243,643,rock
3657,320,246,652,rock
3627,331,266,612,rock
3641,216,209,619,rock
3631,340,233,626,rock
3643,329,237,641,rock
3631,365,230,656,rock
3618,380,252,662,rock
3597,404,247,649,rock
3604,402,249,662,rock
3629,443,244,659,rock
3634,450,242,654,rock
3628,447,248,647,rock
3631,490,260,624,rock
3631,495,233,648,rock
3613,496,252,666,rock
3663,495,227,649,rock
3652,474,203,629,rock
3664,488,245,674,rock
3647,464,269,629,rock
3669,466,238,666,rock
3636,448,239,661,rock
3636,445,235,641,rock
3635,426,249,646,rock
3631,449,232,640,rock
3640,426,235,646,rock
3630,445,223,650,rock
3628,442,232,639,rock
3628,446,229,631,rock
3627,449,227,638,rock
3642,435,229,647,rock
3634,445,198,622,rock
3626,439,226,635,rock
3642,436,243,646,rock
3639,430,229,632,rock
3638,410,236,640,rock
3630,418,245,661,rock
3633,409,244,644,rock
3636,401,245,652,rock
3615,425,229,652,rock
3630,405,256,618,rock
3622,398,256,594,rock
3629,422,253,645,rock
3629,398,260,614,rock
3630,463,258,601,rock
3621,400,268,626,rock
3632,424,234,645,rock
3629,427,270,632,rock
3646,363,231,659,rock
3630,410,254,670,rock
3631,403,261,619,rock
3633,384,206,638,rock
3627,386,280,619,rock
3633,434,219,643,rock
3630,413,218,641,rock
3610,410,239,663,rock
3631,405,248,660,rock
3638,400,250,649,rock
3631,400,273,627,rock
3634,428,264,594,rock
3634,362,254,641,rock
3629,360,268,602,rock
3638,382,253,633,rock
3629,385,233,635,rock
3629,379,265,622,rock
3650,375,250,662,rock
3644,368,236,623,rock
3632,341,272,626,rock
3624,362,247,657,rock
3628,358,247,644,rock
3650,368,246,657,rock
3638,350,216,631,rock
3641,348,236,647,rock
3616,342,237,637,rock
3631,340,246,645,rock
3619,342,266,618,rock
3631,337,240,647,rock
3639,317,251,652,rock
3629,324,231,643,rock
3632,341,232,633,rock
3633,353,253,651,rock
3646,364,227,632,rock
3629,373,225,631,rock
3758,387,229,646,rock
3626,381,222,632,rock
3630,406,224,628,rock
3617,421,252,653,rock
3641,388,217,626,rock
3625,417,105,610,rock
3630,404,232,629,rock
3632,399,232,634,rock
3631,395,222,633,rock
3629,383,200,608,rock
3667,377,191,614,rock
3633,389,201,615,rock
3627,387,204,611,rock
3626,380,208,612,rock
3631,390,202,617,rock
3668,385,214,628,rock
3671,378,221,633,rock
3631,368,214,629,rock
3650,365,243,640,rock
3630,370,206,626,rock
3637,368,218,620,rock
3625,361,201,608,rock
3628,367,180,603,rock
3625,345,315,627,rock
3631,369,258,595,rock
3603,350,215,629,rock
3649,348,196,612,rock
3624,334,205,614,rock
3637,311,204,600,rock
3638,316,209,608,rock
3611,376,204,609,rock
3631,332,206,619,rock
3604,328,208,612,rock
3620,327,200,607,rock
3629,345,198,609,rock
3615,315,225,618,rock
3667,324,212,616,rock
3607,325,212,610,rock
3632,320,270,622,rock
3641,313,268,615,rock
3616,316,294,628,rock
3626,288,222,622,rock
3494,296,225,621,rock
3625,322,223,643,rock
3620,330,228,622,rock
3631,344,213,634,rock
3634,312,207,625,rock
3638,176,226,604,rock
3629,292,219,621,rock
3631,300,221,628,rock
3634,225,225,620,rock
3625,302,200,609,rock
3627,326,219,632,rock
3627,293,220,625,rock
3610,306,210,611,rock
3626,290,217,610,rock
3629,280,213,621,rock
3621,257,219,625,rock
3618,300,214,618,rock
3620,297,196,603,rock
3629,302,217,607,rock
3637,315,221,640,rock
3537,329,214,630,rock
3629,335,195,605,rock
3613,328,349,652,rock
3633,325,215,616,rock
3631,324,186,602,rock
3615,316,213,607,rock
3603,325,220,612,rock
3629,317,216,617,rock
3644,312,214,617,rock
3628,293,207,625,rock
3639,293,249,633,rock
3622,208,225,623,rock
3603,302,230,637,rock
3652,314,212,631,rock
3691,302,230,643,rock
3635,301,238,641,rock
3629,318,236,624,rock
3630,301,241,635,rock
3617,299,224,626,rock
3619,296,220,619,rock
3632,292,221,628,rock
3636,290,207,614,rock
3659,288,191,612,rock
3626,299,247,644,rock
3627,299,209,612,rock
3629,282,238,641,rock
3623,277,219,596,rock
3635,285,86,593,rock
3630,272,227,628,rock
3631,257,220,625,rock
3750,271,220,626,rock
3611,278,351,655,rock
3634,335,221,634,rock
3616,314,237,635,rock
3629,322,206,626,rock
3633,325,218,620,rock
3615,312,213,621,rock
3598,317,237,636,rock
3650,331,212,613,rock
3631,309,196,603,rock
3631,292,210,616,rock
3598,307,208,594,rock
3632,300,208,608,rock
3632,296,187,597,rock
3623,330,204,616,rock
3653,284,215,623,rock
3642,271,220,614,rock
3629,312,215,624,rock
3634,306,234,629,rock
3632,304,216,616,rock
3631,293,215,621,rock
3617,306,211,614,rock
3637,290,213,620,rock
3616,301,215,621,rock
3642,296,219,622,rock
3631,323,199,612,rock
3669,322,59,575,rock
3624,318,217,619,rock
3645,288,193,604,rock
3581,330,214,610,rock
3645,348,128,560,rock
3638,355,200,594,rock
3631,354,192,600,rock
3633,349,201,605,rock
3630,355,199,616,rock
3634,355,196,606,rock
3629,368,185,603,rock
3617,362,200,603,rock
3623,367,225,625,rock
3633,365,207,612,rock
3631,363,205,614,rock
3671,366,202,611,rock
3633,355,182,611,rock
3625,380,195,603,rock
3639,334,276,612,rock
3599,370,216,624,rock
3633,357,211,612,rock
3640,362,208,614,rock
3629,354,208,612,rock
3618,346,202,612,rock
3639,403,208,607,rock
3631,359,219,616,rock
3630,360,236,627,rock
3639,352,200,604,rock
3586,337,201,603,rock
3630,348,190,602,rock
3628,352,233,617,rock
3646,355,200,599,rock
3629,321,204,606,rock
3612,332,218,619,rock
3634,364,208,616,rock
3625,379,234,629,rock
3631,509,205,624,rock
3625,425,203,611,rock
3656,401,198,615,rock
3629,413,196,611,rock
3629,408,204,600,rock
3642,402,188,603,rock
3627,388,198,611,rock
3615,380,196,609,rock
3657,405,193,600,rock
3587,396,195,605,rock
3690,413,196,596,rock
3636,401,195,606,rock
3637,409,190,622,rock
3630,394,206,614,rock
3621,404,194,584,rock
3632,403,181,595,rock
3612,366,174,595,rock
3637,381,195,593,rock
3628,398,198,610,rock
3633,395,209,605,rock
3629,378,200,598,rock
3624,388,338,642,rock
3629,377,198,602,rock
3661,402,179,596,rock
3602,402,201,594,rock
3631,422,191,613,rock
3635,393,194,600,rock
3621,347,198,613,rock
3655,417,55,565,rock
3635,380,196,602,rock
3507,398,198,607,rock
3638,398,192,596,rock
3615,416,196,610,rock
3633,434,200,612,rock
3629,425,192,586,rock
3632,449,202,606,rock
3623,442,202,615,rock
3630,452,196,604,rock
3611,451,196,602,rock
3629,460,213,617,rock
3642,490,189,605,rock
3629,438,183,602,rock
3616,490,198,612,rock
3655,498,197,611,rock
3623,508,203,621,rock
3607,519,175,614,rock
3632,518,200,614,rock
3633,561,204,618,rock
3632,541,193,608,rock
3624,510,198,620,rock
3629,500,184,603,rock
3634,491,173,608,rock
3625,483,200,609,rock
3628,485,230,635,rock
3631,458,185,611,rock
3633,471,199,622,rock
3634,469,204,622,rock
3586,459,237,642,rock
3618,466,208,607,rock
3631,465,210,616,rock
3632,452,200,606,rock
3625,444,181,605,rock
3692,448,202,615,rock
3629,436,226,614,rock
3632,440,182,607,rock
3629,440,199,620,rock
3634,444,195,605,rock
3634,444,191,597,rock
3637,419,194,602,rock
3616,386,210,616,rock
3630,411,200,610,rock
3634,428,210,606,rock
3622,413,213,614,rock
3629,463,198,617,rock
3626,494,204,619,rock
3612,512,216,618,rock
3641,522,201,611,rock
3632,506,196,612,rock
3629,533,200,619,rock
3670,508,197,623,rock
3650,530,196,613,rock
3627,523,231,635,rock
3625,521,220,629,rock
3630,500,191,614,rock
3632,510,191,612,rock
3635,508,292,620,rock
3636,506,191,614,rock
3623,510,202,610,rock
3636,381,190,626,rock
3632,490,161,580,rock
3479,496,192,595,rock
3660,503,205,627,rock
3653,516,196,609,rock
3634,514,186,603,rock
3629,529,194,613,rock
3603,512,188,605,rock
3613,512,219,630,rock
3636,489,210,612,rock
3731,508,198,610,rock
3639,515,209,621,rock
3626,495,185,601,rock
3664,493,180,601,rock
3631,491,207,626,rock
3634,496,220,630,rock
3625,461,206,621,rock
3632,485,209,624,rock
3630,480,200,611,rock
3632,471,211,629,rock
3628,480,208,624,rock
3611,459,211,621,rock
3621,441,222,636,rock
3500,443,217,630,rock
3624,434,212,628,rock
3631,440,188,604,rock
3627,427,211,618,rock
3618,425,134,579,rock
3629,413,207,621,rock
3751,430,213,631,rock
3633,426,213,622,rock
3633,411,201,607,rock
3629,431,181,599,rock
3559,447,200,610,rock
3555,429,198,621,rock
3614,451,201,614,rock
3630,419,198,616,rock
3631,430,173,594,rock
3631,415,204,610,rock
3637,378,212,614,rock
3629,446,215,625,rock
3629,401,221,632,rock
3628,459,211,618,rock
3639,473,206,631,rock
3620,522,228,635,rock
3622,443,202,614,rock
3631,442,185,593,rock
3627,353,223,631,rock
3595,422,234,630,rock
3628,444,181,610,rock
3627,446,196,603,rock
3617,442,189,604,rock
3637,326,199,600,rock
3629,447,202,625,rock
3630,442,208,612,rock
3618,441,196,607,rock
3646,433,193,602,rock
3643,440,174,594,rock
3642,446,187,612,rock
3637,406,180,606,rock
3635,430,198,615,rock
3645,474,187,604,rock
3633,434,198,610,rock
3600,459,194,604,rock
3624,437,191,608,rock
3629,433,194,600,rock
3617,421,206,617,rock
3631,425,194,598,rock
3630,418,226,614,rock
3651,417,195,600,rock
3630,416,186,586,rock
3629,403,187,590,rock
3661,429,192,598,rock
3640,411,191,605,rock
3633,432,197,603,rock
3641,436,194,598,rock
3630,440,219,614,rock
3625,420,242,632,rock
3643,429,221,633,rock
3646,431,207,631,rock
3653,411,198,617,rock
3714,411,200,607,rock
3631,397,200,605,rock
3639,383,225,616,rock
3661,402,202,606,rock
3508,402,206,620,rock
3630,379,196,605,rock
3626,376,222,616,rock
3630,384,184,596,rock
3632,381,194,600,rock
3632,375,145,575,rock
3634,421,213,618,rock
3611,373,185,599,rock
3630,359,195,599,rock
3629,383,197,609,rock
3705,384,194,599,rock
3631,406,223,623,rock
3624,444,184,603,rock
3739,415,196,611,rock
3615,420,203,613,rock
3634,441,212,621,rock
3608,442,207,622,rock
3700,445,207,626,rock
3628,446,198,613,rock
3653,417,214,621,rock
3659,452,192,603,rock
3627,437,204,609,rock
3638,465,197,626,rock
3629,471,224,631,rock
3602,462,222,633,rock
3643,439,211,633,rock
3647,454,213,636,rock
3636,467,215,648,rock
3631,439,220,633,rock
3615,439,222,633,rock
3621,412,216,625,rock
3640,446,185,612,rock
3629,465,215,625,rock
3623,433,218,638,rock
3652,430,188,621,rock
3632,422,214,618,rock
3608,417,238,648,rock
3633,416,191,621,rock
3631,411,217,626,rock
3629,431,185,595,rock
3628,405,180,604,rock
3638,395,238,647,rock
3637,301,211,606,rock
3639,389,207,617,rock
3638,373,196,614,rock
3626,379,224,617,rock
3621,376,211,618,rock
3640,370,210,611,rock
3632,368,173,597,rock
3615,361,211,616,rock
3627,358,171,579,rock
3635,357,168,589,rock
3647,240,187,596,rock
3630,351,198,608,rock
3631,370,198,619,rock
3654,381,167,597,rock
3629,375,205,610,rock
3618,370,247,636,rock
3632,370,193,593,rock
3629,366,182,598,rock
3637,366,197,607,rock
3631,365,200,603,rock
3656,364,196,608,rock
3630,377,235,629,rock
3633,363,190,610,rock
3630,345,203,605,rock
3632,337,204,612,rock
3632,354,204,607,rock
3632,354,219,620,rock
3665,359,170,589,rock
3615,342,251,630,rock
3628,339,339,637,rock
3655,337,204,601,rock
3555,339,193,594,rock
3637,328,206,611,rock
3632,328,211,598,rock
3630,310,195,596,rock
3624,313,205,603,rock
3635,319,214,614,rock
3661,312,181,599,rock
3629,328,207,606,rock
3606,351,179,593,rock
3626,373,193,594,rock
3629,352,188,599,rock
3632,413,209,622,rock
3648,397,212,624,rock
3650,387,219,622,rock
3630,421,248,649,rock
3644,417,238,658,rock
3631,414,238,654,rock
3629,378,256,608,rock
3633,350,237,646,rock
3477,404,244,640,rock
3625,392,264,592,rock
3631,391,284,613,rock
3643,415,298,615,rock
3631,402,263,605,rock
3629,386,248,643,rock
3633,392,272,602,rock
3622,394,232,638,rock
3644,383,251,662,rock
3630,352,244,655,rock
3629,381,253,664,rock
3613,372,333,651,rock
3641,351,280,625,rock
3637,361,247,640,rock
3618,359,241,648,rock
3635,354,248,642,rock
3639,352,241,645,rock
3635,322,246,659,rock
3656,348,247,648,rock
3631,330,249,645,rock
3631,342,242,645,rock
3629,336,228,631,rock
3636,355,237,644,rock
3630,339,223,635,rock
3658,347,162,592,rock
3652,355,216,615,rock
3630,376,235,651,rock
3630,386,237,630,rock
3629,413,229,646,rock
3633,429,247,663,rock
3601,436,256,602,rock
3650,431,257,618,rock
3629,446,272,606,rock
3629,425,289,620,rock
3634,439,296,623,rock
3613,461,290,623,rock
3652,493,283,630,rock
3609,482,286,631,rock
3615,469,289,622,rock
3643,454,277,620,rock
3633,457,282,622,rock
3616,457,288,619,rock
3635,455,247,651,rock
3604,427,272,618,rock
3632,444,271,607,rock
3615,439,112,614,rock
3635,434,268,604,rock
3630,437,284,616,rock
3632,433,260,595,rock
3633,430,285,617,rock
3625,426,291,621,rock
3634,424,256,616,rock
3622,417,252,647,rock
3622,317,264,620,rock
3628,413,253,665,rock
3631,402,249,659,rock
3630,399,247,646,rock
3647,392,246,651,rock
3621,403,243,662,rock
3624,380,237,648,rock
3639,379,244,650,rock
3634,398,250,652,rock
3631,399,243,644,rock
3627,419,244,650,rock
3633,447,259,615,rock
3652,440,361,669,rock
3632,435,235,653,rock
3630,473,246,649,rock
3648,437,236,646,rock
3629,427,234,637,rock
3633,453,231,656,rock
3632,464,232,636,rock
3577,444,241,641,rock
3597,462,215,647,rock
3623,496,233,642,rock
3633,601,236,653,rock
3632,502,247,655,rock
3630,520,239,664,rock
3621,525,246,661,rock
3623,519,245,648,rock
3627,517,254,669,rock
3627,503,252,668,rock
3649,503,239,657,rock
3632,507,227,652,rock
3629,497,240,659,rock
3649,489,237,659,rock
3616,477,290,634,rock
3769,463,231,654,rock
3629,474,213,641,rock
3614,466,237,644,rock
3630,469,215,650,rock
3641,586,230,652,rock
3633,448,233,640,rock
3639,447,224,627,rock
3632,441,206,633,rock
3636,430,223,649,rock
3634,427,234,639,rock
3619,430,234,641,rock
3624,431,222,631,rock
3635,445,223,647,rock
3634,446,206,644,rock
3633,508,225,640,rock
3633,453,219,637,rock
3614,449,303,635,rock
3635,426,219,630,rock
3635,452,196,622,rock
3621,433,211,634,rock
3607,422,223,632,rock
3619,424,215,636,rock
3662,416,217,625,rock
3627,431,177,586,rock
3632,442,207,620,rock
3633,448,205,625,rock
3629,424,216,622,rock
3631,425,243,645,rock
3633,437,214,643,rock
3632,426,224,626,rock
3621,507,217,630,rock
3619,397,221,632,rock
3602,419,211,624,rock
3608,393,219,621,rock
3623,389,269,618,rock
3667,342,219,613,rock
3639,385,238,646,rock
3630,392,220,621,rock
3623,372,219,619,rock
3624,373,216,627,rock
3655,358,204,617,rock
3634,358,214,634,rock
3622,346,214,627,rock
3633,355,227,626,rock
3627,350,214,620,rock
3631,336,195,614,rock
3655,355,209,610,rock
3630,344,211,609,rock
3640,334,231,629,rock
3618,385,207,624,rock
3628,403,213,621,rock
3599,432,212,617,rock
3633,434,220,630,rock
3612,453,220,634,rock
3657,441,223,636,rock
3631,437,221,642,rock
3660,442,188,618,rock
3628,416,221,642,rock
3641,416,208,621,rock
3631,424,210,627,rock
3634,409,204,620,rock
3631,389,225,620,rock
3627,407,209,625,rock
3496,377,218,612,rock
3645,403,220,626,rock
3655,404,240,636,rock
3625,398,229,638,rock
3632,383,232,631,rock
3655,362,216,623,rock
3640,370,211,626,rock
3638,388,203,621,rock
3626,371,227,621,rock
3633,371,194,603,rock
3620,380,195,604,rock
3631,385,223,633,rock
3633,388,234,630,rock
3627,408,211,620,rock
3634,410,207,632,rock
3631,395,206,628,rock
3627,402,206,621,rock
3629,433,236,631,rock
3639,367,213,614,rock
3635,383,215,630,rock
3629,394,234,637,rock
3628,403,219,626,rock
3619,397,216,618,rock
3627,407,192,612,rock
3650,386,205,628,rock
3652,398,219,627,rock
3631,384,249,642,rock
3662,362,237,636,rock
3637,382,224,632,rock
3638,421,222,645,rock
3627,380,253,650,rock
3579,365,211,617,rock
3657,365,216,623,rock
3635,361,231,634,rock
3617,350,246,647,rock
3632,356,238,642,rock
3644,345,224,628,rock
3629,369,222,628,rock
3629,339,246,647,rock
3645,345,236,636,rock
3618,335,235,640,rock
3624,321,234,637,rock
3627,312,231,650,rock
3627,330,231,651,rock
3604,323,231,644,rock
3627,276,223,644,rock
3631,326,207,632,rock
3624,307,239,656,rock
3630,314,256,606,rock
3601,310,234,618,rock
3629,309,234,638,rock
3631,310,230,635,rock
3600,310,228,629,rock
3631,301,196,609,rock
3631,317,215,634,rock
3630,329,240,623,rock
3634,325,222,630,rock
3636,367,228,636,rock
3631,332,237,641,rock
3632,326,219,639,rock
3635,393,221,640,rock
3610,306,251,645,rock
3627,264,241,637,rock
3633,309,227,626,rock
3651,289,314,622,rock
3603,295,236,634,rock
3632,299,235,636,rock
3600,295,225,616,rock
3635,292,227,622,rock
3629,297,201,615,rock
3643,298,206,620,rock
3643,300,205,617,rock
3633,299,217,615,rock
3617,304,213,618,rock
3630,282,217,615,rock
3605,284,174,592,rock
3644,287,176,588,rock
3512,296,208,605,rock
3623,295,194,608,rock
3631,300,211,611,rock
3619,322,215,613,rock
3649,337,208,605,rock
3614,328,228,619,rock
3629,334,214,628,rock
3620,337,235,630,rock
3621,323,217,618,rock
3639,357,210,612,rock
3618,362,212,622,rock
3659,333,197,611,rock
3632,351,215,632,rock
3635,354,228,635,rock
3633,346,194,603,rock
3627,341,201,609,rock
3600,349,221,634,rock
3630,332,214,625,rock
3606,347,210,627,rock
3634,327,216,612,rock
3631,326,218,628,rock
3630,321,200,618,rock
3632,320,264,608,rock
3625,295,238,650,rock
3640,327,291,626,rock
3614,326,257,608,rock
3601,347,253,648,rock
3630,345,249,652,rock
3647,340,240,646,rock
3626,333,257,579,rock
3633,355,261,605,rock
3634,361,258,585,rock
3624,356,272,597,rock
3622,353,314,635,rock
3655,363,256,610,rock
3633,301,257,612,rock
3630,356,251,640,rock
3629,346,264,621,rock
3634,349,230,646,rock
3655,399,263,621,rock
3630,346,243,634,rock
3648,346,183,625,rock
3629,346,227,634,rock
3618,360,239,642,rock
3629,351,256,605,rock
3663,340,221,636,rock
3627,341,249,649,rock
3613,343,250,650,rock
3660,334,226,637,rock
3665,331,251,650,rock
3645,332,256,607,rock
3643,314,247,669,rock
3637,325,265,593,rock
3630,329,258,588,rock
3631,328,261,601,rock
3629,350,273,615,rock
3630,393,290,624,rock
3598,394,288,626,rock
3635,384,285,618,rock
3513,372,291,623,rock
3630,405,298,634,rock
3621,406,299,635,rock
3602,421,309,644,rock
3635,392,391,640,rock
3625,414,298,634,rock
3627,398,292,615,rock
3629,372,289,618,rock
3627,353,303,630,rock
3630,383,285,650,rock
3629,349,289,618,rock
3599,379,288,612,rock
3617,373,267,608,rock
3628,390,295,630,rock
3629,378,283,624,rock
3631,354,313,646,rock
3608,371,277,619,rock
3616,368,294,640,rock
3629,360,251,650,rock
3607,358,299,633,rock
3704,374,278,629,rock
3629,353,280,602,rock
3628,336,280,604,rock
3630,347,278,618,rock
3735,348,277,604,rock
3611,330,281,602,rock
3619,332,266,608,rock
3631,334,266,599,rock
3631,300,273,598,rock
3634,331,275,609,rock
3632,322,281,602,rock
3630,337,275,597,rock
3627,298,273,606,rock
3625,312,285,611,rock
3629,314,296,611,rock
3631,309,278,611,rock
3635,315,279,614,rock
3632,321,266,580,rock
3677,308,282,614,rock
3638,305,269,607,rock
3617,316,270,604,rock
3609,297,266,591,rock
3630,295,249,625,rock
3625,308,260,593,rock
3640,300,254,652,rock
3634,286,263,602,rock
3647,281,238,630,rock
3602,284,242,619,rock
3633,261,250,624,rock
3633,280,250,648,rock
3624,250,246,647,rock
3629,266,249,627,rock
3628,273,247,661,rock
3632,288,237,653,rock
3644,266,257,603,rock
3637,285,246,652,rock
3613,320,246,655,rock
3630,336,241,646,rock
3633,349,217,631,rock
3630,337,242,640,rock
3631,333,241,620,rock
3630,330,350,677,rock
3634,349,244,647,rock
3628,353,256,608,rock
3627,343,237,649,rock
3598,348,239,658,rock
3656,361,217,632,rock
3629,375,236,637,rock
3629,377,237,640,rock
3772,400,252,648,rock
3639,330,250,644,rock
3631,408,251,665,rock
3630,402,238,657,rock
3629,397,235,656,rock
3655,389,239,665,rock
3625,385,366,688,rock
3635,386,247,658,rock
3660,374,238,662,rock
3630,381,226,642,rock
3629,387,224,649,rock
3563,382,248,633,rock
3638,389,258,590,rock
3627,395,269,603,rock
3494,367,266,590,rock
3627,387,262,607,rock
3630,398,261,604,rock
3619,401,281,609,rock
3630,401,269,620,rock
3630,408,291,622,rock
3632,412,290,620,rock
3648,406,270,620,rock
3633,395,344,656,rock
3631,380,274,601,rock
3616,393,268,592,rock
3617,394,280,607,rock
3615,382,112,599,rock
3627,349,271,613,rock
3635,384,244,639,rock
3633,370,279,618,rock
3627,340,272,607,rock
3635,355,262,602,rock
3628,357,261,594,rock
3627,356,290,606,rock
3632,315,252,632,rock
3665,349,250,629,rock
3631,366,263,601,rock
3631,350,270,624,rock
3644,364,240,638,rock
3650,345,348,662,rock
3621,430,258,593,rock
3630,338,263,629,rock
3633,346,221,623,rock
3648,342,253,652,rock
3641,343,246,658,rock
3667,349,237,650,rock
3644,361,224,635,rock
3637,346,246,644,rock
3628,324,240,640,rock
3636,335,239,656,rock
3631,358,229,644,rock
3633,364,239,649,rock
3618,357,238,650,rock
3633,361,233,632,rock
3652,376,230,636,rock
3668,366,239,650,rock
3654,372,228,638,rock
3636,384,229,633,rock
3601,382,236,639,rock
3661,407,228,637,rock
3634,415,216,627,rock
3660,417,230,638,rock
3663,413,244,644,rock
3619,429,223,645,rock
3654,432,223,643,rock
3632,413,218,629,rock
3631,399,236,638,rock
3585,393,218,619,rock
3598,391,221,634,rock
3629,385,233,630,rock
3630,383,218,624,rock
3635,376,215,622,rock
3635,373,208,613,rock
3609,377,212,623,rock
3629,356,230,638,rock
3630,347,199,615,rock
3724,370,193,606,rock
3629,356,235,633,rock
3635,353,224,623,rock
3633,350,223,646,rock
3627,323,237,645,rock
3629,342,241,637,rock
3619,333,239,657,rock
3632,329,224,630,rock
3631,357,237,644,rock
3694,340,244,636,rock
3638,334,243,642,rock
3635,351,244,640,rock
3641,328,242,639,rock
3640,330,243,650,rock
3653,336,257,607,rock
3611,323,242,640,rock
3634,323,241,644,rock
3630,326,228,644,rock
3624,322,208,619,rock
3650,311,225,620,rock
3640,391,239,644,rock
3488,325,245,637,rock
3634,324,240,631,rock
3633,325,236,641,rock
3630,318,233,642,rock
3632,323,201,624,rock
3631,312,232,623,rock
3654,325,222,634,rock
3632,339,229,653,rock
3696,355,228,640,rock
3611,355,238,649,rock
3631,356,209,621,rock
3639,357,201,620,rock
3630,352,199,624,rock
3648,361,221,632,rock
3565,399,212,626,rock
3641,374,196,622,rock
3633,373,222,638,rock
3618,357,223,632,rock
3649,367,221,633,rock
3633,342,219,630,rock
3638,358,220,634,rock
3630,359,235,638,rock
3624,370,246,645,rock
3615,371,206,617,rock
3655,378,213,628,rock
3636,362,218,621,rock
3655,365,200,608,rock
3630,349,217,618,rock
3630,351,217,626,rock
3612,369,199,620,rock
3629,344,215,626,rock
3630,349,215,630,rock
3623,356,243,636,rock
3590,382,204,610,rock
3648,350,152,578,rock
3665,340,184,593,rock
3634,344,215,628,rock
3601,341,201,603,rock
3628,340,196,608,rock
3628,347,217,612,rock
3633,327,189,602,rock
3683,331,207,611,rock
3633,327,223,624,rock
3633,307,212,616,rock
3631,320,212,615,rock
3614,327,168,587,rock
3632,313,230,630,rock
3612,316,194,603,rock
3632,308,216,614,rock
3467,306,217,605,rock
3643,312,218,613,rock
3626,322,89,585,rock
3616,313,199,621,rock
3641,303,212,621,rock
3645,294,288,616,rock
3626,303,218,615,rock
3631,314,210,608,rock
3631,293,185,599,rock
3640,298,208,604,rock
3604,298,258,602,rock
3629,296,217,613,rock
3636,321,214,625,rock
3633,298,238,652,rock
3635,317,237,637,rock
3629,304,233,634,rock
3773,311,225,632,rock
3633,311,185,602,rock
3622,326,251,643,rock
3623,286,173,604,rock
3620,297,109,607,rock
3627,266,235,632,rock
3614,292,280,609,rock
3640,268,229,633,rock
3610,309,213,629,rock
3629,295,205,620,rock
3634,290,204,620,rock
3635,289,240,638,rock
3630,287,236,640,rock
3637,256,258,602,rock
3625,270,251,630,rock
3632,300,245,658,rock
3654,330,243,645,rock
3629,304,247,661,rock
3652,292,254,640,rock
3634,286,247,659,rock
3620,295,256,605,rock
3635,314,243,652,rock
3621,291,232,641,rock
3613,297,250,647,rock
3633,307,245,657,rock
3616,312,250,644,rock
3629,312,246,641,rock
3629,302,249,652,rock
3656,289,242,652,rock
3657,328,243,647,rock
3635,319,247,660,rock
3616,308,238,644,rock
3646,285,251,648,rock
3623,308,222,630,rock
3637,316,239,645,rock
3632,301,253,655,rock
3642,315,218,627,rock
3659,313,226,629,rock
3652,314,232,625,rock
3638,309,218,625,rock
3654,310,232,637,rock
3628,296,228,630,rock
3616,320,213,630,rock
3748,302,234,640,rock
3634,276,235,634,rock
3632,310,227,630,rock
3630,290,231,646,rock
3622,288,230,632,rock
3648,277,232,632,rock
3629,286,229,631,rock
3643,284,294,635,rock
3632,273,233,629,rock
3638,284,224,612,rock
3598,296,222,621,rock
3635,296,226,623,rock
3649,284,220,628,rock
3637,298,223,623,rock
3626,260,232,628,rock
3637,261,219,611,rock
3633,293,228,619,rock
3605,283,233,629,rock
3634,286,245,653,rock
3658,280,241,656,rock
3636,217,245,647,rock
3611,263,244,643,rock
3630,277,256,598,rock
3643,309,191,614,rock
3646,324,248,649,rock
3630,332,240,646,rock
3632,333,241,644,rock
3631,361,222,648,rock
3632,339,222,637,rock
3602,349,236,634,rock
3621,344,227,633,rock
3631,344,244,654,rock
3628,344,237,652,rock
3636,351,236,642,rock
3650,363,235,640,rock
3655,346,231,654,rock
3638,343,238,644,rock
3629,309,242,649,rock
3632,339,232,640,rock
3627,333,241,638,rock
3636,334,243,639,rock
3627,326,216,617,rock
3631,328,228,640,rock
3652,307,224,627,rock
3620,324,234,640,rock
3657,324,232,635,rock
3629,299,240,645,rock
3633,310,239,652,rock
3635,310,247,655,rock
3636,314,234,638,rock
3632,313,234,642,rock
3632,312,244,642,rock
3614,330,238,647,rock
3632,318,234,634,rock
3637,307,240,646,rock
3625,319,256,603,rock
3605,296,252,652,rock
3629,312,238,650,rock
3621,220,237,634,rock
3633,314,219,626,rock
3649,324,200,613,rock
3627,315,239,655,rock
3631,317,262,623,rock
3648,301,239,649,rock
3605,310,289,630,rock
3633,319,248,634,rock
3658,332,236,649,rock
3635,334,242,635,rock
3599,327,239,645,rock
3626,325,220,636,rock
3633,304,229,640,rock
3650,304,216,625,rock
3651,318,149,586,rock
3648,317,219,621,rock
3625,302,256,605,rock
3652,306,219,628,rock
3634,308,228,626,rock
3579,322,224,631,rock
3638,313,230,636,rock
3630,309,230,647,rock
3635,300,207,616,rock
3663,320,225,629,rock
3627,355,115,610,rock
3628,354,343,670,rock
3643,376,204,626,rock
3631,361,212,618,rock
3630,357,223,646,rock
3631,348,226,630,rock
3643,355,258,621,rock
3631,344,232,641,rock
3629,344,265,588,rock
3507,368,256,586,rock
3649,327,262,609,rock
3631,346,278,611,rock
3656,349,131,564,rock
3640,360,278,609,rock
3737,368,272,605,rock
3633,385,268,598,rock
3625,370,277,623,rock
3652,375,267,614,rock
3639,366,284,609,rock
3629,365,244,634,rock
3629,356,247,648,rock
3631,361,256,587,rock
3619,360,264,590,rock
3631,375,252,638,rock
3633,352,251,641,rock
3649,362,251,641,rock
3630,380,287,610,rock
3628,353,257,586,rock
3629,386,263,616,rock
3629,397,261,611,rock
3631,392,271,624,rock
3604,387,279,618,rock
3633,375,295,634,rock
3645,409,280,618,rock
3630,293,284,624,rock
3633,383,276,614,rock
3656,385,273,604,rock
3634,378,282,610,rock
3642,400,258,598,rock
3613,367,275,613,rock
3625,367,284,619,rock
3609,357,250,627,rock
3629,347,278,618,rock
3630,380,276,610,rock
3599,387,281,602,rock
3655,378,253,643,rock
3631,386,277,613,rock
3620,393,272,606,rock
3643,422,247,647,rock
3619,392,270,606,rock
3622,300,272,606,rock
3641,392,266,598,rock
3632,387,282,606,rock
3625,379,261,601,rock
3627,397,251,642,rock
3634,393,270,614,rock
3629,400,238,654,rock
3634,391,270,622,rock
3777,380,258,608,rock
3631,374,254,677,rock
3629,369,261,606,rock
3630,366,247,655,rock
3635,379,260,619,rock
3634,360,230,643,rock
3631,357,224,641,rock
3626,388,256,614,rock
3630,377,242,645,rock
3629,398,241,633,rock
3634,381,237,647,rock
3651,390,236,640,rock
3633,386,214,632,rock
3631,377,208,628,rock
3634,273,230,636,rock
3649,355,231,637,rock
3628,372,235,635,rock
3620,374,256,608,rock
3590,391,229,638,rock
3625,388,228,640,rock
3497,404,227,642,rock
3602,408,230,648,rock
3621,422,233,642,rock
3644,432,229,643,rock
3634,456,226,638,rock
3648,444,128,579,rock
3637,437,235,638,rock
3633,429,219,632,rock
3620,431,266,607,rock
3628,414,225,634,rock
3631,439,227,640,rock
3616,436,226,631,rock
3661,437,195,626,rock
3644,402,225,631,rock
3743,425,224,642,rock
3617,419,228,643,rock
3629,440,214,641,rock
3636,440,194,624,rock
3631,450,235,662,rock
3632,444,239,656,rock
3635,460,231,639,rock
3611,456,237,653,rock
3632,586,216,628,rock
3629,484,271,642,rock
3631,512,241,650,rock
3616,507,243,662,rock
3657,512,263,616,rock
3620,621,246,683,rock
3637,517,241,642,rock
3632,509,243,657,rock
3630,506,242,660,rock
3637,499,252,660,rock
3621,492,279,636,rock
3630,495,219,646,rock
3627,483,245,656,rock
3629,491,242,635,rock
3632,512,248,662,rock
3599,526,239,668,rock
3636,527,276,631,rock
3632,521,239,664,rock
3631,523,251,670,rock
3621,495,256,622,rock
3634,502,240,662,rock
3649,484,253,662,rock
3624,492,234,635,rock
3644,486,237,652,rock
3623,488,217,629,rock
3633,461,215,650,rock
3631,380,231,650,rock
3631,461,248,656,rock
3630,445,224,628,rock
3654,461,162,611,rock
3629,470,227,628,rock
3639,503,213,643,rock
3601,474,238,650,rock
3615,461,247,666,rock
3629,447,243,651,rock
3643,442,320,662,rock
3637,449,253,655,rock
3617,449,366,694,rock
3641,457,245,662,rock
3652,470,246,670,rock
3635,451,341,668,rock
3627,447,229,638,rock
3623,432,262,632,rock
3630,442,238,660,rock
3635,444,244,633,rock
3620,433,226,650,rock
3628,431,241,657,rock
3636,413,230,651,rock
3626,451,252,652,rock
3624,408,249,651,rock
3773,435,261,598,rock
3633,471,272,606,rock
3653,490,272,604,rock
3625,500,273,608,rock
3634,528,274,621,rock
3516,524,286,637,rock
3630,541,297,644,rock
3630,567,286,645,rock
3631,536,296,635,rock
3630,556,280,623,rock
3639,560,315,656,rock
3634,568,288,638,rock
3631,563,306,649,rock
3638,533,305,645,rock
3638,561,289,638,rock
3633,562,272,621,rock
3628,555,298,637,rock
3600,562,290,630,rock
3608,575,286,638,rock
3635,598,285,640,rock
3617,606,285,633,rock
3656,613,277,628,rock
3634,614,270,625,rock
3631,647,287,633,rock
3632,653,270,609,rock
3628,669,278,632,rock
3631,667,280,625,rock
3629,682,285,642,rock
3616,663,286,642,rock
3608,656,304,640,rock
3625,655,281,630,rock
3615,657,232,647,rock
3654,632,278,640,rock
3643,632,279,639,rock
3629,620,276,642,rock
3661,620,273,631,rock
3655,596,278,628,rock
3636,526,275,628,rock
3633,601,278,631,rock
3637,581,278,637,rock
3631,585,270,632,rock
3631,588,283,630,rock
3654,563,237,651,rock
3663,611,246,652,rock
3636,575,259,608,rock
3618,576,259,603,rock
3621,558,272,613,rock
3629,554,253,652,rock
3629,545,281,618,rock
3647,545,301,633,rock
3630,528,280,617,rock
3637,546,284,618,rock
3628,544,308,649,rock
3631,545,267,616,rock
3631,549,286,638,rock
3631,551,286,637,rock
3631,538,294,649,rock
3629,543,294,642,rock
3628,562,296,634,rock
3623,542,288,633,rock
3609,546,295,654,rock
3634,567,295,645,rock
3631,551,292,638,rock
3632,551,274,620,rock
3638,632,292,636,rock
3639,531,286,638,rock
3622,521,300,638,rock
3619,525,292,639,rock
3612,515,293,646,rock
3649,488,295,643,rock
3631,510,293,639,rock
3635,502,294,641,rock
3635,491,295,642,rock
3594,526,297,627,rock
3615,531,302,658,rock
3598,514,250,644,rock
3635,510,296,636,rock
3618,476,300,638,rock
3642,491,310,648,rock
3650,477,375,689,rock
3621,457,307,640,rock
3622,494,320,644,rock
3647,505,290,644,rock
3632,501,291,630,rock
3638,516,282,626,rock
3656,484,280,615,rock
3631,484,283,622,rock
3632,461,279,620,rock
3626,484,247,651,rock
3624,487,308,635,rock
3643,472,289,634,rock
3632,463,275,617,rock
3633,481,298,621,rock
3630,471,275,618,rock
3650,481,273,615,rock
3652,471,261,608,rock
3641,444,240,642,rock
3637,444,269,621,rock
3632,439,263,605,rock
3633,429,257,601,rock
3626,437,244,627,rock
3598,440,261,621,rock
3631,438,260,609,rock
3633,429,247,654,rock
3619,435,266,621,rock
3630,435,250,662,rock
3631,430,218,625,rock
3630,435,236,653,rock
3639,426,235,648,rock
3614,417,238,639,rock
3629,420,243,650,rock
3619,419,249,650,rock
3631,416,248,652,rock
3632,393,241,637,rock
3620,403,248,645,rock
3596,405,261,628,rock
3633,394,219,628,rock
3633,412,248,653,rock
3625,440,253,667,rock
3629,426,247,657,rock
3631,433,223,658,rock
3701,447,247,663,rock
3618,459,242,644,rock
3629,452,247,667,rock
3636,444,199,640,rock
3635,435,248,652,rock
3639,445,222,652,rock
3645,434,246,670,rock
3635,439,245,651,rock
3612,444,419,668,rock
3636,444,234,642,rock
3636,442,241,647,rock
3635,498,251,648,rock
3601,446,247,652,rock
3631,447,253,674,rock
3627,582,260,613,rock
3644,432,267,595,rock
3633,426,253,643,rock
3631,422,274,616,rock
3631,422,272,609,rock
3702,438,274,609,rock
3646,431,316,640,rock
3661,415,288,630,rock
3631,410,295,639,rock
3623,415,320,658,rock
3647,416,311,665,rock
3638,419,322,663,rock
3631,415,317,657,rock
3657,413,434,676,rock
3612,418,407,670,rock
3634,411,302,655,rock
3650,437,329,664,rock
3631,320,331,643,rock
3638,429,321,653,rock
3631,427,348,676,rock
3651,410,308,653,rock
3635,407,326,667,rock
3634,402,323,663,rock
3671,396,299,654,rock
3652,396,326,664,rock
3633,374,359,681,rock
3529,387,326,674,rock
3587,383,327,666,rock
3628,381,319,664,rock
3639,380,328,662,rock
3658,370,299,650,rock
3638,339,332,663,rock
3630,361,318,660,rock
3623,369,355,670,rock
3611,352,345,673,rock
3659,353,336,667,rock
3631,352,314,650,rock
3629,339,337,664,rock
3664,345,451,681,rock
3614,352,291,638,rock
3631,343,317,632,rock
3656,335,320,635,rock
3630,335,335,668,rock
3537,333,317,654,rock
3630,330,318,662,rock
3632,223,322,649,rock
3633,325,334,656,rock
3625,325,325,652,rock
3631,328,311,650,rock
3631,334,309,640,rock
3635,314,321,640,rock
3633,330,328,633,rock
3632,328,306,639,rock
3612,312,324,647,rock
3639,323,307,636,rock
3635,294,340,660,rock
3646,298,298,617,rock
3630,316,299,630,rock
3606,337,302,634,rock
3634,297,290,614,rock
3530,306,291,623,rock
3643,310,290,616,rock
3629,293,290,618,rock
3610,299,285,616,rock
3635,296,254,652,rock
3620,294,275,605,rock
3613,285,234,623,rock
3626,306,298,616,rock
3633,303,282,614,rock
3555,315,280,606,rock
3640,289,292,616,rock
3623,291,277,617,rock
3625,269,277,604,rock
3619,338,298,615,rock
3636,273,280,615,rock
3636,287,278,604,rock
3628,317,289,613,rock
3629,336,293,629,rock
3633,320,297,620,rock
3639,338,287,629,rock
3631,318,278,625,rock
3627,320,291,624,rock
3648,316,282,610,rock
3625,312,280,619,rock
3629,304,281,614,rock
3629,327,278,608,rock
3628,313,282,606,rock
3613,309,278,615,rock
3639,308,357,658,rock
3640,309,296,634,rock
3649,294,302,638,rock
3609,299,303,640,rock
3638,314,306,638,rock
3634,412,312,668,rock
3633,308,310,644,rock
3628,287,310,644,rock
3624,300,308,641,rock
3629,301,309,638,rock
3637,291,308,638,rock
3615,307,308,639,rock
3669,291,296,625,rock
3651,278,288,626,rock
3629,277,294,629,rock
3633,290,298,626,rock
3644,274,355,660,rock
3634,288,298,614,rock
3600,296,298,624,rock
3636,268,302,623,rock
3632,335,300,635,rock
3624,348,244,650,rock
3637,340,296,617,rock
3630,347,288,616,rock
3619,407,298,639,rock
3661,415,299,632,rock
3635,427,291,635,rock
3629,434,298,632,rock
3641,431,324,653,rock
3640,437,306,633,rock
3636,460,303,648,rock
3640,455,290,616,rock
3634,442,301,642,rock
3640,342,293,627,rock
3633,292,290,623,rock
3638,455,281,623,rock
3614,432,302,641,rock
3662,420,288,609,rock
3632,418,279,630,rock
3631,418,270,622,rock
3621,418,412,652,rock
3630,417,293,647,rock
3628,450,316,647,rock
3607,467,294,643,rock
3633,451,324,654,rock
3633,474,287,644,rock
3631,494,303,652,rock
3609,592,313,650,rock
3630,522,296,638,rock
3631,524,311,658,rock
3617,527,314,652,rock
3633,485,336,676,rock
3635,506,294,655,rock
3633,504,296,650,rock
3644,495,301,659,rock
3630,487,300,650,rock
3629,484,311,663,rock
3635,463,312,648,rock
3650,473,310,654,rock
3632,473,284,638,rock
3631,478,306,641,rock
3630,445,299,641,rock
3609,456,304,632,rock
3617,464,183,633,rock
3637,437,301,645,rock
3633,467,295,643,rock
3604,475,293,637,rock
3643,484,300,638,rock
3656,507,276,638,rock
3634,516,302,660,rock
3632,541,304,638,rock
3648,514,296,637,rock
3629,529,330,658,rock
3649,510,313,646,rock
3643,505,287,640,rock
3638,499,294,645,rock
3654,489,294,636,rock
3630,596,290,653,rock
3629,499,290,630,rock
3613,502,286,632,rock
3637,487,285,623,rock
3643,476,274,609,rock
3654,480,150,594,rock
3630,492,281,609,rock
3629,473,289,614,rock
3629,477,277,616,rock
3629,474,276,614,rock
3627,482,269,620,rock
3631,484,272,605,rock
3637,467,266,603,rock
3651,445,269,613,rock
3630,463,265,612,rock
3629,455,243,643,rock
3629,461,267,621,rock
3630,442,265,613,rock
3636,486,272,606,rock
3655,437,274,607,rock
3664,447,274,609,rock
3642,429,274,617,rock
3627,453,254,650,rock
3627,473,252,640,rock
3659,444,257,600,rock
3659,444,266,606,rock
3633,442,277,613,rock
3629,436,256,616,rock
3618,427,281,616,rock
3622,418,257,602,rock
3620,430,257,588,rock
3633,418,238,631,rock
3616,432,250,657,rock
3639,432,245,662,rock
3616,417,193,628,rock
3637,428,251,659,rock
3640,512,249,660,rock
3632,422,257,625,rock
3632,411,245,660,rock
3650,422,240,648,rock
3619,408,255,662,rock
3632,430,246,663,rock
3637,413,267,627,rock
3631,413,239,658,rock
3631,415,258,611,rock
3636,385,243,651,rock
3635,399,221,644,rock
3637,406,234,640,rock
3616,406,254,669,rock
3660,399,250,652,rock
3653,297,238,629,rock
3615,398,263,610,rock
3632,392,259,599,rock
3692,382,249,623,rock
3632,512,275,615,rock
3635,380,288,618,rock
3612,367,278,604,rock
3631,364,266,597,rock
3611,368,273,598,rock
3632,363,271,608,rock
3644,353,256,591,rock
3791,364,273,615,rock
3631,356,283,607,rock
3629,338,263,600,rock
3619,352,220,612,rock
3642,320,268,606,rock
3637,344,259,604,rock
3640,229,254,630,rock
3669,339,245,622,rock
3635,326,258,595,rock
3621,338,230,647,rock
3629,337,256,600,rock
3629,317,249,640,rock
3630,330,275,602,rock
3628,323,282,609,rock
3634,317,291,620,rock
3624,336,290,618,rock
3632,311,296,617,rock
3666,346,270,611,rock
3631,344,284,621,rock
3631,369,268,612,rock
3612,335,298,643,rock
3615,348,307,647,rock
3629,344,294,639,rock
3633,337,329,649,rock
3633,340,308,638,rock
3650,315,300,630,rock
3634,334,296,626,rock
3636,337,302,638,rock
3621,329,309,640,rock
3628,317,297,626,rock
3631,358,300,625,rock
3621,342,277,625,rock
3644,319,302,634,rock
3619,301,313,630,rock
3633,343,292,636,rock
3648,337,288,616,rock
3634,347,283,614,rock
3613,332,308,628,rock
3641,317,307,641,rock
3641,324,275,607,rock
3630,365,266,601,rock
3659,369,274,606,rock
3624,351,299,625,rock
3630,370,285,620,rock
3633,377,278,607,rock
3640,355,280,607,rock
3612,350,289,607,rock
3629,376,251,650,rock
3634,323,300,636,rock
3614,346,278,613,rock
3633,336,276,610,rock
3635,343,256,608,rock
3628,341,298,640,rock
3609,327,302,635,rock
3684,337,294,625,rock
3628,314,294,629,rock
3633,327,296,621,rock
3601,327,288,609,rock
3638,320,287,618,rock
3622,335,285,616,rock
3627,333,321,627,rock
3629,350,275,611,rock
3625,384,247,648,rock
3642,364,274,600,rock
3631,362,276,604,rock
3629,388,281,608,rock
3616,372,285,619,rock
3633,353,301,629,rock
3620,361,281,612,rock
3617,359,341,641,rock
3633,339,273,600,rock
3630,365,276,608,rock
3635,363,288,604,rock
3632,316,279,618,rock
3720,395,279,616,rock
3639,389,281,610,rock
3632,392,291,620,rock
3636,276,265,600,rock
3665,392,277,623,rock
3633,383,274,603,rock
3627,377,271,616,rock
3631,322,290,607,rock
3634,362,264,606,rock
3651,365,259,596,rock
3682,359,272,612,rock
3631,360,266,592,rock
3648,344,264,598,rock
3736,335,261,598,rock
3624,373,257,608,rock
3667,310,259,604,rock
3631,328,256,604,rock
3633,341,249,640,rock
3604,343,256,594,rock
3632,337,242,619,rock
3643,322,326,635,rock
3627,323,260,621,rock
3627,329,256,580,rock
3631,351,251,645,rock
3632,325,257,597,rock
3621,325,263,623,rock
3631,326,271,608,rock
3645,292,229,613,rock
3641,323,231,651,rock
3623,335,250,641,rock
3648,326,250,646,rock
3664,326,249,636,rock
3619,324,242,640,rock
3638,296,253,663,rock
3627,325,264,597,rock
3531,320,252,636,rock
3631,315,228,636,rock
3631,311,247,642,rock
3633,312,248,635,rock
3628,305,261,599,rock
3631,307,255,668,rock
3628,307,253,632,rock
3625,291,262,616,rock
3620,335,248,646,rock
3625,289,258,611,rock
3638,226,257,605,rock
3627,298,258,604,rock
3629,320,212,611,rock
3622,291,240,649,rock
3614,306,316,641,rock
3631,305,243,643,rock
3629,305,218,627,rock
3625,277,232,639,rock
3650,293,233,632,rock
3645,299,204,619,rock
3637,282,203,612,rock
3632,300,208,630,rock
3653,285,238,640,rock
3637,295,238,642,rock
3661,283,363,664,rock
3629,281,213,627,rock
3628,283,237,650,rock
3634,281,241,644,rock
3654,299,240,638,rock
3607,310,236,642,rock
3628,328,242,642,rock
3644,339,241,642,rock
3627,339,222,643,rock
3632,344,229,632,rock
3629,351,228,637,rock
3598,352,244,643,rock
3631,384,208,622,rock
3657,416,222,652,rock
3631,407,223,633,rock
3630,443,238,656,rock
3628,412,225,632,rock
3631,400,218,627,rock
3631,416,222,638,rock
3611,407,222,639,rock
3651,385,214,635,rock
3631,413,217,625,rock
3631,395,229,640,rock
3631,390,203,613,rock
3629,390,215,631,rock
3634,365,212,619,rock
3630,375,212,624,rock
3658,365,217,608,rock
3640,370,200,612,rock
3633,370,225,621,rock
3631,363,212,610,rock
3625,358,333,640,rock
3632,358,216,607,rock
3629,365,206,626,rock
3650,347,217,623,rock
3628,308,232,618,rock
3625,337,216,617,rock
3631,343,214,632,rock
3633,329,223,629,rock
3643,334,216,616,rock
3645,332,222,631,rock
3630,330,233,632,rock
3631,335,211,628,rock
3625,330,209,608,rock
3621,331,254,654,rock
3624,314,246,651,rock
3633,328,246,642,rock
3627,340,240,640,rock
3655,370,246,651,rock
3613,348,90,588,rock
3535,337,254,665,rock
3632,231,247,658,rock
3631,345,253,640,rock
3629,342,249,638,rock
3651,335,261,604,rock
3632,335,226,626,rock
3633,343,158,610,rock
3623,330,300,631,rock
3610,325,245,650,rock
3637,322,242,645,rock
3630,323,241,645,rock
3633,317,236,642,rock
3629,329,241,647,rock
3630,424,229,638,rock
3607,308,238,643,rock
3645,315,204,609,rock
3623,304,230,640,rock
3632,303,224,631,rock
3632,299,231,640,rock
3631,298,202,618,rock
3627,294,220,625,rock
3628,296,238,640,rock
3638,298,212,619,rock
3630,302,245,648,rock
3629,311,219,629,rock
3631,308,319,641,rock
3630,305,238,642,rock
3640,299,218,627,rock
3644,295,215,616,rock
3636,168,218,599,rock
3625,295,351,662,rock
3618,288,216,608,rock
3631,291,221,621,rock
3633,335,211,614,rock
3629,331,209,603,rock
3632,316,216,615,rock
3629,338,224,621,rock
3666,345,226,623,rock
3633,367,231,645,rock
3630,363,226,631,rock
3634,381,226,632,rock
3638,407,226,637,rock
3632,368,209,619,rock
3636,380,219,629,rock
3655,389,220,638,rock
3641,386,230,646,rock
3639,389,241,646,rock
3609,394,256,597,rock
3619,381,265,593,rock
3633,404,246,639,rock
3630,349,262,617,rock
3614,371,252,636,rock
3631,338,246,653,rock
3641,361,249,664,rock
3616,346,253,656,rock
3613,348,260,620,rock
3630,350,254,648,rock
3631,347,245,650,rock
3633,356,261,612,rock
3620,342,246,664,rock
3626,334,242,646,rock
3648,343,248,641,rock
3669,333,242,644,rock
3638,336,212,629,rock
3631,219,249,646,rock
3629,339,278,636,rock
3618,325,238,655,rock
3633,338,215,642,rock
3621,338,228,644,rock
3631,331,240,644,rock
3631,324,254,655,rock
3665,326,253,654,rock
3631,325,272,605,rock
3611,306,273,602,rock
3656,331,269,604,rock
3638,307,280,608,rock
3623,319,290,617,rock
3626,329,177,594,rock
3631,285,299,631,rock
3636,314,318,649,rock
3621,298,301,640,rock
3628,298,306,636,rock
3643,304,296,619,rock
3634,302,318,647,rock
3614,288,297,634,rock
3638,278,298,624,rock
3630,288,298,626,rock
3628,286,293,621,rock
3630,294,316,633,rock
3617,294,286,624,rock
3668,316,295,619,rock
3634,277,285,614,rock
3615,265,286,616,rock
3614,291,286,622,rock
3632,276,272,602,rock
3634,276,296,608,rock
3634,269,265,593,rock
3634,272,290,616,rock
3630,270,286,616,rock
3646,257,319,635,rock
3624,288,284,622,rock
3632,306,261,606,rock
3611,301,348,643,rock
3623,294,279,616,rock
3646,300,283,619,rock
3621,308,301,638,rock
3607,324,314,636,rock
3629,325,297,628,rock
3635,335,251,652,rock
3625,358,300,657,rock
3637,395,314,654,rock
3641,357,317,658,rock
3631,383,296,633,rock
3629,405,300,630,rock
3662,398,298,624,rock
3639,441,296,624,rock
3664,433,280,621,rock
3631,415,311,664,rock
3628,447,316,648,rock
3625,449,301,635,rock
3633,392,299,634,rock
3642,446,322,646,rock
3636,415,301,644,rock
3644,437,289,625,rock
3650,407,286,628,rock
3645,425,276,614,rock
3636,542,286,628,rock
3630,417,287,624,rock
3631,407,282,621,rock
3622,385,280,608,rock
3606,394,277,617,rock
3627,406,276,609,rock
3638,394,272,598,rock
3630,406,238,655,rock
3636,385,274,605,rock
3611,386,265,594,rock
3650,384,262,607,rock
3617,394,235,624,rock
3625,394,263,606,rock
3623,351,258,592,rock
3645,358,264,583,rock
3633,350,239,637,rock
3632,354,274,604,rock
3629,349,270,608,rock
3656,348,248,630,rock
3631,353,292,621,rock
3633,239,271,612,rock
3628,337,263,612,rock
3612,344,267,602,rock
3623,363,275,603,rock
3626,359,249,642,rock
3633,343,264,612,rock
3631,231,265,593,rock
3603,356,272,600,rock
3600,342,258,598,rock
3635,338,281,602,rock
3629,338,260,587,rock
3600,329,252,623,rock
3625,346,130,578,rock
3729,330,262,600,rock
3627,329,266,592,rock
3639,350,253,641,rock
3632,329,268,601,rock
3817,329,261,602,rock
3623,311,252,658,rock
3620,315,346,641,rock
3629,323,253,634,rock
3631,327,250,661,rock
3632,311,247,641,rock
3639,338,253,658,rock
3653,306,253,654,rock
3638,336,227,620,rock
3628,286,254,652,rock
3668,307,274,610,rock
3626,309,252,655,rock
3631,327,222,643,rock
3641,343,247,648,rock
3655,317,246,663,rock
3629,339,247,664,rock
3628,338,241,652,rock
3637,200,245,652,rock
3632,333,237,652,rock
3633,350,242,644,rock
3621,377,264,619,rock
3634,370,238,641,rock
3631,371,266,596,rock
3633,362,262,602,rock
3627,385,266,601,rock
3623,366,280,601,rock
3646,370,254,638,rock
3627,357,260,600,rock
3631,369,266,595,rock
3618,354,263,606,rock
3639,336,246,631,rock
3606,342,227,620,rock
3632,343,237,628,rock
3633,340,249,648,rock
3655,334,249,647,rock
3647,350,249,649,rock
3630,336,244,657,rock
3631,325,213,629,rock
3624,310,248,652,rock
3623,328,242,650,rock
3630,310,242,646,rock
3633,322,247,644,rock
3645,338,216,626,rock
3633,316,237,654,rock
3618,301,238,652,rock
3630,319,217,634,rock
3611,309,243,647,rock
3631,306,254,661,rock
3643,204,250,649,rock
3628,289,242,659,rock
3634,307,239,645,rock
3631,298,234,638,rock
3647,271,233,631,rock
3622,296,217,626,rock
3631,323,251,648,rock
3600,351,244,644,rock
3617,371,395,641,rock
3660,407,239,653,rock
3634,439,232,642,rock
3633,438,241,647,rock
3624,438,233,638,rock
3627,428,235,655,rock
3645,419,249,649,rock
3641,407,231,646,rock
3600,427,219,644,rock
3631,447,228,644,rock
3632,446,238,652,rock
3637,484,240,635,rock
3622,490,224,650,rock
3622,488,251,664,rock
3629,491,239,660,rock
3608,493,232,638,rock
3649,520,253,666,rock
3631,495,233,646,rock
3611,489,312,629,rock
3628,486,210,637,rock
3631,454,233,640,rock
3647,482,204,629,rock
3652,469,314,648,rock
3621,495,228,632,rock
3631,473,234,649,rock
3634,440,238,657,rock
3626,462,224,631,rock
3635,449,237,659,rock
3613,453,226,644,rock
3653,467,222,649,rock
3630,436,224,634,rock
3638,453,231,653,rock
3611,431,359,680,rock
3614,415,238,650,rock
3630,417,224,636,rock
3635,425,247,662,rock
3610,426,213,641,rock
3681,421,225,634,rock
3636,412,230,646,rock
3619,394,233,638,rock
3631,395,235,644,rock
3632,402,233,643,rock
3637,345,236,644,rock
3636,381,238,658,rock
3631,391,243,648,rock
3633,391,210,633,rock
3631,386,238,654,rock
3629,381,211,636,rock
3628,381,236,646,rock
3623,375,248,642,rock
3630,380,230,649,rock
3649,267,246,661,rock
3611,383,238,652,rock
3609,364,256,613,rock
3630,373,253,646,rock
3633,355,235,645,rock
3634,378,227,640,rock
3613,353,246,657,rock
3642,356,237,647,rock
3551,337,240,641,rock
3631,354,256,608,rock
3630,350,240,638,rock
3647,338,239,657,rock
3611,364,209,622,rock
3631,356,243,638,rock
3628,368,239,653,rock
3645,337,232,630,rock
3630,363,249,649,rock
3609,332,256,602,rock
3635,345,244,648,rock
3638,375,223,638,rock
3612,354,189,620,rock
3639,354,233,635,rock
3614,342,251,652,rock
3621,344,235,648,rock
3625,345,235,642,rock
3616,338,232,634,rock
3609,359,239,649,rock
3610,376,233,636,rock
3625,383,216,626,rock
3653,394,229,649,rock
3613,389,224,628,rock
3644,389,254,666,rock
3639,408,268,598,rock
3632,443,237,633,rock
3480,442,261,605,rock
3630,453,260,612,rock
3587,452,309,633,rock
3643,460,273,609,rock
3633,463,244,646,rock
3636,458,276,607,rock
3638,459,270,631,rock
3633,448,272,607,rock
3637,600,269,616,rock
3632,445,276,613,rock
3640,437,262,604,rock
3635,443,290,613,rock
3635,426,280,629,rock
3619,505,279,614,rock
3637,425,257,592,rock
3617,417,256,589,rock
3645,408,254,650,rock
3630,420,166,594,rock
3623,427,252,665,rock
3631,400,257,627,rock
3608,390,258,615,rock
3667,393,233,626,rock
3637,464,247,637,rock
3631,375,264,607,rock
3640,378,228,642,rock
3640,371,244,649,rock
3615,380,236,634,rock
3600,364,262,616,rock
3632,347,241,640,rock
3634,361,229,630,rock
3630,362,234,636,rock
3634,359,239,655,rock
3587,367,236,643,rock
3570,328,238,648,rock
3638,342,233,634,rock
3626,341,232,644,rock
3630,357,233,637,rock
3647,334,233,641,rock
3633,332,233,640,rock
3631,334,241,635,rock
3614,330,234,634,rock
3582,314,225,634,rock
3646,335,232,627,rock
3607,324,228,644,rock
3634,320,225,631,rock
3629,318,223,636,rock
3612,320,299,621,rock
3515,348,205,619,rock
3629,338,225,625,rock
3687,318,234,628,rock
3759,334,237,646,rock
3633,303,236,647,rock
3635,324,253,647,rock
3697,338,237,637,rock
3668,321,248,637,rock
3641,289,253,665,rock
3627,332,247,652,rock
3634,311,240,625,rock
3635,307,240,622,rock
3621,290,280,603,rock
3631,302,282,602,rock
3635,309,257,589,rock
3612,297,286,615,rock
3619,295,290,613,rock
3628,296,257,592,rock
3635,268,299,624,rock
3630,303,257,601,rock
3626,297,264,593,rock
3626,317,277,612,rock
3634,266,288,607,rock
3612,285,139,584,rock
3637,280,300,633,rock
3632,256,330,662,rock
3639,272,296,618,rock
3637,275,286,622,rock
3634,270,303,643,rock
3631,248,294,632,rock
3630,272,292,620,rock
3609,268,243,624,rock
3613,273,289,608,rock
3645,264,281,600,rock
3609,262,309,624,rock
3659,271,277,613,rock
3602,275,302,623,rock
3613,267,279,610,rock
3655,267,279,615,rock
3631,262,289,614,rock
3751,262,270,606,rock
3647,268,270,615,rock
3627,257,268,602,rock
3632,264,266,611,rock
3649,248,284,598,rock
3649,227,266,588,rock
3628,264,257,591,rock
3625,315,275,598,rock
3626,346,229,640,rock
3633,272,245,635,rock
3639,304,232,618,rock
3640,294,250,613,rock
3634,307,261,589,rock
3628,300,247,658,rock
3628,310,230,622,rock
3619,311,260,601,rock
3655,282,252,647,rock
3629,283,254,648,rock
3647,300,251,628,rock
3632,296,254,661,rock
3632,275,250,654,rock
3635,300,249,631,rock
3616,305,246,653,rock
3623,310,248,651,rock
3629,327,223,648,rock
3647,300,305,642,rock
3616,315,220,640,rock
3632,344,233,644,rock
3647,319,209,625,rock
3633,309,234,642,rock
3635,309,236,637,rock
3630,317,242,648,rock
3652,312,235,630,rock
3631,324,216,628,rock
3632,197,233,632,rock
3638,328,228,632,rock
3645,305,234,631,rock
3629,294,244,630,rock
3630,314,257,593,rock
3628,324,259,598,rock
3609,310,265,606,rock
3633,322,247,637,rock
3627,320,268,608,rock
3629,312,288,606,rock
3618,314,264,591,rock
3646,319,268,596,rock
3635,366,274,609,rock
3615,331,271,620,rock
3633,335,270,613,rock
3635,339,267,615,rock
3606,331,217,606,rock
3643,352,267,616,rock
3638,328,259,588,rock
3638,315,282,601,rock
3632,321,241,624,rock
3621,314,272,587,rock
3637,312,252,638,rock
3646,314,218,622,rock
3629,318,256,597,rock
3621,314,204,612,rock
3599,306,273,623,rock
3631,312,276,622,rock
3632,277,250,644,rock
3630,312,256,600,rock
3603,282,250,640,rock
3640,303,245,652,rock
3618,301,244,652,rock
3626,302,229,642,rock
3630,321,258,613,rock
3625,335,182,625,rock
3631,347,238,656,rock
3629,324,257,603,rock
3630,379,235,636,rock
3631,381,246,653,rock
3635,376,242,642,rock
3603,370,232,628,rock
3615,366,238,649,rock
3636,388,235,652,rock
3631,397,223,640,rock
3653,402,230,645,rock
3643,423,220,632,rock
3616,401,240,637,rock
3529,403,233,648,rock
3659,398,235,648,rock
3715,397,236,641,rock
3656,395,217,634,rock
3613,386,232,642,rock
3628,378,238,643,rock
3627,391,232,636,rock
3626,388,214,640,rock
3646,405,219,634,rock
3630,358,227,628,rock
3641,348,222,630,rock
3653,372,215,623,rock
3636,368,218,625,rock
3659,368,336,644,rock
3634,410,220,634,rock
3631,332,238,646,rock
3634,353,206,619,rock
3633,350,218,618,rock
3663,300,221,622,rock
3633,343,226,627,rock
3634,341,220,626,rock
3640,339,223,630,rock
3627,331,264,603,rock
3657,333,225,638,rock
3625,327,250,640,rock
3648,344,201,610,rock
3632,343,226,622,rock
3650,375,227,638,rock
3635,384,247,640,rock
3637,399,287,633,rock
3629,421,291,626,rock
3633,417,265,610,rock
3649,408,132,566,rock
3626,411,267,617,rock
3644,421,212,614,rock
3638,418,321,646,rock
3621,453,294,627,rock
3628,454,256,605,rock
3620,453,260,604,rock
3624,426,254,657,rock
3633,451,254,653,rock
3630,443,240,644,rock
3635,443,247,661,rock
3644,432,249,633,rock
3630,427,256,592,rock
3650,430,263,607,rock
3632,419,254,644,rock
3598,420,260,615,rock
3634,396,244,660,rock
3620,429,254,641,rock
3629,409,262,624,rock
3723,399,267,603,rock
3645,394,267,603,rock
3626,380,271,604,rock
3608,386,264,603,rock
3635,401,274,608,rock
3654,369,257,609,rock
3638,365,272,598,rock
3633,371,265,595,rock
3643,367,272,602,rock
3648,348,270,603,rock
3598,372,269,604,rock
3632,378,284,610,rock
3631,378,265,591,rock
3631,378,258,607,rock
3627,381,259,611,rock
3620,382,265,596,rock
3635,392,260,613,rock
3635,393,238,635,rock
3632,373,254,645,rock
3624,367,284,605,rock
3658,370,259,617,rock
3626,373,250,660,rock
3633,379,229,642,rock
3630,361,265,617,rock
3629,361,254,667,rock
3632,362,234,639,rock
3634,371,225,641,rock
3634,365,228,644,rock
3629,350,239,648,rock
3656,338,246,661,rock
3631,360,244,651,rock
3631,337,253,662,rock
3632,337,222,643,rock
3653,371,238,654,rock
3614,355,239,653,rock
3638,369,235,648,rock
3634,329,271,604,rock
3634,356,243,642,rock
3603,347,234,629,rock
3629,343,242,645,rock
3651,335,237,649,rock
3631,325,240,631,rock
3629,330,238,646,rock
3631,350,235,640,rock
3721,351,238,643,rock
3623,461,247,670,rock
3630,373,227,610,rock
3647,368,275,613,rock
3759,367,280,615,rock
3611,364,281,608,rock
3660,355,258,606,rock
3621,360,290,625,rock
3627,353,302,643,rock
3628,361,310,651,rock
3633,367,310,646,rock
3613,364,324,656,rock
3631,371,302,641,rock
3631,433,324,659,rock
3671,357,302,645,rock
3647,364,317,648,rock
3631,226,301,642,rock
3631,344,304,631,rock
3633,343,301,639,rock
3641,365,296,618,rock
3629,328,293,625,rock
3661,356,313,628,rock
3629,341,282,614,rock
3601,338,294,641,rock
3651,351,413,652,rock
3631,375,283,616,rock
3633,399,264,603,rock
3625,409,284,634,rock
3621,406,287,628,rock
3640,412,272,623,rock
3645,460,274,611,rock
3630,437,277,621,rock
3636,406,281,603,rock
3628,458,270,611,rock
3629,429,258,597,rock
3608,421,298,624,rock
3640,421,266,596,rock
3629,416,262,608,rock
3632,410,261,600,rock
3659,401,254,636,rock
3631,401,243,636,rock
3629,397,250,627,rock
3636,393,264,625,rock
3622,385,259,626,rock
3635,404,227,649,rock
3605,382,238,655,rock
3744,365,254,667,rock
3623,379,254,642,rock
3636,328,253,655,rock
3629,361,252,657,rock
3627,363,256,616,rock
3637,239,249,644,rock
3632,331,248,618,rock
3640,349,193,611,rock
3643,348,249,658,rock
3628,360,247,643,rock
3631,362,252,640,rock
3639,377,187,615,rock
3650,423,249,656,rock
3653,430,242,649,rock
3632,445,258,596,rock
3633,455,254,651,rock
3647,423,244,633,rock
3631,449,246,634,rock
3605,456,277,619,rock
3620,462,267,634,rock
3637,468,363,668,rock
3631,471,254,672,rock
3655,460,251,653,rock
3627,466,228,640,rock
3613,427,260,608,rock
3629,451,253,657,rock
3629,443,256,596,rock
3664,442,224,645,rock
3630,449,242,650,rock
3632,412,246,663,rock
3631,437,263,637,rock
3705,422,243,656,rock
3625,413,228,645,rock
3610,414,252,656,rock
3628,407,256,612,rock
3630,409,250,651,rock
3522,416,238,655,rock
3627,392,238,652,rock
3637,408,235,643,rock
3630,472,238,655,rock
3630,473,227,621,rock
3656,475,234,644,rock
3637,489,235,645,rock
3630,463,247,665,rock
3649,464,226,644,rock
3608,469,230,644,rock
3628,444,235,632,rock
3614,468,233,643,rock
3643,447,268,621,rock
3618,451,236,642,rock
3630,449,233,643,rock
3628,438,231,652,rock
3637,431,222,641,rock
3616,435,234,637,rock
3646,437,221,640,rock
3630,449,226,632,rock
3640,424,225,640,rock
3631,429,198,625,rock
3632,420,220,633,rock
3613,416,224,634,rock
3622,430,172,607,rock
3638,399,219,635,rock
3625,403,236,633,rock
3627,396,230,635,rock
3635,404,196,612,rock
3630,397,215,628,rock
3633,385,243,634,rock
3612,379,217,622,rock
3641,388,197,619,rock
3629,349,221,635,rock
3633,356,222,637,rock
3628,364,234,640,rock
3634,366,218,628,rock
3630,364,219,627,rock
3627,396,192,611,rock
3631,372,246,654,rock
3644,363,263,600,rock
3633,367,268,620,rock
3644,259,234,637,rock
3605,365,239,648,rock
3624,359,245,657,rock
3634,347,274,602,rock
3631,347,219,637,rock
3631,335,239,650,rock
3626,368,241,650,rock
3665,357,229,645,rock
3660,349,230,653,rock
3621,345,235,642,rock
3625,369,238,648,rock
3628,352,237,630,rock
3634,364,234,640,rock
3630,357,257,614,rock
3653,352,234,636,rock
3628,347,241,641,rock
3646,348,245,641,rock
3637,380,251,665,rock
3609,362,254,666,rock
3631,359,269,620,rock
3636,388,231,638,rock
3647,345,229,651,rock
3653,350,362,669,rock
3630,350,238,652,rock
3657,338,256,608,rock
3637,238,237,643,rock
3665,347,243,648,rock
3631,347,239,657,rock
3627,346,242,648,rock
3627,330,260,619,rock
3643,329,250,655,rock
3641,374,243,641,rock
3657,347,244,651,rock
3627,334,241,636,rock
3636,355,194,622,rock
3629,365,219,637,rock
3669,342,219,630,rock
3631,344,240,631,rock
3627,311,251,644,rock
3633,342,262,617,rock
3631,339,260,607,rock
3638,341,239,645,rock
3632,335,246,659,rock
3631,346,209,625,rock
3635,334,249,651,rock
3634,353,243,645,rock
3631,343,241,647,rock
3645,355,240,643,rock
3618,328,256,605,rock
3642,334,240,641,rock
3633,325,242,637,rock
3623,354,243,656,rock
3631,342,240,644,rock
3646,339,230,653,rock
3630,335,222,638,rock
3633,336,269,617,rock
3653,325,237,640,rock
3657,345,231,635,rock
3608,325,241,639,rock
3659,321,249,643,rock
3613,318,206,629,rock
3631,335,239,632,rock
3602,344,256,610,rock
3658,341,260,606,rock
3664,339,260,596,rock
3565,354,253,632,rock
3632,341,247,653,rock
3650,320,271,605,rock
3633,339,266,631,rock
3634,316,235,627,rock
3591,341,244,636,rock
3531,326,252,648,rock
3631,326,258,612,rock
3639,354,247,642,rock
3633,326,242,645,rock
3635,318,258,613,rock
3600,320,240,634,rock
3679,326,238,649,rock
3624,311,256,608,rock
3661,320,239,665,rock
3602,320,246,642,rock
3632,312,237,651,rock
3635,314,235,644,rock
3633,321,235,642,rock
3639,344,243,648,rock
3688,307,233,638,rock
3629,324,215,634,rock
3635,311,237,641,rock
3629,334,235,625,rock
3632,306,239,634,rock
3626,299,230,630,rock
3640,299,227,630,rock
3630,301,241,638,rock
3621,312,230,638,rock
3627,292,228,620,rock
3656,280,214,613,rock
3614,296,228,629,rock
3632,287,228,626,rock
3630,287,205,620,rock
3627,277,211,617,rock
3620,281,225,626,rock
3615,280,217,620,rock
3641,253,219,618,rock
3628,268,238,637,rock
3611,273,230,631,rock
3608,279,222,633,rock
3658,286,224,620,rock
3629,265,227,621,rock
3637,292,220,621,rock
3631,263,224,615,rock
3633,291,233,634,rock
3632,293,234,654,rock
3638,286,305,628,rock
3630,305,218,619,rock
3623,274,231,645,rock
3617,285,192,613,rock
3631,277,225,620,rock
3635,314,225,628,rock
3635,301,209,618,rock
3600,281,234,632,rock
3642,277,225,631,rock
3640,317,228,634,rock
3628,306,223,630,rock
3633,301,213,624,rock
3627,304,185,595,rock
3625,299,254,650,rock
3667,292,221,620,rock
3631,297,215,620,rock
3627,294,211,621,rock
3631,294,226,629,rock
3629,277,219,625,rock
3635,287,222,626,rock
3660,281,205,618,rock
3631,285,229,634,rock
3627,292,228,635,rock
3617,263,216,618,rock
3632,283,188,605,rock
3627,284,221,628,rock
3627,269,210,624,rock
3632,280,214,619,rock
3629,257,212,609,rock
3646,282,211,613,rock
3633,276,208,604,rock
3630,277,222,629,rock
3643,276,224,628,rock
3623,272,230,635,rock
3613,282,248,636,rock
3637,302,234,633,rock
3629,273,244,650,rock
3641,279,226,640,rock
3634,270,239,640,rock
3495,243,248,640,rock
3631,281,261,611,rock
3631,223,245,655,rock
3613,247,256,600,rock
3614,259,243,646,rock
3631,263,282,619,rock
3634,262,234,630,rock
3631,261,235,620,rock
3632,256,264,610,rock
3636,257,252,634,rock
3635,267,258,576,rock
3632,263,256,598,rock
3632,272,265,603,rock
3631,284,250,626,rock
3644,302,211,632,rock
3646,211,236,635,rock
3653,321,238,642,rock
3632,320,249,647,rock
3648,322,231,640,rock
3622,308,249,644,rock
3647,304,213,638,rock
3611,318,236,640,rock
3632,315,239,652,rock
3635,327,244,651,rock
3628,334,235,636,rock
3620,334,216,628,rock
3629,331,251,650,rock
3632,331,233,637,rock
3637,330,232,635,rock
3626,397,213,630,rock
3659,319,256,609,rock
3610,322,256,581,rock
3631,315,252,644,rock
3632,195,262,594,rock
3634,314,150,573,rock
3535,334,264,596,rock
3612,327,274,608,rock
3637,316,299,627,rock
3629,319,316,642,rock
3629,316,297,620,rock
3583,320,292,618,rock
3634,311,289,611,rock
3614,306,289,616,rock
3618,288,286,621,rock
3632,306,268,611,rock
3629,301,276,616,rock
3629,303,281,607,rock
3626,288,278,616,rock
3647,285,276,613,rock
3629,265,274,602,rock
3627,280,272,595,rock
3606,289,272,604,rock
3648,267,300,616,rock
3633,272,280,613,rock
3636,258,249,628,rock
3632,276,267,592,rock
3635,303,268,593,rock
3649,275,260,612,rock
3633,289,242,612,rock
3630,272,246,646,rock
3614,270,250,639,rock
3638,279,230,643,rock
3629,253,251,637,rock
3613,258,276,627,rock
3619,234,262,622,rock
3629,245,247,656,rock
3631,253,227,638,rock
3625,256,279,632,rock
3627,260,243,647,rock
3631,258,258,598,rock
3630,369,248,628,rock
3598,254,298,635,rock
3608,258,240,634,rock
3625,267,212,627,rock
3629,262,221,632,rock
3629,281,236,640,rock
3631,259,232,634,rock
3654,278,238,650,rock
3638,256,226,633,rock
3622,264,235,617,rock
3640,253,224,631,rock
3604,256,250,644,rock
3617,272,193,610,rock
3630,267,227,629,rock
3643,267,365,665,rock
3601,263,237,628,rock
3665,265,218,623,rock
3629,258,221,637,rock
3648,223,246,643,rock
3631,238,230,642,rock
3636,248,229,637,rock
3627,249,227,628,rock
3629,317,199,623,rock
3602,260,244,636,rock
3627,239,215,628,rock
3634,232,231,633,rock
3631,241,239,645,rock
3631,239,236,638,rock
3600,242,230,634,rock
3628,241,240,638,rock
3636,237,229,628,rock
3668,237,231,643,rock
3644,244,231,621,rock
3636,260,238,632,rock
3605,254,261,614,rock
3631,250,240,642,rock
3503,239,243,644,rock
3633,261,220,636,rock
3628,258,239,650,rock
3622,253,220,627,rock
3641,250,227,623,rock
3694,262,229,634,rock
3631,251,218,622,rock
3653,245,209,610,rock
3642,238,231,634,rock
3625,244,241,630,rock
3624,255,223,633,rock
3633,227,218,604,rock
3645,211,221,628,rock
3626,243,224,614,rock
3635,219,202,611,rock
3630,231,214,620,rock
3638,234,230,643,rock
3636,233,229,639,rock
3637,218,228,629,rock
3650,260,230,631,rock
3630,226,224,624,rock
3633,233,187,604,rock
3645,224,185,595,rock
3643,226,221,624,rock
3555,228,209,611,rock
3638,226,197,618,rock
3639,201,238,634,rock
3621,218,224,619,rock
3637,224,236,637,rock
3636,316,224,620,rock
3651,238,225,616,rock
3639,217,217,615,rock
3608,221,223,628,rock
3632,209,185,590,rock
3594,214,218,610,rock
3626,216,340,637,rock
3635,264,220,617,rock
3628,225,253,647,rock
3640,209,222,628,rock
3632,200,198,612,rock
3637,350,228,629,rock
3591,185,223,621,rock
3631,158,218,610,rock
3662,205,217,605,rock
3664,202,221,632,rock
3648,192,294,624,rock
3657,221,220,609,rock
3638,228,217,610,rock
3643,234,219,615,rock
3632,238,216,610,rock
3640,234,156,585,rock
3629,238,209,602,rock
3630,239,205,608,rock
3630,235,199,618,rock
3621,243,203,602,rock
3631,236,193,596,rock
3647,221,217,615,rock
3598,236,194,603,rock
3629,232,202,590,rock
3637,236,215,613,rock
3639,249,216,612,rock
3624,273,209,614,rock
3674,256,215,617,rock
3625,237,213,609,rock
3644,224,221,625,rock
3635,244,222,628,rock
3630,231,234,628,rock
3625,220,225,625,rock
3630,244,221,614,rock
3629,213,232,617,rock
3639,238,238,645,rock
3639,239,226,630,rock
3618,237,218,618,rock
3637,238,239,633,rock
3633,232,243,652,rock
3639,269,245,637,rock
3629,242,224,622,rock
3635,240,248,622,rock
3627,244,259,577,rock
3634,239,259,587,rock
3632,249,264,587,rock
3629,271,257,584,rock
3629,305,250,628,rock
3626,281,257,594,rock
3635,290,257,589,rock
3633,287,265,616,rock
3641,304,253,647,rock
3633,307,256,614,rock
3659,299,258,587,rock
3640,332,245,650,rock
3627,310,257,587,rock
3616,324,259,608,rock
3653,321,223,617,rock
3629,312,225,610,rock
3637,312,258,614,rock
3626,322,208,630,rock
3756,296,250,637,rock
3619,303,247,657,rock
3628,303,247,654,rock
3737,313,251,637,rock
3629,314,239,656,rock
3630,298,238,648,rock
3630,323,250,638,rock
3626,326,235,647,rock
3648,297,236,630,rock
3612,306,189,617,rock
3653,292,227,629,rock
3631,307,233,638,rock
3629,301,240,634,rock
3629,293,235,634,rock
3670,305,230,641,rock
3631,299,229,624,rock
3658,297,226,619,rock
3638,294,211,617,rock
3638,325,265,608,rock
3653,270,214,625,rock
3618,279,300,627,rock
3623,281,224,624,rock
3633,273,224,618,rock
3632,252,229,626,rock
3633,277,209,608,rock
3601,269,176,594,rock
3634,275,220,623,rock
3614,274,224,637,rock
3624,292,199,620,rock
3613,272,346,652,rock
3615,292,234,623,rock
3621,284,217,616,rock
3637,281,220,616,rock
3639,285,220,624,rock
3621,297,227,621,rock
3638,326,226,628,rock
3634,291,246,648,rock
3633,294,234,629,rock
3637,305,199,618,rock
3637,331,218,616,rock
3632,308,222,631,rock
3635,308,212,624,rock
3533,291,220,615,rock
3637,314,216,613,rock
3635,328,161,590,rock
3634,284,218,615,rock
3660,285,229,625,rock
3633,293,235,626,rock
3624,288,225,627,rock
3668,312,228,632,rock
3622,336,247,633,rock
3631,337,254,644,rock
3613,332,252,648,rock
3617,358,256,581,rock
3626,362,258,593,rock
3629,342,258,609,rock
3624,323,271,605,rock
3626,345,267,595,rock
3637,346,264,619,rock
3629,340,290,607,rock
3614,349,242,629,rock
3631,340,270,606,rock
3630,336,273,597,rock
3600,331,277,612,rock
3637,307,274,593,rock
3627,351,275,610,rock
3639,366,285,619,rock
3629,333,292,616,rock
3649,333,289,611,rock
3629,346,290,625,rock
3581,358,285,621,rock
3623,346,282,614,rock
3632,347,284,617,rock
3606,346,279,626,rock
3499,336,283,601,rock
3643,334,294,622,rock
3628,349,279,625,rock
3642,356,331,648,rock
3603,353,290,618,rock
3627,366,187,604,rock
3607,344,311,636,rock
3634,379,288,626,rock
3648,358,230,633,rock
3629,367,280,607,rock
3617,361,293,623,rock
3633,368,286,621,rock
3633,360,300,641,rock
3632,377,278,613,rock
3608,396,286,624,rock
3618,397,297,628,rock
3618,449,309,641,rock
3633,393,290,618,rock
3668,398,313,628,rock
3632,436,292,626,rock
3634,469,286,647,rock
3628,486,277,637,rock
3650,486,287,626,rock
3630,492,287,626,rock
3627,506,276,612,rock
3639,481,159,596,rock
3638,484,301,632,rock
3618,457,280,617,rock
3630,470,269,614,rock
3630,466,264,608,rock
3635,461,263,621,rock
3651,475,260,607,rock
3642,451,230,626,rock
3620,450,260,595,rock
3627,436,270,617,rock
3631,445,165,588,rock
3634,410,262,605,rock
3624,443,253,659,rock
3519,423,259,595,rock
3611,417,258,599,rock
3630,420,284,612,rock
3663,413,264,626,rock
3633,411,245,632,rock
3633,405,258,607,rock
3635,403,284,609,rock
3657,398,240,625,rock
3634,394,266,594,rock
3632,375,254,648,rock
3634,385,247,644,rock
3630,359,258,604,rock
3629,387,250,653,rock
3650,363,270,622,rock
3619,401,242,625,rock
3631,396,266,615,rock
3633,398,243,656,rock
3632,399,262,602,rock
3629,384,257,617,rock
3574,376,253,643,rock
3516,398,263,599,rock
3635,392,256,606,rock
3623,411,272,609,rock
3632,418,236,657,rock
3612,440,258,598,rock
3623,411,254,656,rock
3633,406,266,616,rock
3611,406,239,636,rock
3628,399,242,624,rock
3651,421,277,637,rock
3669,405,236,645,rock
3632,392,261,613,rock
3637,401,261,624,rock
3680,380,256,613,rock
3627,397,244,654,rock
3654,391,104,598,rock
3647,390,250,654,rock
3630,384,257,584,rock
3634,382,258,595,rock
3625,374,250,655,rock
3617,371,258,601,rock
3658,366,260,608,rock
3647,359,267,601,rock
3638,360,294,625,rock
3633,377,230,633,rock
3641,385,269,607,rock
3636,393,235,635,rock
3633,407,272,593,rock
3635,399,294,620,rock
3612,382,260,601,rock
3670,388,220,631,rock
3626,376,379,656,rock
3636,373,261,608,rock
3633,371,256,601,rock
3632,381,272,613,rock
3657,374,257,601,rock
3631,387,242,648,rock
3631,376,247,654,rock
3627,377,266,616,rock
3636,367,251,658,rock
3636,375,270,628,rock
3640,376,239,654,rock
3661,412,218,633,rock
3624,414,238,650,rock
3635,390,128,594,rock
3639,375,236,646,rock
3630,385,238,654,rock
3634,386,235,642,rock
3626,390,232,643,rock
3621,476,236,640,rock
3664,378,237,654,rock
3590,380,234,629,rock
3625,387,235,649,rock
3813,386,227,634,rock
3627,398,257,605,rock
3636,239,227,637,rock
3633,369,224,625,rock
3629,388,225,632,rock
3634,369,229,644,rock
3622,354,247,650,rock
3627,333,246,649,rock
3628,352,226,630,rock
3637,334,225,642,rock
3630,332,225,631,rock
3625,373,216,629,rock
3646,373,222,639,rock
3625,402,230,633,rock
3635,385,200,609,rock
3629,400,220,629,rock
3613,405,171,604,rock
3633,405,223,640,rock
3632,445,211,624,rock
3625,424,227,644,rock
3637,452,226,635,rock
3557,456,223,645,rock
3630,442,221,640,rock
3722,456,209,629,rock
3633,431,232,631,rock
3658,417,216,622,rock
3648,435,218,625,rock
3637,425,198,627,rock
3583,415,226,625,rock
3657,396,225,639,rock
3609,402,256,612,rock
3607,400,230,638,rock
3634,398,260,609,rock
3612,382,226,630,rock
3631,396,257,602,rock
3639,385,300,631,rock
3633,383,230,644,rock
3617,369,257,600,rock
3631,371,217,620,rock
3633,373,209,616,rock
3621,342,222,640,rock
3630,313,195,613,rock
3633,366,221,633,rock
3607,370,226,628,rock
3631,358,242,640,rock
3622,351,247,656,rock
3631,362,263,614,rock
3617,331,270,628,rock
3649,373,252,647,rock
3609,378,256,589,rock
3634,370,262,628,rock
3629,371,253,656,rock
3612,366,248,642,rock
3629,393,247,665,rock
3741,370,247,660,rock
3629,404,232,642,rock
3624,366,249,656,rock
3633,349,290,625,rock
3679,358,251,645,rock
3615,370,246,662,rock
3631,364,236,650,rock
3634,347,246,655,rock
3631,366,247,648,rock
3629,372,230,646,rock
3633,369,243,651,rock
3634,396,236,625,rock
3643,335,236,645,rock
3629,379,228,642,rock
3632,348,220,623,rock
3616,353,237,646,rock
3634,355,218,630,rock
3632,349,247,661,rock
3638,344,262,614,rock
3630,356,234,648,rock
3628,366,221,626,rock
3627,326,263,616,rock
3630,359,247,658,rock
3622,365,247,637,rock
3631,346,250,647,rock
3634,302,266,587,rock
3632,339,247,667,rock
3632,343,256,609,rock
3627,322,242,648,rock
3633,363,241,643,rock
3649,390,250,648,rock
3637,363,234,636,rock
3632,368,325,648,rock
3636,362,234,621,rock
3632,359,236,644,rock
3628,344,229,646,rock
3638,360,220,635,rock
3637,357,233,623,rock
3629,355,225,633,rock
3697,353,230,642,rock
3625,351,258,607,rock
3627,347,226,622,rock
3640,342,239,649,rock
3593,342,226,626,rock
3655,344,219,628,rock
3631,346,254,658,rock
3634,352,267,621,rock
3624,345,237,651,rock
3634,340,240,641,rock
3631,335,251,652,rock
3624,338,222,646,rock
3628,343,248,640,rock
3635,320,250,651,rock
3632,317,249,641,rock
3596,325,290,616,rock
3653,340,281,609,rock
3630,309,277,607,rock
3624,347,272,609,rock
3631,320,279,616,rock
3622,311,287,616,rock
3634,358,280,606,rock
3619,327,283,614,rock
3629,322,272,596,rock
3629,303,276,616,rock
3608,335,263,598,rock
3640,349,266,594,rock
3628,317,284,606,rock
3626,303,276,602,rock
3621,312,266,612,rock
3647,314,270,614,rock
3636,334,232,611,rock
3606,344,285,608,rock
3609,311,269,597,rock
3633,301,283,615,rock
3648,305,259,594,rock
3630,301,249,632,rock
3629,296,272,592,rock
3631,297,272,594,rock
3633,285,294,616,rock
3631,293,256,589,rock
3567,304,275,608,rock
3651,314,260,588,rock
3611,370,278,612,rock
3641,350,244,632,rock
3664,336,234,626,rock
3628,272,284,605,rock
3635,375,269,617,rock
3648,226,274,599,rock
3612,336,280,604,rock
3635,326,303,641,rock
3637,361,309,656,rock
3633,378,318,658,rock
3618,385,327,667,rock
3638,393,325,660,rock
3631,398,313,673,rock
3615,362,314,641,rock
3629,375,327,671,rock
3633,384,314,643,rock
3630,372,325,676,rock
3634,383,287,646,rock
3633,378,326,668,rock
3638,365,328,652,rock
3637,350,315,658,rock
3629,344,312,644,rock
3648,358,279,634,rock
3613,325,309,641,rock
3631,346,307,638,rock
3611,339,442,665,rock
3631,336,296,630,rock
3634,343,307,638,rock
3623,350,313,640,rock
3631,347,321,650,rock
3629,352,322,646,rock
3641,353,301,637,rock
3638,357,309,633,rock
3629,365,297,627,rock
3632,325,301,631,rock
3629,348,301,630,rock
3651,344,310,640,rock
3618,347,284,632,rock
3632,348,311,658,rock
3636,347,308,644,rock
3657,334,284,617,rock
3640,352,275,621,rock
3645,339,299,625,rock
3617,351,299,626,rock
3632,324,299,622,rock
3613,329,281,606,rock
3616,300,307,627,rock
3665,322,300,635,rock
3625,292,302,633,rock
3646,355,295,623,rock
3610,305,304,621,rock
3640,308,263,600,rock
3623,305,310,631,rock
3632,302,283,614,rock
3632,300,293,616,rock
3635,297,285,620,rock
3628,296,266,588,rock
3621,315,305,635,rock
3635,292,336,651,rock
3596,291,352,673,rock
3629,334,368,690,rock
3593,317,381,721,rock
3623,317,384,654,rock
3621,347,413,679,rock
3631,335,417,680,rock
3633,334,412,692,rock
3648,341,419,681,rock
3633,340,423,691,rock
3614,356,427,687,rock
3605,360,419,684,rock
3601,346,445,705,rock
3620,362,398,668,rock
3619,337,411,670,rock
3626,340,463,715,rock
3638,341,400,664,rock
3637,339,385,647,rock
3640,344,388,662,rock
3626,377,399,663,rock
3643,371,421,697,rock
3636,424,436,707,rock
3636,359,420,695,rock
3636,385,436,698,rock
3630,379,437,709,rock
3649,379,441,713,rock
3614,400,440,709,rock
3643,417,420,693,rock
3645,396,435,701,rock
3727,423,426,706,rock
3628,395,328,678,rock
3658,397,411,682,rock
3655,415,417,683,rock
3618,396,395,674,rock
3628,390,400,674,rock
3653,401,408,677,rock
3669,385,400,656,rock
3630,389,414,680,rock
3618,389,473,704,rock
3616,395,399,677,rock
3630,394,429,684,rock
3634,404,420,685,rock
3632,401,405,664,rock
3616,389,437,698,rock
3632,387,405,689,rock
3610,394,405,671,rock
3630,377,405,674,rock
3635,374,397,668,rock
3628,375,385,649,rock
3649,358,390,685,rock
3637,397,371,685,rock
3629,380,356,714,rock
3613,380,380,702,rock
3633,380,378,717,rock
3630,378,372,717,rock
3652,353,372,711,rock
3613,363,365,708,rock
3633,355,364,698,rock
3635,352,318,687,rock
3632,378,344,686,rock
3625,355,366,706,rock
3625,345,358,703,rock
3645,376,347,686,rock
3649,388,336,678,rock
3626,392,358,707,rock
3654,416,352,691,rock
3645,403,330,676,rock
3646,396,355,688,rock
3649,384,352,697,rock
3669,373,371,700,rock
3632,397,329,672,rock
3628,405,344,676,rock
3635,419,343,693,rock
3649,415,354,689,rock
3627,420,352,688,rock
3635,413,335,682,rock
3610,402,298,642,rock
3631,408,333,671,rock
3634,415,338,675,rock
3603,397,347,677,rock
3651,404,308,655,rock
3630,393,349,677,rock
3628,396,336,672,rock
3621,417,329,670,rock
3613,416,333,678,rock
3615,421,322,669,rock
3627,432,315,662,rock
3629,400,324,656,rock
3647,406,318,655,rock
3631,420,302,649,rock
3647,434,282,640,rock
3626,428,304,643,rock
3628,422,304,638,rock
3633,420,307,649,rock
3650,417,296,633,rock
3647,435,336,653,rock
3639,406,290,631,rock
3653,426,323,646,rock
3666,369,294,636,rock
3644,394,262,602,rock
3523,389,281,621,rock
3630,385,290,630,rock
3648,367,318,640,rock
3639,378,281,618,rock
3626,383,287,625,rock
3602,385,284,624,rock
3636,388,282,609,rock
3642,384,277,610,rock
3604,377,259,609,rock
3632,380,268,610,rock
3612,372,287,616,rock
3630,379,286,613,rock
3639,410,268,629,rock
3638,374,267,602,rock
3634,355,264,602,rock
3633,483,234,626,rock
3642,364,259,604,rock
3618,362,226,614,rock
3631,348,258,608,rock
3627,348,257,596,rock
3634,367,250,669,rock
3629,360,146,600,rock
3631,346,251,651,rock
3625,324,243,637,rock
3630,346,248,651,rock
3638,339,256,611,rock
3633,343,260,600,rock
3611,344,270,608,rock
3602,378,277,602,rock
3631,393,241,637,rock
3657,383,165,596,rock
3611,403,279,616,rock
3630,409,258,592,rock
3630,430,264,594,rock
3630,437,260,620,rock
3622,348,234,635,rock
3638,403,268,623,rock
3668,387,270,627,rock
3631,408,282,606,rock
3600,408,280,604,rock
3631,403,297,619,rock
3631,406,262,601,rock
3659,394,267,614,rock
3653,411,264,605,rock
3631,397,245,635,rock
3751,400,256,593,rock
3620,381,226,610,rock
3622,393,265,600,rock
3632,377,256,596,rock
3634,357,344,646,rock
3634,350,245,656,rock
3647,360,310,658,rock
3631,385,254,662,rock
3626,363,246,638,rock
3626,362,252,657,rock
3640,359,270,615,rock
3628,360,233,642,rock
3638,341,242,638,rock
3624,345,258,594,rock
3634,330,222,652,rock
3638,348,245,652,rock
3635,354,246,655,rock
3631,366,239,655,rock
3628,393,236,625,rock
3636,371,214,635,rock
3629,362,234,644,rock
3632,354,240,652,rock
3654,357,368,674,rock
3637,355,241,647,rock
3643,366,215,629,rock
3627,350,253,645,rock
3607,361,260,601,rock
3631,355,256,588,rock
3630,356,226,635,rock
3651,352,256,610,rock
3634,329,267,598,rock
3632,352,288,616,rock
3636,360,308,640,rock
3629,354,346,665,rock
3635,358,313,637,rock
3633,352,315,644,rock
3650,337,327,660,rock
3657,350,340,674,rock
3641,343,342,682,rock
3638,332,338,666,rock
3619,379,341,689,rock
3481,353,351,703,rock
3633,363,340,694,rock
3627,361,362,704,rock
3631,364,372,702,rock
3632,347,362,692,rock
3633,357,361,699,rock
3630,415,344,683,rock
3645,369,355,691,rock
3638,352,345,680,rock
3635,361,361,694,rock
3627,336,438,695,rock
3612,341,352,689,rock
3635,329,332,661,rock
3625,326,352,671,rock
3654,330,310,656,rock
3633,338,321,675,rock
3634,358,320,660,rock
3628,326,326,671,rock
3633,337,303,649,rock
3633,304,318,656,rock
3623,305,320,638,rock
3633,365,306,643,rock
3628,322,310,652,rock
3637,412,308,648,rock
3622,331,327,657,rock
3613,326,295,640,rock
3659,324,286,638,rock
3628,332,283,625,rock
3639,317,294,641,rock
3634,310,302,636,rock
3629,320,290,617,rock
3630,328,288,614,rock
3643,296,294,625,rock
3518,325,297,629,rock
3632,323,293,630,rock
3655,317,158,591,rock
3627,321,293,623,rock
3633,313,317,647,rock
3623,295,304,636,rock
3621,309,286,624,rock
3610,307,299,634,rock
3615,307,298,627,rock
3622,335,296,627,rock
3646,309,281,612,rock
3651,303,301,630,rock
3632,311,274,614,rock
3630,321,295,632,rock
3540,304,293,624,rock
3638,301,292,616,rock
3645,306,289,614,rock
3629,307,301,623,rock
3650,310,270,614,rock
3639,332,278,612,rock
3631,344,285,617,rock
3644,330,296,627,rock
3635,347,329,652,rock
3634,345,325,648,rock
3638,350,344,686,rock
3620,368,366,708,rock
3630,370,340,690,rock
3643,369,345,680,rock
3629,358,369,698,rock
3634,252,385,644,rock
3631,348,390,652,rock
3531,351,382,711,rock
3627,361,376,704,rock
3633,341,373,702,rock
3632,346,373,713,rock
3775,341,367,698,rock
3631,348,359,709,rock
3631,332,361,696,rock
3630,329,359,706,rock
3627,346,354,689,rock
3647,335,351,686,rock
3641,350,338,687,rock
3637,359,345,682,rock
3629,346,341,680,rock
3623,316,351,695,rock
3671,332,343,688,rock
3632,339,359,696,rock
3638,325,368,682,rock
3635,350,316,665,rock
3647,317,350,692,rock
3630,325,346,687,rock
3637,330,356,694,rock
3633,327,353,686,rock
3637,327,348,682,rock
3638,323,363,686,rock
3619,322,333,678,rock
3638,307,344,677,rock
3631,322,369,691,rock
3633,310,340,681,rock
3629,312,352,683,rock
3617,302,362,691,rock
3635,319,356,702,rock
3643,330,360,698,rock
3638,330,325,683,rock
3605,364,347,680,rock
3631,340,352,688,rock
3632,318,353,683,rock
3634,316,351,694,rock
3648,321,365,700,rock
3619,322,346,677,rock
3632,339,341,676,rock
3629,330,330,672,rock
3641,334,349,684,rock
3604,330,349,692,rock
3583,337,353,678,rock
3653,334,269,635,rock
3616,330,422,680,rock
3629,329,365,702,rock
3633,286,363,700,rock
3659,329,355,690,rock
3636,324,362,690,rock
3635,321,352,688,rock
3629,315,352,666,rock
3618,311,344,686,rock
3618,338,349,685,rock
3632,318,347,677,rock
3631,298,346,672,rock
3624,326,333,666,rock
3632,321,334,670,rock
3636,305,337,657,rock
3682,296,330,672,rock
3621,290,252,657,rock
3623,305,319,654,rock
3640,303,322,634,rock
3634,297,328,650,rock
3623,301,303,648,rock
3637,294,309,651,rock
3553,317,308,643,rock
3632,287,284,625,rock
3631,271,304,622,rock
3635,363,304,640,rock
3653,313,291,621,rock
3693,284,299,621,rock
3640,282,301,630,rock
3619,278,292,616,rock
3630,278,288,610,rock
3629,288,257,617,rock
3633,272,282,612,rock
3631,279,288,610,rock
3706,284,260,586,rock
3630,302,280,601,rock
3620,285,292,616,rock
3635,291,276,618,rock
3622,299,304,615,rock
3605,287,216,595,rock
3637,248,273,588,rock
3623,292,269,597,rock
3629,295,267,608,rock
3639,306,259,593,rock
3629,289,248,624,rock
3633,302,256,606,rock
3637,305,265,588,rock
3505,315,259,599,rock
3609,334,261,597,rock
3632,312,237,630,rock
3635,310,304,615,rock
3636,395,282,607,rock
3647,340,285,625,rock
3678,358,281,620,rock
3628,330,300,619,rock
3653,340,261,606,rock
3636,330,265,590,rock
3648,312,281,622,rock
3631,314,274,595,rock
3629,342,270,610,rock
3600,334,267,617,rock
3619,341,266,599,rock
3615,332,276,601,rock
3636,328,257,585,rock
3632,327,263,600,rock
3648,324,260,607,rock
3628,323,276,598,rock
3626,332,242,623,rock
3609,328,264,595,rock
3625,362,266,614,rock
3623,345,265,590,rock
3654,351,274,602,rock
3631,358,276,609,rock
3632,352,276,610,rock
3622,376,281,604,rock
3647,367,283,616,rock
3664,359,280,616,rock
3631,355,281,610,rock
3633,360,308,632,rock
3637,321,272,592,rock
3633,349,281,632,rock
3636,363,245,650,rock
3629,354,257,582,rock
3623,351,260,611,rock
3627,340,280,624,rock
3624,338,274,620,rock
3643,341,239,639,rock
3655,332,262,611,rock
3621,416,277,626,rock
3657,333,253,639,rock
3629,405,265,594,rock
3634,334,271,625,rock
3614,331,268,613,rock
3632,329,270,605,rock
3631,323,265,596,rock
3627,301,264,586,rock
3625,340,260,588,rock
3643,315,259,592,rock
3629,298,267,596,rock
3634,306,240,619,rock
3645,312,284,611,rock
3629,312,268,603,rock
3621,306,327,638,rock
3625,306,291,612,rock
3635,169,294,618,rock
3638,299,302,638,rock
3637,301,296,621,rock
3630,301,294,630,rock
3630,305,304,625,rock
3637,291,292,618,rock
3619,290,289,618,rock
3630,272,279,617,rock
3632,285,278,623,rock
3633,297,282,612,rock
3622,281,313,618,rock
3623,303,268,603,rock
3632,299,276,600,rock
3627,321,290,614,rock
3654,304,264,593,rock
3660,295,275,589,rock
3635,307,272,610,rock
3635,324,273,613,rock
3633,321,272,596,rock
3626,301,276,601,rock
3625,295,296,616,rock
3635,334,265,605,rock
3613,314,280,607,rock
3613,340,282,608,rock
3633,345,275,622,rock
3640,307,307,628,rock
3624,328,286,615,rock
3643,347,284,605,rock
3630,366,256,605,rock
3633,376,266,595,rock
3631,371,270,613,rock
3612,359,233,619,rock
3625,395,272,601,rock
3621,381,314,632,rock
3742,388,310,650,rock
3519,414,313,640,rock
3648,422,312,638,rock
3643,417,304,642,rock
3636,427,304,635,rock
3632,422,319,668,rock
3633,423,386,644,rock
3646,465,326,671,rock
3631,417,315,652,rock
3632,398,308,642,rock
3630,409,315,653,rock
3634,411,341,668,rock
3628,416,313,651,rock
3631,395,320,650,rock
3647,379,360,681,rock
3642,402,326,665,rock
3629,394,315,656,rock
3651,387,325,655,rock
3637,341,300,640,rock
3657,392,289,633,rock
3639,465,309,652,rock
3598,388,295,644,rock
3632,381,292,630,rock
3666,375,280,618,rock
3625,383,293,627,rock
3629,466,278,627,rock
3636,385,290,628,rock
3651,369,291,627,rock
3633,373,383,690,rock
3649,378,269,610,rock
3625,372,296,627,rock
3629,362,289,622,rock
3635,369,293,634,rock
3643,362,287,622,rock
3626,369,303,633,rock
3627,346,312,628,rock
3633,288,286,624,rock
3632,375,288,619,rock
3632,381,264,624,rock
3636,336,283,612,rock
3638,397,281,614,rock
3696,371,278,625,rock
3630,364,273,605,rock
3659,360,132,571,rock
3628,385,272,609,rock
3633,353,280,602,rock
3646,345,253,648,rock
3579,335,251,621,rock
3630,361,231,629,rock
3627,382,282,610,rock
3635,395,282,620,rock
3627,402,258,595,rock
3655,399,379,685,rock
3620,403,258,592,rock
3636,367,257,582,rock
3635,387,259,604,rock
3633,396,261,606,rock
3637,421,256,593,rock
3629,388,296,606,rock
3614,388,264,599,rock
3622,376,264,608,rock
3632,391,250,632,rock
3632,373,237,625,rock
3621,370,256,591,rock
3627,375,260,590,rock
3625,370,256,596,rock
3595,368,256,607,rock
3614,367,256,600,rock
3635,373,244,633,rock
3609,363,249,649,rock
3622,379,234,648,rock
3631,357,248,655,rock
3643,349,248,643,rock
3645,347,247,655,rock
3639,335,234,645,rock
3628,343,224,625,rock
3618,347,295,644,rock
3632,352,240,632,rock
3633,338,251,642,rock
3633,331,237,628,rock
3597,330,232,630,rock
3625,343,238,655,rock
3609,335,253,638,rock
3634,335,239,648,rock
3633,330,204,630,rock
3631,326,261,600,rock
3619,317,276,603,rock
3636,326,288,610,rock
3644,363,286,624,rock
3588,353,296,618,rock
3635,379,297,620,rock
3628,386,298,624,rock
3621,370,298,641,rock
3631,377,326,667,rock
3625,365,332,668,rock
3633,363,322,665,rock
3632,375,317,670,rock
3636,370,319,677,rock
3633,369,348,685,rock
3619,346,355,693,rock
3630,345,340,683,rock
3621,325,343,687,rock
3631,310,371,693,rock
3569,354,364,707,rock
3643,328,369,700,rock
3636,345,348,688,rock
3782,344,357,696,rock
3635,342,329,679,rock
3632,334,359,692,rock
3636,335,346,668,rock
3636,324,325,669,rock
3645,322,317,668,rock
3633,320,336,666,rock
3631,323,335,675,rock
3610,318,322,655,rock
3658,314,329,653,rock
3616,290,336,661,rock
3654,306,314,654,rock
3630,293,327,658,rock
3621,320,334,670,rock
3637,291,323,658,rock
3633,329,320,648,rock
3633,328,317,654,rock
3630,334,327,657,rock
3636,376,314,635,rock
3629,340,318,650,rock
3631,338,323,644,rock
3631,323,297,632,rock
3637,324,284,617,rock
3670,323,301,638,rock
3600,327,288,614,rock
3607,323,276,608,rock
3617,317,300,630,rock
3632,316,280,612,rock
3614,312,248,636,rock
3607,306,346,655,rock
3652,305,264,596,rock
3612,308,288,604,rock
3622,300,253,637,rock
3620,305,282,613,rock
3631,311,264,596,rock
3658,300,305,621,rock
3645,306,274,613,rock
3637,348,277,613,rock
3651,319,277,627,rock
3631,328,270,621,rock
3629,344,261,601,rock
3625,329,297,617,rock
3620,345,284,608,rock
3579,338,265,584,rock
3632,355,279,613,rock
3632,351,265,596,rock
3635,340,302,628,rock
3628,342,275,600,rock
3624,342,286,619,rock
3638,336,280,610,rock
3624,344,299,630,rock
3635,339,288,621,rock
3608,333,305,623,rock
3668,353,302,635,rock
3624,340,304,629,rock
3630,337,328,636,rock
3657,356,301,640,rock
3639,312,325,659,rock
3638,336,324,660,rock
3636,423,349,684,rock
3633,328,360,682,rock
3633,325,340,668,rock
3616,339,298,647,rock
3629,358,324,665,rock
3647,388,321,667,rock
3641,394,389,655,rock
3630,408,336,673,rock
3634,410,327,669,rock
3636,392,329,659,rock
3628,404,318,658,rock
3633,394,282,625,rock
3631,396,335,664,rock
3615,382,322,656,rock
3625,397,315,649,rock
3633,408,326,667,rock
3626,391,333,675,rock
3634,415,355,690,rock
3632,419,357,700,rock
3616,412,367,716,rock
3657,412,465,705,rock
3629,421,333,691,rock
3633,400,369,695,rock
3675,393,332,678,rock
3629,403,349,705,rock
3629,460,350,705,rock
3578,399,371,700,rock
3603,395,366,704,rock
3631,391,347,694,rock
3631,377,383,717,rock
3646,395,374,715,rock
3631,381,356,689,rock
3655,375,368,696,rock
3616,375,345,685,rock
3623,369,361,692,rock
3641,385,364,694,rock
3639,363,363,704,rock
3616,385,364,702,rock
3628,381,354,701,rock
3636,434,361,699,rock
3632,319,364,708,rock
3625,445,360,675,rock
3641,443,352,688,rock
3633,468,327,697,rock
3629,477,350,703,rock
3631,487,344,682,rock
3653,495,324,677,rock
3621,476,351,701,rock
3632,485,334,687,rock
3631,600,316,679,rock
3636,479,323,669,rock
3635,410,339,674,rock
3630,474,326,681,rock
3634,465,313,656,rock
3641,466,322,661,rock
3630,446,311,659,rock
3586,456,313,643,rock
3634,470,313,645,rock
3653,457,314,650,rock
3629,439,345,660,rock
3648,452,303,653,rock
3635,442,304,631,rock
3629,444,313,638,rock
3634,438,295,650,rock
3646,439,292,633,rock
3634,404,302,646,rock
3663,423,299,636,rock
3650,415,396,643,rock
3655,422,276,615,rock
3607,406,296,624,rock
3629,413,269,616,rock
3635,435,299,635,rock
3651,429,306,638,rock
3628,447,306,640,rock
3664,435,283,629,rock
3626,461,289,633,rock
3758,433,300,641,rock
3606,428,296,624,rock
3633,408,298,656,rock
3646,427,303,646,rock
3630,423,304,634,rock
3620,437,300,646,rock
3627,410,285,623,rock
3634,419,280,615,rock
3625,434,301,643,rock
3516,422,292,620,rock
3626,460,268,617,rock
3640,440,273,614,rock
3609,429,299,635,rock
3627,416,316,638,rock
3636,409,304,634,rock
3637,427,309,661,rock
3631,426,329,663,rock
3629,425,332,662,rock
3632,424,307,641,rock
3633,418,310,658,rock
3635,429,313,649,rock
3499,407,315,648,rock
3638,411,292,645,rock
3634,451,309,677,rock
3629,336,335,667,rock
3636,432,321,659,rock
3629,413,317,659,rock
3655,411,314,648,rock
3640,408,310,650,rock
3615,401,304,643,rock
3654,382,306,647,rock
3653,395,306,632,rock
3659,372,316,646,rock
3660,385,301,651,rock
3633,391,304,631,rock
3625,394,298,631,rock
3644,409,291,627,rock
3631,436,288,623,rock
3635,439,288,620,rock
3646,451,271,626,rock
3669,448,277,620,rock
3633,443,256,599,rock
3617,456,248,642,rock
3649,433,273,610,rock
3648,453,203,613,rock
3655,467,269,614,rock
3639,461,256,599,rock
3659,454,274,614,rock
3591,447,274,608,rock
3726,424,267,608,rock
3628,441,279,615,rock
3633,423,264,599,rock
3625,421,301,622,rock
3634,440,257,593,rock
3635,444,260,607,rock
3631,418,258,588,rock
3633,410,251,657,rock
3629,407,269,622,rock
3640,405,251,644,rock
3607,406,249,642,rock
3659,388,228,640,rock
3630,396,237,653,rock
3630,402,354,666,rock
3626,354,248,648,rock
3629,378,244,636,rock
3652,375,246,656,rock
3605,376,247,645,rock
3631,375,236,636,rock
3746,372,251,647,rock
3630,362,249,646,rock
3647,393,268,618,rock
3647,362,238,634,rock
3637,335,268,597,rock
3636,355,258,593,rock
3620,365,258,609,rock
3649,357,262,602,rock
3649,356,128,561,rock
3630,356,258,600,rock
3617,350,260,609,rock
3638,374,262,604,rock
3624,363,247,642,rock
3633,357,260,600,rock
3630,328,299,629,rock
3645,334,298,636,rock
3628,344,309,642,rock
3626,340,311,654,rock
3641,354,314,626,rock
3642,309,322,656,rock
3630,331,325,665,rock
3602,329,309,651,rock
3633,314,314,643,rock
3640,337,325,659,rock
3638,348,313,644,rock
3627,353,284,634,rock
3638,348,299,627,rock
3615,341,307,640,rock
3636,423,308,646,rock
3640,340,309,642,rock
3630,327,300,637,rock
3631,357,294,631,rock
3631,353,297,624,rock
3632,309,305,628,rock
3637,398,297,610,rock
3631,329,305,621,rock
3631,334,305,624,rock
3658,334,273,604,rock
3630,339,294,633,rock
3633,341,285,619,rock
3635,346,291,625,rock
3638,359,300,626,rock
3633,332,290,618,rock
3644,318,315,637,rock
3640,298,298,613,rock
3633,338,290,620,rock
3632,298,279,610,rock
3630,332,263,609,rock
3629,311,297,646,rock
3624,345,288,627,rock
3631,326,286,634,rock
3633,325,286,627,rock
3631,325,283,623,rock
3629,319,307,641,rock
3617,300,321,651,rock
3614,337,315,647,rock
3631,325,307,640,rock
3558,334,293,635,rock
3630,292,320,645,rock
3628,256,330,638,rock
3639,336,323,648,rock
3649,334,321,653,rock
3631,320,347,662,rock
3634,198,322,646,rock
3634,315,320,644,rock
3631,326,324,662,rock
3617,319,326,664,rock
3631,325,332,668,rock
3625,312,351,681,rock
3626,314,383,692,rock
3630,313,330,652,rock
3633,309,294,643,rock
3603,313,338,657,rock
3641,289,339,663,rock
3637,308,336,666,rock
3634,297,307,660,rock
3636,263,330,670,rock
3631,305,344,677,rock
3640,298,344,674,rock
3634,315,339,675,rock
3618,231,339,672,rock
3635,316,338,661,rock
3618,310,334,667,rock
3627,325,330,661,rock
3631,306,323,662,rock
3702,306,326,662,rock
3616,310,342,678,rock
3618,296,329,658,rock
3649,275,334,664,rock
3635,273,320,644,rock
3629,330,323,650,rock
3632,288,298,632,rock
3619,290,314,638,rock
3626,304,299,620,rock
3628,283,290,625,rock
3633,342,302,636,rock
3632,275,298,622,rock
3630,273,278,616,rock
3614,268,304,624,rock
3640,268,316,643,rock
3633,260,297,635,rock
3620,265,327,659,rock
3631,292,325,658,rock
3633,264,341,668,rock
3629,220,344,665,rock
3610,269,326,662,rock
3610,300,354,676,rock
3632,267,338,660,rock
3631,284,340,669,rock
3633,282,313,654,rock
3656,286,351,688,rock
3636,279,381,708,rock
3638,269,349,667,rock
3645,273,316,661,rock
3631,272,350,686,rock
3618,273,344,672,rock
3641,282,341,681,rock
3618,279,336,652,rock
3642,258,330,660,rock
3612,280,330,661,rock
3633,274,323,663,rock
3631,269,324,659,rock
3626,248,323,662,rock
3644,258,309,638,rock
3633,265,313,643,rock
3631,268,321,646,rock
3633,269,321,643,rock
3605,277,313,647,rock
3599,284,326,663,rock
3646,285,264,628,rock
3654,288,331,662,rock
3665,297,337,660,rock
3642,286,319,664,rock
3618,284,436,682,rock
3633,291,312,654,rock
3651,305,314,651,rock
3641,315,334,673,rock
3628,282,334,669,rock
3631,289,333,666,rock
3629,308,332,670,rock
3629,295,332,654,rock
3631,321,310,662,rock
3649,326,258,610,rock
3636,336,322,657,rock
3611,333,331,662,rock
3636,346,307,640,rock
3632,345,330,653,rock
3633,352,315,648,rock
3644,356,312,632,rock
3622,375,326,659,rock
3620,345,310,640,rock
3726,352,308,644,rock
3645,375,305,631,rock
3630,347,305,633,rock
3629,343,301,639,rock
3631,340,324,658,rock
3629,335,329,654,rock
3625,335,232,639,rock
3648,358,312,645,rock
3638,328,344,643,rock
3633,326,339,649,rock
3629,333,327,664,rock
3634,338,322,649,rock
3634,344,334,677,rock
3625,342,314,640,rock
3630,357,321,648,rock
3634,338,316,639,rock
3605,337,293,632,rock
3622,359,282,628,rock
3658,364,294,642,rock
3631,371,311,657,rock
3624,378,327,665,rock
3634,359,302,638,rock
3631,359,307,643,rock
3606,355,301,644,rock
3645,238,283,618,rock
3631,344,311,643,rock
3621,354,294,628,rock
3601,346,285,622,rock
3657,353,273,600,rock
3628,345,288,632,rock
3635,293,284,617,rock
3651,334,281,603,rock
3630,328,284,618,rock
3601,330,291,626,rock
3638,292,321,640,rock
3631,330,319,663,rock
3717,321,341,675,rock
3634,304,351,688,rock
3629,329,355,695,rock
3631,302,352,685,rock
3635,325,379,711,rock
3615,330,363,690,rock
3639,326,392,651,rock
3603,339,398,664,rock
3643,336,361,673,rock
3630,315,378,686,rock
3637,304,376,718,rock
3629,311,396,680,rock
3645,295,403,681,rock
3635,366,369,708,rock
3652,290,366,702,rock
3626,300,366,712,rock
3608,305,352,684,rock
3634,307,364,701,rock
3617,297,359,688,rock
3633,293,355,697,rock
3641,296,354,679,rock
3633,296,347,680,rock
3636,305,362,680,rock
3633,308,338,680,rock
3636,347,348,679,rock
3629,313,348,686,rock
3641,301,312,668,rock
3643,301,342,682,rock
3635,293,341,667,rock
3647,339,337,667,rock
3633,291,341,673,rock
3636,289,337,679,rock
3633,152,329,656,rock
3633,285,292,643,rock
3639,251,331,649,rock
3646,283,332,668,rock
3631,301,348,670,rock
3631,294,331,661,rock
3644,303,322,654,rock
3625,394,318,652,rock
3632,298,320,633,rock
3635,283,316,648,rock
3622,292,315,647,rock
3612,289,315,652,rock
3609,311,320,643,rock
3688,322,311,651,rock
3639,318,309,650,rock
3631,319,306,632,rock
3627,328,304,633,rock
3627,311,304,625,rock
3629,297,302,635,rock
3598,315,266,604,rock
3633,308,296,619,rock
3636,303,280,611,rock
3631,302,283,619,rock
3581,299,262,603,rock
3633,300,293,626,rock
3741,318,270,618,rock
3602,282,293,625,rock
3631,275,271,613,rock
3634,288,312,612,rock
3628,290,280,614,rock
3631,267,295,619,rock
3634,267,294,626,rock
3635,293,279,619,rock
3640,306,281,620,rock
3628,322,286,630,rock
3636,358,287,638,rock
3630,316,265,596,rock
3610,299,283,605,rock
3613,296,280,603,rock
3625,296,278,618,rock
3633,307,285,618,rock
3650,298,281,617,rock
3632,302,314,628,rock
3645,314,307,638,rock
3632,307,316,641,rock
3632,302,311,645,rock
3631,300,306,638,rock
3629,297,281,620,rock
3646,311,284,625,rock
3630,294,298,628,rock
3634,323,308,652,rock
3636,327,275,628,rock
3617,428,304,638,rock
3632,334,307,633,rock
3628,307,312,629,rock
3623,329,296,611,rock
3634,325,295,632,rock
3634,316,261,608,rock
3631,321,288,616,rock
3634,313,286,620,rock
3630,322,262,606,rock
3603,319,297,617,rock
3651,306,256,590,rock
3631,317,289,611,rock
3644,282,297,615,rock
3626,312,287,626,rock
3660,302,284,616,rock
3628,326,304,621,rock
3631,297,300,618,rock
3709,326,282,603,rock
3627,329,273,608,rock
3630,347,279,622,rock
3634,325,295,620,rock
3631,329,281,607,rock
3631,322,279,621,rock
3632,346,264,602,rock
3620,341,256,593,rock
3631,341,272,607,rock
3637,375,261,608,rock
3691,364,266,616,rock
3609,344,272,598,rock
3632,364,261,594,rock
3637,331,314,622,rock
3631,330,278,615,rock
3640,304,268,602,rock
3632,327,271,609,rock
3616,321,98,590,rock
3627,324,253,644,rock
3632,315,246,635,rock
3640,317,256,607,rock
3649,312,231,632,rock
3633,321,256,590,rock
3635,330,285,640,rock
3639,367,247,661,rock
3638,342,237,649,rock
3657,320,244,652,rock
3648,357,247,652,rock
3575,351,243,638,rock
3633,323,246,653,rock
3616,323,250,649,rock
3612,339,246,654,rock
3630,313,237,644,rock
3639,322,243,652,rock
3614,320,244,635,rock
3661,316,220,622,rock
3630,319,237,646,rock
3630,321,240,635,rock
3645,329,232,635,rock
3632,317,260,609,rock
3645,316,246,652,rock
3618,311,234,632,rock
3619,308,249,643,rock
3628,309,231,643,rock
3642,308,218,616,rock
3648,290,222,632,rock
3631,310,205,610,rock
3624,302,247,654,rock
3629,346,241,639,rock
3648,351,226,629,rock
3761,416,232,644,rock
3653,434,230,648,rock
3631,431,227,636,rock
3665,430,210,627,rock
3601,463,222,637,rock
3633,472,217,644,rock
3628,510,212,627,rock
3638,466,239,655,rock
3634,474,222,648,rock
3628,437,220,630,rock
3650,450,223,634,rock
3607,442,217,625,rock
3628,443,224,636,rock
3634,432,248,643,rock
3619,445,210,631,rock
3487,433,228,632,rock
3777,440,230,646,rock
3633,455,213,631,rock
3586,458,239,648,rock
3634,451,225,654,rock
3614,472,249,664,rock
3630,445,242,652,rock
3635,448,225,645,rock
3630,448,207,641,rock
3631,429,249,635,rock
3634,427,239,659,rock
3654,435,242,653,rock
3630,395,226,641,rock
3639,416,238,644,rock
3627,392,269,630,rock
3629,305,264,614,rock
3650,402,236,632,rock
3656,365,274,599,rock
3628,384,263,600,rock
3631,383,270,607,rock
3618,380,272,595,rock
3635,377,290,629,rock
3633,373,280,634,rock
3608,393,306,628,rock
3634,377,284,617,rock
3600,375,289,620,rock
3632,368,286,624,rock
3640,382,274,613,rock
3630,358,281,606,rock
3613,356,337,652,rock
3641,247,269,608,rock
3641,343,313,628,rock
3630,347,291,612,rock
3695,351,279,628,rock
3665,353,270,610,rock
3631,348,272,595,rock
3636,373,276,613,rock
3633,345,265,604,rock
3626,354,268,603,rock
3632,353,267,602,rock
3632,349,269,620,rock
3633,362,231,630,rock
3630,371,262,619,rock
3620,363,259,591,rock
3635,351,254,652,rock
3627,341,260,604,rock
3633,350,234,638,rock
3636,408,254,650,rock
3626,338,265,592,rock
3632,343,281,595,rock
3610,341,272,617,rock
3623,367,259,591,rock
3619,325,276,616,rock
3768,359,277,621,rock
3635,348,267,606,rock
3633,350,295,634,rock
3629,348,283,615,rock
3618,351,296,624,rock
3660,337,285,624,rock
3630,360,310,636,rock
3621,400,320,642,rock
3631,355,307,636,rock
3636,364,279,641,rock
3632,358,318,658,rock
3631,374,312,641,rock
3605,348,389,643,rock
3643,357,282,630,rock
3770,347,311,658,rock
3653,341,420,663,rock
3637,345,306,649,rock
3647,352,198,626,rock
3653,363,302,633,rock
3652,350,302,643,rock
3760,363,297,625,rock
3630,357,296,626,rock
3631,392,298,628,rock
3623,384,245,649,rock
3631,384,294,637,rock
3643,375,280,611,rock
3637,366,394,636,rock
3597,375,312,632,rock
3627,389,317,645,rock
3639,359,294,637,rock
3666,381,297,629,rock
3629,372,298,629,rock
3630,352,277,612,rock
3595,385,287,626,rock
3599,364,287,625,rock
3618,380,288,620,rock
3646,335,293,639,rock
3635,348,298,621,rock
3632,332,291,621,rock
3638,358,294,633,rock
3646,329,357,666,rock
3611,338,287,620,rock
3628,353,279,619,rock
3635,347,296,615,rock
3628,310,280,610,rock
3627,320,302,630,rock
3631,328,283,607,rock
3643,306,316,634,rock
3643,326,284,626,rock
3638,317,286,622,rock
3633,316,256,594,rock
3617,318,278,612,rock
3622,312,295,618,rock
3630,313,267,603,rock
3632,309,291,619,rock
3652,342,279,610,rock
3631,318,281,595,rock
3633,370,266,601,rock
3633,387,300,628,rock
3634,364,285,626,rock
3638,301,285,608,rock
3632,393,310,630,rock
3695,423,288,630,rock
3647,407,287,629,rock
3652,443,289,620,rock
3667,379,293,637,rock
3617,411,284,615,rock
3628,416,282,625,rock
3633,410,260,605,rock
3598,407,315,638,rock
3630,402,311,649,rock
3629,399,297,627,rock
3605,398,284,623,rock
3629,397,300,636,rock
3648,400,286,641,rock
3635,402,313,652,rock
3619,407,356,686,rock
3626,414,338,662,rock
3652,417,266,636,rock
3635,417,348,688,rock
3635,410,369,697,rock
3633,430,342,679,rock
3631,429,330,666,rock
3679,437,329,675,rock
3740,421,326,670,rock
3632,413,336,660,rock
3633,419,302,649,rock
3617,405,317,661,rock
3632,401,312,649,rock
3662,402,311,653,rock
3512,404,293,640,rock
3632,400,308,646,rock
3634,379,322,654,rock
3637,390,297,632,rock
3620,390,289,633,rock
3634,383,332,657,rock
3644,390,369,675,rock
3631,400,314,640,rock
3638,451,306,637,rock
3611,396,298,641,rock
3628,380,299,626,rock
3683,390,300,628,rock
3633,418,299,631,rock
3629,399,293,627,rock
3669,392,296,630,rock
3635,386,291,627,rock
3623,383,317,654,rock
3624,351,295,639,rock
3624,374,296,618,rock
3631,365,316,641,rock
3633,470,267,612,rock
3633,373,293,628,rock
3630,373,292,625,rock
3634,391,302,636,rock
3629,400,314,638,rock
3618,390,281,617,rock
3638,388,275,628,rock
3631,384,365,672,rock
3631,384,304,627,rock
3621,492,308,650,rock
3629,389,310,654,rock
3660,360,306,638,rock
3621,396,305,646,rock
3621,405,336,655,rock
3630,398,344,662,rock
3607,400,326,653,rock
3638,298,312,664,rock
3665,399,312,643,rock
3627,396,313,643,rock
3604,401,316,654,rock
3634,402,324,652,rock
3643,379,329,660,rock
3624,397,316,653,rock
3635,390,324,652,rock
3632,392,313,640,rock
3633,441,283,626,rock
3631,410,268,616,rock
3627,378,303,649,rock
3632,377,306,639,rock
3629,372,298,633,rock
3633,368,298,625,rock
3629,367,285,626,rock
3644,356,294,635,rock
3631,376,273,622,rock
3637,340,288,617,rock
3656,367,304,625,rock
3630,359,289,624,rock
3617,350,292,623,rock
3631,342,287,620,rock
3641,345,281,617,rock
3638,341,285,634,rock
3642,359,276,615,rock
3619,335,287,619,rock
3658,346,273,598,rock
3627,325,279,611,rock
3630,331,308,628,rock
3645,321,293,624,rock
3612,333,285,622,rock
3628,328,282,610,rock
3629,339,281,609,rock
3632,324,269,603,rock
3712,300,274,592,rock
3630,327,281,604,rock
3618,302,269,601,rock
3634,239,289,598,rock
3632,328,251,632,rock
3635,315,272,594,rock
3494,332,268,612,rock
3618,333,274,602,rock
3633,333,268,600,rock
3651,343,274,599,rock
3609,332,268,603,rock
3648,324,274,596,rock
3620,319,266,598,rock
3617,303,268,599,rock
3630,320,269,617,rock
3599,316,276,606,rock
3630,302,269,603,rock
3628,328,151,582,rock
3624,338,309,626,rock
3600,316,286,619,rock
3635,364,286,621,rock
3631,325,284,617,rock
3620,346,445,660,rock
3636,342,302,627,rock
3636,376,280,610,rock
3629,346,281,610,rock
3664,348,278,613,rock
3628,340,308,627,rock
3632,336,266,601,rock
3629,349,277,609,rock
3633,328,269,603,rock
3640,341,273,602,rock
3629,301,267,593,rock
3624,319,260,602,rock
3623,311,280,600,rock
3648,290,277,618,rock
3631,345,274,602,rock
3634,323,273,602,rock
3650,319,254,638,rock
3619,308,243,628,rock
3628,312,302,632,rock
3622,292,315,639,rock
3581,306,296,613,rock
3627,291,289,617,rock
3647,306,308,625,rock
3640,302,337,656,rock
3634,303,295,642,rock
3634,302,314,641,rock
3641,294,328,645,rock
3625,273,322,643,rock
3627,294,311,652,rock
3563,295,318,654,rock
3635,268,314,643,rock
3625,293,262,612,rock
3653,287,300,632,rock
3633,266,316,640,rock
3633,287,340,650,rock
3621,302,308,645,rock
3632,298,317,638,rock
3599,284,338,672,rock
3657,187,338,655,rock
3633,290,333,669,rock
3631,298,336,673,rock
3641,269,341,678,rock
3625,296,371,696,rock
3635,301,318,663,rock
3630,302,338,667,rock
3643,302,336,664,rock
3632,302,329,658,rock
3634,305,319,661,rock
3631,284,326,659,rock
3653,283,199,641,rock
3629,274,347,666,rock
3645,289,315,661,rock
3609,300,320,646,rock
3756,284,324,653,rock
3581,298,322,654,rock
3630,315,318,652,rock
3632,307,320,639,rock
3655,290,316,641,rock
3663,310,304,633,rock
3624,336,341,655,rock
3631,352,296,633,rock
3645,346,314,649,rock
3627,332,299,635,rock
3632,374,283,613,rock
3646,405,326,654,rock
3628,363,304,630,rock
3629,395,295,638,rock
3637,395,281,618,rock
3640,394,292,616,rock
3635,407,267,608,rock
3638,363,278,619,rock
3624,382,297,629,rock
3626,381,298,626,rock
3628,379,295,644,rock
3631,393,318,632,rock
3660,367,270,623,rock
3767,366,290,624,rock
3651,359,292,624,rock
3634,357,282,610,rock
3639,349,289,612,rock
3635,347,277,619,rock
3647,351,281,606,rock
3615,352,276,613,rock
3636,366,297,618,rock
3638,374,260,604,rock
3650,351,270,606,rock
3611,365,278,607,rock
3656,345,249,644,rock
3637,344,276,598,rock
3643,345,278,616,rock
3630,367,244,642,rock
3490,334,279,613,rock
3622,429,277,631,rock
3629,328,270,616,rock
3641,324,307,620,rock
3631,336,281,608,rock
3634,345,275,599,rock
3632,333,308,628,rock
3598,334,266,603,rock
3632,322,271,613,rock
3649,334,280,620,rock
3631,318,274,617,rock
3652,336,285,625,rock
3636,320,301,632,rock
3641,340,285,628,rock
3502,320,299,638,rock
3624,318,309,652,rock
3631,320,296,622,rock
3633,295,308,617,rock
3631,304,299,623,rock
3633,308,299,625,rock
3632,313,296,630,rock
3633,320,301,635,rock
3633,340,297,628,rock
3615,332,307,640,rock
3633,340,304,636,rock
3666,340,316,646,rock
3653,342,295,644,rock
3632,333,309,663,rock
3625,354,313,650,rock
3638,309,320,646,rock
3630,243,322,640,rock
3635,475,320,647,rock
3618,361,315,644,rock
3631,344,328,657,rock
3630,328,356,675,rock
3654,341,322,655,rock
3651,330,206,636,rock
3636,331,332,654,rock
3634,328,311,654,rock
3650,323,282,626,rock
3615,320,392,632,rock
3638,317,303,644,rock
3614,345,278,626,rock
3638,319,309,646,rock
3613,305,317,652,rock
3634,330,307,637,rock
3649,311,307,631,rock
3633,311,273,616,rock
3624,300,301,638,rock
3656,301,302,638,rock
3647,308,321,642,rock
3631,313,294,637,rock
3632,335,254,652,rock
3648,308,292,618,rock
3601,304,289,614,rock
3634,312,286,624,rock
3645,317,263,609,rock
3634,304,284,612,rock
3630,291,290,620,rock
3636,313,278,609,rock
3616,312,272,598,rock
3630,307,145,567,rock
3632,299,276,603,rock
3635,309,275,615,rock
3658,307,272,604,rock
3630,265,277,600,rock
3634,270,270,599,rock
3622,290,208,606,rock
3656,291,158,585,rock
3634,317,278,607,rock
3561,317,277,617,rock
3658,307,283,616,rock
3623,303,283,609,rock
3631,295,259,592,rock
3630,301,274,608,rock
3632,293,289,618,rock
3637,301,273,613,rock
3632,300,269,606,rock
3636,352,269,603,rock
3625,322,273,603,rock
3653,253,238,628,rock
3636,338,243,623,rock
3628,342,264,592,rock
3616,352,264,604,rock
3614,341,260,591,rock
3636,359,266,597,rock
3633,332,272,625,rock
3632,341,251,635,rock
3634,321,289,622,rock
3652,338,235,624,rock
3628,338,307,615,rock
3633,343,289,620,rock
3667,320,304,640,rock
3637,340,327,661,rock
3616,339,316,642,rock
3630,451,283,632,rock
3631,333,289,632,rock
3624,330,322,651,rock
3633,326,318,664,rock
3612,320,391,649,rock
3635,328,317,655,rock
3639,326,325,653,rock
3637,311,320,652,rock
3614,316,173,625,rock
3632,317,314,657,rock
3600,318,324,657,rock
3627,320,327,669,rock
3626,314,310,651,rock
3627,305,317,650,rock
3632,309,334,670,rock
3626,305,313,628,rock
3631,322,332,660,rock
3633,304,321,655,rock
3638,281,326,660,rock
3631,278,326,680,rock
3636,319,315,651,rock
3635,286,318,651,rock
3606,296,310,645,rock
3641,286,296,624,rock
3632,296,314,646,rock
3633,296,317,653,rock
3634,291,300,634,rock
3630,291,298,628,rock
3633,289,309,643,rock
3651,284,308,649,rock
3641,307,327,656,rock
3633,317,300,645,rock
3636,339,333,668,rock
3632,351,339,672,rock
3637,338,308,650,rock
3631,361,336,670,rock
3590,326,326,666,rock
3635,351,327,673,rock
3641,411,327,676,rock
3645,363,305,648,rock
3635,362,303,643,rock
3635,356,284,632,rock
3640,356,316,647,rock
3606,368,304,640,rock
3574,349,311,656,rock
3648,345,292,627,rock
3632,345,305,637,rock
3631,343,302,640,rock
3619,339,328,640,rock
3628,359,268,613,rock
3714,336,297,619,rock
3632,334,312,627,rock
3650,323,279,615,rock
3638,347,181,613,rock
3630,365,285,621,rock
3634,382,271,621,rock
3626,395,284,628,rock
3639,384,290,619,rock
3630,390,268,608,rock
3633,390,300,627,rock
3632,399,291,623,rock
3636,413,294,643,rock
3664,429,297,632,rock
3653,427,382,687,rock
3632,414,301,631,rock
3629,405,300,639,rock
3649,410,302,639,rock
3663,409,293,644,rock
3632,382,315,648,rock
3630,400,301,653,rock
3637,420,335,684,rock
3606,395,332,670,rock
3632,386,314,663,rock
3783,368,328,656,rock
3638,396,316,654,rock
3647,360,319,659,rock
3631,378,303,656,rock
3637,381,288,636,rock
3644,375,323,661,rock
3639,365,327,674,rock
3637,358,333,670,rock
3636,402,333,674,rock
3634,356,337,669,rock
3631,353,345,683,rock
3635,349,344,689,rock
3663,339,325,667,rock
3627,343,361,682,rock
3629,339,298,651,rock
3641,378,312,659,rock
3650,330,340,672,rock
3634,341,330,661,rock
3632,333,309,653,rock
3631,339,322,655,rock
3636,318,338,669,rock
3631,326,355,666,rock
3643,320,320,642,rock
3634,301,347,659,rock
3649,315,316,650,rock
3633,311,284,629,rock
3645,287,317,645,rock
3632,308,310,640,rock
3630,302,305,634,rock
3633,285,303,634,rock
3754,301,302,640,rock
3607,282,298,620,rock
3630,317,305,630,rock
3595,309,280,604,rock
3600,315,298,616,rock
3632,333,296,628,rock
3621,339,298,625,rock
3743,307,295,629,rock
3634,321,291,615,rock
3621,315,303,632,rock
3649,296,288,607,rock
3681,340,290,612,rock
3632,335,276,617,rock
3630,320,260,598,rock
3633,353,293,636,rock
3638,362,283,613,rock
3633,352,265,603,rock
3620,333,270,604,rock
3629,361,285,617,rock
3614,336,251,640,rock
3634,324,277,617,rock
3622,326,275,604,rock
3632,319,290,604,rock
3618,314,443,657,rock
3635,300,231,638,rock
3795,317,282,601,rock
3627,313,280,600,rock
3630,306,283,617,rock
3633,310,290,613,rock
3625,298,284,607,rock
3635,303,284,633,rock
3630,306,286,622,rock
3630,312,298,622,rock
3643,309,285,632,rock
3615,307,281,600,rock
3635,309,270,610,rock
3633,300,279,619,rock
3659,299,258,601,rock
3628,421,250,643,rock
3585,304,274,609,rock
3637,303,272,599,rock
3660,301,269,618,rock
3633,297,257,586,rock
3628,397,276,626,rock
3633,306,286,614,rock
3633,296,311,645,rock
3628,291,316,640,rock
3631,298,314,651,rock
3634,294,286,637,rock
3589,289,308,635,rock
3646,267,378,679,rock
3630,283,310,649,rock
3631,285,330,655,rock
3651,306,294,643,rock
3602,288,324,664,rock
3629,295,328,653,rock
3747,270,324,652,rock
3625,273,320,631,rock
3584,256,341,652,rock
3634,270,314,641,rock
3632,271,312,634,rock
3631,269,309,652,rock
3618,272,295,644,rock
3634,235,313,634,rock
3638,263,304,630,rock
3630,257,306,636,rock
3631,230,309,634,rock
3629,236,304,625,rock
3629,273,288,617,rock
3623,308,289,622,rock
3631,275,293,622,rock
3647,276,288,616,rock
3629,274,264,596,rock
3644,289,298,617,rock
3626,251,289,605,rock
3631,287,288,608,rock
3619,285,305,619,rock
3667,287,290,619,rock
3632,310,275,612,rock
3626,297,299,627,rock
3637,304,276,608,rock
3634,313,256,592,rock
3644,303,285,619,rock
3636,323,281,615,rock
3653,304,290,619,rock
3631,315,305,630,rock
3628,306,332,646,rock
3639,309,208,630,rock
3635,328,321,645,rock
3631,322,313,642,rock
3641,321,270,631,rock
3636,275,298,636,rock
3616,302,292,636,rock
3614,325,337,654,rock
3651,331,306,638,rock
3815,316,303,639,rock
3659,310,302,642,rock
3651,297,285,628,rock
3639,312,334,648,rock
3631,316,305,621,rock
3646,306,313,631,rock
3652,307,219,626,rock
3687,312,309,640,rock
3642,339,326,656,rock
3628,329,336,675,rock
3602,350,379,706,rock
3632,332,363,699,rock
3627,331,371,709,rock
3637,327,356,690,rock
3512,336,387,655,rock
3669,317,395,660,rock
3627,314,408,658,rock
3509,297,393,644,rock
3657,295,380,687,rock
3620,315,371,686,rock
3639,321,373,706,rock
3632,312,374,713,rock
3623,344,371,718,rock
3634,342,377,711,rock
3625,327,378,694,rock
3633,341,363,706,rock
3621,357,400,679,rock
3643,360,385,674,rock
3637,385,373,699,rock
3633,389,394,674,rock
3655,390,339,681,rock
3629,384,367,715,rock
3634,369,364,689,rock
3633,371,351,706,rock
3607,367,405,676,rock
3664,367,358,711,rock
3633,352,386,665,rock
3627,362,367,700,rock
3613,383,365,694,rock
3725,382,362,705,rock
3632,387,360,699,rock
3612,394,355,706,rock
3629,378,356,697,rock
3642,420,384,661,rock
3644,417,340,691,rock
3648,431,321,673,rock
3638,405,373,700,rock
3630,428,347,690,rock
3677,399,346,682,rock
3629,435,225,668,rock
3649,444,351,709,rock
3619,427,349,697,rock
3634,431,347,686,rock
3637,425,350,701,rock
3631,419,353,685,rock
3633,380,316,674,rock
3609,420,340,672,rock
3628,418,324,672,rock
3634,409,296,645,rock
3635,409,315,654,rock
3638,408,325,659,rock
3635,414,326,664,rock
3656,395,324,654,rock
3662,405,321,641,rock
3616,407,320,654,rock
3632,390,332,648,rock
3637,398,336,665,rock
3618,393,324,666,rock
3643,382,332,670,rock
3642,394,316,674,rock
3627,371,351,694,rock
3634,461,354,699,rock
3757,373,363,690,rock
3613,354,394,680,rock
3632,364,384,666,rock
3635,364,373,719,rock
3635,378,357,713,rock
3637,370,371,699,rock
3632,365,361,694,rock
3640,377,340,694,rock
3632,373,384,665,rock
3633,378,360,694,rock
3631,381,373,700,rock
3626,385,375,720,rock
3658,396,355,694,rock
3639,416,332,684,rock
3637,386,377,697,rock
3635,384,350,691,rock
3621,361,345,685,rock
3617,367,377,692,rock
3630,359,337,676,rock
3631,378,324,664,rock
3632,382,337,669,rock
3611,390,332,673,rock
3636,392,339,679,rock
3613,386,329,666,rock
3658,389,302,648,rock
3630,376,326,656,rock
3605,387,315,650,rock
3630,372,309,646,rock
3628,385,308,645,rock
3623,379,308,648,rock
3608,381,304,634,rock
3636,377,313,638,rock
3633,356,305,633,rock
3638,344,303,642,rock
3624,359,307,632,rock
3658,342,308,642,rock
3644,353,307,640,rock
3633,350,321,640,rock
3630,345,309,649,rock
3643,340,311,651,rock
3645,327,382,701,rock
3630,341,319,662,rock
3621,342,320,651,rock
3621,326,301,641,rock
3627,323,320,649,rock
3608,317,326,660,rock
3634,345,309,643,rock
3631,325,334,666,rock
3635,193,314,644,rock
3605,313,313,647,rock
3636,308,289,630,rock
3639,303,311,652,rock
3653,304,298,628,rock
3632,301,317,643,rock
3637,298,302,647,rock
3634,299,309,644,rock
3620,274,310,650,rock
3634,329,303,627,rock
3636,302,312,642,rock
3631,304,316,641,rock
3629,304,317,652,rock
3632,311,283,631,rock
3633,329,288,625,rock
3635,317,307,646,rock
3653,197,303,638,rock
3656,300,304,630,rock
3608,332,294,634,rock
3613,310,302,626,rock
3641,306,324,651,rock
3627,340,298,630,rock
3658,337,294,631,rock
3632,329,283,623,rock
3652,315,317,630,rock
3636,271,270,620,rock
3636,324,292,628,rock
3630,305,281,608,rock
3612,322,291,614,rock
3627,324,289,619,rock
3601,328,290,616,rock
3634,317,284,615,rock
3640,314,288,614,rock
3632,322,298,647,rock
3637,298,309,641,rock
3651,314,293,613,rock
3541,332,288,617,rock
3657,334,287,618,rock
3624,325,409,635,rock
3631,333,284,617,rock
3616,344,280,608,rock
3633,317,276,607,rock
3650,325,262,611,rock
3633,314,277,608,rock
3631,312,266,599,rock
3651,302,285,623,rock
3749,313,282,619,rock
3616,312,239,634,rock
3632,311,278,605,rock
3648,279,277,601,rock
3651,294,275,598,rock
3670,308,252,636,rock
3635,282,269,598,rock
3704,321,269,608,rock
3614,300,275,608,rock
3636,294,304,616,rock
3629,298,250,629,rock
3614,296,278,624,rock
3635,300,274,602,rock
3633,324,266,606,rock
3633,301,275,604,rock
3620,297,292,606,rock
3637,298,275,600,rock
3641,278,268,609,rock
3503,296,267,597,rock
3644,289,269,600,rock
3634,292,268,598,rock
3625,386,282,601,rock
3634,272,262,608,rock
3637,272,265,608,rock
3632,295,256,576,rock
3623,274,256,599,rock
3638,290,275,613,rock
3632,285,238,625,rock
3634,282,282,612,rock
3523,281,256,588,rock
3632,284,250,652,rock
3632,275,249,650,rock
3632,261,247,637,rock
3665,270,224,619,rock
3640,271,230,641,rock
3637,316,268,623,rock
3631,296,244,629,rock
3631,310,256,603,rock
3633,293,245,652,rock
3618,330,261,616,rock
3628,337,250,653,rock
3644,340,287,622,rock
3649,321,281,620,rock
3616,337,317,638,rock
3625,324,250,643,rock
3630,355,242,645,rock
3636,363,270,625,rock
3629,392,247,674,rock
3632,354,249,645,rock
3621,452,247,650,rock
3617,356,247,664,rock
3642,382,250,656,rock
3629,352,262,616,rock
3632,351,251,664,rock
3620,340,249,655,rock
3634,435,215,627,rock
3628,437,229,642,rock
3608,355,261,628,rock
3614,386,243,654,rock
3690,340,234,642,rock
3608,337,238,650,rock
3632,358,241,647,rock
3633,337,232,624,rock
3632,330,242,646,rock
3633,342,244,649,rock
3628,328,246,654,rock
3615,331,241,647,rock
3634,327,256,608,rock
3633,313,233,628,rock
3627,327,270,626,rock
3617,296,211,624,rock
3631,313,264,612,rock
3649,301,218,622,rock
3633,298,230,658,rock
3629,297,227,627,rock
3643,298,216,621,rock
3635,301,230,648,rock
3637,293,227,627,rock
3604,298,187,604,rock
3633,288,225,624,rock
3640,311,196,610,rock
3614,297,219,628,rock
3634,296,230,640,rock
3634,300,233,632,rock
3629,281,243,640,rock
3632,303,230,634,rock
3661,304,244,644,rock
3642,293,238,644,rock
3632,349,240,640,rock
3634,335,215,633,rock
3620,310,232,635,rock
3632,286,225,619,rock
3627,313,252,659,rock
3614,321,231,621,rock
3643,332,258,608,rock
3631,310,273,592,rock
3629,309,188,600,rock
3633,293,247,658,rock
3629,301,258,588,rock
3632,274,283,624,rock
3615,300,271,608,rock
3617,293,277,609,rock
3651,293,269,600,rock
3630,307,302,618,rock
3645,319,268,592,rock
3635,261,247,632,rock
3638,297,273,604,rock
3638,311,266,607,rock
3632,301,298,610,rock
3638,328,242,624,rock
3635,317,259,610,rock
3633,323,261,593,rock
3606,318,268,596,rock
3613,321,329,641,rock
3653,323,253,664,rock
3629,341,280,627,rock
3633,321,248,638,rock
3619,311,244,648,rock
3634,316,251,642,rock
3618,211,278,624,rock
3636,312,244,634,rock
3651,298,240,646,rock
3642,320,241,636,rock
3628,317,242,641,rock
3654,455,240,643,rock
3659,297,236,649,rock
3619,309,235,636,rock
3610,299,256,602,rock
3626,308,228,635,rock
3636,303,266,610,rock
3613,305,245,639,rock
3612,312,189,615,rock
3635,300,226,629,rock
3633,296,235,627,rock
3641,267,235,634,rock
3633,296,226,637,rock
3636,289,229,616,rock
3603,292,250,642,rock
3628,291,247,657,rock
3625,272,250,641,rock
3627,289,241,642,rock
3654,289,245,650,rock
3614,289,246,660,rock
3652,306,245,649,rock
3631,267,245,646,rock
3670,287,275,621,rock
3631,295,224,634,rock
3657,295,243,647,rock
3647,295,243,650,rock
3625,317,258,613,rock
3638,264,256,601,rock
3724,288,256,582,rock
3633,288,261,617,rock
3628,299,246,632,rock
3624,329,261,594,rock
3632,362,257,590,rock
3629,379,256,586,rock
3639,386,285,615,rock
3626,371,268,610,rock
3645,421,262,610,rock
3639,422,264,597,rock
3623,444,277,611,rock
3628,431,276,612,rock
3633,440,290,620,rock
3609,432,301,646,rock
3620,434,314,651,rock
3637,436,331,677,rock
3634,437,330,673,rock
3631,439,311,671,rock
3630,445,351,697,rock
3631,443,385,666,rock
3613,422,359,717,rock
3619,420,339,691,rock
3638,439,351,704,rock
3636,441,334,683,rock
3630,439,344,675,rock
3600,429,339,681,rock
3633,431,332,680,rock
3663,422,329,679,rock
3652,396,331,664,rock
3658,412,324,666,rock
3636,409,328,666,rock
3625,401,333,669,rock
3621,408,321,655,rock
3604,395,272,628,rock
3632,390,315,648,rock
3625,387,327,661,rock
3644,383,324,667,rock
3647,402,317,659,rock
3638,374,321,659,rock
3612,364,327,679,rock
3631,363,314,644,rock
3620,354,328,648,rock
3628,345,306,629,rock
3636,349,309,636,rock
3636,367,288,624,rock
3632,349,283,626,rock
3639,332,294,640,rock
3623,340,295,635,rock
3637,342,285,624,rock
3647,350,287,633,rock
3641,387,292,617,rock
3635,472,293,632,rock
3632,401,291,621,rock
3632,440,290,626,rock
3632,441,312,635,rock
3632,439,284,626,rock
3631,444,316,649,rock
3631,468,303,657,rock
3646,465,284,633,rock
3638,469,292,636,rock
3620,459,295,644,rock
3620,528,313,650,rock
3608,470,304,646,rock
3621,348,320,646,rock
3629,443,326,660,rock
3614,439,315,671,rock
3633,440,321,658,rock
3814,433,323,658,rock
3635,424,327,664,rock
3638,415,320,657,rock
3626,416,450,680,rock
3636,312,317,652,rock
3619,409,323,659,rock
3632,406,311,657,rock
3629,398,300,653,rock
3632,386,325,665,rock
3638,387,350,679,rock
3650,418,264,625,rock
3636,430,340,677,rock
3629,446,323,676,rock
3625,436,463,725,rock
3640,411,345,681,rock
3630,428,344,681,rock
3630,420,340,686,rock
3635,436,345,681,rock
3632,422,432,678,rock
3631,421,314,660,rock
3632,419,336,668,rock
3633,413,314,652,rock
3632,420,352,675,rock
3637,426,326,656,rock
3645,426,321,648,rock
3625,424,328,664,rock
3633,393,340,683,rock
3631,415,288,631,rock
3638,411,311,652,rock
3631,401,319,657,rock
3633,401,300,637,rock
3630,398,309,649,rock
3600,401,303,649,rock
3529,392,301,630,rock
3629,384,306,640,rock
3603,375,257,599,rock
3628,374,296,626,rock
3635,386,296,629,rock
3630,384,275,618,rock
3648,356,287,628,rock
3632,376,285,621,rock
3651,391,287,628,rock
3645,385,267,606,rock
3643,369,286,621,rock
3635,377,284,615,rock
3628,365,283,612,rock
3630,364,277,609,rock
3641,373,275,613,rock
3650,356,280,604,rock
3655,376,288,610,rock
3617,435,299,630,rock
3601,353,301,632,rock
3625,360,322,648,rock
3652,361,303,644,rock
3626,364,312,643,rock
3628,363,320,646,rock
3628,365,323,659,rock
3633,343,320,649,rock
3631,344,316,651,rock
3630,348,311,650,rock
3631,351,314,641,rock
3622,349,310,645,rock
3632,352,294,639,rock
3626,346,312,636,rock
3628,340,281,625,rock
3668,346,299,622,rock
3616,327,327,644,rock
3632,337,296,625,rock
3615,353,293,624,rock
3631,333,293,625,rock
3627,375,293,632,rock
3637,267,292,624,rock
3640,385,286,640,rock
3634,380,297,620,rock
3634,386,266,608,rock
3626,386,282,610,rock
3632,383,276,612,rock
3623,375,293,626,rock
3619,373,265,596,rock
3634,389,265,600,rock
3710,364,275,603,rock
3623,362,272,594,rock
3630,359,261,598,rock
3632,355,270,608,rock
3633,357,282,605,rock
3617,327,275,606,rock
3631,441,262,622,rock
3632,340,257,589,rock
3628,340,244,635,rock
3636,339,262,608,rock
3625,334,247,657,rock
3633,334,274,605,rock
3631,336,262,597,rock
3625,329,286,611,rock
3630,329,266,596,rock
3596,325,266,588,rock
3634,326,253,631,rock
3629,322,272,611,rock
3630,320,237,634,rock
3634,297,250,640,rock
3650,341,249,645,rock
3630,324,247,662,rock
3486,327,250,650,rock
3652,322,138,584,rock
3639,320,233,637,rock
3624,317,153,597,rock
3628,340,249,634,rock
3636,280,253,661,rock
3641,356,251,657,rock
3631,365,251,661,rock
3629,351,248,644,rock
3629,362,256,582,rock
3627,346,258,609,rock
3633,346,250,648,rock
3633,360,240,657,rock
3629,347,249,651,rock
3639,353,251,637,rock
3640,349,260,613,rock
3631,351,248,656,rock
3639,382,246,665,rock
3630,369,229,636,rock
3630,346,240,650,rock
3631,342,258,608,rock
3659,339,221,631,rock
3627,331,236,644,rock
3632,332,246,643,rock
3629,330,256,615,rock
3662,336,243,652,rock
3627,326,241,638,rock
3633,329,233,625,rock
3617,316,272,618,rock
3627,317,237,637,rock
3627,319,237,637,rock
3629,323,235,641,rock
3641,322,219,630,rock
3721,306,237,654,rock
3636,315,236,640,rock
3605,310,234,634,rock
3628,307,233,639,rock
3645,339,216,628,rock
3632,302,226,640,rock
3629,393,211,624,rock
3630,307,240,633,rock
3637,284,228,628,rock
3598,316,228,632,rock
3629,318,245,639,rock
3629,324,231,647,rock
3631,324,226,629,rock
3632,322,233,630,rock
3654,314,222,624,rock
3630,355,246,635,rock
3650,300,293,632,rock
3619,257,225,628,rock
3665,313,214,618,rock
3573,291,253,636,rock
3605,302,221,628,rock
3617,322,218,620,rock
3631,310,214,615,rock
3635,307,234,633,rock
3630,292,238,634,rock
3632,296,239,651,rock
3821,291,253,653,rock
3629,289,261,608,rock
3631,166,264,586,rock
3627,303,240,626,rock
3633,274,256,570,rock
3631,292,253,633,rock
3622,288,252,628,rock
3637,268,253,638,rock
3631,286,253,653,rock
3645,254,250,650,rock
3629,311,244,633,rock
3642,295,233,637,rock
3626,267,252,636,rock
3633,288,230,629,rock
3579,276,253,652,rock
3628,285,253,638,rock
3658,306,223,618,rock
3616,328,250,650,rock
3633,318,258,594,rock
3656,359,248,647,rock
3646,342,233,631,rock
3629,347,244,644,rock
3613,354,275,619,rock
3627,354,245,631,rock
3631,361,238,655,rock
3620,372,238,653,rock
3626,358,235,643,rock
3643,376,316,636,rock
3630,372,253,663,rock
3769,362,235,646,rock
3632,299,257,608,rock
3637,356,233,641,rock
3636,355,248,653,rock
3638,332,235,649,rock
3630,335,237,646,rock
3617,367,235,638,rock
3634,355,237,646,rock
3635,340,244,654,rock
3631,334,239,634,rock
3662,325,239,644,rock
3601,331,242,638,rock
3663,333,245,659,rock
3632,333,240,628,rock
3621,301,252,650,rock
3636,334,242,638,rock
3653,336,243,644,rock
3625,305,239,646,rock
3550,326,239,637,rock
3633,298,236,638,rock
3635,311,235,645,rock
3615,310,249,645,rock
3632,315,249,646,rock
3630,327,237,640,rock
3638,318,240,652,rock
3638,310,240,640,rock
3667,314,243,632,rock
3631,308,241,634,rock
3634,310,243,648,rock
3623,295,256,602,rock
3603,312,247,654,rock
3629,310,239,655,rock
3620,304,246,656,rock
3644,271,260,614,rock
3628,301,241,623,rock
3632,285,239,658,rock
3620,315,238,643,rock
3631,293,240,639,rock
3639,290,232,634,rock
3629,289,245,649,rock
3634,339,236,640,rock
3637,243,235,627,rock
3629,272,211,602,rock
3632,279,232,636,rock
3627,286,362,666,rock
3629,275,232,628,rock
3664,281,242,636,rock
3575,287,237,649,rock
3631,281,246,653,rock
3599,289,230,643,rock
3632,291,247,646,rock
3635,281,237,635,rock
3627,290,226,621,rock
3629,275,236,631,rock
3637,268,229,647,rock
3649,276,221,628,rock
3627,278,230,639,rock
3631,284,252,649,rock
3605,276,235,634,rock
3648,263,235,624,rock
3637,305,237,650,rock
3637,309,232,634,rock
3629,337,241,653,rock
3642,310,232,628,rock
3631,316,221,628,rock
3630,310,221,638,rock
3630,312,232,618,rock
3632,298,230,632,rock
3619,320,236,641,rock
3670,297,221,631,rock
3619,290,260,611,rock
3628,275,246,657,rock
3638,283,242,635,rock
3658,303,268,619,rock
3645,338,239,648,rock
3654,313,240,635,rock
3629,325,232,640,rock
3632,318,228,639,rock
3616,317,234,638,rock
3646,349,235,635,rock
3648,345,212,625,rock
3645,353,231,650,rock
3661,357,233,646,rock
3633,316,231,636,rock
3612,337,223,631,rock
3622,334,284,632,rock
3646,330,251,656,rock
3632,325,250,656,rock
3638,317,346,658,rock
3630,327,230,650,rock
3640,333,247,643,rock
3628,314,270,629,rock
3619,303,246,661,rock
3644,308,245,652,rock
3655,304,213,626,rock
3628,306,244,651,rock
3646,321,248,652,rock
3632,300,265,608,rock
3628,297,248,640,rock
3632,290,245,635,rock
3754,283,268,593,rock
3628,278,370,645,rock
3619,309,247,634,rock
3620,282,275,594,rock
3637,254,262,588,rock
3683,289,275,617,rock
3638,259,257,593,rock
3637,305,251,630,rock
3648,288,140,561,rock
3619,274,251,650,rock
3663,262,265,610,rock
3635,301,260,620,rock
3630,279,256,582,rock
3619,309,250,650,rock
3632,285,228,630,rock
3629,272,257,605,rock
3611,273,258,606,rock
3631,284,245,653,rock
3638,276,246,653,rock
3618,281,247,658,rock
3622,278,241,628,rock
3634,299,223,645,rock
3628,285,239,638,rock
3612,277,320,638,rock
3637,281,240,640,rock
3643,270,133,598,rock
3630,258,239,647,rock
3634,256,242,637,rock
3631,282,219,624,rock
3649,306,230,644,rock
3627,296,235,629,rock
3623,400,225,634,rock
3656,281,239,643,rock
3633,282,230,641,rock
3625,303,215,637,rock
3626,281,281,620,rock
3599,296,269,625,rock
3654,314,256,591,rock
3645,305,249,649,rock
3661,320,231,656,rock
3650,331,170,597,rock
3622,355,262,619,rock
3649,337,253,650,rock
3666,351,231,635,rock
3632,328,251,636,rock
3629,341,264,605,rock
3628,335,252,636,rock
3631,335,256,615,rock
3630,329,270,606,rock
3637,486,261,606,rock
3629,351,242,641,rock
3630,360,272,597,rock
3634,393,277,614,rock
3630,369,270,612,rock
3628,383,263,624,rock
3615,367,274,598,rock
3634,347,268,604,rock
3634,360,269,605,rock
3621,355,278,604,rock
3630,236,257,589,rock
3638,377,250,637,rock
3630,347,280,623,rock
3639,345,231,636,rock
3629,348,251,659,rock
3648,346,313,646,rock
3627,338,278,636,rock
3643,339,219,632,rock
3644,337,258,610,rock
3657,288,246,645,rock
3617,337,273,621,rock
3615,353,242,650,rock
3630,329,264,602,rock
3645,354,259,605,rock
3629,322,262,603,rock
3635,333,264,588,rock
3616,311,271,604,rock
3615,314,276,598,rock
3652,312,259,604,rock
3633,318,265,594,rock
3678,321,298,623,rock
3644,294,298,625,rock
3618,327,326,652,rock
3630,318,293,625,rock
3661,319,294,625,rock
3631,305,280,603,rock
3637,308,281,609,rock
3626,317,297,620,rock
3628,319,282,608,rock
3625,318,282,617,rock
3635,306,275,601,rock
3615,315,286,617,rock
3661,319,265,590,rock
3636,284,277,607,rock
3621,320,264,594,rock
3519,339,263,606,rock
3631,347,269,610,rock
3623,320,268,623,rock
3646,327,256,590,rock
3645,335,239,638,rock
3630,320,260,599,rock
3595,315,267,606,rock
3622,311,267,597,rock
3630,306,278,604,rock
3621,306,257,613,rock
3626,306,263,593,rock
3629,310,263,596,rock
3606,322,256,612,rock
3618,292,252,652,rock
3629,320,258,606,rock
3637,331,242,645,rock
3659,338,247,662,rock
3609,338,247,638,rock
3638,377,229,622,rock
3635,331,221,650,rock
3634,303,247,654,rock
3629,442,247,647,rock
3638,323,223,645,rock
3596,318,243,652,rock
3604,318,241,637,rock
3633,321,232,637,rock
3646,308,240,625,rock
3634,310,256,602,rock
3623,300,250,659,rock
3653,352,217,635,rock
3617,304,234,637,rock
3632,288,233,648,rock
3634,302,237,642,rock
3630,316,208,617,rock
3645,279,230,634,rock
3637,283,224,626,rock
3595,288,234,634,rock
3608,296,214,629,rock
3648,302,226,627,rock
3628,293,222,634,rock
3664,281,219,624,rock
3623,284,216,615,rock
3630,273,223,637,rock
3639,280,154,583,rock
3629,296,221,612,rock
3628,282,217,622,rock
3618,278,224,624,rock
3654,274,219,627,rock
3627,263,238,630,rock
3635,253,240,643,rock
3631,262,242,634,rock
3633,268,226,634,rock
3633,262,240,637,rock
3635,345,238,647,rock
3572,242,249,636,rock
3814,266,247,650,rock
3629,280,282,614,rock
3615,259,275,597,rock
3660,258,292,607,rock
3641,260,295,625,rock
3627,265,312,635,rock
3626,252,337,657,rock
3627,256,330,652,rock
3610,248,337,651,rock
3646,286,329,651,rock
3631,262,321,647,rock
3630,256,320,637,rock
3613,248,341,657,rock
3628,259,329,651,rock
3720,263,337,663,rock
3627,263,372,685,rock
3666,277,357,694,rock
3627,291,381,714,rock
3633,290,375,716,rock
3622,296,380,695,rock
3607,292,378,705,rock
3626,290,376,710,rock
3633,278,399,672,rock
3634,283,368,681,rock
3634,284,367,701,rock
3648,273,360,688,rock
3634,297,356,692,rock
3694,319,354,689,rock
3638,310,353,688,rock
3623,317,365,702,rock
3633,316,355,684,rock
3625,333,310,663,rock
3640,302,339,672,rock
3625,312,326,672,rock
3622,328,285,640,rock
3656,301,317,659,rock
3626,306,319,660,rock
3614,325,302,653,rock
3632,295,325,653,rock
3478,297,320,652,rock
3629,291,318,648,rock
3632,294,323,662,rock
3630,290,317,651,rock
3630,282,315,635,rock
3663,311,342,667,rock
3609,278,310,646,rock
3634,278,289,615,rock
3636,268,321,636,rock
3628,270,301,624,rock
3629,259,317,640,rock
3632,281,294,648,rock
3637,281,276,620,rock
3632,266,307,636,rock
3632,259,300,633,rock
3623,273,306,624,rock
3630,271,308,633,rock
3619,266,299,618,rock
3631,267,299,618,rock
3629,267,320,618,rock
3631,262,302,622,rock
3637,260,284,621,rock
3628,260,315,619,rock
3616,320,302,629,rock
3648,271,256,589,rock
3612,253,280,603,rock
3628,253,282,600,rock
3661,232,273,595,rock
3632,250,274,605,rock
3619,246,221,612,rock
3632,247,298,608,rock
3631,232,289,598,rock
3629,245,264,584,rock
3624,240,395,619,rock
3662,240,250,622,rock
3653,234,126,609,rock
3635,237,262,603,rock
3639,256,246,640,rock
3646,219,280,602,rock
3629,218,279,615,rock
3617,232,278,600,rock
3631,227,298,609,rock
3631,214,276,611,rock
3632,226,292,590,rock
3627,238,281,605,rock
3605,236,289,606,rock
3629,238,276,599,rock
3630,207,262,612,rock
3631,210,257,583,rock
3624,224,284,599,rock
3631,214,275,593,rock
3613,216,282,602,rock
3631,224,247,629,rock
3692,223,263,608,rock
3627,227,262,592,rock
3631,220,242,627,rock
3630,221,269,590,rock
3607,224,256,588,rock
3629,233,251,640,rock
3484,219,249,642,rock
3636,222,206,626,rock
3629,218,249,645,rock
3638,251,226,614,rock
3632,142,246,649,rock
3635,212,229,642,rock
3635,231,248,661,rock
3633,266,238,649,rock
3626,256,243,643,rock
3626,269,263,616,rock
3630,228,229,641,rock
3634,311,238,645,rock
3603,275,261,616,rock
3628,276,352,656,rock
3633,281,242,641,rock
3632,270,214,631,rock
3578,280,244,645,rock
3646,258,230,646,rock
3695,273,238,634,rock
3597,271,238,653,rock
3649,256,226,628,rock
3633,181,235,622,rock
3620,270,214,634,rock
3622,272,211,623,rock
3628,274,225,629,rock
3647,275,231,632,rock
3627,275,241,631,rock
3528,281,217,626,rock
3630,258,229,634,rock
3663,245,226,629,rock
3630,261,244,628,rock
3631,260,225,623,rock
3631,138,233,626,rock
3629,273,241,631,rock
3630,285,227,628,rock
3633,330,223,617,rock
3632,272,235,629,rock
3611,276,214,633,rock
3649,266,238,642,rock
3594,262,237,633,rock
3643,262,258,584,rock
3633,271,273,597,rock
3631,272,267,596,rock
3647,249,297,618,rock
3636,224,296,618,rock
3630,251,284,628,rock
3630,249,358,683,rock
3630,249,316,672,rock
3633,247,310,671,rock
3653,252,231,662,rock
3645,269,355,673,rock
3630,251,356,683,rock
3630,262,362,691,rock
3628,269,356,696,rock
3628,288,358,698,rock
3629,291,354,690,rock
3648,309,346,678,rock
3619,292,348,690,rock
3628,327,356,679,rock
3699,357,351,685,rock
3629,363,345,684,rock
3603,366,340,669,rock
3623,361,286,653,rock
3630,358,349,676,rock
3606,347,331,666,rock
3633,347,315,656,rock
3633,351,352,667,rock
3662,346,328,659,rock
3632,351,325,658,rock
3627,353,300,648,rock
3673,367,299,634,rock
3644,361,315,646,rock
3634,361,318,658,rock
3621,347,306,638,rock
3620,369,287,630,rock
3636,365,312,643,rock
3629,375,290,641,rock
3620,392,299,633,rock
3629,348,285,619,rock
3629,381,310,640,rock
3634,397,309,644,rock
3629,374,323,644,rock
3628,395,336,674,rock
3632,361,345,681,rock
3624,386,345,684,rock
3633,388,355,692,rock
3639,407,344,671,rock
3611,410,362,698,rock
3627,434,354,708,rock
3580,458,394,678,rock
3620,462,388,680,rock
3648,466,344,696,rock
3625,489,385,670,rock
3637,518,318,693,rock
3640,533,342,705,rock
3633,543,313,680,rock
3639,534,335,703,rock
3649,545,340,695,rock
3647,531,328,678,rock
3636,514,347,696,rock
3631,395,353,692,rock
3633,502,370,709,rock
3628,497,351,705,rock
3627,482,344,686,rock
3609,485,383,722,rock
3632,478,241,685,rock
3712,485,352,686,rock
3626,498,345,692,rock
3631,503,365,690,rock
3628,531,337,682,rock
3630,533,316,673,rock
3627,535,337,685,rock
3654,514,337,673,rock
3655,516,324,679,rock
3629,495,329,686,rock
3598,518,308,656,rock
3633,502,328,664,rock
3639,503,320,651,rock
3609,492,324,665,rock
3629,502,209,636,rock
3627,486,318,663,rock
3619,509,313,649,rock
3631,504,308,654,rock
3634,522,228,646,rock
3631,504,306,646,rock
3644,499,305,645,rock
3627,516,293,646,rock
3647,528,301,651,rock
3642,533,293,640,rock
3634,557,294,654,rock
3616,512,267,621,rock
3635,495,308,653,rock
3629,516,308,659,rock
3611,509,367,699,rock
3624,535,333,684,rock
3638,504,342,684,rock
3634,503,337,682,rock
3669,501,328,668,rock
3633,515,343,701,rock
3591,503,347,682,rock
3626,500,349,697,rock
3619,522,297,664,rock
3628,532,340,679,rock
3627,518,351,701,rock
3655,532,346,691,rock
3620,556,330,690,rock
3633,461,343,689,rock
3621,528,362,711,rock
3627,530,376,736,rock
3633,523,375,725,rock
3625,517,367,724,rock
3617,528,364,715,rock
3596,529,361,695,rock
3614,517,358,709,rock
3651,512,383,722,rock
3611,503,346,702,rock
3637,516,346,692,rock
3597,531,342,696,rock
3632,525,342,695,rock
3631,503,326,674,rock
3617,513,330,680,rock
3628,495,342,692,rock
3635,493,305,651,rock
3634,497,340,683,rock
3631,510,332,682,rock
3623,493,336,676,rock
3626,483,332,686,rock
3626,473,340,687,rock
3634,472,340,690,rock
3630,475,337,677,rock
3631,427,332,678,rock
3633,476,327,682,rock
3623,491,311,664,rock
3631,506,342,696,rock
3632,410,348,699,rock
3628,555,343,708,rock
3620,535,371,716,rock
3625,567,363,708,rock
3634,574,370,715,rock
3634,595,343,714,rock
3624,551,360,705,rock
3627,564,358,709,rock
3613,543,368,712,rock
3640,569,354,703,rock
3610,605,350,712,rock
3633,538,362,697,rock
3600,530,342,697,rock
3633,478,326,689,rock
3619,497,349,696,rock
3621,512,355,707,rock
3615,505,353,705,rock
3638,493,348,697,rock
3619,495,359,709,rock
3637,502,363,705,rock
3615,485,362,714,rock
3615,472,358,709,rock
3631,494,375,721,rock
3658,456,357,717,rock
3628,473,365,721,rock
3613,479,366,720,rock
3633,495,357,725,rock
3638,501,360,695,rock
3633,398,354,691,rock
3634,529,342,703,rock
3645,504,344,697,rock
3646,500,331,676,rock
3629,508,322,675,rock
3632,513,336,687,rock
3632,521,341,688,rock
3617,513,358,705,rock
3621,522,324,677,rock
3626,487,320,657,rock
3607,500,329,672,rock
3638,467,346,669,rock
3625,505,328,664,rock
3654,477,192,631,rock
3631,471,325,669,rock
3633,472,294,660,rock
3617,478,320,657,rock
3614,485,310,661,rock
3629,477,316,661,rock
3630,470,288,640,rock
3714,470,275,630,rock
3634,443,312,641,rock
3628,444,298,649,rock
3618,450,328,667,rock
3629,447,328,664,rock
3631,444,325,671,rock
3635,435,324,664,rock
3650,431,254,670,rock
3631,445,318,665,rock
3634,427,315,658,rock
3631,429,297,647,rock
3629,429,328,655,rock
3626,431,312,642,rock
3623,419,308,651,rock
3604,406,336,657,rock
3624,406,307,643,rock
3626,415,312,636,rock
3653,415,406,656,rock
3632,405,295,646,rock
3610,398,292,628,rock
3629,403,302,643,rock
3645,377,318,648,rock
3619,405,306,644,rock
3615,402,308,642,rock
3656,394,291,626,rock
3630,380,303,635,rock
3624,394,311,657,rock
3631,393,297,636,rock
3629,357,284,624,rock
3630,381,287,637,rock
3635,383,297,631,rock
3630,384,274,609,rock
3626,375,270,617,rock
3697,382,286,625,rock
3621,382,286,624,rock
3628,382,269,609,rock
3653,378,262,623,rock
3614,379,286,622,rock
3631,367,265,599,rock
3630,367,280,605,rock
3630,357,277,621,rock
3632,363,263,608,rock
3649,283,269,608,rock
3666,355,277,614,rock
3616,335,281,605,rock
3608,349,280,604,rock
3632,347,279,616,rock
3623,330,273,602,rock
3635,351,278,626,rock
3628,348,238,640,rock
3624,344,274,607,rock
3630,353,277,612,rock
3637,373,261,601,rock
3639,366,234,624,rock
3627,350,197,627,rock
3632,350,269,600,rock
3625,345,272,595,rock
3636,346,278,616,rock
3627,352,274,591,rock
3638,333,271,605,rock
3490,333,269,614,rock
3620,320,247,642,rock
3627,315,265,596,rock
3627,335,259,589,rock
3628,328,263,624,rock
3600,334,256,589,rock
3647,315,252,640,rock
3657,333,258,624,rock
3627,336,253,664,rock
3623,337,249,650,rock
3627,321,250,641,rock
3669,316,239,660,rock
3631,321,236,637,rock
3740,321,215,637,rock
3590,315,243,636,rock
3613,317,220,621,rock
3628,315,252,644,rock
3622,311,241,642,rock
3630,262,243,644,rock
3630,347,242,648,rock
3630,321,228,636,rock
3632,304,235,640,rock
3631,309,249,647,rock
3629,292,229,635,rock
3617,334,232,627,rock
3628,312,229,643,rock
3622,302,231,638,rock
3624,302,220,628,rock
3636,328,230,638,rock
3616,277,239,640,rock
3623,309,249,628,rock
3631,302,267,607,rock
3631,306,290,610,rock
3660,313,291,626,rock
3634,314,284,615,rock
3627,321,270,607,rock
3628,322,302,632,rock
3631,324,299,626,rock
3630,315,298,630,rock
3621,214,310,640,rock
3629,317,311,636,rock
3621,309,297,617,rock
3624,318,294,621,rock
3620,285,297,620,rock
3622,360,280,613,rock
3600,303,275,608,rock
3682,299,290,618,rock
3611,281,286,608,rock
3599,289,294,621,rock
3636,291,314,623,rock
3650,275,280,598,rock
3711,290,272,596,rock
3632,268,273,616,rock
3632,289,257,596,rock
3625,277,272,591,rock
3661,278,267,594,rock
3627,283,248,628,rock
3633,289,267,595,rock
3601,291,267,586,rock
3601,286,263,592,rock
3630,293,168,571,rock
3665,284,238,633,rock
3608,278,264,574,rock
3628,247,263,608,rock
3583,279,264,599,rock
3652,291,265,598,rock
3635,277,241,637,rock
3629,267,261,592,rock
3631,284,233,615,rock
3632,276,258,586,rock
3630,272,238,623,rock
3632,284,256,586,rock
3627,277,279,641,rock
3631,260,264,610,rock
3631,277,241,654,rock
3633,274,244,648,rock
3626,262,279,631,rock
3629,274,216,613,rock
3624,264,244,658,rock
3615,304,247,656,rock
3641,322,243,640,rock
3648,349,243,642,rock
3616,330,272,619,rock
3629,357,239,657,rock
3628,360,248,648,rock
3634,359,240,638,rock
3619,497,241,658,rock
3635,406,239,660,rock
3580,397,237,647,rock
3623,394,239,656,rock
3627,372,233,632,rock
3646,384,172,613,rock
3633,393,253,663,rock
3599,376,234,625,rock
3627,390,244,644,rock
3627,379,241,652,rock
3581,346,239,656,rock
3638,379,235,631,rock
3631,366,248,650,rock
3644,345,226,632,rock
3630,341,235,642,rock
3630,364,233,640,rock
3634,372,233,640,rock
3712,342,231,643,rock
3636,339,229,621,rock
3655,329,249,642,rock
3611,324,217,618,rock
3631,339,225,624,rock
3630,332,242,640,rock
3614,322,280,614,rock
3629,354,214,613,rock
3635,335,219,632,rock
3632,320,220,622,rock
3625,297,219,611,rock
3632,309,237,630,rock
3618,295,209,613,rock
3631,297,182,602,rock
3626,304,233,625,rock
3635,326,213,613,rock
3617,299,206,606,rock
3608,288,220,612,rock
3618,302,220,615,rock
3632,293,206,626,rock
3655,279,229,625,rock
3627,288,220,621,rock
3611,295,220,622,rock
3627,292,221,623,rock
3503,303,206,611,rock
3628,288,233,624,rock
3602,285,233,622,rock
3631,296,221,627,rock
3637,197,194,605,rock
3619,306,266,607,rock
3663,298,227,625,rock
3655,293,230,642,rock
3625,323,230,633,rock
3630,331,113,608,rock
3494,346,228,637,rock
3660,338,219,631,rock
3627,350,234,631,rock
3628,338,223,640,rock
3631,351,222,636,rock
3578,346,219,618,rock
3629,326,219,620,rock
3727,340,223,647,rock
3630,336,235,626,rock
3629,342,200,619,rock
3630,326,201,611,rock
3635,309,213,623,rock
3633,396,218,617,rock
3610,346,222,628,rock
3631,212,220,628,rock
3626,300,218,610,rock
3638,312,223,640,rock
3632,310,219,637,rock
3628,276,232,644,rock
3630,332,204,626,rock
3628,319,241,633,rock
3605,316,222,633,rock
3628,298,222,630,rock
3628,300,216,620,rock
3630,315,201,608,rock
3634,325,246,649,rock
3627,321,219,623,rock
3627,314,214,625,rock
3632,310,208,608,rock
3629,319,216,600,rock
3627,335,216,622,rock
3627,326,206,616,rock
3643,312,239,638,rock
3634,319,210,608,rock
3630,324,208,614,rock
3603,306,215,618,rock
3625,316,206,625,rock
3634,437,207,623,rock
3633,320,214,628,rock
3637,331,209,600,rock
3624,333,207,617,rock
3626,335,196,602,rock
3628,324,190,612,rock
3628,340,200,600,rock
3635,337,198,609,rock
3632,332,193,600,rock
3620,349,214,625,rock
3626,346,214,629,rock
3633,352,208,613,rock
3616,379,189,606,rock
3677,387,203,626,rock
3669,381,178,599,rock
3631,372,202,611,rock
3632,374,202,600,rock
3634,416,203,609,rock
3608,417,196,607,rock
3610,428,215,623,rock
3630,397,200,600,rock
3631,396,201,609,rock
3625,402,194,598,rock
3641,371,202,603,rock
3642,367,203,609,rock
3627,391,198,611,rock
3629,386,194,600,rock
3637,372,205,610,rock
3629,379,201,603,rock
3634,368,208,625,rock
3612,394,201,614,rock
3624,368,230,625,rock
3618,380,198,620,rock
3623,362,205,619,rock
3652,346,225,616,rock
3627,351,219,617,rock
3630,348,176,593,rock
3621,367,207,620,rock
3628,352,208,607,rock
3631,356,214,629,rock
3629,327,219,632,rock
3633,341,258,608,rock
3619,337,241,631,rock
3616,318,240,634,rock
3662,344,241,649,rock
3613,328,237,646,rock
3609,318,237,655,rock
3643,326,243,653,rock
3631,333,226,652,rock
3651,324,248,635,rock
3631,315,245,658,rock
3615,288,252,644,rock
3647,294,247,663,rock
3668,314,235,638,rock
3629,310,246,654,rock
3659,328,270,622,rock
3611,305,247,650,rock
3629,302,248,636,rock
3619,290,267,609,rock
3653,256,239,634,rock
3622,286,240,641,rock
3607,317,251,649,rock
3637,292,252,649,rock
3689,294,243,644,rock
3635,321,249,652,rock
3619,289,241,640,rock
3646,278,251,642,rock
3597,307,271,632,rock
3630,313,272,621,rock
3645,314,228,640,rock
3643,277,249,652,rock
3628,307,244,633,rock
3649,212,238,653,rock
3635,304,242,648,rock
3629,294,240,633,rock
3655,290,243,633,rock
3626,293,245,654,rock
3630,315,233,640,rock
3616,314,238,648,rock
3639,319,234,644,rock
3611,326,224,631,rock
3618,315,230,626,rock
3636,328,208,616,rock
3658,329,345,646,rock
3618,321,248,652,rock
3627,323,233,633,rock
3661,308,259,611,rock
3624,327,241,634,rock
3619,319,258,609,rock
3630,325,229,636,rock
3626,325,238,641,rock
3651,314,238,650,rock
3781,329,230,641,rock
3631,310,234,630,rock
3623,340,210,631,rock
3632,321,229,644,rock
3630,315,242,637,rock
3645,297,229,633,rock
3623,313,231,632,rock
3627,320,215,636,rock
3603,329,227,641,rock
3602,339,215,622,rock
3567,327,224,633,rock
3629,340,225,633,rock
3639,330,223,642,rock
3627,334,224,628,rock
3765,327,222,640,rock
3635,332,220,630,rock
3630,337,200,620,rock
3629,305,221,630,rock
3633,314,217,617,rock
3624,312,218,631,rock
3626,311,236,640,rock
3618,306,227,638,rock
3618,329,230,635,rock
3611,319,231,648,rock
3623,312,272,617,rock
3632,310,222,627,rock
3629,231,269,608,rock
3621,303,264,612,rock
3613,310,248,633,rock
3622,302,214,640,rock
3635,300,236,623,rock
3677,280,243,650,rock
3633,188,240,636,rock
3649,280,249,640,rock
3630,288,258,598,rock
3611,286,242,642,rock
3615,280,242,644,rock
3635,282,222,639,rock
3816,282,238,640,rock
3633,281,235,629,rock
3635,276,233,634,rock
3632,276,275,612,rock
3629,274,233,635,rock
3636,268,208,618,rock
3630,257,230,635,rock
3565,263,229,637,rock
3630,277,224,622,rock
3614,293,223,638,rock
3642,245,227,633,rock
3598,257,246,644,rock
3664,257,233,635,rock
3634,275,213,634,rock
3617,265,238,644,rock
3608,299,234,616,rock
3630,249,245,630,rock
3649,257,231,637,rock
3632,286,244,653,rock
3622,269,272,595,rock
3627,273,281,609,rock
3629,274,289,608,rock
3623,302,285,620,rock
3645,265,302,626,rock
3643,275,298,625,rock
3619,278,331,660,rock
3640,264,338,658,rock
3635,262,314,627,rock
3641,241,334,650,rock
3648,246,327,663,rock
3634,280,298,625,rock
3600,285,301,631,rock
3639,246,320,635,rock
3632,267,309,644,rock
3628,266,334,649,rock
3634,283,322,642,rock
3639,254,312,647,rock
3620,266,305,644,rock
3614,265,322,644,rock
3635,249,363,665,rock
3624,268,315,648,rock
3621,277,296,616,rock
3642,233,325,646,rock
3637,256,311,641,rock
3608,264,242,635,rock
3645,246,300,623,rock
3625,224,342,657,rock
3609,249,287,627,rock
3625,226,293,626,rock
3628,228,373,663,rock
3627,242,279,621,rock
3616,256,295,616,rock
3654,212,320,619,rock
3636,256,282,604,rock
3598,279,279,612,rock
3638,262,290,599,rock
3637,231,315,629,rock
3618,273,266,589,rock
3620,256,270,602,rock
3671,248,281,604,rock
3616,269,261,593,rock
3617,276,257,612,rock
3642,253,285,605,rock
3515,273,254,642,rock
3632,254,265,592,rock
3577,252,291,602,rock
3616,250,261,604,rock
3631,140,260,586,rock
3627,275,266,594,rock
3629,251,273,593,rock
3707,253,272,584,rock
3638,250,282,601,rock
3641,277,272,590,rock
3652,246,259,587,rock
3626,264,265,606,rock
3630,241,256,592,rock
3617,224,269,595,rock
3629,233,262,598,rock
3613,237,268,598,rock
3634,256,254,639,rock
3638,234,275,604,rock
3635,238,296,601,rock
3629,224,264,583,rock
3616,234,328,621,rock
3629,234,253,640,rock
3629,214,265,597,rock
3628,243,256,575,rock
3630,238,262,620,rock
3626,230,246,639,rock
3629,230,249,613,rock
3635,226,275,600,rock
3630,229,284,609,rock
3629,125,295,628,rock
3615,232,318,644,rock
3615,222,309,630,rock
3627,219,312,628,rock
3629,206,302,620,rock
3637,197,312,621,rock
3629,206,303,630,rock
3624,217,310,633,rock
3603,232,312,629,rock
3638,220,301,626,rock
3655,222,285,608,rock
3605,218,251,636,rock
3631,207,288,605,rock
3624,216,294,621,rock
3632,194,302,617,rock
3628,244,288,606,rock
3630,208,293,617,rock
3642,149,284,606,rock
3614,206,280,594,rock
3649,211,272,589,rock
3627,212,279,603,rock
3631,217,256,588,rock
3633,218,290,615,rock
3622,230,284,610,rock
3633,239,251,627,rock
3629,248,263,602,rock
3637,262,260,601,rock
3629,247,277,604,rock
3631,243,269,596,rock
3629,241,262,599,rock
3615,235,281,590,rock
3630,252,265,605,rock
3590,238,261,584,rock
3630,237,230,626,rock
3610,242,261,599,rock
3643,226,245,629,rock
3624,225,258,595,rock
3627,233,253,633,rock
3629,227,254,641,rock
3630,231,246,658,rock
3612,220,253,633,rock
3627,242,122,609,rock
3631,274,270,628,rock
3645,128,248,639,rock
3638,207,243,633,rock
3647,206,246,652,rock
3625,229,240,637,rock
3632,222,253,650,rock
3635,190,238,642,rock
3633,220,256,592,rock
3626,214,241,635,rock
3628,224,246,652,rock
3631,268,246,650,rock
3625,222,260,610,rock
3626,217,270,609,rock
3626,198,282,600,rock
3619,206,293,618,rock
3606,223,243,626,rock
3628,220,298,611,rock
3609,236,284,604,rock
3626,219,267,597,rock
3619,199,290,608,rock
3643,216,367,666,rock
3625,214,295,618,rock
3633,231,276,606,rock
3632,230,268,599,rock
3657,210,133,563,rock
3630,213,281,603,rock
3628,211,278,610,rock
3617,207,290,603,rock
3627,211,304,606,rock
3644,225,272,591,rock
3626,205,292,621,rock
3627,320,254,629,rock
3719,207,264,596,rock
3630,188,264,584,rock
3623,183,258,582,rock
3635,194,344,618,rock
3633,218,248,622,rock
3630,202,256,584,rock
3613,203,254,624,rock
3610,185,217,606,rock
3630,195,260,598,rock
3757,196,253,642,rock
3634,193,226,614,rock
3635,155,247,645,rock
3632,198,259,604,rock
3660,237,267,608,rock
3630,206,242,636,rock
3595,216,244,629,rock
3624,223,224,612,rock
3651,219,162,588,rock
3632,239,242,646,rock
3633,160,252,630,rock
3631,231,272,587,rock
3603,249,269,598,rock
3631,246,267,590,rock
3625,243,279,613,rock
3605,244,266,598,rock
3598,242,269,607,rock
3627,242,285,612,rock
3632,236,266,606,rock
3637,215,284,611,rock
3628,236,288,615,rock
3631,239,279,611,rock
3611,233,278,606,rock
3629,232,257,586,rock
3630,242,272,593,rock
3626,231,264,584,rock
3606,222,318,638,rock
3633,229,272,604,rock
3635,228,260,594,rock
3629,225,283,603,rock
3643,241,274,602,rock
3656,234,270,592,rock
3634,200,279,605,rock
3638,194,279,611,rock
3630,219,260,585,rock
3668,202,277,601,rock
3654,213,134,568,rock
3652,223,401,616,rock
3647,239,281,609,rock
3625,249,271,609,rock
3629,238,281,610,rock
3631,251,283,598,rock
3639,259,267,597,rock
3627,263,263,606,rock
3630,291,294,631,rock
3611,255,270,610,rock
3662,270,242,624,rock
3648,284,257,584,rock
3627,269,243,621,rock
3629,263,254,645,rock
3628,267,267,589,rock
3656,254,235,624,rock
3627,264,256,611,rock
3633,232,253,642,rock
3627,254,252,657,rock
3506,253,248,628,rock
3631,258,238,635,rock
3628,234,246,648,rock
3629,252,260,597,rock
3597,251,261,594,rock
3630,224,280,600,rock
3647,199,253,631,rock
3629,246,268,590,rock
3647,245,258,602,rock
3641,224,259,599,rock
3618,235,272,592,rock
3630,248,260,598,rock
3614,240,254,624,rock
3632,277,246,646,rock
3519,256,254,645,rock
3628,256,234,634,rock
3611,252,251,646,rock
3630,280,208,628,rock
3631,272,246,630,rock
3629,273,246,658,rock
3631,263,217,631,rock
3630,262,245,654,rock
3629,252,235,635,rock
3631,272,153,593,rock
3636,342,241,644,rock
3645,252,223,634,rock
3625,272,239,644,rock
3612,256,232,632,rock
3629,260,236,635,rock
3637,254,232,634,rock
3629,268,120,604,rock
3659,254,231,643,rock
3614,250,230,647,rock
3609,278,225,628,rock
3629,236,227,636,rock
3621,256,237,642,rock
3631,256,238,629,rock
3623,282,260,596,rock
3631,267,224,637,rock
3625,312,222,629,rock
3624,298,217,622,rock
3658,318,253,641,rock
3626,304,217,623,rock
3635,274,239,633,rock
3629,297,227,629,rock
3609,313,181,605,rock
3628,327,222,634,rock
3623,344,245,640,rock
3633,324,228,622,rock
3613,354,238,642,rock
3615,337,240,643,rock
3637,339,244,646,rock
3509,317,243,640,rock
3622,359,242,640,rock
3630,327,256,609,rock
3634,314,244,656,rock
3612,318,242,646,rock
3629,322,236,646,rock
3631,309,239,637,rock
3635,279,241,648,rock
3635,310,278,625,rock
3629,302,228,635,rock
3625,317,268,617,rock
3603,312,256,611,rock
3639,299,232,629,rock
3631,311,229,632,rock
3606,320,227,632,rock
3621,324,228,627,rock
3652,295,254,650,rock
3629,306,229,638,rock
3610,322,251,638,rock
3646,271,267,602,rock
3613,284,247,630,rock
3633,311,221,634,rock
3628,284,240,630,rock
3645,271,242,618,rock
3612,317,239,650,rock
3617,297,231,635,rock
3649,232,263,627,rock
3630,329,228,627,rock
3577,303,246,643,rock
3639,286,249,639,rock
3643,294,223,616,rock
3610,317,210,620,rock
3632,318,245,640,rock
3665,272,250,648,rock
3621,321,216,627,rock
3612,357,210,611,rock
3650,283,264,594,rock
3631,303,252,636,rock
3633,333,207,631,rock
3636,305,267,602,rock
3637,313,257,595,rock
3613,317,233,633,rock
3622,289,217,621,rock
3654,268,278,613,rock
3628,301,230,641,rock
3631,344,248,638,rock
3633,288,233,644,rock
3653,325,252,649,rock
3643,314,239,641,rock
3633,304,264,605,rock
3630,290,238,645,rock
3629,292,224,636,rock
3709,292,234,634,rock
3622,194,253,636,rock
3623,289,210,627,rock
3629,300,234,635,rock
3627,283,241,650,rock
3618,386,251,662,rock
3626,292,249,644,rock
3635,274,245,657,rock
3646,283,228,629,rock
3628,292,247,656,rock
3623,289,231,634,rock
3633,275,252,630,rock
3631,175,262,608,rock
3638,288,242,622,rock
3660,296,232,633,rock
3609,285,258,586,rock
3628,291,257,606,rock
3637,301,259,595,rock
3635,280,258,599,rock
3630,277,264,594,rock
3628,279,254,656,rock
3632,258,259,599,rock
3528,268,249,635,rock
3615,282,193,617,rock
3630,275,252,647,rock
3613,262,272,625,rock
3711,257,242,637,rock
3633,277,231,642,rock
3619,291,226,638,rock
3629,290,221,637,rock
3611,274,253,660,rock
3613,273,236,638,rock
3617,273,259,616,rock
3622,282,253,664,rock
3628,277,239,657,rock
3763,293,251,660,rock
3636,321,262,611,rock
3613,339,247,663,rock
3632,330,237,646,rock
3555,347,248,654,rock
3633,351,216,611,rock
3631,356,260,612,rock
3631,349,247,660,rock
3630,360,249,650,rock
3625,369,237,652,rock
3673,357,242,645,rock
3627,366,237,651,rock
3623,373,266,618,rock
3632,372,206,631,rock
3633,358,198,624,rock
3614,354,236,643,rock
3632,372,234,638,rock
3656,435,231,648,rock
3641,399,229,628,rock
3634,402,244,647,rock
3629,395,225,630,rock
3630,396,237,638,rock
3639,369,225,628,rock
3636,386,218,617,rock
3661,394,226,636,rock
3639,363,237,637,rock
3632,388,228,635,rock
3628,375,222,640,rock
3631,359,221,625,rock
3627,351,248,643,rock
3631,378,212,621,rock
3630,371,235,637,rock
3632,374,224,628,rock
3630,402,119,616,rock
3652,336,223,641,rock
3631,376,233,628,rock
3627,354,216,614,rock
3627,375,206,626,rock
3624,402,221,641,rock
3612,356,251,632,rock
3622,362,239,636,rock
3627,383,218,630,rock
3631,383,218,629,rock
3623,359,198,622,rock
3631,364,234,645,rock
3637,348,236,631,rock
3634,343,240,646,rock
3625,337,272,613,rock
3623,330,260,609,rock
3640,328,221,638,rock
3631,336,179,618,rock
3646,336,243,640,rock
3639,324,245,654,rock
3673,332,250,626,rock
3613,325,279,630,rock
3629,336,261,618,rock
3626,340,246,665,rock
3631,341,222,633,rock
3611,325,197,629,rock
3633,416,240,647,rock
3663,359,240,646,rock
3495,362,244,646,rock
3631,372,243,653,rock
3631,357,248,648,rock
3611,355,241,634,rock
3628,346,246,648,rock
3629,349,185,616,rock
3634,327,239,646,rock
3627,346,240,628,rock
3598,348,235,644,rock
3660,346,242,649,rock
3631,360,242,649,rock
3654,355,212,623,rock
3635,361,229,641,rock
3629,393,214,628,rock
3647,338,256,602,rock
3658,352,240,643,rock
3637,365,240,640,rock
3644,322,220,641,rock
3640,367,236,652,rock
3626,361,241,627,rock
3628,328,243,641,rock
3610,351,233,640,rock
3614,376,231,646,rock
3631,346,222,640,rock
3625,342,237,650,rock
3601,341,252,654,rock
3629,309,231,630,rock
3632,330,231,651,rock
3625,322,247,654,rock
3626,365,228,635,rock
3634,352,182,623,rock
3783,366,230,644,rock
3631,350,230,641,rock
3628,370,234,628,rock
3605,385,217,623,rock
3655,379,227,635,rock
3635,483,226,642,rock
3645,417,229,640,rock
3623,406,225,635,rock
3661,404,236,640,rock
3629,407,200,617,rock
3630,394,204,625,rock
3617,390,237,650,rock
3624,404,261,637,rock
3625,404,197,634,rock
3624,409,196,631,rock
3636,423,246,672,rock
3615,431,246,653,rock
3631,431,224,646,rock
3645,415,323,662,rock
3630,436,274,619,rock
3606,452,254,670,rock
3665,449,253,670,rock
3628,438,253,673,rock
3623,433,249,644,rock
3643,442,253,664,rock
3634,453,249,660,rock
3633,469,247,650,rock
3617,484,240,654,rock
3630,479,273,626,rock
3631,479,253,672,rock
3633,467,260,612,rock
3630,469,248,641,rock
3611,428,268,620,rock
3623,448,263,629,rock
3606,459,283,624,rock
3630,432,287,632,rock
3626,478,291,630,rock
3610,501,278,627,rock
3634,477,323,652,rock
3602,467,256,601,rock
3629,487,298,640,rock
3635,474,293,651,rock
3634,468,259,610,rock
3631,452,286,634,rock
3629,457,290,626,rock
3624,465,244,642,rock
3642,460,284,614,rock
3638,430,288,611,rock
3604,451,305,635,rock
3623,449,293,640,rock
3642,454,277,624,rock
3624,471,289,621,rock
3644,467,286,638,rock
3660,457,292,621,rock
3594,453,282,615,rock
3618,439,282,618,rock
3631,442,285,623,rock
3616,485,280,624,rock
3603,504,289,629,rock
3628,532,278,634,rock
3626,513,254,653,rock
3629,536,273,619,rock
3627,536,274,617,rock
3628,563,268,630,rock
3633,581,286,635,rock
3629,564,275,637,rock
3743,552,290,642,rock
3627,526,289,625,rock
3610,539,378,688,rock
3628,545,294,650,rock
3643,513,322,650,rock
3629,511,306,642,rock
3632,544,293,648,rock
3635,531,296,631,rock
3626,539,284,630,rock
3752,520,285,632,rock
3628,531,281,619,rock
3629,533,276,628,rock
3633,451,279,632,rock
3628,566,268,623,rock
3627,578,277,625,rock
3623,548,276,622,rock
3615,567,352,656,rock
3626,553,275,632,rock
3626,553,310,648,rock
3626,545,294,638,rock
3637,523,288,631,rock
3634,537,292,651,rock
3634,531,310,668,rock
3640,517,308,657,rock
3683,531,306,646,rock
3647,519,306,646,rock
3602,518,355,683,rock
3628,623,281,636,rock
3651,518,271,638,rock
3625,503,309,662,rock
3654,474,313,642,rock
3604,490,309,662,rock
3638,484,321,660,rock
3593,479,328,662,rock
3629,460,331,658,rock
3643,474,347,689,rock
3630,482,336,676,rock
3659,503,315,667,rock
3629,489,332,681,rock
3617,493,323,673,rock
3619,473,324,676,rock
3648,437,328,677,rock
3614,480,297,653,rock
3655,466,334,671,rock
3645,452,363,700,rock
3631,483,336,683,rock
3613,465,354,675,rock
3637,456,399,678,rock
3638,439,348,697,rock
3598,468,322,666,rock
3631,438,358,685,rock
3644,418,368,694,rock
3607,452,315,670,rock
3619,482,315,662,rock
3646,423,344,669,rock
3669,444,299,650,rock
3625,450,301,666,rock
3654,432,328,657,rock
3637,392,357,691,rock
3629,436,232,645,rock
3627,416,326,668,rock
3623,404,335,680,rock
3625,440,306,645,rock
3625,453,261,633,rock
3624,422,333,667,rock
3635,425,326,679,rock
3645,439,153,616,rock
3630,410,356,668,rock
3659,413,323,668,rock
3579,427,302,650,rock
3617,425,303,651,rock
3644,418,319,666,rock
3625,432,318,675,rock
3621,431,313,650,rock
3648,415,333,667,rock
3674,460,323,662,rock
3644,416,375,706,rock
3630,421,313,643,rock
3643,414,311,654,rock
3621,435,304,643,rock
3669,408,288,640,rock
3629,416,289,625,rock
3684,420,290,631,rock
3626,391,300,637,rock
3617,421,305,638,rock
3621,409,311,654,rock
3615,407,300,640,rock
3613,383,318,644,rock
3627,407,284,627,rock
3641,400,307,637,rock
3663,423,292,636,rock
3627,461,298,641,rock
3623,452,314,656,rock
3643,448,301,641,rock
3628,444,316,657,rock
3626,439,337,682,rock
3627,434,348,688,rock
3629,423,363,687,rock
3611,438,323,669,rock
3641,445,327,673,rock
3651,402,332,674,rock
3639,409,329,665,rock
3636,405,256,625,rock
3643,405,304,649,rock
3632,399,325,666,rock
3627,403,316,654,rock
3618,408,315,651,rock
3621,412,316,648,rock
3640,420,300,642,rock
3624,409,308,639,rock
3629,412,312,642,rock
3625,384,304,632,rock
3627,390,305,646,rock
3663,384,305,632,rock
3577,380,306,626,rock
3641,390,314,651,rock
3617,385,330,656,rock
3659,398,291,633,rock
3623,428,259,617,rock
3629,396,308,648,rock
3630,392,309,646,rock
3636,402,310,657,rock
3614,394,314,649,rock
3628,387,320,650,rock
3628,360,322,656,rock
3741,377,304,646,rock
3633,375,332,681,rock
3626,350,334,674,rock
3622,367,333,677,rock
3643,379,300,648,rock
3629,402,317,662,rock
3645,370,325,669,rock
3621,365,352,673,rock
3600,363,348,688,rock
3635,363,329,680,rock
3633,342,345,665,rock
3630,350,342,681,rock
3631,367,331,676,rock
3629,345,352,689,rock
3634,334,350,684,rock
3631,339,368,711,rock
3634,410,367,716,rock
3627,332,330,680,rock
3627,339,391,669,rock
3644,334,366,695,rock
3630,340,365,711,rock
3617,337,335,692,rock
3751,341,360,698,rock
3608,318,355,694,rock
3655,329,354,685,rock
3599,329,350,694,rock
3623,345,345,680,rock
3626,328,344,675,rock
3628,274,347,691,rock
3603,332,353,674,rock
3634,422,335,684,rock
3646,328,396,666,rock
3463,341,331,655,rock
3614,344,469,705,rock
3641,342,329,662,rock
3625,339,346,672,rock
3628,328,338,672,rock
3615,348,330,659,rock
3629,326,331,667,rock
3630,347,325,662,rock
3643,337,320,652,rock
3638,328,319,667,rock
3613,346,345,674,rock
3691,339,355,701,rock
3624,348,372,695,rock
3640,335,349,674,rock
3642,335,349,687,rock
3631,323,379,693,rock
3627,359,369,693,rock
3629,346,396,652,rock
3643,353,369,695,rock
3614,353,377,690,rock
3624,359,365,693,rock
3607,365,390,682,rock
3627,362,425,673,rock
3626,355,386,646,rock
3628,354,395,648,rock
3651,342,385,639,rock
3634,356,381,703,rock
3647,377,381,718,rock
3635,350,440,705,rock
3631,375,374,705,rock
3625,248,370,700,rock
3654,343,375,714,rock
3639,358,350,702,rock
3613,341,384,657,rock
3636,312,377,707,rock
3617,344,241,662,rock
3649,349,340,692,rock
3630,338,379,710,rock
3624,321,339,691,rock
3625,323,495,732,rock
3587,327,369,698,rock
3626,324,370,702,rock
3623,326,364,706,rock
3627,325,363,691,rock
3636,322,317,680,rock
3627,331,360,692,rock
3629,314,363,699,rock
3629,313,349,691,rock
3634,331,362,699,rock
3629,310,340,681,rock
3629,325,322,663,rock
3628,317,336,668,rock
3649,318,353,691,rock
3629,313,359,698,rock
3631,288,362,689,rock
3637,312,356,695,rock
3636,304,353,685,rock
3695,302,349,691,rock
3525,300,360,698,rock
3627,292,344,671,rock
3635,295,352,688,rock
3652,293,346,678,rock
3630,305,326,657,rock
3613,327,345,674,rock
3656,298,334,674,rock
3623,310,339,677,rock
3608,283,349,676,rock
3625,317,331,667,rock
3625,317,332,664,rock
3633,303,333,668,rock
3667,296,317,653,rock
3647,335,303,655,rock
3635,290,320,658,rock
3653,300,320,642,rock
3630,279,312,640,rock
3626,283,318,649,rock
3627,278,312,638,rock
3622,280,308,640,rock
3609,312,359,673,rock
3627,332,309,644,rock
3630,348,305,640,rock
3634,348,313,642,rock
3633,343,308,633,rock
3627,352,301,637,rock
3635,373,316,648,rock
3602,498,315,665,rock
3632,421,317,662,rock
3624,454,324,656,rock
3614,445,327,678,rock
3627,457,320,645,rock
3626,438,337,667,rock
3634,455,317,654,rock
3702,428,320,646,rock
3635,423,308,651,rock
3629,418,314,647,rock
3638,421,301,649,rock
3626,423,320,653,rock
3640,410,322,659,rock
3626,394,330,662,rock
3610,405,184,627,rock
3642,410,331,673,rock
3628,420,352,681,rock
3617,441,339,680,rock
3630,432,345,690,rock
3626,445,357,705,rock
3624,450,364,694,rock
3636,469,331,691,rock
3636,548,353,693,rock
3633,449,352,694,rock
3612,481,346,685,rock
3601,467,338,676,rock
3661,465,338,683,rock
3629,465,368,697,rock
3600,456,340,673,rock
3637,440,333,677,rock
3632,442,311,663,rock
3608,444,347,680,rock
3620,540,316,664,rock
3634,446,320,660,rock
3641,437,330,671,rock
3624,441,370,695,rock
3611,416,337,676,rock
3625,422,333,676,rock
3653,409,429,680,rock
3627,403,351,684,rock
3631,420,334,691,rock
3635,423,322,668,rock
3654,418,338,686,rock
3607,458,342,694,rock
3630,394,347,695,rock
3733,405,316,674,rock
3628,400,343,687,rock
3631,421,347,679,rock
3627,396,336,673,rock
3631,380,358,689,rock
3627,410,328,661,rock
3623,403,324,664,rock
3651,386,324,654,rock
3646,413,345,666,rock
3628,391,320,662,rock
3634,372,340,668,rock
3629,353,332,662,rock
3614,411,316,656,rock
3632,386,291,630,rock
3526,385,300,642,rock
3614,367,305,646,rock
3621,383,316,657,rock
3630,377,325,662,rock
3635,397,316,663,rock
3629,389,313,656,rock
3627,390,324,669,rock
3649,410,340,677,rock
3628,393,344,680,rock
3634,403,339,678,rock
3615,390,344,679,rock
3629,411,309,664,rock
3631,377,333,669,rock
3628,373,338,676,rock
3620,392,303,670,rock
3591,417,332,662,rock
3640,402,315,654,rock
3614,366,324,666,rock
3619,401,310,658,rock
3631,465,317,651,rock
3645,379,321,653,rock
3625,379,303,644,rock
3618,400,308,649,rock
3755,377,321,653,rock
3635,378,296,636,rock
3587,401,293,634,rock
3635,416,309,641,rock
3634,407,313,640,rock
3624,445,296,627,rock
3626,441,292,631,rock
3638,429,307,627,rock
3643,412,320,640,rock
3619,427,276,622,rock
3630,422,296,627,rock
3636,390,302,634,rock
3687,429,273,615,rock
3635,408,261,596,rock
3631,407,288,622,rock
3627,391,258,600,rock
3651,405,268,610,rock
3617,369,280,603,rock
3771,387,278,609,rock
3616,402,258,602,rock
3591,409,288,617,rock
3618,401,281,610,rock
3622,421,250,638,rock
3615,415,310,641,rock
3622,410,290,624,rock
3628,406,271,626,rock
3636,408,314,652,rock
3625,397,324,667,rock
3652,395,340,671,rock
3628,425,307,651,rock
3616,459,324,661,rock
3627,429,291,645,rock
3630,437,334,688,rock
3626,434,324,670,rock
3477,439,343,698,rock
3624,442,378,711,rock
3629,442,354,687,rock
3630,437,353,689,rock
3631,427,362,680,rock
3635,428,345,680,rock
3625,428,358,699,rock
3627,402,375,708,rock
3548,409,339,683,rock
3629,410,322,673,rock
3625,410,323,670,rock
3627,400,322,666,rock
3626,408,340,676,rock
3647,407,331,671,rock
3607,406,320,649,rock
3508,415,323,664,rock
3651,415,322,657,rock
3639,505,326,666,rock
3628,428,347,676,rock
3644,421,331,672,rock
3614,407,329,672,rock
3681,413,346,675,rock
3628,407,313,652,rock
3510,405,335,672,rock
3628,389,361,702,rock
3636,430,346,678,rock
3621,419,359,694,rock
3612,421,365,711,rock
3631,445,355,695,rock
3519,435,356,695,rock
3623,449,388,682,rock
3630,465,359,695,rock
3622,431,394,664,rock
3636,446,392,671,rock
3612,453,389,666,rock
3603,430,398,672,rock
3626,443,389,686,rock
3633,444,400,670,rock
3636,423,393,660,rock
3635,415,409,659,rock
3629,418,386,674,rock
3631,406,383,730,rock
3628,404,392,662,rock
3636,400,375,704,rock
3627,379,370,708,rock
3629,394,345,677,rock
3599,384,357,702,rock
3626,396,357,702,rock
3627,391,360,699,rock
3626,396,341,689,rock
3623,399,358,707,rock
3612,409,364,706,rock
3630,365,371,694,rock
3652,363,355,687,rock
3501,374,353,678,rock
3635,369,354,684,rock
3634,403,347,694,rock
3633,427,351,700,rock
3628,395,346,683,rock
3630,387,340,674,rock
3617,385,344,670,rock
3615,394,334,675,rock
3626,390,350,680,rock
3639,401,335,684,rock
3615,425,331,666,rock
3632,409,293,653,rock
3610,395,304,641,rock
3627,397,343,678,rock
3637,401,302,648,rock
3628,393,312,645,rock
3623,400,318,659,rock
3634,376,317,646,rock
3638,412,314,653,rock
3611,392,316,656,rock
3658,372,299,641,rock
3629,383,344,661,rock
3651,377,306,634,rock
3629,375,305,631,rock
3613,372,306,639,rock
3634,374,306,631,rock
3618,381,297,630,rock
3631,367,300,634,rock
3610,358,321,641,rock
3628,359,294,638,rock
3629,357,271,618,rock
3608,347,304,624,rock
3598,368,296,613,rock
3624,443,266,606,rock
3735,363,286,619,rock
3624,383,282,606,rock
3634,245,281,600,rock
3632,366,281,624,rock
3625,360,277,611,rock
3630,369,287,635,rock
3627,384,269,616,rock
3622,381,250,639,rock
3622,376,284,608,rock
3631,371,256,594,rock
3627,364,283,614,rock
3622,369,282,611,rock
3633,366,294,628,rock
3631,359,299,634,rock
3648,356,281,620,rock
3697,361,296,641,rock
3617,354,294,628,rock
3631,217,296,615,rock
3629,349,293,629,rock
3615,368,302,644,rock
3622,341,303,640,rock
3649,356,320,653,rock
3575,344,311,653,rock
3634,354,317,654,rock
3629,347,306,656,rock
3634,327,305,642,rock
3630,287,336,667,rock
3630,318,354,685,rock
3635,312,406,670,rock
3630,298,338,669,rock
3641,327,331,664,rock
3626,312,328,664,rock
3617,322,330,657,rock
3630,322,332,665,rock
3633,310,324,652,rock
3609,313,320,646,rock
3599,311,345,661,rock
3635,308,231,650,rock
3567,284,308,632,rock
3627,309,323,640,rock
3629,312,307,640,rock
3629,314,306,642,rock
3627,370,330,653,rock
3768,325,306,643,rock
3606,336,343,671,rock
3629,344,306,623,rock
3641,356,234,627,rock
3624,363,294,630,rock
3628,374,292,630,rock
3620,330,290,619,rock
3633,425,290,623,rock
3627,364,288,623,rock
3628,351,306,628,rock
3626,365,284,623,rock
3635,361,296,617,rock
3629,359,296,614,rock
3621,334,290,610,rock
3632,344,284,613,rock
3649,329,288,608,rock
3610,350,291,614,rock
3635,342,283,617,rock
3635,363,283,619,rock
3629,358,256,598,rock
3631,366,277,617,rock
3602,386,279,619,rock
3628,391,270,630,rock
3627,378,251,641,rock
3628,352,285,625,rock
3643,379,300,626,rock
3627,371,307,644,rock
3630,369,313,641,rock
3626,374,309,656,rock
3643,330,310,644,rock
3657,366,294,632,rock
3657,348,172,605,rock
3633,291,321,650,rock
3644,352,284,622,rock
3633,355,297,629,rock
3617,355,294,628,rock
3628,358,296,623,rock
3657,354,303,648,rock
3628,349,301,631,rock
3613,344,299,629,rock
3634,344,298,620,rock
3630,342,287,632,rock
3620,338,309,638,rock
3622,336,297,625,rock
3641,340,293,623,rock
3623,338,288,616,rock
3686,348,296,636,rock
3636,368,296,628,rock
3627,334,301,635,rock
3629,375,308,636,rock
3624,355,296,631,rock
3629,353,295,632,rock
3618,350,150,598,rock
3709,352,297,632,rock
3620,347,290,616,rock
3627,351,292,627,rock
3607,343,300,626,rock
3597,346,289,616,rock
3587,350,289,605,rock
3608,341,298,620,rock
3642,368,289,615,rock
3630,380,280,610,rock
3635,375,331,636,rock
3637,328,297,624,rock
3626,410,280,609,rock
3620,508,277,619,rock
3628,414,275,617,rock
3628,418,172,594,rock
3637,433,244,640,rock
3639,401,266,620,rock
3637,392,270,634,rock
3656,397,376,652,rock
3647,390,264,590,rock
3623,386,261,619,rock
3493,387,257,591,rock
3630,392,258,608,rock
3655,392,257,612,rock
3617,415,237,627,rock
3618,432,238,636,rock
3661,404,234,634,rock
3629,395,248,646,rock
3631,418,269,631,rock
3623,416,264,624,rock
3515,391,245,656,rock
3624,413,245,663,rock
3592,418,264,598,rock
3652,418,246,664,rock
3625,385,244,656,rock
3684,397,257,613,rock
3605,441,238,665,rock
3627,464,226,641,rock
3600,478,238,660,rock
3635,487,276,635,rock
3610,493,223,657,rock
3628,482,267,625,rock
3649,478,242,664,rock
3629,506,229,650,rock
3629,478,243,644,rock
3617,461,239,660,rock
3630,487,236,653,rock
3627,471,228,638,rock
3634,452,235,658,rock
3629,445,235,645,rock
3568,456,221,642,rock
3625,438,221,640,rock
3628,430,247,666,rock
3620,425,234,634,rock
3621,418,229,646,rock
3655,409,230,642,rock
3612,410,228,641,rock
3639,421,217,634,rock
3625,420,229,640,rock
3627,420,233,642,rock
3628,418,232,638,rock
3630,413,226,641,rock
3623,408,229,644,rock
3617,381,247,655,rock
3635,415,234,624,rock
3658,402,238,657,rock
3629,419,243,645,rock
3597,397,237,648,rock
3635,401,232,634,rock
3650,395,239,662,rock
3668,403,223,639,rock
3562,407,233,646,rock
3637,405,233,636,rock
3635,408,238,643,rock
3640,391,241,652,rock
3654,381,245,657,rock
3622,389,256,618,rock
3626,380,258,616,rock
3630,383,255,657,rock
3633,397,256,603,rock
3629,383,229,633,rock
3629,354,248,646,rock
3634,360,250,655,rock
3643,362,243,640,rock
3633,363,240,644,rock
3627,352,258,616,rock
3631,345,244,648,rock
3659,347,245,633,rock
3610,395,275,599,rock
3627,342,260,587,rock
3643,354,257,589,rock
3636,339,238,629,rock
3634,336,258,613,rock
3634,332,239,647,rock
3630,325,226,644,rock
3629,330,213,639,rock
3619,321,253,664,rock
3629,326,238,653,rock
3609,304,252,641,rock
3620,310,248,642,rock
3640,308,232,629,rock
3627,290,229,636,rock
3627,304,243,640,rock
3626,331,242,633,rock
3616,343,238,636,rock
3616,366,247,642,rock
3658,353,220,632,rock
3628,354,266,618,rock
3660,396,266,623,rock
3611,405,247,653,rock
3644,389,238,652,rock
3657,385,236,662,rock
3599,383,245,649,rock
3636,514,241,647,rock
3627,395,245,658,rock
3633,389,254,661,rock
3633,399,239,651,rock
3630,397,225,643,rock
3630,389,234,641,rock
3625,382,237,648,rock
3614,380,106,615,rock
3639,372,265,621,rock
3635,390,216,638,rock
3630,381,234,640,rock
3625,365,224,625,rock
3642,376,226,623,rock
3631,372,201,623,rock
3612,338,254,650,rock
3627,371,214,635,rock
3634,361,208,609,rock
3615,333,238,653,rock
3655,308,230,637,rock
3631,356,235,650,rock
3609,340,243,645,rock
3609,348,247,661,rock
3615,343,244,658,rock
3632,339,258,611,rock
3624,323,237,654,rock
3634,342,239,654,rock
3629,334,252,652,rock
3636,327,244,653,rock
3655,332,222,643,rock
3628,329,256,621,rock
3660,320,249,649,rock
3626,318,245,637,rock
3617,264,262,623,rock
3629,221,256,588,rock
3519,334,259,598,rock
3536,351,252,632,rock
3611,331,251,635,rock
3626,310,254,662,rock
3656,323,227,622,rock
3626,323,260,592,rock
3627,321,253,660,rock
3630,322,247,657,rock
3602,325,214,644,rock
3630,313,243,644,rock
3618,329,254,644,rock
3630,315,258,595,rock
3739,326,260,601,rock
3626,313,249,620,rock
3623,310,272,610,rock
3627,307,251,641,rock
3608,312,258,610,rock
3633,299,262,602,rock
3609,290,300,629,rock
3627,233,291,600,rock
3621,319,268,595,rock
3639,290,234,622,rock
3627,291,261,588,rock
3628,203,265,602,rock
3627,311,264,587,rock
3616,270,262,604,rock
3492,289,261,597,rock
3629,311,264,612,rock
3625,299,264,592,rock
3609,293,251,624,rock
3636,299,259,598,rock
3601,311,264,584,rock
3586,313,250,636,rock
3634,320,245,649,rock
3636,289,253,661,rock
3638,333,250,640,rock
3631,333,247,647,rock
3638,233,247,633,rock
3628,329,244,658,rock
3557,325,245,648,rock
3619,345,198,626,rock
3624,318,244,650,rock
3627,314,244,649,rock
3649,300,272,614,rock
3630,286,235,633,rock
3628,325,241,645,rock
3626,310,229,636,rock
3623,326,218,621,rock
3618,340,233,638,rock
3645,317,254,658,rock
3648,317,234,631,rock
3627,319,237,650,rock
3628,304,235,645,rock
3622,294,260,605,rock
3648,308,258,617,rock
3646,308,335,671,rock
3634,301,224,633,rock
3631,303,244,647,rock
3629,295,266,602,rock
3627,299,247,641,rock
3624,271,248,639,rock
3626,295,250,652,rock
3627,298,247,644,rock
3642,293,240,616,rock
3645,285,225,626,rock
3627,302,271,609,rock
3629,298,246,653,rock
3624,280,236,644,rock
3629,311,238,644,rock
3479,294,239,645,rock
3633,289,320,629,rock
3631,288,252,638,rock
3629,286,253,643,rock
3631,288,282,615,rock
3630,296,228,624,rock
3610,305,292,642,rock
3625,304,246,631,rock
3627,310,242,622,rock
3628,289,294,632,rock
3629,309,273,602,rock
3628,306,282,609,rock
3631,288,279,617,rock
3641,331,276,616,rock
3627,304,310,645,rock
3625,310,323,656,rock
3622,297,371,699,rock
3635,300,370,695,rock
3629,295,369,696,rock
3620,298,356,688,rock
3624,286,351,680,rock
3632,282,363,683,rock
3621,305,336,668,rock
3617,291,221,654,rock
3634,257,338,662,rock
3649,282,225,645,rock
3651,272,456,681,rock
3627,281,340,662,rock
3631,290,348,675,rock
3507,275,324,646,rock
3640,281,324,651,rock
3627,291,311,665,rock
3629,279,329,658,rock
3646,307,320,642,rock
3654,308,313,629,rock
3626,282,310,648,rock
3644,286,272,616,rock
3643,306,307,631,rock
3608,276,320,636,rock
3628,278,247,648,rock
3632,279,297,618,rock
3638,279,271,620,rock
3625,294,298,616,rock
3632,313,288,604,rock
3630,320,302,628,rock
3585,316,292,610,rock
3625,318,290,609,rock
3604,309,285,616,rock
3599,308,276,607,rock
3613,307,280,613,rock
3632,298,259,595,rock
3624,298,269,623,rock
3659,299,273,610,rock
3630,325,270,610,rock
3632,284,269,614,rock
3618,310,265,600,rock
3600,301,313,627,rock
3628,303,263,596,rock
3627,285,282,617,rock
3629,296,252,625,rock
3618,314,256,584,rock
3641,297,254,637,rock
3630,292,211,632,rock
3636,282,256,607,rock
3627,292,249,636,rock
3625,286,234,636,rock
3629,374,246,648,rock
3626,292,235,632,rock
3632,301,242,631,rock
3625,293,244,649,rock
3653,288,108,612,rock
3628,314,239,653,rock
3610,276,241,635,rock
3628,289,240,634,rock
3628,274,241,644,rock
3631,212,264,611,rock
3634,268,244,654,rock
3639,313,211,607,rock
3687,309,238,642,rock
3621,329,184,605,rock
3604,304,288,627,rock
3597,299,236,644,rock
3634,182,232,625,rock
3622,301,216,623,rock
3630,396,237,643,rock
3614,297,235,638,rock
3661,299,225,641,rock
3625,282,201,615,rock
3629,314,237,629,rock
3624,316,237,637,rock
3625,305,201,609,rock
3630,300,226,625,rock
3628,297,214,626,rock
3629,272,229,637,rock
3630,290,242,636,rock
3625,308,203,620,rock
3647,314,244,649,rock
3629,292,250,638,rock
3627,307,258,580,rock
3615,309,253,649,rock
3611,312,249,634,rock
3624,311,252,641,rock
3614,307,247,650,rock
3478,310,253,641,rock
3618,291,246,657,rock
3626,337,270,625,rock
3616,346,253,657,rock
3630,353,239,647,rock
3605,379,251,640,rock
3623,347,256,592,rock
3620,332,260,614,rock
3627,292,267,606,rock
3628,406,273,630,rock
3648,398,248,651,rock
3641,425,211,632,rock
3655,422,100,613,rock
3631,438,209,636,rock
3639,422,235,638,rock
3606,404,232,654,rock
3628,420,230,655,rock
3631,400,235,648,rock
3634,410,242,656,rock
3628,379,257,612,rock
3607,397,264,610,rock
3646,397,249,652,rock
3610,392,281,614,rock
3624,386,241,628,rock
3627,382,259,595,rock
3643,379,258,589,rock
3630,359,253,662,rock
3665,369,250,637,rock
3602,368,249,658,rock
3650,356,235,647,rock
3629,361,254,664,rock
3727,361,252,661,rock
3632,353,241,649,rock
3630,351,215,641,rock
3641,346,242,637,rock
3748,336,240,649,rock
3635,328,244,640,rock
3628,333,251,630,rock
3611,329,253,665,rock
3743,327,254,653,rock
3629,322,256,598,rock
3626,329,268,618,rock
3627,370,247,669,rock
3628,351,248,648,rock
3627,334,245,656,rock
3612,358,322,637,rock
3626,357,242,650,rock
3623,340,256,601,rock
3635,333,237,652,rock
3621,365,281,628,rock
3625,387,213,640,rock
3636,395,236,652,rock
3654,402,254,666,rock
3643,423,233,629,rock
3631,438,233,642,rock
3611,438,239,657,rock
3630,404,240,646,rock
3628,417,251,656,rock
3659,408,240,644,rock
3601,409,229,647,rock
3630,396,229,640,rock
3657,412,234,646,rock
3666,382,235,644,rock
3624,395,226,642,rock
3661,389,233,643,rock
3624,382,221,650,rock
3628,385,254,664,rock
3628,380,245,652,rock
3631,351,242,632,rock
3631,348,227,630,rock
3624,282,231,637,rock
3635,379,223,640,rock
3619,358,132,585,rock
3625,365,228,637,rock
3588,352,284,637,rock
3628,350,230,643,rock
3625,343,225,627,rock
3625,362,220,631,rock
3634,371,226,640,rock
3622,366,254,667,rock
3601,364,238,653,rock
3645,388,252,659,rock
3629,366,199,624,rock
3629,358,246,652,rock
3611,369,228,643,rock
3643,375,213,622,rock
3630,350,198,622,rock
3621,434,247,650,rock
3618,357,228,643,rock
3652,364,236,635,rock
3612,336,248,638,rock
3642,362,224,629,rock
3629,340,223,634,rock
3624,327,226,625,rock
3628,314,217,616,rock
3627,336,132,575,rock
3645,333,216,618,rock
3632,313,217,617,rock
3638,319,216,609,rock
3647,304,205,622,rock
3623,314,224,630,rock
3597,311,221,637,rock
3625,307,228,631,rock
3638,306,213,619,rock
3626,302,230,642,rock
3658,297,78,590,rock
3625,298,230,637,rock
3631,300,229,634,rock
3643,282,312,620,rock
3596,292,278,630,rock
3625,295,234,622,rock
3661,306,227,620,rock
3625,318,225,623,rock
3624,315,222,635,rock
3646,318,196,612,rock
3639,334,224,624,rock
3630,332,223,630,rock
3629,351,220,628,rock
3642,369,235,644,rock
3649,381,73,585,rock
3642,414,215,628,rock
3632,386,214,625,rock
3618,377,204,620,rock
3621,394,218,629,rock
3655,372,328,632,rock
3663,372,212,625,rock
3632,361,194,612,rock
3634,361,203,601,rock
3622,356,203,626,rock
3621,355,204,606,rock
3632,220,210,599,rock
3627,350,187,607,rock
3648,341,225,630,rock
3626,344,223,640,rock
3627,352,222,623,rock
3627,337,221,627,rock
3615,331,183,609,rock
3627,340,220,623,rock
3619,241,217,616,rock
3612,331,245,641,rock
3633,317,187,597,rock
3625,336,212,618,rock
3614,346,210,620,rock
3656,326,217,624,rock
3659,339,199,621,rock
3627,318,212,611,rock
3631,359,214,623,rock
3628,338,197,614,rock
3631,320,208,604,rock
3636,338,210,617,rock
3585,342,221,623,rock
3628,364,218,626,rock
3626,312,213,618,rock
3656,344,225,621,rock
3628,344,215,629,rock
3618,328,227,629,rock
3622,329,204,616,rock
3617,367,223,627,rock
3601,325,260,615,rock
3630,325,209,613,rock
3639,324,128,568,rock
3636,318,214,607,rock
3625,319,213,621,rock
3628,320,197,615,rock
3614,319,210,612,rock
3623,314,209,609,rock
3629,313,179,594,rock
3632,309,198,607,rock
3629,305,206,614,rock
3609,338,202,598,rock
3636,340,204,608,rock
3610,318,204,610,rock
3612,337,232,620,rock
3630,324,182,598,rock
3653,326,201,597,rock
3620,327,324,620,rock
3646,309,188,593,rock
3653,311,192,593,rock
3629,326,180,595,rock
3630,179,197,597,rock
3600,321,214,616,rock
3636,282,198,600,rock
3632,296,195,604,rock
3627,296,200,588,rock
3628,304,203,598,rock
3608,312,173,587,rock
3661,322,194,588,rock
3599,320,192,597,rock
3630,308,190,610,rock
3628,307,193,588,rock
3629,322,177,597,rock
3627,316,190,599,rock
3651,311,174,584,rock
3634,308,199,612,rock
3625,308,218,607,rock
3619,318,201,594,rock
3638,302,186,581,rock
3632,291,198,623,rock
3662,305,193,584,rock
3614,294,212,616,rock
3638,291,204,608,rock
3631,283,210,608,rock
3621,288,214,621,rock
3658,307,205,611,rock
3620,300,210,604,rock
3625,300,202,615,rock
3633,294,213,607,rock
3633,300,205,619,rock
3605,294,195,597,rock
3630,156,198,604,rock
3610,288,196,600,rock
3594,286,214,611,rock
3614,311,211,610,rock
3659,318,205,612,rock
3637,287,204,605,rock
3628,313,226,602,rock
3626,320,198,611,rock
3639,326,196,592,rock
3609,297,211,608,rock
3631,316,196,606,rock
3629,317,198,604,rock
3626,296,190,610,rock
3612,314,196,598,rock
3642,299,262,600,rock
3634,311,197,613,rock
3625,314,208,596,rock
3604,307,195,599,rock
3627,292,198,608,rock
3618,281,193,587,rock
3618,327,194,589,rock
3625,295,196,601,rock
3651,296,181,586,rock
3619,285,199,598,rock
3770,276,190,597,rock
3631,315,189,607,rock
3643,274,243,631,rock
3501,300,204,605,rock
3632,291,194,605,rock
3643,281,189,613,rock
3618,327,232,625,rock
3633,267,220,613,rock
3550,270,220,622,rock
3628,273,214,624,rock
3682,270,214,621,rock
3628,258,209,613,rock
3628,264,221,627,rock
3628,263,195,600,rock
3631,270,214,608,rock
3628,243,211,612,rock
3619,274,213,620,rock
3690,281,213,610,rock
3625,288,209,617,rock
3645,281,203,609,rock
3616,337,233,624,rock
3598,274,216,616,rock
3653,261,323,626,rock
3669,270,186,604,rock
3605,265,216,603,rock
3628,267,240,630,rock
3627,251,220,623,rock
3820,263,219,616,rock
3554,259,221,626,rock
3632,244,212,614,rock
3630,258,217,614,rock
3659,244,218,610,rock
3735,269,225,637,rock
3625,275,210,612,rock
3625,259,227,619,rock
3613,253,227,623,rock
3642,246,217,617,rock
3626,237,243,631,rock
3625,247,243,645,rock
3644,267,245,649,rock
3622,274,264,616,rock
3611,313,251,653,rock
3622,319,250,630,rock
3631,320,270,626,rock
3628,328,260,617,rock
3639,381,216,638,rock
3623,399,218,640,rock
3636,342,234,644,rock
3631,371,241,644,rock
3632,359,238,654,rock
3623,365,238,654,rock
3635,286,227,634,rock
3633,363,234,645,rock
3626,357,234,643,rock
3631,345,225,639,rock
3631,357,226,627,rock
3630,326,226,632,rock
3629,344,209,623,rock
3625,352,256,606,rock
3619,336,236,642,rock
3629,332,246,644,rock
3643,329,240,634,rock
3637,325,211,628,rock
3610,328,228,629,rock
3625,328,222,626,rock
3583,330,234,625,rock
3631,333,256,604,rock
3629,330,243,652,rock
3626,327,225,645,rock
3637,325,224,634,rock
3633,335,237,644,rock
3634,318,236,637,rock
3647,319,245,646,rock
3620,301,241,630,rock
3519,288,237,640,rock
3633,334,249,645,rock
3632,302,247,661,rock
3627,298,247,650,rock
3621,276,242,645,rock
3634,402,242,624,rock
3629,317,245,651,rock
3642,296,226,629,rock
3621,277,248,641,rock
3629,262,234,629,rock
3628,287,226,627,rock
3628,284,235,623,rock
3630,388,232,609,rock
3647,307,225,629,rock
3628,286,228,637,rock
3636,280,204,623,rock
3619,282,229,639,rock
3627,269,226,628,rock
3626,283,259,606,rock
3627,286,228,632,rock
3648,340,209,621,rock
3630,292,229,632,rock
3627,306,231,642,rock
3633,258,208,616,rock
3667,307,228,633,rock
3616,301,228,635,rock
3603,276,220,633,rock
3608,295,392,630,rock
3634,258,237,630,rock
3620,291,242,625,rock
3633,209,267,605,rock
3632,286,237,629,rock
3635,295,248,652,rock
3626,283,262,604,rock
3627,280,286,614,rock
3627,288,293,622,rock
3642,286,291,621,rock
3627,305,270,608,rock
3629,321,279,622,rock
3628,324,290,618,rock
3631,314,277,620,rock
3628,331,278,616,rock
3625,324,277,602,rock
3647,338,264,592,rock
3489,319,275,605,rock
3643,372,272,607,rock
3642,331,257,605,rock
3612,359,283,608,rock
3627,325,277,610,rock
3633,185,268,595,rock
3630,324,254,650,rock
3626,311,266,591,rock
3615,317,264,587,rock
3628,311,257,584,rock
3650,331,253,640,rock
3627,312,254,650,rock
3647,306,252,632,rock
3673,300,239,640,rock
3633,305,262,596,rock
3629,307,241,621,rock
3626,315,258,605,rock
3669,297,282,598,rock
3622,310,256,583,rock
3645,300,253,637,rock
3645,298,258,587,rock
3631,294,285,618,rock
3617,300,271,608,rock
3626,291,276,593,rock
3647,274,331,630,rock
3640,272,288,604,rock
3637,283,261,603,rock
3630,283,256,585,rock
3629,295,256,586,rock
3628,278,258,586,rock
3630,284,257,587,rock
3619,275,264,584,rock
3627,282,270,604,rock
3620,381,270,594,rock
3618,280,246,645,rock
3625,303,274,598,rock
3626,284,266,590,rock
3631,274,261,592,rock
3634,284,242,625,rock
3618,285,295,620,rock
3640,257,281,600,rock
3625,276,276,609,rock
3657,271,271,602,rock
3643,309,264,593,rock
3604,291,268,606,rock
3627,300,245,633,rock
3647,283,264,574,rock
3627,310,268,613,rock
3635,304,252,636,rock
3637,308,262,600,rock
3633,309,264,601,rock
3604,312,260,605,rock
3620,280,260,598,rock
3647,305,240,617,rock
3639,267,263,599,rock
3625,314,260,597,rock
3623,318,260,603,rock
3634,310,259,587,rock
3629,317,256,580,rock
3632,318,252,640,rock
3641,335,252,644,rock
3628,380,252,633,rock
3636,325,250,650,rock
3623,333,243,630,rock
3623,338,222,644,rock
3627,328,245,660,rock
3599,340,253,662,rock
3629,322,247,662,rock
3661,312,229,643,rock
3618,326,239,633,rock
3632,336,260,613,rock
3630,319,243,646,rock
3634,401,251,657,rock
3631,316,231,644,rock
3645,285,267,618,rock
3640,297,250,645,rock
3616,321,252,654,rock
3627,292,243,639,rock
3629,295,229,633,rock
3636,362,243,645,rock
3627,289,229,635,rock
3646,202,247,653,rock
3628,292,264,607,rock
3636,252,241,631,rock
3632,268,247,654,rock
3629,291,247,662,rock
3628,285,238,644,rock
3626,289,250,634,rock
3633,284,187,608,rock
3636,261,308,640,rock
3630,256,277,621,rock
3638,286,218,633,rock
3624,257,254,636,rock
3633,274,246,643,rock
3625,279,247,662,rock
3611,274,241,630,rock
3664,279,228,626,rock
3638,275,259,589,rock
3609,270,252,634,rock
3631,268,245,650,rock
3626,258,243,617,rock
3630,162,253,656,rock
3630,261,235,642,rock
3639,254,251,635,rock
3630,273,240,629,rock
3633,270,239,646,rock
3627,242,244,635,rock
3629,260,247,651,rock
3603,254,270,625,rock
3608,267,249,631,rock
3656,260,243,649,rock
3626,259,272,593,rock
3647,262,236,618,rock
3633,250,273,593,rock
3625,231,265,596,rock
3615,275,263,608,rock
3628,256,260,583,rock
3620,228,268,590,rock
3631,253,257,595,rock
3627,256,259,584,rock
3653,250,247,624,rock
3630,247,234,635,rock
3629,253,250,642,rock
3630,250,249,643,rock
3610,253,244,652,rock
3631,249,233,616,rock
3624,265,211,628,rock
3626,231,240,635,rock
3606,215,250,642,rock
3630,247,244,643,rock
3505,245,250,651,rock
3628,265,240,648,rock
3635,246,239,640,rock
3618,271,226,632,rock
3635,251,238,652,rock
3518,269,240,642,rock
3627,410,238,651,rock
3659,271,236,640,rock
3624,279,233,626,rock
3628,262,237,633,rock
3621,254,229,630,rock
3633,242,224,623,rock
3629,251,213,625,rock
3614,250,227,626,rock
3656,251,228,620,rock
3628,249,226,628,rock
3651,246,229,631,rock
3623,225,225,626,rock
3605,243,229,632,rock
3656,242,217,619,rock
3656,240,224,627,rock
3628,237,219,621,rock
3610,244,220,631,rock
3610,248,220,621,rock
3639,238,215,609,rock
3639,238,225,622,rock
3658,243,225,619,rock
3629,268,236,643,rock
3634,236,212,624,rock
3629,236,222,632,rock
3622,224,240,633,rock
3633,237,237,634,rock
3631,254,230,637,rock
3674,261,238,662,rock
3625,251,239,636,rock
3633,248,240,642,rock
3628,251,239,644,rock
3625,250,219,611,rock
3640,265,231,642,rock
3648,266,228,633,rock
3617,263,239,648,rock
3616,263,240,637,rock
3630,286,253,656,rock
3633,285,209,621,rock
3625,281,234,640,rock
3626,298,261,619,rock
3630,278,230,636,rock
3662,280,231,626,rock
3628,296,228,627,rock
3629,307,226,630,rock
3594,293,236,640,rock
3644,277,225,628,rock
3624,306,210,612,rock
3627,294,229,638,rock
3635,304,228,634,rock
3629,309,218,625,rock
3634,345,199,624,rock
3627,336,225,627,rock
3660,350,218,623,rock
3626,378,216,623,rock
3614,367,203,617,rock
3628,363,213,624,rock
3642,338,228,623,rock
3638,356,227,628,rock
3625,352,230,634,rock
3634,349,206,623,rock
3636,315,233,623,rock
3634,348,209,614,rock
3710,351,216,612,rock
3637,345,243,619,rock
3645,333,191,615,rock
3631,341,182,605,rock
3646,326,208,612,rock
3634,340,210,612,rock
3632,339,176,593,rock
3648,349,176,600,rock
3643,322,223,620,rock
3607,333,214,624,rock
3625,361,216,609,rock
3647,364,212,622,rock
3617,342,214,628,rock
3632,349,222,629,rock
3618,345,152,574,rock
3630,331,244,655,rock
3623,338,267,591,rock
3628,334,251,647,rock
3629,339,262,617,rock
3623,328,256,592,rock
3632,325,248,632,rock
3627,331,258,595,rock
3625,323,244,646,rock
3632,315,272,603,rock
3617,314,253,663,rock
3622,316,266,598,rock
3629,307,257,621,rock
3627,305,249,652,rock
3629,303,235,644,rock
3645,285,256,597,rock
3611,298,243,624,rock
3614,281,231,644,rock
3629,289,253,637,rock
3640,290,246,654,rock
3625,290,247,659,rock
3643,289,238,651,rock
3609,294,251,629,rock
3706,294,243,642,rock
3637,309,246,648,rock
3652,275,239,648,rock
3627,291,240,630,rock
3619,289,244,650,rock
3644,312,216,627,rock
3634,344,236,645,rock
3638,300,220,629,rock
3631,311,223,637,rock
3631,290,231,648,rock
3629,269,262,616,rock
3612,308,222,644,rock
3640,275,282,621,rock
3655,282,77,597,rock
3613,281,226,624,rock
3627,300,208,619,rock
3637,295,212,621,rock
3607,293,227,625,rock
3624,295,212,609,rock
3621,287,222,631,rock
3627,275,222,625,rock
3626,291,214,629,rock
3634,306,237,636,rock
3630,314,232,630,rock
3627,301,225,631,rock
3626,333,221,627,rock
3627,323,224,622,rock
3656,327,336,638,rock
3619,345,226,632,rock
3623,328,248,636,rock
3638,360,204,621,rock
3658,336,216,614,rock
3624,339,202,611,rock
3636,343,219,625,rock
3630,315,224,624,rock
3625,343,239,640,rock
3636,350,226,624,rock
3638,244,217,614,rock
3642,349,221,626,rock
3627,337,247,649,rock
3629,346,189,601,rock
3643,335,203,616,rock
3625,325,228,629,rock
3632,338,246,641,rock
3620,327,215,630,rock
3638,304,214,628,rock
3626,326,218,620,rock
3631,316,213,621,rock
3625,318,228,633,rock
3625,314,234,631,rock
3628,323,133,594,rock
3667,308,223,652,rock
3640,311,217,627,rock
3631,307,243,643,rock
3633,323,227,628,rock
3629,300,248,652,rock
3630,296,234,640,rock
3665,291,219,631,rock
3662,289,124,618,rock
3628,292,262,621,rock
3623,277,260,605,rock
3634,298,247,631,rock
3631,270,239,649,rock
3629,281,239,641,rock
3600,281,259,582,rock
3613,277,294,614,rock
3549,291,259,595,rock
3628,290,259,592,rock
3637,291,241,622,rock
3622,277,240,635,rock
3666,264,278,605,rock
3638,265,256,605,rock
3637,147,252,630,rock
3620,268,253,645,rock
3644,265,250,634,rock
3636,264,234,646,rock
3628,260,244,650,rock
3627,292,231,650,rock
3630,262,242,643,rock
3630,264,208,619,rock
3633,252,250,646,rock
3630,247,234,615,rock
3603,261,227,625,rock
3625,276,233,640,rock
3625,260,236,635,rock
3643,257,217,616,rock
3611,259,232,630,rock
3604,266,239,642,rock
3633,242,228,621,rock
3618,262,210,617,rock
3631,262,217,618,rock
3669,217,226,618,rock
3633,264,238,631,rock
3625,273,197,616,rock
3627,251,220,622,rock
3612,274,202,611,rock
3632,301,234,629,rock
3623,312,252,640,rock
3627,311,200,611,rock
3756,309,217,610,rock
3659,312,212,619,rock
3651,304,212,625,rock
3617,303,241,645,rock
3624,324,220,630,rock
3616,315,333,639,rock
3620,320,247,648,rock
3625,338,256,582,rock
3627,341,234,630,rock
3636,313,288,615,rock
3633,303,305,636,rock
3627,371,304,631,rock
3628,341,302,633,rock
3615,337,305,634,rock
3627,338,298,624,rock
3632,335,354,648,rock
3611,348,295,626,rock
3625,330,257,597,rock
3631,307,293,622,rock
3625,341,301,625,rock
3625,346,287,618,rock
3623,353,296,621,rock
3627,345,386,618,rock
3621,362,261,612,rock
3620,351,290,616,rock
3626,335,419,638,rock
3628,331,310,634,rock
3661,335,262,599,rock
3642,334,284,615,rock
3642,300,286,633,rock
3666,321,269,613,rock
3616,315,274,606,rock
3626,318,267,595,rock
3581,323,265,598,rock
3632,311,267,615,rock
3659,300,248,627,rock
3629,309,264,583,rock
3628,316,250,644,rock
3628,306,231,650,rock
3630,295,286,614,rock
3637,323,294,618,rock
3646,317,225,617,rock
3623,308,285,611,rock
3709,303,252,642,rock
3510,327,251,632,rock
3606,320,246,650,rock
3695,308,247,629,rock
3613,297,249,646,rock
3631,317,249,652,rock
3654,309,243,637,rock
3628,313,237,648,rock
3634,315,231,637,rock
3626,322,217,627,rock
3626,318,241,637,rock
3638,321,232,636,rock
3630,327,237,655,rock
3648,321,229,642,rock
3613,328,233,631,rock
3639,302,250,640,rock
3630,327,216,625,rock
3627,341,260,604,rock
3624,341,251,642,rock
3629,299,206,630,rock
3632,399,228,635,rock
3621,346,144,590,rock
3627,339,226,631,rock
3653,338,225,632,rock
3629,327,223,632,rock
3640,350,220,634,rock
3583,320,225,616,rock
3627,307,225,618,rock
3624,332,220,625,rock
3630,346,210,622,rock
3634,343,212,621,rock
3630,317,212,615,rock
3724,329,217,630,rock
3635,327,228,626,rock
3626,310,214,624,rock
3638,350,215,634,rock
3618,317,243,640,rock
3662,275,232,633,rock
3618,306,246,654,rock
3639,305,240,630,rock
3638,310,250,652,rock
3650,294,250,656,rock
3632,301,261,613,rock
3630,307,256,602,rock
3635,319,251,628,rock
3629,276,270,607,rock
3639,305,280,608,rock
3638,207,275,586,rock
3629,290,264,596,rock
3627,294,266,598,rock
3626,305,281,605,rock
3629,280,279,612,rock
3630,276,272,599,rock
3637,273,295,624,rock
3656,296,266,595,rock
3627,290,272,610,rock
3632,205,279,595,rock
3600,272,297,603,rock
3656,314,243,622,rock
3627,264,265,590,rock
3625,270,251,631,rock
3629,273,261,601,rock
3665,271,253,623,rock
3660,265,258,586,rock
3728,262,267,599,rock
3642,263,265,594,rock
3627,276,267,592,rock
3629,284,278,611,rock
3636,277,262,602,rock
3628,274,257,591,rock
3654,275,257,602,rock
3626,283,264,596,rock
3617,278,251,642,rock
3627,304,248,642,rock
3651,285,257,602,rock
3633,284,250,653,rock
3651,290,374,681,rock
3621,274,254,656,rock
3632,308,264,595,rock
3633,320,232,633,rock
3626,318,253,656,rock
3635,316,228,642,rock
3605,308,265,618,rock
3630,295,243,649,rock
3626,309,256,611,rock
3631,314,257,590,rock
3616,313,256,598,rock
3629,292,256,588,rock
3618,323,265,596,rock
3629,438,237,638,rock
3634,307,257,588,rock
3626,306,270,625,rock
3654,313,220,608,rock
3633,292,257,589,rock
3623,320,248,634,rock
3612,289,248,637,rock
3647,292,228,636,rock
3619,301,258,608,rock
3624,307,268,598,rock
3617,323,273,598,rock
3626,303,283,611,rock
3634,295,293,622,rock
3627,296,300,630,rock
3627,298,320,634,rock
3625,300,289,617,rock
3475,297,305,629,rock
3628,300,302,653,rock
3633,293,304,634,rock
3627,305,183,610,rock
3628,287,298,626,rock
3638,286,305,624,rock
3621,283,292,621,rock
3627,298,321,630,rock
3626,271,290,611,rock
3634,281,247,643,rock
3602,279,336,642,rock
3620,317,305,618,rock
3642,281,266,606,rock
3627,286,265,605,rock
3651,283,273,613,rock
3627,236,297,623,rock
3675,283,292,618,rock
3627,278,304,630,rock
3526,284,292,628,rock
3616,277,305,627,rock
3611,276,287,624,rock
3633,267,291,613,rock
3631,280,283,609,rock
3629,286,381,656,rock
3631,286,285,615,rock
3623,293,277,612,rock
3629,294,284,612,rock
3635,291,192,598,rock
3605,291,276,610,rock
3623,295,277,606,rock
3628,286,270,610,rock
3658,292,248,628,rock
3626,284,266,593,rock
3625,281,261,596,rock
3626,292,266,594,rock
3635,292,270,599,rock
3624,365,234,636,rock
3634,302,261,610,rock
3629,296,240,623,rock
3820,301,256,605,rock
3655,296,251,645,rock
3653,320,243,625,rock
3627,312,240,651,rock
3629,296,266,606,rock
3641,300,216,631,rock
3647,295,219,623,rock
3630,288,206,636,rock
3635,294,229,648,rock
3630,306,223,645,rock
3710,291,240,638,rock
3677,285,259,611,rock
3629,304,229,643,rock
3721,296,224,637,rock
3646,281,245,638,rock
3628,278,223,639,rock
3630,276,243,644,rock
3594,276,241,631,rock
3624,291,268,613,rock
3621,275,235,643,rock
3631,290,218,624,rock
3628,291,224,622,rock
3629,298,261,606,rock
3623,296,234,641,rock
3627,290,230,632,rock
3630,280,225,621,rock
3654,282,231,644,rock
3652,312,234,641,rock
3631,285,249,646,rock
3637,366,253,640,rock
3602,283,259,586,rock
3571,277,252,637,rock
3626,278,253,662,rock
3626,272,258,604,rock
3627,282,253,656,rock
3666,223,244,648,rock
3636,266,257,605,rock
3631,272,258,612,rock
3630,280,236,625,rock
3657,263,236,642,rock
3635,252,259,608,rock
3604,271,242,644,rock
3625,280,227,638,rock
3616,246,177,606,rock
3645,266,247,648,rock
3630,265,246,660,rock
3628,265,232,629,rock
3630,273,214,635,rock
3526,280,232,640,rock
3636,214,244,656,rock
3609,249,200,607,rock
3630,249,238,650,rock
3634,251,243,634,rock
3621,248,238,644,rock
3629,248,237,641,rock
3641,255,209,625,rock
3634,249,237,640,rock
3628,243,235,633,rock
3649,251,258,602,rock
3612,250,258,594,rock
3640,246,239,645,rock
3630,251,271,611,rock
3629,235,234,610,rock
3608,246,232,630,rock
3607,241,371,670,rock
3632,254,232,630,rock
3637,253,211,621,rock
3631,240,206,615,rock
3626,240,236,630,rock
3600,244,232,626,rock
3626,244,243,632,rock
3626,230,222,627,rock
3585,245,230,635,rock
3646,242,232,627,rock
3629,242,230,634,rock
3629,235,232,616,rock
3610,246,212,615,rock
3633,250,224,610,rock
3614,230,238,640,rock
3645,233,236,643,rock
3629,236,238,644,rock
3632,249,252,642,rock
3622,226,233,638,rock
3613,264,231,638,rock
3629,241,234,635,rock
3620,236,246,642,rock
3631,230,229,620,rock
3618,207,232,621,rock
3619,243,226,630,rock
3629,233,233,623,rock
3650,236,201,616,rock
3642,232,206,617,rock
3623,233,221,626,rock
3666,227,214,632,rock
3645,231,192,605,rock
3626,225,206,618,rock
3633,231,216,612,rock
3620,258,214,617,rock
3628,259,217,614,rock
3602,251,229,619,rock
3630,249,217,612,rock
3671,265,226,623,rock
3618,304,217,625,rock
3629,240,228,635,rock
3603,236,236,634,rock
3632,321,232,635,rock
3603,240,241,628,rock
3615,258,227,631,rock
3616,242,224,626,rock
3631,276,229,641,rock
3629,248,232,627,rock
3644,278,226,611,rock
3767,248,237,626,rock
3631,248,245,632,rock
3630,245,256,609,rock
3628,245,252,653,rock
3653,236,267,593,rock
3630,236,285,608,rock
3623,239,256,582,rock
3652,249,272,592,rock
3757,243,268,592,rock
3639,238,279,603,rock
3629,248,271,594,rock
3627,248,262,608,rock
3632,253,268,592,rock
3609,233,282,596,rock
3637,270,266,591,rock
3626,236,257,582,rock
3620,236,268,589,rock
3627,231,246,628,rock
3617,230,276,598,rock
3630,235,221,621,rock
3627,234,251,658,rock
3614,232,248,648,rock
3631,328,248,647,rock
3610,227,264,610,rock
3619,252,238,657,rock
3632,222,215,626,rock
3642,223,216,620,rock
3626,231,244,640,rock
3633,240,249,644,rock
3639,225,228,633,rock
3645,231,241,615,rock
3599,226,261,611,rock
3656,231,107,608,rock
3625,218,252,652,rock
3620,249,247,640,rock
3623,250,259,597,rock
3627,262,242,629,rock
3639,266,246,641,rock
3629,249,256,597,rock
3624,243,245,632,rock
3628,244,250,648,rock
3630,243,258,590,rock
3617,239,253,648,rock
3623,231,250,644,rock
3613,241,253,655,rock
3620,246,256,593,rock
3633,246,249,643,rock
3614,241,250,646,rock
3612,233,216,626,rock
3627,245,252,658,rock
3619,242,280,624,rock
3623,229,259,608,rock
3591,239,253,646,rock
3623,272,254,654,rock
3627,236,241,642,rock
3500,235,251,645,rock
3637,256,248,640,rock
3625,247,219,634,rock
3619,254,276,622,rock
3629,229,242,643,rock
3629,232,231,646,rock
3629,248,259,614,rock
3621,266,274,618,rock
3637,253,242,629,rock
3681,275,244,638,rock
3629,266,224,625,rock
3612,272,270,619,rock
3636,249,237,644,rock
3637,276,243,640,rock
3632,273,235,632,rock
3646,266,219,622,rock
3627,270,231,641,rock
3630,256,227,630,rock
3637,266,250,634,rock
3633,245,227,636,rock
3635,263,232,623,rock
3623,262,232,636,rock
3644,260,237,646,rock
3626,259,247,661,rock
3643,253,241,616,rock
3636,263,233,628,rock
3629,250,244,625,rock
3642,250,246,644,rock
3610,234,272,592,rock
3635,247,273,592,rock
3627,272,252,631,rock
3635,257,243,620,rock
3611,280,270,631,rock
3633,241,256,610,rock
3624,242,283,620,rock
3646,233,266,607,rock
3632,238,242,622,rock
3639,234,257,612,rock
3627,244,214,636,rock
3599,250,249,629,rock
3629,245,242,640,rock
3646,258,240,637,rock
3615,276,238,646,rock
3626,302,239,639,rock
3655,317,238,650,rock
3625,339,230,641,rock
3617,240,252,639,rock
3659,334,233,622,rock
3636,362,229,642,rock
3637,383,229,639,rock
3606,393,237,645,rock
3635,451,234,641,rock
3627,414,237,654,rock
3631,364,244,650,rock
3656,407,234,653,rock
3628,411,247,650,rock
3629,409,260,615,rock
3627,407,234,645,rock
3619,398,233,640,rock
3626,395,249,642,rock
3631,373,260,609,rock
3619,495,232,633,rock
3626,387,209,617,rock
3643,365,236,642,rock
3613,366,290,623,rock
3629,370,232,635,rock
3635,365,264,607,rock
3641,362,224,628,rock
3681,352,215,634,rock
3628,350,229,648,rock
3629,351,200,604,rock
3638,348,214,632,rock
3627,369,214,616,rock
3639,339,202,608,rock
3631,355,216,619,rock
3608,348,229,628,rock
3629,359,230,640,rock
3627,356,224,620,rock
3637,407,235,638,rock
3626,347,234,640,rock
3627,352,236,650,rock
3632,328,236,651,rock
3628,349,202,623,rock
3629,347,250,645,rock
3631,350,219,628,rock
3621,339,229,637,rock
3625,344,219,622,rock
3654,331,228,633,rock
3629,351,224,633,rock
3641,325,221,624,rock
3629,331,241,641,rock
3631,352,216,630,rock
3645,299,229,631,rock
3636,329,250,656,rock
3629,324,218,634,rock
3612,308,268,612,rock
3638,321,232,631,rock
3627,321,245,645,rock
3644,313,237,658,rock
3606,312,193,608,rock
3629,305,236,646,rock
3630,314,238,647,rock
3631,306,242,647,rock
3631,307,226,629,rock
3627,301,236,634,rock
3614,298,228,628,rock
3635,306,254,662,rock
3559,320,223,644,rock
3633,303,243,643,rock
3612,293,221,627,rock
3596,288,256,596,rock
3656,302,222,618,rock
3630,289,213,616,rock
3629,293,250,638,rock
3628,284,245,635,rock
3634,273,220,613,rock
3649,276,203,608,rock
3651,306,224,625,rock
3640,306,213,624,rock
3637,327,219,627,rock
3596,331,247,658,rock
3629,349,228,637,rock
3628,343,231,640,rock
3630,335,201,598,rock
3658,348,229,631,rock
3636,364,226,624,rock
3597,384,248,648,rock
3602,377,220,628,rock
3641,375,248,647,rock
3630,367,241,639,rock
3620,365,223,637,rock
3624,360,230,632,rock
3629,358,227,636,rock
3627,335,245,660,rock
3499,338,237,652,rock
3623,230,237,644,rock
3514,354,234,646,rock
3615,364,224,628,rock
3617,351,238,649,rock
3631,392,225,637,rock
3628,374,231,647,rock
3612,372,212,625,rock
3627,386,239,652,rock
3637,378,217,624,rock
3636,375,256,588,rock
3632,377,225,624,rock
3647,339,221,631,rock
3619,371,214,628,rock
3639,363,194,605,rock
3617,349,228,638,rock
3643,353,220,614,rock
3621,259,210,619,rock
3627,368,261,619,rock
3606,358,220,626,rock
3617,357,262,612,rock
3628,354,243,631,rock
3608,380,244,653,rock
3635,378,240,647,rock
3628,389,236,648,rock
3647,363,232,642,rock
3631,376,230,649,rock
3622,384,239,656,rock
3626,376,235,642,rock
3622,369,260,601,rock
3601,388,236,642,rock
3627,374,243,656,rock
3631,375,234,640,rock
3599,364,261,624,rock
3628,376,245,653,rock
3624,362,246,648,rock
3636,380,240,635,rock
3626,368,234,634,rock
3629,350,227,634,rock
3632,333,252,658,rock
3616,343,257,608,rock
3634,345,241,619,rock
3625,321,268,611,rock
3598,348,280,608,rock
3628,359,245,662,rock
3625,348,281,623,rock
3619,348,259,613,rock
3626,349,263,612,rock
3627,356,241,635,rock
3635,365,217,639,rock
3630,367,268,625,rock
3625,379,247,660,rock
3642,352,239,651,rock
3655,354,244,653,rock
3634,359,258,612,rock
3637,327,245,647,rock
3626,346,251,660,rock
3633,330,250,652,rock
3611,339,260,586,rock
3626,340,256,586,rock
3637,334,249,630,rock
3627,340,253,642,rock
3632,330,266,599,rock
3629,323,239,655,rock
3630,284,224,631,rock
3626,318,256,607,rock
3625,323,246,660,rock
3627,301,231,640,rock
3663,341,222,637,rock
3602,318,239,648,rock
3631,341,209,626,rock
3577,312,256,608,rock
3611,308,246,664,rock
3660,307,256,601,rock
3618,331,232,630,rock
3502,280,241,628,rock
3612,314,227,640,rock
3618,289,236,646,rock
3631,304,237,660,rock
3632,292,234,638,rock
3628,290,236,644,rock
3620,287,258,602,rock
3634,288,240,637,rock
3635,296,262,609,rock
3629,313,261,614,rock
3626,326,234,637,rock
3475,334,240,627,rock
3635,347,243,650,rock
3570,353,243,642,rock
3610,354,293,621,rock
3621,382,268,612,rock
3618,388,265,592,rock
3625,370,236,625,rock
3622,350,268,606,rock
3624,377,273,608,rock
3634,426,288,609,rock
3622,368,296,628,rock
3607,367,380,674,rock
3630,373,309,638,rock
3633,383,268,613,rock
3639,352,286,622,rock
3630,358,296,615,rock
3645,360,295,625,rock
3627,390,325,645,rock
3635,368,273,612,rock
3637,364,234,628,rock
3647,361,280,610,rock
3628,358,279,616,rock
3631,365,271,626,rock
3646,334,302,625,rock
3624,317,276,603,rock
3617,357,274,614,rock
3639,368,279,621,rock
3630,336,260,592,rock
3629,339,268,598,rock
3627,335,245,633,rock
3648,339,261,612,rock
3630,330,274,588,rock
3611,329,258,593,rock
3628,338,256,597,rock
3651,322,244,648,rock
3635,322,257,593,rock
3635,314,263,600,rock
3628,312,253,637,rock
3610,322,274,596,rock
3628,287,257,598,rock
3613,281,257,599,rock
3629,318,252,648,rock
3609,283,278,610,rock
3631,306,265,600,rock
3627,324,248,635,rock
3617,349,250,634,rock
3628,365,278,618,rock
3543,409,274,598,rock
3642,369,279,612,rock
3661,416,274,608,rock
3623,439,278,622,rock
3624,459,280,614,rock
3624,466,277,616,rock
3625,485,281,627,rock
3603,486,272,610,rock
3630,492,271,619,rock
3622,483,267,607,rock
3627,478,266,603,rock
3630,472,268,610,rock
3625,464,251,635,rock
3632,457,242,631,rock
3641,454,261,600,rock
3634,601,260,608,rock
3639,457,263,624,rock
3652,448,118,628,rock
3630,447,240,629,rock
3538,457,234,640,rock
3643,468,258,605,rock
3482,448,248,645,rock
3630,428,235,642,rock
3631,436,247,666,rock
3630,433,247,650,rock
3631,428,262,631,rock
3629,378,252,666,rock
3630,413,250,660,rock
3629,412,256,614,rock
3617,400,253,658,rock
3617,398,273,625,rock
3607,397,245,658,rock
3632,395,248,656,rock
3634,381,344,659,rock
3620,386,378,678,rock
3616,382,241,636,rock
3629,395,230,632,rock
3631,379,227,642,rock
3608,361,273,627,rock
3628,368,238,653,rock
3627,345,229,631,rock
3620,372,226,634,rock
3632,355,230,648,rock
3632,353,230,647,rock
3635,354,231,649,rock
3621,330,227,629,rock
3623,342,229,638,rock
3630,326,223,633,rock
3627,400,225,629,rock
3624,341,218,622,rock
3631,372,223,649,rock
3606,357,225,638,rock
3611,356,221,632,rock
3623,335,241,629,rock
3631,348,216,612,rock
3636,353,258,610,rock
3628,356,214,620,rock
3611,392,227,634,rock
3636,459,214,622,rock
3634,320,213,622,rock
3766,345,223,647,rock
3630,338,234,640,rock
3652,330,235,638,rock
3609,342,241,642,rock
3644,335,239,644,rock
3628,344,241,654,rock
3619,338,245,649,rock
3626,345,276,623,rock
3658,348,245,654,rock
3620,341,238,650,rock
3627,363,242,638,rock
3655,366,235,652,rock
3628,358,208,620,rock
3680,361,236,648,rock
3637,313,254,662,rock
3658,407,236,635,rock
3624,415,230,656,rock
3636,413,233,628,rock
3626,433,263,616,rock
3630,416,228,644,rock
3626,410,212,627,rock
3637,410,230,642,rock
3633,402,229,648,rock
3642,396,229,646,rock
3625,393,251,648,rock
3605,389,250,669,rock
3643,384,230,636,rock
3626,362,277,612,rock
3643,373,293,620,rock
3643,375,271,616,rock
3629,369,276,607,rock
3613,367,279,620,rock
3631,363,260,610,rock
3631,348,299,622,rock
3647,347,289,616,rock
3649,354,285,614,rock
3600,355,287,624,rock
3615,344,274,609,rock
3636,337,315,637,rock
3633,340,285,624,rock
3651,341,292,621,rock
3632,332,284,615,rock
3631,320,291,609,rock
3626,339,318,650,rock
3646,328,288,613,rock
3635,306,284,618,rock
3622,308,283,604,rock
3621,320,312,614,rock
3633,315,368,646,rock
3623,318,278,611,rock
3597,314,295,620,rock
3626,306,276,605,rock
3634,314,269,601,rock
3646,297,266,592,rock
3648,299,275,605,rock
3633,304,281,603,rock
3633,307,272,605,rock
3630,300,244,624,rock
3631,314,264,591,rock
3627,296,267,592,rock
3631,298,272,616,rock
3622,307,278,599,rock
3585,291,264,602,rock
3621,302,277,605,rock
3624,299,256,596,rock
3625,268,269,600,rock
3630,291,272,594,rock
3629,289,263,599,rock
3633,283,251,643,rock
3613,288,264,595,rock
3617,285,269,612,rock
3635,295,257,603,rock
3626,278,280,590,rock
3613,269,260,602,rock
3625,328,263,595,rock
3645,345,280,609,rock
3658,373,262,605,rock
3632,373,257,610,rock
3628,377,225,632,rock
3606,399,260,604,rock
3615,408,262,609,rock
3624,423,264,594,rock
3648,419,252,634,rock
3632,360,264,597,rock
3628,450,287,634,rock
3630,438,264,593,rock
3659,446,263,618,rock
3635,440,264,603,rock
3632,425,260,601,rock
3596,426,257,585,rock
3598,413,280,602,rock
3607,414,275,630,rock
3621,407,385,636,rock
3633,390,251,657,rock
3636,392,254,665,rock
3622,389,252,652,rock
3627,400,258,601,rock
3635,387,246,642,rock
3631,367,267,596,rock
3628,375,274,600,rock
3633,385,283,611,rock
3648,369,270,620,rock
3626,368,284,612,rock
3609,360,266,593,rock
3607,356,112,594,rock
3633,360,264,591,rock
3621,345,256,593,rock
3630,348,260,608,rock
3625,268,268,621,rock
3631,337,272,594,rock
3632,340,318,640,rock
3632,345,230,621,rock
3612,343,266,594,rock
3631,326,228,622,rock
3655,326,254,634,rock
3633,193,257,570,rock
3640,333,238,644,rock
3628,319,253,655,rock
3614,313,209,624,rock
3646,318,250,648,rock
3627,325,274,618,rock
3650,294,238,658,rock
3630,308,256,609,rock
3596,308,251,637,rock
3627,310,234,640,rock
3614,323,269,627,rock
3703,333,251,653,rock
3600,331,233,637,rock
3611,323,259,607,rock
3628,343,249,635,rock
3621,335,249,653,rock
3635,332,249,632,rock
3643,330,209,629,rock
3653,322,123,616,rock
3644,325,238,651,rock
3627,345,215,638,rock
3627,318,225,637,rock
3651,310,238,649,rock
3628,313,222,641,rock
3629,312,235,636,rock
3638,392,237,652,rock
3628,296,232,629,rock
3626,307,230,642,rock
3657,302,221,622,rock
3632,311,248,645,rock
3610,291,235,626,rock
3627,309,234,635,rock
3604,310,215,631,rock
3633,289,236,640,rock
3611,405,230,649,rock
3650,306,246,652,rock
3623,281,237,640,rock
3629,305,229,635,rock
3629,299,209,611,rock
3658,297,200,610,rock
3627,290,219,618,rock
3606,274,230,629,rock
3630,312,225,618,rock
3632,307,217,618,rock
3627,306,242,635,rock
3597,304,214,620,rock
3632,267,234,631,rock
3627,312,231,635,rock
3616,303,207,618,rock
3624,282,322,629,rock
3629,289,224,621,rock
3630,286,230,622,rock
3632,281,190,601,rock
3631,284,214,620,rock
3625,270,225,615,rock
3608,280,201,601,rock
3643,278,168,573,rock
3616,286,212,616,rock
3628,270,204,612,rock
3632,266,195,600,rock
3629,265,212,609,rock
3627,264,217,602,rock
3621,290,207,612,rock
3629,276,205,611,rock
3625,267,178,587,rock
3626,245,208,600,rock
3627,264,207,606,rock
3611,265,203,612,rock
3627,263,219,613,rock
3615,263,236,625,rock
3627,239,201,595,rock
3624,256,208,607,rock
3633,264,113,589,rock
3656,247,218,605,rock
3589,245,207,618,rock
3627,249,205,602,rock
3656,262,208,603,rock
3649,252,208,605,rock
3633,246,190,595,rock
3629,245,208,598,rock
3639,211,218,606,rock
3629,230,201,607,rock
3635,239,207,615,rock
3625,238,198,606,rock
3631,221,212,612,rock
3687,236,216,606,rock
3630,237,219,616,rock
3627,221,207,609,rock
3625,219,224,605,rock
3621,222,238,630,rock
3640,227,209,612,rock
3634,231,223,620,rock
3811,224,228,622,rock
3637,227,229,626,rock
3643,233,199,612,rock
3628,244,205,622,rock
3627,201,227,632,rock
3641,211,228,630,rock
3632,223,221,635,rock
3631,209,251,629,rock
3635,221,258,600,rock
3627,219,266,591,rock
3628,238,249,633,rock
3631,260,248,640,rock
3648,280,219,618,rock
3632,309,252,663,rock
3586,286,248,648,rock
3630,299,250,646,rock
3626,266,247,643,rock
3604,283,249,656,rock
3625,291,252,655,rock
3629,293,250,659,rock
3659,299,261,622,rock
3651,311,218,637,rock
3630,310,246,649,rock
3597,313,232,641,rock
3591,322,247,658,rock
3706,330,246,666,rock
3628,333,235,639,rock
3629,327,239,651,rock
3643,337,239,632,rock
3632,324,234,645,rock
3628,330,236,644,rock
3615,313,240,633,rock
3647,318,231,640,rock
3604,314,241,629,rock
3624,288,232,632,rock
3609,306,314,628,rock
3633,331,234,637,rock
3650,299,229,632,rock
3629,299,227,628,rock
3656,294,90,592,rock
3626,290,224,633,rock
3613,271,257,596,rock
3637,281,224,626,rock
3631,305,230,640,rock
3632,304,234,634,rock
3634,347,220,630,rock
3628,322,189,612,rock
3634,313,222,625,rock
3628,317,222,632,rock
3613,326,219,620,rock
3606,312,226,626,rock
3632,314,233,633,rock
3643,310,231,640,rock
3628,294,222,623,rock
3655,314,213,618,rock
3636,313,238,629,rock
3663,328,222,636,rock
3642,296,220,623,rock
3631,301,222,634,rock
3631,317,232,625,rock
3621,380,239,646,rock
3643,301,219,620,rock
3628,302,218,623,rock
3618,318,213,628,rock
3638,299,218,621,rock
3613,309,221,624,rock
3621,284,213,616,rock
3622,296,214,620,rock
3629,289,218,615,rock
3625,294,204,610,rock
3650,297,200,603,rock
3628,291,198,610,rock
3630,280,209,603,rock
3620,285,203,601,rock
3625,279,213,612,rock
3635,285,195,596,rock
3631,279,225,608,rock
3629,284,211,615,rock
3476,282,220,620,rock
3620,309,204,609,rock
3631,300,168,586,rock
3635,301,189,604,rock
3635,282,212,604,rock
3614,311,210,605,rock
3627,309,177,579,rock
3632,290,209,619,rock
3631,292,222,621,rock
3633,293,208,611,rock
3653,286,208,604,rock
3600,283,208,606,rock
3629,279,205,604,rock
3637,277,225,613,rock
3610,281,205,619,rock
3631,270,199,604,rock
3638,302,185,595,rock
3629,382,177,575,rock
3624,288,197,601,rock
3628,268,199,604,rock
3632,280,176,587,rock
3628,285,200,596,rock
3634,263,200,600,rock
3521,296,185,592,rock
3626,271,199,610,rock
3631,272,194,600,rock
3627,272,209,592,rock
3627,272,214,612,rock
3628,270,198,603,rock
3629,242,198,599,rock
3630,264,190,595,rock
3639,265,190,591,rock
3624,264,178,583,rock
3629,261,213,600,rock
3626,285,189,590,rock
3632,241,188,588,rock
3604,256,200,587,rock
3627,253,201,583,rock
3634,160,191,586,rock
3625,273,188,587,rock
3634,213,170,571,rock
3579,246,197,603,rock
3645,296,163,580,rock
3639,223,184,564,rock
3631,244,187,580,rock
3514,245,187,581,rock
3660,256,181,575,rock
3626,245,189,585,rock
3593,246,186,573,rock
3630,254,174,578,rock
3643,272,187,585,rock
3631,283,178,584,rock
3631,282,185,580,rock
3631,280,196,587,rock
3629,273,169,572,rock
3625,294,195,590,rock
3627,276,185,576,rock
3624,301,184,576,rock
3627,299,302,613,rock
3629,270,175,588,rock
3628,282,174,569,rock
3622,302,214,610,rock
3631,177,179,568,rock
3643,269,166,581,rock
3638,263,178,591,rock
3629,322,164,577,rock
3627,328,158,575,rock
3629,313,159,561,rock
3629,305,200,585,rock
3624,305,192,578,rock
3628,305,151,568,rock
3616,280,172,575,rock
3612,295,178,572,rock
3629,285,168,568,rock
3627,286,178,568,rock
3644,287,174,576,rock
3628,286,180,579,rock
3631,306,178,574,rock
3628,284,171,580,rock
3641,299,177,570,rock
3625,302,209,597,rock
3632,296,176,560,rock
3658,295,142,564,rock
3608,306,166,579,rock
3600,298,171,570,rock
3646,291,176,565,rock
3627,290,186,582,rock
3629,310,217,605,rock
3625,301,212,608,rock
3632,290,227,629,rock
3626,300,215,637,rock
3627,307,235,635,rock
3628,306,117,618,rock
3624,289,236,632,rock
3640,285,229,640,rock
3642,283,237,640,rock
3621,292,228,641,rock
3629,290,231,637,rock
3601,290,234,615,rock
3667,283,240,638,rock
3633,274,226,625,rock
3634,272,237,640,rock
3635,280,229,638,rock
3630,260,229,628,rock
3632,282,221,636,rock
3631,270,236,634,rock
3630,274,185,607,rock
3619,278,233,628,rock
3627,277,239,651,rock
3637,261,238,653,rock
3628,269,229,637,rock
3628,268,231,636,rock
3632,274,227,625,rock
3628,266,228,624,rock
3628,266,197,611,rock
3627,262,227,631,rock
3631,238,230,630,rock
3637,258,226,625,rock
3648,245,227,624,rock
3626,256,345,638,rock
3634,250,227,633,rock
3631,254,224,615,rock
3627,244,232,626,rock
3610,246,385,630,rock
3628,245,243,640,rock
3637,217,249,637,rock
3635,243,239,631,rock
3629,241,239,637,rock
3647,242,239,642,rock
3621,222,241,635,rock
3597,248,251,644,rock
3625,241,256,587,rock
3617,264,224,611,rock
3632,254,239,638,rock
3647,275,231,642,rock
3635,261,260,603,rock
3632,221,238,645,rock
3629,248,240,637,rock
3626,247,235,638,rock
3617,253,232,630,rock
3632,258,247,664,rock
3628,289,230,631,rock
3493,272,241,641,rock
3634,273,228,631,rock
3630,273,222,633,rock
3592,270,227,629,rock
3635,266,240,628,rock
3627,265,227,629,rock
3628,253,212,616,rock
3647,272,227,626,rock
3631,259,236,624,rock
3642,225,223,634,rock
3473,256,223,638,rock
3642,256,205,615,rock
3633,254,252,644,rock
3636,251,232,622,rock
3623,256,209,613,rock
3650,245,216,617,rock
3622,266,233,623,rock
3625,245,237,631,rock
3661,260,225,632,rock
3645,253,219,622,rock
3600,260,223,633,rock
3633,249,222,625,rock
3730,260,190,609,rock
3626,252,210,603,rock
3628,256,219,618,rock
3630,251,219,618,rock
3634,256,205,624,rock
3667,249,217,616,rock
3628,258,195,603,rock
3646,232,218,613,rock
3612,241,208,604,rock
3635,242,194,597,rock
3630,240,203,616,rock
3611,227,205,612,rock
3599,238,224,624,rock
3629,237,231,635,rock
3628,226,236,636,rock
3631,232,202,615,rock
3632,223,232,621,rock
3644,247,229,630,rock
3636,235,209,609,rock
3654,227,229,639,rock
3635,87,227,611,rock
3627,204,220,623,rock
3611,224,253,641,rock
3632,212,220,613,rock
3647,225,205,612,rock
3596,220,223,628,rock
3511,217,216,621,rock
3647,216,218,612,rock
3628,214,196,605,rock
3632,228,236,622,rock
3623,230,232,616,rock
3628,230,212,610,rock
3628,218,211,603,rock
3655,227,336,629,rock
3645,243,212,618,rock
3615,253,204,613,rock
3635,259,208,590,rock
3634,231,205,600,rock
3635,160,209,589,rock
3650,223,214,607,rock
3635,305,206,615,rock
3641,256,201,598,rock
3628,204,205,603,rock
3653,222,74,566,rock
3620,220,209,612,rock
3619,217,206,610,rock
3621,192,220,618,rock
3654,203,215,620,rock
3633,214,219,618,rock
3638,213,240,627,rock
3627,219,205,602,rock
3613,233,234,632,rock
3634,250,202,599,rock
3631,239,186,597,rock
3628,250,211,620,rock
3636,233,212,600,rock
3622,239,209,605,rock
3620,251,212,603,rock
3665,240,203,596,rock
3635,382,212,616,rock
3623,229,205,606,rock
3660,223,200,604,rock
3648,229,208,598,rock
3646,235,214,617,rock
3622,236,208,602,rock
3617,228,220,615,rock
3659,262,219,615,rock
3623,227,201,597,rock
3639,214,212,603,rock
3627,224,199,611,rock
3618,252,201,605,rock
3647,221,211,611,rock
3628,212,222,622,rock
3628,233,207,615,rock
3627,320,206,610,rock
3626,192,205,594,rock
3626,211,205,608,rock
3619,212,207,608,rock
3640,189,219,599,rock
3627,187,205,601,rock
3635,215,199,610,rock
3635,227,205,602,rock
3626,204,200,592,rock
3625,208,210,600,rock
3629,215,198,600,rock
3626,221,213,607,rock
3763,230,198,597,rock
3634,224,194,585,rock
3633,202,206,612,rock
3629,231,200,590,rock
3624,242,202,609,rock
3643,256,199,604,rock
3636,211,211,598,rock
3641,263,188,603,rock
3627,244,208,584,rock
3655,246,197,608,rock
3628,254,210,611,rock
3651,249,219,607,rock
3625,252,191,607,rock
3629,233,214,612,rock
3627,246,188,596,rock
3624,243,217,616,rock
3629,229,213,618,rock
3630,223,207,612,rock
3538,212,214,620,rock
3637,237,210,611,rock
3623,234,213,619,rock
3629,247,232,624,rock
3626,245,195,605,rock
3640,194,213,614,rock
3645,229,208,603,rock
3628,227,204,608,rock
3621,240,208,603,rock
3614,243,230,628,rock
3622,223,226,615,rock
3620,228,283,611,rock
3630,216,213,619,rock
3622,232,222,621,rock
3626,228,210,604,rock
3636,225,212,602,rock
3640,239,219,608,rock
3629,221,223,621,rock
3636,216,203,604,rock
3627,219,220,624,rock
3631,220,220,620,rock
3612,197,213,618,rock
3629,200,221,619,rock
3619,213,228,624,rock
3634,191,231,628,rock
3629,212,227,634,rock
3633,209,224,632,rock
3595,192,239,638,rock
3600,194,248,629,rock
3629,206,214,616,rock
3660,198,227,612,rock
3667,205,218,613,rock
3586,203,230,631,rock
3631,209,230,629,rock
3630,85,226,620,rock
3627,200,215,615,rock
3634,206,216,618,rock
3613,206,226,619,rock
3633,215,229,628,rock
3628,202,239,636,rock
3630,203,222,624,rock
3643,195,219,614,rock
3609,210,228,620,rock
3628,215,230,636,rock
3635,212,241,631,rock
3635,201,232,616,rock
3626,239,213,622,rock
3609,243,188,604,rock
3645,264,230,636,rock
3631,264,246,646,rock
3629,277,222,627,rock
3639,272,198,619,rock
3605,276,259,602,rock
3635,270,246,652,rock
3631,286,217,628,rock
3630,286,232,636,rock
3627,263,232,635,rock
3628,269,232,623,rock
3629,274,237,641,rock
3592,269,248,635,rock
3635,267,258,580,rock
3659,285,232,630,rock
3644,259,230,638,rock
3621,270,235,634,rock
3627,268,220,626,rock
3631,266,229,630,rock
3623,340,232,626,rock
3635,259,225,610,rock
3630,265,220,626,rock
3759,247,228,629,rock
3652,267,224,625,rock
3608,278,174,607,rock
3628,271,232,626,rock
3649,257,247,641,rock
3633,269,231,636,rock
3639,270,230,636,rock
3620,270,229,622,rock
3630,275,214,628,rock
3647,272,194,609,rock
3628,267,249,638,rock
3627,281,226,633,rock
3621,265,248,651,rock
3649,286,264,613,rock
3625,259,264,604,rock
3621,274,292,612,rock
3667,222,294,634,rock
3631,261,297,624,rock
3648,253,273,614,rock
3638,221,302,629,rock
3623,254,322,632,rock
3634,239,286,618,rock
3639,254,286,615,rock
3611,244,301,619,rock
3626,248,267,606,rock
3627,248,309,636,rock
3621,245,322,644,rock
3628,246,355,671,rock
3629,243,342,678,rock
3606,213,328,649,rock
3597,250,337,652,rock
3649,226,298,629,rock
3659,239,295,638,rock
3611,240,305,633,rock
3632,268,313,640,rock
3644,279,273,608,rock
3600,302,320,651,rock
3626,296,323,651,rock
3627,314,321,650,rock
3583,303,321,640,rock
3608,320,301,644,rock
3632,297,316,643,rock
3626,308,317,650,rock
3632,296,316,641,rock
3509,304,307,629,rock
3629,326,302,637,rock
3624,311,301,637,rock
3633,297,279,622,rock
3627,294,306,624,rock
3635,304,282,608,rock
3625,289,292,616,rock
3628,297,285,614,rock
3629,300,256,592,rock
3619,303,270,616,rock
3629,306,279,611,rock
3626,308,293,614,rock
3632,298,271,609,rock
3625,301,259,596,rock
3616,277,271,607,rock
3628,297,267,598,rock
3634,298,265,585,rock
3630,311,265,586,rock
3606,290,258,611,rock
3607,288,287,618,rock
3633,291,252,632,rock
3631,293,256,591,rock
3600,292,259,584,rock
3631,278,258,614,rock
3628,288,258,613,rock
3622,284,251,645,rock
3613,288,248,634,rock
3756,280,247,655,rock
3643,288,250,649,rock
3623,283,245,630,rock
3690,287,243,659,rock
3651,270,232,632,rock
3651,265,233,637,rock
3627,268,233,635,rock
3569,241,262,604,rock
3773,232,237,639,rock
3626,261,234,619,rock
3632,253,250,646,rock
3642,267,241,643,rock
3630,254,239,647,rock
3631,258,236,628,rock
3660,271,247,648,rock
3611,256,238,647,rock
3627,252,244,645,rock
3625,282,228,643,rock
3635,278,233,625,rock
3630,256,251,642,rock
3625,241,233,634,rock
3649,249,253,652,rock
3609,249,241,628,rock
3637,248,250,642,rock
3630,243,228,634,rock
3615,243,280,615,rock
3629,227,270,603,rock
3629,236,222,636,rock
3624,243,245,647,rock
3648,226,243,637,rock
3637,242,251,652,rock
3624,260,260,589,rock
3629,244,279,620,rock
3627,228,266,604,rock
3625,244,266,595,rock
3629,237,260,604,rock
3630,258,265,593,rock
3627,257,265,587,rock
3623,254,257,590,rock
3617,235,272,593,rock
3625,235,276,591,rock
3629,254,271,602,rock
3621,262,250,625,rock
3624,274,272,594,rock
3620,254,264,592,rock
3627,250,263,607,rock
3705,266,260,590,rock
3634,273,254,643,rock
3645,245,258,599,rock
3640,264,238,649,rock
3615,240,266,586,rock
3639,258,248,622,rock
3628,279,253,656,rock
3624,279,254,660,rock
3613,253,281,614,rock
3630,251,264,612,rock
3631,251,200,603,rock
3656,243,226,634,rock
3626,265,280,623,rock
3631,256,243,629,rock
3645,245,235,635,rock
3621,278,245,630,rock
3654,246,248,641,rock
3625,251,247,664,rock
3629,260,218,631,rock
3609,250,243,644,rock
3625,239,220,633,rock
3622,260,293,610,rock
3721,260,238,660,rock
3633,133,240,635,rock
3628,245,231,643,rock
3617,220,231,635,rock
3627,247,239,640,rock
3631,255,218,631,rock
3629,261,256,602,rock
3637,233,236,637,rock
3631,244,240,642,rock
3628,249,236,644,rock
3626,243,231,640,rock
3629,239,249,648,rock
3627,256,225,634,rock
3628,250,229,635,rock
3631,250,251,648,rock
3625,216,245,649,rock
3621,249,227,629,rock
3629,249,216,612,rock
3647,244,246,645,rock
3629,248,272,605,rock
3683,243,237,630,rock
3658,246,90,597,rock
3629,215,239,642,rock
3616,247,230,642,rock
3626,246,234,632,rock
3786,246,232,627,rock
3629,234,229,626,rock
3647,252,225,626,rock
3716,260,227,618,rock
3636,249,227,629,rock
3602,257,229,631,rock
3626,257,242,646,rock
3629,253,232,629,rock
3633,250,227,635,rock
3717,271,244,659,rock
3629,242,255,639,rock
3627,253,238,633,rock
3616,281,254,628,rock
3630,259,256,603,rock
3602,266,251,644,rock
3626,268,248,651,rock
3632,256,247,633,rock
3636,258,245,647,rock
3632,245,241,623,rock
3627,251,228,634,rock
3665,256,230,632,rock
3641,247,188,615,rock
3628,242,237,633,rock
3621,247,230,634,rock
3619,246,213,622,rock
3626,231,246,643,rock
3627,240,260,597,rock
3629,242,266,610,rock
3627,236,248,639,rock
3627,225,231,635,rock
3630,228,209,619,rock
3651,231,246,642,rock
3631,209,253,643,rock
3612,282,232,632,rock
3629,238,222,631,rock
3627,226,229,637,rock
3627,223,213,618,rock
3618,126,205,612,rock
3628,227,242,630,rock
3490,229,233,624,rock
3628,224,226,622,rock
3632,235,220,623,rock
3675,230,224,623,rock
3629,232,240,625,rock
3626,253,246,647,rock
3636,253,226,624,rock
3619,256,250,645,rock
3629,254,231,644,rock
3628,254,229,633,rock
3633,248,253,644,rock
3631,268,244,636,rock
3628,260,316,631,rock
3638,277,243,620,rock
3652,256,320,638,rock
3629,264,221,640,rock
3627,386,236,637,rock
3630,288,231,622,rock
3626,260,235,635,rock
3629,256,229,635,rock
3656,254,349,657,rock
3627,253,236,626,rock
3678,248,237,632,rock
3633,270,230,637,rock
3626,262,243,640,rock
3632,272,233,612,rock
3644,285,230,641,rock
3621,292,262,597,rock
3641,291,228,637,rock
3646,270,214,630,rock
3619,377,246,650,rock
3651,294,207,624,rock
3626,281,258,605,rock
3626,298,222,631,rock
3615,291,214,628,rock
3643,308,225,627,rock
3627,313,227,627,rock
3626,292,228,630,rock
3629,310,230,636,rock
3629,308,232,633,rock
3630,301,230,640,rock
3647,294,268,612,rock
3632,299,215,626,rock
3627,280,229,634,rock
3619,284,233,634,rock
3628,272,247,646,rock
3611,288,324,644,rock
3629,303,233,633,rock
3635,312,239,652,rock
3649,303,230,638,rock
3625,305,212,628,rock
3624,335,222,630,rock
3630,309,234,631,rock
3638,293,235,637,rock
3611,302,250,643,rock
3629,305,200,619,rock
3628,293,233,625,rock
3630,300,226,633,rock
3636,296,220,628,rock
3627,295,234,626,rock
3615,290,234,628,rock
3592,288,231,635,rock
3626,297,131,580,rock
3632,289,230,624,rock
3623,277,244,638,rock
3625,290,225,622,rock
3637,289,204,617,rock
3635,289,238,637,rock
3617,276,221,617,rock
3656,303,213,624,rock
3649,292,94,606,rock
3630,291,222,633,rock
3627,298,207,620,rock
3629,284,218,615,rock
3604,284,245,634,rock
3630,284,206,615,rock
3629,290,218,617,rock
3626,292,220,630,rock
3633,291,212,612,rock
3627,271,213,612,rock
3625,274,217,615,rock
3623,285,219,616,rock
3617,285,210,604,rock
3613,288,231,633,rock
3652,292,75,572,rock
3635,307,193,600,rock
3635,298,228,614,rock
3625,291,218,603,rock
3656,317,332,638,rock
3634,285,199,616,rock
3637,319,229,624,rock
3635,309,248,633,rock
3687,340,236,627,rock
3606,361,230,637,rock
3666,359,195,620,rock
3638,358,204,623,rock
3630,349,226,630,rock
3641,316,223,638,rock
3614,342,234,640,rock
3637,340,230,640,rock
3642,344,221,637,rock
3627,343,197,612,rock
3638,336,211,622,rock
3662,332,198,625,rock
3607,328,220,628,rock
3630,330,221,631,rock
3619,332,228,623,rock
3627,313,215,627,rock
3658,327,201,613,rock
3650,329,189,602,rock
3630,310,215,615,rock
3615,334,214,621,rock
3632,301,208,615,rock
3498,313,213,616,rock
3627,289,208,604,rock
3616,309,217,626,rock
3631,322,202,619,rock
3621,330,222,633,rock
3645,304,222,635,rock
3642,308,208,621,rock
3551,297,230,639,rock
3612,295,223,632,rock
3628,292,233,630,rock
3633,289,212,617,rock
3629,293,194,603,rock
3620,282,220,622,rock
3632,288,202,611,rock
3626,284,222,630,rock
3624,290,257,593,rock
3613,272,229,632,rock
3611,266,250,643,rock
3632,287,198,621,rock
3635,253,227,632,rock
3628,291,233,634,rock
3627,287,244,653,rock
3653,284,258,606,rock
3628,288,254,630,rock
3662,282,274,604,rock
3645,276,269,597,rock
3627,263,256,592,rock
3632,261,269,603,rock
3629,258,367,648,rock
3599,268,266,601,rock
3616,266,256,588,rock
3628,248,260,604,rock
3631,261,257,588,rock
3637,280,298,600,rock
3622,278,254,657,rock
3621,270,253,649,rock
3636,286,234,646,rock
3628,258,250,651,rock
3612,282,251,636,rock
3655,270,256,591,rock
3628,291,278,619,rock
3631,266,254,640,rock
3630,272,254,648,rock
3628,286,251,652,rock
3638,282,256,609,rock
3623,280,250,646,rock
3638,276,248,658,rock
3624,279,251,646,rock
3644,294,222,634,rock
3617,278,247,646,rock
3627,281,242,642,rock
3626,283,256,598,rock
3625,332,197,624,rock
3636,322,147,602,rock
3626,319,225,642,rock
3632,315,240,640,rock
3651,353,231,654,rock
3629,311,209,624,rock
3631,308,240,644,rock
3624,316,263,601,rock
3629,295,246,658,rock
3634,308,233,640,rock
3639,286,241,635,rock
3628,306,256,604,rock
3633,304,243,640,rock
3625,291,236,612,rock
3642,312,217,612,rock
3619,293,239,643,rock
3639,292,238,640,rock
3632,290,216,612,rock
3628,297,211,601,rock
3631,328,208,609,rock
3627,298,231,636,rock
3699,293,228,648,rock
3627,288,229,637,rock
3628,278,217,617,rock
3631,279,225,611,rock
3555,293,232,639,rock
3476,275,249,631,rock
3628,274,245,656,rock
3663,289,251,644,rock
3632,319,252,649,rock
3630,276,235,617,rock
3638,282,245,634,rock
3646,276,230,649,rock
3634,379,247,660,rock
3630,268,243,638,rock
3604,297,246,654,rock
3610,275,252,631,rock
3630,263,246,626,rock
3633,256,254,642,rock
3641,280,247,652,rock
3618,268,247,634,rock
3655,246,245,656,rock
3634,275,252,655,rock
3634,117,244,624,rock
3628,250,241,641,rock
3628,249,233,634,rock
3648,229,216,616,rock
3608,236,195,613,rock
3634,227,206,627,rock
3627,243,237,644,rock
3618,257,234,636,rock
3640,222,233,622,rock
3618,232,246,645,rock
3631,237,222,635,rock
3626,261,232,634,rock
3630,225,228,623,rock
3627,230,219,620,rock
3634,274,224,618,rock
3631,228,241,633,rock
3637,221,248,641,rock
3623,215,241,624,rock
3630,222,227,617,rock
3621,223,226,629,rock
3628,237,215,636,rock
3626,235,240,635,rock
3632,210,235,624,rock
3629,211,234,637,rock
3657,229,224,626,rock
3637,241,201,618,rock
3627,233,243,648,rock
3624,236,228,633,rock
3634,235,225,625,rock
3633,228,194,602,rock
3657,226,225,615,rock
3644,236,224,624,rock
3632,223,224,624,rock
3624,233,196,610,rock
3626,238,217,614,rock
3628,235,220,618,rock
3629,244,216,611,rock
3618,230,222,624,rock
3632,228,176,595,rock
3634,272,248,630,rock
3630,224,247,640,rock
3637,199,280,606,rock
3605,233,173,596,rock
3628,224,226,623,rock
3619,210,296,609,rock
3629,226,208,612,rock
3639,196,220,626,rock
3627,216,237,628,rock
3514,221,215,628,rock
3630,224,208,609,rock
3626,230,224,610,rock
3626,228,239,630,rock
3740,229,218,618,rock
3630,242,200,598,rock
3629,256,214,619,rock
3629,264,219,619,rock
3629,250,216,629,rock
3612,279,206,618,rock
3634,260,200,600,rock
3647,273,197,606,rock
3646,263,223,629,rock
3651,276,219,628,rock
3633,246,243,658,rock
3621,318,258,609,rock
3631,256,234,631,rock
3624,253,226,627,rock
3603,249,270,621,rock
3639,248,229,621,rock
3636,238,237,633,rock
3642,232,221,632,rock
3600,243,227,627,rock
3615,253,241,629,rock
3622,241,240,631,rock
3625,226,196,605,rock
3647,239,222,627,rock
3631,246,217,632,rock
3625,256,223,625,rock
3635,264,233,630,rock
3634,268,229,636,rock
3653,231,228,629,rock
3627,256,212,619,rock
3614,242,225,630,rock
3622,212,226,621,rock
3699,247,223,628,rock
3605,234,221,615,rock
3608,256,210,616,rock
3608,243,220,616,rock
3669,252,232,623,rock
3639,258,218,623,rock
3630,253,218,622,rock
3632,257,212,612,rock
3632,258,210,613,rock
3627,254,230,636,rock
3629,253,213,621,rock
3630,251,209,618,rock
3471,247,213,606,rock
3645,238,214,611,rock
3644,250,193,596,rock
3629,246,247,637,rock
3627,272,217,611,rock
3655,266,192,595,rock
3634,286,199,614,rock
3610,289,217,622,rock
3627,285,222,621,rock
3647,266,232,624,rock
3628,281,199,602,rock
3655,280,202,605,rock
3637,269,206,609,rock
3647,276,228,611,rock
3623,309,209,606,rock
3628,296,199,615,rock
3626,281,193,608,rock
3615,282,376,653,rock
3631,292,199,606,rock
3629,278,270,605,rock
3638,253,198,597,rock
3611,282,204,601,rock
3618,245,197,602,rock
3621,243,205,603,rock
3632,268,185,594,rock
3644,288,196,597,rock
3669,268,200,590,rock
3627,264,192,586,rock
3627,253,208,592,rock
3629,259,174,584,rock
3641,286,198,598,rock
3501,260,198,599,rock
3610,250,164,578,rock
3718,259,200,604,rock
3637,269,198,601,rock
3652,241,198,602,rock
3628,252,212,603,rock
3639,253,201,596,rock
3623,239,196,601,rock
3629,261,216,604,rock
3627,256,187,594,rock
3628,227,186,583,rock
3629,261,187,585,rock
3631,245,193,584,rock
3625,263,195,592,rock
3612,241,199,595,rock
3669,237,193,598,rock
3635,262,183,590,rock
3637,273,235,614,rock
3658,240,214,604,rock
3624,256,192,584,rock
3655,242,186,582,rock
3633,268,169,576,rock
3627,249,187,586,rock
3627,250,210,611,rock
3639,246,220,629,rock
3628,243,232,631,rock
3631,243,237,638,rock
3625,239,264,586,rock
3628,234,275,603,rock
3624,246,273,594,rock
3630,245,277,605,rock
3626,266,288,611,rock
3609,244,284,612,rock
3480,254,298,627,rock
3631,252,285,626,rock
3633,294,293,624,rock
3629,240,261,600,rock
3628,250,290,621,rock
3645,243,203,604,rock
3631,244,277,604,rock
3657,242,261,596,rock
3632,251,264,614,rock
3626,240,275,607,rock
3464,240,272,584,rock
3632,225,274,592,rock
3630,231,271,604,rock
3622,230,279,613,rock
3623,235,269,600,rock
3629,245,263,614,rock
3597,233,264,580,rock
3632,230,225,610,rock
3614,239,275,599,rock
3639,209,281,604,rock
3626,217,266,592,rock
3629,234,262,589,rock
3607,231,265,587,rock
3622,258,247,630,rock
3642,233,266,604,rock
3623,233,260,588,rock
3631,228,294,624,rock
3626,230,246,649,rock
3632,217,250,629,rock
3629,230,230,648,rock
3634,251,244,648,rock
3632,211,246,646,rock
3627,198,246,655,rock
3629,224,247,645,rock
3614,216,245,649,rock
3649,222,228,629,rock
3663,228,246,654,rock
3633,221,266,616,rock
3641,232,261,601,rock
3627,221,246,645,rock
3822,224,242,634,rock
3628,226,228,637,rock
3607,201,239,646,rock
3637,233,241,637,rock
3661,239,244,636,rock
3646,230,234,630,rock
3610,245,312,630,rock
3630,260,238,630,rock
3630,147,238,631,rock
3631,240,243,634,rock
3625,240,234,637,rock
3646,237,234,629,rock
3626,222,237,645,rock
3622,225,145,578,rock
3628,237,238,629,rock
3645,233,174,596,rock
3610,247,236,634,rock
3629,213,246,639,rock
3639,267,231,638,rock
3632,250,234,615,rock
3629,212,233,618,rock
3630,250,217,616,rock
3639,249,202,607,rock
3629,256,245,640,rock
3628,241,223,628,rock
3626,239,224,616,rock
3605,231,233,620,rock
3613,239,228,622,rock
3629,239,209,618,rock
3616,238,296,611,rock
3631,240,238,625,rock
3629,234,218,614,rock
3622,243,231,640,rock
3607,269,233,632,rock
3629,231,244,628,rock
3626,250,273,607,rock
3656,232,214,626,rock
3620,289,261,621,rock
3626,239,233,635,rock
3625,234,243,638,rock
3627,327,251,641,rock
3632,250,239,657,rock
3632,263,220,641,rock
3620,281,239,649,rock
3627,265,251,624,rock
3564,262,241,642,rock
3625,245,240,632,rock
3628,272,268,603,rock
3610,267,235,622,rock
3647,250,233,628,rock
3627,274,223,630,rock
3628,240,231,634,rock
3615,242,246,650,rock
3633,239,229,627,rock
3604,248,219,638,rock
3610,238,231,633,rock
3649,236,241,642,rock
3628,233,250,623,rock
3819,237,265,601,rock
3634,252,266,592,rock
3658,229,384,629,rock
3628,230,264,584,rock
3635,100,264,576,rock
3637,225,261,587,rock
3643,270,252,633,rock
3651,231,256,584,rock
3624,219,262,610,rock
3629,221,291,616,rock
3635,217,264,587,rock
3629,268,258,584,rock
3629,226,250,623,rock
3629,229,227,644,rock
3630,244,253,656,rock
3625,227,247,649,rock
3629,223,241,632,rock
3630,234,264,598,rock
3637,259,248,625,rock
3627,223,246,644,rock
3634,231,239,645,rock
3611,243,256,603,rock
3601,245,244,637,rock
3631,239,213,633,rock
3600,243,242,630,rock
3668,229,234,628,rock
3627,246,232,632,rock
3625,243,257,604,rock
3642,256,239,650,rock
3648,228,215,628,rock
3628,236,234,629,rock
3655,229,86,600,rock
3631,233,238,649,rock
3630,236,248,649,rock
3647,245,235,638,rock
3567,236,237,646,rock
3626,274,204,592,rock
3620,271,233,624,rock
3624,245,234,635,rock
3621,267,220,622,rock
3628,263,243,651,rock
3641,268,197,626,rock
3643,279,228,638,rock
3617,333,219,628,rock
3656,309,220,626,rock
3633,294,237,636,rock
3621,291,232,632,rock
3604,298,232,628,rock
3617,296,365,670,rock
3634,294,231,641,rock
3657,289,222,639,rock
3638,288,226,626,rock
3629,280,224,621,rock
3624,283,234,636,rock
3633,276,219,631,rock
3630,277,212,620,rock
3627,281,201,608,rock
3698,276,222,636,rock
3616,270,234,627,rock
3629,282,199,616,rock
3624,264,307,625,rock
3628,285,214,619,rock
3606,287,213,612,rock
3631,285,196,604,rock
3629,263,208,608,rock
3639,266,226,618,rock
3635,270,217,621,rock
3636,271,128,569,rock
3637,271,165,587,rock
3627,269,225,618,rock
3616,265,212,613,rock
3633,272,211,607,rock
3635,274,210,614,rock
3611,260,218,612,rock
3629,268,213,614,rock
3634,272,190,599,rock
3643,264,200,604,rock
3607,263,200,596,rock
3628,264,211,598,rock
3638,255,184,586,rock
3615,258,218,608,rock
3637,249,185,593,rock
3631,238,222,632,rock
3660,247,216,609,rock
3627,258,163,589,rock
3650,252,200,600,rock
3624,264,213,608,rock
3637,295,185,595,rock
3627,277,209,599,rock
3657,262,201,598,rock
3629,279,210,607,rock
3629,279,181,593,rock
3737,274,210,617,rock
3650,284,211,616,rock
3603,262,208,604,rock
3635,285,189,601,rock
3628,262,205,601,rock
3629,239,222,605,rock
3624,278,182,602,rock
3631,272,203,599,rock
3636,258,184,580,rock
3637,259,221,604,rock
3634,272,205,613,rock
3616,282,198,602,rock
3626,271,174,587,rock
3662,273,198,605,rock
3618,244,233,607,rock
3630,256,195,584,rock
3641,254,199,600,rock
3633,252,199,610,rock
3653,276,195,608,rock
3636,277,199,598,rock
3633,269,207,604,rock
3629,286,196,597,rock
3632,227,184,582,rock
3633,273,189,582,rock
3626,279,194,589,rock
3637,273,192,589,rock
3626,273,203,595,rock
3630,271,190,595,rock
3658,280,170,572,rock
3618,271,206,594,rock
3613,276,192,582,rock
3600,265,200,604,rock
3643,261,181,586,rock
3658,253,182,588,rock
3617,256,186,586,rock
3616,284,176,580,rock
3615,259,186,582,rock
3630,225,201,591,rock
3631,262,182,582,rock
3630,256,166,572,rock
3633,262,186,585,rock
3628,266,184,583,rock
3624,239,187,575,rock
3630,251,189,592,rock
3629,246,180,592,rock
3640,263,192,579,rock
3631,258,173,581,rock
3647,245,192,586,rock
3632,250,196,588,rock
3626,240,199,605,rock
3641,244,201,602,rock
3610,235,208,602,rock
3624,235,203,607,rock
3632,236,226,616,rock
3630,235,207,608,rock
3610,250,211,614,rock
3627,249,210,606,rock
3635,331,212,618,rock
3630,256,208,603,rock
3688,251,212,604,rock
3627,250,210,605,rock
3636,246,213,613,rock
3629,259,211,603,rock
3577,256,213,619,rock
3638,244,215,612,rock
3625,239,201,602,rock
3622,243,224,618,rock
3653,240,189,606,rock
3633,245,207,616,rock
3624,238,222,616,rock
3621,280,218,606,rock
3624,272,215,621,rock
3632,274,221,616,rock
3616,271,229,632,rock
3616,282,203,613,rock
3649,254,210,610,rock
3583,278,236,630,rock
3629,257,214,620,rock
3625,269,208,609,rock
3629,276,214,621,rock
3629,269,226,621,rock
3637,248,213,619,rock
3659,260,215,625,rock
3628,270,242,629,rock
3631,269,209,616,rock
3637,272,213,615,rock
3629,259,203,604,rock
3627,281,210,602,rock
3626,269,207,612,rock
3598,276,207,615,rock
3610,274,65,573,rock
3625,288,250,623,rock
3645,270,75,571,rock
3631,270,219,614,rock
3629,277,213,621,rock
3661,272,179,591,rock
3624,247,211,598,rock
3630,270,223,631,rock
3588,278,233,621,rock
3631,252,243,640,rock
3614,285,235,632,rock
3631,258,232,623,rock
3626,267,236,631,rock
3629,262,231,638,rock
3630,269,228,633,rock
3635,270,218,619,rock
3627,256,227,630,rock
3629,261,229,630,rock
3625,244,236,631,rock
3641,245,222,626,rock
3629,271,226,625,rock
3634,285,210,610,rock
3623,251,221,616,rock
3632,266,203,611,rock
3655,264,226,613,rock
3634,249,228,632,rock
3604,257,239,640,rock
3630,266,253,654,rock
3628,259,230,633,rock
3618,257,220,632,rock
3637,267,218,623,rock
3644,269,211,619,rock
3623,251,228,632,rock
3625,287,189,613,rock
3620,259,226,628,rock
3626,258,222,631,rock
3627,244,223,632,rock
3639,223,231,639,rock
3630,241,224,624,rock
3611,241,237,641,rock
3627,236,256,601,rock
3633,227,233,624,rock
3596,261,237,656,rock
3683,293,224,637,rock
3658,321,215,628,rock
3629,292,233,626,rock
3631,299,222,633,rock
3620,285,218,615,rock
3636,253,225,613,rock
3623,349,225,637,rock
3759,353,240,648,rock
3625,346,230,651,rock
3622,350,241,631,rock
3620,340,239,651,rock
3636,342,232,628,rock
3633,340,236,643,rock
3619,336,229,636,rock
3631,341,233,626,rock
3631,352,236,647,rock
3643,352,213,633,rock
3607,356,237,643,rock
3633,349,200,613,rock
3633,348,226,611,rock
3631,366,137,585,rock
3652,357,217,620,rock
3635,357,203,622,rock
3639,371,198,621,rock
3611,332,215,637,rock
3635,335,219,628,rock
3663,329,233,632,rock
3625,332,229,634,rock
3627,336,235,640,rock
3636,329,232,636,rock
3602,331,232,637,rock
3628,327,246,652,rock
3625,328,236,643,rock
3635,192,241,650,rock
3631,318,256,608,rock
3604,315,240,648,rock
3644,315,243,645,rock
3652,315,238,642,rock
3645,332,257,592,rock
3645,329,250,649,rock
3600,347,254,658,rock
3647,366,231,646,rock
3617,317,230,640,rock
3639,308,228,626,rock
3611,343,219,634,rock
3633,328,205,623,rock
3629,325,209,617,rock
3614,306,201,614,rock
3632,318,227,629,rock
3629,312,237,645,rock
3607,363,222,635,rock
3648,322,230,630,rock
3636,311,216,609,rock
3609,300,217,619,rock
3616,324,201,613,rock
3629,333,204,611,rock
3661,311,186,608,rock
3624,316,245,637,rock
3645,311,211,623,rock
3643,313,205,617,rock
3627,297,188,602,rock
3628,304,211,610,rock
3626,302,211,605,rock
3662,304,211,609,rock
3619,297,110,605,rock
3622,302,204,612,rock
3629,305,203,598,rock
3635,413,193,600,rock
3632,304,186,593,rock
3627,301,218,617,rock
3629,310,189,601,rock
3627,295,220,612,rock
3631,294,187,593,rock
3629,292,200,607,rock
3613,290,208,615,rock
3640,285,221,617,rock
3628,288,214,612,rock
3628,286,214,614,rock
3624,261,202,613,rock
3627,294,209,604,rock
3630,290,188,597,rock
3611,272,205,604,rock
3627,267,244,628,rock
3647,280,201,604,rock
3645,285,174,598,rock
3599,282,154,562,rock
3647,277,220,615,rock
3626,286,202,609,rock
3629,293,185,587,rock
3632,297,203,604,rock
3629,302,197,600,rock
3611,292,198,604,rock
3630,311,217,609,rock
3626,320,220,616,rock
3630,305,299,607,rock
3629,327,193,594,rock
3598,310,204,598,rock
3630,308,206,609,rock
3622,330,207,620,rock
3628,341,203,598,rock
3627,354,207,618,rock
3633,348,188,600,rock
3746,363,192,608,rock
3624,309,212,605,rock
3494,328,208,593,rock
3601,326,206,612,rock
3639,323,246,638,rock
3633,334,211,616,rock
3791,331,215,619,rock
3633,332,214,630,rock
3627,334,200,608,rock
3631,333,216,635,rock
3632,325,231,646,rock
3647,323,240,634,rock
3631,325,241,625,rock
3616,315,240,636,rock
3633,339,237,643,rock
3617,306,251,651,rock
3620,312,242,629,rock
3629,307,252,664,rock
3610,306,253,633,rock
3624,320,244,622,rock
3620,303,267,597,rock
3639,281,268,597,rock
3668,263,269,610,rock
3630,304,293,617,rock
3660,308,279,619,rock
3644,291,343,652,rock
3625,305,274,605,rock
3611,310,273,600,rock
3629,317,275,623,rock
3628,311,268,611,rock
3642,278,264,586,rock
3631,288,261,596,rock
3632,304,264,587,rock
3616,300,432,636,rock
3632,300,253,641,rock
3643,284,256,589,rock
3630,297,244,624,rock
3498,304,253,668,rock
3574,304,282,625,rock
3545,314,252,656,rock
3628,292,251,662,rock
3627,319,235,644,rock
3632,318,247,654,rock
3626,288,250,658,rock
3627,290,265,613,rock
3630,312,227,632,rock
3628,338,243,651,rock
3665,328,224,632,rock
3627,329,207,641,rock
3633,325,256,612,rock
3636,338,228,637,rock
3657,332,237,648,rock
3630,314,205,630,rock
3629,312,233,638,rock
3621,288,234,638,rock
3626,296,230,644,rock
3628,311,243,636,rock
3639,308,245,656,rock
3614,301,268,619,rock
3631,289,247,655,rock
3634,365,247,651,rock
3629,312,246,644,rock
3629,332,229,643,rock
3628,333,253,659,rock
3617,358,233,640,rock
3627,353,239,648,rock
3615,354,241,640,rock
3620,326,258,608,rock
3629,325,238,651,rock
3613,329,235,630,rock
3621,337,240,638,rock
3646,365,261,625,rock
3629,347,241,643,rock
3629,350,235,629,rock
3632,373,222,640,rock
3637,354,239,653,rock
3631,359,268,625,rock
3625,343,249,655,rock
3638,319,237,646,rock
3608,348,195,611,rock
3626,336,239,653,rock
3614,337,266,612,rock
3648,337,236,643,rock
3637,344,232,623,rock
3625,324,226,636,rock
3624,330,228,636,rock
3640,348,208,619,rock
3518,330,228,629,rock